id,gender,articleType,season,usage
52003,Women,Flip Flops,Fall,Casual
52007,Women,Dresses,Summer,Casual
52017,Women,Dresses,Summer,Casual
52021,Women,Dresses,Summer,Casual
52023,Men,Tops,Summer,Casual
52026,Women,Jackets,Summer,Casual
52027,Men,Sweatshirts,Summer,Casual
52028,Men,Kurtas,Summer,Ethnic
52029,Women,Jackets,Summer,Casual
52030,Men,Tops,Summer,Casual
52031,Men,Shirts,Summer,Casual
52032,Women,Shirts,Summer,Casual
52034,Men,Shirts,Summer,Casual
52042,Men,Stoles,Summer,Casual
52043,Men,Jackets,Summer,Casual
52044,Men,Tops,Summer,Casual
52045,Men,Jackets,Summer,Casual
52049,Men,Shirts,Summer,Casual
52050,Men,Innerwear Vests,Summer,Casual
52051,Men,Tshirts,Summer,Casual
52052,Men,Tshirts,Spring,Casual
52053,Men,Innerwear Vests,Summer,Casual
52054,Men,Tops,Summer,Sports
52055,Men,Tshirts,Summer,Casual
52056,Men,Tshirts,Summer,Casual
52057,Men,Tshirts,Summer,Casual
52058,Men,Tshirts,Summer,Casual
52059,Men,Tshirts,Summer,Casual
52060,Men,Tshirts,Summer,Casual
52061,Men,Tshirts,Spring,Casual
52062,Men,Tshirts,Summer,Casual
52063,Men,Tshirts,Summer,Casual
52064,Men,Tshirts,Summer,Casual
52065,Men,Tshirts,Summer,Casual
52066,Men,Tshirts,Summer,Casual
52067,Men,Tshirts,Summer,Casual
52068,Men,Tshirts,Summer,Casual
52069,Men,Tshirts,Summer,Casual
52070,Men,Tshirts,Summer,Casual
52071,Men,Tshirts,Spring,Casual
52072,Men,Tshirts,Summer,Casual
52073,Men,Tshirts,Summer,Casual
52074,Men,Tshirts,Summer,Casual
52075,Men,Tshirts,Summer,Casual
52076,Men,Tshirts,Summer,Casual
52077,Men,Shirts,Summer,Casual
52078,Men,Tshirts,Summer,Casual
52079,Men,Perfume and Body Mist,Summer,Casual
52080,Men,Tshirts,Summer,Casual
52081,Men,Tshirts,Summer,Casual
52082,Men,Innerwear Vests,Summer,Casual
52083,Women,Tshirts,Summer,Casual
52084,Women,Tops,Summer,Casual
52085,Women,Tops,Summer,Casual
52086,Women,Tops,Summer,Casual
52087,Women,Tops,Summer,Casual
52088,Women,Tops,Summer,Casual
52089,Women,Tops,Summer,Casual
52090,Women,Tops,Summer,Casual
52091,Women,Tops,Summer,Casual
52092,Women,Tops,Summer,Casual
52093,Women,Tops,Summer,Casual
52094,Women,Tops,Summer,Casual
52095,Women,Tops,Summer,Casual
52096,Women,Tops,Summer,Casual
52097,Women,Tops,Summer,Casual
52098,Women,Tops,Summer,Casual
52099,Women,Tops,Summer,Casual
52100,Women,Kurtas,Summer,Ethnic
52101,Women,Kurtas,Summer,Ethnic
52102,Women,Kurtas,Summer,Ethnic
52103,Women,Tops,Summer,Casual
52104,Women,Kurtas,Summer,Ethnic
52105,Women,Kurtas,Summer,Ethnic
52106,Women,Kurtas,Summer,Ethnic
52107,Women,Kurtas,Summer,Ethnic
52108,Women,Kurtas,Summer,Ethnic
52109,Women,Dresses,Summer,Ethnic
52110,Women,Kurtas,Summer,Ethnic
52111,Women,Kurtas,Summer,Casual
52112,Women,Tops,Summer,Ethnic
52113,Women,Tops,Summer,Ethnic
52114,Women,Tops,Summer,Casual
52115,Women,Tops,Summer,Casual
52116,Women,Tops,Summer,Casual
52117,Women,Tops,Summer,Casual
52118,Women,Tops,Summer,Casual
52119,Women,Tops,Summer,Casual
52120,Boys,Tshirts,Summer,Casual
52121,Boys,Tshirts,Summer,Casual
52122,Boys,Tshirts,Summer,Casual
52123,Girls,Tops,Summer,Casual
52124,Girls,Dresses,Summer,Casual
52125,Girls,Dresses,Summer,Casual
52126,Girls,Tops,Summer,Casual
52127,Boys,Tshirts,Summer,Casual
52128,Girls,Dresses,Summer,Casual
52129,Boys,Earrings,Summer,Casual
52130,Girls,Dresses,Summer,Casual
52131,Girls,Dresses,Summer,Casual
52132,Boys,Tshirts,Fall,Casual
52133,Women,Skirts,Summer,Casual
52134,Women,Jeans,Summer,Sports
52135,Women,Tops,Fall,Casual
52136,Women,Tops,Summer,Casual
52137,Women,Tops,Summer,Casual
52138,Men,Tshirts,Summer,Casual
52139,Women,Tops,Summer,Casual
52140,Women,Tops,Summer,Casual
52141,Women,Tshirts,Summer,Casual
52142,Women,Tshirts,Summer,Casual
52143,Women,Tshirts,Summer,Casual
52144,Women,Tshirts,Summer,Casual
52145,Women,Tops,Summer,Casual
52146,Women,Tshirts,Summer,Casual
52147,Men,Tshirts,Summer,Casual
52148,Men,Tshirts,Summer,Casual
52149,Women,Tshirts,Summer,Casual
52150,Men,Tshirts,Summer,Casual
52151,Women,Tshirts,Summer,Casual
52153,Women,Tops,Summer,Casual
52154,Women,Tops,Summer,Ethnic
52155,Women,Tops,Summer,Casual
52156,Women,Tops,Summer,Casual
52157,Women,Ties,Summer,Casual
52158,Women,Nightdress,Summer,Ethnic
52159,Women,Tops,Summer,Casual
52160,Women,Tops,Summer,Casual
52161,Women,Dresses,Summer,Casual
52162,Women,Dresses,Summer,Casual
52163,Women,Tops,Summer,Casual
52164,Women,Tops,Summer,Casual
52165,Men,Watches,Fall,Casual
52166,Women,Socks,Fall,Casual
52168,Women,Ring,Spring,Casual
52169,Men,Watches,Fall,Casual
52172,Women,Sports Shoes,Fall,Casual
52173,Men,Tops,Spring,Casual
52176,Men,Watches,Fall,Casual
52177,Men,Kurtas,Fall,Casual
52178,Women,Sandals,Summer,Casual
52179,Women,Watches,Fall,Casual
52180,Women,Ties,Winter,Casual
52181,Women,Earrings,Winter,Casual
52182,Men,Watches,Fall,Casual
52183,Women,Earrings,Winter,Casual
52185,Men,Earrings,Fall,Casual
52186,Women,Earrings,Fall,Casual
52187,Unisex,Cufflinks,Winter,Casual
52190,Men,Casual Shoes,Winter,Casual
52191,Men,Socks,Winter,Casual
52193,Women,Earrings,Spring,Casual
52195,Women,Earrings,Fall,Casual
52198,Women,Pendant,Winter,Ethnic
52200,Women,Watches,Fall,Casual
52202,Women,Watches,Fall,Casual
52204,Women,Watches,Fall,Casual
52205,Women,Ties,Fall,Casual
52209,Men,Necklace and Chains,Fall,Casual
52210,Men,Ties,Summer,Casual
52211,Men,Watches,Fall,Casual
52214,Men,Watches,Fall,Casual
52220,Women,Necklace and Chains,Fall,Casual
52221,Women,Pendant,Fall,Casual
52222,Men,Handbags,Summer,Casual
52223,Women,Skirts,Winter,Casual
52224,Women,Necklace and Chains,Fall,Casual
52225,Women,Socks,Winter,Casual
52228,Men,Sports Shoes,Summer,Casual
52230,Men,Handbags,Summer,Casual
52235,Women,Jeans,Summer,Casual
52254,Men,Briefs,Summer,Casual
52255,Men,Trunk,Summer,Casual
52256,Men,Trunk,Summer,Casual
52257,Men,Trunk,Summer,Casual
52299,Men,Shorts,Summer,Casual
52303,Women,Ties,Winter,Casual
52304,Women,Ties,Winter,Casual
52305,Women,Necklace and Chains,Summer,Ethnic
52306,Women,Necklace and Chains,Summer,Casual
52307,Women,Necklace and Chains,Summer,Casual
52308,Women,Necklace and Chains,Summer,Ethnic
52309,Women,Necklace and Chains,Fall,Casual
52310,Women,Earrings,Winter,Casual
52311,Women,Necklace and Chains,Fall,Casual
52312,Women,Necklace and Chains,Fall,Casual
52313,Unisex,Belts,Summer,Casual
52314,Men,Handbags,Summer,Casual
52315,Men,Belts,Summer,Casual
52316,Women,Belts,Summer,Casual
52317,Women,Wallets,Summer,Casual
52318,Men,Belts,Winter,Casual
52320,Women,Belts,Winter,Casual
52322,Men,Belts,Summer,Casual
52323,Women,Belts,Summer,Casual
52324,Unisex,Belts,Winter,Casual
52325,Women,Belts,Summer,Casual
52326,Women,Belts,Summer,Casual
52327,Men,Belts,Winter,Casual
52328,Men,Handbags,Summer,Sports
52329,Women,Belts,Summer,Casual
52330,Women,Wallets,Winter,Casual
52331,Women,Wallets,Summer,Casual
52332,Women,Wallets,Winter,Casual
52333,Women,Wallets,Winter,Casual
52334,Women,Clutches,Winter,Casual
52335,Women,Clutches,Winter,Casual
52336,Women,Clutches,Winter,Casual
52337,Women,Wallets,Winter,Casual
52338,Women,Clutches,Winter,Casual
52339,Women,Wallets,Winter,Casual
52340,Women,Dresses,Fall,Casual
52341,Women,Dresses,Summer,Casual
52342,Women,Dresses,Summer,Casual
52343,Women,Dresses,Summer,Casual
52344,Women,Dresses,Summer,Casual
52345,Women,Dresses,Summer,Casual
52346,Women,Dresses,Summer,Casual
52347,Women,Dresses,Summer,Casual
52348,Women,Dresses,Summer,Casual
52349,Women,Dresses,Summer,Ethnic
52350,Women,Dresses,Summer,Casual
52351,Women,Nightdress,Summer,Casual
52352,Women,Dresses,Summer,Ethnic
52353,Women,Dresses,Summer,Casual
52354,Women,Dresses,Summer,Ethnic
52355,Women,Ties,Summer,Casual
52356,Women,Dresses,Summer,Casual
52357,Women,Dresses,Summer,Casual
52358,Women,Dresses,Summer,Casual
52359,Women,Dresses,Summer,Casual
52360,Women,Dresses,Summer,Casual
52361,Women,Dresses,Summer,Casual
52362,Women,Dresses,Summer,Ethnic
52363,Women,Dresses,Summer,Casual
52364,Women,Nightdress,Summer,Ethnic
52366,Women,Dresses,Summer,Ethnic
52367,Women,Dresses,Summer,Ethnic
52368,Women,Nightdress,Summer,Ethnic
52369,Women,Dresses,Summer,Casual
52370,Women,Dresses,Summer,Casual
52371,Women,Dresses,Summer,Casual
52372,Women,Dresses,Summer,Casual
52373,Women,Dresses,Summer,Casual
52374,Women,Dresses,Summer,Ethnic
52375,Women,Dresses,Summer,Casual
52376,Women,Dresses,Summer,Casual
52377,Women,Dresses,Summer,Casual
52378,Women,Dresses,Summer,Casual
52379,Women,Dresses,Summer,Casual
52380,Women,Dresses,Summer,Casual
52381,Women,Night suits,Summer,Ethnic
52382,Women,Kurtas,Summer,Ethnic
52383,Women,Kurtas,Summer,Ethnic
52384,Women,Dresses,Summer,Casual
52385,Women,Dresses,Summer,Casual
52386,Women,Dresses,Summer,Casual
52387,Women,Dresses,Summer,Ethnic
52390,Women,Nightdress,Summer,Casual
52391,Women,Dresses,Summer,Casual
52392,Women,Nightdress,Summer,Casual
52393,Women,Nightdress,Summer,Casual
52394,Women,Nightdress,Summer,Casual
52395,Women,Dresses,Summer,Casual
52396,Women,Dresses,Summer,Casual
52397,Women,Dresses,Summer,Casual
52398,Women,Dresses,Summer,Casual
52399,Women,Nightdress,Summer,Casual
52400,Women,Dresses,Summer,Casual
52401,Women,Dresses,Summer,Casual
52402,Women,Tops,Summer,Casual
52403,Women,Dresses,Summer,Casual
52404,Women,Dresses,Summer,Casual
52405,Women,Dresses,Summer,Ethnic
52406,Women,Dresses,Summer,Ethnic
52407,Women,Dresses,Summer,Casual
52408,Women,Dresses,Summer,Casual
52409,Women,Dresses,Summer,Ethnic
52410,Women,Dresses,Summer,Casual
52411,Women,Dresses,Summer,Ethnic
52412,Women,Dresses,Summer,Casual
52413,Women,Dresses,Summer,Casual
52414,Women,Dresses,Summer,Casual
52415,Women,Dresses,Summer,Casual
52416,Women,Dresses,Summer,Casual
52417,Women,Dresses,Summer,Casual
52418,Women,Dresses,Summer,Casual
52419,Women,Dresses,Summer,Casual
52420,Women,Dresses,Summer,Casual
52421,Women,Dresses,Summer,Casual
52422,Women,Dresses,Summer,Ethnic
52423,Women,Dresses,Summer,Casual
52424,Women,Dresses,Summer,Casual
52425,Women,Dresses,Fall,Ethnic
52426,Women,Dresses,Summer,Ethnic
52427,Women,Nightdress,Summer,Ethnic
52428,Women,Dresses,Summer,Ethnic
52429,Women,Dresses,Summer,Casual
52430,Women,Nightdress,Summer,Casual
52431,Women,Dresses,Summer,Casual
52432,Women,Dresses,Summer,Casual
52434,Women,Dresses,Summer,Casual
52435,Women,Dresses,Summer,Casual
52436,Women,Dresses,Summer,Casual
52437,Women,Dresses,Summer,Casual
52438,Women,Dresses,Summer,Casual
52439,Women,Dresses,Summer,Casual
52440,Women,Dresses,Summer,Casual
52441,Women,Dresses,Summer,Casual
52442,Women,Dresses,Summer,Casual
52443,Women,Nightdress,Summer,Casual
52444,Women,Dresses,Summer,Casual
52445,Women,Tops,Summer,Casual
52446,Women,Dresses,Summer,Casual
52447,Women,Nightdress,Summer,Casual
52448,Women,Dresses,Summer,Ethnic
52449,Women,Nightdress,Summer,Casual
52450,Women,Nightdress,Summer,Casual
52451,Women,Dresses,Summer,Ethnic
52452,Women,Dresses,Summer,Casual
52453,Women,Dresses,Summer,Casual
52454,Women,Dresses,Summer,Casual
52455,Women,Tops,Summer,Casual
52456,Women,Dresses,Summer,Casual
52457,Women,Nightdress,Summer,Casual
52458,Women,Dresses,Summer,Ethnic
52459,Women,Nightdress,Summer,Casual
52460,Women,Nightdress,Summer,Ethnic
52461,Women,Dresses,Summer,Casual
52462,Women,Dresses,Summer,Casual
52463,Women,Dresses,Summer,Casual
52464,Women,Dresses,Summer,Ethnic
52465,Women,Bra,Summer,Casual
52466,Women,Bra,Summer,Casual
52467,Women,Tops,Summer,Casual
52468,Women,Tops,Summer,Casual
52469,Women,Tops,Summer,Casual
52470,Women,Bra,Summer,Casual
52472,Women,Dresses,Fall,Ethnic
52473,Women,Dresses,Summer,Ethnic
52474,Women,Dresses,Fall,Ethnic
52475,Women,Dresses,Summer,Casual
52476,Women,Dresses,Fall,Ethnic
52477,Women,Dresses,Summer,Casual
52478,Women,Nightdress,Summer,Casual
52479,Women,Bra,Summer,Casual
52480,Women,Dresses,Summer,Casual
52481,Women,Nightdress,Summer,Casual
52482,Women,Nightdress,Summer,Casual
52483,Women,Bra,Summer,Casual
52484,Women,Bra,Summer,Casual
52485,Women,Bra,Summer,Casual
52486,Women,Bra,Summer,Sports
52487,Women,Bra,Summer,Casual
52488,Women,Bra,Summer,Casual
52489,Women,Bra,Summer,Casual
52490,Women,Bra,Summer,Casual
52491,Women,Tops,Summer,Casual
52492,Women,Tops,Summer,Casual
52493,Women,Tops,Summer,Casual
52494,Women,Skirts,Fall,Ethnic
52495,Women,Kurtas,Fall,Ethnic
52496,Women,Kurtas,Summer,Ethnic
52497,Women,Tshirts,Fall,Casual
52498,Women,Dresses,Summer,Casual
52499,Women,Dresses,Summer,Casual
52500,Women,Dresses,Summer,Casual
52501,Women,Dresses,Summer,Ethnic
52502,Women,Dresses,Summer,Casual
52503,Women,Dresses,Fall,Casual
52504,Women,Dresses,Summer,Casual
52505,Women,Dresses,Fall,Casual
52506,Women,Dresses,Fall,Casual
52507,Women,Dresses,Summer,Casual
52508,Women,Dresses,Summer,Casual
52509,Women,Nightdress,Summer,Ethnic
52510,Women,Dresses,Summer,Casual
52511,Women,Dresses,Summer,Casual
52512,Women,Dresses,Summer,Casual
52513,Women,Dresses,Summer,Casual
52514,Women,Bra,Summer,Casual
52515,Women,Bra,Summer,Casual
52516,Women,Bra,Summer,Casual
52517,Women,Nightdress,Summer,Casual
52518,Women,Nightdress,Summer,Ethnic
52519,Women,Nightdress,Summer,Casual
52520,Men,Shorts,Summer,Casual
52522,Women,Jeans,Summer,Casual
52523,Women,Jeans,Summer,Casual
52524,Women,Leggings,Summer,Casual
52525,Women,Trousers,Summer,Casual
52528,Women,Leggings,Summer,Casual
52529,Men,Jeans,Summer,Casual
52536,Women,Trousers,Summer,Casual
52539,Women,Trousers,Summer,Casual
52547,Women,Jeans,Summer,Casual
52548,Men,Jeans,Summer,Casual
52553,Women,Ties,Summer,Casual
52554,Women,Ties,Summer,Casual
52555,Women,Jeans,Summer,Casual
52556,Women,Jeans,Summer,Casual
52557,Women,Trousers,Summer,Casual
52558,Women,Wallets,Winter,Casual
52559,Women,Wallets,Winter,Casual
52560,Women,Clutches,Winter,Casual
52561,Women,Wallets,Summer,Casual
52563,Women,Wallets,Winter,Casual
52564,Women,Clutches,Summer,Casual
52565,Unisex,Clutches,Summer,Casual
52568,Women,Wallets,Summer,Casual
52569,Women,Handbags,Summer,Casual
52570,Women,Clutches,Summer,Casual
52574,Women,Clutches,Summer,Casual
52575,Women,Clutches,Summer,Casual
52576,Women,Clutches,Winter,Casual
52577,Women,Clutches,Winter,Casual
52579,Women,Clutches,Winter,Casual
52581,Women,Handbags,Spring,Casual
52582,Women,Casual Shoes,Winter,Casual
52585,Women,Clutches,Summer,Casual
52586,Women,Clutches,Winter,Casual
52588,Women,Clutches,Summer,Casual
52589,Women,Handbags,Summer,Casual
52593,Women,Handbags,Summer,Casual
52594,Women,Clutches,Winter,Casual
52599,Women,Wallets,Summer,Casual
52602,Women,Clutches,Winter,Casual
52603,Women,Clutches,Winter,Casual
52604,Women,Clutches,Winter,Casual
52609,Women,Handbags,Winter,Casual
52616,Women,Handbags,Winter,Casual
52618,Women,Handbags,Winter,Casual
52622,Women,Handbags,Summer,Casual
52623,Women,Handbags,Winter,Casual
52626,Women,Handbags,Winter,Casual
52632,Women,Handbags,Winter,Casual
52633,Women,Handbags,Winter,Casual
52634,Women,Handbags,Winter,Casual
52635,Women,Handbags,Summer,Casual
52636,Women,Handbags,Winter,Casual
52637,Women,Handbags,Winter,Casual
52638,Women,Handbags,Summer,Casual
52639,Unisex,Handbags,Winter,Casual
52641,Women,Handbags,Winter,Casual
52642,Women,Handbags,Winter,Casual
52643,Women,Handbags,Summer,Casual
52647,Women,Handbags,Winter,Casual
52648,Unisex,Handbags,Winter,Casual
52649,Women,Handbags,Winter,Casual
52650,Women,Handbags,Winter,Casual
52651,Women,Handbags,Winter,Casual
52652,Unisex,Handbags,Winter,Casual
52653,Women,Handbags,Winter,Casual
52654,Women,Handbags,Winter,Casual
52655,Women,Handbags,Winter,Casual
52656,Women,Handbags,Winter,Casual
52657,Women,Handbags,Summer,Casual
52658,Women,Handbags,Winter,Casual
52659,Women,Sandals,Summer,Casual
52660,Women,Handbags,Summer,Casual
52661,Women,Handbags,Winter,Casual
52665,Men,Watches,Winter,Casual
52670,Men,Watches,Winter,Casual
52671,Men,Watches,Winter,Casual
52673,Men,Watches,Winter,Casual
52675,Men,Watches,Winter,Casual
52676,Men,Watches,Winter,Casual
52677,Men,Watches,Winter,Casual
52678,Women,Watches,Winter,Casual
52679,Women,Ties,Winter,Casual
52680,Men,Watches,Winter,Casual
52681,Men,Watches,Winter,Casual
52682,Men,Watches,Winter,Casual
52683,Men,Watches,Winter,Casual
52684,Men,Watches,Winter,Casual
52686,Men,Watches,Winter,Casual
52687,Women,Scarves,Winter,Casual
52688,Men,Watches,Winter,Casual
52690,Women,Watches,Summer,Casual
52691,Men,Wallets,Winter,Casual
52692,Girls,Watches,Winter,Casual
52693,Men,Watches,Winter,Casual
52694,Women,Watches,Winter,Casual
52695,Women,Watches,Winter,Casual
52749,Women,Deodorant,Spring,Casual
52751,Women,Deodorant,Spring,Casual
52754,Women,Handbags,Winter,Casual
52756,Women,Handbags,Winter,Casual
52758,Women,Handbags,Winter,Casual
52759,Women,Handbags,Winter,Casual
52766,Women,Handbags,Winter,Casual
52767,Women,Handbags,Summer,Casual
52768,Women,Handbags,Winter,Casual
52772,Women,Wallets,Winter,Casual
52773,Women,Wallets,Winter,Casual
52774,Women,Wallets,Winter,Casual
52775,Women,Wallets,Winter,Casual
52776,Women,Wallets,Winter,Casual
52777,Women,Wallets,Winter,Casual
52778,Women,Wallets,Winter,Casual
52779,Women,Wallets,Summer,Casual
52780,Men,Wallets,Summer,Casual
52781,Men,Wallets,Summer,Casual
52782,Women,Wallets,Winter,Casual
52784,Women,Wallets,Winter,Casual
52785,Unisex,Wallets,Summer,Casual
52786,Women,Wallets,Winter,Casual
52789,Women,Wallets,Winter,Casual
52791,Men,Wallets,Summer,Casual
52792,Men,Wallets,Summer,Casual
52793,Men,Wallets,Summer,Casual
52794,Men,Wallets,Summer,Casual
52795,Men,Wallets,Summer,Casual
52796,Men,Wallets,Summer,Casual
52797,Men,Wallets,Summer,Casual
52798,Men,Wallets,Summer,Casual
52799,Men,Wallets,Summer,Casual
52800,Men,Wallets,Summer,Casual
52801,Men,Wallets,Summer,Casual
52802,Men,Wallets,Summer,Casual
52803,Men,Wallets,Spring,Casual
52804,Men,Wallets,Summer,Casual
52805,Men,Wallets,Summer,Casual
52806,Men,Wallets,Summer,Casual
52807,Men,Wallets,Summer,Casual
52808,Men,Wallets,Summer,Casual
52809,Men,Wallets,Summer,Casual
52810,Men,Wallets,Summer,Casual
52811,Men,Wallets,Summer,Casual
52812,Men,Wallets,Summer,Casual
52813,Men,Wallets,Summer,Casual
52814,Men,Wallets,Summer,Casual
52816,Men,Watches,Winter,Casual
52817,Women,Earrings,Winter,Casual
52818,Women,Earrings,Summer,Casual
52819,Women,Earrings,Winter,Ethnic
52820,Women,Earrings,Winter,Casual
52822,Women,Earrings,Summer,Casual
52823,Women,Earrings,Winter,Ethnic
52825,Women,Earrings,Winter,Ethnic
52827,Women,Earrings,Summer,Casual
52828,Women,Earrings,Winter,Ethnic
52831,Women,Earrings,Winter,Ethnic
52834,Women,Earrings,Winter,Ethnic
52835,Women,Earrings,Fall,Casual
52836,Women,Watches,Summer,Casual
52837,Women,Earrings,Winter,Casual
52839,Women,Earrings,Winter,Ethnic
52840,Women,Earrings,Winter,Casual
52841,Women,Earrings,Winter,Ethnic
52842,Men,Earrings,Winter,Casual
52846,Women,Earrings,Winter,Ethnic
52847,Women,Earrings,Winter,Casual
52848,Women,Ring,Winter,Casual
52850,Women,Earrings,Winter,Casual
52851,Women,Earrings,Winter,Casual
52852,Women,Earrings,Winter,Casual
52854,Women,Earrings,Summer,Casual
52855,Women,Earrings,Fall,Ethnic
52859,Women,Earrings,Winter,Casual
52860,Women,Earrings,Winter,Casual
52862,Women,Earrings,Winter,Ethnic
52863,Women,Earrings,Winter,Casual
52864,Women,Earrings,Winter,Casual
52868,Women,Earrings,Winter,Casual
52869,Men,Earrings,Summer,Casual
52871,Women,Deodorant,Spring,Casual
52874,Women,Sarees,Fall,Ethnic
52875,Women,Sarees,Summer,Ethnic
52876,Women,Sarees,Fall,Ethnic
52877,Women,Sarees,Summer,Ethnic
52878,Women,Sarees,Summer,Ethnic
52879,Women,Sarees,Summer,Ethnic
52880,Men,Dresses,Summer,Ethnic
52881,Women,Sarees,Summer,Ethnic
52882,Women,Sarees,Summer,Ethnic
52883,Women,Sarees,Summer,Ethnic
52884,Women,Sarees,Fall,Ethnic
52885,Women,Sarees,Fall,Ethnic
52886,Women,Dresses,Summer,Ethnic
52887,Women,Sarees,Summer,Ethnic
52888,Women,Sarees,Summer,Ethnic
52889,Women,Kurtas,Summer,Ethnic
52890,Women,Sarees,Summer,Ethnic
52891,Women,Sarees,Summer,Ethnic
52892,Women,Sarees,Summer,Ethnic
52893,Women,Sarees,Fall,Ethnic
52894,Women,Sarees,Summer,Ethnic
52895,Men,Sarees,Summer,Ethnic
52896,Women,Dresses,Summer,Ethnic
52897,Women,Sarees,Summer,Ethnic
52898,Women,Sarees,Summer,Ethnic
52899,Women,Sarees,Summer,Ethnic
52901,Men,Sarees,Summer,Ethnic
52902,Women,Sarees,Summer,Ethnic
52903,Men,Sarees,Fall,Ethnic
52904,Women,Sarees,Fall,Ethnic
52905,Women,Sarees,Summer,Ethnic
52906,Women,Sarees,Summer,Ethnic
52907,Women,Sarees,Summer,Ethnic
52908,Women,Sarees,Summer,Ethnic
52909,Men,Dresses,Summer,Ethnic
52910,Women,Sarees,Summer,Ethnic
52911,Men,Sarees,Summer,Ethnic
52912,Women,Sarees,Fall,Ethnic
52913,Women,Sarees,Fall,Ethnic
52914,Women,Sarees,Fall,Ethnic
52915,Women,Sarees,Fall,Ethnic
52916,Women,Sarees,Summer,Ethnic
52917,Women,Sarees,Fall,Ethnic
52918,Women,Sarees,Fall,Ethnic
52919,Women,Sarees,Summer,Ethnic
52920,Women,Sarees,Summer,Ethnic
52921,Women,Sarees,Fall,Ethnic
52922,Women,Sarees,Summer,Ethnic
52923,Women,Sarees,Summer,Ethnic
52924,Women,Kurtas,Summer,Casual
52925,Women,Sarees,Summer,Ethnic
52926,Women,Sarees,Summer,Ethnic
52927,Women,Sarees,Summer,Ethnic
52928,Women,Sarees,Summer,Ethnic
52929,Women,Sarees,Fall,Ethnic
52930,Women,Sarees,Summer,Ethnic
52931,Women,Sarees,Summer,Ethnic
52934,Men,Dresses,Summer,Casual
52935,Women,Sarees,Summer,Ethnic
52936,Women,Sarees,Summer,Ethnic
52937,Women,Sarees,Summer,Ethnic
52938,Women,Sarees,Summer,Casual
52940,Women,Sarees,Fall,Ethnic
52941,Women,Sarees,Summer,Ethnic
52942,Women,Sarees,Summer,Ethnic
52943,Women,Sarees,Summer,Ethnic
52944,Women,Sarees,Summer,Ethnic
52945,Women,Sarees,Summer,Ethnic
52946,Women,Sarees,Summer,Ethnic
52947,Women,Dresses,Summer,Ethnic
52948,Men,Sarees,Summer,Ethnic
52949,Women,Sarees,Summer,Ethnic
52950,Women,Sarees,Fall,Ethnic
52951,Women,Sarees,Summer,Ethnic
52952,Women,Sarees,Fall,Ethnic
52953,Men,Sarees,Fall,Ethnic
52954,Women,Sarees,Fall,Ethnic
52955,Men,Dresses,Summer,Ethnic
52956,Men,Sarees,Summer,Ethnic
52957,Women,Sarees,Fall,Ethnic
52958,Women,Sarees,Fall,Ethnic
52959,Men,Sarees,Fall,Ethnic
52960,Women,Sarees,Summer,Ethnic
52961,Men,Sarees,Fall,Casual
52962,Women,Sarees,Summer,Ethnic
52963,Women,Sarees,Summer,Ethnic
52964,Women,Sarees,Summer,Casual
52965,Women,Sarees,Summer,Ethnic
52966,Women,Sarees,Fall,Ethnic
52967,Men,Dresses,Summer,Ethnic
52968,Women,Sarees,Fall,Ethnic
52969,Women,Sarees,Summer,Ethnic
52970,Women,Sarees,Summer,Ethnic
52971,Women,Sarees,Summer,Ethnic
52972,Men,Sarees,Fall,Ethnic
52973,Women,Sarees,Fall,Ethnic
52975,Women,Sarees,Summer,Ethnic
52976,Men,Sarees,Summer,Ethnic
52978,Women,Sarees,Summer,Ethnic
52979,Women,Sarees,Summer,Ethnic
52980,Men,Sarees,Summer,Ethnic
52981,Women,Sarees,Summer,Ethnic
52982,Women,Sarees,Summer,Ethnic
52983,Women,Sarees,Summer,Ethnic
52986,Women,Sarees,Summer,Ethnic
52987,Women,Sarees,Fall,Ethnic
52988,Women,Sarees,Summer,Ethnic
52989,Men,Sarees,Fall,Ethnic
52990,Women,Sarees,Fall,Ethnic
52991,Men,Sarees,Fall,Ethnic
52992,Men,Sarees,Summer,Casual
52993,Women,Sarees,Summer,Ethnic
52996,Women,Sarees,Summer,Ethnic
52998,Women,Sarees,Summer,Ethnic
52999,Women,Dresses,Summer,Ethnic
53000,Women,Sarees,Summer,Ethnic
53001,Women,Dresses,Fall,Ethnic
53002,Women,Dresses,Fall,Ethnic
53003,Women,Nightdress,Summer,Ethnic
53004,Women,Dresses,Summer,Ethnic
53006,Women,Kurtas,Summer,Ethnic
53007,Women,Dresses,Summer,Casual
53008,Women,Sarees,Summer,Ethnic
53009,Women,Sarees,Summer,Ethnic
53010,Women,Kurtas,Summer,Ethnic
53011,Women,Sarees,Summer,Ethnic
53013,Women,Sarees,Summer,Ethnic
53014,Women,Sarees,Summer,Ethnic
53015,Women,Sarees,Summer,Ethnic
53016,Women,Sarees,Fall,Casual
53017,Women,Sarees,Summer,Ethnic
53019,Women,Sarees,Fall,Ethnic
53020,Women,Sarees,Summer,Ethnic
53021,Women,Sarees,Summer,Ethnic
53023,Women,Sarees,Summer,Ethnic
53024,Women,Sarees,Summer,Ethnic
53025,Women,Sarees,Summer,Ethnic
53026,Women,Sarees,Summer,Ethnic
53027,Women,Sarees,Summer,Ethnic
53029,Women,Sarees,Summer,Ethnic
53030,Women,Sarees,Summer,Ethnic
53031,Women,Sarees,Summer,Ethnic
53032,Women,Sarees,Summer,Ethnic
53033,Women,Sarees,Fall,Ethnic
53034,Women,Sarees,Summer,Ethnic
53035,Women,Sarees,Summer,Ethnic
53036,Men,Sarees,Summer,Ethnic
53037,Women,Sarees,Summer,Ethnic
53038,Women,Sarees,Summer,Ethnic
53039,Women,Sarees,Summer,Ethnic
53040,Women,Sarees,Summer,Ethnic
53041,Women,Sarees,Summer,Ethnic
53042,Women,Sarees,Summer,Ethnic
53043,Women,Dresses,Summer,Ethnic
53044,Women,Sarees,Summer,Ethnic
53045,Women,Sarees,Summer,Ethnic
53046,Women,Sarees,Summer,Ethnic
53047,Women,Sarees,Summer,Ethnic
53048,Women,Sarees,Summer,Ethnic
53049,Women,Sarees,Summer,Ethnic
53050,Women,Sarees,Summer,Ethnic
53051,Women,Sarees,Summer,Ethnic
53052,Women,Sarees,Summer,Ethnic
53053,Women,Sarees,Summer,Ethnic
53054,Women,Sarees,Summer,Ethnic
53055,Women,Sarees,Summer,Ethnic
53056,Women,Sarees,Summer,Ethnic
53057,Women,Sarees,Summer,Ethnic
53058,Women,Handbags,Winter,Casual
53059,Women,Handbags,Summer,Casual
53060,Women,Handbags,Winter,Casual
53061,Women,Handbags,Winter,Casual
53062,Women,Handbags,Winter,Casual
53063,Women,Handbags,Winter,Casual
53064,Women,Handbags,Winter,Casual
53065,Women,Handbags,Winter,Casual
53066,Women,Handbags,Winter,Casual
53067,Women,Handbags,Winter,Casual
53068,Women,Handbags,Winter,Casual
53069,Women,Handbags,Summer,Casual
53070,Women,Handbags,Winter,Casual
53071,Women,Clutches,Winter,Casual
53072,Women,Clutches,Winter,Casual
53073,Women,Clutches,Winter,Casual
53075,Women,Handbags,Winter,Casual
53076,Women,Handbags,Winter,Casual
53077,Women,Clutches,Summer,Casual
53078,Women,Wallets,Winter,Casual
53079,Women,Clutches,Winter,Casual
53080,Women,Clutches,Winter,Casual
53081,Women,Clutches,Winter,Casual
53082,Women,Clutches,Winter,Casual
53083,Women,Socks,Fall,Casual
53084,Women,Perfume and Body Mist,Spring,Casual
53085,Women,Sunglasses,Summer,Casual
53086,Women,Sunglasses,Summer,Casual
53087,Women,Sunglasses,Summer,Casual
53088,Women,Ties,Winter,Formal
53089,Women,Pendant,Winter,Casual
53090,Women,Perfume and Body Mist,Winter,Casual
53091,Women,Pendant,Summer,Casual
53092,Women,Pendant,Winter,Casual
53093,Women,Pendant,Winter,Casual
53094,Women,Earrings,Summer,Casual
53095,Women,Earrings,Winter,Ethnic
53096,Women,Earrings,Winter,Ethnic
53097,Women,Earrings,Winter,Casual
53098,Women,Earrings,Summer,Casual
53099,Women,Earrings,Winter,Ethnic
53100,Women,Earrings,Winter,Casual
53101,Women,Earrings,Winter,Ethnic
53102,Women,Earrings,Winter,Casual
53103,Women,Earrings,Winter,Ethnic
53104,Women,Earrings,Winter,Ethnic
53105,Women,Earrings,Winter,Ethnic
53106,Women,Earrings,Winter,Casual
53107,Women,Earrings,Winter,Ethnic
53108,Women,Earrings,Winter,Ethnic
53109,Women,Earrings,Winter,Ethnic
53110,Unisex,Earrings,Winter,Casual
53111,Men,Tshirts,Summer,Casual
53112,Men,Tshirts,Summer,Casual
53113,Men,Tshirts,Summer,Casual
53114,Women,Tshirts,Summer,Casual
53115,Men,Tshirts,Summer,Casual
53116,Men,Tshirts,Summer,Casual
53117,Women,Tops,Summer,Casual
53118,Women,Tops,Summer,Casual
53119,Women,Tops,Summer,Casual
53120,Women,Tops,Summer,Casual
53121,Women,Tops,Summer,Casual
53122,Women,Tops,Summer,Casual
53123,Women,Tops,Summer,Casual
53124,Women,Tops,Summer,Casual
53125,Women,Tops,Summer,Casual
53126,Women,Tops,Summer,Casual
53127,Women,Casual Shoes,Winter,Casual
53128,Women,Heels,Winter,Casual
53129,Women,Heels,Winter,Casual
53130,Women,Heels,Winter,Casual
53131,Women,Heels,Winter,Casual
53132,Women,Heels,Winter,Casual
53133,Women,Heels,Winter,Casual
53134,Women,Heels,Winter,Casual
53135,Women,Heels,Winter,Casual
53136,Women,Heels,Winter,Casual
53137,Women,Flats,Winter,Casual
53138,Women,Heels,Winter,Casual
53139,Women,Heels,Winter,Casual
53140,Women,Heels,Winter,Casual
53141,Women,Flip Flops,Winter,Casual
53142,Women,Flats,Winter,Casual
53143,Women,Heels,Winter,Casual
53144,Women,Heels,Winter,Casual
53145,Women,Heels,Winter,Casual
53146,Women,Flats,Winter,Casual
53147,Women,Heels,Winter,Casual
53148,Women,Heels,Winter,Casual
53149,Women,Heels,Winter,Casual
53150,Women,Heels,Winter,Casual
53152,Men,Shirts,Summer,Casual
53159,Men,Shirts,Summer,Casual
53211,Men,Shirts,Summer,Formal
53215,Men,Shirts,Summer,Casual
53226,Men,Tops,Summer,Casual
53228,Men,Trousers,Summer,Formal
53248,Men,Trousers,Summer,Casual
53252,Men,Jeans,Summer,Casual
53264,Men,Shirts,Summer,Casual
53269,Men,Shirts,Summer,Casual
53278,Men,Shirts,Summer,Casual
53282,Men,Tshirts,Summer,Casual
53286,Men,Jeans,Summer,Casual
53287,Men,Jeans,Summer,Casual
53296,Men,Jeans,Spring,Casual
53303,Men,Tshirts,Summer,Casual
53307,Men,Tops,Spring,Casual
53312,Men,Tshirts,Summer,Casual
53313,Men,Tshirts,Summer,Casual
53314,Men,Tshirts,Summer,Casual
53318,Men,Innerwear Vests,Summer,Casual
53319,Men,Tshirts,Spring,Casual
53328,Men,Briefs,Summer,Casual
53329,Men,Briefs,Summer,Casual
53332,Men,Briefs,Summer,Casual
53338,Men,Briefs,Summer,Casual
53345,Men,Briefs,Summer,Casual
53348,Men,Briefs,Summer,Casual
53357,Unisex,Flip Flops,Summer,Sports
53358,Men,Belts,Winter,Casual
53360,Women,Wallets,Summer,Casual
53361,Unisex,Backpacks,Summer,Casual
53362,Unisex,Backpacks,Spring,Casual
53363,Unisex,Handbags,Winter,Casual
53364,Unisex,Backpacks,Spring,Casual
53365,Unisex,Backpacks,Spring,Casual
53366,Unisex,Backpacks,Spring,Casual
53367,Unisex,Backpacks,Spring,Casual
53368,Unisex,Backpacks,Spring,Casual
53369,Women,Handbags,Winter,Casual
53370,Women,Handbags,Summer,Casual
53371,Unisex,Backpacks,Spring,Casual
53372,Unisex,Backpacks,Spring,Casual
53373,Unisex,Backpacks,Spring,Casual
53374,Women,Wallets,Summer,Casual
53376,Women,Clutches,Spring,Casual
53377,Unisex,Handbags,Winter,Casual
53378,Women,Heels,Winter,Casual
53379,Men,Sandals,Summer,Casual
53380,Men,Sandals,Summer,Casual
53381,Men,Sandals,Summer,Casual
53382,Women,Heels,Winter,Casual
53383,Women,Heels,Winter,Casual
53384,Unisex,Casual Shoes,Summer,Casual
53386,Men,Casual Shoes,Summer,Casual
53387,Men,Sandals,Winter,Casual
53388,Women,Kurtas,Summer,Ethnic
53389,Women,Kurtas,Summer,Ethnic
53390,Women,Kurtas,Summer,Ethnic
53391,Women,Kurtas,Summer,Ethnic
53392,Women,Tops,Summer,Casual
53393,Women,Kurtas,Summer,Ethnic
53394,Women,Kurtas,Summer,Ethnic
53395,Women,Kurtas,Summer,Ethnic
53396,Women,Kurtas,Summer,Ethnic
53397,Women,Kurtas,Summer,Ethnic
53398,Women,Kurtas,Summer,Ethnic
53399,Women,Kurtas,Summer,Ethnic
53401,Women,Kurtas,Summer,Ethnic
53402,Women,Tops,Summer,Casual
53403,Women,Kurtas,Summer,Ethnic
53404,Women,Kurtas,Summer,Ethnic
53405,Women,Kurtas,Summer,Ethnic
53406,Women,Kurtas,Summer,Ethnic
53408,Women,Kurtas,Summer,Ethnic
53409,Women,Kurtas,Summer,Ethnic
53410,Women,Kurtas,Summer,Ethnic
53411,Women,Kurtas,Summer,Ethnic
53412,Women,Shirts,Summer,Ethnic
53413,Men,Kurtas,Summer,Ethnic
53414,Women,Kurtas,Summer,Ethnic
53415,Women,Kurtas,Summer,Ethnic
53416,Women,Kurtas,Summer,Ethnic
53417,Women,Kurtas,Summer,Ethnic
53418,Women,Kurtas,Summer,Ethnic
53419,Women,Kurtas,Summer,Ethnic
53420,Women,Kurtas,Summer,Ethnic
53421,Women,Kurtas,Summer,Ethnic
53422,Women,Kurtas,Summer,Ethnic
53423,Women,Kurtas,Summer,Ethnic
53424,Women,Kurtas,Summer,Ethnic
53425,Women,Kurtas,Summer,Ethnic
53426,Women,Kurtas,Summer,Ethnic
53427,Women,Kurtas,Summer,Ethnic
53428,Women,Kurtas,Summer,Ethnic
53429,Women,Dresses,Summer,Ethnic
53430,Women,Kurtas,Summer,Ethnic
53431,Women,Kurtas,Summer,Ethnic
53432,Men,Tshirts,Spring,Casual
53433,Men,Tshirts,Summer,Casual
53434,Men,Tshirts,Summer,Casual
53435,Men,Sweatshirts,Spring,Casual
53436,Men,Sports Shoes,Fall,Sports
53437,Men,Sports Shoes,Fall,Sports
53438,Men,Casual Shoes,Fall,Sports
53439,Unisex,Flip Flops,Spring,Casual
53440,Men,Sports Shoes,Fall,Sports
53441,Men,Sports Shoes,Fall,Sports
53442,Women,Flip Flops,Winter,Casual
53444,Unisex,Flip Flops,Spring,Casual
53445,Women,Flats,Winter,Casual
53446,Men,Sandals,Spring,Casual
53447,Women,Flats,Summer,Casual
53448,Women,Flip Flops,Winter,Casual
53449,Women,Flip Flops,Spring,Casual
53450,Women,Flip Flops,Winter,Casual
53452,Women,Casual Shoes,Winter,Casual
53453,Women,Casual Shoes,Winter,Casual
53454,Women,Heels,Winter,Casual
53455,Women,Flip Flops,Winter,Casual
53456,Women,Flats,Winter,Casual
53457,Women,Heels,Winter,Casual
53458,Women,Heels,Winter,Casual
53459,Women,Heels,Winter,Casual
53460,Women,Heels,Winter,Casual
53461,Women,Bra,Summer,Casual
53462,Women,Nightdress,Summer,Casual
53463,Women,Bra,Summer,Casual
53464,Women,Bra,Summer,Casual
53465,Women,Bra,Summer,Casual
53466,Women,Bra,Summer,Casual
53467,Women,Bra,Summer,Casual
53468,Women,Bra,Summer,Casual
53469,Women,Briefs,Summer,Casual
53470,Women,Bra,Summer,Casual
53473,Women,Bra,Summer,Casual
53474,Women,Bra,Summer,Casual
53475,Women,Tops,Summer,Casual
53476,Women,Bra,Summer,Casual
53477,Women,Bra,Summer,Casual
53478,Women,Bra,Summer,Casual
53479,Women,Bra,Summer,Casual
53480,Women,Bra,Summer,Casual
53484,Women,Tops,Summer,Casual
53485,Women,Bra,Summer,Casual
53486,Women,Bra,Summer,Casual
53487,Women,Bra,Summer,Casual
53488,Women,Tops,Summer,Casual
53489,Women,Tops,Summer,Casual
53490,Women,Bra,Summer,Casual
53491,Women,Briefs,Summer,Casual
53492,Women,Bra,Summer,Casual
53493,Women,Bra,Summer,Casual
53498,Women,Ties,Summer,Casual
53506,Women,Bra,Summer,Casual
53507,Women,Bra,Summer,Casual
53508,Women,Bra,Summer,Casual
53520,Men,Bra,Summer,Casual
53525,Women,Bra,Summer,Casual
53526,Women,Briefs,Summer,Casual
53527,Women,Briefs,Summer,Casual
53528,Women,Briefs,Summer,Casual
53529,Women,Briefs,Summer,Casual
53530,Women,Briefs,Summer,Casual
53531,Women,Briefs,Summer,Casual
53532,Women,Briefs,Summer,Casual
53533,Women,Briefs,Summer,Casual
53534,Women,Briefs,Summer,Casual
53535,Women,Briefs,Summer,Casual
53536,Women,Briefs,Summer,Casual
53537,Men,Briefs,Summer,Casual
53538,Women,Briefs,Summer,Casual
53539,Women,Briefs,Summer,Casual
53540,Men,Briefs,Summer,Casual
53541,Men,Ties,Summer,Casual
53542,Women,Briefs,Summer,Casual
53543,Men,Briefs,Summer,Casual
53545,Women,Briefs,Summer,Casual
53546,Women,Briefs,Summer,Casual
53547,Women,Briefs,Summer,Casual
53548,Women,Briefs,Summer,Casual
53554,Men,Briefs,Summer,Casual
53555,Men,Briefs,Summer,Casual
53556,Men,Boxers,Summer,Casual
53557,Men,Boxers,Summer,Casual
53558,Men,Ties,Summer,Casual
53559,Men,Briefs,Summer,Casual
53560,Women,Watches,Winter,Casual
53561,Women,Watches,Winter,Casual
53562,Women,Watches,Winter,Casual
53563,Men,Watches,Winter,Casual
53564,Women,Watches,Winter,Casual
53565,Men,Watches,Winter,Casual
53566,Men,Watches,Winter,Casual
53567,Men,Watches,Winter,Casual
53568,Girls,Watches,Winter,Casual
53569,Women,Watches,Winter,Casual
53570,Women,Watches,Winter,Casual
53571,Women,Watches,Winter,Casual
53572,Women,Watches,Winter,Casual
53573,Women,Watches,Winter,Casual
53574,Women,Watches,Winter,Casual
53575,Girls,Watches,Winter,Casual
53576,Women,Watches,Winter,Casual
53577,Girls,Watches,Winter,Casual
53578,Girls,Watches,Winter,Casual
53579,Men,Watches,Winter,Casual
53580,Men,Watches,Winter,Casual
53581,Men,Watches,Winter,Casual
53582,Men,Watches,Winter,Casual
53583,Men,Watches,Winter,Casual
53584,Men,Watches,Winter,Casual
53585,Men,Watches,Winter,Casual
53586,Men,Watches,Winter,Casual
53587,Men,Watches,Winter,Casual
53588,Men,Watches,Winter,Casual
53589,Men,Watches,Winter,Casual
53590,Women,Watches,Winter,Casual
53591,Women,Watches,Winter,Casual
53592,Men,Watches,Winter,Casual
53593,Men,Watches,Winter,Casual
53594,Men,Watches,Winter,Casual
53595,Men,Watches,Winter,Casual
53596,Men,Watches,Winter,Casual
53597,Men,Watches,Winter,Casual
53598,Men,Watches,Winter,Casual
53599,Men,Watches,Winter,Casual
53600,Men,Watches,Winter,Casual
53601,Men,Watches,Winter,Casual
53602,Men,Watches,Winter,Casual
53603,Men,Watches,Winter,Casual
53604,Men,Watches,Winter,Casual
53605,Men,Watches,Winter,Casual
53606,Unisex,Watches,Winter,Casual
53608,Men,Watches,Winter,Casual
53609,Men,Watches,Winter,Casual
53611,Women,Watches,Winter,Casual
53612,Men,Watches,Winter,Casual
53613,Men,Watches,Winter,Casual
53614,Men,Watches,Winter,Casual
53615,Men,Watches,Winter,Casual
53616,Men,Watches,Winter,Casual
53617,Men,Watches,Winter,Casual
53618,Unisex,Watches,Winter,Casual
53619,Men,Watches,Winter,Casual
53620,Women,Watches,Winter,Casual
53621,Men,Watches,Winter,Casual
53622,Men,Watches,Winter,Casual
53623,Men,Watches,Winter,Casual
53624,Women,Watches,Winter,Casual
53625,Men,Watches,Winter,Casual
53626,Men,Watches,Winter,Casual
53627,Men,Watches,Winter,Casual
53628,Men,Watches,Winter,Casual
53629,Men,Watches,Winter,Casual
53630,Women,Tops,Summer,Casual
53631,Women,Bra,Summer,Casual
53632,Men,Sandals,Winter,Casual
53633,Men,Casual Shoes,Fall,Casual
53634,Men,Casual Shoes,Spring,Casual
53635,Unisex,Casual Shoes,Spring,Casual
53636,Men,Casual Shoes,Fall,Casual
53637,Men,Sports Shoes,Spring,Sports
53638,Men,Casual Shoes,Spring,Casual
53639,Men,Casual Shoes,Spring,Casual
53640,Men,Casual Shoes,Spring,Casual
53648,Women,Handbags,Summer,Casual
53649,Women,Handbags,Summer,Casual
53651,Women,Handbags,Winter,Casual
53652,Women,Handbags,Winter,Casual
53653,Women,Handbags,Winter,Casual
53654,Women,Handbags,Winter,Casual
53655,Women,Handbags,Winter,Casual
53656,Women,Handbags,Winter,Casual
53657,Women,Handbags,Summer,Casual
53659,Women,Handbags,Summer,Casual
53660,Women,Handbags,Winter,Casual
53661,Women,Handbags,Summer,Casual
53663,Women,Handbags,Winter,Casual
53665,Women,Handbags,Summer,Casual
53666,Women,Handbags,Winter,Casual
53667,Women,Handbags,Winter,Casual
53668,Women,Handbags,Summer,Casual
53669,Women,Handbags,Winter,Casual
53670,Women,Handbags,Summer,Casual
53671,Women,Handbags,Winter,Casual
53672,Women,Handbags,Winter,Casual
53673,Women,Handbags,Winter,Casual
53674,Women,Handbags,Winter,Casual
53675,Women,Handbags,Winter,Casual
53676,Women,Handbags,Winter,Casual
53677,Women,Handbags,Winter,Casual
53678,Women,Handbags,Winter,Casual
53679,Women,Handbags,Summer,Casual
53680,Women,Handbags,Winter,Casual
53681,Women,Handbags,Summer,Casual
53682,Women,Handbags,Summer,Casual
53683,Women,Handbags,Winter,Casual
53684,Women,Handbags,Winter,Casual
53685,Women,Handbags,Winter,Casual
53686,Women,Handbags,Winter,Casual
53687,Women,Handbags,Winter,Casual
53688,Women,Handbags,Summer,Casual
53689,Women,Handbags,Winter,Casual
53692,Women,Handbags,Winter,Casual
53695,Women,Handbags,Summer,Casual
53696,Women,Handbags,Winter,Casual
53698,Women,Handbags,Winter,Casual
53702,Women,Handbags,Winter,Casual
53706,Women,Handbags,Winter,Casual
53708,Women,Handbags,Winter,Casual
53710,Women,Handbags,Winter,Casual
53715,Women,Handbags,Winter,Casual
53719,Women,Handbags,Summer,Casual
53720,Women,Handbags,Winter,Casual
53723,Women,Flip Flops,Winter,Casual
53724,Women,Flip Flops,Winter,Casual
53725,Women,Heels,Winter,Casual
53726,Women,Flip Flops,Winter,Casual
53727,Women,Casual Shoes,Winter,Casual
53729,Women,Casual Shoes,Winter,Sports
53731,Men,Casual Shoes,Spring,Casual
53732,Men,Casual Shoes,Fall,Casual
53734,Men,Casual Shoes,Winter,Casual
53735,Men,Casual Shoes,Winter,Casual
53737,Men,Shorts,Summer,Casual
53738,Men,Watches,Summer,Casual
53740,Men,Track Pants,Summer,Casual
53741,Women,Jeans,Summer,Formal
53742,Women,Capris,Summer,Casual
53743,Women,Track Pants,Summer,Casual
53744,Men,Shorts,Summer,Casual
53745,Women,Skirts,Summer,Casual
53747,Men,Trousers,Summer,Casual
53748,Women,Trousers,Summer,Casual
53749,Men,Jeans,Summer,Casual
53750,Men,Track Pants,Summer,Casual
53751,Women,Lounge Pants,Summer,Casual
53752,Men,Shorts,Summer,Casual
53753,Women,Shorts,Summer,Casual
53754,Men,Jackets,Summer,Casual
53755,Men,Skirts,Summer,Ethnic
53756,Unisex,Backpacks,Spring,Casual
53757,Women,Casual Shoes,Fall,Sports
53759,Men,Tshirts,Summer,Casual
53760,Men,Tshirts,Summer,Casual
53761,Men,Tshirts,Summer,Casual
53762,Men,Tshirts,Summer,Casual
53763,Men,Tshirts,Spring,Casual
53764,Men,Tshirts,Summer,Casual
53765,Men,Tshirts,Summer,Casual
53766,Men,Tshirts,Summer,Casual
53767,Men,Tshirts,Summer,Casual
53768,Men,Tshirts,Summer,Casual
53770,Men,Tops,Summer,Casual
53771,Men,Tshirts,Summer,Casual
53772,Men,Tshirts,Summer,Casual
53773,Men,Tshirts,Summer,Casual
53774,Men,Tshirts,Summer,Casual
53775,Men,Tshirts,Summer,Casual
53776,Men,Shorts,Summer,Casual
53777,Men,Sports Shoes,Spring,Sports
53778,Women,Tops,Summer,Casual
53779,Women,Tshirts,Summer,Casual
53780,Men,Innerwear Vests,Summer,Casual
53781,Men,Tshirts,Summer,Casual
53782,Men,Tshirts,Summer,Casual
53783,Men,Shirts,Summer,Casual
53784,Men,Shirts,Summer,Casual
53785,Men,Shirts,Summer,Casual
53786,Men,Tshirts,Summer,Casual
53787,Men,Innerwear Vests,Summer,Casual
53788,Men,Tshirts,Summer,Casual
53791,Men,Tshirts,Summer,Casual
53793,Men,Tshirts,Summer,Casual
53794,Men,Tshirts,Summer,Casual
53795,Men,Tshirts,Summer,Casual
53796,Men,Tshirts,Summer,Casual
53797,Men,Tops,Summer,Casual
53798,Men,Tshirts,Spring,Casual
53799,Men,Tshirts,Summer,Casual
53800,Men,Tshirts,Summer,Casual
53801,Men,Innerwear Vests,Summer,Casual
53802,Men,Tshirts,Summer,Casual
53803,Men,Tshirts,Summer,Casual
53804,Men,Tshirts,Summer,Casual
53805,Women,Socks,Summer,Casual
53806,Unisex,Sandals,Summer,Casual
53807,Men,Skirts,Summer,Casual
53808,Women,Kurtas,Summer,Ethnic
53809,Women,Dresses,Summer,Casual
53810,Women,Dresses,Summer,Ethnic
53811,Women,Kurtas,Summer,Casual
53812,Women,Ties,Summer,Ethnic
53813,Women,Kurtas,Summer,Ethnic
53814,Women,Kurta Sets,Fall,Ethnic
53815,Women,Kurtas,Summer,Ethnic
53816,Women,Dresses,Summer,Ethnic
53817,Women,Kurta Sets,Summer,Casual
53818,Women,Kurtas,Summer,Ethnic
53819,Women,Kurtas,Summer,Ethnic
53820,Women,Kurtas,Summer,Ethnic
53822,Women,Tops,Summer,Casual
53823,Women,Kurtas,Summer,Ethnic
53824,Women,Tops,Summer,Casual
53825,Women,Earrings,Winter,Casual
53826,Women,Dresses,Summer,Ethnic
53829,Women,Kurtas,Summer,Ethnic
53830,Women,Kurtas,Summer,Ethnic
53832,Women,Dresses,Summer,Casual
53833,Women,Kurtas,Summer,Ethnic
53834,Women,Tunics,Summer,Ethnic
53835,Women,Kurtas,Summer,Ethnic
53836,Women,Kurtas,Summer,Ethnic
53837,Women,Kurtas,Summer,Ethnic
53838,Women,Dresses,Summer,Ethnic
53839,Women,Kurtas,Summer,Ethnic
53840,Women,Kurtas,Summer,Ethnic
53841,Women,Kurtas,Summer,Ethnic
53842,Women,Kurtas,Summer,Ethnic
53843,Women,Kurtas,Summer,Casual
53849,Women,Kurtas,Summer,Ethnic
53850,Women,Kurtas,Summer,Ethnic
53851,Women,Kurtas,Summer,Ethnic
53852,Women,Kurtas,Summer,Ethnic
53856,Women,Kurtas,Summer,Ethnic
53857,Women,Kurtas,Summer,Ethnic
53859,Women,Kurtas,Summer,Casual
53861,Women,Kurtas,Summer,Ethnic
53863,Women,Kurtas,Summer,Ethnic
53864,Women,Kurtas,Summer,Ethnic
53866,Women,Tops,Summer,Ethnic
53867,Women,Heels,Winter,Casual
53868,Women,Flats,Winter,Casual
53869,Women,Heels,Winter,Casual
53870,Women,Flats,Winter,Casual
53871,Men,Watches,Winter,Casual
53872,Women,Sports Shoes,Summer,Sports
53873,Women,Sports Shoes,Fall,Sports
53874,Men,Sports Shoes,Summer,Sports
53875,Men,Flip Flops,Winter,Casual
53876,Men,Flip Flops,Spring,Casual
53877,Men,Flip Flops,Winter,Casual
53878,Men,Flip Flops,Spring,Casual
53879,Unisex,Sandals,Spring,Casual
53880,Men,Flip Flops,Spring,Casual
53881,Men,Flip Flops,Winter,Casual
53882,Men,Flip Flops,Spring,Casual
53883,Men,Flip Flops,Spring,Casual
53884,Women,Handbags,Summer,Casual
53886,Women,Handbags,Winter,Casual
53887,Women,Handbags,Summer,Casual
53888,Women,Handbags,Summer,Casual
53889,Women,Handbags,Summer,Casual
53890,Women,Handbags,Summer,Casual
53891,Women,Handbags,Summer,Casual
53892,Women,Wallets,Winter,Casual
53893,Women,Handbags,Summer,Casual
53894,Women,Handbags,Summer,Casual
53895,Women,Handbags,Summer,Casual
53896,Women,Handbags,Summer,Casual
53897,Women,Handbags,Winter,Casual
53900,Women,Handbags,Winter,Casual
53902,Women,Handbags,Winter,Casual
53905,Women,Handbags,Winter,Casual
53907,Women,Handbags,Winter,Casual
53911,Women,Handbags,Winter,Casual
53914,Women,Handbags,Summer,Casual
53918,Women,Handbags,Winter,Casual
53921,Women,Handbags,Winter,Casual
53927,Women,Handbags,Winter,Casual
53928,Women,Handbags,Summer,Casual
53930,Women,Handbags,Winter,Casual
53931,Women,Handbags,Winter,Casual
53934,Women,Handbags,Winter,Casual
53935,Women,Handbags,Winter,Casual
53941,Women,Handbags,Winter,Casual
53942,Women,Handbags,Winter,Casual
53943,Unisex,Handbags,Winter,Casual
53944,Women,Handbags,Winter,Casual
53946,Women,Handbags,Winter,Casual
53961,Women,Handbags,Winter,Casual
53963,Women,Handbags,Winter,Casual
53964,Women,Handbags,Winter,Casual
53979,Women,Handbags,Winter,Casual
53981,Women,Handbags,Summer,Casual
53985,Women,Handbags,Winter,Casual
53990,Women,Handbags,Winter,Casual
53991,Women,Handbags,Winter,Casual
53994,Unisex,Socks,Winter,Casual
53997,Women,Handbags,Winter,Casual
53999,Women,Handbags,Winter,Casual
54000,Women,Handbags,Winter,Casual
54002,Women,Handbags,Winter,Casual
54003,Women,Handbags,Winter,Casual
54007,Women,Handbags,Winter,Casual
54008,Women,Handbags,Winter,Casual
54009,Women,Handbags,Winter,Casual
54014,Women,Handbags,Summer,Casual
54016,Women,Wallets,Summer,Casual
54017,Women,Clutches,Summer,Casual
54018,Women,Handbags,Summer,Casual
54019,Women,Handbags,Summer,Casual
54020,Women,Clutches,Summer,Casual
54031,Women,Clutches,Summer,Casual
54032,Women,Clutches,Summer,Casual
54033,Unisex,Handbags,Summer,Casual
54035,Women,Handbags,Summer,Casual
54036,Women,Handbags,Winter,Casual
54040,Women,Handbags,Winter,Casual
54041,Unisex,Handbags,Winter,Casual
54049,Women,Leggings,Summer,Casual
54050,Women,Jeans,Summer,Casual
54051,Women,Trousers,Summer,Casual
54052,Women,Leggings,Summer,Formal
54053,Women,Leggings,Summer,Casual
54054,Women,Leggings,Summer,Casual
54055,Women,Earrings,Summer,Ethnic
54056,Women,Leggings,Summer,Casual
54057,Women,Leggings,Summer,Casual
54058,Women,Trousers,Summer,Casual
54059,Women,Trousers,Summer,Casual
54060,Women,Trousers,Summer,Casual
54061,Women,Deodorant,Spring,Casual
54062,Men,Deodorant,Spring,Casual
54063,Women,Deodorant,Spring,Casual
54064,Women,Deodorant,Spring,Casual
54065,Unisex,Casual Shoes,Summer,Casual
54066,Men,Casual Shoes,Spring,Casual
54068,Men,Casual Shoes,Fall,Sports
54069,Men,Flip Flops,Winter,Casual
54070,Men,Sports Shoes,Spring,Sports
54071,Men,Sports Shoes,Fall,Sports
54072,Men,Sports Shoes,Fall,Sports
54073,Men,Sports Shoes,Fall,Sports
54076,Men,Casual Shoes,Summer,Casual
54077,Women,Flip Flops,Winter,Casual
54078,Men,Sports Shoes,Spring,Sports
54079,Women,Dresses,Summer,Ethnic
54080,Women,Kurtas,Summer,Ethnic
54081,Women,Kurtas,Summer,Ethnic
54082,Men,Shirts,Summer,Casual
54083,Men,Tshirts,Summer,Casual
54084,Women,Tops,Summer,Casual
54086,Women,Tops,Summer,Ethnic
54087,Women,Tops,Summer,Casual
54088,Women,Tops,Summer,Casual
54089,Men,Tops,Summer,Casual
54090,Men,Tops,Summer,Casual
54095,Men,Caps,Summer,Casual
54103,Women,Heels,Winter,Casual
54104,Women,Heels,Winter,Casual
54105,Women,Heels,Winter,Casual
54106,Women,Heels,Winter,Casual
54107,Women,Heels,Winter,Casual
54108,Women,Heels,Winter,Casual
54109,Women,Heels,Winter,Casual
54110,Women,Heels,Winter,Casual
54111,Women,Heels,Winter,Casual
54112,Women,Heels,Winter,Casual
54113,Women,Heels,Winter,Casual
54114,Women,Heels,Winter,Casual
54115,Women,Heels,Winter,Casual
54116,Women,Heels,Winter,Casual
54117,Women,Heels,Winter,Casual
54118,Women,Heels,Winter,Casual
54119,Women,Heels,Winter,Casual
54120,Women,Heels,Winter,Casual
54121,Women,Flip Flops,Winter,Casual
54122,Women,Flats,Winter,Casual
54123,Women,Heels,Winter,Casual
54124,Women,Flats,Winter,Casual
54125,Women,Flats,Winter,Casual
54126,Women,Heels,Winter,Casual
54127,Women,Heels,Winter,Casual
54128,Women,Heels,Winter,Casual
54129,Women,Flats,Winter,Casual
54130,Women,Heels,Winter,Casual
54131,Women,Flats,Winter,Casual
54132,Women,Heels,Winter,Casual
54133,Women,Heels,Winter,Casual
54134,Women,Heels,Winter,Casual
54135,Women,Heels,Winter,Casual
54136,Women,Flip Flops,Winter,Casual
54137,Women,Heels,Winter,Casual
54138,Women,Heels,Winter,Casual
54139,Women,Heels,Winter,Casual
54140,Women,Heels,Winter,Casual
54141,Women,Heels,Winter,Casual
54142,Women,Heels,Winter,Casual
54143,Women,Heels,Winter,Casual
54144,Women,Heels,Winter,Casual
54145,Women,Flats,Winter,Casual
54146,Women,Tops,Summer,Casual
54147,Women,Necklace and Chains,Summer,Casual
54148,Women,Necklace and Chains,Winter,Casual
54149,Women,Pendant,Winter,Casual
54150,Women,Necklace and Chains,Winter,Casual
54151,Women,Necklace and Chains,Winter,Casual
54152,Women,Necklace and Chains,Winter,Ethnic
54153,Women,Necklace and Chains,Winter,Casual
54154,Women,Pendant,Summer,Casual
54155,Women,Necklace and Chains,Winter,Casual
54156,Women,Necklace and Chains,Winter,Casual
54157,Women,Necklace and Chains,Summer,Casual
54158,Women,Necklace and Chains,Summer,Casual
54159,Women,Necklace and Chains,Winter,Casual
54160,Women,Pendant,Winter,Casual
54161,Women,Pendant,Summer,Casual
54162,Women,Necklace and Chains,Winter,Casual
54163,Women,Pendant,Summer,Formal
54164,Women,Socks,Winter,Casual
54165,Women,Necklace and Chains,Winter,Casual
54166,Women,Necklace and Chains,Winter,Casual
54167,Women,Necklace and Chains,Summer,Casual
54168,Women,Pendant,Winter,Casual
54169,Women,Pendant,Summer,Casual
54170,Women,Necklace and Chains,Summer,Casual
54171,Women,Pendant,Winter,Casual
54172,Women,Necklace and Chains,Winter,Casual
54173,Women,Pendant,Winter,Casual
54174,Women,Necklace and Chains,Winter,Casual
54175,Women,Pendant,Winter,Casual
54176,Women,Pendant,Winter,Casual
54177,Women,Handbags,Summer,Casual
54178,Women,Handbags,Winter,Casual
54182,Women,Handbags,Winter,Casual
54183,Women,Handbags,Summer,Casual
54185,Unisex,Backpacks,Winter,Casual
54186,Men,Briefs,Summer,Casual
54187,Men,Briefs,Summer,Casual
54188,Men,Briefs,Winter,Casual
54189,Men,Briefs,Summer,Casual
54192,Men,Trousers,Fall,Casual
54194,Men,Trousers,Summer,Casual
54200,Men,Shorts,Fall,Sports
54202,Men,Shirts,Summer,Casual
54225,Men,Trousers,Fall,Formal
54226,Men,Socks,Summer,Casual
54228,Women,Flip Flops,Winter,Casual
54229,Women,Handbags,Winter,Casual
54252,Men,Shirts,Summer,Formal
54280,Men,Shirts,Summer,Casual
54302,Women,Bra,Summer,Casual
54303,Women,Briefs,Summer,Casual
54304,Men,Briefs,Summer,Casual
54305,Women,Bra,Summer,Casual
54306,Women,Briefs,Summer,Casual
54307,Women,Briefs,Summer,Casual
54311,Women,Briefs,Summer,Casual
54318,Women,Bra,Summer,Casual
54319,Women,Briefs,Summer,Casual
54320,Men,Briefs,Summer,Casual
54325,Women,Bra,Summer,Casual
54326,Men,Briefs,Summer,Casual
54327,Women,Bra,Summer,Casual
54328,Women,Briefs,Summer,Casual
54329,Women,Briefs,Summer,Casual
54330,Women,Briefs,Summer,Casual
54332,Women,Briefs,Summer,Casual
54334,Women,Leggings,Summer,Casual
54338,Women,Tops,Summer,Casual
54339,Men,Socks,Summer,Casual
54340,Men,Socks,Summer,Casual
54341,Men,Socks,Summer,Casual
54342,Women,Leggings,Summer,Casual
54343,Men,Casual Shoes,Summer,Casual
54344,Men,Casual Shoes,Summer,Casual
54345,Men,Socks,Summer,Sports
54346,Men,Socks,Summer,Casual
54375,Women,Earrings,Winter,Ethnic
54380,Women,Handbags,Summer,Casual
54381,Women,Wallets,Winter,Casual
54382,Women,Handbags,Winter,Casual
54383,Women,Wallets,Winter,Casual
54384,Women,Handbags,Winter,Casual
54385,Women,Clutches,Summer,Casual
54386,Women,Handbags,Winter,Casual
54387,Women,Handbags,Winter,Casual
54388,Women,Handbags,Winter,Casual
54389,Women,Wallets,Summer,Casual
54390,Women,Wallets,Winter,Casual
54391,Unisex,Handbags,Winter,Casual
54392,Women,Handbags,Winter,Casual
54393,Women,Handbags,Winter,Casual
54394,Women,Handbags,Summer,Casual
54395,Women,Wallets,Winter,Casual
54396,Women,Wallets,Winter,Casual
54397,Women,Handbags,Winter,Casual
54398,Women,Handbags,Winter,Casual
54399,Women,Wallets,Winter,Casual
54400,Women,Wallets,Winter,Casual
54401,Women,Wallets,Winter,Casual
54402,Women,Wallets,Summer,Casual
54403,Women,Wallets,Winter,Casual
54404,Women,Wallets,Winter,Casual
54405,Women,Wallets,Winter,Casual
54406,Women,Handbags,Winter,Casual
54407,Women,Handbags,Summer,Casual
54408,Women,Handbags,Winter,Casual
54409,Unisex,Handbags,Winter,Casual
54410,Women,Wallets,Summer,Casual
54411,Women,Wallets,Winter,Casual
54412,Women,Wallets,Winter,Casual
54475,Women,Handbags,Winter,Casual
54476,Women,Sunglasses,Summer,Casual
54477,Men,Briefs,Summer,Casual
54478,Men,Briefs,Summer,Casual
54479,Men,Briefs,Summer,Casual
54480,Men,Briefs,Summer,Casual
54481,Men,Briefs,Summer,Casual
54482,Men,Briefs,Summer,Casual
54483,Men,Briefs,Summer,Casual
54484,Men,Briefs,Summer,Casual
54485,Men,Briefs,Summer,Casual
54486,Men,Briefs,Summer,Casual
54487,Unisex,Handbags,Summer,Casual
54488,Unisex,Handbags,Summer,Casual
54489,Unisex,Sandals,Summer,Casual
54490,Unisex,Handbags,Summer,Casual
54491,Women,Handbags,Winter,Casual
54492,Women,Handbags,Winter,Casual
54493,Women,Handbags,Winter,Casual
54494,Women,Handbags,Winter,Casual
54495,Unisex,Handbags,Winter,Casual
54496,Women,Handbags,Winter,Casual
54497,Unisex,Handbags,Winter,Casual
54498,Women,Handbags,Winter,Casual
54499,Women,Handbags,Winter,Casual
54500,Women,Handbags,Winter,Casual
54501,Women,Handbags,Winter,Casual
54502,Unisex,Handbags,Winter,Casual
54503,Unisex,Backpacks,Fall,Casual
54504,Women,Handbags,Winter,Casual
54505,Women,Handbags,Winter,Casual
54506,Women,Handbags,Winter,Casual
54507,Women,Handbags,Winter,Casual
54508,Women,Handbags,Summer,Casual
54509,Women,Handbags,Summer,Casual
54510,Women,Handbags,Winter,Casual
54511,Women,Handbags,Winter,Casual
54512,Women,Handbags,Winter,Casual
54513,Men,Casual Shoes,Winter,Casual
54514,Men,Casual Shoes,Fall,Casual
54515,Men,Casual Shoes,Fall,Casual
54516,Men,Sports Shoes,Summer,Sports
54517,Men,Casual Shoes,Spring,Casual
54518,Men,Sports Shoes,Summer,Sports
54519,Men,Casual Shoes,Summer,Casual
54520,Men,Casual Shoes,Summer,Casual
54521,Men,Casual Shoes,Fall,Casual
54522,Men,Casual Shoes,Fall,Casual
54523,Men,Casual Shoes,Fall,Casual
54524,Men,Sports Shoes,Fall,Sports
54525,Men,Casual Shoes,Fall,Sports
54526,Men,Casual Shoes,Summer,Casual
54527,Men,Casual Shoes,Fall,Casual
54528,Men,Casual Shoes,Fall,Casual
54529,Men,Casual Shoes,Fall,Sports
54530,Men,Sports Shoes,Summer,Sports
54533,Men,Casual Shoes,Spring,Sports
54534,Men,Sports Shoes,Spring,Sports
54535,Men,Sports Shoes,Summer,Casual
54536,Men,Casual Shoes,Winter,Casual
54537,Men,Casual Shoes,Summer,Casual
54538,Men,Casual Shoes,Fall,Sports
54539,Men,Casual Shoes,Fall,Sports
54540,Men,Casual Shoes,Fall,Casual
54541,Men,Casual Shoes,Fall,Casual
54542,Men,Casual Shoes,Winter,Casual
54543,Men,Sports Shoes,Spring,Sports
54544,Men,Casual Shoes,Fall,Sports
54545,Women,Handbags,Winter,Casual
54546,Unisex,Handbags,Summer,Casual
54547,Women,Kurtas,Summer,Ethnic
54548,Men,Kurtas,Summer,Ethnic
54549,Women,Tops,Summer,Casual
54550,Men,Kurtas,Summer,Ethnic
54551,Women,Kurtas,Summer,Ethnic
54553,Women,Kurtas,Summer,Ethnic
54554,Women,Tops,Summer,Casual
54555,Women,Kurtas,Summer,Ethnic
54556,Women,Kurtas,Summer,Ethnic
54557,Women,Tops,Summer,Ethnic
54558,Women,Kurtas,Summer,Ethnic
54559,Men,Kurtas,Summer,Ethnic
54561,Women,Kurtas,Summer,Ethnic
54562,Women,Kurtas,Summer,Ethnic
54563,Women,Kurtas,Summer,Ethnic
54564,Women,Kurtas,Summer,Ethnic
54565,Women,Kurtas,Summer,Ethnic
54566,Women,Kurtas,Summer,Ethnic
54567,Women,Kurtas,Summer,Ethnic
54568,Women,Kurtas,Summer,Ethnic
54569,Women,Kurtas,Summer,Ethnic
54570,Women,Dresses,Summer,Ethnic
54571,Women,Kurtas,Summer,Ethnic
54572,Women,Kurtas,Summer,Ethnic
54573,Women,Tops,Summer,Casual
54574,Women,Tops,Summer,Ethnic
54575,Women,Tops,Summer,Ethnic
54576,Women,Kurtas,Summer,Ethnic
54577,Women,Tops,Summer,Ethnic
54578,Women,Kurtas,Summer,Ethnic
54579,Women,Kurtas,Summer,Ethnic
54580,Women,Tops,Summer,Ethnic
54581,Women,Kurtas,Summer,Ethnic
54582,Women,Kurtas,Summer,Ethnic
54584,Women,Kurtas,Summer,Ethnic
54585,Women,Kurtas,Summer,Ethnic
54586,Women,Kurtas,Summer,Ethnic
54587,Women,Kurtas,Summer,Ethnic
54588,Women,Kurtas,Summer,Ethnic
54589,Women,Tops,Summer,Ethnic
54590,Women,Kurtas,Summer,Ethnic
54595,Women,Kurtas,Summer,Ethnic
54596,Women,Kurtas,Summer,Ethnic
54597,Women,Kurtas,Summer,Ethnic
54598,Women,Kurtas,Summer,Ethnic
54599,Women,Dresses,Summer,Ethnic
54600,Men,Briefs,Summer,Casual
54601,Men,Briefs,Summer,Casual
54602,Men,Briefs,Summer,Casual
54603,Men,Briefs,Summer,Casual
54604,Men,Briefs,Summer,Casual
54605,Men,Briefs,Summer,Casual
54606,Men,Briefs,Summer,Casual
54607,Men,Briefs,Summer,Casual
54608,Men,Briefs,Summer,Casual
54609,Men,Briefs,Summer,Casual
54610,Men,Briefs,Summer,Casual
54611,Men,Briefs,Summer,Casual
54612,Men,Earrings,Summer,Casual
54613,Men,Briefs,Summer,Casual
54614,Men,Briefs,Summer,Casual
54615,Men,Briefs,Summer,Casual
54616,Men,Briefs,Summer,Casual
54617,Men,Briefs,Summer,Casual
54618,Men,Briefs,Summer,Casual
54619,Men,Watches,Winter,Casual
54620,Men,Watches,Winter,Casual
54621,Women,Watches,Winter,Casual
54622,Men,Watches,Winter,Casual
54623,Men,Wallets,Winter,Casual
54625,Men,Watches,Winter,Casual
54626,Men,Watches,Winter,Casual
54627,Men,Watches,Winter,Casual
54628,Men,Watches,Winter,Casual
54629,Men,Watches,Winter,Casual
54630,Men,Watches,Winter,Casual
54631,Men,Watches,Winter,Casual
54632,Men,Watches,Winter,Casual
54633,Men,Watches,Winter,Casual
54634,Men,Watches,Winter,Casual
54635,Men,Watches,Winter,Casual
54636,Men,Watches,Winter,Casual
54637,Men,Watches,Winter,Casual
54638,Women,Watches,Winter,Casual
54639,Men,Watches,Winter,Casual
54640,Men,Watches,Winter,Casual
54641,Men,Watches,Winter,Casual
54642,Men,Watches,Winter,Casual
54643,Men,Watches,Winter,Casual
54644,Men,Watches,Winter,Casual
54645,Women,Watches,Winter,Casual
54646,Men,Watches,Winter,Casual
54647,Men,Watches,Winter,Casual
54648,Women,Watches,Winter,Casual
54649,Women,Watches,Winter,Casual
54650,Men,Watches,Winter,Casual
54651,Women,Watches,Winter,Casual
54652,Men,Watches,Winter,Casual
54653,Women,Watches,Winter,Casual
54654,Women,Watches,Winter,Casual
54655,Men,Watches,Winter,Casual
54656,Women,Watches,Winter,Casual
54657,Women,Watches,Winter,Casual
54658,Men,Watches,Winter,Casual
54659,Women,Watches,Winter,Casual
54660,Men,Watches,Winter,Casual
54661,Women,Watches,Winter,Casual
54662,Men,Watches,Winter,Casual
54663,Men,Watches,Winter,Casual
54664,Men,Watches,Winter,Casual
54665,Men,Watches,Winter,Casual
54666,Men,Watches,Winter,Casual
54667,Men,Watches,Winter,Casual
54668,Men,Watches,Winter,Casual
54669,Women,Watches,Winter,Casual
54670,Men,Watches,Winter,Casual
54671,Men,Watches,Winter,Casual
54672,Men,Watches,Winter,Casual
54674,Men,Watches,Winter,Casual
54675,Women,Watches,Winter,Casual
54676,Women,Wallets,Winter,Casual
54677,Men,Watches,Winter,Casual
54678,Women,Watches,Winter,Casual
54679,Men,Watches,Winter,Casual
54680,Women,Kurtas,Summer,Ethnic
54681,Women,Tops,Summer,Ethnic
54682,Women,Kurtas,Summer,Ethnic
54683,Women,Stoles,Summer,Casual
54684,Women,Kurtas,Summer,Ethnic
54685,Women,Kurtas,Summer,Ethnic
54686,Women,Dresses,Summer,Casual
54687,Women,Kurtas,Summer,Ethnic
54688,Women,Kurta Sets,Summer,Ethnic
54689,Women,Kurta Sets,Summer,Ethnic
54690,Women,Kurtas,Summer,Casual
54691,Women,Kurtas,Summer,Ethnic
54692,Women,Dresses,Summer,Ethnic
54693,Women,Kurtas,Summer,Ethnic
54694,Women,Dresses,Summer,Ethnic
54695,Women,Tunics,Summer,Ethnic
54696,Women,Dresses,Summer,Ethnic
54697,Women,Dresses,Summer,Casual
54698,Women,Tops,Summer,Casual
54699,Women,Tunics,Summer,Ethnic
54700,Women,Kurtas,Summer,Casual
54702,Women,Tops,Summer,Casual
54703,Women,Ties,Summer,Casual
54704,Women,Nightdress,Summer,Ethnic
54705,Women,Dupatta,Summer,Casual
54706,Women,Kurtas,Summer,Ethnic
54708,Women,Kurtas,Summer,Ethnic
54710,Women,Kurtas,Summer,Ethnic
54711,Women,Kurtas,Summer,Ethnic
54712,Men,Kurta Sets,Summer,Casual
54713,Women,Nightdress,Summer,Ethnic
54714,Women,Sarees,Winter,Ethnic
54715,Women,Nightdress,Summer,Casual
54716,Women,Dresses,Summer,Ethnic
54717,Women,Dresses,Summer,Casual
54718,Women,Kurtas,Summer,Ethnic
54719,Women,Kurtas,Summer,Ethnic
54720,Women,Dresses,Summer,Casual
54721,Women,Kurtas,Summer,Casual
54722,Women,Kurtas,Summer,Ethnic
54723,Women,Kurta Sets,Summer,Casual
54724,Women,Kurta Sets,Summer,Ethnic
54725,Women,Kurtas,Summer,Ethnic
54726,Women,Kurtas,Summer,Ethnic
54727,Women,Kurtas,Summer,Casual
54728,Men,Casual Shoes,Spring,Casual
54729,Men,Casual Shoes,Winter,Casual
54730,Men,Casual Shoes,Winter,Casual
54731,Unisex,Casual Shoes,Spring,Casual
54732,Men,Casual Shoes,Summer,Casual
54733,Men,Casual Shoes,Winter,Casual
54734,Men,Casual Shoes,Winter,Casual
54735,Men,Casual Shoes,Summer,Casual
54736,Men,Casual Shoes,Summer,Casual
54737,Men,Casual Shoes,Summer,Casual
54738,Men,Casual Shoes,Winter,Casual
54739,Men,Casual Shoes,Fall,Casual
54740,Men,Casual Shoes,Winter,Casual
54741,Men,Casual Shoes,Spring,Casual
54742,Men,Casual Shoes,Spring,Casual
54744,Women,Kurtas,Summer,Ethnic
54767,Women,Kurtas,Summer,Ethnic
54792,Men,Jeans,Summer,Casual
54794,Men,Trousers,Spring,Casual
54796,Men,Jeans,Summer,Casual
54800,Men,Jeans,Summer,Casual
54804,Women,Handbags,Summer,Casual
54805,Women,Handbags,Winter,Casual
54807,Women,Handbags,Winter,Casual
54808,Women,Wallets,Winter,Casual
54812,Women,Handbags,Summer,Casual
54813,Women,Skirts,Winter,Casual
54819,Women,Handbags,Summer,Casual
54823,Women,Handbags,Winter,Casual
54827,Women,Handbags,Winter,Casual
54828,Unisex,Wallets,Summer,Casual
54829,Unisex,Handbags,Winter,Casual
54831,Women,Cufflinks,Winter,Casual
54834,Women,Wallets,Winter,Casual
54836,Women,Clutches,Spring,Casual
54838,Women,Wallets,Winter,Casual
54842,Women,Belts,Winter,Casual
54849,Women,Necklace and Chains,Winter,Casual
54850,Women,Necklace and Chains,Winter,Casual
54851,Women,Earrings,Winter,Casual
54852,Women,Necklace and Chains,Winter,Casual
54853,Women,Necklace and Chains,Fall,Casual
54854,Women,Necklace and Chains,Summer,Casual
54856,Women,Necklace and Chains,Winter,Casual
54857,Women,Earrings,Winter,Casual
54858,Women,Necklace and Chains,Fall,Casual
54859,Women,Necklace and Chains,Summer,Casual
54860,Women,Pendant,Fall,Casual
54861,Women,Necklace and Chains,Fall,Casual
54862,Women,Necklace and Chains,Winter,Casual
54863,Women,Necklace and Chains,Summer,Casual
54864,Women,Watches,Fall,Casual
54865,Women,Necklace and Chains,Summer,Casual
54866,Women,Necklace and Chains,Fall,Casual
54867,Women,Pendant,Winter,Casual
54868,Women,Necklace and Chains,Summer,Casual
54869,Women,Necklace and Chains,Winter,Casual
54870,Women,Necklace and Chains,Winter,Casual
54871,Women,Necklace and Chains,Summer,Casual
54872,Women,Necklace and Chains,Winter,Casual
54873,Women,Necklace and Chains,Summer,Casual
54874,Women,Necklace and Chains,Winter,Casual
54875,Women,Necklace and Chains,Winter,Casual
54876,Women,Necklace and Chains,Fall,Casual
54877,Women,Necklace and Chains,Fall,Casual
54878,Women,Necklace and Chains,Winter,Casual
54879,Women,Necklace and Chains,Summer,Casual
54880,Women,Necklace and Chains,Winter,Casual
54881,Women,Necklace and Chains,Summer,Casual
54882,Women,Pendant,Fall,Casual
54883,Women,Pendant,Winter,Casual
54884,Women,Necklace and Chains,Summer,Casual
54885,Women,Necklace and Chains,Fall,Casual
54886,Women,Watches,Summer,Casual
54888,Women,Necklace and Chains,Fall,Casual
54889,Men,Jackets,Spring,Casual
54890,Women,Tops,Summer,Casual
54891,Women,Tops,Summer,Casual
54894,Men,Trousers,Summer,Sports
54896,Men,Track Pants,Summer,Casual
54897,Women,Tops,Summer,Casual
54899,Women,Tops,Summer,Casual
54900,Men,Tshirts,Summer,Casual
54901,Men,Kurtas,Summer,Casual
54902,Men,Tshirts,Summer,Casual
54903,Men,Tshirts,Summer,Casual
54904,Men,Tshirts,Summer,Casual
54905,Men,Tops,Summer,Casual
54906,Men,Tshirts,Summer,Casual
54907,Boys,Tshirts,Summer,Casual
54908,Men,Tshirts,Summer,Casual
54909,Men,Tshirts,Summer,Casual
54911,Women,Tops,Summer,Casual
54913,Men,Tops,Summer,Casual
54914,Women,Tops,Summer,Casual
54915,Men,Tshirts,Summer,Casual
54918,Men,Skirts,Summer,Casual
54919,Men,Track Pants,Summer,Casual
54921,Women,Capris,Summer,Casual
54923,Women,Leggings,Summer,Casual
54924,Men,Boxers,Summer,Casual
54925,Men,Trunk,Summer,Casual
54926,Men,Tops,Summer,Casual
54927,Men,Tshirts,Summer,Casual
54928,Men,Tshirts,Summer,Casual
54929,Men,Tshirts,Summer,Casual
54930,Men,Tshirts,Summer,Casual
54931,Men,Tshirts,Summer,Casual
54932,Girls,Tops,Summer,Casual
54933,Women,Tops,Winter,Casual
54934,Women,Bra,Summer,Casual
54935,Women,Tops,Summer,Casual
54936,Women,Sandals,Summer,Casual
54937,Women,Tops,Summer,Casual
54938,Women,Tops,Summer,Casual
54939,Women,Tops,Summer,Casual
54940,Women,Tops,Summer,Casual
54941,Women,Tops,Summer,Casual
54942,Men,Tshirts,Summer,Casual
54943,Men,Tshirts,Summer,Casual
54944,Men,Tshirts,Summer,Sports
54945,Men,Tshirts,Summer,Casual
54946,Men,Tshirts,Summer,Casual
54947,Men,Tshirts,Summer,Casual
54948,Men,Sweatshirts,Summer,Casual
54949,Men,Tshirts,Summer,Casual
54950,Men,Tshirts,Summer,Casual
54951,Men,Tshirts,Summer,Casual
54953,Men,Tshirts,Summer,Casual
54954,Men,Tshirts,Summer,Casual
54955,Men,Tshirts,Summer,Casual
54957,Boys,Tshirts,Summer,Casual
54958,Boys,Tshirts,Summer,Casual
54959,Girls,Kurtas,Summer,Casual
54960,Men,Tshirts,Summer,Casual
54961,Men,Tshirts,Summer,Casual
54964,Women,Tops,Summer,Casual
54965,Men,Tshirts,Summer,Casual
54966,Men,Casual Shoes,Winter,Casual
54967,Men,Deodorant,Spring,Casual
54968,Men,Deodorant,Spring,Casual
54969,Men,Deodorant,Spring,Casual
54970,Women,Perfume and Body Mist,Spring,Casual
54971,Women,Dresses,Summer,Casual
54972,Women,Dresses,Summer,Casual
54973,Women,Dresses,Summer,Casual
54974,Women,Dresses,Summer,Casual
54975,Women,Tops,Summer,Casual
54976,Women,Dresses,Summer,Casual
54977,Women,Capris,Summer,Casual
54978,Men,Leggings,Summer,Casual
54979,Men,Shirts,Summer,Casual
54980,Women,Dresses,Summer,Ethnic
54981,Women,Tops,Summer,Casual
54982,Women,Jeans,Summer,Casual
54983,Men,Leggings,Summer,Casual
54984,Women,Jeans,Summer,Casual
54985,Women,Jeans,Summer,Casual
54986,Women,Tops,Fall,Casual
54987,Women,Tops,Summer,Ethnic
54988,Women,Tops,Summer,Casual
54989,Women,Kurtas,Summer,Ethnic
54990,Men,Dresses,Summer,Casual
54991,Women,Tops,Summer,Ethnic
54992,Women,Tops,Summer,Casual
54993,Women,Tops,Summer,Casual
54995,Women,Lip Liner,Summer,Casual
54997,Women,Lip Liner,Summer,Casual
55000,Women,Lip Liner,Summer,Casual
55001,Men,Lip Liner,Spring,Casual
55002,Women,Lip Liner,Summer,Casual
55003,Women,Lip Liner,Fall,Casual
55004,Women,Handbags,Winter,Casual
55005,Women,Ties,Spring,Casual
55006,Men,Deodorant,Spring,Casual
55007,Men,Deodorant,Spring,Casual
55008,Men,Deodorant,Spring,Casual
55009,Men,Deodorant,Spring,Casual
55010,Men,Deodorant,Spring,Casual
55012,Women,Kajal and Eyeliner,Spring,Sports
55013,Women,Ties,Spring,Casual
55015,Women,Kajal and Eyeliner,Spring,Sports
55016,Women,Ties,Spring,Casual
55018,Women,Kajal and Eyeliner,Spring,Sports
55020,Women,Kajal and Eyeliner,Spring,Sports
55021,Men,Perfume and Body Mist,Spring,Casual
55022,Men,Perfume and Body Mist,Spring,Casual
55023,Men,Perfume and Body Mist,Spring,Casual
55024,Men,Perfume and Body Mist,Spring,Casual
55025,Men,Perfume and Body Mist,Spring,Casual
55026,Men,Perfume and Body Mist,Spring,Casual
55027,Men,Perfume and Body Mist,Spring,Casual
55028,Men,Perfume and Body Mist,Spring,Casual
55029,Men,Perfume and Body Mist,Spring,Casual
55030,Men,Perfume and Body Mist,Spring,Casual
55031,Men,Perfume and Body Mist,Spring,Casual
55032,Men,Perfume and Body Mist,Spring,Casual
55033,Men,Perfume and Body Mist,Spring,Casual
55034,Men,Perfume and Body Mist,Spring,Casual
55035,Men,Perfume and Body Mist,Spring,Casual
55036,Men,Perfume and Body Mist,Spring,Casual
55037,Men,Perfume and Body Mist,Spring,Casual
55038,Men,Perfume and Body Mist,Spring,Casual
55039,Men,Deodorant,Spring,Casual
55040,Men,Perfume and Body Mist,Spring,Casual
55041,Women,Perfume and Body Mist,Spring,Casual
55042,Men,Perfume and Body Mist,Spring,Casual
55043,Men,Perfume and Body Mist,Spring,Casual
55044,Men,Perfume and Body Mist,Spring,Casual
55045,Women,Deodorant,Spring,Casual
55046,Women,Deodorant,Spring,Casual
55047,Women,Deodorant,Spring,Casual
55048,Women,Deodorant,Spring,Casual
55049,Women,Deodorant,Spring,Casual
55050,Women,Deodorant,Spring,Casual
55051,Women,Deodorant,Spring,Casual
55052,Women,Deodorant,Spring,Casual
55053,Women,Deodorant,Spring,Casual
55054,Women,Deodorant,Spring,Casual
55055,Women,Deodorant,Spring,Casual
55056,Women,Deodorant,Spring,Casual
55057,Women,Deodorant,Spring,Casual
55058,Women,Deodorant,Spring,Casual
55059,Women,Deodorant,Spring,Casual
55060,Women,Deodorant,Spring,Casual
55061,Women,Deodorant,Spring,Casual
55062,Women,Deodorant,Spring,Casual
55063,Women,Deodorant,Spring,Casual
55064,Women,Deodorant,Spring,Casual
55065,Women,Deodorant,Spring,Casual
55066,Women,Deodorant,Spring,Casual
55067,Women,Deodorant,Spring,Casual
55068,Women,Ties,Spring,Casual
55069,Women,Perfume and Body Mist,Spring,Casual
55070,Women,Kajal and Eyeliner,Spring,Casual
55071,Men,Ties,Spring,Casual
55072,Women,Deodorant,Spring,Casual
55073,Men,Ties,Spring,Casual
55074,Women,Ties,Spring,Casual
55075,Women,Lip Liner,Spring,Casual
55078,Women,Belts,Winter,Casual
55079,Women,Belts,Summer,Casual
55080,Women,Sandals,Summer,Casual
55081,Women,Perfume and Body Mist,Spring,Casual
55083,Unisex,Sandals,Winter,Casual
55086,Women,Perfume and Body Mist,Spring,Casual
55087,Women,Perfume and Body Mist,Spring,Casual
55089,Women,Sandals,Fall,Sports
55090,Women,Sandals,Fall,Sports
55093,Unisex,Sandals,Winter,Casual
55094,Men,Deodorant,Spring,Casual
55095,Women,Perfume and Body Mist,Spring,Casual
55097,Women,Ties,Spring,Casual
55098,Women,Bracelet,Summer,Casual
55099,Women,Perfume and Body Mist,Spring,Casual
55100,Women,Wallets,Spring,Casual
55101,Unisex,Sandals,Fall,Casual
55107,Unisex,Backpacks,Winter,Casual
55108,Unisex,Sandals,Winter,Sports
55109,Women,Caps,Summer,Casual
55110,Women,Sandals,Summer,Casual
55111,Women,Sandals,Summer,Casual
55112,Women,Sandals,Summer,Casual
55113,Men,Sandals,Summer,Casual
55114,Men,Sandals,Summer,Casual
55115,Men,Sandals,Summer,Casual
55116,Women,Handbags,Summer,Sports
55117,Women,Handbags,Winter,Sports
55118,Women,Handbags,Winter,Sports
55119,Women,Wallets,Spring,Casual
55120,Women,Deodorant,Spring,Casual
55121,Women,Perfume and Body Mist,Spring,Casual
55122,Women,Perfume and Body Mist,Spring,Casual
55123,Women,Deodorant,Spring,Casual
55124,Women,Perfume and Body Mist,Spring,Casual
55125,Women,Perfume and Body Mist,Spring,Casual
55126,Women,Perfume and Body Mist,Spring,Casual
55127,Men,Deodorant,Spring,Casual
55128,Women,Perfume and Body Mist,Spring,Casual
55129,Women,Deodorant,Spring,Casual
55130,Men,Deodorant,Spring,Casual
55131,Men,Perfume and Body Mist,Spring,Casual
55132,Men,Deodorant,Spring,Casual
55133,Women,Perfume and Body Mist,Spring,Casual
55134,Men,Deodorant,Spring,Casual
55135,Men,Perfume and Body Mist,Spring,Casual
55136,Men,Deodorant,Spring,Casual
55137,Men,Deodorant,Spring,Casual
55138,Unisex,Perfume and Body Mist,Spring,Casual
55139,Women,Perfume and Body Mist,Spring,Casual
55140,Women,Deodorant,Spring,Casual
55141,Men,Deodorant,Spring,Casual
55142,Women,Deodorant,Spring,Casual
55143,Men,Deodorant,Spring,Casual
55144,Women,Socks,Spring,Casual
55145,Women,Perfume and Body Mist,Spring,Casual
55146,Women,Perfume and Body Mist,Spring,Casual
55147,Women,Deodorant,Spring,Casual
55148,Women,Deodorant,Spring,Casual
55149,Women,Deodorant,Spring,Casual
55150,Women,Perfume and Body Mist,Spring,Casual
55151,Women,Perfume and Body Mist,Spring,Casual
55152,Women,Deodorant,Spring,Casual
55153,Women,Deodorant,Spring,Casual
55154,Women,Deodorant,Spring,Casual
55155,Men,Perfume and Body Mist,Spring,Casual
55156,Men,Perfume and Body Mist,Spring,Casual
55157,Women,Perfume and Body Mist,Spring,Casual
55158,Women,Deodorant,Spring,Casual
55159,Women,Deodorant,Spring,Casual
55160,Women,Perfume and Body Mist,Spring,Casual
55161,Women,Deodorant,Spring,Casual
55162,Women,Deodorant,Spring,Casual
55163,Women,Deodorant,Spring,Casual
55164,Men,Deodorant,Spring,Casual
55165,Women,Perfume and Body Mist,Spring,Casual
55166,Women,Deodorant,Spring,Casual
55168,Men,Perfume and Body Mist,Spring,Casual
55170,Men,Perfume and Body Mist,Spring,Casual
55172,Women,Perfume and Body Mist,Spring,Casual
55173,Men,Perfume and Body Mist,Spring,Casual
55175,Women,Perfume and Body Mist,Spring,Casual
55177,Men,Perfume and Body Mist,Spring,Casual
55179,Women,Perfume and Body Mist,Spring,Casual
55180,Women,Perfume and Body Mist,Spring,Casual
55181,Women,Perfume and Body Mist,Spring,Casual
55184,Men,Perfume and Body Mist,Spring,Casual
55185,Women,Perfume and Body Mist,Spring,Casual
55186,Men,Perfume and Body Mist,Spring,Casual
55187,Men,Wallets,Spring,Casual
55190,Men,Perfume and Body Mist,Spring,Casual
55191,Women,Perfume and Body Mist,Spring,Casual
55192,Men,Perfume and Body Mist,Spring,Casual
55194,Boys,Perfume and Body Mist,Spring,Casual
55195,Men,Perfume and Body Mist,Spring,Casual
55196,Men,Perfume and Body Mist,Spring,Casual
55197,Women,Perfume and Body Mist,Spring,Casual
55198,Women,Deodorant,Spring,Casual
55200,Women,Wallets,Spring,Casual
55201,Women,Wallets,Spring,Casual
55202,Women,Shorts,Winter,Casual
55203,Women,Shorts,Spring,Casual
55205,Men,Deodorant,Spring,Casual
55206,Men,Deodorant,Spring,Casual
55208,Men,Deodorant,Spring,Casual
55209,Men,Deodorant,Spring,Casual
55210,Men,Deodorant,Spring,Casual
55211,Women,Lipstick,Summer,Casual
55212,Men,Deodorant,Spring,Casual
55213,Men,Deodorant,Spring,Casual
55214,Men,Deodorant,Spring,Casual
55215,Men,Lipstick,Spring,Casual
55216,Men,Deodorant,Spring,Casual
55217,Women,Perfume and Body Mist,Spring,Casual
55218,Women,Kajal and Eyeliner,Spring,Casual
55219,Men,Kajal and Eyeliner,Spring,Casual
55220,Men,Kajal and Eyeliner,Spring,Casual
55221,Men,Kajal and Eyeliner,Spring,Casual
55222,Women,Ties,Spring,Casual
55223,Women,Ties,Spring,Casual
55224,Women,Ties,Spring,Casual
55225,Women,Kajal and Eyeliner,Spring,Casual
55226,Women,Ties,Spring,Casual
55227,Women,Perfume and Body Mist,Spring,Casual
55228,Men,Deodorant,Spring,Casual
55229,Men,Deodorant,Spring,Casual
55230,Women,Perfume and Body Mist,Summer,Casual
55231,Women,Perfume and Body Mist,Summer,Casual
55232,Women,Perfume and Body Mist,Summer,Casual
55233,Women,Deodorant,Spring,Casual
55234,Women,Perfume and Body Mist,Spring,Casual
55235,Women,Deodorant,Spring,Casual
55236,Men,Perfume and Body Mist,Spring,Casual
55237,Men,Perfume and Body Mist,Spring,Casual
55238,Men,Perfume and Body Mist,Spring,Casual
55239,Men,Perfume and Body Mist,Spring,Casual
55240,Women,Perfume and Body Mist,Spring,Casual
55241,Women,Perfume and Body Mist,Spring,Casual
55242,Women,Perfume and Body Mist,Spring,Casual
55243,Women,Perfume and Body Mist,Spring,Casual
55244,Women,Shorts,Spring,Casual
55245,Women,Deodorant,Spring,Casual
55246,Women,Lounge Shorts,Spring,Casual
55247,Women,Wallets,Spring,Casual
55248,Women,Wallets,Summer,Casual
55249,Women,Wallets,Summer,Casual
55250,Women,Sandals,Spring,Casual
55251,Women,Heels,Winter,Casual
55252,Women,Ties,Spring,Casual
55253,Women,Ties,Spring,Casual
55254,Women,Kajal and Eyeliner,Spring,Casual
55255,Women,Kajal and Eyeliner,Spring,Casual
55256,Women,Perfume and Body Mist,Spring,Casual
55257,Men,Ties,Spring,Casual
55258,Men,Kajal and Eyeliner,Spring,Casual
55259,Men,Lip Liner,Spring,Casual
55260,Men,Ties,Spring,Casual
55261,Women,Kajal and Eyeliner,Spring,Casual
55262,Men,Kajal and Eyeliner,Spring,Casual
55263,Women,Deodorant,Spring,Casual
55264,Women,Deodorant,Spring,Casual
55265,Women,Deodorant,Spring,Casual
55266,Women,Perfume and Body Mist,Spring,Casual
55267,Women,Perfume and Body Mist,Spring,Casual
55268,Women,Perfume and Body Mist,Spring,Casual
55269,Women,Perfume and Body Mist,Spring,Casual
55270,Women,Perfume and Body Mist,Spring,Casual
55271,Women,Perfume and Body Mist,Spring,Casual
55272,Men,Ties,Spring,Casual
55273,Women,Kajal and Eyeliner,Spring,Casual
55274,Women,Kajal and Eyeliner,Spring,Casual
55275,Women,Sandals,Spring,Casual
55276,Women,Sandals,Spring,Casual
55277,Women,Wallets,Spring,Casual
55278,Women,Wallets,Winter,Casual
55280,Women,Wallets,Winter,Casual
55281,Women,Heels,Winter,Casual
55282,Men,Heels,Winter,Casual
55283,Men,Sandals,Winter,Casual
55284,Men,Heels,Winter,Casual
55285,Women,Handbags,Summer,Casual
55286,Women,Wallets,Spring,Casual
55287,Unisex,Wallets,Spring,Casual
55288,Unisex,Wallets,Spring,Casual
55289,Unisex,Wallets,Spring,Casual
55290,Women,Earrings,Spring,Casual
55291,Women,Deodorant,Spring,Casual
55292,Girls,Earrings,Spring,Casual
55293,Women,Lipstick,Spring,Casual
55294,Women,Perfume and Body Mist,Spring,Casual
55295,Women,Deodorant,Spring,Casual
55296,Women,Wallets,Spring,Casual
55297,Women,Wallets,Spring,Casual
55298,Women,Wallets,Spring,Casual
55299,Women,Wallets,Spring,Casual
55300,Women,Ties,Spring,Casual
55301,Women,Ties,Spring,Casual
55306,Men,Socks,Winter,Casual
55307,Men,Socks,Summer,Casual
55314,Men,Socks,Summer,Casual
55315,Men,Socks,Spring,Sports
55316,Men,Socks,Summer,Casual
55317,Girls,Dresses,Summer,Casual
55318,Women,Perfume and Body Mist,Summer,Casual
55319,Men,Perfume and Body Mist,Spring,Casual
55320,Men,Perfume and Body Mist,Summer,Casual
55321,Women,Perfume and Body Mist,Spring,Casual
55322,Women,Perfume and Body Mist,Summer,Casual
55323,Women,Wallets,Summer,Casual
55324,Women,Perfume and Body Mist,Spring,Casual
55325,Women,Wallets,Spring,Casual
55326,Women,Perfume and Body Mist,Spring,Casual
55328,Women,Perfume and Body Mist,Spring,Casual
55329,Men,Wallets,Spring,Casual
55330,Women,Wallets,Summer,Casual
55331,Men,Wallets,Spring,Casual
55332,Women,Wallets,Summer,Casual
55333,Women,Wallets,Summer,Casual
55334,Women,Trousers,Summer,Casual
55335,Women,Deodorant,Summer,Casual
55336,Women,Deodorant,Spring,Casual
55337,Women,Perfume and Body Mist,Spring,Casual
55338,Women,Perfume and Body Mist,Spring,Casual
55339,Women,Perfume and Body Mist,Spring,Casual
55344,Men,Perfume and Body Mist,Spring,Casual
55347,Men,Perfume and Body Mist,Spring,Casual
55349,Men,Wallets,Summer,Casual
55350,Women,Wallets,Spring,Casual
55351,Men,Perfume and Body Mist,Spring,Casual
55352,Men,Perfume and Body Mist,Spring,Casual
55354,Men,Perfume and Body Mist,Spring,Casual
55357,Men,Deodorant,Spring,Casual
55358,Unisex,Deodorant,Spring,Casual
55359,Women,Deodorant,Spring,Casual
55361,Unisex,Deodorant,Spring,Casual
55362,Men,Deodorant,Spring,Casual
55363,Unisex,Deodorant,Spring,Casual
55364,Unisex,Deodorant,Spring,Casual
55365,Women,Deodorant,Spring,Casual
55366,Women,Perfume and Body Mist,Spring,Casual
55368,Unisex,Deodorant,Spring,Casual
55369,Men,Deodorant,Spring,Casual
55370,Unisex,Deodorant,Spring,Casual
55373,Men,Deodorant,Spring,Casual
55375,Men,Deodorant,Spring,Casual
55376,Women,Perfume and Body Mist,Spring,Casual
55377,Unisex,Deodorant,Spring,Casual
55378,Men,Deodorant,Spring,Casual
55379,Unisex,Deodorant,Spring,Casual
55380,Women,Perfume and Body Mist,Spring,Casual
55381,Unisex,Deodorant,Spring,Casual
55382,Men,Deodorant,Spring,Casual
55383,Men,Deodorant,Spring,Casual
55384,Unisex,Deodorant,Spring,Casual
55385,Women,Deodorant,Summer,Casual
55387,Unisex,Deodorant,Spring,Casual
55388,Unisex,Deodorant,Spring,Casual
55389,Men,Deodorant,Spring,Casual
55390,Unisex,Deodorant,Spring,Casual
55391,Men,Deodorant,Spring,Casual
55392,Men,Deodorant,Spring,Casual
55394,Men,Perfume and Body Mist,Spring,Casual
55395,Men,Deodorant,Spring,Casual
55396,Women,Perfume and Body Mist,Spring,Casual
55397,Men,Deodorant,Spring,Casual
55398,Women,Heels,Winter,Formal
55399,Men,Ties,Spring,Casual
55400,Men,Kajal and Eyeliner,Spring,Casual
55402,Men,Kajal and Eyeliner,Spring,Casual
55407,Men,Kajal and Eyeliner,Spring,Casual
55408,Men,Perfume and Body Mist,Spring,Casual
55409,Women,Perfume and Body Mist,Spring,Casual
55410,Men,Ties,Spring,Casual
55418,Women,Cufflinks,Spring,Casual
55419,Men,Deodorant,Spring,Casual
55420,Men,Deodorant,Spring,Casual
55421,Women,Cufflinks,Spring,Casual
55423,Men,Deodorant,Spring,Casual
55424,Women,Deodorant,Spring,Casual
55425,Women,Cufflinks,Spring,Casual
55426,Men,Deodorant,Spring,Casual
55427,Women,Cufflinks,Spring,Casual
55428,Men,Deodorant,Spring,Casual
55429,Men,Deodorant,Spring,Casual
55430,Men,Wallets,Spring,Casual
55431,Men,Dresses,Spring,Casual
55432,Men,Dresses,Spring,Casual
55433,Men,Wallets,Spring,Casual
55434,Unisex,Dresses,Spring,Casual
55436,Men,Dresses,Spring,Casual
55437,Unisex,Wallets,Spring,Casual
55438,Men,Dresses,Spring,Casual
55439,Men,Dresses,Spring,Casual
55440,Men,Wallets,Spring,Casual
55441,Men,Dresses,Spring,Casual
55442,Men,Dresses,Spring,Casual
55443,Unisex,Perfume and Body Mist,Spring,Casual
55444,Women,Deodorant,Spring,Casual
55445,Women,Deodorant,Spring,Casual
55446,Women,Deodorant,Spring,Casual
55447,Women,Deodorant,Spring,Casual
55448,Women,Deodorant,Spring,Casual
55449,Women,Deodorant,Spring,Casual
55450,Women,Deodorant,Spring,Casual
55451,Women,Deodorant,Spring,Casual
55454,Women,Deodorant,Spring,Casual
55455,Women,Perfume and Body Mist,Spring,Casual
55456,Men,Earrings,Spring,Casual
55457,Women,Perfume and Body Mist,Spring,Casual
55458,Women,Perfume and Body Mist,Spring,Casual
55459,Men,Earrings,Spring,Casual
55460,Women,Earrings,Spring,Casual
55461,Men,Earrings,Spring,Casual
55462,Women,Perfume and Body Mist,Spring,Casual
55463,Women,Deodorant,Spring,Casual
55464,Women,Deodorant,Spring,Casual
55465,Women,Deodorant,Spring,Casual
55466,Women,Ties,Spring,Casual
55467,Men,Ties,Spring,Casual
55468,Women,Deodorant,Spring,Casual
55469,Women,Deodorant,Spring,Casual
55470,Women,Earrings,Spring,Casual
55471,Men,Earrings,Spring,Casual
55472,Men,Earrings,Spring,Casual
55473,Women,Perfume and Body Mist,Spring,Casual
55474,Men,Kajal and Eyeliner,Spring,Casual
55475,Men,Kajal and Eyeliner,Spring,Casual
55476,Men,Kajal and Eyeliner,Spring,Casual
55477,Men,Kajal and Eyeliner,Spring,Casual
55478,Women,Ties,Spring,Casual
55479,Men,Kajal and Eyeliner,Spring,Casual
55480,Men,Kajal and Eyeliner,Spring,Casual
55482,Women,Kajal and Eyeliner,Spring,Casual
55485,Women,Perfume and Body Mist,Spring,Casual
55486,Women,Ties,Spring,Casual
55487,Women,Deodorant,Spring,Casual
55488,Women,Deodorant,Spring,Casual
55489,Women,Deodorant,Spring,Casual
55490,Women,Deodorant,Spring,Casual
55491,Women,Deodorant,Spring,Casual
55492,Women,Deodorant,Spring,Casual
55493,Women,Deodorant,Spring,Casual
55494,Women,Deodorant,Spring,Casual
55495,Women,Deodorant,Spring,Casual
55496,Women,Deodorant,Spring,Casual
55497,Women,Deodorant,Spring,Casual
55498,Women,Deodorant,Spring,Casual
55499,Women,Deodorant,Spring,Casual
55500,Women,Deodorant,Spring,Casual
55501,Women,Deodorant,Spring,Casual
55502,Women,Deodorant,Spring,Casual
55503,Women,Deodorant,Spring,Casual
55504,Women,Deodorant,Spring,Casual
55505,Women,Deodorant,Spring,Casual
55506,Women,Deodorant,Spring,Casual
55507,Women,Deodorant,Spring,Casual
55508,Women,Deodorant,Spring,Casual
55509,Women,Deodorant,Spring,Casual
55510,Women,Deodorant,Spring,Casual
55511,Women,Deodorant,Spring,Casual
55512,Women,Deodorant,Spring,Casual
55513,Women,Wallets,Spring,Casual
55514,Men,Wallets,Spring,Casual
55516,Women,Perfume and Body Mist,Summer,Casual
55517,Men,Deodorant,Spring,Casual
55518,Women,Perfume and Body Mist,Summer,Casual
55519,Men,Deodorant,Summer,Casual
55520,Men,Wallets,Spring,Casual
55521,Men,Perfume and Body Mist,Spring,Casual
55522,Men,Wallets,Spring,Casual
55523,Men,Wallets,Spring,Casual
55524,Women,Wallets,Spring,Casual
55525,Women,Wallets,Spring,Casual
55526,Men,Wallets,Spring,Casual
55527,Women,Perfume and Body Mist,Spring,Casual
55528,Women,Perfume and Body Mist,Spring,Casual
55529,Men,Perfume and Body Mist,Spring,Casual
55530,Women,Perfume and Body Mist,Spring,Casual
55531,Women,Perfume and Body Mist,Spring,Casual
55532,Women,Perfume and Body Mist,Spring,Casual
55533,Women,Deodorant,Spring,Casual
55534,Women,Perfume and Body Mist,Spring,Casual
55535,Men,Perfume and Body Mist,Spring,Casual
55536,Men,Perfume and Body Mist,Spring,Casual
55537,Men,Perfume and Body Mist,Spring,Casual
55538,Men,Deodorant,Spring,Casual
55539,Men,Deodorant,Spring,Casual
55540,Men,Handbags,Summer,Casual
55541,Women,Kajal and Eyeliner,Spring,Casual
55542,Women,Kajal and Eyeliner,Spring,Casual
55543,Women,Ties,Spring,Casual
55544,Women,Ties,Spring,Casual
55545,Women,Ties,Spring,Casual
55546,Women,Ties,Spring,Casual
55547,Women,Ties,Spring,Casual
55548,Men,Ties,Spring,Casual
55549,Women,Lip Liner,Spring,Casual
55550,Women,Ties,Spring,Casual
55551,Women,Lip Liner,Spring,Casual
55553,Women,Kajal and Eyeliner,Spring,Casual
55556,Women,Kajal and Eyeliner,Spring,Casual
55557,Women,Perfume and Body Mist,Spring,Casual
55558,Women,Kajal and Eyeliner,Spring,Casual
55559,Men,Deodorant,Spring,Casual
55560,Men,Shoe Accessories,Spring,Casual
55561,Girls,Perfume and Body Mist,Summer,Casual
55564,Women,Deodorant,Spring,Casual
55565,Women,Deodorant,Spring,Casual
55568,Women,Deodorant,Spring,Casual
55569,Girls,Deodorant,Spring,Casual
55570,Women,Deodorant,Spring,Casual
55571,Men,Deodorant,Spring,Casual
55572,Women,Earrings,Spring,Casual
55573,Women,Earrings,Spring,Casual
55574,Women,Wallets,Summer,Casual
55575,Men,Wallets,Summer,Casual
55576,Women,Wallets,Summer,Casual
55577,Women,Belts,Winter,Casual
55578,Unisex,Belts,Winter,Casual
55579,Unisex,Belts,Winter,Casual
55580,Men,Sandals,Spring,Casual
55581,Men,Wallets,Summer,Casual
55582,Men,Wallets,Spring,Casual
55583,Women,Perfume and Body Mist,Spring,Casual
55584,Men,Wallets,Spring,Casual
55585,Men,Wallets,Spring,Casual
55586,Men,Wallets,Spring,Casual
55587,Men,Ties,Spring,Casual
55590,Women,Shirts,Summer,Casual
55591,Men,Jackets,Summer,Casual
55595,Men,Shirts,Spring,Casual
55597,Men,Shirts,Spring,Casual
55599,Men,Shirts,Summer,Casual
55608,Men,Shirts,Spring,Casual
55612,Men,Formal Shoes,Winter,Formal
55613,Men,Formal Shoes,Winter,Formal
55614,Men,Formal Shoes,Fall,Formal
55615,Men,Formal Shoes,Winter,Formal
55616,Men,Formal Shoes,Winter,Formal
55617,Men,Formal Shoes,Winter,Formal
55618,Men,Formal Shoes,Winter,Formal
55619,Men,Formal Shoes,Spring,Formal
55620,Men,Formal Shoes,Winter,Formal
55621,Men,Formal Shoes,Spring,Formal
55622,Men,Formal Shoes,Winter,Formal
55623,Men,Formal Shoes,Winter,Formal
55624,Men,Formal Shoes,Spring,Formal
55625,Men,Formal Shoes,Winter,Formal
55626,Men,Casual Shoes,Winter,Casual
55627,Men,Casual Shoes,Winter,Casual
55628,Men,Formal Shoes,Winter,Casual
55629,Men,Casual Shoes,Winter,Casual
55630,Women,Flats,Winter,Casual
55631,Women,Flats,Winter,Casual
55632,Women,Casual Shoes,Winter,Casual
55633,Women,Heels,Winter,Casual
55634,Women,Heels,Winter,Casual
55635,Women,Heels,Winter,Casual
55636,Women,Heels,Winter,Casual
55637,Women,Heels,Winter,Casual
55638,Women,Heels,Winter,Casual
55639,Women,Sandals,Winter,Casual
55640,Women,Heels,Winter,Casual
55641,Women,Heels,Winter,Casual
55642,Women,Heels,Winter,Casual
55643,Women,Heels,Winter,Casual
55644,Women,Heels,Winter,Casual
55645,Women,Heels,Winter,Casual
55646,Women,Sandals,Winter,Casual
55647,Women,Sandals,Winter,Casual
55648,Women,Heels,Winter,Casual
55649,Women,Heels,Winter,Casual
55650,Women,Heels,Winter,Casual
55651,Women,Heels,Winter,Casual
55652,Women,Heels,Winter,Casual
55653,Women,Heels,Winter,Casual
55654,Women,Heels,Winter,Casual
55655,Women,Heels,Winter,Casual
55656,Women,Heels,Winter,Casual
55657,Women,Heels,Winter,Casual
55783,Men,Casual Shoes,Spring,Casual
55784,Men,Casual Shoes,Spring,Sports
55785,Men,Casual Shoes,Summer,Casual
55786,Women,Dresses,Summer,Casual
55787,Women,Dresses,Summer,Ethnic
55788,Women,Dresses,Summer,Casual
55789,Women,Sarees,Summer,Ethnic
55790,Women,Kurtas,Summer,Ethnic
55791,Women,Dresses,Fall,Casual
55794,Women,Night suits,Summer,Casual
55795,Women,Dresses,Summer,Casual
55796,Women,Dresses,Summer,Casual
55797,Women,Dresses,Summer,Casual
55798,Women,Tops,Summer,Casual
55799,Women,Dresses,Summer,Casual
55800,Women,Tops,Summer,Casual
55801,Women,Dresses,Summer,Casual
55802,Women,Night suits,Summer,Casual
55803,Women,Night suits,Summer,Casual
55804,Women,Night suits,Summer,Casual
55805,Women,Night suits,Summer,Casual
55806,Women,Night suits,Summer,Casual
55807,Women,Kurtas,Summer,Casual
55809,Women,Kurtas,Summer,Casual
55810,Women,Dresses,Summer,Casual
55811,Women,Dresses,Summer,Casual
55812,Women,Kurtas,Summer,Casual
55813,Men,Night suits,Summer,Casual
55814,Women,Dresses,Summer,Casual
55817,Women,Night suits,Summer,Casual
55818,Women,Dresses,Summer,Casual
55819,Women,Dresses,Summer,Casual
55821,Women,Night suits,Summer,Casual
55822,Women,Tops,Summer,Ethnic
55823,Women,Kurtas,Summer,Casual
55824,Women,Night suits,Summer,Casual
55825,Women,Dresses,Summer,Casual
55826,Women,Dresses,Summer,Ethnic
55827,Women,Dresses,Summer,Casual
55828,Women,Dresses,Summer,Casual
55829,Women,Dresses,Summer,Ethnic
55830,Women,Dresses,Summer,Casual
55831,Women,Dresses,Summer,Casual
55832,Women,Dresses,Summer,Casual
55833,Women,Kajal and Eyeliner,Spring,Casual
55834,Women,Perfume and Body Mist,Summer,Casual
55835,Women,Perfume and Body Mist,Spring,Casual
55836,Men,Deodorant,Spring,Casual
55837,Women,Perfume and Body Mist,Spring,Casual
55838,Women,Deodorant,Spring,Casual
55839,Women,Perfume and Body Mist,Spring,Casual
55840,Women,Perfume and Body Mist,Spring,Casual
55841,Men,Deodorant,Spring,Casual
55842,Women,Perfume and Body Mist,Spring,Casual
55843,Women,Deodorant,Spring,Casual
55844,Women,Perfume and Body Mist,Spring,Casual
55845,Women,Perfume and Body Mist,Spring,Casual
55846,Women,Perfume and Body Mist,Spring,Casual
55847,Women,Perfume and Body Mist,Spring,Casual
55848,Boys,Socks,Spring,Casual
55849,Women,Perfume and Body Mist,Spring,Casual
55850,Women,Perfume and Body Mist,Spring,Casual
55851,Women,Perfume and Body Mist,Spring,Casual
55852,Women,Perfume and Body Mist,Spring,Casual
55853,Women,Perfume and Body Mist,Spring,Casual
55854,Women,Perfume and Body Mist,Spring,Casual
55855,Women,Perfume and Body Mist,Spring,Casual
55856,Women,Perfume and Body Mist,Spring,Casual
55857,Women,Perfume and Body Mist,Spring,Casual
55858,Women,Perfume and Body Mist,Spring,Casual
55859,Women,Perfume and Body Mist,Spring,Casual
55860,Women,Perfume and Body Mist,Spring,Casual
55861,Women,Perfume and Body Mist,Spring,Casual
55862,Men,Perfume and Body Mist,Spring,Casual
55863,Women,Perfume and Body Mist,Spring,Casual
55864,Men,Perfume and Body Mist,Spring,Casual
55865,Boys,Perfume and Body Mist,Spring,Casual
55866,Women,Perfume and Body Mist,Spring,Casual
55867,Men,Tops,Summer,Casual
55868,Men,Perfume and Body Mist,Spring,Casual
55869,Men,Deodorant,Summer,Casual
55870,Women,Perfume and Body Mist,Spring,Casual
55871,Women,Perfume and Body Mist,Spring,Casual
55872,Boys,Perfume and Body Mist,Spring,Casual
55873,Women,Perfume and Body Mist,Spring,Casual
55874,Women,Perfume and Body Mist,Spring,Casual
55875,Women,Perfume and Body Mist,Spring,Casual
55876,Women,Perfume and Body Mist,Spring,Casual
55877,Men,Perfume and Body Mist,Spring,Casual
55878,Women,Perfume and Body Mist,Spring,Casual
55879,Women,Perfume and Body Mist,Spring,Casual
55880,Women,Perfume and Body Mist,Spring,Casual
55881,Boys,Perfume and Body Mist,Spring,Casual
55882,Women,Perfume and Body Mist,Spring,Casual
55883,Boys,Tops,Summer,Casual
55884,Men,Perfume and Body Mist,Spring,Casual
55885,Boys,Perfume and Body Mist,Spring,Casual
55886,Men,Perfume and Body Mist,Spring,Casual
55887,Women,Perfume and Body Mist,Spring,Casual
55888,Men,Perfume and Body Mist,Spring,Casual
55889,Women,Perfume and Body Mist,Spring,Casual
55890,Boys,Perfume and Body Mist,Spring,Casual
55891,Women,Perfume and Body Mist,Spring,Casual
55892,Men,Perfume and Body Mist,Spring,Casual
55893,Boys,Perfume and Body Mist,Spring,Casual
55894,Boys,Perfume and Body Mist,Spring,Casual
55895,Men,Perfume and Body Mist,Spring,Casual
55896,Boys,Perfume and Body Mist,Spring,Casual
55897,Boys,Perfume and Body Mist,Spring,Casual
55898,Boys,Tops,Spring,Casual
55899,Men,Perfume and Body Mist,Spring,Casual
55900,Women,Perfume and Body Mist,Spring,Casual
55901,Women,Tops,Summer,Casual
55902,Men,Perfume and Body Mist,Spring,Casual
55903,Women,Perfume and Body Mist,Spring,Casual
55904,Men,Perfume and Body Mist,Spring,Casual
55905,Women,Earrings,Spring,Casual
55906,Women,Perfume and Body Mist,Spring,Casual
55907,Women,Perfume and Body Mist,Spring,Casual
55909,Women,Perfume and Body Mist,Spring,Casual
55910,Men,Perfume and Body Mist,Spring,Casual
55911,Women,Perfume and Body Mist,Spring,Casual
55912,Women,Perfume and Body Mist,Spring,Casual
55913,Women,Perfume and Body Mist,Spring,Casual
55914,Women,Perfume and Body Mist,Spring,Casual
55915,Women,Perfume and Body Mist,Spring,Casual
55916,Women,Perfume and Body Mist,Spring,Casual
55917,Women,Perfume and Body Mist,Spring,Casual
55918,Women,Perfume and Body Mist,Spring,Casual
55919,Men,Perfume and Body Mist,Spring,Casual
55920,Men,Perfume and Body Mist,Spring,Casual
55921,Women,Perfume and Body Mist,Spring,Casual
55922,Women,Perfume and Body Mist,Spring,Casual
55923,Women,Perfume and Body Mist,Spring,Casual
55924,Women,Perfume and Body Mist,Spring,Casual
55925,Women,Deodorant,Spring,Casual
55926,Women,Perfume and Body Mist,Spring,Casual
55927,Women,Perfume and Body Mist,Spring,Casual
55928,Women,Perfume and Body Mist,Spring,Casual
55929,Women,Perfume and Body Mist,Spring,Casual
55930,Women,Perfume and Body Mist,Spring,Casual
55931,Women,Perfume and Body Mist,Spring,Casual
55932,Women,Perfume and Body Mist,Spring,Casual
55933,Women,Perfume and Body Mist,Spring,Casual
55935,Women,Perfume and Body Mist,Spring,Casual
55936,Women,Perfume and Body Mist,Spring,Casual
55937,Women,Perfume and Body Mist,Spring,Casual
55938,Women,Perfume and Body Mist,Spring,Casual
55939,Women,Perfume and Body Mist,Spring,Casual
55940,Women,Perfume and Body Mist,Spring,Casual
55941,Women,Perfume and Body Mist,Spring,Casual
55942,Women,Perfume and Body Mist,Spring,Casual
55943,Women,Perfume and Body Mist,Spring,Casual
55944,Women,Deodorant,Spring,Casual
55945,Women,Perfume and Body Mist,Spring,Casual
55946,Women,Perfume and Body Mist,Spring,Casual
55947,Women,Perfume and Body Mist,Spring,Casual
55948,Women,Deodorant,Spring,Casual
55949,Women,Deodorant,Spring,Casual
55950,Women,Deodorant,Spring,Casual
55951,Women,Perfume and Body Mist,Spring,Casual
55952,Women,Perfume and Body Mist,Spring,Casual
55953,Women,Perfume and Body Mist,Spring,Casual
55954,Men,Perfume and Body Mist,Spring,Casual
55955,Women,Perfume and Body Mist,Spring,Casual
55956,Men,Earrings,Spring,Casual
55957,Men,Lipstick,Spring,Casual
55958,Women,Ties,Summer,Casual
55959,Men,Lipstick,Spring,Casual
55960,Men,Lipstick,Spring,Casual
55961,Men,Lipstick,Spring,Casual
55962,Women,Earrings,Summer,Casual
55963,Women,Deodorant,Spring,Casual
55964,Women,Socks,Spring,Casual
55965,Women,Perfume and Body Mist,Winter,Casual
55966,Women,Earrings,Winter,Casual
55967,Women,Perfume and Body Mist,Winter,Casual
55968,Women,Perfume and Body Mist,Winter,Casual
55969,Women,Earrings,Winter,Casual
55970,Women,Perfume and Body Mist,Summer,Casual
55971,Women,Perfume and Body Mist,Winter,Casual
55972,Women,Earrings,Summer,Casual
55973,Women,Perfume and Body Mist,Winter,Casual
55974,Women,Perfume and Body Mist,Winter,Casual
55975,Women,Perfume and Body Mist,Winter,Casual
55976,Women,Perfume and Body Mist,Summer,Casual
55977,Women,Tops,Summer,Casual
55978,Women,Perfume and Body Mist,Winter,Casual
55979,Women,Perfume and Body Mist,Summer,Casual
55980,Women,Earrings,Winter,Casual
55981,Women,Perfume and Body Mist,Winter,Casual
55982,Women,Earrings,Winter,Casual
55983,Women,Perfume and Body Mist,Winter,Casual
55984,Women,Perfume and Body Mist,Winter,Casual
55985,Women,Perfume and Body Mist,Winter,Casual
55986,Women,Perfume and Body Mist,Winter,Casual
55987,Women,Perfume and Body Mist,Winter,Casual
55988,Women,Earrings,Winter,Casual
55989,Women,Socks,Spring,Casual
55990,Women,Perfume and Body Mist,Winter,Casual
55991,Women,Earrings,Winter,Casual
55992,Women,Perfume and Body Mist,Winter,Casual
55993,Women,Perfume and Body Mist,Winter,Casual
55994,Women,Perfume and Body Mist,Winter,Casual
55995,Women,Perfume and Body Mist,Winter,Casual
55996,Women,Perfume and Body Mist,Winter,Casual
55997,Women,Perfume and Body Mist,Winter,Casual
55998,Women,Perfume and Body Mist,Winter,Casual
55999,Women,Perfume and Body Mist,Winter,Casual
56000,Women,Perfume and Body Mist,Winter,Casual
56001,Women,Perfume and Body Mist,Winter,Casual
56002,Women,Earrings,Winter,Casual
56003,Women,Perfume and Body Mist,Winter,Casual
56004,Women,Perfume and Body Mist,Winter,Casual
56005,Women,Earrings,Winter,Casual
56006,Women,Perfume and Body Mist,Winter,Casual
56007,Women,Earrings,Winter,Casual
56008,Women,Earrings,Summer,Casual
56009,Women,Earrings,Summer,Casual
56010,Women,Perfume and Body Mist,Winter,Casual
56011,Women,Perfume and Body Mist,Winter,Casual
56012,Women,Perfume and Body Mist,Winter,Casual
56013,Women,Perfume and Body Mist,Winter,Casual
56014,Women,Perfume and Body Mist,Winter,Casual
56015,Women,Perfume and Body Mist,Winter,Casual
56016,Women,Earrings,Summer,Casual
56017,Women,Perfume and Body Mist,Winter,Casual
56018,Women,Perfume and Body Mist,Winter,Casual
56019,Women,Perfume and Body Mist,Summer,Casual
56020,Women,Perfume and Body Mist,Winter,Casual
56021,Women,Earrings,Winter,Casual
56022,Women,Perfume and Body Mist,Winter,Casual
56023,Women,Perfume and Body Mist,Winter,Casual
56024,Women,Perfume and Body Mist,Winter,Casual
56025,Women,Perfume and Body Mist,Winter,Casual
56026,Women,Perfume and Body Mist,Winter,Casual
56027,Women,Perfume and Body Mist,Winter,Casual
56028,Women,Perfume and Body Mist,Winter,Casual
56029,Women,Perfume and Body Mist,Winter,Casual
56030,Women,Perfume and Body Mist,Winter,Casual
56031,Women,Perfume and Body Mist,Winter,Casual
56032,Women,Perfume and Body Mist,Winter,Casual
56033,Women,Perfume and Body Mist,Winter,Casual
56034,Women,Perfume and Body Mist,Winter,Casual
56035,Women,Perfume and Body Mist,Winter,Casual
56036,Women,Perfume and Body Mist,Winter,Casual
56037,Women,Earrings,Winter,Casual
56038,Women,Earrings,Winter,Casual
56039,Women,Perfume and Body Mist,Summer,Casual
56040,Women,Perfume and Body Mist,Spring,Casual
56041,Women,Deodorant,Spring,Casual
56042,Women,Perfume and Body Mist,Spring,Casual
56043,Women,Deodorant,Spring,Casual
56044,Women,Earrings,Spring,Casual
56045,Women,Perfume and Body Mist,Spring,Casual
56046,Women,Perfume and Body Mist,Spring,Casual
56047,Women,Perfume and Body Mist,Spring,Casual
56048,Women,Earrings,Spring,Casual
56049,Women,Perfume and Body Mist,Spring,Casual
56050,Women,Perfume and Body Mist,Spring,Casual
56051,Women,Perfume and Body Mist,Spring,Casual
56052,Women,Earrings,Spring,Casual
56053,Women,Earrings,Spring,Casual
56054,Women,Earrings,Spring,Casual
56055,Women,Earrings,Spring,Casual
56056,Women,Earrings,Spring,Casual
56057,Women,Earrings,Spring,Casual
56058,Women,Earrings,Spring,Casual
56059,Women,Perfume and Body Mist,Spring,Casual
56060,Women,Earrings,Spring,Casual
56061,Women,Earrings,Spring,Casual
56062,Women,Earrings,Spring,Casual
56063,Women,Earrings,Spring,Casual
56064,Women,Earrings,Spring,Casual
56065,Women,Earrings,Spring,Casual
56066,Women,Earrings,Spring,Casual
56067,Women,Earrings,Spring,Casual
56068,Women,Sandals,Spring,Casual
56069,Women,Earrings,Summer,Casual
56070,Women,Kajal and Eyeliner,Spring,Casual
56071,Women,Perfume and Body Mist,Winter,Casual
56072,Women,Perfume and Body Mist,Winter,Casual
56073,Women,Perfume and Body Mist,Spring,Casual
56074,Women,Perfume and Body Mist,Spring,Formal
56075,Women,Earrings,Spring,Casual
56076,Women,Bra,Winter,Casual
56077,Women,Perfume and Body Mist,Spring,Casual
56078,Women,Perfume and Body Mist,Spring,Casual
56079,Women,Deodorant,Spring,Casual
56080,Women,Deodorant,Spring,Casual
56081,Women,Perfume and Body Mist,Spring,Casual
56082,Women,Earrings,Spring,Casual
56083,Women,Deodorant,Spring,Casual
56084,Women,Deodorant,Spring,Casual
56085,Women,Earrings,Spring,Casual
56086,Women,Perfume and Body Mist,Spring,Casual
56087,Women,Deodorant,Spring,Casual
56088,Women,Deodorant,Spring,Casual
56089,Women,Deodorant,Spring,Casual
56090,Women,Cufflinks,Spring,Casual
56091,Women,Earrings,Spring,Casual
56092,Women,Deodorant,Spring,Casual
56093,Women,Earrings,Spring,Casual
56094,Women,Perfume and Body Mist,Spring,Casual
56095,Women,Perfume and Body Mist,Spring,Casual
56096,Women,Deodorant,Spring,Casual
56097,Women,Earrings,Spring,Casual
56098,Women,Deodorant,Spring,Casual
56099,Women,Perfume and Body Mist,Spring,Casual
56100,Women,Deodorant,Spring,Casual
56101,Women,Earrings,Spring,Casual
56102,Women,Deodorant,Spring,Casual
56103,Women,Earrings,Spring,Casual
56104,Women,Earrings,Spring,Casual
56105,Women,Deodorant,Spring,Casual
56106,Women,Deodorant,Spring,Casual
56107,Women,Deodorant,Spring,Casual
56108,Women,Deodorant,Spring,Casual
56109,Men,Perfume and Body Mist,Summer,Casual
56110,Men,Shoe Accessories,Winter,Casual
56111,Men,Perfume and Body Mist,Winter,Casual
56112,Men,Perfume and Body Mist,Winter,Casual
56113,Women,Perfume and Body Mist,Winter,Casual
56114,Women,Perfume and Body Mist,Summer,Casual
56115,Women,Perfume and Body Mist,Winter,Casual
56116,Women,Perfume and Body Mist,Winter,Casual
56117,Women,Perfume and Body Mist,Winter,Casual
56118,Women,Perfume and Body Mist,Spring,Casual
56119,Women,Perfume and Body Mist,Spring,Casual
56120,Women,Perfume and Body Mist,Spring,Casual
56121,Women,Perfume and Body Mist,Spring,Casual
56122,Men,Perfume and Body Mist,Spring,Casual
56123,Women,Perfume and Body Mist,Spring,Casual
56124,Women,Perfume and Body Mist,Spring,Casual
56125,Women,Perfume and Body Mist,Winter,Casual
56126,Women,Deodorant,Summer,Casual
56127,Women,Earrings,Spring,Casual
56128,Women,Earrings,Spring,Casual
56129,Women,Perfume and Body Mist,Spring,Casual
56133,Women,Perfume and Body Mist,Spring,Casual
56134,Women,Perfume and Body Mist,Spring,Casual
56135,Women,Perfume and Body Mist,Winter,Casual
56136,Men,Perfume and Body Mist,Winter,Casual
56137,Women,Perfume and Body Mist,Winter,Casual
56138,Women,Perfume and Body Mist,Winter,Casual
56139,Women,Casual Shoes,Winter,Casual
56140,Women,Belts,Winter,Casual
56141,Women,Perfume and Body Mist,Winter,Casual
56142,Women,Perfume and Body Mist,Winter,Casual
56143,Unisex,Sandals,Summer,Sports
56144,Unisex,Sandals,Summer,Casual
56145,Women,Sports Shoes,Fall,Casual
56146,Unisex,Sandals,Summer,Sports
56147,Men,Sandals,Summer,Casual
56148,Women,Sandals,Summer,Sports
56149,Women,Ties,Spring,Casual
56150,Women,Perfume and Body Mist,Spring,Casual
56151,Women,Perfume and Body Mist,Spring,Casual
56152,Women,Kajal and Eyeliner,Winter,Casual
56153,Women,Deodorant,Winter,Casual
56154,Women,Perfume and Body Mist,Winter,Casual
56155,Women,Perfume and Body Mist,Spring,Casual
56156,Women,Bra,Winter,Casual
56157,Women,Perfume and Body Mist,Winter,Casual
56158,Women,Earrings,Spring,Casual
56159,Women,Ties,Spring,Casual
56160,Women,Ties,Spring,Casual
56161,Women,Perfume and Body Mist,Summer,Casual
56162,Women,Perfume and Body Mist,Spring,Casual
56164,Men,Briefs,Spring,Casual
56165,Women,Kajal and Eyeliner,Spring,Casual
56166,Men,Briefs,Spring,Casual
56167,Women,Kajal and Eyeliner,Spring,Casual
56168,Women,Perfume and Body Mist,Spring,Casual
56170,Women,Perfume and Body Mist,Spring,Casual
56171,Women,Earrings,Spring,Casual
56172,Women,Perfume and Body Mist,Spring,Casual
56173,Women,Earrings,Spring,Casual
56174,Women,Earrings,Spring,Casual
56175,Women,Earrings,Spring,Casual
56176,Women,Earrings,Spring,Casual
56177,Women,Earrings,Spring,Casual
56178,Women,Perfume and Body Mist,Spring,Casual
56179,Women,Perfume and Body Mist,Spring,Casual
56180,Women,Perfume and Body Mist,Spring,Casual
56181,Men,Sandals,Winter,Casual
56182,Men,Sandals,Winter,Casual
56183,Women,Belts,Winter,Casual
56184,Women,Belts,Winter,Casual
56185,Women,Casual Shoes,Winter,Casual
56186,Women,Casual Shoes,Summer,Casual
56187,Women,Casual Shoes,Summer,Casual
56188,Women,Casual Shoes,Winter,Casual
56189,Men,Sandals,Summer,Casual
56190,Women,Sandals,Winter,Casual
56191,Women,Sandals,Winter,Casual
56192,Women,Sandals,Winter,Casual
56193,Women,Belts,Summer,Casual
56194,Women,Casual Shoes,Summer,Casual
56195,Women,Sandals,Summer,Casual
56196,Women,Casual Shoes,Summer,Casual
56198,Women,Bangle,Winter,Casual
56199,Women,Earrings,Winter,Sports
56201,Women,Earrings,Winter,Casual
56202,Women,Pendant,Winter,Ethnic
56203,Women,Pendant,Winter,Casual
56205,Women,Pendant,Winter,Casual
56206,Women,Pendant,Winter,Casual
56207,Women,Pendant,Winter,Casual
56208,Women,Pendant,Winter,Casual
56209,Women,Pendant,Winter,Casual
56210,Women,Pendant,Winter,Ethnic
56211,Women,Pendant,Winter,Casual
56212,Women,Ties,Winter,Casual
56213,Women,Earrings,Winter,Casual
56214,Women,Earrings,Winter,Ethnic
56215,Women,Earrings,Winter,Ethnic
56216,Women,Earrings,Winter,Casual
56217,Women,Jewellery Set,Winter,Casual
56218,Women,Jewellery Set,Winter,Casual
56219,Women,Jewellery Set,Winter,Casual
56220,Women,Jewellery Set,Winter,Casual
56221,Men,Tshirts,Summer,Casual
56222,Men,Tshirts,Summer,Casual
56223,Women,Ties,Summer,Casual
56224,Men,Ties,Summer,Formal
56225,Men,Leggings,Summer,Casual
56226,Men,Ties,Summer,Casual
56227,Men,Tshirts,Summer,Casual
56228,Men,Kurta Sets,Summer,Casual
56229,Men,Ties,Summer,Casual
56230,Men,Ties,Summer,Casual
56231,Men,Ties,Summer,Casual
56232,Men,Night suits,Summer,Casual
56233,Men,Night suits,Summer,Casual
56234,Men,Tshirts,Summer,Casual
56235,Men,Ties,Fall,Casual
56236,Men,Night suits,Summer,Casual
56237,Men,Ties,Summer,Casual
56238,Men,Night suits,Summer,Casual
56239,Men,Night suits,Summer,Casual
56240,Men,Tshirts,Summer,Casual
56241,Men,Night suits,Summer,Casual
56243,Men,Night suits,Summer,Casual
56244,Women,Dresses,Summer,Casual
56245,Men,Night suits,Summer,Casual
56247,Men,Ties,Summer,Casual
56248,Men,Night suits,Summer,Casual
56249,Men,Night suits,Summer,Sports
56250,Men,Night suits,Summer,Casual
56251,Men,Leggings,Summer,Sports
56252,Men,Ties,Summer,Casual
56253,Men,Night suits,Summer,Casual
56254,Men,Night suits,Summer,Casual
56255,Men,Night suits,Summer,Casual
56256,Men,Night suits,Summer,Casual
56257,Men,Leggings,Summer,Casual
56258,Men,Night suits,Summer,Casual
56260,Men,Night suits,Summer,Casual
56261,Men,Night suits,Summer,Sports
56262,Men,Night suits,Summer,Casual
56263,Men,Night suits,Summer,Casual
56265,Women,Dresses,Summer,Casual
56266,Men,Dresses,Summer,Casual
56267,Men,Tshirts,Summer,Casual
56268,Men,Night suits,Summer,Casual
56269,Men,Dresses,Summer,Casual
56270,Women,Bra,Summer,Casual
56271,Women,Bra,Summer,Casual
56272,Women,Bra,Summer,Casual
56273,Women,Bra,Summer,Casual
56274,Women,Bra,Summer,Casual
56275,Women,Bra,Summer,Casual
56276,Women,Bra,Summer,Casual
56277,Women,Bra,Summer,Casual
56278,Women,Bra,Summer,Casual
56279,Women,Bra,Summer,Casual
56280,Women,Bra,Summer,Casual
56281,Women,Bra,Summer,Casual
56282,Women,Bra,Summer,Casual
56283,Women,Bra,Summer,Casual
56284,Women,Bra,Summer,Casual
56285,Women,Bra,Summer,Casual
56286,Women,Bra,Summer,Casual
56287,Women,Bra,Summer,Casual
56288,Women,Bra,Summer,Casual
56289,Women,Bra,Summer,Casual
56290,Men,Briefs,Summer,Casual
56291,Women,Briefs,Summer,Casual
56292,Women,Bra,Summer,Casual
56293,Women,Bra,Summer,Casual
56294,Women,Bra,Summer,Casual
56295,Women,Bra,Summer,Casual
56296,Men,Briefs,Summer,Casual
56297,Women,Briefs,Summer,Casual
56298,Women,Bra,Summer,Casual
56299,Women,Bra,Summer,Casual
56300,Women,Bra,Summer,Casual
56301,Women,Bra,Summer,Casual
56302,Women,Bra,Summer,Casual
56303,Men,Briefs,Summer,Casual
56304,Women,Briefs,Summer,Casual
56305,Women,Briefs,Summer,Casual
56306,Women,Bra,Summer,Casual
56307,Women,Bra,Summer,Casual
56308,Women,Briefs,Summer,Casual
56309,Women,Briefs,Summer,Casual
56310,Women,Bra,Summer,Casual
56311,Women,Bra,Summer,Casual
56312,Unisex,Watches,Winter,Casual
56313,Men,Watches,Winter,Casual
56314,Women,Wallets,Winter,Casual
56315,Women,Watches,Winter,Casual
56316,Women,Watches,Winter,Casual
56317,Women,Watches,Winter,Casual
56318,Women,Watches,Winter,Casual
56319,Men,Watches,Winter,Casual
56320,Women,Watches,Winter,Casual
56321,Women,Watches,Winter,Casual
56322,Women,Watches,Winter,Casual
56323,Women,Watches,Winter,Casual
56324,Women,Watches,Winter,Casual
56326,Men,Watches,Winter,Casual
56327,Women,Watches,Winter,Casual
56329,Men,Watches,Winter,Casual
56330,Men,Handbags,Winter,Casual
56331,Men,Watches,Winter,Casual
56332,Women,Watches,Winter,Casual
56333,Men,Watches,Winter,Casual
56335,Men,Watches,Winter,Casual
56336,Men,Watches,Winter,Casual
56337,Men,Watches,Winter,Casual
56338,Women,Watches,Winter,Casual
56339,Men,Watches,Winter,Casual
56340,Men,Watches,Winter,Casual
56341,Men,Watches,Winter,Casual
56342,Men,Watches,Winter,Casual
56343,Men,Wallets,Winter,Casual
56344,Men,Watches,Winter,Casual
56346,Men,Watches,Winter,Casual
56348,Men,Watches,Winter,Casual
56349,Men,Perfume and Body Mist,Spring,Casual
56351,Men,Perfume and Body Mist,Spring,Casual
56352,Men,Deodorant,Spring,Casual
56353,Men,Deodorant,Spring,Casual
56354,Men,Deodorant,Spring,Casual
56355,Women,Deodorant,Spring,Casual
56356,Men,Deodorant,Spring,Casual
56359,Women,Perfume and Body Mist,Spring,Casual
56360,Women,Perfume and Body Mist,Spring,Casual
56361,Men,Perfume and Body Mist,Spring,Casual
56362,Men,Perfume and Body Mist,Spring,Casual
56363,Men,Perfume and Body Mist,Spring,Casual
56364,Men,Perfume and Body Mist,Spring,Casual
56365,Men,Perfume and Body Mist,Spring,Casual
56366,Men,Perfume and Body Mist,Spring,Casual
56367,Women,Perfume and Body Mist,Spring,Casual
56368,Men,Perfume and Body Mist,Spring,Casual
56375,Men,Perfume and Body Mist,Spring,Casual
56376,Men,Perfume and Body Mist,Spring,Casual
56377,Men,Perfume and Body Mist,Spring,Casual
56378,Men,Perfume and Body Mist,Spring,Casual
56379,Men,Perfume and Body Mist,Spring,Casual
56380,Women,Perfume and Body Mist,Spring,Casual
56381,Women,Perfume and Body Mist,Spring,Casual
56385,Men,Perfume and Body Mist,Spring,Casual
56386,Women,Perfume and Body Mist,Spring,Casual
56388,Women,Perfume and Body Mist,Spring,Casual
56389,Women,Perfume and Body Mist,Spring,Casual
56390,Women,Perfume and Body Mist,Spring,Casual
56391,Women,Perfume and Body Mist,Spring,Casual
56392,Women,Perfume and Body Mist,Spring,Casual
56393,Men,Perfume and Body Mist,Spring,Casual
56394,Women,Perfume and Body Mist,Spring,Casual
56395,Men,Deodorant,Spring,Casual
56402,Women,Heels,Winter,Casual
56403,Women,Heels,Winter,Casual
56404,Women,Heels,Winter,Casual
56405,Women,Heels,Winter,Casual
56406,Women,Heels,Winter,Casual
56407,Women,Heels,Winter,Casual
56410,Men,Casual Shoes,Winter,Casual
56411,Men,Sandals,Winter,Casual
56412,Men,Sandals,Winter,Casual
56413,Men,Sandals,Winter,Casual
56414,Men,Sandals,Winter,Casual
56415,Men,Sandals,Winter,Casual
56416,Women,Bra,Summer,Casual
56417,Women,Bra,Summer,Casual
56418,Women,Bra,Summer,Casual
56419,Women,Bra,Summer,Casual
56420,Women,Bra,Summer,Casual
56421,Women,Bra,Summer,Casual
56422,Women,Bra,Summer,Casual
56423,Women,Bra,Summer,Casual
56424,Women,Belts,Winter,Casual
56425,Women,Sandals,Summer,Casual
56427,Women,Sandals,Summer,Casual
56428,Women,Sandals,Summer,Casual
56429,Women,Heels,Winter,Casual
56432,Women,Perfume and Body Mist,Spring,Casual
56436,Women,Perfume and Body Mist,Spring,Casual
56440,Women,Perfume and Body Mist,Spring,Casual
56443,Women,Deodorant,Spring,Casual
56444,Women,Perfume and Body Mist,Spring,Casual
56446,Women,Perfume and Body Mist,Spring,Casual
56447,Women,Perfume and Body Mist,Spring,Casual
56448,Women,Perfume and Body Mist,Spring,Casual
56450,Women,Perfume and Body Mist,Spring,Casual
56451,Women,Perfume and Body Mist,Spring,Casual
56452,Women,Wallets,Spring,Casual
56454,Women,Perfume and Body Mist,Spring,Casual
56455,Women,Perfume and Body Mist,Spring,Casual
56456,Women,Perfume and Body Mist,Spring,Casual
56458,Women,Wallets,Spring,Casual
56460,Women,Wallets,Spring,Casual
56461,Women,Perfume and Body Mist,Spring,Casual
56462,Women,Wallets,Spring,Casual
56463,Women,Perfume and Body Mist,Spring,Casual
56464,Women,Perfume and Body Mist,Spring,Casual
56465,Women,Wallets,Spring,Casual
56466,Women,Perfume and Body Mist,Spring,Casual
56467,Men,Perfume and Body Mist,Spring,Casual
56468,Men,Perfume and Body Mist,Spring,Casual
56469,Women,Perfume and Body Mist,Spring,Casual
56470,Women,Deodorant,Spring,Casual
56471,Women,Perfume and Body Mist,Spring,Casual
56472,Women,Perfume and Body Mist,Spring,Casual
56473,Women,Perfume and Body Mist,Spring,Casual
56474,Women,Perfume and Body Mist,Spring,Casual
56475,Men,Perfume and Body Mist,Spring,Casual
56476,Men,Perfume and Body Mist,Spring,Casual
56477,Women,Wallets,Spring,Casual
56478,Women,Perfume and Body Mist,Spring,Casual
56479,Women,Perfume and Body Mist,Spring,Casual
56480,Women,Perfume and Body Mist,Spring,Casual
56481,Women,Perfume and Body Mist,Spring,Casual
56482,Women,Perfume and Body Mist,Spring,Casual
56483,Women,Perfume and Body Mist,Spring,Casual
56484,Women,Perfume and Body Mist,Spring,Casual
56485,Women,Perfume and Body Mist,Spring,Casual
56486,Women,Perfume and Body Mist,Spring,Casual
56488,Women,Perfume and Body Mist,Spring,Casual
56489,Women,Wallets,Spring,Casual
56490,Women,Wallets,Spring,Casual
56491,Women,Perfume and Body Mist,Spring,Casual
56492,Women,Perfume and Body Mist,Spring,Casual
56493,Women,Perfume and Body Mist,Spring,Casual
56494,Women,Wallets,Spring,Casual
56495,Women,Perfume and Body Mist,Spring,Casual
56496,Women,Wallets,Spring,Casual
56497,Women,Perfume and Body Mist,Spring,Casual
56498,Women,Wallets,Spring,Casual
56499,Women,Wallets,Spring,Casual
56500,Women,Perfume and Body Mist,Spring,Casual
56501,Women,Wallets,Spring,Casual
56502,Women,Perfume and Body Mist,Spring,Casual
56503,Women,Perfume and Body Mist,Spring,Casual
56504,Women,Perfume and Body Mist,Spring,Casual
56505,Women,Perfume and Body Mist,Spring,Casual
56506,Men,Kajal and Eyeliner,Spring,Casual
56507,Men,Ties,Spring,Casual
56508,Women,Perfume and Body Mist,Spring,Casual
56509,Women,Perfume and Body Mist,Spring,Casual
56511,Women,Perfume and Body Mist,Spring,Casual
56512,Women,Perfume and Body Mist,Spring,Casual
56513,Women,Perfume and Body Mist,Summer,Casual
56515,Men,Deodorant,Spring,Casual
56516,Men,Deodorant,Spring,Casual
56517,Women,Perfume and Body Mist,Spring,Casual
56518,Men,Deodorant,Spring,Casual
56519,Women,Deodorant,Spring,Casual
56520,Women,Deodorant,Spring,Casual
56521,Women,Deodorant,Spring,Casual
56522,Women,Deodorant,Spring,Casual
56523,Women,Deodorant,Spring,Casual
56524,Women,Deodorant,Spring,Casual
56525,Women,Deodorant,Spring,Casual
56526,Women,Deodorant,Spring,Casual
56527,Men,Deodorant,Spring,Casual
56528,Women,Deodorant,Spring,Casual
56529,Women,Deodorant,Spring,Casual
56530,Women,Deodorant,Spring,Casual
56531,Women,Deodorant,Spring,Casual
56532,Women,Deodorant,Spring,Casual
56533,Women,Deodorant,Spring,Casual
56534,Women,Deodorant,Spring,Casual
56535,Women,Deodorant,Spring,Casual
56536,Women,Deodorant,Spring,Casual
56537,Women,Deodorant,Spring,Sports
56539,Women,Deodorant,Spring,Casual
56540,Women,Deodorant,Spring,Casual
56541,Women,Deodorant,Spring,Casual
56542,Women,Perfume and Body Mist,Spring,Casual
56543,Women,Earrings,Spring,Casual
56544,Women,Deodorant,Spring,Casual
56545,Women,Deodorant,Spring,Casual
56546,Women,Perfume and Body Mist,Spring,Casual
56547,Women,Ties,Spring,Casual
56548,Women,Kajal and Eyeliner,Spring,Casual
56549,Women,Kajal and Eyeliner,Spring,Casual
56550,Women,Kajal and Eyeliner,Spring,Casual
56551,Women,Deodorant,Spring,Casual
56553,Women,Deodorant,Spring,Casual
56554,Women,Deodorant,Spring,Casual
56555,Women,Perfume and Body Mist,Spring,Casual
56556,Men,Kajal and Eyeliner,Spring,Casual
56558,Men,Kajal and Eyeliner,Spring,Casual
56559,Men,Ties,Spring,Casual
56560,Women,Perfume and Body Mist,Spring,Casual
56561,Men,Kajal and Eyeliner,Spring,Casual
56562,Men,Kajal and Eyeliner,Spring,Casual
56563,Men,Ties,Spring,Casual
56564,Men,Ties,Spring,Casual
56565,Men,Ties,Spring,Casual
56566,Women,Ties,Spring,Casual
56568,Women,Perfume and Body Mist,Spring,Casual
56569,Women,Perfume and Body Mist,Spring,Casual
56570,Women,Perfume and Body Mist,Spring,Casual
56571,Women,Wallets,Spring,Casual
56572,Men,Wallets,Spring,Casual
56573,Women,Wallets,Spring,Casual
56574,Women,Perfume and Body Mist,Spring,Casual
56575,Men,Deodorant,Summer,Casual
56576,Men,Deodorant,Summer,Casual
56579,Women,Perfume and Body Mist,Spring,Casual
56580,Men,Ring,Winter,Casual
56581,Women,Heels,Winter,Casual
56582,Women,Heels,Winter,Casual
56583,Women,Perfume and Body Mist,Spring,Casual
56584,Women,Deodorant,Spring,Casual
56585,Women,Deodorant,Spring,Casual
56588,Women,Ties,Spring,Casual
56590,Women,Perfume and Body Mist,Spring,Casual
56591,Women,Perfume and Body Mist,Spring,Casual
56592,Women,Perfume and Body Mist,Summer,Casual
56593,Men,Perfume and Body Mist,Spring,Casual
56594,Women,Perfume and Body Mist,Spring,Casual
56597,Women,Kajal and Eyeliner,Spring,Casual
56598,Women,Kajal and Eyeliner,Spring,Casual
56599,Women,Kajal and Eyeliner,Spring,Casual
56600,Men,Deodorant,Spring,Casual
56601,Women,Kajal and Eyeliner,Spring,Casual
56602,Women,Ties,Spring,Casual
56603,Women,Ties,Spring,Casual
56604,Women,Deodorant,Spring,Casual
56605,Men,Ties,Spring,Casual
56606,Women,Sandals,Winter,Casual
56607,Women,Sandals,Winter,Casual
56608,Women,Sandals,Winter,Casual
56609,Men,Casual Shoes,Summer,Casual
56610,Men,Casual Shoes,Summer,Casual
56611,Women,Belts,Summer,Casual
56612,Women,Wallets,Summer,Casual
56613,Women,Wallets,Summer,Casual
56614,Women,Wallets,Summer,Casual
56615,Women,Perfume and Body Mist,Winter,Casual
56616,Women,Perfume and Body Mist,Winter,Casual
56617,Women,Handbags,Summer,Casual
56618,Women,Socks,Summer,Casual
56619,Women,Belts,Winter,Casual
56620,Men,Handbags,Summer,Casual
56622,Women,Perfume and Body Mist,Spring,Casual
56624,Women,Perfume and Body Mist,Spring,Casual
56626,Men,Perfume and Body Mist,Spring,Casual
56627,Women,Perfume and Body Mist,Spring,Casual
56631,Men,Deodorant,Spring,Casual
56632,Women,Perfume and Body Mist,Spring,Casual
56634,Men,Watches,Spring,Casual
56638,Women,Tunics,Summer,Casual
56639,Women,Tunics,Summer,Ethnic
56640,Women,Kurtis,Summer,Ethnic
56642,Women,Tops,Summer,Ethnic
56643,Women,Tops,Summer,Casual
56646,Women,Tops,Summer,Casual
56647,Women,Tshirts,Summer,Casual
56649,Women,Tops,Summer,Casual
56650,Women,Tops,Summer,Casual
56651,Women,Tops,Summer,Casual
56652,Men,Formal Shoes,Winter,Formal
56653,Men,Casual Shoes,Spring,Casual
56654,Men,Casual Shoes,Summer,Casual
56655,Men,Casual Shoes,Winter,Casual
56656,Men,Casual Shoes,Winter,Casual
56657,Men,Casual Shoes,Summer,Casual
56658,Men,Casual Shoes,Summer,Casual
56659,Men,Formal Shoes,Winter,Formal
56660,Men,Casual Shoes,Winter,Casual
56661,Men,Casual Shoes,Winter,Casual
56662,Men,Casual Shoes,Winter,Casual
56663,Men,Casual Shoes,Winter,Casual
56664,Men,Casual Shoes,Winter,Casual
56665,Men,Casual Shoes,Winter,Casual
56666,Men,Casual Shoes,Summer,Casual
56667,Men,Watches,Winter,Casual
56668,Men,Watches,Winter,Casual
56669,Men,Watches,Winter,Casual
56670,Men,Watches,Winter,Casual
56671,Men,Watches,Winter,Casual
56672,Men,Watches,Winter,Casual
56673,Men,Watches,Winter,Casual
56674,Men,Watches,Winter,Casual
56675,Men,Watches,Winter,Casual
56676,Men,Watches,Winter,Casual
56677,Men,Watches,Winter,Casual
56678,Men,Watches,Winter,Casual
56679,Women,Heels,Winter,Casual
56680,Women,Heels,Winter,Casual
56681,Men,Watches,Winter,Casual
56682,Men,Watches,Winter,Casual
56684,Women,Sarees,Summer,Ethnic
56685,Women,Sarees,Summer,Ethnic
56686,Women,Sarees,Summer,Ethnic
56687,Men,Kurtas,Summer,Ethnic
56688,Men,Kurtas,Summer,Ethnic
56689,Men,Kurtas,Summer,Ethnic
56691,Men,Kurtas,Summer,Ethnic
56692,Men,Kurtas,Summer,Casual
56693,Men,Tshirts,Summer,Casual
56694,Men,Shirts,Summer,Casual
56695,Men,Tshirts,Summer,Casual
56696,Men,Tshirts,Summer,Casual
56697,Men,Shirts,Summer,Casual
56698,Men,Tshirts,Summer,Casual
56699,Men,Shirts,Summer,Casual
56700,Men,Shirts,Summer,Casual
56701,Men,Tshirts,Summer,Casual
56702,Men,Tshirts,Summer,Casual
56703,Men,Tops,Summer,Casual
56704,Men,Shirts,Summer,Casual
56705,Women,Dresses,Summer,Ethnic
56709,Women,Kurtas,Summer,Ethnic
56711,Women,Kurtas,Summer,Ethnic
56713,Women,Kurtas,Summer,Ethnic
56714,Women,Kurtas,Summer,Ethnic
56715,Women,Kurtas,Summer,Ethnic
56718,Women,Kurtas,Summer,Ethnic
56720,Men,Casual Shoes,Summer,Casual
56721,Men,Casual Shoes,Summer,Casual
56722,Men,Casual Shoes,Summer,Casual
56723,Men,Casual Shoes,Fall,Casual
56724,Men,Flip Flops,Winter,Casual
56725,Men,Tshirts,Summer,Casual
56733,Men,Tshirts,Summer,Casual
56734,Men,Tshirts,Summer,Casual
56736,Men,Tshirts,Summer,Casual
56752,Men,Tshirts,Spring,Casual
56753,Men,Tshirts,Spring,Casual
56765,Men,Tops,Summer,Casual
56769,Men,Shirts,Summer,Casual
56770,Men,Shirts,Summer,Casual
56771,Men,Shirts,Summer,Casual
56787,Men,Shirts,Spring,Casual
56795,Men,Jeans,Summer,Casual
56798,Men,Jeans,Summer,Casual
56805,Women,Kurta Sets,Summer,Ethnic
56806,Women,Kurtas,Summer,Ethnic
56807,Women,Dresses,Summer,Casual
56808,Women,Kurtas,Summer,Casual
56809,Women,Dupatta,Summer,Ethnic
56810,Women,Kurtas,Summer,Ethnic
56811,Women,Tops,Summer,Ethnic
56812,Women,Kurtas,Summer,Ethnic
56813,Women,Kurtas,Summer,Ethnic
56814,Women,Tops,Summer,Ethnic
56815,Women,Kurtas,Summer,Ethnic
56816,Men,Shirts,Summer,Casual
56817,Women,Tops,Summer,Casual
56818,Men,Shirts,Summer,Casual
56819,Men,Shirts,Summer,Casual
56820,Men,Shirts,Spring,Casual
56821,Men,Shorts,Summer,Casual
56822,Men,Shorts,Summer,Casual
56825,Men,Tshirts,Summer,Casual
56827,Men,Jeans,Fall,Casual
56828,Women,Jeans,Summer,Casual
56829,Men,Ties,Fall,Casual
56843,Men,Jeans,Summer,Casual
56844,Men,Jeans,Summer,Casual
56845,Men,Track Pants,Spring,Casual
56846,Men,Trousers,Fall,Casual
56847,Men,Jeans,Summer,Casual
56849,Men,Jeans,Summer,Casual
56850,Men,Jeans,Summer,Casual
56852,Women,Jeans,Fall,Casual
56854,Men,Shirts,Summer,Casual
56855,Men,Shirts,Summer,Casual
56856,Men,Flip Flops,Summer,Casual
56857,Unisex,Flip Flops,Spring,Casual
56858,Men,Flip Flops,Winter,Casual
56859,Women,Flip Flops,Winter,Casual
56860,Women,Heels,Winter,Casual
56861,Women,Flats,Winter,Casual
56862,Women,Flats,Winter,Casual
56863,Women,Heels,Winter,Casual
56864,Women,Heels,Winter,Casual
56865,Women,Heels,Winter,Casual
56866,Women,Flats,Winter,Casual
56867,Girls,Casual Shoes,Winter,Casual
56868,Women,Flats,Winter,Casual
56869,Women,Heels,Winter,Casual
56870,Women,Casual Shoes,Winter,Casual
56871,Women,Heels,Winter,Casual
56872,Women,Heels,Winter,Casual
56873,Men,Flats,Winter,Casual
56874,Women,Heels,Winter,Casual
56875,Women,Heels,Winter,Casual
56876,Women,Heels,Winter,Casual
56877,Women,Heels,Winter,Casual
56878,Women,Heels,Winter,Casual
56879,Women,Heels,Winter,Casual
56880,Women,Heels,Winter,Casual
56881,Women,Heels,Winter,Casual
56882,Women,Heels,Winter,Casual
56883,Women,Heels,Winter,Casual
56884,Women,Heels,Winter,Casual
56885,Women,Heels,Winter,Casual
56886,Women,Heels,Winter,Casual
56887,Women,Heels,Winter,Casual
56888,Women,Heels,Winter,Casual
56889,Women,Flats,Winter,Casual
56890,Women,Heels,Winter,Casual
56891,Women,Flip Flops,Winter,Casual
56893,Women,Flats,Winter,Casual
56894,Women,Heels,Winter,Casual
56895,Women,Heels,Winter,Casual
56896,Women,Heels,Winter,Casual
56897,Women,Heels,Winter,Casual
56898,Women,Heels,Winter,Casual
56899,Women,Heels,Winter,Casual
56900,Women,Heels,Winter,Casual
56901,Women,Heels,Winter,Casual
56902,Women,Heels,Winter,Casual
56903,Women,Heels,Winter,Casual
56904,Women,Flats,Winter,Casual
56905,Women,Flats,Winter,Casual
56906,Women,Flats,Winter,Casual
56907,Women,Heels,Winter,Casual
56908,Women,Heels,Winter,Casual
56909,Women,Flats,Winter,Casual
56910,Women,Flats,Winter,Casual
56911,Women,Heels,Winter,Casual
56912,Women,Flats,Winter,Casual
56913,Women,Flip Flops,Winter,Casual
56914,Women,Heels,Winter,Casual
56915,Women,Heels,Winter,Casual
56916,Women,Heels,Winter,Casual
56917,Women,Heels,Winter,Casual
56918,Women,Flats,Winter,Casual
56919,Women,Heels,Winter,Casual
56920,Women,Heels,Winter,Casual
56921,Women,Heels,Winter,Casual
56922,Women,Heels,Winter,Casual
56923,Women,Heels,Winter,Casual
56924,Women,Heels,Winter,Casual
56925,Women,Flip Flops,Winter,Casual
56926,Women,Flip Flops,Winter,Casual
56927,Women,Heels,Winter,Casual
56928,Women,Heels,Winter,Casual
56929,Women,Heels,Winter,Casual
56930,Women,Heels,Winter,Casual
56931,Women,Flats,Winter,Casual
56932,Women,Flats,Winter,Casual
56933,Unisex,Heels,Winter,Casual
56934,Women,Heels,Winter,Casual
56935,Women,Heels,Winter,Casual
56936,Women,Heels,Winter,Casual
56937,Women,Heels,Winter,Casual
56938,Women,Heels,Winter,Casual
56939,Women,Flats,Winter,Casual
56940,Women,Heels,Winter,Casual
56941,Women,Heels,Winter,Casual
56942,Women,Heels,Winter,Casual
56943,Women,Heels,Winter,Casual
56944,Women,Heels,Winter,Casual
56945,Women,Heels,Winter,Casual
56946,Women,Heels,Winter,Casual
56947,Women,Heels,Winter,Casual
56948,Women,Heels,Winter,Casual
56949,Women,Flats,Winter,Casual
56950,Women,Flats,Winter,Casual
56951,Women,Heels,Winter,Casual
56952,Women,Heels,Winter,Casual
56953,Women,Heels,Winter,Casual
56954,Women,Heels,Winter,Casual
56955,Women,Heels,Winter,Casual
56956,Women,Flats,Winter,Casual
56957,Women,Heels,Winter,Casual
56958,Women,Heels,Winter,Casual
56959,Women,Heels,Winter,Casual
56960,Women,Heels,Winter,Casual
56961,Women,Heels,Winter,Casual
56962,Women,Heels,Winter,Casual
56963,Women,Heels,Winter,Casual
56964,Women,Flip Flops,Winter,Casual
56965,Women,Flip Flops,Winter,Casual
56966,Women,Heels,Winter,Casual
56967,Women,Flats,Winter,Casual
56968,Women,Flip Flops,Winter,Casual
56969,Women,Flip Flops,Winter,Casual
56970,Women,Flip Flops,Winter,Casual
56971,Women,Heels,Winter,Casual
56972,Women,Heels,Winter,Casual
56973,Women,Heels,Winter,Casual
56974,Women,Flats,Winter,Casual
56975,Women,Heels,Winter,Casual
56976,Women,Heels,Winter,Casual
56977,Women,Heels,Winter,Casual
56978,Women,Flats,Winter,Casual
56979,Women,Flip Flops,Winter,Casual
56980,Women,Flip Flops,Winter,Casual
56981,Women,Flats,Winter,Casual
56982,Women,Flats,Winter,Casual
56983,Women,Flats,Winter,Casual
56984,Women,Flats,Winter,Casual
56985,Women,Heels,Winter,Casual
56986,Women,Flats,Winter,Casual
56987,Women,Heels,Winter,Casual
56988,Women,Heels,Winter,Casual
56989,Women,Flats,Winter,Casual
56990,Women,Heels,Winter,Casual
56991,Women,Heels,Winter,Casual
56992,Women,Flats,Winter,Casual
56993,Women,Flats,Winter,Casual
56994,Women,Heels,Winter,Casual
56995,Women,Heels,Winter,Casual
56996,Women,Heels,Winter,Casual
56997,Women,Heels,Winter,Casual
56998,Women,Heels,Winter,Casual
56999,Women,Heels,Winter,Casual
57000,Women,Heels,Winter,Casual
57001,Women,Flats,Winter,Casual
57002,Women,Heels,Winter,Casual
57003,Women,Heels,Winter,Casual
57004,Women,Heels,Winter,Casual
57005,Women,Heels,Winter,Casual
57006,Women,Heels,Winter,Casual
57007,Women,Heels,Winter,Casual
57008,Women,Flats,Winter,Casual
57009,Women,Flats,Winter,Casual
57010,Women,Flats,Winter,Casual
57011,Women,Flats,Winter,Casual
57012,Women,Flats,Winter,Casual
57013,Women,Flats,Winter,Casual
57014,Women,Heels,Winter,Casual
57015,Men,Briefs,Summer,Casual
57016,Men,Briefs,Winter,Casual
57017,Men,Briefs,Summer,Casual
57018,Men,Briefs,Summer,Casual
57019,Men,Briefs,Summer,Casual
57021,Men,Briefs,Summer,Casual
57022,Men,Briefs,Summer,Casual
57023,Men,Briefs,Summer,Casual
57024,Men,Briefs,Summer,Casual
57025,Men,Briefs,Summer,Casual
57026,Men,Briefs,Summer,Casual
57027,Men,Briefs,Summer,Casual
57028,Men,Tops,Summer,Casual
57029,Women,Tops,Summer,Casual
57030,Women,Dresses,Summer,Casual
57031,Women,Ties,Summer,Casual
57032,Women,Tops,Summer,Casual
57033,Women,Tops,Summer,Casual
57034,Women,Dresses,Summer,Casual
57035,Women,Dresses,Summer,Casual
57036,Women,Sarees,Summer,Ethnic
57037,Women,Dresses,Summer,Casual
57038,Women,Dresses,Summer,Casual
57039,Women,Dresses,Summer,Casual
57040,Women,Dresses,Summer,Casual
57041,Women,Dresses,Summer,Casual
57042,Women,Dresses,Summer,Casual
57043,Women,Dresses,Summer,Casual
57044,Women,Dresses,Summer,Casual
57045,Women,Dresses,Summer,Casual
57046,Women,Dresses,Summer,Ethnic
57047,Women,Dresses,Summer,Ethnic
57048,Women,Dresses,Summer,Casual
57049,Women,Dresses,Summer,Casual
57050,Women,Dresses,Summer,Casual
57051,Women,Tops,Summer,Casual
57052,Women,Dresses,Summer,Ethnic
57053,Women,Dresses,Summer,Ethnic
57054,Women,Dresses,Summer,Casual
57055,Women,Dresses,Summer,Casual
57056,Women,Dresses,Summer,Casual
57057,Women,Dresses,Summer,Ethnic
57058,Women,Dresses,Summer,Casual
57059,Women,Dresses,Summer,Casual
57060,Women,Dresses,Summer,Casual
57061,Women,Dresses,Summer,Casual
57062,Women,Tshirts,Summer,Casual
57063,Women,Shirts,Fall,Casual
57064,Women,Tops,Summer,Casual
57065,Women,Tops,Summer,Casual
57066,Women,Sandals,Summer,Casual
57067,Women,Tops,Summer,Casual
57068,Women,Tops,Summer,Casual
57069,Women,Tops,Summer,Casual
57070,Women,Jeans,Summer,Casual
57071,Women,Trousers,Summer,Casual
57072,Women,Leggings,Summer,Casual
57073,Women,Jeans,Summer,Casual
57074,Women,Jeans,Summer,Casual
57075,Women,Leggings,Summer,Casual
57076,Women,Jeans,Summer,Casual
57077,Women,Jeans,Summer,Casual
57078,Men,Dresses,Summer,Casual
57079,Women,Tops,Summer,Casual
57080,Women,Shirts,Summer,Casual
57081,Women,Tops,Summer,Casual
57082,Women,Skirts,Summer,Casual
57083,Women,Skirts,Summer,Casual
57084,Women,Skirts,Summer,Casual
57085,Women,Ties,Summer,Casual
57086,Women,Skirts,Summer,Casual
57087,Women,Dresses,Summer,Casual
57088,Women,Skirts,Summer,Formal
57089,Women,Skirts,Summer,Ethnic
57090,Women,Skirts,Summer,Casual
57091,Women,Skirts,Summer,Casual
57092,Women,Dresses,Summer,Casual
57093,Women,Leggings,Summer,Casual
57094,Women,Skirts,Summer,Casual
57095,Women,Skirts,Summer,Casual
57096,Women,Ties,Summer,Ethnic
57097,Women,Leggings,Summer,Casual
57099,Women,Skirts,Summer,Casual
57100,Women,Tops,Summer,Casual
57101,Women,Stoles,Summer,Casual
57102,Women,Tops,Fall,Casual
57103,Women,Tops,Summer,Casual
57104,Men,Tops,Summer,Casual
57105,Women,Tops,Summer,Casual
57106,Women,Tops,Summer,Casual
57107,Women,Tops,Summer,Casual
57108,Women,Tops,Summer,Casual
57109,Women,Tops,Summer,Casual
57110,Men,Shirts,Summer,Casual
57111,Women,Tops,Summer,Casual
57112,Women,Tops,Summer,Casual
57114,Women,Tops,Summer,Casual
57115,Women,Dresses,Summer,Casual
57116,Women,Tops,Summer,Casual
57117,Women,Tops,Summer,Casual
57118,Women,Tops,Summer,Casual
57119,Women,Dresses,Summer,Casual
57120,Women,Tops,Summer,Casual
57121,Women,Tops,Summer,Casual
57122,Women,Tops,Summer,Casual
57123,Women,Tops,Summer,Casual
57124,Women,Dresses,Summer,Casual
57125,Women,Tops,Summer,Casual
57126,Women,Tops,Summer,Casual
57127,Women,Tops,Summer,Casual
57128,Women,Tops,Summer,Casual
57129,Women,Tops,Summer,Casual
57130,Women,Tops,Summer,Casual
57131,Women,Tops,Summer,Casual
57132,Women,Dresses,Summer,Casual
57133,Women,Tops,Summer,Casual
57134,Women,Tops,Summer,Casual
57135,Women,Tops,Summer,Casual
57136,Women,Trousers,Summer,Casual
57137,Women,Trousers,Summer,Casual
57138,Women,Ties,Summer,Casual
57139,Women,Trousers,Fall,Casual
57140,Women,Ties,Summer,Casual
57141,Women,Leggings,Summer,Casual
57142,Women,Tops,Summer,Casual
57143,Women,Tops,Summer,Casual
57144,Women,Dresses,Summer,Casual
57145,Women,Tops,Summer,Casual
57146,Women,Tops,Summer,Casual
57147,Women,Tops,Summer,Casual
57148,Women,Tops,Summer,Casual
57149,Women,Tops,Summer,Casual
57150,Women,Tops,Summer,Casual
57151,Women,Tops,Summer,Casual
57152,Women,Tops,Summer,Casual
57153,Women,Tops,Summer,Casual
57154,Women,Tops,Summer,Casual
57155,Women,Tops,Summer,Ethnic
57156,Women,Tops,Summer,Casual
57157,Women,Tops,Summer,Casual
57158,Women,Tops,Summer,Casual
57159,Women,Tops,Summer,Casual
57160,Women,Tops,Summer,Casual
57161,Women,Tops,Summer,Casual
57162,Women,Tops,Summer,Casual
57163,Women,Tops,Summer,Casual
57164,Women,Tops,Summer,Casual
57165,Women,Tops,Summer,Casual
57166,Women,Tops,Summer,Casual
57167,Women,Innerwear Vests,Summer,Casual
57168,Women,Tops,Summer,Casual
57169,Women,Tops,Summer,Casual
57170,Women,Tops,Summer,Casual
57171,Women,Dresses,Summer,Casual
57172,Women,Tops,Summer,Casual
57173,Women,Tops,Summer,Casual
57174,Women,Tops,Summer,Casual
57175,Women,Tops,Summer,Casual
57176,Women,Tops,Summer,Casual
57177,Women,Tshirts,Summer,Ethnic
57178,Women,Tops,Summer,Casual
57179,Men,Tops,Summer,Casual
57180,Women,Tops,Summer,Casual
57181,Women,Dresses,Summer,Casual
57182,Women,Dresses,Summer,Ethnic
57183,Women,Dresses,Summer,Casual
57184,Women,Dresses,Summer,Casual
57185,Women,Dresses,Summer,Ethnic
57186,Women,Dresses,Summer,Casual
57187,Women,Dresses,Summer,Casual
57188,Women,Tops,Summer,Ethnic
57189,Women,Tops,Summer,Casual
57190,Women,Tops,Summer,Casual
57191,Women,Tops,Summer,Casual
57192,Men,Dresses,Summer,Casual
57193,Women,Tops,Summer,Casual
57194,Women,Tops,Summer,Casual
57195,Women,Dresses,Summer,Casual
57196,Women,Tops,Summer,Ethnic
57197,Women,Tops,Summer,Casual
57198,Women,Tops,Summer,Ethnic
57199,Women,Dresses,Summer,Casual
57200,Women,Dresses,Summer,Casual
57201,Women,Tops,Summer,Casual
57202,Women,Dresses,Summer,Casual
57203,Women,Dresses,Summer,Ethnic
57204,Women,Capris,Summer,Casual
57205,Women,Capris,Summer,Casual
57207,Women,Capris,Summer,Casual
57208,Women,Leggings,Summer,Casual
57209,Women,Jeans,Summer,Casual
57210,Women,Trousers,Summer,Casual
57211,Women,Trousers,Summer,Casual
57212,Women,Jeans,Summer,Casual
57213,Women,Jeans,Summer,Casual
57214,Women,Trousers,Summer,Casual
57215,Women,Trousers,Summer,Casual
57216,Men,Leggings,Summer,Casual
57217,Women,Capris,Summer,Casual
57218,Women,Shorts,Summer,Casual
57225,Women,Handbags,Winter,Casual
57226,Women,Handbags,Winter,Casual
57229,Women,Handbags,Winter,Casual
57230,Women,Handbags,Winter,Casual
57231,Women,Handbags,Winter,Casual
57235,Women,Handbags,Summer,Casual
57236,Women,Handbags,Winter,Casual
57237,Women,Handbags,Winter,Casual
57238,Women,Handbags,Winter,Casual
57239,Women,Handbags,Winter,Casual
57240,Women,Handbags,Winter,Casual
57241,Women,Handbags,Winter,Casual
57242,Women,Handbags,Winter,Casual
57243,Women,Handbags,Winter,Casual
57244,Women,Handbags,Winter,Casual
57246,Women,Handbags,Winter,Casual
57247,Women,Handbags,Winter,Casual
57252,Women,Handbags,Winter,Casual
57253,Women,Handbags,Winter,Casual
57254,Women,Handbags,Winter,Casual
57255,Women,Handbags,Summer,Casual
57256,Women,Handbags,Summer,Casual
57258,Women,Handbags,Summer,Casual
57259,Women,Handbags,Winter,Casual
57261,Women,Handbags,Winter,Casual
57262,Women,Handbags,Winter,Casual
57263,Women,Handbags,Winter,Casual
57264,Women,Handbags,Winter,Casual
57266,Women,Handbags,Winter,Casual
57268,Men,Tshirts,Spring,Casual
57273,Men,Tops,Spring,Casual
57274,Men,Shirts,Summer,Casual
57275,Men,Shirts,Summer,Casual
57276,Men,Shirts,Summer,Casual
57277,Men,Tops,Summer,Casual
57280,Men,Shirts,Summer,Casual
57281,Men,Jackets,Summer,Casual
57282,Men,Shirts,Summer,Casual
57283,Men,Shirts,Summer,Casual
57284,Men,Shirts,Summer,Casual
57285,Men,Shirts,Summer,Casual
57286,Men,Shirts,Summer,Casual
57287,Men,Shirts,Summer,Casual
57288,Men,Tshirts,Summer,Casual
57289,Men,Shirts,Summer,Casual
57290,Men,Shirts,Summer,Casual
57291,Men,Shirts,Summer,Casual
57292,Men,Shirts,Summer,Casual
57293,Men,Tops,Summer,Ethnic
57294,Men,Shirts,Summer,Casual
57295,Men,Shirts,Summer,Casual
57296,Men,Shirts,Summer,Casual
57297,Men,Shirts,Summer,Casual
57298,Women,Flats,Winter,Casual
57299,Women,Flats,Winter,Casual
57300,Women,Heels,Winter,Casual
57301,Women,Heels,Winter,Casual
57302,Women,Heels,Winter,Casual
57303,Women,Heels,Winter,Casual
57304,Women,Heels,Winter,Casual
57305,Women,Heels,Winter,Casual
57306,Women,Heels,Winter,Casual
57307,Women,Flats,Winter,Casual
57308,Women,Flats,Winter,Casual
57309,Women,Flats,Winter,Casual
57310,Men,Tshirts,Summer,Casual
57311,Women,Bra,Summer,Casual
57312,Women,Bra,Summer,Casual
57313,Women,Bra,Summer,Casual
57316,Women,Bra,Summer,Casual
57318,Women,Bra,Summer,Sports
57319,Women,Bra,Summer,Casual
57320,Women,Bra,Summer,Sports
57321,Women,Bra,Summer,Casual
57322,Women,Bra,Summer,Casual
57323,Women,Bra,Summer,Casual
57324,Women,Bra,Summer,Casual
57325,Women,Bra,Summer,Casual
57326,Women,Bra,Winter,Casual
57327,Women,Bra,Summer,Casual
57328,Women,Bra,Summer,Casual
57329,Women,Bra,Summer,Casual
57330,Women,Bra,Summer,Casual
57331,Women,Bra,Summer,Casual
57333,Women,Bra,Summer,Casual
57334,Women,Bra,Summer,Casual
57335,Women,Bra,Summer,Casual
57336,Women,Bra,Summer,Casual
57338,Women,Bra,Summer,Casual
57339,Women,Bra,Summer,Casual
57340,Women,Bra,Summer,Casual
57342,Women,Bra,Winter,Casual
57343,Women,Bra,Summer,Casual
57344,Women,Bra,Summer,Casual
57345,Women,Bra,Summer,Casual
57346,Women,Bra,Summer,Casual
57347,Women,Bra,Summer,Casual
57348,Women,Bra,Summer,Casual
57349,Women,Bra,Summer,Casual
57350,Women,Bra,Summer,Casual
57351,Women,Bra,Summer,Casual
57352,Women,Bra,Summer,Casual
57353,Women,Bra,Summer,Casual
57354,Women,Bra,Summer,Casual
57355,Women,Bra,Summer,Casual
57356,Women,Bra,Summer,Casual
57357,Women,Bra,Winter,Casual
57358,Women,Bra,Winter,Casual
57359,Women,Bra,Summer,Casual
57360,Women,Bra,Summer,Casual
57361,Women,Bra,Summer,Casual
57362,Women,Bra,Summer,Casual
57363,Women,Bra,Summer,Casual
57365,Women,Briefs,Summer,Casual
57366,Women,Briefs,Summer,Casual
57367,Women,Briefs,Summer,Casual
57368,Men,Briefs,Summer,Casual
57369,Women,Briefs,Summer,Casual
57370,Women,Briefs,Summer,Casual
57371,Women,Briefs,Summer,Casual
57372,Women,Briefs,Summer,Casual
57373,Men,Briefs,Summer,Casual
57374,Men,Briefs,Summer,Casual
57375,Women,Briefs,Summer,Casual
57376,Men,Briefs,Winter,Casual
57378,Women,Briefs,Summer,Casual
57379,Women,Briefs,Summer,Casual
57380,Women,Briefs,Summer,Casual
57382,Women,Briefs,Winter,Casual
57383,Women,Briefs,Summer,Casual
57384,Women,Briefs,Summer,Casual
57388,Men,Briefs,Winter,Casual
57389,Women,Earrings,Summer,Casual
57390,Women,Briefs,Summer,Casual
57391,Women,Briefs,Summer,Casual
57392,Women,Briefs,Summer,Casual
57393,Men,Briefs,Winter,Casual
57395,Women,Briefs,Summer,Casual
57397,Women,Briefs,Summer,Casual
57398,Women,Briefs,Summer,Casual
57399,Women,Briefs,Summer,Casual
57400,Women,Briefs,Summer,Casual
57401,Men,Briefs,Summer,Casual
57402,Women,Briefs,Summer,Casual
57403,Women,Briefs,Summer,Casual
57404,Women,Briefs,Summer,Casual
57405,Women,Briefs,Summer,Casual
57406,Women,Briefs,Summer,Casual
57407,Women,Briefs,Summer,Casual
57408,Women,Briefs,Summer,Casual
57409,Women,Briefs,Summer,Casual
57410,Women,Briefs,Summer,Casual
57411,Women,Briefs,Summer,Casual
57412,Women,Briefs,Summer,Casual
57413,Women,Briefs,Summer,Casual
57414,Men,Briefs,Summer,Casual
57415,Women,Briefs,Summer,Casual
57416,Women,Ties,Summer,Casual
57418,Women,Nightdress,Summer,Casual
57419,Women,Dresses,Summer,Casual
57420,Women,Tshirts,Summer,Casual
57421,Women,Tshirts,Summer,Casual
57422,Women,Tshirts,Summer,Casual
57423,Women,Tops,Summer,Casual
57424,Women,Tshirts,Summer,Casual
57425,Women,Tops,Summer,Casual
57426,Women,Tops,Summer,Casual
57427,Women,Tshirts,Summer,Casual
57428,Women,Tops,Summer,Casual
57429,Women,Tshirts,Summer,Casual
57430,Women,Tops,Summer,Casual
57431,Women,Tops,Summer,Casual
57432,Women,Tops,Summer,Casual
57433,Women,Tops,Summer,Casual
57434,Women,Tshirts,Summer,Casual
57435,Women,Tshirts,Summer,Casual
57436,Women,Tops,Summer,Casual
57437,Women,Tops,Summer,Casual
57438,Women,Tops,Summer,Casual
57439,Women,Tops,Summer,Casual
57440,Women,Tshirts,Summer,Casual
57441,Women,Tshirts,Summer,Casual
57442,Women,Tops,Summer,Casual
57443,Women,Tshirts,Summer,Casual
57444,Women,Tops,Summer,Casual
57445,Women,Tshirts,Summer,Casual
57446,Women,Tshirts,Summer,Casual
57447,Women,Tops,Summer,Casual
57448,Women,Tops,Summer,Casual
57449,Women,Tops,Summer,Casual
57450,Women,Tops,Summer,Casual
57457,Women,Clutches,Winter,Casual
57458,Women,Wallets,Summer,Casual
57459,Women,Wallets,Summer,Casual
57462,Women,Clutches,Summer,Casual
57463,Men,Belts,Winter,Formal
57466,Men,Flip Flops,Summer,Casual
57467,Unisex,Casual Shoes,Spring,Casual
57468,Men,Flip Flops,Spring,Casual
57469,Men,Casual Shoes,Spring,Casual
57470,Unisex,Casual Shoes,Spring,Casual
57471,Men,Casual Shoes,Winter,Casual
57475,Men,Sandals,Winter,Casual
57476,Men,Casual Shoes,Winter,Casual
57477,Men,Sandals,Summer,Casual
57478,Men,Casual Shoes,Summer,Casual
57479,Men,Casual Shoes,Summer,Casual
57480,Men,Casual Shoes,Spring,Casual
57481,Unisex,Sports Shoes,Summer,Casual
57482,Men,Casual Shoes,Summer,Casual
57483,Men,Casual Shoes,Spring,Casual
57484,Men,Sandals,Spring,Casual
57487,Men,Formal Shoes,Winter,Formal
57488,Men,Formal Shoes,Winter,Casual
57489,Men,Casual Shoes,Winter,Casual
57490,Men,Casual Shoes,Winter,Casual
57491,Men,Casual Shoes,Winter,Casual
57492,Men,Formal Shoes,Winter,Formal
57493,Men,Formal Shoes,Winter,Formal
57494,Men,Formal Shoes,Winter,Formal
57495,Men,Formal Shoes,Winter,Formal
57496,Men,Formal Shoes,Winter,Formal
57497,Men,Formal Shoes,Winter,Formal
57498,Men,Formal Shoes,Winter,Formal
57499,Men,Formal Shoes,Winter,Formal
57500,Men,Sandals,Winter,Casual
57501,Men,Sandals,Winter,Casual
57502,Men,Sandals,Winter,Casual
57503,Men,Sandals,Winter,Casual
57504,Men,Sandals,Winter,Casual
57505,Men,Sandals,Winter,Casual
57506,Men,Sandals,Winter,Casual
57507,Men,Sandals,Winter,Casual
57508,Men,Sandals,Winter,Casual
57509,Men,Formal Shoes,Winter,Formal
57510,Men,Formal Shoes,Winter,Casual
57511,Men,Formal Shoes,Winter,Formal
57512,Men,Formal Shoes,Winter,Formal
57513,Men,Formal Shoes,Winter,Formal
57514,Men,Formal Shoes,Winter,Formal
57515,Men,Formal Shoes,Winter,Formal
57516,Men,Formal Shoes,Winter,Formal
57517,Men,Formal Shoes,Winter,Casual
57518,Men,Formal Shoes,Winter,Formal
57519,Men,Formal Shoes,Winter,Formal
57520,Men,Formal Shoes,Winter,Formal
57521,Men,Casual Shoes,Winter,Formal
57522,Men,Casual Shoes,Winter,Casual
57523,Men,Formal Shoes,Winter,Casual
57524,Men,Formal Shoes,Winter,Casual
57525,Men,Formal Shoes,Winter,Casual
57526,Men,Formal Shoes,Spring,Formal
57527,Men,Formal Shoes,Winter,Casual
57528,Men,Formal Shoes,Winter,Formal
57529,Men,Formal Shoes,Winter,Casual
57530,Men,Formal Shoes,Winter,Formal
57531,Men,Formal Shoes,Winter,Formal
57532,Men,Formal Shoes,Spring,Formal
57533,Men,Casual Shoes,Winter,Formal
57534,Men,Belts,Summer,Casual
57536,Women,Belts,Summer,Casual
57539,Men,Belts,Winter,Casual
57543,Women,Perfume and Body Mist,Spring,Casual
57544,Women,Perfume and Body Mist,Spring,Casual
57545,Women,Perfume and Body Mist,Spring,Casual
57547,Women,Perfume and Body Mist,Spring,Casual
57548,Women,Perfume and Body Mist,Spring,Casual
57549,Women,Ties,Spring,Casual
57550,Men,Perfume and Body Mist,Spring,Casual
57552,Men,Lipstick,Spring,Casual
57553,Men,Lipstick,Spring,Casual
57554,Men,Lipstick,Spring,Casual
57555,Men,Lipstick,Spring,Casual
57556,Men,Lipstick,Spring,Casual
57557,Men,Lipstick,Spring,Casual
57558,Men,Lipstick,Spring,Casual
57559,Men,Lipstick,Spring,Casual
57560,Women,Perfume and Body Mist,Spring,Casual
57561,Women,Earrings,Summer,Casual
57562,Women,Earrings,Spring,Casual
57563,Women,Earrings,Summer,Casual
57566,Women,Earrings,Spring,Casual
57567,Women,Earrings,Summer,Casual
57568,Women,Earrings,Spring,Casual
57569,Women,Earrings,Spring,Casual
57570,Women,Earrings,Spring,Casual
57571,Women,Earrings,Spring,Casual
57572,Women,Earrings,Summer,Casual
57573,Women,Earrings,Spring,Casual
57574,Women,Earrings,Spring,Casual
57575,Women,Earrings,Summer,Casual
57576,Women,Earrings,Summer,Casual
57577,Women,Earrings,Spring,Casual
57578,Women,Earrings,Spring,Casual
57579,Women,Earrings,Spring,Casual
57580,Women,Earrings,Spring,Casual
57581,Women,Earrings,Summer,Casual
57582,Women,Lipstick,Spring,Casual
57583,Women,Deodorant,Spring,Casual
57584,Women,Deodorant,Spring,Casual
57586,Women,Deodorant,Spring,Casual
57587,Women,Deodorant,Spring,Casual
57588,Women,Deodorant,Spring,Casual
57589,Women,Deodorant,Spring,Casual
57591,Women,Deodorant,Spring,Casual
57592,Women,Deodorant,Spring,Casual
57593,Women,Deodorant,Spring,Casual
57594,Women,Deodorant,Spring,Casual
57595,Women,Deodorant,Spring,Casual
57596,Women,Deodorant,Spring,Casual
57597,Women,Deodorant,Spring,Casual
57598,Women,Earrings,Summer,Casual
57599,Women,Deodorant,Spring,Casual
57600,Women,Deodorant,Spring,Casual
57601,Women,Deodorant,Spring,Casual
57603,Women,Lipstick,Spring,Casual
57604,Women,Lipstick,Summer,Casual
57605,Women,Deodorant,Spring,Casual
57606,Women,Deodorant,Spring,Casual
57607,Women,Perfume and Body Mist,Spring,Casual
57608,Women,Deodorant,Spring,Casual
57609,Men,Deodorant,Spring,Casual
57610,Men,Deodorant,Spring,Casual
57611,Men,Deodorant,Spring,Casual
57613,Girls,Wallets,Summer,Casual
57614,Men,Deodorant,Spring,Casual
57615,Girls,Deodorant,Spring,Casual
57616,Women,Deodorant,Spring,Casual
57617,Men,Deodorant,Spring,Casual
57619,Girls,Tshirts,Spring,Casual
57620,Women,Deodorant,Spring,Casual
57621,Women,Shoe Accessories,Spring,Casual
57622,Men,Wallets,Spring,Casual
57623,Women,Deodorant,Spring,Casual
57624,Women,Deodorant,Spring,Casual
57625,Girls,Tshirts,Summer,Casual
57627,Women,Deodorant,Spring,Casual
57628,Women,Deodorant,Spring,Casual
57629,Women,Deodorant,Spring,Casual
57630,Women,Wallets,Summer,Casual
57631,Men,Deodorant,Spring,Casual
57632,Women,Ties,Spring,Casual
57633,Women,Ties,Spring,Casual
57634,Women,Ties,Spring,Casual
57635,Women,Perfume and Body Mist,Spring,Casual
57636,Women,Ties,Spring,Casual
57637,Women,Ties,Spring,Casual
57638,Women,Ties,Spring,Casual
57639,Women,Perfume and Body Mist,Spring,Casual
57640,Men,Ties,Spring,Casual
57642,Women,Ties,Spring,Casual
57643,Women,Ties,Spring,Casual
57644,Men,Deodorant,Spring,Casual
57645,Men,Perfume and Body Mist,Spring,Casual
57646,Men,Perfume and Body Mist,Spring,Casual
57647,Men,Perfume and Body Mist,Spring,Casual
57649,Men,Deodorant,Spring,Casual
57650,Women,Deodorant,Spring,Casual
57651,Women,Ties,Spring,Casual
57652,Women,Perfume and Body Mist,Spring,Casual
57653,Men,Perfume and Body Mist,Spring,Casual
57654,Women,Ties,Spring,Casual
57655,Men,Deodorant,Spring,Casual
57656,Women,Perfume and Body Mist,Spring,Casual
57657,Women,Deodorant,Spring,Casual
57658,Women,Ties,Spring,Casual
57660,Men,Deodorant,Spring,Casual
57661,Men,Deodorant,Spring,Casual
57662,Men,Deodorant,Spring,Casual
57664,Women,Perfume and Body Mist,Spring,Casual
57667,Women,Perfume and Body Mist,Spring,Casual
57668,Women,Ties,Spring,Casual
57669,Men,Ties,Spring,Casual
57670,Men,Perfume and Body Mist,Spring,Casual
57671,Men,Perfume and Body Mist,Spring,Casual
57672,Men,Ties,Spring,Casual
57673,Women,Ties,Spring,Casual
57674,Women,Perfume and Body Mist,Spring,Casual
57675,Women,Perfume and Body Mist,Spring,Casual
57676,Men,Deodorant,Spring,Casual
57677,Women,Wallets,Spring,Casual
57678,Men,Deodorant,Spring,Casual
57679,Women,Perfume and Body Mist,Spring,Casual
57681,Women,Perfume and Body Mist,Spring,Casual
57683,Women,Perfume and Body Mist,Spring,Casual
57685,Women,Perfume and Body Mist,Spring,Casual
57687,Women,Perfume and Body Mist,Spring,Casual
57689,Women,Perfume and Body Mist,Spring,Casual
57690,Women,Deodorant,Spring,Casual
57691,Women,Perfume and Body Mist,Spring,Casual
57692,Women,Perfume and Body Mist,Spring,Casual
57694,Women,Deodorant,Spring,Casual
57696,Women,Perfume and Body Mist,Spring,Casual
57697,Women,Wallets,Spring,Casual
57698,Women,Perfume and Body Mist,Winter,Casual
57699,Women,Perfume and Body Mist,Spring,Casual
57700,Women,Wallets,Summer,Casual
57701,Women,Wallets,Spring,Casual
57702,Women,Perfume and Body Mist,Spring,Casual
57703,Boys,Deodorant,Spring,Casual
57704,Women,Deodorant,Spring,Casual
57705,Women,Deodorant,Spring,Casual
57706,Women,Lip Liner,Winter,Casual
57707,Women,Lip Liner,Spring,Casual
57708,Women,Kajal and Eyeliner,Spring,Casual
57709,Women,Kajal and Eyeliner,Spring,Casual
57710,Women,Kajal and Eyeliner,Spring,Casual
57711,Women,Kajal and Eyeliner,Spring,Casual
57712,Women,Kajal and Eyeliner,Spring,Casual
57713,Women,Perfume and Body Mist,Spring,Casual
57714,Women,Perfume and Body Mist,Spring,Casual
57715,Women,Perfume and Body Mist,Spring,Casual
57716,Women,Kajal and Eyeliner,Spring,Casual
57717,Women,Ties,Spring,Casual
57718,Women,Ties,Spring,Casual
57719,Women,Perfume and Body Mist,Spring,Casual
57720,Women,Perfume and Body Mist,Spring,Casual
57721,Women,Kajal and Eyeliner,Spring,Casual
57724,Women,Perfume and Body Mist,Spring,Casual
57725,Women,Perfume and Body Mist,Spring,Casual
57727,Men,Ties,Spring,Casual
57728,Women,Wallets,Spring,Casual
57729,Women,Wallets,Spring,Casual
57730,Women,Wallets,Spring,Casual
57731,Women,Wallets,Spring,Casual
57732,Women,Wallets,Spring,Casual
57733,Women,Perfume and Body Mist,Spring,Casual
57734,Women,Perfume and Body Mist,Spring,Casual
57735,Women,Perfume and Body Mist,Spring,Casual
57736,Women,Perfume and Body Mist,Spring,Casual
57737,Women,Perfume and Body Mist,Spring,Casual
57738,Women,Wallets,Summer,Casual
57739,Women,Wallets,Spring,Casual
57740,Women,Deodorant,Spring,Casual
57741,Women,Perfume and Body Mist,Spring,Casual
57742,Women,Wallets,Spring,Casual
57743,Women,Wallets,Spring,Casual
57744,Women,Wallets,Spring,Casual
57745,Women,Deodorant,Summer,Casual
57746,Women,Deodorant,Summer,Casual
57747,Women,Deodorant,Summer,Casual
57749,Women,Briefs,Spring,Casual
57750,Women,Briefs,Spring,Casual
57752,Women,Socks,Spring,Casual
57753,Women,Deodorant,Spring,Casual
57754,Men,Deodorant,Spring,Casual
57755,Women,Deodorant,Spring,Casual
57756,Women,Deodorant,Spring,Casual
57757,Women,Perfume and Body Mist,Spring,Casual
57758,Women,Deodorant,Spring,Casual
57759,Women,Perfume and Body Mist,Spring,Casual
57760,Women,Perfume and Body Mist,Spring,Casual
57761,Women,Perfume and Body Mist,Spring,Casual
57762,Women,Deodorant,Spring,Casual
57763,Girls,Wallets,Spring,Casual
57764,Women,Perfume and Body Mist,Spring,Casual
57765,Women,Perfume and Body Mist,Spring,Casual
57766,Women,Perfume and Body Mist,Spring,Casual
57767,Men,Perfume and Body Mist,Spring,Casual
57768,Men,Deodorant,Spring,Casual
57770,Girls,Perfume and Body Mist,Winter,Casual
57771,Women,Perfume and Body Mist,Spring,Casual
57772,Women,Perfume and Body Mist,Spring,Casual
57773,Women,Perfume and Body Mist,Spring,Casual
57774,Women,Deodorant,Spring,Casual
57776,Unisex,Perfume and Body Mist,Spring,Casual
57777,Boys,Perfume and Body Mist,Spring,Casual
57778,Boys,Wallets,Summer,Casual
57779,Boys,Wallets,Summer,Casual
57780,Women,Lip Liner,Spring,Casual
57781,Women,Wallets,Summer,Casual
57782,Women,Wallets,Winter,Casual
57783,Women,Deodorant,Spring,Casual
57784,Women,Caps,Winter,Casual
57785,Women,Caps,Winter,Casual
57786,Women,Caps,Winter,Casual
57787,Women,Belts,Summer,Casual
57788,Women,Belts,Summer,Casual
57789,Women,Belts,Summer,Casual
57790,Women,Belts,Summer,Casual
57791,Women,Perfume and Body Mist,Spring,Casual
57792,Women,Perfume and Body Mist,Spring,Casual
57793,Women,Perfume and Body Mist,Spring,Casual
57794,Men,Wallets,Spring,Casual
57795,Women,Wallets,Spring,Casual
57796,Women,Sports Shoes,Summer,Casual
57798,Women,Perfume and Body Mist,Spring,Casual
57800,Women,Deodorant,Spring,Casual
57801,Women,Perfume and Body Mist,Spring,Casual
57802,Women,Heels,Winter,Casual
57803,Unisex,Heels,Summer,Casual
57804,Men,Wallets,Spring,Casual
57805,Unisex,Wallets,Spring,Casual
57810,Women,Tops,Summer,Casual
57811,Women,Dresses,Summer,Casual
57812,Women,Dresses,Summer,Casual
57815,Women,Tops,Summer,Casual
57816,Women,Tops,Summer,Casual
57817,Women,Tops,Summer,Casual
57818,Women,Tops,Summer,Casual
57819,Women,Dresses,Summer,Ethnic
57820,Women,Tops,Summer,Casual
57823,Women,Tops,Summer,Casual
57824,Women,Leggings,Summer,Casual
57832,Women,Tops,Summer,Casual
57833,Men,Tshirts,Spring,Casual
57834,Men,Tshirts,Summer,Casual
57835,Women,Wallets,Summer,Casual
57836,Men,Wallets,Winter,Casual
57837,Unisex,Mobile Pouch,Winter,Casual
57838,Women,Wallets,Summer,Casual
57845,Unisex,Handbags,Winter,Casual
57846,Women,Handbags,Summer,Casual
57847,Unisex,Handbags,Winter,Casual
57849,Women,Heels,Winter,Casual
57850,Women,Heels,Winter,Casual
57851,Women,Casual Shoes,Fall,Casual
57852,Women,Heels,Winter,Casual
57853,Women,Heels,Winter,Casual
57854,Women,Flats,Winter,Casual
57855,Women,Heels,Winter,Casual
57856,Women,Heels,Winter,Casual
57857,Women,Sandals,Winter,Casual
57858,Women,Heels,Winter,Casual
57859,Men,Perfume and Body Mist,Spring,Casual
57860,Women,Deodorant,Spring,Casual
57861,Men,Deodorant,Spring,Casual
57862,Men,Perfume and Body Mist,Spring,Casual
57863,Girls,Perfume and Body Mist,Summer,Casual
57864,Boys,Deodorant,Spring,Casual
57865,Men,Perfume and Body Mist,Spring,Casual
57866,Men,Shorts,Summer,Casual
57867,Men,Perfume and Body Mist,Spring,Casual
57868,Men,Perfume and Body Mist,Spring,Casual
57869,Men,Deodorant,Spring,Casual
57870,Women,Deodorant,Spring,Casual
57871,Men,Perfume and Body Mist,Spring,Casual
57872,Women,Deodorant,Spring,Casual
57873,Women,Perfume and Body Mist,Summer,Casual
57874,Boys,Belts,Summer,Casual
57875,Women,Deodorant,Spring,Casual
57876,Women,Deodorant,Spring,Casual
57877,Men,Perfume and Body Mist,Spring,Casual
57878,Boys,Belts,Summer,Casual
57879,Women,Trunk,Summer,Casual
57880,Women,Belts,Summer,Casual
57881,Men,Deodorant,Spring,Casual
57883,Men,Perfume and Body Mist,Spring,Casual
57884,Women,Wallets,Summer,Casual
57885,Boys,Perfume and Body Mist,Summer,Casual
57886,Women,Wallets,Summer,Casual
57887,Men,Perfume and Body Mist,Spring,Casual
57888,Men,Deodorant,Summer,Casual
57889,Men,Deodorant,Spring,Casual
57890,Men,Perfume and Body Mist,Summer,Casual
57891,Women,Perfume and Body Mist,Spring,Casual
57892,Women,Briefs,Summer,Casual
57893,Women,Leggings,Summer,Casual
57894,Women,Leggings,Summer,Casual
57895,Women,Kurtis,Summer,Ethnic
57896,Women,Shorts,Summer,Casual
57897,Women,Tops,Summer,Casual
57898,Women,Tops,Summer,Casual
57899,Women,Leggings,Summer,Casual
57906,Men,Perfume and Body Mist,Summer,Casual
57907,Women,Socks,Summer,Casual
57908,Men,Pendant,Summer,Sports
57909,Women,Socks,Fall,Casual
57910,Men,Socks,Summer,Sports
57911,Men,Socks,Summer,Casual
57912,Men,Socks,Summer,Casual
57913,Men,Socks,Fall,Casual
57914,Men,Perfume and Body Mist,Winter,Casual
57915,Women,Socks,Fall,Casual
57916,Men,Socks,Fall,Casual
57917,Men,Perfume and Body Mist,Summer,Casual
57918,Men,Socks,Fall,Casual
57919,Men,Socks,Summer,Casual
57920,Men,Socks,Summer,Casual
57921,Men,Socks,Summer,Casual
57922,Women,Leggings,Summer,Casual
57923,Women,Jeans,Summer,Casual
57924,Women,Jeans,Summer,Casual
57925,Women,Jeans,Summer,Casual
57930,Men,Tshirts,Summer,Casual
57931,Men,Tshirts,Summer,Casual
57932,Men,Tshirts,Summer,Casual
57933,Women,Tops,Summer,Casual
57934,Men,Sandals,Winter,Casual
57935,Men,Sandals,Winter,Casual
57936,Men,Casual Shoes,Winter,Casual
57937,Men,Casual Shoes,Fall,Casual
57938,Men,Sandals,Winter,Casual
57939,Men,Casual Shoes,Winter,Casual
57940,Men,Sandals,Spring,Casual
57941,Men,Formal Shoes,Winter,Casual
57942,Men,Formal Shoes,Winter,Casual
57943,Men,Casual Shoes,Winter,Casual
57944,Men,Sandals,Winter,Casual
57945,Men,Sandals,Winter,Casual
57946,Men,Casual Shoes,Winter,Casual
57947,Men,Casual Shoes,Winter,Casual
57948,Men,Casual Shoes,Winter,Casual
57949,Men,Formal Shoes,Winter,Formal
57950,Men,Formal Shoes,Winter,Formal
57952,Women,Sarees,Summer,Ethnic
57953,Women,Sarees,Summer,Ethnic
57954,Women,Sarees,Summer,Ethnic
57956,Women,Sarees,Fall,Ethnic
57957,Women,Sarees,Summer,Ethnic
57958,Women,Sarees,Fall,Ethnic
57959,Women,Sarees,Summer,Ethnic
57960,Women,Sarees,Summer,Ethnic
57961,Women,Sarees,Fall,Ethnic
57962,Women,Sarees,Fall,Ethnic
57963,Women,Sarees,Fall,Ethnic
57964,Women,Sarees,Summer,Ethnic
57965,Women,Sarees,Summer,Ethnic
57966,Women,Sarees,Fall,Ethnic
57967,Women,Sarees,Fall,Ethnic
57968,Women,Sarees,Summer,Ethnic
57969,Women,Sarees,Summer,Ethnic
57970,Women,Sarees,Fall,Casual
57971,Women,Sarees,Summer,Ethnic
57972,Women,Sarees,Summer,Ethnic
57973,Women,Sarees,Summer,Ethnic
57974,Women,Sarees,Summer,Ethnic
57975,Women,Sarees,Summer,Ethnic
57976,Women,Dresses,Fall,Ethnic
57980,Girls,Dresses,Summer,Casual
57981,Women,Tops,Summer,Casual
57982,Women,Dresses,Summer,Casual
57983,Women,Tops,Summer,Casual
57985,Women,Tops,Summer,Ethnic
57986,Women,Dresses,Summer,Casual
57987,Women,Dresses,Summer,Casual
57988,Women,Tops,Summer,Casual
57989,Women,Dresses,Summer,Casual
57990,Women,Dresses,Summer,Casual
57991,Women,Dresses,Summer,Ethnic
57992,Women,Dresses,Summer,Casual
57993,Women,Dresses,Summer,Casual
57994,Women,Dresses,Summer,Casual
57995,Women,Dresses,Summer,Casual
57996,Women,Dresses,Summer,Casual
57997,Women,Dresses,Summer,Casual
57998,Women,Dresses,Summer,Casual
57999,Women,Dresses,Summer,Casual
58000,Women,Dresses,Summer,Ethnic
58001,Women,Dresses,Summer,Casual
58002,Women,Dresses,Summer,Casual
58003,Women,Dresses,Summer,Casual
58004,Women,Tops,Summer,Casual
58005,Women,Tops,Summer,Casual
58006,Women,Tops,Summer,Casual
58007,Women,Tops,Summer,Casual
58008,Women,Tops,Summer,Casual
58009,Women,Tops,Summer,Casual
58010,Women,Tops,Summer,Casual
58011,Women,Tops,Summer,Casual
58012,Women,Tops,Summer,Casual
58013,Women,Tops,Summer,Casual
58014,Women,Tops,Summer,Casual
58015,Women,Tops,Summer,Casual
58016,Women,Earrings,Winter,Casual
58017,Unisex,Earrings,Winter,Casual
58018,Women,Earrings,Winter,Casual
58020,Women,Earrings,Winter,Casual
58022,Women,Earrings,Winter,Casual
58023,Women,Earrings,Winter,Ethnic
58024,Women,Earrings,Winter,Ethnic
58027,Women,Earrings,Summer,Ethnic
58028,Women,Earrings,Winter,Ethnic
58030,Women,Earrings,Winter,Ethnic
58032,Women,Earrings,Winter,Ethnic
58035,Men,Watches,Winter,Casual
58037,Men,Earrings,Winter,Casual
58039,Women,Earrings,Winter,Casual
58041,Women,Earrings,Winter,Ethnic
58042,Women,Earrings,Winter,Casual
58044,Women,Earrings,Winter,Casual
58045,Women,Earrings,Winter,Casual
58046,Women,Earrings,Winter,Casual
58049,Women,Earrings,Winter,Casual
58050,Women,Earrings,Winter,Casual
58051,Women,Earrings,Winter,Casual
58052,Women,Earrings,Winter,Ethnic
58053,Women,Earrings,Winter,Casual
58057,Women,Earrings,Winter,Casual
58058,Women,Earrings,Winter,Casual
58059,Women,Earrings,Winter,Ethnic
58060,Women,Earrings,Winter,Casual
58061,Women,Earrings,Winter,Ethnic
58062,Women,Earrings,Winter,Ethnic
58063,Women,Earrings,Winter,Casual
58071,Women,Earrings,Summer,Casual
58072,Women,Earrings,Summer,Ethnic
58073,Women,Earrings,Winter,Ethnic
58074,Women,Earrings,Winter,Ethnic
58075,Women,Earrings,Winter,Ethnic
58076,Women,Earrings,Winter,Ethnic
58078,Women,Earrings,Winter,Ethnic
58085,Women,Earrings,Winter,Ethnic
58086,Women,Earrings,Winter,Ethnic
58087,Women,Earrings,Winter,Ethnic
58093,Women,Earrings,Winter,Casual
58096,Women,Ties,Winter,Casual
58097,Boys,Jeans,Summer,Casual
58098,Women,Cufflinks,Spring,Casual
58099,Men,Cufflinks,Winter,Casual
58100,Women,Dresses,Fall,Casual
58104,Women,Earrings,Winter,Casual
58107,Women,Earrings,Winter,Ethnic
58108,Women,Earrings,Winter,Ethnic
58109,Women,Earrings,Winter,Casual
58110,Women,Earrings,Winter,Ethnic
58111,Women,Earrings,Winter,Ethnic
58112,Women,Earrings,Winter,Casual
58115,Women,Perfume and Body Mist,Winter,Casual
58116,Women,Earrings,Winter,Casual
58117,Women,Perfume and Body Mist,Winter,Casual
58118,Women,Pendant,Winter,Casual
58121,Women,Earrings,Winter,Ethnic
58123,Women,Earrings,Winter,Ethnic
58128,Women,Earrings,Winter,Casual
58129,Women,Earrings,Winter,Ethnic
58131,Women,Earrings,Winter,Casual
58132,Women,Earrings,Summer,Ethnic
58133,Women,Earrings,Winter,Ethnic
58135,Women,Earrings,Winter,Ethnic
58136,Women,Earrings,Winter,Casual
58137,Women,Earrings,Winter,Casual
58138,Men,Ring,Winter,Casual
58139,Women,Sandals,Summer,Sports
58140,Women,Earrings,Winter,Ethnic
58141,Women,Earrings,Winter,Casual
58143,Unisex,Backpacks,Spring,Casual
58144,Unisex,Backpacks,Spring,Casual
58145,Unisex,Backpacks,Spring,Casual
58146,Unisex,Backpacks,Winter,Casual
58147,Men,Socks,Summer,Sports
58148,Men,Caps,Summer,Casual
58149,Unisex,Caps,Summer,Casual
58150,Unisex,Caps,Fall,Casual
58151,Unisex,Caps,Fall,Casual
58152,Unisex,Caps,Fall,Casual
58153,Unisex,Caps,Winter,Casual
58154,Unisex,Caps,Winter,Casual
58155,Women,Handbags,Winter,Casual
58156,Women,Handbags,Winter,Casual
58157,Women,Handbags,Summer,Casual
58158,Women,Tops,Summer,Casual
58159,Women,Wallets,Winter,Casual
58160,Women,Wallets,Winter,Casual
58161,Women,Wallets,Winter,Casual
58162,Women,Clutches,Spring,Casual
58163,Women,Wallets,Winter,Casual
58164,Women,Wallets,Winter,Casual
58165,Women,Wallets,Summer,Casual
58166,Women,Wallets,Summer,Casual
58167,Women,Wallets,Summer,Casual
58168,Women,Wallets,Summer,Casual
58169,Women,Perfume and Body Mist,Summer,Casual
58170,Women,Wallets,Winter,Casual
58171,Women,Handbags,Summer,Casual
58172,Women,Handbags,Summer,Casual
58173,Women,Handbags,Winter,Casual
58174,Women,Handbags,Summer,Casual
58175,Women,Handbags,Winter,Casual
58176,Women,Handbags,Winter,Casual
58177,Women,Handbags,Winter,Casual
58178,Women,Handbags,Winter,Casual
58179,Women,Handbags,Winter,Casual
58180,Women,Handbags,Winter,Casual
58181,Women,Handbags,Summer,Casual
58182,Women,Handbags,Summer,Casual
58183,Women,Handbags,Summer,Casual
58184,Women,Handbags,Summer,Casual
58185,Women,Handbags,Summer,Casual
58186,Women,Handbags,Winter,Casual
58187,Women,Handbags,Summer,Casual
58188,Unisex,Handbags,Winter,Casual
58189,Unisex,Handbags,Winter,Casual
58190,Women,Handbags,Winter,Casual
58191,Women,Handbags,Winter,Casual
58194,Women,Handbags,Winter,Casual
58195,Women,Handbags,Summer,Casual
58196,Women,Handbags,Summer,Casual
58200,Men,Formal Shoes,Winter,Sports
58201,Men,Wallets,Winter,Casual
58202,Men,Belts,Summer,Casual
58203,Men,Belts,Summer,Casual
58204,Men,Belts,Summer,Formal
58205,Men,Belts,Summer,Formal
58206,Men,Belts,Winter,Casual
58207,Men,Belts,Winter,Formal
58208,Men,Belts,Winter,Casual
58209,Women,Patiala,Summer,Ethnic
58210,Women,Salwar,Summer,Ethnic
58211,Men,Salwar,Summer,Casual
58212,Men,Patiala,Summer,Casual
58213,Women,Salwar,Summer,Ethnic
58214,Women,Salwar,Summer,Ethnic
58215,Men,Patiala,Summer,Ethnic
58216,Men,Salwar,Summer,Ethnic
58218,Men,Patiala,Summer,Casual
58220,Men,Shorts,Summer,Casual
58222,Women,Jeans,Summer,Casual
58225,Men,Tshirts,Summer,Casual
58226,Men,Sandals,Winter,Casual
58227,Men,Sandals,Winter,Casual
58229,Men,Sandals,Winter,Casual
58231,Women,Heels,Spring,Casual
58232,Men,Flip Flops,Winter,Casual
58233,Women,Wallets,Winter,Casual
58234,Women,Wallets,Summer,Casual
58235,Unisex,Wallets,Summer,Casual
58236,Women,Perfume and Body Mist,Spring,Casual
58237,Women,Wallets,Winter,Casual
58238,Women,Wallets,Winter,Casual
58239,Women,Wallets,Winter,Casual
58240,Women,Wallets,Winter,Casual
58241,Women,Wallets,Winter,Casual
58242,Women,Wallets,Summer,Casual
58243,Women,Wallets,Summer,Casual
58244,Women,Wallets,Winter,Casual
58245,Women,Wallets,Winter,Casual
58246,Women,Wallets,Winter,Casual
58247,Women,Wallets,Winter,Casual
58248,Women,Wallets,Winter,Casual
58249,Women,Wallets,Winter,Casual
58250,Women,Wallets,Summer,Casual
58251,Women,Wallets,Winter,Casual
58252,Unisex,Wallets,Summer,Casual
58253,Women,Clutches,Winter,Casual
58254,Women,Wallets,Winter,Casual
58255,Women,Clutches,Winter,Casual
58256,Women,Wallets,Winter,Casual
58257,Women,Wallets,Winter,Casual
58258,Women,Wallets,Winter,Casual
58259,Unisex,Wallets,Winter,Casual
58260,Women,Wallets,Summer,Casual
58261,Women,Wallets,Winter,Casual
58262,Women,Wallets,Winter,Casual
58263,Women,Wallets,Winter,Casual
58264,Women,Handbags,Winter,Casual
58265,Women,Handbags,Winter,Casual
58266,Women,Handbags,Winter,Casual
58267,Women,Handbags,Winter,Casual
58268,Women,Handbags,Winter,Casual
58269,Women,Handbags,Winter,Casual
58270,Women,Clutches,Summer,Casual
58271,Women,Handbags,Summer,Casual
58272,Women,Handbags,Summer,Casual
58273,Women,Handbags,Winter,Casual
58274,Women,Handbags,Winter,Casual
58275,Women,Handbags,Summer,Casual
58276,Women,Handbags,Winter,Casual
58277,Women,Handbags,Winter,Casual
58278,Women,Handbags,Winter,Casual
58279,Women,Handbags,Summer,Casual
58280,Unisex,Handbags,Winter,Casual
58281,Men,Wallets,Winter,Casual
58282,Men,Wallets,Summer,Casual
58283,Women,Wallets,Summer,Casual
58284,Women,Wallets,Winter,Casual
58286,Women,Briefs,Summer,Casual
58291,Men,Socks,Fall,Casual
58292,Men,Socks,Summer,Formal
58293,Unisex,Socks,Summer,Casual
58294,Unisex,Socks,Fall,Casual
58295,Men,Socks,Fall,Casual
58296,Men,Socks,Summer,Casual
58297,Men,Socks,Summer,Casual
58298,Men,Socks,Summer,Casual
58299,Men,Socks,Summer,Casual
58300,Men,Socks,Summer,Casual
58301,Men,Socks,Summer,Casual
58304,Men,Socks,Summer,Casual
58305,Men,Socks,Summer,Casual
58306,Men,Socks,Summer,Casual
58307,Men,Socks,Fall,Casual
58308,Men,Socks,Summer,Casual
58309,Men,Socks,Summer,Casual
58310,Men,Socks,Summer,Casual
58311,Women,Socks,Summer,Casual
58312,Men,Socks,Summer,Casual
58313,Men,Socks,Summer,Sports
58314,Men,Socks,Summer,Sports
58315,Men,Socks,Summer,Sports
58316,Men,Socks,Summer,Sports
58317,Men,Socks,Summer,Sports
58318,Men,Socks,Summer,Sports
58319,Men,Socks,Summer,Sports
58320,Men,Socks,Summer,Sports
58321,Men,Socks,Summer,Sports
58322,Men,Socks,Summer,Sports
58323,Men,Socks,Summer,Casual
58324,Men,Sandals,Summer,Casual
58325,Women,Flip Flops,Spring,Casual
58326,Women,Flip Flops,Winter,Casual
58327,Women,Flip Flops,Winter,Casual
58328,Women,Flip Flops,Spring,Casual
58329,Men,Flip Flops,Winter,Casual
58330,Men,Sandals,Spring,Casual
58331,Men,Flip Flops,Spring,Casual
58332,Men,Sandals,Winter,Casual
58333,Men,Sandals,Summer,Casual
58334,Men,Flip Flops,Spring,Casual
58335,Men,Sandals,Spring,Casual
58336,Men,Flip Flops,Summer,Casual
58337,Women,Flip Flops,Winter,Casual
58338,Women,Flip Flops,Winter,Casual
58339,Women,Flats,Winter,Casual
58340,Women,Flip Flops,Winter,Casual
58349,Men,Tshirts,Summer,Casual
58351,Men,Tshirts,Summer,Casual
58357,Men,Tshirts,Summer,Casual
58358,Men,Tshirts,Summer,Casual
58372,Women,Ties,Summer,Casual
58375,Men,Tshirts,Summer,Casual
58381,Men,Tshirts,Spring,Casual
58385,Men,Tshirts,Spring,Casual
58394,Men,Tshirts,Summer,Casual
58395,Men,Tshirts,Summer,Casual
58411,Men,Jeans,Summer,Casual
58418,Men,Trousers,Summer,Casual
58425,Women,Kurtas,Summer,Ethnic
58439,Women,Dresses,Summer,Casual
58444,Men,Watches,Winter,Casual
58445,Men,Watches,Winter,Casual
58446,Women,Tops,Summer,Ethnic
58447,Men,Watches,Winter,Casual
58448,Men,Watches,Winter,Casual
58449,Men,Watches,Winter,Casual
58450,Men,Watches,Winter,Casual
58451,Men,Watches,Winter,Casual
58452,Men,Watches,Winter,Casual
58453,Men,Watches,Winter,Casual
58454,Men,Watches,Winter,Casual
58455,Women,Watches,Winter,Casual
58456,Men,Watches,Winter,Casual
58458,Boys,Tshirts,Summer,Casual
58459,Boys,Tshirts,Summer,Casual
58460,Boys,Tshirts,Summer,Casual
58463,Men,Belts,Summer,Casual
58464,Men,Belts,Winter,Casual
58465,Men,Belts,Summer,Casual
58466,Men,Belts,Winter,Casual
58467,Men,Belts,Winter,Casual
58468,Women,Belts,Summer,Casual
58470,Unisex,Wallets,Winter,Casual
58471,Men,Wallets,Summer,Casual
58472,Men,Wallets,Summer,Casual
58473,Men,Wallets,Summer,Casual
58474,Men,Wallets,Winter,Casual
58475,Men,Wallets,Summer,Casual
58476,Men,Wallets,Summer,Casual
58477,Men,Wallets,Summer,Casual
58478,Men,Wallets,Summer,Casual
58479,Men,Wallets,Summer,Casual
58480,Men,Wallets,Winter,Casual
58481,Men,Wallets,Summer,Casual
58482,Men,Wallets,Summer,Casual
58483,Men,Wallets,Winter,Casual
58484,Men,Wallets,Winter,Casual
58485,Men,Wallets,Summer,Casual
58486,Men,Wallets,Summer,Casual
58487,Men,Wallets,Summer,Casual
58488,Women,Heels,Winter,Casual
58489,Women,Dresses,Summer,Casual
58490,Women,Dresses,Summer,Casual
58491,Women,Leggings,Summer,Casual
58492,Women,Dresses,Summer,Casual
58493,Women,Dresses,Summer,Casual
58494,Women,Ties,Fall,Ethnic
58495,Women,Tops,Summer,Casual
58496,Women,Tops,Summer,Casual
58497,Women,Tops,Summer,Casual
58498,Women,Tops,Summer,Casual
58499,Women,Tops,Summer,Casual
58500,Women,Tops,Summer,Casual
58501,Women,Tops,Summer,Casual
58502,Women,Dresses,Summer,Casual
58503,Women,Dresses,Summer,Casual
58504,Women,Dresses,Summer,Casual
58505,Women,Dresses,Summer,Casual
58506,Women,Dresses,Summer,Casual
58507,Women,Tops,Summer,Casual
58508,Men,Tops,Summer,Casual
58509,Women,Dresses,Summer,Ethnic
58510,Women,Dresses,Summer,Casual
58511,Women,Shirts,Summer,Casual
58512,Women,Tops,Summer,Casual
58513,Women,Tops,Summer,Casual
58514,Women,Tops,Summer,Casual
58515,Women,Tops,Summer,Casual
58516,Women,Tops,Summer,Casual
58517,Women,Tops,Summer,Casual
58518,Women,Tops,Summer,Casual
58519,Women,Necklace and Chains,Winter,Casual
58520,Women,Tops,Summer,Casual
58521,Unisex,Backpacks,Spring,Casual
58522,Women,Handbags,Summer,Casual
58523,Unisex,Handbags,Summer,Casual
58524,Unisex,Mobile Pouch,Spring,Casual
58525,Unisex,Handbags,Summer,Casual
58526,Men,Tops,Summer,Casual
58527,Unisex,Sunglasses,Winter,Casual
58528,Unisex,Sunglasses,Winter,Casual
58529,Unisex,Sunglasses,Winter,Casual
58530,Men,Sunglasses,Winter,Casual
58531,Men,Sunglasses,Winter,Casual
58532,Women,Sunglasses,Winter,Casual
58533,Men,Sunglasses,Winter,Casual
58534,Men,Sunglasses,Winter,Casual
58535,Men,Sunglasses,Winter,Casual
58536,Men,Sunglasses,Winter,Casual
58537,Men,Sunglasses,Winter,Casual
58538,Men,Sunglasses,Winter,Casual
58539,Men,Sunglasses,Winter,Casual
58540,Men,Sunglasses,Winter,Casual
58541,Men,Sunglasses,Winter,Casual
58542,Men,Sunglasses,Winter,Casual
58543,Men,Sunglasses,Winter,Casual
58544,Women,Sunglasses,Winter,Casual
58545,Women,Sunglasses,Winter,Casual
58546,Women,Sunglasses,Winter,Casual
58547,Women,Sunglasses,Winter,Casual
58548,Women,Sunglasses,Winter,Casual
58549,Women,Sunglasses,Winter,Casual
58550,Women,Sunglasses,Winter,Casual
58551,Women,Sunglasses,Winter,Casual
58552,Women,Sunglasses,Winter,Casual
58553,Women,Sunglasses,Winter,Casual
58555,Men,Formal Shoes,Winter,Formal
58559,Men,Tshirts,Summer,Casual
58560,Women,Jeans,Fall,Casual
58561,Women,Trousers,Summer,Casual
58562,Women,Jeans,Summer,Casual
58563,Men,Tops,Summer,Casual
58565,Men,Tshirts,Summer,Casual
58566,Men,Tshirts,Summer,Casual
58567,Men,Night suits,Summer,Casual
58569,Men,Tshirts,Summer,Casual
58570,Men,Tshirts,Summer,Casual
58571,Men,Shorts,Summer,Casual
58573,Women,Tops,Summer,Casual
58574,Women,Tops,Summer,Casual
58576,Women,Tops,Summer,Casual
58577,Men,Tshirts,Summer,Casual
58581,Women,Ring,Winter,Casual
58586,Women,Necklace and Chains,Summer,Casual
58588,Women,Ties,Winter,Casual
58589,Women,Necklace and Chains,Summer,Casual
58590,Women,Necklace and Chains,Summer,Casual
58591,Women,Necklace and Chains,Winter,Casual
58600,Women,Ring,Summer,Casual
58603,Women,Earrings,Summer,Casual
58605,Women,Earrings,Winter,Ethnic
58606,Women,Earrings,Winter,Ethnic
58607,Women,Earrings,Winter,Casual
58608,Women,Earrings,Winter,Ethnic
58609,Women,Earrings,Winter,Ethnic
58610,Women,Earrings,Winter,Ethnic
58611,Men,Earrings,Winter,Casual
58612,Women,Earrings,Winter,Casual
58614,Men,Earrings,Winter,Casual
58615,Men,Earrings,Winter,Casual
58616,Women,Earrings,Winter,Ethnic
58618,Women,Earrings,Winter,Casual
58619,Women,Earrings,Winter,Casual
58620,Women,Earrings,Winter,Casual
58621,Women,Earrings,Winter,Casual
58622,Women,Bracelet,Winter,Casual
58624,Boys,Caps,Summer,Sports
58625,Unisex,Bangle,Winter,Casual
58626,Men,Belts,Summer,Casual
58627,Unisex,Belts,Summer,Casual
58628,Women,Belts,Summer,Casual
58629,Men,Belts,Summer,Casual
58634,Men,Socks,Summer,Casual
58635,Men,Socks,Summer,Casual
58636,Men,Socks,Fall,Casual
58637,Men,Socks,Summer,Casual
58638,Men,Socks,Summer,Sports
58639,Men,Socks,Summer,Sports
58640,Unisex,Socks,Summer,Sports
58641,Men,Socks,Summer,Casual
58642,Men,Socks,Fall,Casual
58643,Women,Kurtas,Summer,Ethnic
58644,Women,Kurtas,Summer,Ethnic
58645,Women,Kurtas,Summer,Ethnic
58646,Women,Tshirts,Summer,Casual
58647,Women,Tops,Summer,Ethnic
58648,Women,Kurtas,Summer,Ethnic
58652,Women,Kurtas,Summer,Ethnic
58653,Women,Kurtas,Summer,Ethnic
58654,Women,Kurtas,Summer,Ethnic
58655,Women,Kurtas,Summer,Ethnic
58656,Women,Kurtas,Summer,Ethnic
58657,Women,Kurtas,Summer,Casual
58658,Women,Kurtas,Summer,Ethnic
58659,Women,Kurtas,Summer,Ethnic
58660,Women,Kurtas,Summer,Ethnic
58661,Women,Kurtas,Summer,Ethnic
58662,Women,Kurtas,Summer,Ethnic
58663,Women,Tops,Summer,Ethnic
58664,Women,Dresses,Summer,Ethnic
58666,Women,Kurtas,Summer,Ethnic
58667,Women,Kurtas,Summer,Ethnic
58668,Women,Kurtas,Summer,Ethnic
58669,Women,Kurtas,Summer,Ethnic
58670,Women,Kurtas,Summer,Casual
58671,Women,Kurtas,Summer,Ethnic
58672,Women,Kurtas,Summer,Ethnic
58673,Women,Tops,Summer,Ethnic
58674,Women,Kurtas,Summer,Ethnic
58675,Women,Kurtas,Summer,Ethnic
58676,Women,Tops,Summer,Ethnic
58677,Women,Tops,Summer,Casual
58678,Women,Tops,Summer,Ethnic
58680,Women,Kurtas,Summer,Ethnic
58681,Women,Kurtas,Summer,Ethnic
58682,Women,Kurtas,Summer,Ethnic
58683,Women,Kurtas,Summer,Ethnic
58684,Women,Kurtas,Summer,Ethnic
58685,Women,Kurtas,Summer,Casual
58686,Women,Kurtas,Summer,Ethnic
58687,Women,Kurtas,Summer,Ethnic
58689,Women,Kurtas,Summer,Ethnic
58690,Women,Kurtas,Summer,Ethnic
58691,Women,Tops,Summer,Ethnic
58692,Women,Tunics,Summer,Ethnic
58693,Women,Kurtas,Summer,Ethnic
58694,Women,Kurtas,Summer,Ethnic
58695,Women,Kurtas,Summer,Ethnic
58696,Women,Kurtas,Summer,Ethnic
58698,Women,Kurtas,Summer,Casual
58700,Women,Tunics,Summer,Casual
58701,Women,Dresses,Summer,Ethnic
58702,Women,Kurtas,Summer,Ethnic
58703,Women,Kurtas,Summer,Ethnic
58718,Women,Kurtas,Summer,Casual
58719,Women,Kurtas,Summer,Ethnic
58720,Men,Tshirts,Summer,Sports
58722,Men,Tshirts,Summer,Casual
58723,Men,Tshirts,Summer,Casual
58724,Men,Tshirts,Summer,Casual
58725,Men,Tshirts,Summer,Sports
58726,Men,Tshirts,Summer,Casual
58727,Women,Tshirts,Summer,Casual
58728,Women,Tops,Summer,Casual
58729,Women,Tops,Summer,Casual
58730,Women,Tops,Summer,Casual
58731,Women,Tops,Summer,Casual
58732,Men,Tshirts,Summer,Casual
58734,Men,Tshirts,Fall,Casual
58735,Women,Tops,Summer,Casual
58736,Women,Capris,Summer,Casual
58737,Women,Tops,Summer,Casual
58738,Women,Tops,Summer,Casual
58740,Men,Tshirts,Summer,Casual
58741,Men,Tshirts,Summer,Casual
58742,Men,Tshirts,Summer,Casual
58743,Men,Tshirts,Summer,Casual
58744,Men,Tshirts,Summer,Casual
58745,Men,Socks,Spring,Casual
58765,Men,Tops,Summer,Casual
58770,Men,Shirts,Summer,Casual
58793,Men,Shirts,Summer,Casual
58794,Men,Shirts,Summer,Casual
58795,Men,Shirts,Summer,Casual
58796,Men,Shirts,Summer,Casual
58797,Men,Shirts,Summer,Casual
58798,Men,Shirts,Summer,Casual
58800,Men,Shirts,Summer,Casual
58801,Men,Shirts,Summer,Casual
58802,Men,Shirts,Summer,Casual
58805,Men,Shirts,Summer,Casual
58807,Men,Jackets,Summer,Casual
58808,Men,Shirts,Summer,Casual
58809,Men,Shirts,Summer,Casual
58810,Men,Shirts,Summer,Casual
58815,Women,Casual Shoes,Winter,Casual
58816,Women,Casual Shoes,Winter,Casual
58817,Women,Casual Shoes,Winter,Casual
58818,Women,Casual Shoes,Winter,Casual
58819,Women,Casual Shoes,Winter,Casual
58820,Men,Sandals,Winter,Casual
58821,Men,Watches,Winter,Casual
58822,Men,Watches,Winter,Casual
58823,Men,Watches,Winter,Casual
58825,Men,Watches,Winter,Casual
58827,Men,Watches,Winter,Casual
58828,Women,Watches,Winter,Casual
58829,Women,Watches,Winter,Casual
58830,Women,Watches,Winter,Casual
58831,Women,Watches,Winter,Casual
58832,Women,Watches,Winter,Casual
58833,Men,Cufflinks,Summer,Casual
58834,Women,Cufflinks,Summer,Casual
58835,Men,Cufflinks,Winter,Formal
58836,Men,Cufflinks,Winter,Formal
58837,Men,Cufflinks,Winter,Formal
58838,Men,Earrings,Winter,Formal
58839,Men,Cufflinks,Winter,Formal
58840,Men,Cufflinks,Winter,Formal
58841,Men,Cufflinks,Winter,Formal
58842,Men,Cufflinks,Winter,Formal
58843,Men,Cufflinks,Winter,Formal
58844,Men,Cufflinks,Winter,Formal
58845,Men,Cufflinks,Winter,Formal
58846,Men,Cufflinks,Winter,Formal
58847,Men,Cufflinks,Winter,Formal
58848,Unisex,Cufflinks,Winter,Formal
58849,Men,Cufflinks,Winter,Formal
58850,Men,Cufflinks,Winter,Formal
58851,Men,Cufflinks,Winter,Formal
58852,Men,Cufflinks,Winter,Formal
58853,Men,Cufflinks,Winter,Formal
58854,Men,Cufflinks,Winter,Formal
58855,Men,Cufflinks,Winter,Casual
58856,Men,Cufflinks,Winter,Formal
58857,Men,Cufflinks,Winter,Casual
58858,Men,Cufflinks,Winter,Formal
58859,Men,Cufflinks,Winter,Formal
58860,Men,Cufflinks,Winter,Formal
58861,Men,Cufflinks,Winter,Formal
58862,Men,Cufflinks,Spring,Formal
58863,Men,Cufflinks,Winter,Formal
58864,Men,Cufflinks,Winter,Formal
58865,Men,Earrings,Winter,Formal
58867,Men,Earrings,Winter,Formal
58868,Men,Earrings,Winter,Formal
58869,Men,Cufflinks,Winter,Formal
58870,Men,Cufflinks,Winter,Formal
58871,Men,Cufflinks,Winter,Formal
58872,Men,Ties,Summer,Casual
58873,Men,Ties,Summer,Casual
58874,Men,Ties,Summer,Casual
58875,Men,Ties,Summer,Formal
58876,Men,Ties,Summer,Casual
58877,Men,Ties,Summer,Formal
58878,Men,Ties,Summer,Casual
58879,Men,Ties,Summer,Casual
58880,Men,Ties,Summer,Formal
58881,Men,Ties,Summer,Formal
58882,Men,Ties,Summer,Casual
58883,Men,Ties,Summer,Formal
58884,Men,Ties,Winter,Formal
58885,Men,Ties,Summer,Casual
58886,Men,Ties,Summer,Formal
58887,Men,Ties,Summer,Formal
58888,Men,Ties,Winter,Formal
58889,Men,Ties,Summer,Casual
58890,Men,Ties,Summer,Casual
58891,Men,Ties,Summer,Formal
58892,Men,Ties,Summer,Formal
58893,Men,Ties,Summer,Formal
58894,Men,Ties,Summer,Casual
58895,Men,Ties,Summer,Formal
58896,Men,Ties,Summer,Casual
58897,Men,Ties,Summer,Formal
58898,Men,Ties,Summer,Formal
58899,Men,Ties,Summer,Formal
58900,Men,Ties,Summer,Casual
58901,Men,Ties,Summer,Formal
58902,Men,Ties,Summer,Casual
58903,Men,Ties,Summer,Formal
58904,Men,Ties,Summer,Formal
58905,Men,Ties,Summer,Casual
58906,Men,Ties,Summer,Formal
58907,Men,Ties,Summer,Casual
58908,Men,Ties,Summer,Casual
58909,Men,Ties,Summer,Casual
58910,Men,Ties,Summer,Casual
58911,Men,Ties,Summer,Formal
58912,Men,Ties,Summer,Casual
58913,Men,Ties,Summer,Casual
58914,Men,Ties,Summer,Formal
58915,Men,Ties,Summer,Formal
58916,Men,Ties,Summer,Casual
58917,Men,Ties,Summer,Formal
58918,Men,Ties,Summer,Formal
58919,Men,Ties,Summer,Formal
58920,Men,Accessory Gift Set,Summer,Sports
58921,Men,Accessory Gift Set,Summer,Casual
58922,Men,Accessory Gift Set,Summer,Sports
58923,Men,Accessory Gift Set,Summer,Sports
58924,Men,Accessory Gift Set,Summer,Formal
58925,Unisex,Wallets,Winter,Casual
58926,Men,Handbags,Summer,Casual
58928,Unisex,Clutches,Summer,Casual
58931,Women,Clutches,Winter,Casual
58932,Unisex,Clutches,Winter,Casual
58934,Men,Watches,Winter,Casual
58935,Men,Watches,Winter,Casual
58937,Men,Watches,Winter,Casual
58939,Men,Watches,Winter,Casual
58940,Men,Watches,Winter,Casual
58941,Men,Watches,Winter,Casual
58942,Women,Watches,Winter,Casual
58943,Women,Perfume and Body Mist,Spring,Casual
58944,Women,Perfume and Body Mist,Spring,Casual
58945,Women,Perfume and Body Mist,Spring,Casual
58946,Women,Perfume and Body Mist,Spring,Casual
58947,Women,Deodorant,Spring,Casual
58948,Women,Deodorant,Spring,Casual
58949,Women,Deodorant,Spring,Casual
58950,Women,Deodorant,Spring,Casual
58951,Men,Deodorant,Spring,Casual
58952,Men,Deodorant,Spring,Casual
58954,Men,Deodorant,Spring,Casual
58955,Men,Deodorant,Spring,Casual
58956,Men,Deodorant,Spring,Casual
58958,Men,Deodorant,Spring,Casual
58959,Men,Deodorant,Spring,Casual
58960,Men,Deodorant,Spring,Casual
58961,Men,Deodorant,Spring,Casual
58962,Women,Perfume and Body Mist,Spring,Casual
58963,Women,Deodorant,Spring,Casual
58964,Women,Deodorant,Spring,Casual
58965,Women,Deodorant,Spring,Casual
58966,Women,Perfume and Body Mist,Spring,Casual
58967,Women,Deodorant,Spring,Casual
58968,Women,Perfume and Body Mist,Spring,Casual
58969,Women,Deodorant,Spring,Casual
58970,Women,Perfume and Body Mist,Spring,Casual
58971,Women,Deodorant,Spring,Casual
58972,Women,Deodorant,Spring,Casual
58973,Women,Deodorant,Spring,Casual
58974,Women,Deodorant,Spring,Casual
58975,Men,Deodorant,Spring,Casual
58976,Women,Deodorant,Spring,Casual
58977,Men,Deodorant,Spring,Casual
58978,Men,Deodorant,Spring,Casual
58979,Women,Deodorant,Spring,Casual
58980,Women,Deodorant,Spring,Casual
58981,Women,Deodorant,Spring,Casual
58982,Women,Deodorant,Spring,Casual
58983,Women,Deodorant,Spring,Casual
58984,Women,Deodorant,Spring,Casual
58985,Men,Deodorant,Spring,Casual
58986,Women,Deodorant,Spring,Casual
58987,Women,Deodorant,Spring,Casual
58988,Women,Deodorant,Spring,Casual
58989,Women,Deodorant,Spring,Casual
58990,Women,Deodorant,Spring,Casual
58991,Men,Deodorant,Spring,Casual
58992,Men,Deodorant,Spring,Casual
59002,Men,Deodorant,Spring,Casual
59003,Men,Deodorant,Spring,Casual
59004,Men,Deodorant,Spring,Casual
59005,Men,Deodorant,Spring,Casual
59006,Men,Deodorant,Spring,Casual
59008,Women,Sports Shoes,Fall,Sports
59010,Men,Sports Shoes,Fall,Sports
59011,Men,Sports Shoes,Fall,Sports
59012,Men,Casual Shoes,Spring,Sports
59013,Men,Casual Shoes,Winter,Sports
59014,Men,Casual Shoes,Fall,Sports
59015,Men,Sports Shoes,Fall,Sports
59016,Men,Casual Shoes,Summer,Sports
59017,Men,Sandals,Winter,Casual
59018,Women,Heels,Spring,Casual
59019,Women,Heels,Winter,Casual
59020,Women,Heels,Winter,Casual
59021,Women,Heels,Winter,Casual
59022,Women,Heels,Winter,Casual
59023,Women,Heels,Winter,Casual
59024,Women,Heels,Winter,Casual
59025,Women,Heels,Winter,Casual
59026,Women,Heels,Winter,Casual
59027,Women,Heels,Winter,Casual
59028,Women,Heels,Winter,Casual
59029,Women,Heels,Winter,Casual
59030,Women,Heels,Winter,Casual
59031,Women,Heels,Winter,Casual
59032,Women,Heels,Winter,Casual
59033,Women,Heels,Winter,Casual
59034,Women,Heels,Winter,Casual
59035,Women,Heels,Winter,Casual
59036,Women,Flats,Winter,Casual
59037,Women,Heels,Winter,Casual
59038,Women,Heels,Winter,Casual
59039,Women,Flip Flops,Winter,Casual
59040,Women,Flip Flops,Winter,Casual
59042,Women,Heels,Winter,Casual
59043,Women,Heels,Winter,Casual
59044,Women,Heels,Winter,Casual
59045,Women,Heels,Winter,Casual
59046,Women,Heels,Winter,Casual
59047,Women,Heels,Winter,Casual
59048,Women,Heels,Winter,Casual
59049,Women,Heels,Winter,Casual
59050,Women,Heels,Winter,Casual
59051,Women,Heels,Winter,Casual
59052,Women,Heels,Winter,Casual
59053,Women,Heels,Winter,Casual
59054,Women,Heels,Winter,Casual
59055,Women,Casual Shoes,Winter,Casual
59056,Women,Casual Shoes,Winter,Casual
59058,Women,Kurtis,Summer,Casual
59059,Women,Kurtas,Summer,Ethnic
59060,Women,Kurtas,Summer,Ethnic
59061,Women,Kurtas,Summer,Ethnic
59062,Women,Kurtas,Summer,Ethnic
59063,Women,Kurtas,Summer,Ethnic
59064,Women,Bra,Summer,Casual
59065,Women,Bra,Summer,Casual
59066,Women,Bra,Summer,Casual
59067,Women,Bra,Summer,Casual
59068,Women,Bra,Summer,Casual
59069,Women,Bra,Summer,Casual
59070,Women,Bra,Summer,Casual
59071,Women,Bra,Summer,Casual
59072,Women,Bra,Summer,Casual
59073,Women,Bra,Summer,Casual
59074,Women,Bra,Summer,Casual
59075,Women,Bra,Summer,Casual
59076,Women,Bra,Summer,Casual
59077,Women,Bra,Summer,Casual
59078,Women,Briefs,Summer,Casual
59079,Women,Briefs,Summer,Casual
59080,Men,Briefs,Summer,Casual
59081,Women,Bra,Summer,Casual
59082,Women,Bra,Summer,Casual
59083,Women,Bra,Summer,Casual
59084,Women,Bra,Summer,Casual
59085,Women,Briefs,Summer,Casual
59086,Women,Briefs,Summer,Casual
59087,Women,Bra,Summer,Casual
59088,Women,Bra,Summer,Casual
59089,Women,Briefs,Summer,Casual
59090,Men,Bra,Summer,Casual
59091,Women,Bra,Summer,Casual
59092,Women,Bra,Summer,Casual
59093,Women,Bra,Summer,Sports
59094,Women,Bra,Summer,Casual
59095,Women,Bra,Summer,Casual
59096,Women,Bra,Summer,Casual
59097,Women,Bra,Summer,Casual
59098,Women,Bra,Summer,Casual
59099,Women,Briefs,Summer,Casual
59100,Women,Briefs,Summer,Casual
59101,Women,Briefs,Summer,Casual
59102,Men,Tshirts,Spring,Casual
59103,Men,Tops,Fall,Casual
59104,Men,Jackets,Summer,Casual
59105,Men,Sweatshirts,Spring,Casual
59106,Men,Jackets,Spring,Casual
59112,Men,Jackets,Summer,Casual
59115,Men,Jackets,Spring,Casual
59116,Men,Jackets,Summer,Casual
59117,Men,Tops,Fall,Casual
59118,Men,Jackets,Summer,Casual
59119,Men,Jackets,Summer,Casual
59120,Men,Jackets,Summer,Casual
59121,Men,Jackets,Summer,Casual
59122,Men,Jackets,Summer,Casual
59123,Men,Jackets,Summer,Casual
59124,Men,Jackets,Spring,Casual
59126,Men,Tops,Spring,Casual
59127,Men,Jackets,Summer,Casual
59128,Women,Jackets,Spring,Casual
59129,Men,Jackets,Spring,Casual
59130,Men,Jackets,Summer,Casual
59131,Men,Jackets,Summer,Casual
59132,Men,Shirts,Summer,Casual
59133,Men,Jackets,Spring,Casual
59142,Women,Sandals,Winter,Casual
59143,Women,Flats,Winter,Casual
59144,Women,Heels,Winter,Casual
59145,Women,Heels,Winter,Casual
59146,Women,Sandals,Winter,Casual
59147,Women,Heels,Winter,Casual
59149,Men,Formal Shoes,Winter,Formal
59160,Men,Formal Shoes,Winter,Formal
59161,Men,Formal Shoes,Winter,Formal
59165,Women,Heels,Winter,Casual
59166,Men,Formal Shoes,Winter,Formal
59167,Men,Formal Shoes,Winter,Formal
59172,Men,Formal Shoes,Winter,Formal
59173,Men,Formal Shoes,Winter,Formal
59174,Men,Formal Shoes,Winter,Formal
59175,Men,Formal Shoes,Winter,Casual
59176,Men,Casual Shoes,Winter,Casual
59177,Men,Casual Shoes,Winter,Casual
59178,Men,Casual Shoes,Winter,Formal
59181,Men,Formal Shoes,Winter,Casual
59185,Men,Sandals,Spring,Casual
59187,Women,Heels,Winter,Casual
59188,Women,Heels,Winter,Casual
59190,Men,Sandals,Winter,Casual
59212,Women,Heels,Winter,Casual
59213,Men,Watches,Winter,Casual
59214,Women,Watches,Winter,Casual
59215,Men,Watches,Winter,Casual
59216,Men,Watches,Winter,Casual
59217,Men,Watches,Winter,Casual
59218,Men,Perfume and Body Mist,Winter,Casual
59219,Men,Watches,Winter,Casual
59220,Women,Watches,Winter,Casual
59221,Women,Watches,Winter,Casual
59222,Women,Watches,Winter,Casual
59223,Women,Watches,Winter,Casual
59224,Women,Watches,Winter,Casual
59225,Women,Watches,Winter,Casual
59226,Women,Watches,Winter,Casual
59227,Women,Watches,Winter,Casual
59228,Women,Watches,Winter,Casual
59229,Men,Watches,Winter,Casual
59230,Men,Watches,Winter,Casual
59231,Men,Watches,Winter,Casual
59232,Men,Watches,Winter,Casual
59233,Men,Watches,Winter,Casual
59235,Men,Watches,Winter,Casual
59236,Men,Watches,Winter,Casual
59237,Men,Watches,Winter,Casual
59238,Men,Watches,Winter,Casual
59239,Men,Watches,Winter,Casual
59240,Men,Watches,Winter,Casual
59241,Men,Watches,Winter,Casual
59242,Men,Watches,Winter,Casual
59243,Men,Watches,Winter,Casual
59244,Men,Watches,Winter,Casual
59245,Men,Watches,Winter,Casual
59246,Men,Watches,Winter,Casual
59247,Men,Watches,Winter,Casual
59248,Men,Watches,Winter,Casual
59249,Men,Watches,Winter,Casual
59250,Men,Watches,Winter,Casual
59251,Men,Watches,Winter,Casual
59252,Men,Watches,Winter,Casual
59253,Men,Watches,Winter,Casual
59254,Men,Watches,Winter,Casual
59255,Men,Watches,Winter,Casual
59256,Men,Watches,Winter,Casual
59257,Men,Watches,Winter,Casual
59258,Women,Watches,Winter,Casual
59259,Women,Watches,Winter,Casual
59260,Women,Watches,Winter,Casual
59261,Women,Watches,Winter,Casual
59262,Men,Watches,Winter,Casual
59263,Women,Watches,Winter,Casual
59264,Women,Watches,Winter,Casual
59265,Women,Pendant,Winter,Casual
59266,Men,Watches,Winter,Casual
59267,Women,Watches,Winter,Casual
59268,Men,Watches,Winter,Casual
59269,Women,Watches,Winter,Casual
59270,Men,Watches,Winter,Casual
59271,Men,Watches,Winter,Casual
59272,Women,Watches,Winter,Casual
59273,Women,Watches,Winter,Casual
59274,Women,Perfume and Body Mist,Winter,Casual
59275,Men,Watches,Spring,Casual
59276,Men,Watches,Spring,Casual
59277,Women,Watches,Winter,Casual
59278,Men,Watches,Winter,Casual
59279,Women,Watches,Winter,Casual
59280,Women,Socks,Winter,Casual
59281,Men,Watches,Winter,Casual
59282,Men,Perfume and Body Mist,Winter,Casual
59283,Men,Watches,Winter,Casual
59284,Men,Watches,Winter,Casual
59286,Women,Watches,Winter,Casual
59287,Women,Watches,Winter,Casual
59290,Women,Watches,Winter,Casual
59291,Men,Watches,Winter,Casual
59292,Men,Wallets,Winter,Casual
59293,Men,Watches,Winter,Casual
59294,Men,Shirts,Summer,Casual
59295,Men,Shirts,Summer,Casual
59296,Men,Shirts,Summer,Casual
59297,Men,Shirts,Summer,Casual
59298,Men,Shirts,Summer,Casual
59299,Men,Shirts,Summer,Casual
59300,Women,Shirts,Summer,Casual
59301,Men,Tops,Summer,Casual
59302,Men,Shirts,Summer,Casual
59303,Men,Shirts,Summer,Casual
59304,Men,Shirts,Summer,Casual
59305,Men,Shirts,Summer,Casual
59306,Men,Tshirts,Summer,Casual
59311,Men,Sandals,Winter,Casual
59312,Men,Sandals,Winter,Casual
59315,Women,Casual Shoes,Summer,Casual
59323,Men,Sandals,Fall,Casual
59324,Men,Sandals,Fall,Casual
59326,Women,Casual Shoes,Winter,Casual
59329,Men,Casual Shoes,Fall,Sports
59330,Men,Casual Shoes,Spring,Casual
59338,Women,Casual Shoes,Winter,Casual
59342,Men,Casual Shoes,Winter,Casual
59349,Men,Sandals,Winter,Casual
59352,Women,Kurtas,Summer,Ethnic
59353,Women,Kurtas,Summer,Ethnic
59354,Women,Kurtas,Summer,Ethnic
59355,Women,Kurtas,Summer,Ethnic
59356,Women,Kurtas,Summer,Ethnic
59357,Women,Kurtas,Summer,Ethnic
59358,Women,Kurtas,Summer,Casual
59359,Women,Tops,Summer,Ethnic
59360,Women,Kurtas,Summer,Ethnic
59361,Women,Kurtas,Summer,Ethnic
59362,Women,Kurtas,Summer,Ethnic
59363,Women,Kurtas,Summer,Ethnic
59364,Women,Kurtas,Summer,Ethnic
59365,Women,Kurtas,Summer,Ethnic
59366,Women,Kurtas,Summer,Ethnic
59367,Women,Kurtas,Summer,Ethnic
59368,Women,Kurtas,Summer,Ethnic
59369,Women,Kurtas,Summer,Ethnic
59370,Women,Kurtas,Summer,Ethnic
59371,Women,Kurtas,Summer,Ethnic
59372,Women,Kurtas,Summer,Ethnic
59373,Women,Kurtas,Summer,Ethnic
59374,Women,Kurtas,Summer,Ethnic
59375,Women,Kurtas,Summer,Ethnic
59376,Women,Kurtas,Summer,Casual
59377,Women,Kurtas,Summer,Casual
59378,Women,Kurtas,Summer,Ethnic
59379,Women,Kurtas,Summer,Ethnic
59380,Women,Kurtas,Summer,Ethnic
59381,Women,Kurtas,Summer,Ethnic
59382,Women,Kurtas,Summer,Ethnic
59383,Women,Kurtas,Summer,Ethnic
59387,Women,Heels,Winter,Casual
59388,Women,Heels,Winter,Casual
59390,Men,Formal Shoes,Winter,Formal
59396,Men,Casual Shoes,Fall,Casual
59399,Women,Kurtas,Summer,Ethnic
59400,Women,Kurtas,Summer,Ethnic
59403,Women,Tunics,Summer,Ethnic
59404,Women,Tops,Summer,Casual
59405,Women,Tops,Summer,Casual
59407,Women,Dresses,Summer,Casual
59410,Women,Tops,Summer,Casual
59413,Women,Tops,Summer,Casual
59418,Women,Tops,Summer,Casual
59421,Women,Tops,Summer,Casual
59422,Women,Tops,Summer,Casual
59428,Women,Perfume and Body Mist,Summer,Casual
59430,Women,Handbags,Summer,Casual
59432,Women,Handbags,Winter,Casual
59433,Women,Clutches,Summer,Casual
59435,Men,Formal Shoes,Winter,Formal
59436,Women,Heels,Winter,Casual
59437,Women,Heels,Winter,Casual
59439,Men,Shirts,Summer,Casual
59440,Men,Shirts,Summer,Casual
59441,Men,Shirts,Summer,Casual
59442,Men,Shirts,Spring,Formal
59443,Men,Shirts,Summer,Casual
59444,Men,Shirts,Winter,Formal
59445,Men,Shirts,Summer,Casual
59446,Men,Shirts,Summer,Casual
59448,Men,Shirts,Summer,Casual
59451,Men,Shirts,Summer,Formal
59452,Men,Shirts,Summer,Casual
59453,Men,Shirts,Summer,Casual
59454,Men,Shirts,Spring,Casual
59455,Women,Sandals,Winter,Casual
59456,Women,Ring,Spring,Casual
59457,Women,Ring,Winter,Casual
59458,Men,Flip Flops,Spring,Casual
59459,Women,Ring,Winter,Casual
59460,Women,Ring,Winter,Casual
59461,Women,Ring,Winter,Casual
59462,Men,Ring,Winter,Casual
59463,Women,Ring,Winter,Casual
59464,Women,Ring,Summer,Casual
59465,Women,Ring,Summer,Casual
59466,Men,Ring,Winter,Casual
59467,Women,Ring,Winter,Casual
59468,Men,Flip Flops,Summer,Casual
59469,Women,Ring,Spring,Casual
59470,Men,Ring,Winter,Casual
59471,Women,Ring,Summer,Casual
59474,Women,Ties,Winter,Casual
59481,Women,Ring,Winter,Casual
59484,Women,Ring,Winter,Casual
59498,Women,Pendant,Summer,Casual
59499,Women,Necklace and Chains,Summer,Casual
59501,Women,Pendant,Winter,Casual
59502,Women,Necklace and Chains,Winter,Casual
59503,Women,Pendant,Winter,Casual
59504,Women,Pendant,Winter,Casual
59505,Women,Pendant,Winter,Casual
59507,Women,Pendant,Fall,Casual
59508,Women,Pendant,Winter,Casual
59509,Women,Pendant,Winter,Casual
59510,Women,Pendant,Winter,Casual
59511,Women,Pendant,Winter,Formal
59512,Women,Necklace and Chains,Winter,Casual
59513,Women,Necklace and Chains,Winter,Casual
59514,Women,Pendant,Winter,Casual
59515,Women,Necklace and Chains,Winter,Casual
59516,Women,Necklace and Chains,Summer,Casual
59518,Women,Necklace and Chains,Winter,Casual
59519,Women,Necklace and Chains,Winter,Casual
59520,Men,Earrings,Winter,Casual
59521,Women,Earrings,Winter,Ethnic
59522,Women,Earrings,Spring,Casual
59523,Women,Earrings,Winter,Ethnic
59524,Women,Earrings,Spring,Casual
59525,Women,Earrings,Winter,Ethnic
59526,Women,Earrings,Winter,Casual
59527,Women,Earrings,Winter,Casual
59528,Women,Earrings,Winter,Ethnic
59529,Women,Earrings,Winter,Ethnic
59530,Women,Earrings,Winter,Casual
59531,Women,Ties,Winter,Casual
59532,Women,Earrings,Winter,Casual
59533,Women,Earrings,Winter,Casual
59534,Women,Earrings,Winter,Casual
59535,Women,Earrings,Winter,Ethnic
59537,Women,Earrings,Winter,Casual
59541,Women,Earrings,Winter,Casual
59543,Women,Earrings,Winter,Casual
59544,Women,Earrings,Winter,Casual
59545,Women,Earrings,Spring,Casual
59546,Women,Earrings,Winter,Casual
59547,Women,Earrings,Winter,Ethnic
59550,Women,Earrings,Winter,Casual
59551,Women,Earrings,Winter,Casual
59552,Men,Ring,Winter,Casual
59553,Women,Cufflinks,Winter,Casual
59554,Women,Bangle,Winter,Casual
59555,Women,Belts,Winter,Casual
59556,Women,Bangle,Winter,Casual
59557,Women,Bangle,Winter,Casual
59558,Women,Bangle,Winter,Casual
59559,Women,Bangle,Winter,Casual
59560,Women,Bangle,Winter,Casual
59561,Women,Ring,Summer,Casual
59563,Women,Ties,Winter,Casual
59564,Men,Cufflinks,Winter,Formal
59565,Men,Cufflinks,Winter,Formal
59566,Men,Cufflinks,Spring,Formal
59567,Unisex,Cufflinks,Winter,Casual
59568,Men,Cufflinks,Winter,Formal
59569,Men,Cufflinks,Winter,Formal
59570,Men,Cufflinks,Winter,Casual
59571,Men,Cufflinks,Winter,Formal
59572,Unisex,Cufflinks,Winter,Casual
59573,Men,Cufflinks,Summer,Formal
59574,Men,Cufflinks,Summer,Formal
59575,Men,Cufflinks,Winter,Formal
59576,Unisex,Cufflinks,Winter,Casual
59577,Men,Cufflinks,Winter,Formal
59578,Men,Cufflinks,Winter,Formal
59579,Men,Cufflinks,Winter,Formal
59580,Unisex,Cufflinks,Winter,Casual
59581,Men,Cufflinks,Winter,Formal
59582,Men,Cufflinks,Winter,Formal
59583,Men,Cufflinks,Winter,Formal
59584,Men,Cufflinks,Winter,Formal
59585,Men,Cufflinks,Spring,Formal
59586,Unisex,Cufflinks,Winter,Formal
59587,Men,Earrings,Winter,Formal
59589,Women,Sarees,Summer,Ethnic
59590,Women,Sarees,Summer,Ethnic
59591,Women,Sarees,Fall,Ethnic
59592,Women,Sarees,Fall,Ethnic
59593,Women,Dresses,Fall,Ethnic
59594,Women,Sarees,Summer,Ethnic
59595,Women,Sarees,Summer,Ethnic
59596,Women,Sarees,Fall,Ethnic
59597,Women,Sarees,Summer,Ethnic
59598,Women,Sarees,Summer,Ethnic
59599,Women,Sarees,Summer,Ethnic
59600,Women,Sarees,Summer,Ethnic
59601,Women,Sarees,Fall,Ethnic
59603,Women,Sarees,Summer,Ethnic
59604,Women,Sarees,Summer,Ethnic
59606,Women,Sarees,Summer,Ethnic
59607,Women,Sarees,Fall,Ethnic
59608,Women,Sarees,Summer,Ethnic
59609,Women,Sarees,Fall,Ethnic
59610,Women,Sarees,Fall,Ethnic
59611,Women,Sarees,Summer,Ethnic
59612,Women,Sarees,Summer,Ethnic
59613,Women,Sarees,Summer,Ethnic
59614,Women,Kurtas,Summer,Ethnic
59615,Women,Sarees,Summer,Ethnic
59616,Women,Sarees,Summer,Ethnic
59618,Women,Sarees,Summer,Ethnic
59619,Women,Sarees,Summer,Ethnic
59620,Women,Sarees,Summer,Ethnic
59621,Women,Sarees,Summer,Ethnic
59622,Women,Sarees,Summer,Ethnic
59623,Women,Ties,Fall,Ethnic
59624,Women,Sarees,Fall,Ethnic
59625,Women,Sarees,Summer,Ethnic
59626,Women,Sarees,Summer,Ethnic
59628,Women,Sarees,Fall,Ethnic
59630,Women,Sarees,Summer,Ethnic
59631,Women,Sarees,Fall,Ethnic
59632,Women,Sarees,Summer,Ethnic
59633,Women,Sarees,Summer,Ethnic
59634,Women,Sarees,Fall,Ethnic
59635,Women,Sarees,Summer,Ethnic
59636,Women,Sarees,Fall,Ethnic
59637,Women,Sarees,Summer,Ethnic
59638,Women,Sarees,Summer,Ethnic
59639,Women,Sarees,Summer,Ethnic
59640,Women,Sarees,Summer,Ethnic
59641,Women,Sarees,Summer,Ethnic
59642,Women,Sarees,Summer,Ethnic
59643,Women,Dresses,Summer,Ethnic
59644,Women,Sarees,Fall,Ethnic
59645,Women,Sarees,Summer,Ethnic
59646,Women,Sarees,Summer,Ethnic
59647,Women,Sarees,Summer,Ethnic
59648,Women,Sarees,Summer,Ethnic
59649,Women,Sarees,Fall,Ethnic
59650,Women,Sarees,Fall,Ethnic
59651,Women,Sarees,Summer,Ethnic
59652,Women,Sarees,Summer,Ethnic
59653,Women,Sarees,Summer,Ethnic
59654,Women,Sarees,Summer,Ethnic
59655,Women,Sarees,Summer,Ethnic
59656,Women,Sarees,Fall,Ethnic
59657,Women,Dresses,Summer,Casual
59658,Women,Sarees,Summer,Ethnic
59659,Women,Sarees,Fall,Ethnic
59660,Women,Sarees,Summer,Ethnic
59661,Women,Sarees,Summer,Ethnic
59662,Women,Sarees,Summer,Ethnic
59663,Women,Sarees,Summer,Ethnic
59664,Women,Sarees,Summer,Ethnic
59665,Women,Sarees,Summer,Ethnic
59666,Women,Sarees,Fall,Casual
59667,Women,Sarees,Summer,Ethnic
59668,Women,Sarees,Summer,Ethnic
59669,Women,Sarees,Summer,Ethnic
59670,Women,Sarees,Summer,Ethnic
59672,Women,Sarees,Fall,Ethnic
59673,Men,Sarees,Summer,Ethnic
59674,Women,Sarees,Summer,Ethnic
59675,Women,Flip Flops,Winter,Casual
59676,Women,Heels,Winter,Casual
59677,Women,Briefs,Summer,Casual
59678,Men,Briefs,Summer,Casual
59679,Women,Briefs,Summer,Casual
59680,Women,Briefs,Summer,Casual
59681,Women,Briefs,Summer,Casual
59682,Women,Briefs,Summer,Casual
59683,Women,Briefs,Summer,Casual
59684,Men,Briefs,Summer,Casual
59685,Men,Briefs,Summer,Casual
59686,Women,Briefs,Summer,Casual
59687,Women,Briefs,Summer,Casual
59688,Women,Briefs,Summer,Casual
59689,Women,Bra,Summer,Casual
59690,Women,Bra,Summer,Casual
59691,Women,Bra,Summer,Casual
59692,Women,Bra,Summer,Casual
59693,Women,Bra,Summer,Casual
59694,Women,Briefs,Summer,Casual
59695,Women,Briefs,Summer,Casual
59696,Women,Briefs,Summer,Casual
59697,Women,Nightdress,Summer,Casual
59698,Women,Nightdress,Summer,Casual
59699,Women,Bra,Summer,Sports
59700,Women,Bra,Summer,Casual
59701,Women,Briefs,Summer,Casual
59702,Women,Dresses,Summer,Casual
59703,Women,Briefs,Summer,Casual
59704,Women,Briefs,Summer,Casual
59705,Women,Bra,Summer,Casual
59706,Women,Bra,Summer,Casual
59707,Men,Briefs,Summer,Casual
59708,Women,Briefs,Summer,Casual
59709,Women,Briefs,Summer,Casual
59710,Women,Briefs,Summer,Casual
59711,Women,Briefs,Summer,Casual
59712,Women,Tops,Summer,Casual
59713,Women,Bra,Summer,Casual
59714,Women,Bra,Summer,Casual
59715,Women,Ties,Summer,Casual
59716,Women,Nightdress,Summer,Casual
59717,Women,Bra,Summer,Casual
59718,Women,Bra,Summer,Casual
59719,Women,Bra,Summer,Casual
59720,Women,Bra,Summer,Casual
59721,Women,Bra,Summer,Casual
59722,Women,Briefs,Summer,Casual
59723,Women,Bra,Summer,Casual
59724,Women,Bra,Summer,Casual
59725,Women,Bra,Summer,Casual
59726,Women,Bra,Summer,Casual
59727,Women,Bra,Summer,Casual
59728,Women,Bra,Summer,Casual
59729,Women,Bra,Summer,Casual
59730,Women,Bra,Summer,Casual
59731,Women,Bra,Summer,Sports
59732,Men,Bra,Summer,Casual
59733,Women,Bra,Summer,Casual
59734,Women,Briefs,Summer,Casual
59735,Women,Briefs,Summer,Casual
59736,Women,Briefs,Summer,Casual
59739,Women,Bra,Summer,Casual
59740,Women,Bra,Summer,Casual
59741,Women,Bra,Summer,Sports
59742,Women,Briefs,Summer,Casual
59743,Women,Briefs,Summer,Casual
59744,Women,Dresses,Summer,Casual
59745,Women,Dresses,Summer,Casual
59746,Women,Tops,Summer,Casual
59747,Women,Nightdress,Fall,Casual
59748,Women,Dresses,Summer,Ethnic
59749,Women,Dresses,Summer,Casual
59750,Men,Briefs,Summer,Casual
59751,Women,Briefs,Summer,Casual
59752,Men,Briefs,Summer,Casual
59753,Women,Briefs,Summer,Casual
59754,Women,Nightdress,Summer,Casual
59755,Women,Briefs,Summer,Casual
59756,Women,Bra,Summer,Casual
59757,Women,Heels,Winter,Casual
59758,Women,Heels,Winter,Casual
59759,Women,Heels,Winter,Casual
59760,Women,Heels,Winter,Casual
59761,Women,Heels,Winter,Casual
59762,Women,Heels,Winter,Casual
59763,Women,Heels,Winter,Casual
59764,Women,Heels,Winter,Casual
59765,Women,Earrings,Winter,Ethnic
59766,Women,Earrings,Winter,Ethnic
59767,Women,Earrings,Winter,Ethnic
59768,Women,Watches,Winter,Casual
59769,Women,Jewellery Set,Winter,Casual
59770,Women,Pendant,Winter,Casual
59771,Women,Pendant,Winter,Casual
59772,Women,Pendant,Winter,Casual
59773,Women,Necklace and Chains,Winter,Casual
59774,Men,Watches,Summer,Casual
59775,Men,Bangle,Winter,Casual
59776,Women,Bangle,Winter,Casual
59777,Women,Bangle,Winter,Casual
59778,Men,Bangle,Winter,Casual
59779,Women,Bangle,Winter,Casual
59780,Men,Bangle,Winter,Casual
59781,Women,Bracelet,Winter,Casual
59782,Women,Bangle,Winter,Casual
59783,Women,Bracelet,Summer,Casual
59784,Women,Bangle,Winter,Casual
59794,Women,Tops,Summer,Casual
59795,Women,Tops,Summer,Casual
59796,Women,Tops,Summer,Casual
59797,Men,Tshirts,Summer,Casual
59810,Men,Tshirts,Summer,Casual
59811,Women,Tops,Summer,Casual
59813,Women,Trousers,Summer,Casual
59814,Men,Trousers,Summer,Casual
59819,Men,Shirts,Summer,Casual
59824,Men,Shirts,Summer,Casual
59826,Men,Shirts,Summer,Casual
59827,Men,Tops,Summer,Casual
59832,Men,Tops,Summer,Casual
59833,Men,Shirts,Summer,Casual
59834,Men,Jackets,Summer,Casual
59838,Men,Tshirts,Spring,Casual
59839,Women,Fragrance Gift Set,Spring,Casual
59851,Women,Perfume and Body Mist,Spring,Casual
59853,Men,Perfume and Body Mist,Spring,Casual
59856,Men,Perfume and Body Mist,Summer,Casual
59858,Men,Perfume and Body Mist,Spring,Casual
59859,Women,Perfume and Body Mist,Spring,Casual
59860,Men,Handbags,Spring,Casual
59862,Men,Deodorant,Summer,Casual
59863,Men,Perfume and Body Mist,Summer,Casual
59866,Men,Perfume and Body Mist,Spring,Casual
59872,Women,Tops,Summer,Casual
59873,Women,Skirts,Summer,Casual
59874,Women,Tops,Summer,Casual
59875,Women,Stoles,Summer,Casual
59876,Women,Dresses,Summer,Ethnic
59877,Women,Leggings,Summer,Formal
59878,Men,Leggings,Summer,Casual
59879,Women,Jeans,Summer,Casual
59880,Women,Leggings,Summer,Casual
59881,Men,Leggings,Summer,Casual
59882,Women,Tops,Summer,Casual
59883,Women,Tops,Summer,Casual
59884,Women,Tops,Summer,Casual
59885,Women,Tops,Summer,Casual
59886,Women,Tops,Summer,Casual
59887,Women,Tops,Summer,Casual
59888,Women,Tops,Summer,Casual
59889,Women,Tops,Summer,Casual
59890,Women,Dresses,Summer,Casual
59891,Women,Tops,Summer,Casual
59892,Women,Tops,Summer,Casual
59893,Women,Shirts,Summer,Casual
59894,Women,Tops,Summer,Casual
59895,Women,Nightdress,Summer,Casual
59896,Women,Dresses,Summer,Ethnic
59897,Women,Sarees,Summer,Ethnic
59898,Women,Tops,Summer,Casual
59900,Women,Stoles,Summer,Casual
59901,Women,Dupatta,Summer,Casual
59902,Women,Tops,Summer,Casual
59903,Women,Tops,Summer,Casual
59904,Women,Tops,Summer,Casual
59905,Women,Ties,Summer,Casual
59906,Women,Dresses,Summer,Ethnic
59907,Women,Stoles,Summer,Casual
59908,Women,Dresses,Summer,Ethnic
59909,Women,Dresses,Summer,Ethnic
59910,Women,Kurtas,Summer,Ethnic
59911,Women,Kurtas,Summer,Ethnic
59912,Women,Kurtas,Summer,Ethnic
59914,Women,Kurtas,Summer,Ethnic
59915,Women,Tops,Summer,Ethnic
59916,Women,Kurtas,Summer,Ethnic
59917,Women,Kurtas,Summer,Ethnic
59918,Women,Dresses,Summer,Casual
59919,Women,Kurtas,Summer,Ethnic
59920,Women,Kurtas,Summer,Ethnic
59921,Women,Kurtas,Summer,Casual
59922,Women,Kurtas,Summer,Ethnic
59923,Women,Kurtas,Summer,Ethnic
59924,Women,Kurtas,Summer,Ethnic
59925,Women,Kurtas,Summer,Ethnic
59926,Women,Kurtas,Summer,Ethnic
59927,Women,Tops,Summer,Casual
59928,Women,Kurtas,Summer,Casual
59929,Women,Dresses,Summer,Ethnic
59930,Women,Kurtas,Summer,Ethnic
59931,Women,Kurtas,Summer,Ethnic
59932,Women,Kurtas,Summer,Casual
59933,Women,Dresses,Summer,Ethnic
59934,Women,Kurtas,Summer,Ethnic
59935,Men,Casual Shoes,Spring,Casual
59936,Men,Casual Shoes,Fall,Casual
59937,Men,Casual Shoes,Fall,Casual
59938,Men,Casual Shoes,Spring,Casual
59939,Men,Casual Shoes,Fall,Casual
59940,Unisex,Casual Shoes,Spring,Casual
59941,Men,Casual Shoes,Fall,Casual
59942,Men,Casual Shoes,Fall,Casual
59943,Unisex,Casual Shoes,Fall,Casual
59944,Unisex,Casual Shoes,Spring,Casual
59945,Men,Casual Shoes,Fall,Casual
59946,Women,Perfume and Body Mist,Spring,Casual
59947,Women,Perfume and Body Mist,Spring,Casual
59948,Women,Deodorant,Spring,Casual
59949,Women,Deodorant,Spring,Casual
59950,Women,Deodorant,Spring,Casual
59951,Women,Deodorant,Spring,Casual
59961,Men,Deodorant,Spring,Casual
59962,Men,Deodorant,Spring,Casual
59963,Women,Dresses,Fall,Casual
59964,Women,Dresses,Fall,Casual
59965,Men,Dresses,Fall,Sports
59966,Women,Dresses,Summer,Casual
59967,Women,Dresses,Summer,Ethnic
59968,Women,Dresses,Summer,Casual
59969,Women,Dresses,Summer,Casual
59970,Women,Dresses,Summer,Casual
59971,Women,Dresses,Summer,Casual
59972,Women,Dresses,Summer,Casual
59973,Women,Dresses,Summer,Casual
59974,Women,Dresses,Summer,Casual
59975,Women,Dresses,Summer,Ethnic
59976,Women,Dresses,Summer,Casual
59977,Women,Dresses,Summer,Casual
59978,Women,Dresses,Summer,Casual
59979,Women,Dresses,Summer,Casual
59980,Women,Dresses,Summer,Casual
59981,Women,Dresses,Summer,Casual
59982,Women,Dresses,Summer,Casual
59983,Women,Dresses,Summer,Ethnic
59984,Women,Dresses,Summer,Casual
59985,Women,Dresses,Summer,Casual
59986,Women,Dresses,Summer,Casual
59987,Women,Dresses,Summer,Casual
59988,Women,Dresses,Summer,Casual
59989,Women,Dresses,Summer,Casual
59990,Women,Dresses,Summer,Casual
59991,Women,Dresses,Summer,Casual
59992,Women,Dresses,Summer,Casual
59993,Women,Dresses,Summer,Sports
59994,Women,Dresses,Summer,Casual
59995,Men,Dresses,Summer,Sports
59996,Women,Dresses,Summer,Ethnic
59998,Women,Heels,Winter,Casual
59999,Women,Heels,Winter,Casual
60000,Women,Dresses,Summer,Ethnic
