id,gender,articleType,season,usage
52003,Men,Jeans,Fall,Casual
52007,Women,Dresses,Summer,Casual
52017,Men,Sports Shoes,Summer,Casual
52021,Women,Bra,Summer,Casual
52023,Men,Jackets,Summer,Casual
52026,Men,Jackets,Summer,Casual
52027,Men,Jackets,Summer,Casual
52028,Men,Kurtis,Summer,Casual
52029,Men,Sweatshirts,Summer,Sports
52030,Men,Jackets,Summer,Casual
52031,Men,Jackets,Summer,Casual
52032,Women,Jackets,Summer,Casual
52034,Men,Jackets,Summer,Casual
52042,Men,Jackets,Summer,Casual
52043,Men,Jackets,Summer,Casual
52044,Men,Jackets,Summer,Casual
52045,Men,Jackets,Summer,Casual
52049,Men,Tshirts,Summer,Casual
52050,Men,Tshirts,Summer,Casual
52051,Men,Tshirts,Summer,Casual
52052,Men,Tshirts,Summer,Casual
52053,Men,Tshirts,Summer,Casual
52054,Men,Tshirts,Summer,Casual
52055,Men,Tshirts,Summer,Casual
52056,Men,Tshirts,Summer,Casual
52057,Men,Tshirts,Summer,Casual
52058,Men,Tshirts,Summer,Casual
52059,Men,Tshirts,Summer,Casual
52060,Men,Tshirts,Summer,Casual
52061,Men,Tshirts,Summer,Casual
52062,Men,Tshirts,Summer,Casual
52063,Men,Tshirts,Summer,Casual
52064,Men,Tshirts,Summer,Casual
52065,Men,Tshirts,Summer,Casual
52066,Men,Tshirts,Summer,Casual
52067,Men,Tshirts,Summer,Casual
52068,Men,Tshirts,Summer,Casual
52069,Men,Tshirts,Summer,Casual
52070,Men,Tshirts,Summer,Casual
52071,Men,Tshirts,Summer,Casual
52072,Men,Tshirts,Summer,Casual
52073,Men,Tshirts,Summer,Casual
52074,Men,Tshirts,Summer,Casual
52075,Men,Tshirts,Summer,Casual
52076,Men,Tshirts,Summer,Casual
52077,Men,Shirts,Summer,Casual
52078,Men,Tshirts,Summer,Casual
52079,Men,Tshirts,Summer,Casual
52080,Men,Tshirts,Summer,Casual
52081,Men,Tshirts,Summer,Casual
52082,Men,Tshirts,Summer,Casual
52083,Women,Tshirts,Summer,Casual
52084,Women,Tshirts,Summer,Casual
52085,Women,Tops,Summer,Casual
52086,Women,Tshirts,Summer,Casual
52087,Women,Tops,Summer,Casual
52088,Women,Tops,Summer,Casual
52089,Women,Tops,Summer,Casual
52090,Women,Tops,Summer,Casual
52091,Women,Scarves,Summer,Casual
52092,Women,Tops,Summer,Casual
52093,Women,Tops,Summer,Casual
52094,Women,Tops,Summer,Casual
52095,Women,Tops,Summer,Casual
52096,Women,Tops,Summer,Casual
52097,Women,Tops,Summer,Casual
52098,Women,Tops,Summer,Casual
52099,Women,Tops,Summer,Casual
52100,Women,Kurtas,Summer,Ethnic
52101,Women,Kurtas,Summer,Ethnic
52102,Women,Kurtas,Summer,Ethnic
52103,Women,Nightdress,Summer,Casual
52104,Women,Kurtas,Summer,Ethnic
52105,Women,Kurtas,Summer,Ethnic
52106,Women,Nightdress,Summer,Ethnic
52107,Women,Kurtas,Summer,Ethnic
52108,Women,Dresses,Summer,Ethnic
52109,Women,Dresses,Summer,Casual
52110,Women,Kurtas,Summer,Ethnic
52111,Women,Kurtis,Summer,Casual
52112,Women,Nightdress,Summer,Ethnic
52113,Women,Tunics,Summer,Casual
52114,Women,Tops,Summer,Casual
52115,Women,Tops,Summer,Casual
52116,Women,Tops,Summer,Casual
52117,Women,Tops,Summer,Casual
52118,Women,Stoles,Summer,Casual
52119,Women,Tops,Summer,Casual
52120,Boys,Tshirts,Summer,Casual
52121,Boys,Tshirts,Summer,Casual
52122,Boys,Tshirts,Summer,Casual
52123,Girls,Dresses,Summer,Casual
52124,Girls,Dresses,Summer,Casual
52125,Girls,Dresses,Summer,Casual
52126,Girls,Tops,Summer,Casual
52127,Boys,Tshirts,Summer,Casual
52128,Girls,Dresses,Spring,Casual
52129,Boys,Tshirts,Summer,Casual
52130,Girls,Dresses,Summer,Casual
52131,Girls,Dresses,Summer,Casual
52132,Boys,Tshirts,Summer,Casual
52133,Women,Leggings,Summer,Casual
52134,Women,Shorts,Summer,Casual
52135,Women,Tshirts,Fall,Casual
52136,Women,Tshirts,Summer,Casual
52137,Women,Tshirts,Summer,Casual
52138,Women,Tshirts,Summer,Casual
52139,Women,Tshirts,Summer,Casual
52140,Women,Tshirts,Summer,Casual
52141,Women,Tops,Summer,Casual
52142,Women,Tshirts,Summer,Casual
52143,Women,Tshirts,Summer,Casual
52144,Women,Tshirts,Summer,Casual
52145,Women,Tshirts,Summer,Casual
52146,Women,Tshirts,Summer,Casual
52147,Women,Tshirts,Summer,Casual
52148,Women,Tshirts,Summer,Casual
52149,Women,Tshirts,Summer,Casual
52150,Women,Tshirts,Summer,Casual
52151,Women,Tshirts,Summer,Casual
52153,Women,Tops,Summer,Casual
52154,Women,Tops,Summer,Casual
52155,Women,Tops,Summer,Casual
52156,Women,Tops,Summer,Casual
52157,Women,Dresses,Summer,Casual
52158,Women,Tops,Summer,Casual
52159,Women,Shirts,Summer,Ethnic
52160,Women,Tops,Summer,Casual
52161,Women,Dresses,Summer,Casual
52162,Women,Dresses,Summer,Casual
52163,Women,Tops,Summer,Casual
52164,Women,Tops,Summer,Casual
52165,Men,Pendant,Summer,Casual
52166,Women,Pendant,Summer,Casual
52168,Women,Perfume and Body Mist,Spring,Casual
52169,Men,Caps,Summer,Casual
52172,Women,Basketballs,Fall,Casual
52173,Women,Sports Shoes,Fall,Casual
52176,Men,Bracelet,Summer,Sports
52177,Women,Sports Shoes,Fall,Casual
52178,Men,Casual Shoes,Summer,Casual
52179,Women,Flip Flops,Summer,Sports
52180,Women,Earrings,Winter,Casual
52181,Women,Earrings,Winter,Ethnic
52182,Men,Sports Shoes,Summer,Sports
52183,Women,Earrings,Winter,Casual
52185,Women,Sports Shoes,Summer,Sports
52186,Women,Sports Shoes,Summer,Sports
52187,Unisex,Earrings,Winter,Casual
52190,Men,Jewellery Set,Winter,Casual
52191,Men,Briefs,Fall,Casual
52193,Women,Sports Shoes,Fall,Sports
52195,Women,Sports Shoes,Summer,Sports
52198,Women,Pendant,Winter,Ethnic
52200,Women,Pendant,Summer,Casual
52202,Women,Pendant,Summer,Casual
52204,Women,Pendant,Summer,Casual
52205,Women,Pendant,Summer,Sports
52209,Women,Pendant,Summer,Sports
52210,Men,Necklace and Chains,Summer,Casual
52211,Men,Necklace and Chains,Summer,Casual
52214,Women,Necklace and Chains,Summer,Casual
52220,Women,Necklace and Chains,Winter,Casual
52221,Women,Necklace and Chains,Summer,Casual
52222,Men,Fragrance Gift Set,Spring,Casual
52223,Women,Pendant,Summer,Casual
52224,Women,Necklace and Chains,Summer,Casual
52225,Women,Watches,Summer,Casual
52228,Men,Bra,Summer,Casual
52230,Men,Shirts,Winter,Sports
52235,Men,Jeans,Summer,Casual
52254,Men,Trunk,Summer,Casual
52255,Men,Trunk,Summer,Casual
52256,Men,Trunk,Summer,Casual
52257,Men,Trunk,Summer,Casual
52299,Men,Shorts,Summer,Casual
52303,Women,Necklace and Chains,Summer,Casual
52304,Women,Necklace and Chains,Summer,Casual
52305,Women,Necklace and Chains,Summer,Casual
52306,Women,Jewellery Set,Summer,Casual
52307,Women,Necklace and Chains,Summer,Casual
52308,Women,Necklace and Chains,Fall,Casual
52309,Women,Necklace and Chains,Fall,Casual
52310,Men,Jewellery Set,Summer,Casual
52311,Women,Necklace and Chains,Summer,Casual
52312,Women,Necklace and Chains,Fall,Casual
52313,Men,Belts,Summer,Casual
52314,Women,Mobile Pouch,Summer,Casual
52315,Men,Belts,Summer,Casual
52316,Women,Belts,Summer,Casual
52317,Women,Belts,Summer,Casual
52318,Women,Belts,Summer,Casual
52320,Women,Belts,Summer,Casual
52322,Men,Belts,Summer,Casual
52323,Women,Bangle,Summer,Casual
52324,Women,Belts,Summer,Casual
52325,Women,Belts,Summer,Casual
52326,Women,Belts,Summer,Casual
52327,Women,Belts,Summer,Casual
52328,Men,Belts,Summer,Casual
52329,Women,Belts,Summer,Casual
52330,Women,Wallets,Summer,Casual
52331,Women,Wallets,Winter,Casual
52332,Women,Wallets,Summer,Casual
52333,Women,Clutches,Summer,Casual
52334,Women,Clutches,Winter,Casual
52335,Women,Clutches,Winter,Casual
52336,Women,Clutches,Winter,Casual
52337,Women,Clutches,Summer,Casual
52338,Women,Clutches,Summer,Casual
52339,Women,Clutches,Winter,Casual
52340,Women,Dresses,Fall,Casual
52341,Women,Dresses,Summer,Casual
52342,Women,Dresses,Summer,Casual
52343,Women,Dresses,Summer,Casual
52344,Women,Dresses,Summer,Casual
52345,Women,Dresses,Summer,Casual
52346,Women,Dresses,Summer,Casual
52347,Women,Dresses,Summer,Casual
52348,Women,Dresses,Summer,Casual
52349,Women,Nightdress,Summer,Casual
52350,Women,Dresses,Summer,Casual
52351,Women,Nightdress,Summer,Casual
52352,Women,Kurtas,Summer,Casual
52353,Women,Dresses,Summer,Casual
52354,Women,Dresses,Summer,Casual
52355,Women,Sarees,Summer,Ethnic
52356,Women,Dresses,Summer,Casual
52357,Women,Dresses,Summer,Casual
52358,Women,Dresses,Summer,Casual
52359,Women,Nightdress,Summer,Casual
52360,Women,Dresses,Summer,Casual
52361,Women,Dresses,Summer,Casual
52362,Women,Dresses,Summer,Casual
52363,Women,Dresses,Summer,Casual
52364,Women,Nightdress,Summer,Casual
52366,Women,Dresses,Summer,Casual
52367,Women,Dresses,Summer,Casual
52368,Women,Dresses,Summer,Casual
52369,Women,Dresses,Summer,Casual
52370,Women,Dresses,Summer,Casual
52371,Women,Dresses,Summer,Casual
52372,Women,Dresses,Summer,Casual
52373,Women,Dresses,Summer,Casual
52374,Women,Dresses,Summer,Casual
52375,Women,Nightdress,Summer,Casual
52376,Women,Dresses,Summer,Casual
52377,Women,Dresses,Summer,Casual
52378,Women,Nightdress,Summer,Casual
52379,Women,Nightdress,Summer,Casual
52380,Women,Dresses,Summer,Casual
52381,Women,Night suits,Summer,Casual
52382,Women,Kurta Sets,Summer,Ethnic
52383,Women,Night suits,Summer,Casual
52384,Women,Dresses,Summer,Ethnic
52385,Women,Kurtas,Summer,Casual
52386,Women,Nightdress,Summer,Casual
52387,Women,Dresses,Summer,Casual
52390,Women,Dresses,Summer,Ethnic
52391,Women,Dresses,Summer,Casual
52392,Women,Dresses,Summer,Casual
52393,Women,Tops,Summer,Ethnic
52394,Women,Dresses,Summer,Casual
52395,Women,Dresses,Summer,Casual
52396,Women,Dresses,Summer,Casual
52397,Women,Dresses,Summer,Casual
52398,Women,Dresses,Summer,Casual
52399,Women,Dresses,Summer,Casual
52400,Women,Dresses,Summer,Casual
52401,Women,Dresses,Summer,Casual
52402,Women,Dresses,Summer,Casual
52403,Women,Dresses,Summer,Casual
52404,Women,Kurtas,Summer,Casual
52405,Women,Dresses,Summer,Casual
52406,Women,Dresses,Summer,Ethnic
52407,Women,Dresses,Summer,Casual
52408,Women,Dresses,Summer,Casual
52409,Women,Dresses,Summer,Ethnic
52410,Women,Dresses,Summer,Casual
52411,Women,Dresses,Summer,Casual
52412,Women,Dresses,Summer,Casual
52413,Women,Dresses,Summer,Casual
52414,Women,Dresses,Summer,Casual
52415,Women,Dresses,Summer,Casual
52416,Women,Tops,Summer,Casual
52417,Women,Dresses,Summer,Casual
52418,Women,Dresses,Summer,Casual
52419,Women,Dresses,Summer,Casual
52420,Women,Nightdress,Summer,Casual
52421,Women,Dresses,Summer,Casual
52422,Women,Dresses,Summer,Casual
52423,Women,Dresses,Summer,Ethnic
52424,Women,Dresses,Summer,Casual
52425,Women,Dresses,Summer,Ethnic
52426,Women,Dresses,Summer,Ethnic
52427,Women,Dresses,Summer,Casual
52428,Women,Dresses,Summer,Casual
52429,Women,Nightdress,Fall,Casual
52430,Women,Nightdress,Summer,Casual
52431,Women,Dresses,Summer,Casual
52432,Women,Tops,Summer,Casual
52434,Women,Dresses,Summer,Casual
52435,Women,Dresses,Summer,Casual
52436,Women,Dresses,Summer,Casual
52437,Women,Dresses,Summer,Casual
52438,Women,Nightdress,Summer,Casual
52439,Women,Dresses,Summer,Casual
52440,Women,Dresses,Summer,Casual
52441,Women,Dresses,Summer,Casual
52442,Women,Dresses,Summer,Casual
52443,Women,Nightdress,Summer,Casual
52444,Women,Dresses,Summer,Casual
52445,Women,Tops,Summer,Casual
52446,Women,Nightdress,Summer,Casual
52447,Women,Dresses,Summer,Casual
52448,Women,Dresses,Summer,Casual
52449,Women,Nightdress,Summer,Casual
52450,Women,Nightdress,Summer,Casual
52451,Women,Dresses,Summer,Casual
52452,Women,Dresses,Summer,Casual
52453,Women,Dresses,Summer,Casual
52454,Women,Dresses,Summer,Casual
52455,Women,Nightdress,Summer,Casual
52456,Women,Dresses,Summer,Casual
52457,Women,Nightdress,Summer,Casual
52458,Women,Dresses,Summer,Casual
52459,Women,Dresses,Summer,Casual
52460,Women,Dresses,Summer,Casual
52461,Women,Dresses,Summer,Casual
52462,Women,Dresses,Summer,Casual
52463,Women,Night suits,Summer,Casual
52464,Women,Dresses,Summer,Casual
52465,Women,Bra,Summer,Casual
52466,Women,Bra,Summer,Casual
52467,Women,Tops,Summer,Casual
52468,Women,Tops,Summer,Formal
52469,Women,Tops,Summer,Casual
52470,Women,Tops,Summer,Casual
52472,Women,Leggings,Summer,Casual
52473,Women,Stoles,Summer,Casual
52474,Women,Sarees,Summer,Ethnic
52475,Women,Nightdress,Summer,Casual
52476,Men,Capris,Summer,Ethnic
52477,Women,Dresses,Summer,Casual
52478,Women,Nightdress,Summer,Casual
52479,Women,Nightdress,Summer,Casual
52480,Women,Nightdress,Summer,Casual
52481,Women,Nightdress,Summer,Casual
52482,Women,Nightdress,Summer,Casual
52483,Women,Bra,Summer,Casual
52484,Women,Bra,Summer,Casual
52485,Women,Bra,Summer,Casual
52486,Women,Bra,Summer,Sports
52487,Women,Bra,Summer,Casual
52488,Women,Bra,Summer,Casual
52489,Women,Bra,Summer,Casual
52490,Women,Bra,Summer,Casual
52491,Women,Tops,Summer,Casual
52492,Women,Tops,Summer,Casual
52493,Women,Tops,Summer,Casual
52494,Women,Leggings,Summer,Casual
52495,Men,Capris,Summer,Ethnic
52496,Women,Dresses,Summer,Ethnic
52497,Women,Kurta Sets,Summer,Ethnic
52498,Women,Dresses,Summer,Ethnic
52499,Women,Tunics,Summer,Casual
52500,Women,Dresses,Summer,Casual
52501,Women,Dresses,Summer,Casual
52502,Women,Dresses,Summer,Casual
52503,Women,Capris,Summer,Casual
52504,Women,Dresses,Summer,Casual
52505,Women,Nightdress,Fall,Casual
52506,Women,Kurta Sets,Summer,Casual
52507,Women,Jumpsuit,Summer,Casual
52508,Women,Tunics,Summer,Casual
52509,Women,Kurtas,Summer,Casual
52510,Women,Dresses,Summer,Casual
52511,Women,Dresses,Summer,Ethnic
52512,Women,Tops,Summer,Casual
52513,Women,Nightdress,Summer,Ethnic
52514,Women,Bra,Summer,Casual
52515,Women,Bra,Summer,Casual
52516,Women,Bra,Summer,Casual
52517,Women,Dresses,Summer,Casual
52518,Women,Dresses,Summer,Casual
52519,Women,Nightdress,Summer,Casual
52520,Men,Lounge Shorts,Summer,Casual
52522,Women,Jeans,Summer,Casual
52523,Women,Jeans,Summer,Casual
52524,Women,Jeans,Summer,Casual
52525,Women,Trousers,Summer,Casual
52528,Women,Jeans,Summer,Casual
52529,Men,Capris,Summer,Casual
52536,Women,Jeans,Summer,Casual
52539,Women,Jeggings,Summer,Casual
52547,Women,Jeans,Summer,Casual
52548,Men,Jeans,Fall,Casual
52553,Women,Jeans,Summer,Casual
52554,Women,Jeans,Summer,Casual
52555,Women,Jeans,Summer,Casual
52556,Women,Jeans,Summer,Casual
52557,Women,Trousers,Summer,Casual
52558,Women,Wallets,Winter,Casual
52559,Women,Clutches,Winter,Casual
52560,Women,Wallets,Summer,Casual
52561,Women,Clutches,Winter,Casual
52563,Women,Clutches,Summer,Casual
52564,Women,Handbags,Winter,Casual
52565,Unisex,Handbags,Summer,Casual
52568,Women,Handbags,Summer,Casual
52569,Women,Handbags,Summer,Casual
52570,Women,Clutches,Summer,Casual
52574,Women,Clutches,Winter,Casual
52575,Women,Clutches,Summer,Casual
52576,Women,Duffel Bag,Spring,Casual
52577,Women,Handbags,Winter,Casual
52579,Women,Clutches,Winter,Casual
52581,Women,Waist Pouch,Spring,Ethnic
52582,Women,Backpacks,Winter,Casual
52585,Women,Clutches,Summer,Casual
52586,Women,Clutches,Winter,Casual
52588,Women,Clutches,Summer,Casual
52589,Women,Handbags,Summer,Casual
52593,Women,Clutches,Spring,Ethnic
52594,Women,Clutches,Winter,Casual
52599,Women,Clutches,Summer,Casual
52602,Women,Clutches,Winter,Casual
52603,Women,Clutches,Winter,Casual
52604,Women,Clutches,Summer,Casual
52609,Women,Handbags,Winter,Casual
52616,Women,Handbags,Summer,Casual
52618,Women,Handbags,Summer,Casual
52622,Women,Handbags,Winter,Casual
52623,Women,Handbags,Winter,Casual
52626,Women,Handbags,Summer,Casual
52632,Women,Handbags,Winter,Casual
52633,Women,Handbags,Summer,Casual
52634,Women,Handbags,Winter,Casual
52635,Women,Handbags,Summer,Casual
52636,Women,Duffel Bag,Winter,Casual
52637,Women,Handbags,Winter,Casual
52638,Women,Handbags,Summer,Casual
52639,Women,Handbags,Summer,Casual
52641,Women,Handbags,Summer,Casual
52642,Women,Handbags,Winter,Casual
52643,Women,Handbags,Summer,Casual
52647,Women,Handbags,Summer,Casual
52648,Women,Handbags,Summer,Casual
52649,Women,Handbags,Summer,Casual
52650,Women,Handbags,Winter,Casual
52651,Women,Handbags,Winter,Casual
52652,Women,Handbags,Winter,Casual
52653,Women,Duffel Bag,Summer,Casual
52654,Women,Handbags,Winter,Casual
52655,Women,Handbags,Winter,Casual
52656,Women,Handbags,Summer,Casual
52657,Women,Handbags,Summer,Casual
52658,Women,Handbags,Winter,Casual
52659,Women,Laptop Bag,Summer,Casual
52660,Women,Laptop Bag,Summer,Casual
52661,Women,Handbags,Winter,Casual
52665,Men,Watches,Winter,Casual
52670,Men,Watches,Winter,Casual
52671,Men,Watches,Winter,Casual
52673,Men,Watches,Winter,Casual
52675,Men,Watches,Winter,Casual
52676,Men,Watches,Winter,Casual
52677,Men,Watches,Winter,Casual
52678,Men,Watches,Winter,Casual
52679,Women,Watches,Winter,Casual
52680,Men,Watches,Winter,Casual
52681,Men,Watches,Winter,Casual
52682,Men,Watches,Winter,Casual
52683,Men,Watches,Winter,Casual
52684,Men,Watches,Winter,Casual
52686,Men,Watches,Winter,Casual
52687,Women,Watches,Summer,Casual
52688,Women,Watches,Winter,Casual
52690,Women,Watches,Summer,Casual
52691,Women,Watches,Summer,Casual
52692,Women,Watches,Summer,Casual
52693,Men,Watches,Winter,Casual
52694,Women,Watches,Summer,Casual
52695,Women,Watches,Winter,Casual
52749,Men,Deodorant,Spring,Casual
52751,Women,Deodorant,Spring,Casual
52754,Women,Handbags,Winter,Casual
52756,Women,Handbags,Winter,Casual
52758,Women,Handbags,Winter,Casual
52759,Women,Handbags,Summer,Casual
52766,Women,Handbags,Summer,Casual
52767,Women,Handbags,Summer,Casual
52768,Women,Handbags,Summer,Casual
52772,Women,Wallets,Winter,Casual
52773,Women,Wallets,Winter,Casual
52774,Women,Wallets,Summer,Casual
52775,Women,Wallets,Summer,Casual
52776,Women,Wallets,Winter,Casual
52777,Women,Wallets,Winter,Casual
52778,Women,Wallets,Summer,Casual
52779,Women,Wallets,Summer,Casual
52780,Men,Wallets,Summer,Casual
52781,Men,Wallets,Summer,Casual
52782,Women,Wallets,Winter,Casual
52784,Women,Wallets,Summer,Casual
52785,Men,Wallets,Summer,Casual
52786,Women,Wallets,Winter,Casual
52789,Women,Wallets,Summer,Casual
52791,Men,Wallets,Summer,Casual
52792,Men,Wallets,Summer,Casual
52793,Men,Wallets,Summer,Casual
52794,Men,Wallets,Summer,Casual
52795,Men,Wallets,Summer,Casual
52796,Men,Wallets,Summer,Casual
52797,Men,Wallets,Summer,Casual
52798,Women,Wallets,Summer,Casual
52799,Men,Wallets,Summer,Casual
52800,Men,Wallets,Summer,Casual
52801,Men,Wallets,Summer,Casual
52802,Men,Wallets,Summer,Casual
52803,Men,Wallets,Summer,Casual
52804,Men,Wallets,Summer,Casual
52805,Men,Wallets,Summer,Casual
52806,Men,Wallets,Summer,Casual
52807,Men,Wallets,Summer,Casual
52808,Men,Wallets,Summer,Casual
52809,Men,Wallets,Summer,Casual
52810,Men,Wallets,Summer,Casual
52811,Men,Wallets,Summer,Casual
52812,Women,Wallets,Summer,Casual
52813,Men,Wallets,Summer,Casual
52814,Men,Wallets,Summer,Casual
52816,Men,Watches,Winter,Casual
52817,Women,Earrings,Winter,Ethnic
52818,Women,Earrings,Summer,Ethnic
52819,Women,Earrings,Winter,Casual
52820,Women,Earrings,Winter,Casual
52822,Women,Necklace and Chains,Summer,Sports
52823,Women,Earrings,Summer,Ethnic
52825,Women,Earrings,Winter,Ethnic
52827,Women,Earrings,Summer,Ethnic
52828,Women,Earrings,Winter,Ethnic
52831,Women,Earrings,Winter,Casual
52834,Women,Earrings,Winter,Ethnic
52835,Women,Earrings,Summer,Casual
52836,Women,Sandals,Summer,Sports
52837,Women,Earrings,Summer,Ethnic
52839,Women,Earrings,Summer,Ethnic
52840,Women,Earrings,Winter,Casual
52841,Women,Earrings,Winter,Ethnic
52842,Men,Earrings,Summer,Casual
52846,Women,Earrings,Summer,Ethnic
52847,Women,Earrings,Winter,Ethnic
52848,Women,Earrings,Winter,Casual
52850,Women,Earrings,Winter,Casual
52851,Women,Earrings,Winter,Ethnic
52852,Women,Earrings,Winter,Casual
52854,Women,Earrings,Winter,Ethnic
52855,Women,Earrings,Fall,Casual
52859,Women,Earrings,Winter,Ethnic
52860,Women,Earrings,Winter,Ethnic
52862,Women,Earrings,Summer,Ethnic
52863,Women,Earrings,Winter,Casual
52864,Women,Earrings,Winter,Ethnic
52868,Women,Earrings,Summer,Casual
52869,Women,Earrings,Summer,Ethnic
52871,Women,Deodorant,Spring,Casual
52874,Women,Sarees,Summer,Ethnic
52875,Women,Sarees,Summer,Ethnic
52876,Women,Sarees,Summer,Ethnic
52877,Women,Sarees,Summer,Ethnic
52878,Women,Sarees,Summer,Ethnic
52879,Women,Sarees,Summer,Ethnic
52880,Women,Sarees,Fall,Casual
52881,Women,Sarees,Summer,Ethnic
52882,Women,Sarees,Summer,Ethnic
52883,Women,Sarees,Summer,Ethnic
52884,Women,Sarees,Summer,Ethnic
52885,Women,Sarees,Summer,Ethnic
52886,Women,Sarees,Summer,Ethnic
52887,Women,Sarees,Summer,Ethnic
52888,Women,Sarees,Summer,Ethnic
52889,Women,Sarees,Fall,Ethnic
52890,Women,Sarees,Summer,Ethnic
52891,Women,Sarees,Summer,Ethnic
52892,Women,Sarees,Summer,Ethnic
52893,Women,Sarees,Summer,Ethnic
52894,Women,Sarees,Summer,Ethnic
52895,Women,Sarees,Summer,Ethnic
52896,Women,Sarees,Summer,Ethnic
52897,Women,Sarees,Summer,Ethnic
52898,Women,Sarees,Summer,Ethnic
52899,Women,Sarees,Summer,Ethnic
52901,Women,Sarees,Summer,Ethnic
52902,Women,Sarees,Summer,Ethnic
52903,Women,Sarees,Summer,Ethnic
52904,Women,Sarees,Summer,Ethnic
52905,Women,Sarees,Summer,Ethnic
52906,Women,Sarees,Summer,Ethnic
52907,Women,Sarees,Summer,Ethnic
52908,Women,Sarees,Fall,Ethnic
52909,Women,Sarees,Fall,Ethnic
52910,Women,Sarees,Summer,Casual
52911,Women,Sarees,Summer,Ethnic
52912,Women,Sarees,Fall,Ethnic
52913,Women,Sarees,Summer,Ethnic
52914,Women,Sarees,Summer,Ethnic
52915,Women,Sarees,Summer,Ethnic
52916,Women,Sarees,Summer,Ethnic
52917,Women,Sarees,Fall,Ethnic
52918,Women,Sarees,Summer,Ethnic
52919,Women,Sarees,Summer,Ethnic
52920,Women,Sarees,Summer,Ethnic
52921,Women,Sarees,Summer,Ethnic
52922,Women,Sarees,Summer,Ethnic
52923,Women,Sarees,Summer,Ethnic
52924,Women,Sarees,Summer,Ethnic
52925,Women,Sarees,Summer,Ethnic
52926,Women,Sarees,Fall,Ethnic
52927,Women,Sarees,Fall,Ethnic
52928,Women,Sarees,Summer,Ethnic
52929,Women,Sarees,Fall,Ethnic
52930,Women,Sarees,Summer,Ethnic
52931,Women,Sarees,Fall,Ethnic
52934,Women,Watches,Summer,Casual
52935,Women,Sarees,Fall,Ethnic
52936,Women,Sarees,Fall,Ethnic
52937,Women,Sarees,Fall,Ethnic
52938,Women,Sarees,Summer,Ethnic
52940,Women,Sarees,Summer,Ethnic
52941,Women,Sarees,Summer,Ethnic
52942,Women,Sarees,Summer,Ethnic
52943,Women,Sarees,Summer,Ethnic
52944,Women,Sarees,Summer,Ethnic
52945,Women,Sarees,Fall,Ethnic
52946,Women,Sarees,Summer,Ethnic
52947,Women,Sarees,Summer,Ethnic
52948,Women,Sarees,Summer,Casual
52949,Women,Sarees,Summer,Ethnic
52950,Women,Sarees,Summer,Ethnic
52951,Women,Sarees,Summer,Ethnic
52952,Women,Sarees,Summer,Ethnic
52953,Women,Sarees,Summer,Ethnic
52954,Women,Sarees,Summer,Ethnic
52955,Women,Sarees,Summer,Ethnic
52956,Men,Sarees,Summer,Ethnic
52957,Women,Sarees,Fall,Ethnic
52958,Women,Sarees,Summer,Ethnic
52959,Women,Sarees,Summer,Casual
52960,Women,Sarees,Summer,Ethnic
52961,Men,Sarees,Summer,Casual
52962,Women,Sarees,Summer,Ethnic
52963,Women,Sarees,Summer,Ethnic
52964,Women,Sarees,Summer,Casual
52965,Women,Sarees,Summer,Ethnic
52966,Women,Sarees,Summer,Ethnic
52967,Women,Sarees,Summer,Ethnic
52968,Women,Sarees,Summer,Ethnic
52969,Women,Sarees,Summer,Ethnic
52970,Women,Sarees,Summer,Ethnic
52971,Women,Sarees,Summer,Ethnic
52972,Men,Sarees,Summer,Ethnic
52973,Women,Sarees,Fall,Ethnic
52975,Women,Sarees,Summer,Ethnic
52976,Women,Sarees,Summer,Ethnic
52978,Women,Sarees,Summer,Ethnic
52979,Women,Sarees,Summer,Ethnic
52980,Women,Sarees,Summer,Ethnic
52981,Women,Sarees,Summer,Ethnic
52982,Women,Sarees,Fall,Ethnic
52983,Women,Sarees,Summer,Ethnic
52986,Women,Sarees,Summer,Ethnic
52987,Women,Sarees,Summer,Ethnic
52988,Women,Sarees,Summer,Ethnic
52989,Women,Sarees,Summer,Ethnic
52990,Women,Sarees,Summer,Ethnic
52991,Women,Sarees,Summer,Ethnic
52992,Women,Sarees,Fall,Ethnic
52993,Women,Sarees,Summer,Ethnic
52996,Women,Sarees,Summer,Ethnic
52998,Women,Sarees,Summer,Ethnic
52999,Women,Sarees,Summer,Ethnic
53000,Women,Sarees,Summer,Ethnic
53001,Women,Sarees,Summer,Ethnic
53002,Women,Sarees,Fall,Ethnic
53003,Women,Sarees,Summer,Ethnic
53004,Women,Sarees,Summer,Casual
53006,Women,Dresses,Summer,Casual
53007,Women,Backpacks,Summer,Casual
53008,Women,Sarees,Summer,Ethnic
53009,Women,Sarees,Summer,Ethnic
53010,Women,Sarees,Summer,Ethnic
53011,Women,Sarees,Summer,Ethnic
53013,Women,Sarees,Summer,Ethnic
53014,Men,Sarees,Summer,Ethnic
53015,Women,Sarees,Summer,Ethnic
53016,Women,Sarees,Summer,Ethnic
53017,Women,Sarees,Summer,Ethnic
53019,Women,Sarees,Fall,Ethnic
53020,Women,Sarees,Summer,Ethnic
53021,Women,Sarees,Summer,Ethnic
53023,Women,Sarees,Summer,Ethnic
53024,Women,Sarees,Summer,Ethnic
53025,Women,Sarees,Summer,Ethnic
53026,Women,Sarees,Summer,Ethnic
53027,Women,Sarees,Summer,Ethnic
53029,Women,Sarees,Summer,Ethnic
53030,Women,Sarees,Summer,Ethnic
53031,Women,Sarees,Summer,Ethnic
53032,Women,Sarees,Summer,Ethnic
53033,Women,Sarees,Summer,Ethnic
53034,Women,Sarees,Summer,Ethnic
53035,Women,Sarees,Summer,Ethnic
53036,Women,Sarees,Summer,Ethnic
53037,Women,Sarees,Summer,Ethnic
53038,Women,Sarees,Summer,Ethnic
53039,Women,Sarees,Summer,Ethnic
53040,Women,Sarees,Summer,Ethnic
53041,Women,Sarees,Summer,Ethnic
53042,Women,Sarees,Summer,Ethnic
53043,Women,Sarees,Summer,Ethnic
53044,Women,Sarees,Summer,Ethnic
53045,Women,Sarees,Summer,Ethnic
53046,Women,Sarees,Summer,Ethnic
53047,Women,Sarees,Summer,Ethnic
53048,Women,Sarees,Summer,Ethnic
53049,Women,Sarees,Summer,Ethnic
53050,Women,Sarees,Summer,Ethnic
53051,Women,Sarees,Summer,Ethnic
53052,Women,Sarees,Summer,Ethnic
53053,Women,Sarees,Summer,Ethnic
53054,Women,Sarees,Fall,Ethnic
53055,Women,Sarees,Summer,Ethnic
53056,Women,Sarees,Summer,Ethnic
53057,Women,Sarees,Fall,Ethnic
53058,Women,Handbags,Summer,Casual
53059,Women,Handbags,Summer,Casual
53060,Women,Handbags,Summer,Casual
53061,Women,Handbags,Winter,Casual
53062,Women,Handbags,Winter,Casual
53063,Women,Handbags,Winter,Casual
53064,Women,Handbags,Winter,Casual
53065,Women,Handbags,Summer,Casual
53066,Women,Handbags,Summer,Casual
53067,Women,Handbags,Summer,Casual
53068,Women,Handbags,Summer,Casual
53069,Women,Handbags,Summer,Casual
53070,Women,Handbags,Winter,Casual
53071,Women,Clutches,Summer,Casual
53072,Women,Clutches,Summer,Casual
53073,Women,Clutches,Winter,Casual
53075,Women,Handbags,Summer,Casual
53076,Women,Handbags,Summer,Casual
53077,Women,Clutches,Summer,Casual
53078,Women,Duffel Bag,Winter,Casual
53079,Women,Clutches,Winter,Casual
53080,Women,Duffel Bag,Summer,Casual
53081,Women,Clutches,Summer,Casual
53082,Women,Clutches,Summer,Casual
53083,Women,Jewellery Set,Summer,Casual
53084,Women,Mobile Pouch,Winter,Casual
53085,Women,Pendant,Summer,Casual
53086,Women,Pendant,Summer,Casual
53087,Women,Pendant,Summer,Casual
53088,Women,Pendant,Summer,Casual
53089,Women,Pendant,Winter,Casual
53090,Women,Pendant,Winter,Casual
53091,Women,Necklace and Chains,Summer,Casual
53092,Women,Pendant,Summer,Casual
53093,Women,Pendant,Summer,Casual
53094,Women,Earrings,Summer,Ethnic
53095,Women,Earrings,Summer,Ethnic
53096,Women,Earrings,Winter,Casual
53097,Women,Earrings,Winter,Casual
53098,Women,Earrings,Summer,Casual
53099,Women,Earrings,Winter,Ethnic
53100,Women,Earrings,Winter,Ethnic
53101,Women,Earrings,Summer,Casual
53102,Women,Earrings,Winter,Casual
53103,Women,Earrings,Winter,Ethnic
53104,Women,Earrings,Winter,Ethnic
53105,Women,Earrings,Winter,Ethnic
53106,Women,Earrings,Winter,Casual
53107,Women,Earrings,Winter,Ethnic
53108,Women,Earrings,Winter,Ethnic
53109,Women,Earrings,Winter,Ethnic
53110,Women,Earrings,Winter,Casual
53111,Men,Tshirts,Summer,Casual
53112,Men,Tshirts,Summer,Casual
53113,Men,Tshirts,Summer,Casual
53114,Women,Tshirts,Summer,Casual
53115,Men,Tshirts,Summer,Casual
53116,Men,Tshirts,Summer,Casual
53117,Women,Tshirts,Summer,Casual
53118,Women,Tshirts,Summer,Casual
53119,Women,Tops,Summer,Casual
53120,Women,Tshirts,Summer,Casual
53121,Women,Tops,Summer,Casual
53122,Women,Tops,Summer,Casual
53123,Women,Tops,Summer,Casual
53124,Women,Tops,Summer,Casual
53125,Women,Tshirts,Summer,Casual
53126,Women,Tshirts,Summer,Casual
53127,Women,Casual Shoes,Spring,Casual
53128,Women,Heels,Summer,Casual
53129,Women,Heels,Summer,Casual
53130,Women,Flats,Winter,Casual
53131,Women,Heels,Winter,Casual
53132,Women,Heels,Winter,Casual
53133,Women,Heels,Winter,Casual
53134,Women,Flats,Winter,Casual
53135,Women,Heels,Winter,Casual
53136,Women,Heels,Winter,Casual
53137,Women,Heels,Winter,Casual
53138,Women,Heels,Winter,Casual
53139,Women,Heels,Winter,Casual
53140,Women,Heels,Winter,Casual
53141,Women,Heels,Winter,Casual
53142,Women,Heels,Winter,Casual
53143,Women,Heels,Winter,Casual
53144,Women,Flats,Winter,Casual
53145,Women,Flats,Winter,Casual
53146,Women,Flats,Winter,Casual
53147,Women,Heels,Winter,Casual
53148,Women,Heels,Winter,Casual
53149,Women,Heels,Winter,Casual
53150,Women,Heels,Winter,Casual
53152,Men,Shirts,Summer,Casual
53159,Men,Shirts,Summer,Casual
53211,Men,Shirts,Summer,Formal
53215,Men,Shirts,Summer,Formal
53226,Men,Shirts,Summer,Formal
53228,Men,Trousers,Summer,Casual
53248,Men,Trousers,Summer,Casual
53252,Men,Jeans,Summer,Casual
53264,Men,Shirts,Summer,Casual
53269,Men,Tshirts,Summer,Casual
53278,Men,Shirts,Summer,Casual
53282,Men,Tshirts,Summer,Casual
53286,Men,Jeans,Summer,Casual
53287,Men,Jeans,Summer,Casual
53296,Men,Jeans,Summer,Casual
53303,Men,Tshirts,Summer,Casual
53307,Men,Tshirts,Summer,Casual
53312,Men,Tshirts,Summer,Casual
53313,Men,Tshirts,Summer,Casual
53314,Men,Tshirts,Summer,Casual
53318,Men,Tshirts,Summer,Casual
53319,Men,Tshirts,Summer,Casual
53328,Men,Boxers,Summer,Casual
53329,Men,Boxers,Summer,Casual
53332,Men,Boxers,Summer,Casual
53338,Men,Boxers,Summer,Casual
53345,Men,Briefs,Summer,Casual
53348,Men,Boxers,Summer,Casual
53357,Girls,Socks,Summer,Casual
53358,Men,Belts,Summer,Casual
53360,Women,Wallets,Summer,Casual
53361,Unisex,Backpacks,Summer,Casual
53362,Unisex,Backpacks,Summer,Casual
53363,Unisex,Duffel Bag,Summer,Casual
53364,Unisex,Backpacks,Summer,Casual
53365,Unisex,Backpacks,Spring,Casual
53366,Unisex,Backpacks,Spring,Casual
53367,Unisex,Backpacks,Spring,Casual
53368,Unisex,Backpacks,Spring,Casual
53369,Women,Handbags,Winter,Casual
53370,Women,Handbags,Summer,Casual
53371,Unisex,Backpacks,Summer,Casual
53372,Unisex,Backpacks,Summer,Casual
53373,Unisex,Backpacks,Spring,Casual
53374,Women,Wallets,Winter,Casual
53376,Women,Waist Pouch,Spring,Casual
53377,Women,Messenger Bag,Summer,Casual
53378,Women,Flip Flops,Spring,Casual
53379,Men,Sandals,Spring,Casual
53380,Men,Sandals,Summer,Casual
53381,Men,Sandals,Summer,Casual
53382,Women,Sports Sandals,Spring,Casual
53383,Women,Sports Sandals,Spring,Casual
53384,Unisex,Casual Shoes,Summer,Casual
53386,Men,Casual Shoes,Summer,Casual
53387,Men,Casual Shoes,Summer,Casual
53388,Women,Kurtas,Summer,Ethnic
53389,Women,Kurtas,Summer,Ethnic
53390,Women,Kurtas,Summer,Ethnic
53391,Women,Kurtas,Summer,Ethnic
53392,Women,Tops,Summer,Ethnic
53393,Women,Kurtas,Summer,Ethnic
53394,Women,Kurtas,Summer,Ethnic
53395,Women,Kurtas,Summer,Ethnic
53396,Women,Kurtas,Summer,Ethnic
53397,Women,Kurtas,Summer,Ethnic
53398,Women,Kurtas,Summer,Ethnic
53399,Women,Kurtas,Summer,Ethnic
53401,Women,Kurtas,Summer,Ethnic
53402,Women,Tops,Summer,Casual
53403,Women,Kurtas,Summer,Ethnic
53404,Women,Kurtas,Summer,Ethnic
53405,Women,Kurtas,Summer,Ethnic
53406,Women,Kurtas,Summer,Ethnic
53408,Women,Kurtas,Summer,Ethnic
53409,Women,Kurtas,Summer,Ethnic
53410,Women,Kurtas,Summer,Ethnic
53411,Women,Kurtas,Summer,Ethnic
53412,Women,Kurtas,Summer,Casual
53413,Women,Kurtas,Summer,Ethnic
53414,Women,Kurtas,Summer,Ethnic
53415,Women,Kurtas,Summer,Ethnic
53416,Women,Kurtas,Summer,Ethnic
53417,Women,Kurtas,Summer,Ethnic
53418,Women,Kurtas,Summer,Ethnic
53419,Women,Kurtas,Summer,Ethnic
53420,Women,Kurtas,Summer,Ethnic
53421,Women,Kurtas,Summer,Ethnic
53422,Women,Kurtas,Summer,Ethnic
53423,Women,Kurtas,Summer,Ethnic
53424,Women,Kurtas,Summer,Ethnic
53425,Women,Kurtas,Summer,Ethnic
53426,Women,Kurtas,Summer,Ethnic
53427,Women,Kurtas,Summer,Ethnic
53428,Women,Kurtas,Summer,Ethnic
53429,Women,Kurtas,Summer,Ethnic
53430,Women,Kurtas,Summer,Ethnic
53431,Women,Kurtas,Summer,Ethnic
53432,Men,Tshirts,Summer,Casual
53433,Men,Tshirts,Summer,Casual
53434,Men,Tshirts,Summer,Casual
53435,Men,Jackets,Summer,Casual
53436,Men,Sports Shoes,Summer,Sports
53437,Men,Sports Shoes,Spring,Sports
53438,Men,Sports Shoes,Spring,Sports
53439,Women,Flip Flops,Summer,Casual
53440,Men,Sports Shoes,Summer,Sports
53441,Men,Sports Shoes,Fall,Sports
53442,Women,Flip Flops,Spring,Casual
53444,Men,Flip Flops,Summer,Casual
53445,Women,Flip Flops,Winter,Casual
53446,Men,Flip Flops,Spring,Casual
53447,Women,Flats,Summer,Casual
53448,Women,Flip Flops,Spring,Casual
53449,Women,Flip Flops,Summer,Casual
53450,Women,Flip Flops,Summer,Casual
53452,Women,Casual Shoes,Winter,Casual
53453,Women,Casual Shoes,Winter,Casual
53454,Women,Heels,Winter,Casual
53455,Women,Heels,Winter,Casual
53456,Women,Heels,Summer,Casual
53457,Women,Heels,Winter,Casual
53458,Women,Heels,Winter,Casual
53459,Women,Heels,Winter,Casual
53460,Women,Heels,Winter,Casual
53461,Women,Bra,Summer,Casual
53462,Women,Dupatta,Summer,Casual
53463,Women,Bra,Summer,Casual
53464,Women,Bra,Summer,Casual
53465,Women,Bra,Summer,Casual
53466,Women,Bra,Summer,Casual
53467,Women,Bra,Summer,Casual
53468,Women,Bra,Summer,Casual
53469,Women,Briefs,Summer,Casual
53470,Women,Bra,Summer,Casual
53473,Women,Bra,Summer,Casual
53474,Women,Bra,Summer,Sports
53475,Women,Briefs,Summer,Casual
53476,Women,Bra,Summer,Casual
53477,Women,Bra,Summer,Casual
53478,Women,Bra,Summer,Casual
53479,Women,Bra,Summer,Casual
53480,Women,Bra,Summer,Casual
53484,Women,Briefs,Summer,Casual
53485,Men,Tshirts,Summer,Casual
53486,Women,Swimwear,Summer,Casual
53487,Women,Tshirts,Summer,Casual
53488,Women,Briefs,Summer,Casual
53489,Women,Tshirts,Summer,Casual
53490,Women,Bra,Summer,Casual
53491,Women,Briefs,Summer,Casual
53492,Women,Bra,Summer,Casual
53493,Women,Bra,Summer,Casual
53498,Men,Briefs,Summer,Casual
53506,Women,Bra,Summer,Casual
53507,Women,Bra,Summer,Casual
53508,Women,Bra,Summer,Casual
53520,Men,Briefs,Summer,Casual
53525,Women,Bra,Summer,Casual
53526,Women,Briefs,Summer,Casual
53527,Women,Briefs,Summer,Casual
53528,Women,Briefs,Summer,Casual
53529,Women,Briefs,Summer,Casual
53530,Women,Briefs,Summer,Casual
53531,Women,Briefs,Summer,Casual
53532,Women,Briefs,Summer,Casual
53533,Women,Briefs,Summer,Casual
53534,Men,Briefs,Summer,Casual
53535,Women,Briefs,Summer,Casual
53536,Women,Briefs,Summer,Casual
53537,Women,Briefs,Summer,Casual
53538,Women,Briefs,Summer,Casual
53539,Women,Briefs,Summer,Casual
53540,Women,Briefs,Summer,Casual
53541,Women,Briefs,Summer,Casual
53542,Women,Briefs,Summer,Casual
53543,Women,Briefs,Summer,Casual
53545,Women,Briefs,Summer,Casual
53546,Women,Briefs,Summer,Casual
53547,Women,Briefs,Summer,Casual
53548,Women,Briefs,Summer,Casual
53554,Men,Boxers,Summer,Casual
53555,Men,Boxers,Summer,Casual
53556,Men,Boxers,Summer,Casual
53557,Men,Boxers,Summer,Casual
53558,Men,Boxers,Summer,Casual
53559,Men,Boxers,Summer,Casual
53560,Women,Watches,Winter,Casual
53561,Women,Watches,Winter,Casual
53562,Men,Watches,Winter,Casual
53563,Men,Watches,Winter,Casual
53564,Women,Watches,Summer,Casual
53565,Men,Watches,Winter,Casual
53566,Women,Watches,Summer,Casual
53567,Women,Watches,Winter,Casual
53568,Women,Watches,Winter,Casual
53569,Women,Watches,Winter,Casual
53570,Unisex,Watches,Winter,Casual
53571,Women,Watches,Winter,Casual
53572,Women,Watches,Winter,Casual
53573,Women,Watches,Winter,Casual
53574,Women,Watches,Winter,Casual
53575,Women,Watches,Winter,Casual
53576,Unisex,Watches,Winter,Casual
53577,Women,Watches,Winter,Casual
53578,Women,Watches,Winter,Casual
53579,Women,Watches,Summer,Casual
53580,Men,Free Gifts,Winter,Casual
53581,Women,Watches,Winter,Casual
53582,Women,Watches,Winter,Casual
53583,Men,Watches,Winter,Casual
53584,Men,Watches,Winter,Casual
53585,Men,Watches,Winter,Casual
53586,Men,Watches,Winter,Casual
53587,Men,Watches,Winter,Casual
53588,Men,Watches,Winter,Casual
53589,Men,Watches,Winter,Casual
53590,Women,Watches,Winter,Casual
53591,Men,Watches,Winter,Casual
53592,Men,Watches,Winter,Casual
53593,Men,Watches,Winter,Casual
53594,Unisex,Watches,Winter,Casual
53595,Unisex,Watches,Winter,Sports
53596,Men,Watches,Winter,Casual
53597,Men,Watches,Winter,Casual
53598,Men,Watches,Winter,Casual
53599,Men,Watches,Winter,Casual
53600,Men,Watches,Winter,Casual
53601,Men,Watches,Winter,Casual
53602,Men,Watches,Winter,Casual
53603,Men,Watches,Winter,Casual
53604,Men,Watches,Winter,Casual
53605,Men,Watches,Winter,Casual
53606,Men,Watches,Winter,Casual
53608,Men,Watches,Winter,Casual
53609,Men,Watches,Winter,Casual
53611,Men,Watches,Winter,Casual
53612,Men,Watches,Winter,Casual
53613,Men,Watches,Winter,Casual
53614,Men,Watches,Winter,Casual
53615,Men,Watches,Winter,Casual
53616,Men,Watches,Winter,Casual
53617,Women,Watches,Winter,Casual
53618,Men,Watches,Winter,Casual
53619,Men,Watches,Winter,Casual
53620,Women,Watches,Winter,Casual
53621,Men,Watches,Winter,Casual
53622,Men,Watches,Winter,Casual
53623,Men,Watches,Winter,Casual
53624,Women,Watches,Winter,Casual
53625,Women,Watches,Winter,Casual
53626,Men,Watches,Winter,Casual
53627,Men,Watches,Winter,Casual
53628,Men,Watches,Winter,Casual
53629,Men,Watches,Winter,Casual
53630,Women,Bra,Summer,Casual
53631,Women,Bra,Summer,Casual
53632,Men,Sandals,Summer,Casual
53633,Men,Casual Shoes,Summer,Casual
53634,Men,Casual Shoes,Spring,Casual
53635,Men,Casual Shoes,Spring,Casual
53636,Men,Casual Shoes,Summer,Casual
53637,Men,Sports Shoes,Summer,Casual
53638,Unisex,Casual Shoes,Summer,Casual
53639,Men,Casual Shoes,Spring,Casual
53640,Men,Casual Shoes,Summer,Casual
53648,Women,Handbags,Summer,Casual
53649,Women,Handbags,Summer,Casual
53651,Women,Handbags,Winter,Casual
53652,Women,Handbags,Winter,Casual
53653,Women,Handbags,Winter,Casual
53654,Women,Handbags,Winter,Casual
53655,Women,Handbags,Winter,Casual
53656,Women,Handbags,Winter,Casual
53657,Women,Handbags,Summer,Casual
53659,Women,Handbags,Winter,Casual
53660,Women,Handbags,Winter,Casual
53661,Women,Handbags,Winter,Casual
53663,Women,Handbags,Spring,Casual
53665,Women,Handbags,Summer,Casual
53666,Women,Handbags,Winter,Casual
53667,Women,Handbags,Summer,Casual
53668,Women,Handbags,Winter,Casual
53669,Women,Handbags,Winter,Casual
53670,Women,Handbags,Summer,Casual
53671,Women,Handbags,Summer,Casual
53672,Women,Handbags,Winter,Casual
53673,Women,Handbags,Winter,Casual
53674,Women,Handbags,Winter,Casual
53675,Women,Handbags,Winter,Casual
53676,Women,Handbags,Winter,Casual
53677,Women,Handbags,Summer,Casual
53678,Women,Handbags,Summer,Casual
53679,Women,Handbags,Summer,Casual
53680,Women,Handbags,Winter,Casual
53681,Women,Handbags,Summer,Casual
53682,Women,Handbags,Summer,Casual
53683,Women,Handbags,Summer,Casual
53684,Women,Handbags,Winter,Casual
53685,Women,Handbags,Winter,Casual
53686,Women,Handbags,Summer,Casual
53687,Women,Handbags,Summer,Casual
53688,Women,Handbags,Summer,Casual
53689,Women,Handbags,Summer,Casual
53692,Women,Handbags,Summer,Casual
53695,Women,Handbags,Summer,Casual
53696,Women,Handbags,Summer,Casual
53698,Women,Handbags,Winter,Casual
53702,Women,Handbags,Winter,Casual
53706,Women,Handbags,Summer,Casual
53708,Women,Handbags,Summer,Casual
53710,Women,Handbags,Summer,Casual
53715,Women,Handbags,Winter,Casual
53719,Women,Handbags,Summer,Casual
53720,Women,Handbags,Summer,Casual
53723,Women,Flip Flops,Spring,Casual
53724,Women,Flip Flops,Spring,Casual
53725,Women,Heels,Winter,Casual
53726,Women,Flip Flops,Summer,Casual
53727,Women,Casual Shoes,Summer,Casual
53729,Women,Casual Shoes,Spring,Sports
53731,Men,Casual Shoes,Summer,Casual
53732,Men,Casual Shoes,Summer,Casual
53734,Men,Casual Shoes,Summer,Casual
53735,Men,Casual Shoes,Winter,Casual
53737,Men,Shorts,Summer,Casual
53738,Men,Track Pants,Summer,Casual
53740,Men,Jeans,Summer,Casual
53741,Women,Jeans,Summer,Casual
53742,Men,Jeans,Summer,Casual
53743,Men,Jeans,Summer,Casual
53744,Women,Capris,Summer,Casual
53745,Women,Capris,Summer,Casual
53747,Men,Lounge Pants,Summer,Casual
53748,Women,Jeans,Summer,Casual
53749,Men,Jeans,Summer,Casual
53750,Men,Jeans,Summer,Casual
53751,Women,Track Pants,Summer,Casual
53752,Men,Shorts,Summer,Casual
53753,Men,Shorts,Summer,Casual
53754,Men,Jackets,Summer,Casual
53755,Men,Shorts,Summer,Casual
53756,Unisex,Handbags,Summer,Casual
53757,Women,Sports Shoes,Fall,Sports
53759,Men,Shirts,Summer,Casual
53760,Men,Tshirts,Summer,Casual
53761,Men,Tshirts,Summer,Casual
53762,Men,Tshirts,Summer,Casual
53763,Men,Tshirts,Summer,Casual
53764,Men,Tshirts,Summer,Casual
53765,Men,Tshirts,Summer,Casual
53766,Men,Tshirts,Summer,Casual
53767,Men,Tshirts,Summer,Casual
53768,Men,Tshirts,Summer,Casual
53770,Men,Tshirts,Summer,Casual
53771,Men,Tshirts,Summer,Casual
53772,Men,Tshirts,Summer,Casual
53773,Men,Tshirts,Summer,Casual
53774,Men,Tshirts,Summer,Casual
53775,Men,Tshirts,Summer,Casual
53776,Men,Shorts,Summer,Casual
53777,Men,Sports Shoes,Spring,Sports
53778,Women,Tops,Summer,Casual
53779,Women,Tshirts,Summer,Casual
53780,Men,Innerwear Vests,Summer,Sports
53781,Men,Tshirts,Summer,Casual
53782,Men,Tshirts,Summer,Casual
53783,Men,Shirts,Summer,Casual
53784,Men,Shirts,Summer,Casual
53785,Men,Shirts,Summer,Casual
53786,Men,Tshirts,Summer,Casual
53787,Men,Tshirts,Summer,Casual
53788,Men,Tshirts,Summer,Casual
53791,Men,Tshirts,Summer,Casual
53793,Men,Tshirts,Summer,Casual
53794,Men,Tshirts,Summer,Casual
53795,Men,Tshirts,Summer,Casual
53796,Men,Tshirts,Summer,Casual
53797,Men,Tshirts,Summer,Casual
53798,Men,Tshirts,Summer,Casual
53799,Men,Tshirts,Summer,Casual
53800,Men,Tshirts,Summer,Casual
53801,Men,Tshirts,Summer,Casual
53802,Men,Tshirts,Summer,Casual
53803,Men,Tshirts,Summer,Casual
53804,Men,Tshirts,Summer,Casual
53805,Men,Socks,Summer,Casual
53806,Unisex,Socks,Fall,Casual
53807,Women,Capris,Summer,Casual
53808,Women,Kurtas,Summer,Casual
53809,Women,Tunics,Summer,Casual
53810,Women,Kurtas,Summer,Ethnic
53811,Women,Kurtas,Summer,Ethnic
53812,Women,Kurta Sets,Summer,Ethnic
53813,Women,Tunics,Summer,Ethnic
53814,Women,Kurta Sets,Summer,Ethnic
53815,Women,Kurtas,Summer,Ethnic
53816,Women,Tunics,Summer,Ethnic
53817,Women,Jumpsuit,Summer,Ethnic
53818,Women,Kurtas,Summer,Ethnic
53819,Women,Kurtas,Summer,Ethnic
53820,Women,Kurtas,Summer,Ethnic
53822,Women,Stoles,Summer,Ethnic
53823,Women,Kurtas,Summer,Ethnic
53824,Women,Tunics,Summer,Casual
53825,Women,Kurta Sets,Summer,Ethnic
53826,Women,Kurtas,Summer,Casual
53829,Women,Kurtas,Summer,Ethnic
53830,Women,Kurtas,Summer,Casual
53832,Women,Kurtas,Summer,Casual
53833,Women,Kurtas,Summer,Ethnic
53834,Women,Kurtas,Summer,Ethnic
53835,Women,Kurtas,Summer,Casual
53836,Women,Kurtas,Summer,Ethnic
53837,Women,Kurtas,Summer,Ethnic
53838,Women,Kurtas,Summer,Ethnic
53839,Women,Kurtas,Summer,Ethnic
53840,Women,Kurtas,Summer,Ethnic
53841,Women,Kurtas,Summer,Ethnic
53842,Women,Kurtas,Summer,Ethnic
53843,Women,Kurtas,Summer,Ethnic
53849,Women,Kurtas,Summer,Ethnic
53850,Women,Kurtas,Summer,Ethnic
53851,Women,Kurtas,Summer,Ethnic
53852,Women,Kurtas,Summer,Ethnic
53856,Women,Kurtas,Summer,Ethnic
53857,Women,Kurtas,Summer,Ethnic
53859,Women,Kurtas,Summer,Casual
53861,Women,Kurtas,Summer,Ethnic
53863,Women,Kurtas,Summer,Ethnic
53864,Women,Kurtas,Summer,Ethnic
53866,Women,Kurtas,Summer,Ethnic
53867,Women,Heels,Winter,Casual
53868,Women,Flats,Winter,Casual
53869,Women,Flats,Winter,Casual
53870,Women,Flats,Winter,Casual
53871,Men,Watches,Winter,Casual
53872,Women,Sports Shoes,Summer,Sports
53873,Women,Sports Shoes,Fall,Sports
53874,Unisex,Sports Shoes,Summer,Sports
53875,Men,Flip Flops,Summer,Casual
53876,Men,Flip Flops,Summer,Casual
53877,Men,Flip Flops,Summer,Casual
53878,Men,Flip Flops,Spring,Casual
53879,Men,Flip Flops,Summer,Casual
53880,Men,Flip Flops,Spring,Casual
53881,Unisex,Flip Flops,Summer,Casual
53882,Men,Flip Flops,Summer,Casual
53883,Men,Flip Flops,Summer,Casual
53884,Men,Handbags,Summer,Casual
53886,Women,Handbags,Summer,Casual
53887,Women,Handbags,Summer,Casual
53888,Women,Handbags,Winter,Casual
53889,Women,Handbags,Summer,Casual
53890,Women,Handbags,Winter,Casual
53891,Women,Handbags,Summer,Casual
53892,Women,Handbags,Winter,Casual
53893,Women,Handbags,Summer,Casual
53894,Women,Handbags,Summer,Casual
53895,Women,Handbags,Summer,Casual
53896,Women,Handbags,Summer,Casual
53897,Women,Handbags,Summer,Casual
53900,Women,Handbags,Winter,Casual
53902,Women,Handbags,Summer,Casual
53905,Women,Handbags,Summer,Casual
53907,Women,Handbags,Winter,Casual
53911,Women,Handbags,Summer,Casual
53914,Women,Handbags,Summer,Casual
53918,Women,Handbags,Winter,Casual
53921,Women,Handbags,Summer,Casual
53927,Women,Handbags,Winter,Casual
53928,Women,Handbags,Summer,Casual
53930,Women,Handbags,Summer,Casual
53931,Women,Handbags,Winter,Casual
53934,Women,Handbags,Winter,Casual
53935,Women,Handbags,Winter,Casual
53941,Women,Handbags,Winter,Casual
53942,Women,Handbags,Winter,Casual
53943,Women,Handbags,Winter,Casual
53944,Women,Handbags,Winter,Casual
53946,Women,Handbags,Winter,Casual
53961,Women,Handbags,Winter,Casual
53963,Women,Handbags,Winter,Casual
53964,Women,Handbags,Winter,Casual
53979,Women,Handbags,Summer,Casual
53981,Women,Handbags,Summer,Casual
53985,Women,Handbags,Winter,Casual
53990,Women,Handbags,Winter,Casual
53991,Women,Handbags,Winter,Casual
53994,Women,Handbags,Winter,Casual
53997,Women,Handbags,Summer,Casual
53999,Women,Handbags,Summer,Casual
54000,Women,Handbags,Summer,Casual
54002,Women,Handbags,Summer,Casual
54003,Women,Handbags,Summer,Casual
54007,Women,Handbags,Winter,Casual
54008,Women,Handbags,Winter,Casual
54009,Women,Handbags,Winter,Casual
54014,Women,Handbags,Summer,Casual
54016,Women,Handbags,Summer,Casual
54017,Women,Handbags,Winter,Casual
54018,Women,Handbags,Summer,Casual
54019,Women,Handbags,Winter,Casual
54020,Women,Handbags,Winter,Casual
54031,Women,Handbags,Summer,Casual
54032,Women,Handbags,Summer,Casual
54033,Women,Handbags,Summer,Casual
54035,Women,Handbags,Summer,Casual
54036,Women,Handbags,Winter,Casual
54040,Women,Handbags,Summer,Casual
54041,Women,Handbags,Summer,Casual
54049,Women,Leggings,Summer,Casual
54050,Women,Jeggings,Summer,Casual
54051,Women,Jeggings,Summer,Casual
54052,Women,Leggings,Summer,Casual
54053,Women,Leggings,Summer,Casual
54054,Women,Leggings,Summer,Casual
54055,Women,Leggings,Summer,Casual
54056,Women,Leggings,Summer,Casual
54057,Women,Leggings,Summer,Casual
54058,Women,Trousers,Fall,Casual
54059,Women,Trousers,Summer,Casual
54060,Women,Jeggings,Summer,Casual
54061,Men,Deodorant,Spring,Casual
54062,Women,Deodorant,Spring,Casual
54063,Women,Deodorant,Spring,Casual
54064,Men,Deodorant,Spring,Casual
54065,Men,Casual Shoes,Summer,Casual
54066,Men,Casual Shoes,Summer,Casual
54068,Men,Casual Shoes,Summer,Sports
54069,Men,Sandals,Winter,Casual
54070,Men,Sports Shoes,Summer,Sports
54071,Men,Sports Shoes,Summer,Sports
54072,Men,Sports Shoes,Fall,Sports
54073,Men,Sports Shoes,Fall,Casual
54076,Men,Casual Shoes,Summer,Casual
54077,Women,Heels,Winter,Casual
54078,Men,Sports Shoes,Summer,Sports
54079,Women,Tunics,Summer,Casual
54080,Women,Kurtas,Summer,Ethnic
54081,Women,Kurtis,Summer,Casual
54082,Women,Shirts,Summer,Ethnic
54083,Women,Shirts,Summer,Casual
54084,Women,Tops,Summer,Casual
54086,Women,Kurtis,Summer,Casual
54087,Women,Tops,Summer,Casual
54088,Women,Tops,Summer,Ethnic
54089,Women,Tshirts,Summer,Casual
54090,Women,Kurtis,Summer,Casual
54095,Men,Caps,Summer,Casual
54103,Women,Heels,Winter,Casual
54104,Women,Heels,Winter,Casual
54105,Women,Heels,Winter,Casual
54106,Women,Flats,Winter,Casual
54107,Women,Flats,Winter,Casual
54108,Women,Heels,Summer,Casual
54109,Women,Flats,Winter,Casual
54110,Women,Flats,Winter,Casual
54111,Women,Flats,Winter,Casual
54112,Women,Flats,Winter,Casual
54113,Women,Heels,Winter,Casual
54114,Women,Flats,Winter,Casual
54115,Women,Heels,Winter,Casual
54116,Women,Flats,Winter,Casual
54117,Women,Heels,Winter,Casual
54118,Women,Heels,Winter,Casual
54119,Women,Flats,Winter,Casual
54120,Women,Heels,Winter,Casual
54121,Women,Flats,Summer,Casual
54122,Women,Flats,Winter,Casual
54123,Women,Heels,Winter,Casual
54124,Women,Flats,Winter,Casual
54125,Women,Flats,Winter,Casual
54126,Women,Heels,Winter,Casual
54127,Women,Heels,Winter,Casual
54128,Women,Heels,Summer,Casual
54129,Women,Heels,Winter,Casual
54130,Women,Heels,Winter,Casual
54131,Women,Heels,Winter,Casual
54132,Women,Flats,Winter,Casual
54133,Women,Flats,Winter,Casual
54134,Women,Heels,Winter,Casual
54135,Women,Flats,Winter,Casual
54136,Women,Heels,Spring,Casual
54137,Women,Heels,Winter,Casual
54138,Women,Heels,Winter,Casual
54139,Women,Heels,Winter,Casual
54140,Women,Flats,Winter,Casual
54141,Women,Heels,Winter,Casual
54142,Women,Heels,Winter,Casual
54143,Women,Flats,Winter,Casual
54144,Women,Flats,Winter,Casual
54145,Women,Flats,Winter,Casual
54146,Women,Tops,Summer,Casual
54147,Women,Necklace and Chains,Summer,Casual
54148,Women,Necklace and Chains,Winter,Casual
54149,Women,Pendant,Summer,Casual
54150,Women,Necklace and Chains,Summer,Casual
54151,Women,Necklace and Chains,Winter,Casual
54152,Women,Necklace and Chains,Fall,Casual
54153,Women,Necklace and Chains,Winter,Casual
54154,Women,Necklace and Chains,Summer,Casual
54155,Women,Necklace and Chains,Winter,Casual
54156,Women,Necklace and Chains,Winter,Ethnic
54157,Women,Necklace and Chains,Winter,Casual
54158,Women,Necklace and Chains,Summer,Casual
54159,Women,Necklace and Chains,Summer,Casual
54160,Women,Pendant,Summer,Casual
54161,Women,Pendant,Summer,Casual
54162,Women,Necklace and Chains,Winter,Ethnic
54163,Women,Necklace and Chains,Summer,Casual
54164,Women,Necklace and Chains,Fall,Casual
54165,Women,Necklace and Chains,Winter,Casual
54166,Women,Necklace and Chains,Winter,Casual
54167,Women,Jewellery Set,Winter,Casual
54168,Women,Necklace and Chains,Winter,Casual
54169,Women,Necklace and Chains,Summer,Casual
54170,Women,Necklace and Chains,Winter,Casual
54171,Women,Pendant,Summer,Casual
54172,Women,Necklace and Chains,Summer,Casual
54173,Women,Necklace and Chains,Summer,Casual
54174,Women,Pendant,Winter,Casual
54175,Women,Watches,Summer,Casual
54176,Women,Pendant,Summer,Casual
54177,Women,Handbags,Summer,Casual
54178,Women,Handbags,Winter,Casual
54182,Women,Handbags,Winter,Casual
54183,Women,Handbags,Summer,Casual
54185,Unisex,Backpacks,Summer,Casual
54186,Men,Briefs,Summer,Casual
54187,Men,Briefs,Summer,Casual
54188,Men,Briefs,Summer,Casual
54189,Men,Briefs,Summer,Casual
54192,Men,Trousers,Fall,Formal
54194,Men,Trousers,Summer,Casual
54200,Men,Shorts,Summer,Casual
54202,Men,Shirts,Summer,Casual
54225,Men,Trousers,Fall,Casual
54226,Men,Trousers,Summer,Casual
54228,Women,Flats,Winter,Casual
54229,Women,Handbags,Winter,Casual
54252,Men,Shirts,Summer,Formal
54280,Men,Shirts,Summer,Formal
54302,Women,Bra,Summer,Casual
54303,Women,Briefs,Summer,Casual
54304,Women,Briefs,Summer,Casual
54305,Women,Bra,Summer,Casual
54306,Women,Briefs,Summer,Casual
54307,Women,Briefs,Summer,Casual
54311,Women,Briefs,Summer,Casual
54318,Women,Bra,Summer,Casual
54319,Women,Briefs,Summer,Casual
54320,Women,Briefs,Summer,Casual
54325,Women,Bra,Summer,Casual
54326,Women,Briefs,Summer,Casual
54327,Women,Bra,Summer,Casual
54328,Women,Briefs,Summer,Casual
54329,Women,Briefs,Summer,Casual
54330,Women,Briefs,Summer,Casual
54332,Women,Briefs,Summer,Casual
54334,Women,Jeans,Summer,Casual
54338,Women,Tops,Summer,Casual
54339,Men,Socks,Summer,Casual
54340,Unisex,Socks,Summer,Casual
54341,Men,Socks,Spring,Casual
54342,Women,Leggings,Summer,Casual
54343,Men,Casual Shoes,Summer,Casual
54344,Men,Socks,Summer,Casual
54345,Men,Socks,Summer,Sports
54346,Men,Socks,Summer,Casual
54375,Women,Earrings,Winter,Ethnic
54380,Women,Handbags,Summer,Casual
54381,Women,Wallets,Summer,Casual
54382,Women,Handbags,Winter,Casual
54383,Women,Wallets,Winter,Casual
54384,Women,Handbags,Winter,Casual
54385,Women,Clutches,Summer,Casual
54386,Women,Handbags,Winter,Casual
54387,Women,Handbags,Winter,Casual
54388,Women,Laptop Bag,Winter,Casual
54389,Women,Wallets,Winter,Casual
54390,Women,Wallets,Winter,Casual
54391,Women,Handbags,Winter,Casual
54392,Women,Handbags,Winter,Casual
54393,Women,Handbags,Summer,Casual
54394,Women,Handbags,Summer,Casual
54395,Women,Wallets,Summer,Casual
54396,Women,Clutches,Winter,Casual
54397,Women,Handbags,Summer,Casual
54398,Women,Handbags,Summer,Casual
54399,Women,Wallets,Winter,Casual
54400,Women,Wallets,Summer,Casual
54401,Women,Wallets,Winter,Casual
54402,Women,Wallets,Winter,Casual
54403,Women,Wallets,Winter,Casual
54404,Women,Wallets,Winter,Casual
54405,Women,Wallets,Winter,Casual
54406,Women,Handbags,Summer,Casual
54407,Women,Handbags,Summer,Casual
54408,Women,Handbags,Winter,Casual
54409,Women,Handbags,Summer,Casual
54410,Women,Wallets,Summer,Casual
54411,Women,Wallets,Winter,Casual
54412,Women,Clutches,Winter,Casual
54475,Women,Handbags,Winter,Casual
54476,Women,Accessory Gift Set,Summer,Casual
54477,Men,Briefs,Summer,Casual
54478,Men,Briefs,Summer,Casual
54479,Men,Briefs,Summer,Casual
54480,Men,Briefs,Summer,Casual
54481,Men,Briefs,Summer,Casual
54482,Women,Briefs,Summer,Casual
54483,Men,Briefs,Summer,Casual
54484,Men,Briefs,Summer,Casual
54485,Men,Briefs,Summer,Casual
54486,Women,Briefs,Summer,Casual
54487,Unisex,Backpacks,Summer,Casual
54488,Women,Backpacks,Summer,Casual
54489,Unisex,Backpacks,Summer,Casual
54490,Women,Backpacks,Summer,Casual
54491,Women,Handbags,Winter,Casual
54492,Women,Handbags,Summer,Casual
54493,Women,Handbags,Winter,Casual
54494,Women,Handbags,Summer,Casual
54495,Women,Handbags,Summer,Casual
54496,Women,Handbags,Summer,Casual
54497,Unisex,Handbags,Summer,Casual
54498,Women,Handbags,Winter,Casual
54499,Women,Handbags,Winter,Casual
54500,Women,Handbags,Winter,Casual
54501,Women,Handbags,Summer,Casual
54502,Unisex,Handbags,Winter,Casual
54503,Unisex,Backpacks,Summer,Casual
54504,Women,Handbags,Winter,Casual
54505,Women,Handbags,Winter,Casual
54506,Women,Handbags,Summer,Casual
54507,Women,Handbags,Winter,Casual
54508,Women,Handbags,Summer,Casual
54509,Women,Handbags,Summer,Casual
54510,Women,Handbags,Winter,Casual
54511,Women,Handbags,Winter,Casual
54512,Women,Handbags,Winter,Casual
54513,Men,Casual Shoes,Summer,Casual
54514,Men,Casual Shoes,Summer,Casual
54515,Men,Casual Shoes,Fall,Casual
54516,Men,Casual Shoes,Summer,Casual
54517,Men,Casual Shoes,Summer,Casual
54518,Men,Casual Shoes,Summer,Casual
54519,Men,Casual Shoes,Summer,Casual
54520,Men,Casual Shoes,Summer,Casual
54521,Men,Casual Shoes,Fall,Casual
54522,Men,Casual Shoes,Summer,Casual
54523,Men,Casual Shoes,Summer,Casual
54524,Men,Sports Shoes,Summer,Sports
54525,Men,Sports Shoes,Fall,Sports
54526,Men,Sports Shoes,Summer,Sports
54527,Men,Casual Shoes,Summer,Casual
54528,Men,Casual Shoes,Summer,Casual
54529,Men,Sports Shoes,Fall,Sports
54530,Men,Sports Shoes,Summer,Casual
54533,Men,Casual Shoes,Summer,Sports
54534,Men,Casual Shoes,Summer,Casual
54535,Men,Casual Shoes,Summer,Casual
54536,Men,Casual Shoes,Summer,Casual
54537,Men,Casual Shoes,Summer,Casual
54538,Men,Casual Shoes,Fall,Casual
54539,Men,Casual Shoes,Summer,Sports
54540,Men,Sports Shoes,Fall,Casual
54541,Men,Casual Shoes,Summer,Casual
54542,Men,Casual Shoes,Summer,Casual
54543,Men,Sports Shoes,Spring,Sports
54544,Men,Casual Shoes,Fall,Sports
54545,Women,Handbags,Summer,Casual
54546,Women,Handbags,Summer,Casual
54547,Women,Kurtas,Summer,Ethnic
54548,Women,Tunics,Summer,Ethnic
54549,Women,Kurtis,Summer,Casual
54550,Women,Kurtas,Summer,Ethnic
54551,Women,Kurtas,Summer,Ethnic
54553,Women,Kurtas,Summer,Ethnic
54554,Women,Tunics,Summer,Ethnic
54555,Women,Dupatta,Summer,Ethnic
54556,Women,Kurtas,Summer,Ethnic
54557,Women,Kurtas,Summer,Ethnic
54558,Women,Kurtas,Summer,Ethnic
54559,Women,Tunics,Summer,Ethnic
54561,Women,Kurtas,Summer,Ethnic
54562,Women,Kurtas,Summer,Ethnic
54563,Women,Kurtas,Summer,Ethnic
54564,Women,Kurtas,Summer,Ethnic
54565,Women,Kurtas,Summer,Ethnic
54566,Women,Kurtas,Summer,Ethnic
54567,Women,Kurtas,Summer,Ethnic
54568,Women,Kurtas,Summer,Ethnic
54569,Women,Kurtas,Summer,Ethnic
54570,Women,Kurtas,Summer,Ethnic
54571,Women,Kurtas,Summer,Ethnic
54572,Women,Kurtas,Summer,Ethnic
54573,Women,Tops,Summer,Casual
54574,Women,Kurtis,Summer,Casual
54575,Women,Kurtis,Summer,Casual
54576,Women,Kurtas,Summer,Ethnic
54577,Women,Kurtas,Summer,Ethnic
54578,Women,Kurtas,Summer,Ethnic
54579,Women,Kurtas,Summer,Ethnic
54580,Women,Kurtas,Summer,Ethnic
54581,Women,Kurtas,Summer,Ethnic
54582,Women,Kurtas,Summer,Ethnic
54584,Women,Kurtas,Summer,Ethnic
54585,Women,Kurtas,Summer,Ethnic
54586,Women,Kurtas,Summer,Ethnic
54587,Women,Kurtas,Summer,Ethnic
54588,Women,Kurtas,Summer,Ethnic
54589,Women,Kurtas,Summer,Ethnic
54590,Women,Kurtas,Summer,Casual
54595,Women,Kurtas,Fall,Ethnic
54596,Women,Kurtas,Summer,Ethnic
54597,Women,Kurtas,Fall,Ethnic
54598,Women,Kurtas,Summer,Ethnic
54599,Women,Kurtas,Summer,Ethnic
54600,Men,Briefs,Summer,Casual
54601,Men,Briefs,Summer,Casual
54602,Men,Briefs,Summer,Casual
54603,Men,Briefs,Summer,Casual
54604,Men,Briefs,Summer,Casual
54605,Men,Briefs,Summer,Casual
54606,Men,Briefs,Summer,Casual
54607,Men,Briefs,Summer,Casual
54608,Men,Briefs,Summer,Casual
54609,Men,Briefs,Summer,Casual
54610,Men,Briefs,Summer,Casual
54611,Men,Briefs,Summer,Casual
54612,Men,Briefs,Summer,Casual
54613,Men,Briefs,Summer,Casual
54614,Men,Briefs,Summer,Casual
54615,Men,Briefs,Summer,Casual
54616,Men,Briefs,Summer,Casual
54617,Men,Briefs,Summer,Casual
54618,Men,Briefs,Summer,Casual
54619,Men,Watches,Winter,Casual
54620,Men,Watches,Winter,Casual
54621,Women,Watches,Summer,Casual
54622,Men,Watches,Winter,Casual
54623,Men,Watches,Winter,Casual
54625,Women,Watches,Winter,Casual
54626,Men,Watches,Winter,Casual
54627,Men,Watches,Winter,Casual
54628,Men,Watches,Winter,Casual
54629,Men,Watches,Winter,Casual
54630,Men,Watches,Winter,Casual
54631,Men,Watches,Winter,Casual
54632,Men,Watches,Winter,Casual
54633,Men,Watches,Winter,Casual
54634,Men,Watches,Winter,Casual
54635,Men,Watches,Winter,Casual
54636,Men,Watches,Winter,Casual
54637,Men,Watches,Winter,Casual
54638,Men,Watches,Winter,Casual
54639,Men,Watches,Winter,Casual
54640,Men,Watches,Winter,Casual
54641,Men,Watches,Winter,Casual
54642,Men,Watches,Winter,Casual
54643,Men,Watches,Winter,Casual
54644,Men,Watches,Winter,Casual
54645,Women,Watches,Winter,Casual
54646,Men,Watches,Winter,Casual
54647,Men,Watches,Winter,Casual
54648,Men,Watches,Winter,Casual
54649,Women,Watches,Winter,Casual
54650,Women,Watches,Winter,Casual
54651,Women,Watches,Summer,Casual
54652,Women,Watches,Summer,Casual
54653,Men,Watches,Winter,Casual
54654,Women,Watches,Winter,Casual
54655,Men,Watches,Winter,Casual
54656,Women,Watches,Winter,Casual
54657,Women,Watches,Summer,Casual
54658,Men,Watches,Winter,Casual
54659,Women,Watches,Winter,Casual
54660,Women,Watches,Winter,Casual
54661,Women,Watches,Winter,Casual
54662,Women,Watches,Winter,Casual
54663,Women,Watches,Winter,Casual
54664,Men,Watches,Winter,Casual
54665,Women,Watches,Winter,Casual
54666,Men,Watches,Winter,Casual
54667,Men,Watches,Winter,Casual
54668,Men,Watches,Winter,Casual
54669,Women,Watches,Winter,Casual
54670,Men,Watches,Winter,Casual
54671,Men,Watches,Winter,Casual
54672,Men,Watches,Winter,Casual
54674,Women,Watches,Winter,Casual
54675,Women,Watches,Winter,Casual
54676,Women,Watches,Winter,Casual
54677,Women,Watches,Winter,Casual
54678,Women,Watches,Winter,Casual
54679,Women,Watches,Winter,Casual
54680,Women,Kurtas,Summer,Ethnic
54681,Women,Kurtas,Summer,Ethnic
54682,Women,Kurtas,Summer,Ethnic
54683,Women,Dresses,Summer,Ethnic
54684,Women,Kurtas,Summer,Ethnic
54685,Women,Kurtas,Summer,Ethnic
54686,Women,Kurta Sets,Summer,Ethnic
54687,Women,Kurtas,Summer,Ethnic
54688,Women,Kurta Sets,Summer,Ethnic
54689,Women,Kurta Sets,Summer,Ethnic
54690,Women,Kurtas,Summer,Ethnic
54691,Women,Kurtas,Summer,Ethnic
54692,Women,Kurtas,Summer,Ethnic
54693,Women,Kurtas,Summer,Ethnic
54694,Women,Kurtas,Summer,Ethnic
54695,Women,Tunics,Summer,Ethnic
54696,Women,Tunics,Summer,Ethnic
54697,Women,Tunics,Summer,Casual
54698,Women,Tunics,Summer,Casual
54699,Women,Tunics,Summer,Ethnic
54700,Men,Kurtas,Summer,Ethnic
54702,Women,Kurtis,Summer,Ethnic
54703,Women,Kurta Sets,Summer,Ethnic
54704,Women,Night suits,Summer,Ethnic
54705,Women,Night suits,Summer,Casual
54706,Women,Kurtas,Summer,Ethnic
54708,Women,Kurtas,Summer,Ethnic
54710,Women,Kurtas,Summer,Ethnic
54711,Women,Kurtas,Summer,Ethnic
54712,Women,Kurta Sets,Summer,Casual
54713,Women,Kurta Sets,Summer,Ethnic
54714,Women,Free Gifts,Summer,Casual
54715,Women,Kurta Sets,Summer,Casual
54716,Women,Kurtas,Summer,Ethnic
54717,Women,Dresses,Summer,Ethnic
54718,Women,Dresses,Summer,Casual
54719,Women,Kurtas,Summer,Ethnic
54720,Women,Kurtas,Summer,Ethnic
54721,Women,Kurta Sets,Summer,Casual
54722,Women,Kurta Sets,Summer,Ethnic
54723,Women,Kurta Sets,Summer,Casual
54724,Women,Night suits,Summer,Ethnic
54725,Women,Kurtas,Summer,Ethnic
54726,Women,Kurtas,Summer,Ethnic
54727,Women,Kurtis,Summer,Ethnic
54728,Men,Casual Shoes,Summer,Casual
54729,Men,Casual Shoes,Summer,Casual
54730,Men,Casual Shoes,Summer,Casual
54731,Men,Casual Shoes,Summer,Casual
54732,Men,Casual Shoes,Summer,Casual
54733,Men,Casual Shoes,Summer,Casual
54734,Men,Casual Shoes,Summer,Casual
54735,Men,Casual Shoes,Summer,Casual
54736,Men,Casual Shoes,Summer,Casual
54737,Men,Casual Shoes,Summer,Casual
54738,Men,Casual Shoes,Summer,Casual
54739,Men,Casual Shoes,Summer,Casual
54740,Men,Casual Shoes,Summer,Casual
54741,Men,Casual Shoes,Summer,Casual
54742,Men,Casual Shoes,Summer,Casual
54744,Women,Kurtas,Summer,Ethnic
54767,Women,Kurtas,Summer,Ethnic
54792,Men,Jeans,Fall,Casual
54794,Men,Jeans,Summer,Casual
54796,Men,Jeans,Summer,Casual
54800,Men,Jeans,Summer,Casual
54804,Women,Handbags,Summer,Casual
54805,Women,Handbags,Winter,Casual
54807,Women,Handbags,Winter,Casual
54808,Women,Handbags,Winter,Casual
54812,Women,Handbags,Winter,Casual
54813,Women,Backpacks,Summer,Casual
54819,Women,Handbags,Winter,Casual
54823,Unisex,Handbags,Winter,Casual
54827,Women,Handbags,Winter,Casual
54828,Women,Handbags,Summer,Casual
54829,Unisex,Handbags,Summer,Casual
54831,Women,Clutches,Winter,Casual
54834,Women,Handbags,Winter,Casual
54836,Men,Handbags,Winter,Casual
54838,Women,Clutches,Summer,Casual
54842,Women,Sports Shoes,Summer,Casual
54849,Women,Necklace and Chains,Summer,Casual
54850,Women,Necklace and Chains,Winter,Casual
54851,Women,Necklace and Chains,Winter,Casual
54852,Women,Necklace and Chains,Fall,Casual
54853,Women,Necklace and Chains,Summer,Casual
54854,Women,Necklace and Chains,Summer,Casual
54856,Women,Necklace and Chains,Winter,Casual
54857,Women,Jewellery Set,Winter,Casual
54858,Women,Necklace and Chains,Fall,Casual
54859,Women,Necklace and Chains,Summer,Casual
54860,Women,Necklace and Chains,Summer,Casual
54861,Women,Necklace and Chains,Summer,Casual
54862,Women,Necklace and Chains,Fall,Ethnic
54863,Women,Necklace and Chains,Fall,Casual
54864,Women,Necklace and Chains,Fall,Casual
54865,Women,Pendant,Summer,Casual
54866,Women,Necklace and Chains,Fall,Casual
54867,Women,Pendant,Summer,Casual
54868,Women,Necklace and Chains,Summer,Casual
54869,Women,Necklace and Chains,Summer,Casual
54870,Women,Necklace and Chains,Summer,Casual
54871,Women,Necklace and Chains,Summer,Casual
54872,Women,Necklace and Chains,Winter,Casual
54873,Women,Necklace and Chains,Summer,Casual
54874,Women,Necklace and Chains,Winter,Casual
54875,Women,Necklace and Chains,Summer,Casual
54876,Women,Necklace and Chains,Fall,Casual
54877,Women,Necklace and Chains,Fall,Casual
54878,Women,Jewellery Set,Winter,Casual
54879,Women,Necklace and Chains,Fall,Casual
54880,Women,Necklace and Chains,Winter,Casual
54881,Women,Necklace and Chains,Summer,Casual
54882,Women,Jewellery Set,Fall,Casual
54883,Women,Jewellery Set,Summer,Casual
54884,Women,Necklace and Chains,Summer,Casual
54885,Women,Necklace and Chains,Fall,Casual
54886,Women,Jewellery Set,Summer,Casual
54888,Women,Necklace and Chains,Fall,Ethnic
54889,Men,Jackets,Summer,Casual
54890,Women,Tshirts,Summer,Casual
54891,Women,Tops,Summer,Casual
54894,Women,Track Pants,Summer,Casual
54896,Boys,Capris,Summer,Casual
54897,Women,Tshirts,Summer,Casual
54899,Women,Tops,Summer,Casual
54900,Men,Tshirts,Summer,Casual
54901,Men,Tshirts,Summer,Casual
54902,Men,Shirts,Summer,Casual
54903,Men,Tshirts,Summer,Casual
54904,Men,Tshirts,Summer,Casual
54905,Men,Tshirts,Summer,Casual
54906,Men,Tshirts,Summer,Casual
54907,Boys,Tshirts,Summer,Casual
54908,Men,Tshirts,Summer,Casual
54909,Men,Tshirts,Summer,Casual
54911,Men,Tshirts,Summer,Casual
54913,Men,Jackets,Summer,Ethnic
54914,Women,Tops,Summer,Casual
54915,Men,Tshirts,Summer,Casual
54918,Men,Skirts,Summer,Casual
54919,Men,Shorts,Summer,Casual
54921,Women,Capris,Summer,Casual
54923,Boys,Leggings,Summer,Casual
54924,Men,Boxers,Summer,Casual
54925,Men,Boxers,Summer,Casual
54926,Men,Tshirts,Summer,Casual
54927,Men,Tshirts,Summer,Casual
54928,Men,Tshirts,Summer,Casual
54929,Men,Tshirts,Summer,Casual
54930,Men,Tshirts,Summer,Casual
54931,Men,Tshirts,Summer,Casual
54932,Girls,Jackets,Summer,Casual
54933,Women,Tshirts,Summer,Casual
54934,Women,Tops,Summer,Casual
54935,Women,Tshirts,Summer,Casual
54936,Women,Jackets,Summer,Casual
54937,Women,Tops,Summer,Casual
54938,Women,Tops,Summer,Casual
54939,Women,Tops,Summer,Casual
54940,Women,Tshirts,Summer,Casual
54941,Women,Tops,Summer,Casual
54942,Men,Shirts,Summer,Casual
54943,Men,Tshirts,Summer,Casual
54944,Men,Tshirts,Summer,Casual
54945,Men,Tshirts,Summer,Casual
54946,Men,Tshirts,Summer,Casual
54947,Men,Tshirts,Summer,Casual
54948,Men,Sweatshirts,Summer,Formal
54949,Men,Jackets,Summer,Casual
54950,Men,Tshirts,Summer,Casual
54951,Men,Tshirts,Summer,Casual
54953,Men,Tshirts,Summer,Casual
54954,Men,Tshirts,Summer,Casual
54955,Men,Tshirts,Summer,Casual
54957,Boys,Tshirts,Summer,Casual
54958,Boys,Tshirts,Summer,Casual
54959,Men,Tshirts,Summer,Casual
54960,Men,Tshirts,Summer,Casual
54961,Men,Tshirts,Summer,Casual
54964,Women,Tops,Summer,Casual
54965,Men,Tshirts,Summer,Casual
54966,Men,Casual Shoes,Winter,Casual
54967,Men,Deodorant,Spring,Casual
54968,Men,Deodorant,Spring,Casual
54969,Men,Deodorant,Spring,Casual
54970,Women,Perfume and Body Mist,Spring,Casual
54971,Women,Dresses,Summer,Casual
54972,Women,Dresses,Summer,Casual
54973,Women,Dresses,Summer,Casual
54974,Women,Dresses,Summer,Casual
54975,Women,Tops,Summer,Casual
54976,Women,Dresses,Summer,Casual
54977,Women,Capris,Summer,Casual
54978,Women,Capris,Summer,Casual
54979,Women,Shirts,Summer,Casual
54980,Women,Sarees,Summer,Ethnic
54981,Women,Tops,Summer,Casual
54982,Women,Jeans,Summer,Casual
54983,Women,Leggings,Summer,Casual
54984,Women,Jeans,Summer,Casual
54985,Women,Jeans,Summer,Casual
54986,Women,Tops,Fall,Casual
54987,Women,Kurtis,Summer,Ethnic
54988,Women,Tops,Summer,Casual
54989,Women,Kurtas,Summer,Casual
54990,Women,Dresses,Summer,Casual
54991,Women,Tops,Summer,Casual
54992,Women,Tops,Summer,Casual
54993,Women,Shirts,Summer,Casual
54995,Women,Kajal and Eyeliner,Spring,Casual
54997,Women,Kajal and Eyeliner,Spring,Casual
55000,Women,Kajal and Eyeliner,Spring,Casual
55001,Women,Kajal and Eyeliner,Spring,Casual
55002,Women,Kajal and Eyeliner,Spring,Casual
55003,Women,Kajal and Eyeliner,Spring,Casual
55004,Women,Handbags,Summer,Casual
55005,Women,Kajal and Eyeliner,Spring,Casual
55006,Women,Lip Liner,Spring,Casual
55007,Women,Lip Liner,Spring,Casual
55008,Women,Lip Liner,Spring,Casual
55009,Women,Lip Liner,Spring,Casual
55010,Women,Lip Liner,Spring,Casual
55012,Women,Lipstick,Spring,Casual
55013,Women,Kajal and Eyeliner,Spring,Casual
55015,Women,Lipstick,Spring,Casual
55016,Women,Kajal and Eyeliner,Spring,Casual
55018,Women,Lipstick,Spring,Casual
55020,Women,Lipstick,Spring,Casual
55021,Men,Lipstick,Spring,Casual
55022,Men,Lipstick,Spring,Casual
55023,Men,Lipstick,Spring,Casual
55024,Men,Lipstick,Spring,Casual
55025,Men,Lipstick,Spring,Casual
55026,Men,Lipstick,Spring,Casual
55027,Men,Lipstick,Spring,Casual
55028,Men,Lipstick,Spring,Casual
55029,Men,Lipstick,Spring,Casual
55030,Men,Lipstick,Spring,Casual
55031,Men,Lipstick,Spring,Casual
55032,Men,Lipstick,Spring,Casual
55033,Men,Lipstick,Spring,Casual
55034,Men,Lipstick,Spring,Casual
55035,Men,Lipstick,Spring,Casual
55036,Men,Lipstick,Spring,Casual
55037,Men,Lipstick,Spring,Casual
55038,Men,Lipstick,Spring,Casual
55039,Men,Lipstick,Spring,Casual
55040,Men,Lipstick,Spring,Casual
55041,Women,Kajal and Eyeliner,Spring,Casual
55042,Men,Lipstick,Spring,Casual
55043,Men,Lipstick,Spring,Casual
55044,Men,Lipstick,Spring,Casual
55045,Women,Lipstick,Spring,Casual
55046,Women,Lipstick,Spring,Casual
55047,Men,Deodorant,Spring,Casual
55048,Women,Lipstick,Spring,Casual
55049,Women,Lipstick,Spring,Casual
55050,Women,Lipstick,Spring,Casual
55051,Women,Lipstick,Spring,Casual
55052,Women,Lipstick,Spring,Casual
55053,Women,Lipstick,Spring,Casual
55054,Women,Lipstick,Spring,Casual
55055,Women,Lipstick,Spring,Casual
55056,Men,Lipstick,Spring,Casual
55057,Women,Lipstick,Spring,Casual
55058,Women,Lipstick,Spring,Casual
55059,Women,Lipstick,Spring,Casual
55060,Women,Lipstick,Spring,Casual
55061,Men,Lipstick,Spring,Casual
55062,Women,Lipstick,Spring,Casual
55063,Women,Lipstick,Spring,Casual
55064,Men,Lipstick,Spring,Casual
55065,Women,Lipstick,Spring,Casual
55066,Women,Lipstick,Spring,Casual
55067,Women,Lipstick,Spring,Casual
55068,Women,Shoe Accessories,Spring,Casual
55069,Women,Perfume and Body Mist,Spring,Casual
55070,Women,Kajal and Eyeliner,Spring,Casual
55071,Men,Kajal and Eyeliner,Spring,Casual
55072,Women,Kajal and Eyeliner,Spring,Casual
55073,Women,Kajal and Eyeliner,Spring,Casual
55074,Women,Lip Liner,Spring,Casual
55075,Women,Lip Liner,Spring,Casual
55078,Women,Foundation and Primer,Summer,Casual
55079,Women,Foundation and Primer,Summer,Casual
55080,Women,Handbags,Summer,Casual
55081,Women,Foundation and Primer,Summer,Casual
55083,Unisex,Basketballs,Summer,Casual
55086,Women,Perfume and Body Mist,Spring,Casual
55087,Women,Deodorant,Summer,Casual
55089,Women,Basketballs,Fall,Casual
55090,Women,Basketballs,Fall,Casual
55093,Unisex,Foundation and Primer,Winter,Casual
55094,Women,Deodorant,Spring,Casual
55095,Women,Perfume and Body Mist,Spring,Casual
55097,Women,Perfume and Body Mist,Spring,Casual
55098,Women,Foundation and Primer,Summer,Casual
55099,Women,Lipstick,Spring,Casual
55100,Women,Wallets,Summer,Casual
55101,Unisex,Basketballs,Summer,Casual
55107,Unisex,Basketballs,Spring,Casual
55108,Unisex,Basketballs,Summer,Casual
55109,Women,Mobile Pouch,Summer,Casual
55110,Women,Perfume and Body Mist,Summer,Casual
55111,Women,Perfume and Body Mist,Summer,Casual
55112,Women,Perfume and Body Mist,Summer,Casual
55113,Men,Accessory Gift Set,Summer,Casual
55114,Men,Accessory Gift Set,Summer,Casual
55115,Men,Accessory Gift Set,Summer,Casual
55116,Women,Handbags,Summer,Sports
55117,Women,Handbags,Summer,Sports
55118,Women,Handbags,Summer,Sports
55119,Women,Wallets,Summer,Casual
55120,Women,Nail Polish,Spring,Casual
55121,Women,Perfume and Body Mist,Spring,Casual
55122,Women,Nail Polish,Spring,Casual
55123,Men,Foundation and Primer,Spring,Casual
55124,Women,Nail Polish,Spring,Casual
55125,Women,Nail Polish,Spring,Casual
55126,Women,Nail Polish,Spring,Casual
55127,Women,Nail Polish,Spring,Casual
55128,Women,Nail Polish,Spring,Casual
55129,Women,Nail Polish,Spring,Casual
55130,Men,Nail Polish,Spring,Casual
55131,Women,Nail Polish,Spring,Casual
55132,Women,Nail Polish,Spring,Casual
55133,Women,Nail Polish,Spring,Casual
55134,Men,Nail Polish,Spring,Casual
55135,Women,Nail Polish,Spring,Casual
55136,Women,Deodorant,Spring,Casual
55137,Women,Nail Polish,Spring,Casual
55138,Women,Perfume and Body Mist,Spring,Casual
55139,Women,Handbags,Spring,Casual
55140,Women,Lipstick,Summer,Casual
55141,Women,Nail Polish,Spring,Casual
55142,Men,Lipstick,Summer,Casual
55143,Women,Nail Polish,Spring,Casual
55144,Women,Foundation and Primer,Summer,Casual
55145,Women,Nail Polish,Spring,Casual
55146,Women,Nail Polish,Spring,Casual
55147,Women,Nail Polish,Spring,Casual
55148,Women,Nail Polish,Spring,Casual
55149,Women,Nail Polish,Spring,Casual
55150,Women,Nail Polish,Spring,Casual
55151,Women,Nail Polish,Spring,Casual
55152,Women,Nail Polish,Spring,Casual
55153,Women,Perfume and Body Mist,Spring,Casual
55154,Women,Nail Polish,Spring,Casual
55155,Women,Perfume and Body Mist,Spring,Casual
55156,Women,Perfume and Body Mist,Spring,Casual
55157,Women,Nail Polish,Spring,Casual
55158,Women,Nail Polish,Spring,Casual
55159,Women,Nail Polish,Spring,Casual
55160,Women,Nail Polish,Spring,Casual
55161,Women,Nail Polish,Spring,Casual
55162,Women,Nail Polish,Spring,Casual
55163,Women,Nail Polish,Spring,Casual
55164,Unisex,Perfume and Body Mist,Spring,Casual
55165,Women,Deodorant,Spring,Casual
55166,Women,Nail Polish,Spring,Casual
55168,Men,Perfume and Body Mist,Spring,Casual
55170,Men,Foundation and Primer,Spring,Casual
55172,Women,Perfume and Body Mist,Spring,Casual
55173,Men,Perfume and Body Mist,Spring,Casual
55175,Women,Perfume and Body Mist,Spring,Casual
55177,Women,Perfume and Body Mist,Spring,Casual
55179,Women,Perfume and Body Mist,Spring,Casual
55180,Men,Perfume and Body Mist,Spring,Casual
55181,Women,Perfume and Body Mist,Spring,Casual
55184,Men,Perfume and Body Mist,Spring,Casual
55185,Men,Perfume and Body Mist,Spring,Casual
55186,Women,Perfume and Body Mist,Spring,Casual
55187,Men,Perfume and Body Mist,Spring,Casual
55190,Men,Perfume and Body Mist,Spring,Casual
55191,Men,Perfume and Body Mist,Spring,Casual
55192,Men,Perfume and Body Mist,Spring,Casual
55194,Unisex,Perfume and Body Mist,Spring,Casual
55195,Men,Perfume and Body Mist,Spring,Casual
55196,Men,Perfume and Body Mist,Spring,Casual
55197,Women,Perfume and Body Mist,Spring,Casual
55198,Women,Deodorant,Spring,Casual
55200,Women,Perfume and Body Mist,Spring,Casual
55201,Women,Perfume and Body Mist,Spring,Casual
55202,Women,Perfume and Body Mist,Summer,Casual
55203,Women,Perfume and Body Mist,Summer,Casual
55205,Men,Lipstick,Summer,Casual
55206,Men,Lipstick,Spring,Casual
55208,Men,Lipstick,Spring,Casual
55209,Women,Lipstick,Summer,Casual
55210,Women,Lipstick,Summer,Casual
55211,Women,Lipstick,Summer,Casual
55212,Men,Lipstick,Summer,Casual
55213,Women,Lipstick,Spring,Casual
55214,Women,Lipstick,Spring,Casual
55215,Women,Lipstick,Spring,Casual
55216,Women,Lipstick,Spring,Casual
55217,Women,Lipstick,Spring,Casual
55218,Women,Kajal and Eyeliner,Spring,Casual
55219,Women,Lip Liner,Spring,Casual
55220,Women,Lip Liner,Spring,Casual
55221,Women,Lip Liner,Spring,Casual
55222,Women,Kajal and Eyeliner,Spring,Casual
55223,Women,Kajal and Eyeliner,Spring,Casual
55224,Women,Kajal and Eyeliner,Spring,Casual
55225,Women,Kajal and Eyeliner,Spring,Casual
55226,Women,Kajal and Eyeliner,Spring,Casual
55227,Women,Lipstick,Spring,Casual
55228,Men,Deodorant,Spring,Casual
55229,Men,Lipstick,Spring,Casual
55230,Men,Fragrance Gift Set,Summer,Casual
55231,Women,Fragrance Gift Set,Summer,Casual
55232,Men,Fragrance Gift Set,Summer,Casual
55233,Women,Lounge Shorts,Spring,Casual
55234,Women,Perfume and Body Mist,Spring,Casual
55235,Women,Perfume and Body Mist,Spring,Casual
55236,Girls,Foundation and Primer,Spring,Casual
55237,Women,Foundation and Primer,Spring,Casual
55238,Girls,Foundation and Primer,Spring,Casual
55239,Girls,Foundation and Primer,Spring,Casual
55240,Men,Perfume and Body Mist,Spring,Casual
55241,Men,Perfume and Body Mist,Spring,Casual
55242,Men,Perfume and Body Mist,Spring,Casual
55243,Men,Perfume and Body Mist,Spring,Casual
55244,Women,Deodorant,Spring,Casual
55245,Women,Deodorant,Spring,Casual
55246,Women,Deodorant,Spring,Casual
55247,Women,Foundation and Primer,Spring,Casual
55248,Women,Mobile Pouch,Spring,Casual
55249,Women,Foundation and Primer,Spring,Casual
55250,Unisex,Foundation and Primer,Summer,Casual
55251,Women,Heels,Summer,Sports
55252,Women,Kajal and Eyeliner,Spring,Casual
55253,Women,Kajal and Eyeliner,Spring,Casual
55254,Women,Kajal and Eyeliner,Spring,Casual
55255,Women,Kajal and Eyeliner,Spring,Casual
55256,Women,Kajal and Eyeliner,Summer,Casual
55257,Women,Lip Liner,Spring,Casual
55258,Women,Kajal and Eyeliner,Spring,Casual
55259,Women,Lip Liner,Spring,Casual
55260,Women,Lip Liner,Spring,Casual
55261,Women,Lip Liner,Spring,Casual
55262,Women,Kajal and Eyeliner,Spring,Casual
55263,Women,Lip Liner,Spring,Casual
55264,Women,Lip Liner,Spring,Casual
55265,Women,Lip Liner,Spring,Casual
55266,Women,Kajal and Eyeliner,Spring,Casual
55267,Men,Kajal and Eyeliner,Spring,Casual
55268,Women,Kajal and Eyeliner,Spring,Casual
55269,Women,Kajal and Eyeliner,Spring,Casual
55270,Men,Pendant,Spring,Casual
55271,Women,Kajal and Eyeliner,Spring,Casual
55272,Women,Lip Liner,Spring,Casual
55273,Women,Kajal and Eyeliner,Spring,Casual
55274,Women,Kajal and Eyeliner,Spring,Casual
55275,Women,Caps,Summer,Casual
55276,Women,Caps,Summer,Casual
55277,Women,Wallets,Summer,Casual
55278,Women,Wallets,Summer,Casual
55280,Women,Wallets,Summer,Casual
55281,Women,Foundation and Primer,Summer,Casual
55282,Men,Foundation and Primer,Summer,Casual
55283,Men,Foundation and Primer,Summer,Casual
55284,Men,Foundation and Primer,Summer,Casual
55285,Women,Backpacks,Summer,Casual
55286,Women,Wallets,Spring,Casual
55287,Men,Perfume and Body Mist,Spring,Casual
55288,Men,Perfume and Body Mist,Spring,Casual
55289,Men,Perfume and Body Mist,Spring,Casual
55290,Women,Kajal and Eyeliner,Summer,Casual
55291,Women,Kajal and Eyeliner,Fall,Casual
55292,Women,Earrings,Summer,Casual
55293,Women,Lip Liner,Summer,Casual
55294,Women,Kajal and Eyeliner,Spring,Casual
55295,Women,Kajal and Eyeliner,Spring,Casual
55296,Women,Wallets,Summer,Casual
55297,Women,Wallets,Summer,Casual
55298,Women,Wallets,Summer,Casual
55299,Women,Wallets,Summer,Casual
55300,Women,Kajal and Eyeliner,Spring,Casual
55301,Women,Kajal and Eyeliner,Spring,Casual
55306,Women,Socks,Summer,Casual
55307,Men,Socks,Summer,Casual
55314,Men,Socks,Summer,Casual
55315,Men,Socks,Summer,Casual
55316,Men,Socks,Summer,Casual
55317,Women,Foundation and Primer,Summer,Casual
55318,Girls,Foundation and Primer,Summer,Casual
55319,Men,Tshirts,Spring,Casual
55320,Women,Nail Polish,Summer,Casual
55321,Women,Perfume and Body Mist,Spring,Casual
55322,Girls,Tops,Summer,Casual
55323,Women,Nail Polish,Summer,Casual
55324,Women,Perfume and Body Mist,Summer,Casual
55325,Unisex,Nail Polish,Summer,Casual
55326,Women,Perfume and Body Mist,Spring,Casual
55328,Unisex,Perfume and Body Mist,Summer,Casual
55329,Women,Wallets,Summer,Casual
55330,Unisex,Foundation and Primer,Summer,Casual
55331,Unisex,Wallets,Spring,Casual
55332,Women,Foundation and Primer,Spring,Casual
55333,Men,Lounge Shorts,Spring,Casual
55334,Men,Duffel Bag,Winter,Casual
55335,Men,Socks,Summer,Casual
55336,Women,Nail Polish,Spring,Casual
55337,Women,Perfume and Body Mist,Spring,Casual
55338,Women,Perfume and Body Mist,Spring,Casual
55339,Women,Perfume and Body Mist,Spring,Ethnic
55344,Men,Perfume and Body Mist,Spring,Casual
55347,Men,Perfume and Body Mist,Spring,Casual
55349,Men,Wallets,Spring,Sports
55350,Women,Wallets,Spring,Casual
55351,Unisex,Tshirts,Spring,Casual
55352,Men,Nail Polish,Spring,Casual
55354,Women,Nail Polish,Spring,Casual
55357,Men,Nail Polish,Spring,Casual
55358,Men,Nail Polish,Spring,Casual
55359,Men,Nail Polish,Spring,Casual
55361,Women,Nail Polish,Spring,Casual
55362,Women,Perfume and Body Mist,Spring,Casual
55363,Men,Nail Polish,Spring,Casual
55364,Women,Nail Polish,Spring,Casual
55365,Men,Nail Polish,Spring,Casual
55366,Women,Nail Polish,Spring,Casual
55368,Men,Nail Polish,Spring,Casual
55369,Men,Nail Polish,Spring,Casual
55370,Women,Nail Polish,Spring,Casual
55373,Women,Nail Polish,Summer,Casual
55375,Men,Nail Polish,Summer,Casual
55376,Women,Nail Polish,Spring,Casual
55377,Women,Nail Polish,Spring,Casual
55378,Men,Nail Polish,Spring,Casual
55379,Women,Nail Polish,Spring,Casual
55380,Women,Nail Polish,Spring,Casual
55381,Men,Nail Polish,Spring,Casual
55382,Men,Nail Polish,Spring,Casual
55383,Men,Nail Polish,Spring,Casual
55384,Women,Nail Polish,Spring,Casual
55385,Men,Lipstick,Summer,Casual
55387,Men,Nail Polish,Spring,Casual
55388,Men,Nail Polish,Summer,Casual
55389,Men,Perfume and Body Mist,Spring,Casual
55390,Women,Nail Polish,Spring,Casual
55391,Men,Nail Polish,Spring,Casual
55392,Women,Nail Polish,Spring,Casual
55394,Men,Shoe Accessories,Spring,Casual
55395,Men,Lipstick,Spring,Casual
55396,Women,Lipstick,Spring,Casual
55397,Men,Lipstick,Spring,Casual
55398,Women,Pendant,Winter,Casual
55399,Women,Kajal and Eyeliner,Spring,Casual
55400,Women,Kajal and Eyeliner,Spring,Casual
55402,Women,Kajal and Eyeliner,Spring,Casual
55407,Men,Kajal and Eyeliner,Spring,Casual
55408,Men,Kajal and Eyeliner,Spring,Casual
55409,Women,Kajal and Eyeliner,Spring,Casual
55410,Men,Kajal and Eyeliner,Spring,Casual
55418,Women,Lip Liner,Spring,Formal
55419,Women,Lip Liner,Spring,Casual
55420,Men,Lip Liner,Spring,Casual
55421,Women,Lip Liner,Spring,Formal
55423,Men,Lip Liner,Spring,Casual
55424,Women,Lip Liner,Spring,Formal
55425,Women,Lip Liner,Spring,Formal
55426,Women,Lip Liner,Spring,Casual
55427,Women,Lip Liner,Spring,Formal
55428,Men,Lip Liner,Spring,Casual
55429,Men,Lip Liner,Spring,Casual
55430,Girls,Tshirts,Spring,Casual
55431,Girls,Tshirts,Spring,Casual
55432,Girls,Tshirts,Spring,Casual
55433,Girls,Tshirts,Spring,Casual
55434,Girls,Tshirts,Spring,Casual
55436,Girls,Tshirts,Spring,Casual
55437,Girls,Tshirts,Spring,Casual
55438,Girls,Tshirts,Spring,Casual
55439,Girls,Tshirts,Spring,Casual
55440,Girls,Tshirts,Spring,Casual
55441,Girls,Tshirts,Spring,Casual
55442,Girls,Tshirts,Spring,Casual
55443,Women,Lipstick,Spring,Casual
55444,Women,Foundation and Primer,Spring,Casual
55445,Women,Lipstick,Spring,Casual
55446,Women,Foundation and Primer,Spring,Casual
55447,Women,Lipstick,Spring,Casual
55448,Women,Lipstick,Spring,Casual
55449,Women,Foundation and Primer,Spring,Casual
55450,Men,Foundation and Primer,Spring,Casual
55451,Women,Lipstick,Spring,Casual
55454,Men,Kajal and Eyeliner,Spring,Casual
55455,Men,Lipstick,Summer,Casual
55456,Unisex,Pendant,Spring,Casual
55457,Women,Lipstick,Spring,Casual
55458,Women,Lipstick,Spring,Casual
55459,Unisex,Pendant,Spring,Casual
55460,Women,Lipstick,Spring,Casual
55461,Unisex,Pendant,Spring,Casual
55462,Women,Lipstick,Spring,Casual
55463,Women,Kajal and Eyeliner,Spring,Casual
55464,Women,Kajal and Eyeliner,Spring,Casual
55465,Women,Kajal and Eyeliner,Spring,Casual
55466,Men,Lipstick,Spring,Casual
55467,Women,Pendant,Spring,Casual
55468,Women,Kajal and Eyeliner,Spring,Casual
55469,Women,Kajal and Eyeliner,Spring,Casual
55470,Women,Lipstick,Summer,Casual
55471,Unisex,Pendant,Spring,Casual
55472,Unisex,Pendant,Spring,Casual
55473,Women,Lipstick,Spring,Casual
55474,Women,Kajal and Eyeliner,Spring,Casual
55475,Men,Kajal and Eyeliner,Spring,Casual
55476,Women,Kajal and Eyeliner,Spring,Casual
55477,Men,Kajal and Eyeliner,Spring,Casual
55478,Women,Lip Liner,Spring,Casual
55479,Men,Kajal and Eyeliner,Spring,Casual
55480,Men,Kajal and Eyeliner,Spring,Casual
55482,Women,Kajal and Eyeliner,Spring,Casual
55485,Women,Kajal and Eyeliner,Spring,Casual
55486,Women,Kajal and Eyeliner,Spring,Casual
55487,Women,Kajal and Eyeliner,Spring,Casual
55488,Women,Lipstick,Summer,Casual
55489,Women,Lipstick,Summer,Casual
55490,Women,Kajal and Eyeliner,Spring,Casual
55491,Women,Lipstick,Spring,Casual
55492,Women,Lipstick,Summer,Casual
55493,Women,Perfume and Body Mist,Summer,Casual
55494,Women,Lipstick,Spring,Casual
55495,Women,Kajal and Eyeliner,Spring,Casual
55496,Women,Kajal and Eyeliner,Summer,Casual
55497,Women,Kajal and Eyeliner,Spring,Casual
55498,Women,Lipstick,Summer,Casual
55499,Women,Lipstick,Spring,Casual
55500,Women,Kajal and Eyeliner,Spring,Casual
55501,Women,Lipstick,Spring,Casual
55502,Women,Lipstick,Spring,Casual
55503,Women,Perfume and Body Mist,Spring,Casual
55504,Women,Foundation and Primer,Spring,Casual
55505,Women,Perfume and Body Mist,Spring,Casual
55506,Women,Lipstick,Spring,Casual
55507,Women,Lipstick,Spring,Casual
55508,Women,Foundation and Primer,Spring,Casual
55509,Women,Foundation and Primer,Spring,Casual
55510,Women,Lipstick,Spring,Casual
55511,Women,Lipstick,Spring,Casual
55512,Women,Perfume and Body Mist,Spring,Casual
55513,Unisex,Nail Polish,Summer,Casual
55514,Women,Backpacks,Summer,Casual
55516,Girls,Perfume and Body Mist,Summer,Casual
55517,Women,Perfume and Body Mist,Summer,Casual
55518,Girls,Perfume and Body Mist,Summer,Casual
55519,Men,Perfume and Body Mist,Summer,Casual
55520,Unisex,Foundation and Primer,Spring,Casual
55521,Men,Foundation and Primer,Spring,Casual
55522,Men,Foundation and Primer,Spring,Casual
55523,Unisex,Foundation and Primer,Spring,Casual
55524,Women,Perfume and Body Mist,Spring,Casual
55525,Women,Perfume and Body Mist,Spring,Casual
55526,Women,Foundation and Primer,Spring,Casual
55527,Women,Shoe Accessories,Spring,Casual
55528,Women,Shoe Accessories,Spring,Casual
55529,Women,Perfume and Body Mist,Spring,Casual
55530,Women,Perfume and Body Mist,Spring,Casual
55531,Women,Perfume and Body Mist,Spring,Casual
55532,Women,Foundation and Primer,Spring,Casual
55533,Women,Perfume and Body Mist,Spring,Casual
55534,Women,Perfume and Body Mist,Winter,Casual
55535,Women,Foundation and Primer,Spring,Casual
55536,Women,Foundation and Primer,Spring,Casual
55537,Women,Foundation and Primer,Spring,Casual
55538,Women,Nail Polish,Spring,Casual
55539,Women,Nail Polish,Spring,Casual
55540,Men,Perfume and Body Mist,Summer,Casual
55541,Women,Lip Liner,Spring,Casual
55542,Women,Kajal and Eyeliner,Spring,Casual
55543,Women,Kajal and Eyeliner,Spring,Casual
55544,Women,Kajal and Eyeliner,Spring,Casual
55545,Women,Kajal and Eyeliner,Spring,Casual
55546,Women,Kajal and Eyeliner,Spring,Casual
55547,Women,Kajal and Eyeliner,Spring,Casual
55548,Women,Kajal and Eyeliner,Spring,Casual
55549,Women,Lip Liner,Spring,Casual
55550,Women,Kajal and Eyeliner,Spring,Casual
55551,Women,Lip Liner,Spring,Casual
55553,Women,Kajal and Eyeliner,Spring,Casual
55556,Women,Kajal and Eyeliner,Spring,Casual
55557,Women,Kajal and Eyeliner,Spring,Casual
55558,Women,Kajal and Eyeliner,Spring,Casual
55559,Women,Lipstick,Spring,Casual
55560,Women,Perfume and Body Mist,Winter,Casual
55561,Girls,Foundation and Primer,Summer,Casual
55564,Women,Deodorant,Spring,Casual
55565,Women,Deodorant,Spring,Casual
55568,Men,Deodorant,Spring,Casual
55569,Women,Deodorant,Spring,Casual
55570,Women,Deodorant,Spring,Casual
55571,Men,Deodorant,Spring,Casual
55572,Men,Lipstick,Spring,Casual
55573,Women,Lipstick,Spring,Casual
55574,Women,Tops,Summer,Casual
55575,Men,Nail Polish,Summer,Casual
55576,Women,Tops,Summer,Casual
55577,Women,Shoe Accessories,Summer,Sports
55578,Unisex,Foundation and Primer,Summer,Casual
55579,Unisex,Foundation and Primer,Summer,Casual
55580,Unisex,Flats,Summer,Casual
55581,Women,Wallets,Summer,Casual
55582,Women,Wallets,Summer,Casual
55583,Women,Shoe Accessories,Spring,Casual
55584,Men,Wallets,Summer,Casual
55585,Men,Wallets,Summer,Casual
55586,Men,Wallets,Summer,Casual
55587,Men,Kajal and Eyeliner,Spring,Casual
55590,Men,Shirts,Summer,Formal
55591,Men,Shirts,Summer,Casual
55595,Men,Shirts,Summer,Casual
55597,Men,Shirts,Summer,Casual
55599,Men,Shirts,Summer,Casual
55608,Men,Shirts,Summer,Casual
55612,Men,Formal Shoes,Summer,Casual
55613,Men,Formal Shoes,Summer,Formal
55614,Men,Formal Shoes,Summer,Formal
55615,Men,Formal Shoes,Summer,Formal
55616,Men,Formal Shoes,Summer,Formal
55617,Men,Formal Shoes,Summer,Formal
55618,Men,Formal Shoes,Summer,Formal
55619,Men,Formal Shoes,Summer,Formal
55620,Men,Formal Shoes,Summer,Formal
55621,Men,Formal Shoes,Summer,Formal
55622,Men,Formal Shoes,Summer,Formal
55623,Men,Formal Shoes,Summer,Formal
55624,Men,Formal Shoes,Summer,Formal
55625,Men,Formal Shoes,Summer,Casual
55626,Men,Formal Shoes,Summer,Formal
55627,Men,Formal Shoes,Summer,Formal
55628,Men,Casual Shoes,Summer,Casual
55629,Men,Casual Shoes,Summer,Casual
55630,Women,Heels,Winter,Casual
55631,Women,Flats,Winter,Casual
55632,Women,Flats,Winter,Casual
55633,Women,Heels,Winter,Casual
55634,Women,Heels,Winter,Casual
55635,Women,Heels,Winter,Casual
55636,Women,Flats,Summer,Casual
55637,Women,Flats,Winter,Casual
55638,Women,Heels,Winter,Casual
55639,Women,Heels,Summer,Casual
55640,Women,Heels,Winter,Casual
55641,Women,Heels,Winter,Casual
55642,Women,Heels,Winter,Casual
55643,Women,Heels,Winter,Casual
55644,Women,Heels,Winter,Casual
55645,Women,Heels,Summer,Casual
55646,Girls,Heels,Winter,Casual
55647,Women,Heels,Spring,Casual
55648,Women,Heels,Winter,Casual
55649,Women,Heels,Winter,Casual
55650,Women,Heels,Winter,Casual
55651,Women,Flats,Winter,Casual
55652,Women,Heels,Winter,Casual
55653,Women,Flats,Winter,Casual
55654,Women,Heels,Winter,Casual
55655,Women,Heels,Winter,Casual
55656,Women,Heels,Winter,Casual
55657,Women,Heels,Winter,Casual
55783,Men,Casual Shoes,Summer,Casual
55784,Men,Casual Shoes,Summer,Casual
55785,Men,Casual Shoes,Summer,Casual
55786,Women,Dresses,Summer,Casual
55787,Women,Dresses,Summer,Casual
55788,Women,Dresses,Summer,Casual
55789,Women,Sarees,Summer,Ethnic
55790,Women,Sarees,Summer,Ethnic
55791,Women,Night suits,Summer,Ethnic
55794,Women,Night suits,Summer,Ethnic
55795,Women,Night suits,Summer,Ethnic
55796,Women,Night suits,Summer,Casual
55797,Women,Dresses,Summer,Casual
55798,Women,Dresses,Summer,Casual
55799,Women,Dresses,Summer,Casual
55800,Women,Dresses,Summer,Casual
55801,Women,Kurta Sets,Summer,Casual
55802,Women,Night suits,Summer,Ethnic
55803,Women,Night suits,Summer,Casual
55804,Women,Night suits,Summer,Casual
55805,Women,Night suits,Summer,Casual
55806,Women,Night suits,Summer,Casual
55807,Women,Night suits,Summer,Ethnic
55809,Women,Night suits,Summer,Casual
55810,Women,Night suits,Summer,Casual
55811,Women,Night suits,Summer,Casual
55812,Women,Night suits,Summer,Ethnic
55813,Men,Night suits,Summer,Casual
55814,Women,Kurta Sets,Summer,Ethnic
55817,Women,Night suits,Summer,Casual
55818,Women,Night suits,Summer,Casual
55819,Women,Night suits,Summer,Ethnic
55821,Women,Night suits,Summer,Casual
55822,Women,Night suits,Summer,Ethnic
55823,Women,Night suits,Summer,Ethnic
55824,Women,Night suits,Summer,Casual
55825,Women,Kurta Sets,Summer,Ethnic
55826,Women,Kurta Sets,Summer,Casual
55827,Women,Kurta Sets,Summer,Casual
55828,Women,Kurta Sets,Summer,Casual
55829,Women,Night suits,Summer,Ethnic
55830,Women,Kurta Sets,Summer,Casual
55831,Women,Kurta Sets,Summer,Casual
55832,Women,Kurta Sets,Summer,Ethnic
55833,Women,Kajal and Eyeliner,Spring,Casual
55834,Women,Foundation and Primer,Summer,Casual
55835,Women,Perfume and Body Mist,Spring,Casual
55836,Women,Perfume and Body Mist,Spring,Casual
55837,Women,Perfume and Body Mist,Spring,Casual
55838,Women,Perfume and Body Mist,Spring,Casual
55839,Men,Perfume and Body Mist,Spring,Casual
55840,Women,Perfume and Body Mist,Spring,Casual
55841,Men,Perfume and Body Mist,Spring,Casual
55842,Women,Perfume and Body Mist,Spring,Casual
55843,Women,Perfume and Body Mist,Spring,Casual
55844,Women,Perfume and Body Mist,Spring,Casual
55845,Women,Perfume and Body Mist,Spring,Casual
55846,Women,Perfume and Body Mist,Spring,Casual
55847,Women,Perfume and Body Mist,Spring,Casual
55848,Men,Foundation and Primer,Summer,Casual
55849,Women,Perfume and Body Mist,Spring,Casual
55850,Women,Perfume and Body Mist,Spring,Casual
55851,Women,Perfume and Body Mist,Spring,Casual
55852,Women,Perfume and Body Mist,Spring,Casual
55853,Women,Perfume and Body Mist,Spring,Casual
55854,Women,Perfume and Body Mist,Spring,Casual
55855,Women,Perfume and Body Mist,Spring,Casual
55856,Men,Perfume and Body Mist,Spring,Casual
55857,Women,Perfume and Body Mist,Spring,Casual
55858,Women,Perfume and Body Mist,Spring,Casual
55859,Women,Perfume and Body Mist,Spring,Casual
55860,Women,Perfume and Body Mist,Spring,Casual
55861,Men,Foundation and Primer,Spring,Casual
55862,Women,Perfume and Body Mist,Spring,Casual
55863,Women,Tshirts,Spring,Casual
55864,Men,Lipstick,Spring,Casual
55865,Women,Foundation and Primer,Spring,Casual
55866,Women,Perfume and Body Mist,Spring,Casual
55867,Boys,Foundation and Primer,Summer,Casual
55868,Women,Perfume and Body Mist,Spring,Casual
55869,Boys,Foundation and Primer,Summer,Casual
55870,Women,Pendant,Spring,Casual
55871,Women,Perfume and Body Mist,Spring,Casual
55872,Unisex,Perfume and Body Mist,Spring,Casual
55873,Women,Perfume and Body Mist,Spring,Casual
55874,Men,Foundation and Primer,Spring,Casual
55875,Women,Perfume and Body Mist,Spring,Casual
55876,Men,Perfume and Body Mist,Spring,Casual
55877,Women,Perfume and Body Mist,Spring,Casual
55878,Men,Perfume and Body Mist,Spring,Casual
55879,Men,Perfume and Body Mist,Spring,Casual
55880,Women,Perfume and Body Mist,Spring,Casual
55881,Women,Foundation and Primer,Spring,Casual
55882,Women,Perfume and Body Mist,Spring,Casual
55883,Boys,Tshirts,Summer,Casual
55884,Women,Perfume and Body Mist,Spring,Casual
55885,Women,Perfume and Body Mist,Spring,Casual
55886,Men,Perfume and Body Mist,Spring,Casual
55887,Men,Foundation and Primer,Spring,Casual
55888,Men,Perfume and Body Mist,Spring,Casual
55889,Men,Tshirts,Spring,Casual
55890,Women,Perfume and Body Mist,Spring,Casual
55891,Women,Perfume and Body Mist,Spring,Casual
55892,Women,Perfume and Body Mist,Spring,Casual
55893,Men,Perfume and Body Mist,Spring,Casual
55894,Men,Perfume and Body Mist,Spring,Casual
55895,Women,Perfume and Body Mist,Spring,Casual
55896,Men,Perfume and Body Mist,Spring,Casual
55897,Men,Perfume and Body Mist,Spring,Casual
55898,Boys,Tshirts,Summer,Casual
55899,Men,Lipstick,Spring,Casual
55900,Boys,Perfume and Body Mist,Spring,Casual
55901,Boys,Tshirts,Summer,Casual
55902,Men,Tshirts,Spring,Casual
55903,Women,Perfume and Body Mist,Spring,Casual
55904,Women,Tshirts,Spring,Casual
55905,Women,Foundation and Primer,Summer,Casual
55906,Women,Perfume and Body Mist,Spring,Casual
55907,Women,Perfume and Body Mist,Spring,Casual
55909,Women,Perfume and Body Mist,Spring,Casual
55910,Women,Perfume and Body Mist,Spring,Casual
55911,Women,Perfume and Body Mist,Spring,Casual
55912,Men,Perfume and Body Mist,Spring,Casual
55913,Women,Perfume and Body Mist,Spring,Casual
55914,Women,Perfume and Body Mist,Spring,Casual
55915,Women,Perfume and Body Mist,Spring,Casual
55916,Women,Perfume and Body Mist,Spring,Casual
55917,Women,Perfume and Body Mist,Spring,Casual
55918,Women,Perfume and Body Mist,Spring,Casual
55919,Women,Perfume and Body Mist,Spring,Casual
55920,Women,Perfume and Body Mist,Spring,Casual
55921,Men,Perfume and Body Mist,Spring,Casual
55922,Women,Perfume and Body Mist,Spring,Casual
55923,Women,Perfume and Body Mist,Spring,Casual
55924,Women,Perfume and Body Mist,Spring,Casual
55925,Women,Perfume and Body Mist,Spring,Casual
55926,Women,Perfume and Body Mist,Spring,Casual
55927,Women,Perfume and Body Mist,Spring,Casual
55928,Women,Perfume and Body Mist,Spring,Casual
55929,Women,Perfume and Body Mist,Spring,Casual
55930,Men,Perfume and Body Mist,Spring,Casual
55931,Women,Perfume and Body Mist,Spring,Casual
55932,Women,Perfume and Body Mist,Spring,Casual
55933,Women,Perfume and Body Mist,Spring,Casual
55935,Women,Perfume and Body Mist,Spring,Casual
55936,Women,Perfume and Body Mist,Spring,Casual
55937,Women,Perfume and Body Mist,Spring,Casual
55938,Women,Perfume and Body Mist,Spring,Casual
55939,Women,Perfume and Body Mist,Spring,Casual
55940,Women,Perfume and Body Mist,Spring,Casual
55941,Women,Perfume and Body Mist,Spring,Casual
55942,Women,Perfume and Body Mist,Spring,Casual
55943,Women,Perfume and Body Mist,Spring,Casual
55944,Men,Perfume and Body Mist,Spring,Casual
55945,Women,Perfume and Body Mist,Spring,Casual
55946,Women,Perfume and Body Mist,Spring,Casual
55947,Men,Perfume and Body Mist,Spring,Casual
55948,Men,Perfume and Body Mist,Spring,Casual
55949,Women,Perfume and Body Mist,Spring,Casual
55950,Women,Perfume and Body Mist,Spring,Casual
55951,Women,Perfume and Body Mist,Spring,Casual
55952,Women,Perfume and Body Mist,Spring,Casual
55953,Women,Perfume and Body Mist,Spring,Casual
55954,Women,Foundation and Primer,Spring,Casual
55955,Women,Perfume and Body Mist,Spring,Casual
55956,Men,Handbags,Spring,Casual
55957,Women,Lipstick,Spring,Casual
55958,Women,Lipstick,Summer,Casual
55959,Women,Lipstick,Spring,Casual
55960,Women,Lipstick,Spring,Casual
55961,Men,Lipstick,Spring,Casual
55962,Women,Foundation and Primer,Summer,Casual
55963,Women,Kajal and Eyeliner,Summer,Casual
55964,Women,Foundation and Primer,Summer,Casual
55965,Women,Lipstick,Spring,Casual
55966,Women,Lipstick,Spring,Casual
55967,Women,Lipstick,Spring,Casual
55968,Women,Lipstick,Spring,Casual
55969,Women,Lipstick,Spring,Casual
55970,Women,Lipstick,Spring,Casual
55971,Women,Lipstick,Spring,Casual
55972,Women,Lipstick,Summer,Casual
55973,Women,Lipstick,Spring,Casual
55974,Women,Lipstick,Spring,Casual
55975,Women,Lipstick,Spring,Casual
55976,Women,Lipstick,Summer,Casual
55977,Women,Perfume and Body Mist,Summer,Casual
55978,Women,Lipstick,Spring,Casual
55979,Women,Lipstick,Spring,Casual
55980,Women,Lipstick,Spring,Casual
55981,Women,Lipstick,Spring,Casual
55982,Women,Lipstick,Spring,Casual
55983,Women,Lipstick,Spring,Casual
55984,Women,Lipstick,Spring,Casual
55985,Women,Lipstick,Spring,Casual
55986,Women,Lipstick,Spring,Casual
55987,Women,Lipstick,Spring,Casual
55988,Women,Lipstick,Spring,Casual
55989,Women,Socks,Summer,Casual
55990,Women,Lipstick,Spring,Casual
55991,Women,Lipstick,Spring,Casual
55992,Women,Lipstick,Spring,Casual
55993,Women,Lipstick,Spring,Casual
55994,Women,Lipstick,Spring,Casual
55995,Women,Lipstick,Spring,Casual
55996,Women,Lipstick,Spring,Casual
55997,Women,Lipstick,Spring,Casual
55998,Women,Lipstick,Spring,Casual
55999,Women,Lipstick,Spring,Casual
56000,Women,Lipstick,Spring,Casual
56001,Women,Lipstick,Spring,Casual
56002,Women,Lipstick,Spring,Casual
56003,Women,Lipstick,Spring,Casual
56004,Women,Lipstick,Spring,Casual
56005,Women,Lipstick,Spring,Casual
56006,Women,Lipstick,Spring,Casual
56007,Women,Lipstick,Spring,Casual
56008,Women,Foundation and Primer,Summer,Casual
56009,Women,Lipstick,Spring,Casual
56010,Women,Lipstick,Spring,Casual
56011,Women,Lipstick,Spring,Casual
56012,Women,Lipstick,Summer,Casual
56013,Women,Lipstick,Spring,Casual
56014,Women,Lipstick,Spring,Casual
56015,Women,Lipstick,Spring,Casual
56016,Women,Earrings,Summer,Casual
56017,Women,Lipstick,Spring,Casual
56018,Women,Lipstick,Spring,Casual
56019,Women,Lipstick,Winter,Casual
56020,Women,Lipstick,Winter,Casual
56021,Women,Lipstick,Spring,Casual
56022,Women,Lipstick,Summer,Casual
56023,Women,Lipstick,Summer,Casual
56024,Women,Lipstick,Summer,Casual
56025,Women,Lipstick,Spring,Casual
56026,Women,Lipstick,Spring,Casual
56027,Women,Lipstick,Winter,Casual
56028,Women,Lipstick,Spring,Casual
56029,Women,Lipstick,Spring,Casual
56030,Women,Lipstick,Summer,Casual
56031,Women,Lipstick,Spring,Casual
56032,Women,Lipstick,Summer,Casual
56033,Women,Lipstick,Summer,Casual
56034,Women,Lipstick,Spring,Casual
56035,Women,Lipstick,Summer,Casual
56036,Women,Lipstick,Spring,Casual
56037,Women,Lipstick,Summer,Casual
56038,Women,Lipstick,Spring,Casual
56039,Unisex,Lipstick,Spring,Casual
56040,Women,Kajal and Eyeliner,Summer,Casual
56041,Women,Kajal and Eyeliner,Spring,Casual
56042,Women,Kajal and Eyeliner,Spring,Casual
56043,Women,Kajal and Eyeliner,Spring,Casual
56044,Women,Kajal and Eyeliner,Spring,Casual
56045,Women,Kajal and Eyeliner,Spring,Casual
56046,Women,Kajal and Eyeliner,Summer,Casual
56047,Women,Kajal and Eyeliner,Spring,Casual
56048,Women,Kajal and Eyeliner,Spring,Casual
56049,Women,Kajal and Eyeliner,Spring,Casual
56050,Women,Kajal and Eyeliner,Spring,Casual
56051,Women,Kajal and Eyeliner,Spring,Casual
56052,Women,Kajal and Eyeliner,Spring,Casual
56053,Women,Earrings,Spring,Casual
56054,Women,Lip Liner,Summer,Casual
56055,Women,Kajal and Eyeliner,Spring,Casual
56056,Women,Kajal and Eyeliner,Spring,Casual
56057,Women,Kajal and Eyeliner,Summer,Casual
56058,Women,Kajal and Eyeliner,Spring,Casual
56059,Women,Kajal and Eyeliner,Spring,Casual
56060,Women,Kajal and Eyeliner,Summer,Casual
56061,Women,Kajal and Eyeliner,Summer,Casual
56062,Women,Lip Liner,Spring,Casual
56063,Women,Kajal and Eyeliner,Summer,Casual
56064,Women,Lip Liner,Spring,Casual
56065,Women,Kajal and Eyeliner,Summer,Casual
56066,Women,Lipstick,Spring,Casual
56067,Women,Foundation and Primer,Summer,Casual
56068,Unisex,Dupatta,Spring,Casual
56069,Women,Kajal and Eyeliner,Winter,Casual
56070,Women,Kajal and Eyeliner,Spring,Casual
56071,Women,Kajal and Eyeliner,Summer,Casual
56072,Women,Perfume and Body Mist,Summer,Casual
56073,Women,Kajal and Eyeliner,Summer,Casual
56074,Women,Kajal and Eyeliner,Spring,Casual
56075,Women,Kajal and Eyeliner,Summer,Casual
56076,Women,Kajal and Eyeliner,Winter,Casual
56077,Women,Kajal and Eyeliner,Summer,Casual
56078,Women,Kajal and Eyeliner,Spring,Casual
56079,Women,Lipstick,Spring,Casual
56080,Women,Lipstick,Spring,Casual
56081,Women,Lipstick,Spring,Casual
56082,Women,Lipstick,Summer,Casual
56083,Women,Lipstick,Spring,Casual
56084,Women,Lipstick,Spring,Casual
56085,Women,Earrings,Summer,Casual
56086,Women,Lipstick,Spring,Casual
56087,Women,Lipstick,Spring,Casual
56088,Women,Lipstick,Spring,Casual
56089,Women,Lipstick,Spring,Casual
56090,Women,Lipstick,Spring,Casual
56091,Women,Lipstick,Spring,Casual
56092,Women,Lipstick,Spring,Casual
56093,Women,Lipstick,Spring,Casual
56094,Women,Lipstick,Spring,Casual
56095,Women,Lipstick,Spring,Casual
56096,Women,Lipstick,Spring,Casual
56097,Women,Lipstick,Spring,Casual
56098,Women,Lipstick,Spring,Casual
56099,Women,Lipstick,Spring,Casual
56100,Women,Lipstick,Spring,Casual
56101,Women,Lipstick,Spring,Casual
56102,Women,Lipstick,Spring,Casual
56103,Women,Earrings,Summer,Casual
56104,Women,Lipstick,Summer,Casual
56105,Women,Lipstick,Spring,Casual
56106,Women,Lipstick,Spring,Casual
56107,Women,Lipstick,Spring,Casual
56108,Women,Lipstick,Spring,Casual
56109,Women,Perfume and Body Mist,Summer,Casual
56110,Women,Perfume and Body Mist,Summer,Casual
56111,Unisex,Perfume and Body Mist,Summer,Casual
56112,Women,Perfume and Body Mist,Summer,Casual
56113,Women,Perfume and Body Mist,Summer,Casual
56114,Women,Perfume and Body Mist,Summer,Casual
56115,Women,Perfume and Body Mist,Spring,Casual
56116,Women,Perfume and Body Mist,Summer,Casual
56117,Women,Perfume and Body Mist,Summer,Casual
56118,Men,Perfume and Body Mist,Spring,Casual
56119,Men,Perfume and Body Mist,Spring,Casual
56120,Men,Perfume and Body Mist,Spring,Casual
56121,Women,Kajal and Eyeliner,Spring,Casual
56122,Men,Foundation and Primer,Spring,Casual
56123,Men,Foundation and Primer,Spring,Casual
56124,Men,Foundation and Primer,Spring,Casual
56125,Women,Gloves,Summer,Casual
56126,Women,Gloves,Summer,Casual
56127,Women,Kajal and Eyeliner,Spring,Casual
56128,Women,Kajal and Eyeliner,Spring,Casual
56129,Women,Kajal and Eyeliner,Spring,Casual
56133,Women,Foundation and Primer,Spring,Casual
56134,Women,Lipstick,Spring,Casual
56135,Women,Casual Shoes,Summer,Casual
56136,Women,Foundation and Primer,Summer,Casual
56137,Women,Foundation and Primer,Summer,Casual
56138,Women,Foundation and Primer,Summer,Casual
56139,Women,Casual Shoes,Summer,Casual
56140,Women,Perfume and Body Mist,Summer,Casual
56141,Women,Perfume and Body Mist,Summer,Casual
56142,Women,Foundation and Primer,Summer,Casual
56143,Women,Basketballs,Summer,Casual
56144,Women,Basketballs,Summer,Casual
56145,Men,Basketballs,Summer,Casual
56146,Women,Basketballs,Summer,Casual
56147,Women,Basketballs,Summer,Casual
56148,Women,Basketballs,Summer,Sports
56149,Men,Kajal and Eyeliner,Summer,Casual
56150,Women,Kajal and Eyeliner,Summer,Casual
56151,Women,Kajal and Eyeliner,Summer,Casual
56152,Women,Kajal and Eyeliner,Winter,Casual
56153,Women,Kajal and Eyeliner,Summer,Casual
56154,Men,Perfume and Body Mist,Summer,Casual
56155,Women,Kajal and Eyeliner,Spring,Casual
56156,Women,Kajal and Eyeliner,Winter,Casual
56157,Men,Perfume and Body Mist,Summer,Casual
56158,Women,Kajal and Eyeliner,Summer,Casual
56159,Women,Ties,Summer,Casual
56160,Women,Ties,Summer,Casual
56161,Women,Kajal and Eyeliner,Summer,Casual
56162,Women,Kajal and Eyeliner,Summer,Casual
56164,Women,Kajal and Eyeliner,Spring,Casual
56165,Women,Kajal and Eyeliner,Summer,Casual
56166,Women,Kajal and Eyeliner,Spring,Casual
56167,Women,Kajal and Eyeliner,Spring,Casual
56168,Women,Kajal and Eyeliner,Spring,Casual
56170,Women,Kajal and Eyeliner,Spring,Casual
56171,Women,Earrings,Summer,Casual
56172,Women,Kajal and Eyeliner,Spring,Casual
56173,Women,Lipstick,Summer,Casual
56174,Women,Earrings,Summer,Casual
56175,Women,Earrings,Summer,Casual
56176,Women,Earrings,Summer,Casual
56177,Women,Lipstick,Summer,Casual
56178,Women,Perfume and Body Mist,Spring,Casual
56179,Women,Foundation and Primer,Spring,Casual
56180,Men,Perfume and Body Mist,Spring,Casual
56181,Women,Foundation and Primer,Summer,Casual
56182,Women,Flats,Summer,Casual
56183,Women,Foundation and Primer,Summer,Casual
56184,Women,Foundation and Primer,Summer,Casual
56185,Women,Casual Shoes,Summer,Casual
56186,Women,Casual Shoes,Summer,Casual
56187,Women,Casual Shoes,Summer,Casual
56188,Women,Casual Shoes,Summer,Casual
56189,Women,Foundation and Primer,Summer,Casual
56190,Women,Socks,Summer,Casual
56191,Women,Socks,Summer,Casual
56192,Women,Socks,Summer,Casual
56193,Women,Foundation and Primer,Summer,Casual
56194,Women,Foundation and Primer,Summer,Casual
56195,Unisex,Basketballs,Summer,Casual
56196,Women,Foundation and Primer,Summer,Casual
56198,Women,Bangle,Winter,Casual
56199,Women,Jewellery Set,Winter,Casual
56201,Women,Jewellery Set,Winter,Casual
56202,Women,Pendant,Winter,Ethnic
56203,Women,Pendant,Winter,Ethnic
56205,Women,Pendant,Winter,Ethnic
56206,Women,Earrings,Winter,Ethnic
56207,Women,Pendant,Winter,Ethnic
56208,Women,Pendant,Winter,Ethnic
56209,Women,Pendant,Spring,Ethnic
56210,Women,Pendant,Winter,Ethnic
56211,Women,Pendant,Winter,Ethnic
56212,Women,Pendant,Winter,Casual
56213,Women,Earrings,Winter,Casual
56214,Women,Earrings,Winter,Ethnic
56215,Women,Earrings,Winter,Casual
56216,Women,Earrings,Winter,Ethnic
56217,Women,Jewellery Set,Winter,Casual
56218,Women,Jewellery Set,Winter,Casual
56219,Women,Jewellery Set,Winter,Casual
56220,Women,Jewellery Set,Winter,Casual
56221,Men,Night suits,Summer,Casual
56222,Men,Night suits,Summer,Casual
56223,Men,Night suits,Summer,Casual
56224,Men,Night suits,Summer,Casual
56225,Men,Tracksuits,Summer,Casual
56226,Men,Night suits,Summer,Casual
56227,Men,Night suits,Summer,Casual
56228,Men,Night suits,Summer,Casual
56229,Women,Night suits,Summer,Casual
56230,Men,Night suits,Summer,Casual
56231,Women,Night suits,Summer,Casual
56232,Men,Night suits,Summer,Casual
56233,Men,Tracksuits,Summer,Casual
56234,Men,Night suits,Summer,Casual
56235,Men,Jumpsuit,Summer,Casual
56236,Men,Night suits,Summer,Casual
56237,Women,Kurta Sets,Summer,Casual
56238,Men,Tracksuits,Summer,Casual
56239,Men,Night suits,Summer,Casual
56240,Men,Night suits,Summer,Casual
56241,Men,Night suits,Summer,Casual
56243,Men,Night suits,Summer,Casual
56244,Men,Night suits,Summer,Casual
56245,Men,Tracksuits,Summer,Casual
56247,Men,Night suits,Summer,Casual
56248,Women,Shorts,Summer,Casual
56249,Men,Night suits,Summer,Casual
56250,Men,Night suits,Summer,Casual
56251,Women,Night suits,Summer,Casual
56252,Women,Night suits,Summer,Casual
56253,Men,Night suits,Summer,Casual
56254,Men,Night suits,Summer,Casual
56255,Men,Night suits,Summer,Casual
56256,Women,Night suits,Summer,Casual
56257,Women,Night suits,Summer,Casual
56258,Men,Night suits,Summer,Casual
56260,Men,Night suits,Summer,Casual
56261,Men,Night suits,Summer,Casual
56262,Men,Night suits,Summer,Casual
56263,Women,Night suits,Summer,Casual
56265,Women,Night suits,Summer,Casual
56266,Men,Night suits,Summer,Casual
56267,Men,Night suits,Summer,Casual
56268,Men,Night suits,Summer,Casual
56269,Women,Night suits,Summer,Casual
56270,Women,Bra,Summer,Sports
56271,Women,Bra,Summer,Casual
56272,Women,Bra,Summer,Casual
56273,Women,Bra,Summer,Casual
56274,Women,Bra,Summer,Casual
56275,Women,Bra,Summer,Casual
56276,Women,Bra,Summer,Casual
56277,Women,Bra,Summer,Sports
56278,Women,Bra,Summer,Casual
56279,Women,Bra,Summer,Casual
56280,Women,Bra,Summer,Casual
56281,Women,Bra,Summer,Casual
56282,Women,Bra,Summer,Casual
56283,Women,Bra,Summer,Casual
56284,Women,Bra,Summer,Casual
56285,Women,Bra,Summer,Casual
56286,Women,Bra,Summer,Casual
56287,Women,Bra,Summer,Casual
56288,Women,Bra,Summer,Casual
56289,Women,Bra,Summer,Casual
56290,Women,Briefs,Summer,Casual
56291,Women,Briefs,Summer,Casual
56292,Women,Bra,Summer,Casual
56293,Women,Bra,Summer,Casual
56294,Women,Bra,Summer,Casual
56295,Women,Bra,Summer,Casual
56296,Women,Briefs,Summer,Casual
56297,Women,Briefs,Summer,Casual
56298,Women,Bra,Summer,Casual
56299,Women,Bra,Summer,Casual
56300,Women,Bra,Summer,Casual
56301,Women,Bra,Summer,Casual
56302,Women,Bra,Summer,Casual
56303,Women,Briefs,Summer,Casual
56304,Women,Briefs,Summer,Casual
56305,Men,Briefs,Summer,Casual
56306,Women,Bra,Summer,Casual
56307,Women,Bra,Summer,Casual
56308,Women,Briefs,Summer,Casual
56309,Women,Briefs,Summer,Casual
56310,Women,Bra,Summer,Casual
56311,Women,Bra,Summer,Casual
56312,Women,Watches,Winter,Casual
56313,Men,Watches,Winter,Casual
56314,Women,Watches,Winter,Casual
56315,Women,Watches,Summer,Casual
56316,Women,Watches,Summer,Casual
56317,Women,Watches,Winter,Casual
56318,Women,Watches,Winter,Casual
56319,Women,Watches,Winter,Casual
56320,Women,Watches,Winter,Casual
56321,Women,Watches,Winter,Casual
56322,Women,Watches,Summer,Casual
56323,Women,Watches,Winter,Casual
56324,Women,Watches,Winter,Casual
56326,Men,Watches,Summer,Casual
56327,Women,Watches,Winter,Casual
56329,Men,Watches,Winter,Casual
56330,Men,Watches,Winter,Casual
56331,Women,Watches,Winter,Casual
56332,Women,Watches,Summer,Casual
56333,Women,Watches,Winter,Casual
56335,Men,Watches,Winter,Casual
56336,Men,Watches,Winter,Casual
56337,Men,Watches,Winter,Casual
56338,Men,Watches,Winter,Casual
56339,Men,Watches,Winter,Casual
56340,Men,Watches,Winter,Casual
56341,Men,Watches,Winter,Casual
56342,Men,Watches,Winter,Casual
56343,Men,Watches,Winter,Casual
56344,Men,Watches,Winter,Casual
56346,Women,Watches,Winter,Casual
56348,Men,Watches,Winter,Casual
56349,Men,Perfume and Body Mist,Spring,Casual
56351,Men,Perfume and Body Mist,Spring,Casual
56352,Men,Perfume and Body Mist,Spring,Casual
56353,Men,Perfume and Body Mist,Spring,Casual
56354,Women,Perfume and Body Mist,Spring,Casual
56355,Men,Deodorant,Spring,Casual
56356,Men,Fragrance Gift Set,Spring,Casual
56359,Women,Perfume and Body Mist,Spring,Casual
56360,Women,Perfume and Body Mist,Spring,Casual
56361,Women,Perfume and Body Mist,Spring,Casual
56362,Men,Perfume and Body Mist,Spring,Casual
56363,Men,Perfume and Body Mist,Spring,Casual
56364,Women,Perfume and Body Mist,Spring,Casual
56365,Women,Perfume and Body Mist,Spring,Casual
56366,Men,Perfume and Body Mist,Spring,Casual
56367,Men,Perfume and Body Mist,Spring,Casual
56368,Men,Perfume and Body Mist,Spring,Casual
56375,Men,Perfume and Body Mist,Spring,Casual
56376,Men,Perfume and Body Mist,Spring,Casual
56377,Women,Perfume and Body Mist,Spring,Casual
56378,Women,Perfume and Body Mist,Spring,Casual
56379,Women,Perfume and Body Mist,Spring,Casual
56380,Women,Perfume and Body Mist,Spring,Casual
56381,Women,Perfume and Body Mist,Spring,Casual
56385,Men,Perfume and Body Mist,Spring,Casual
56386,Men,Perfume and Body Mist,Spring,Casual
56388,Men,Perfume and Body Mist,Spring,Casual
56389,Women,Perfume and Body Mist,Summer,Casual
56390,Men,Perfume and Body Mist,Summer,Casual
56391,Unisex,Perfume and Body Mist,Spring,Casual
56392,Women,Perfume and Body Mist,Spring,Casual
56393,Men,Perfume and Body Mist,Spring,Casual
56394,Women,Perfume and Body Mist,Spring,Casual
56395,Women,Perfume and Body Mist,Spring,Casual
56402,Women,Flats,Winter,Casual
56403,Women,Flats,Winter,Casual
56404,Women,Flats,Winter,Casual
56405,Women,Flats,Winter,Casual
56406,Women,Flats,Winter,Casual
56407,Women,Flats,Winter,Casual
56410,Men,Casual Shoes,Winter,Casual
56411,Men,Sandals,Spring,Casual
56412,Men,Sandals,Spring,Casual
56413,Men,Sandals,Winter,Casual
56414,Men,Sandals,Winter,Casual
56415,Men,Sandals,Summer,Casual
56416,Women,Bra,Summer,Casual
56417,Women,Bra,Summer,Casual
56418,Women,Bra,Summer,Casual
56419,Women,Bra,Summer,Casual
56420,Women,Bra,Summer,Casual
56421,Women,Bra,Summer,Casual
56422,Women,Bra,Summer,Casual
56423,Women,Bra,Summer,Casual
56424,Women,Foundation and Primer,Spring,Casual
56425,Women,Mobile Pouch,Spring,Casual
56427,Women,Mobile Pouch,Summer,Ethnic
56428,Women,Mobile Pouch,Spring,Casual
56429,Women,Ring,Summer,Casual
56432,Women,Perfume and Body Mist,Spring,Casual
56436,Women,Nail Polish,Spring,Casual
56440,Women,Nail Polish,Spring,Casual
56443,Women,Nail Polish,Spring,Casual
56444,Women,Nail Polish,Spring,Casual
56446,Men,Nail Polish,Spring,Casual
56447,Women,Perfume and Body Mist,Spring,Casual
56448,Women,Nail Polish,Spring,Casual
56450,Men,Nail Polish,Spring,Casual
56451,Men,Nail Polish,Spring,Casual
56452,Women,Nail Polish,Spring,Casual
56454,Women,Nail Polish,Spring,Casual
56455,Women,Perfume and Body Mist,Spring,Casual
56456,Women,Nail Polish,Spring,Casual
56458,Women,Nail Polish,Spring,Casual
56460,Men,Nail Polish,Spring,Casual
56461,Men,Nail Polish,Spring,Casual
56462,Men,Nail Polish,Spring,Casual
56463,Women,Nail Polish,Spring,Casual
56464,Men,Nail Polish,Spring,Casual
56465,Men,Nail Polish,Spring,Casual
56466,Men,Nail Polish,Spring,Casual
56467,Women,Nail Polish,Spring,Casual
56468,Women,Perfume and Body Mist,Spring,Casual
56469,Men,Nail Polish,Spring,Casual
56470,Women,Nail Polish,Spring,Casual
56471,Women,Nail Polish,Spring,Casual
56472,Men,Nail Polish,Spring,Casual
56473,Girls,Nail Polish,Spring,Casual
56474,Men,Nail Polish,Spring,Casual
56475,Women,Nail Polish,Spring,Casual
56476,Women,Nail Polish,Spring,Casual
56477,Men,Nail Polish,Spring,Casual
56478,Women,Perfume and Body Mist,Spring,Casual
56479,Women,Nail Polish,Spring,Casual
56480,Men,Nail Polish,Spring,Casual
56481,Women,Nail Polish,Spring,Casual
56482,Men,Nail Polish,Spring,Casual
56483,Men,Nail Polish,Spring,Casual
56484,Men,Nail Polish,Spring,Casual
56485,Men,Nail Polish,Spring,Casual
56486,Women,Nail Polish,Spring,Casual
56488,Women,Perfume and Body Mist,Spring,Casual
56489,Men,Nail Polish,Spring,Casual
56490,Men,Nail Polish,Spring,Casual
56491,Men,Nail Polish,Spring,Casual
56492,Men,Nail Polish,Spring,Casual
56493,Men,Nail Polish,Spring,Casual
56494,Men,Nail Polish,Spring,Casual
56495,Men,Nail Polish,Spring,Casual
56496,Men,Nail Polish,Spring,Casual
56497,Men,Nail Polish,Spring,Casual
56498,Men,Nail Polish,Spring,Casual
56499,Men,Nail Polish,Spring,Casual
56500,Men,Nail Polish,Spring,Casual
56501,Men,Nail Polish,Spring,Casual
56502,Men,Nail Polish,Spring,Casual
56503,Women,Nail Polish,Spring,Casual
56504,Women,Nail Polish,Spring,Casual
56505,Men,Nail Polish,Spring,Casual
56506,Women,Lip Liner,Spring,Casual
56507,Women,Lip Liner,Spring,Casual
56508,Women,Lipstick,Spring,Casual
56509,Women,Lipstick,Spring,Casual
56511,Women,Lipstick,Spring,Casual
56512,Women,Lipstick,Spring,Casual
56513,Women,Lipstick,Spring,Casual
56515,Men,Lipstick,Spring,Casual
56516,Men,Lipstick,Spring,Casual
56517,Women,Lipstick,Spring,Casual
56518,Men,Lipstick,Spring,Casual
56519,Men,Lipstick,Spring,Casual
56520,Women,Lipstick,Spring,Casual
56521,Women,Lipstick,Spring,Casual
56522,Women,Lipstick,Spring,Casual
56523,Women,Lipstick,Spring,Casual
56524,Women,Lipstick,Spring,Casual
56525,Women,Lipstick,Spring,Casual
56526,Women,Lipstick,Spring,Casual
56527,Women,Lipstick,Spring,Casual
56528,Women,Lipstick,Spring,Casual
56529,Women,Lipstick,Spring,Casual
56530,Women,Lipstick,Spring,Casual
56531,Women,Lipstick,Spring,Casual
56532,Women,Lipstick,Spring,Casual
56533,Women,Lipstick,Spring,Casual
56534,Women,Lipstick,Spring,Casual
56535,Women,Lipstick,Spring,Casual
56536,Women,Lipstick,Spring,Casual
56537,Women,Lipstick,Spring,Casual
56539,Women,Lipstick,Spring,Casual
56540,Women,Lipstick,Spring,Casual
56541,Women,Lipstick,Spring,Casual
56542,Women,Lipstick,Spring,Casual
56543,Women,Perfume and Body Mist,Spring,Casual
56544,Women,Kajal and Eyeliner,Spring,Casual
56545,Women,Kajal and Eyeliner,Spring,Casual
56546,Women,Shoe Accessories,Spring,Casual
56547,Women,Lip Liner,Spring,Casual
56548,Women,Lip Liner,Spring,Casual
56549,Women,Lip Liner,Spring,Casual
56550,Women,Kajal and Eyeliner,Spring,Casual
56551,Women,Deodorant,Spring,Casual
56553,Women,Deodorant,Spring,Casual
56554,Women,Deodorant,Spring,Casual
56555,Women,Kajal and Eyeliner,Spring,Casual
56556,Women,Lip Liner,Spring,Casual
56558,Women,Kajal and Eyeliner,Spring,Casual
56559,Women,Kajal and Eyeliner,Spring,Casual
56560,Women,Lipstick,Spring,Casual
56561,Women,Kajal and Eyeliner,Spring,Casual
56562,Women,Lip Liner,Spring,Casual
56563,Women,Kajal and Eyeliner,Spring,Casual
56564,Women,Kajal and Eyeliner,Spring,Casual
56565,Women,Kajal and Eyeliner,Spring,Casual
56566,Women,Kajal and Eyeliner,Spring,Casual
56568,Men,Foundation and Primer,Spring,Casual
56569,Men,Foundation and Primer,Summer,Casual
56570,Men,Foundation and Primer,Summer,Casual
56571,Men,Foundation and Primer,Spring,Casual
56572,Men,Foundation and Primer,Summer,Casual
56573,Men,Foundation and Primer,Spring,Casual
56574,Men,Sports Shoes,Summer,Casual
56575,Boys,Lipstick,Spring,Casual
56576,Boys,Lipstick,Spring,Casual
56579,Women,Perfume and Body Mist,Spring,Casual
56580,Women,Foundation and Primer,Summer,Casual
56581,Women,Flats,Winter,Casual
56582,Women,Gloves,Winter,Casual
56583,Women,Pendant,Spring,Casual
56584,Women,Lip Liner,Spring,Casual
56585,Women,Lip Liner,Spring,Casual
56588,Women,Kajal and Eyeliner,Spring,Casual
56590,Men,Perfume and Body Mist,Spring,Casual
56591,Boys,Perfume and Body Mist,Spring,Casual
56592,Women,Perfume and Body Mist,Spring,Casual
56593,Men,Wallets,Spring,Casual
56594,Women,Kajal and Eyeliner,Spring,Casual
56597,Women,Kajal and Eyeliner,Spring,Casual
56598,Women,Kajal and Eyeliner,Spring,Casual
56599,Women,Kajal and Eyeliner,Spring,Casual
56600,Women,Kajal and Eyeliner,Spring,Casual
56601,Women,Kajal and Eyeliner,Spring,Casual
56602,Women,Kajal and Eyeliner,Summer,Casual
56603,Women,Kajal and Eyeliner,Summer,Casual
56604,Women,Kajal and Eyeliner,Spring,Casual
56605,Women,Kajal and Eyeliner,Spring,Casual
56606,Women,Tops,Summer,Casual
56607,Girls,Casual Shoes,Summer,Casual
56608,Girls,Casual Shoes,Summer,Casual
56609,Women,Foundation and Primer,Summer,Casual
56610,Women,Foundation and Primer,Summer,Casual
56611,Girls,Foundation and Primer,Summer,Casual
56612,Women,Wallets,Summer,Casual
56613,Women,Wallets,Summer,Casual
56614,Women,Wallets,Summer,Casual
56615,Women,Perfume and Body Mist,Summer,Casual
56616,Women,Perfume and Body Mist,Summer,Casual
56617,Women,Perfume and Body Mist,Summer,Casual
56618,Women,Foundation and Primer,Summer,Casual
56619,Women,Foundation and Primer,Spring,Casual
56620,Women,Handbags,Summer,Casual
56622,Women,Shoe Accessories,Spring,Casual
56624,Men,Perfume and Body Mist,Spring,Casual
56626,Women,Nail Polish,Summer,Casual
56627,Women,Perfume and Body Mist,Spring,Casual
56631,Men,Deodorant,Spring,Casual
56632,Women,Shoe Accessories,Spring,Casual
56634,Women,Deodorant,Spring,Casual
56638,Women,Tunics,Summer,Ethnic
56639,Women,Tunics,Summer,Ethnic
56640,Women,Kurtas,Summer,Ethnic
56642,Women,Kurtis,Summer,Casual
56643,Women,Tops,Summer,Casual
56646,Women,Tops,Summer,Casual
56647,Women,Shirts,Summer,Casual
56649,Women,Tops,Summer,Casual
56650,Women,Shirts,Summer,Casual
56651,Women,Tops,Summer,Casual
56652,Men,Formal Shoes,Winter,Formal
56653,Men,Casual Shoes,Summer,Casual
56654,Men,Casual Shoes,Summer,Casual
56655,Men,Casual Shoes,Winter,Casual
56656,Men,Casual Shoes,Summer,Casual
56657,Men,Casual Shoes,Summer,Casual
56658,Men,Casual Shoes,Spring,Casual
56659,Men,Formal Shoes,Fall,Formal
56660,Men,Casual Shoes,Winter,Casual
56661,Men,Casual Shoes,Summer,Casual
56662,Men,Sports Shoes,Summer,Casual
56663,Men,Casual Shoes,Winter,Casual
56664,Men,Casual Shoes,Winter,Casual
56665,Men,Casual Shoes,Winter,Casual
56666,Men,Casual Shoes,Summer,Casual
56667,Men,Watches,Winter,Casual
56668,Women,Watches,Winter,Casual
56669,Men,Watches,Winter,Casual
56670,Men,Watches,Winter,Casual
56671,Men,Watches,Winter,Casual
56672,Men,Watches,Winter,Casual
56673,Men,Watches,Summer,Casual
56674,Men,Watches,Summer,Casual
56675,Men,Watches,Summer,Casual
56676,Men,Watches,Winter,Casual
56677,Men,Watches,Winter,Casual
56678,Men,Watches,Winter,Casual
56679,Women,Heels,Winter,Casual
56680,Women,Heels,Winter,Casual
56681,Men,Watches,Winter,Casual
56682,Men,Watches,Winter,Casual
56684,Women,Sarees,Summer,Ethnic
56685,Women,Sarees,Summer,Ethnic
56686,Women,Sarees,Summer,Ethnic
56687,Men,Kurtas,Summer,Casual
56688,Men,Kurtas,Summer,Ethnic
56689,Men,Kurtas,Summer,Sports
56691,Men,Kurtas,Summer,Ethnic
56692,Men,Kurtas,Summer,Sports
56693,Men,Shirts,Summer,Ethnic
56694,Men,Shirts,Summer,Casual
56695,Men,Shirts,Summer,Casual
56696,Men,Tshirts,Summer,Casual
56697,Men,Shirts,Summer,Casual
56698,Men,Tshirts,Summer,Casual
56699,Men,Shirts,Summer,Casual
56700,Men,Shirts,Summer,Casual
56701,Men,Shirts,Summer,Casual
56702,Men,Shirts,Summer,Casual
56703,Men,Shirts,Summer,Casual
56704,Men,Tshirts,Summer,Casual
56705,Women,Kurtas,Summer,Ethnic
56709,Women,Kurtas,Summer,Casual
56711,Women,Kurtas,Summer,Ethnic
56713,Women,Kurtas,Summer,Ethnic
56714,Women,Kurtas,Summer,Ethnic
56715,Women,Kurtas,Summer,Ethnic
56718,Women,Kurtas,Summer,Ethnic
56720,Men,Casual Shoes,Summer,Casual
56721,Men,Casual Shoes,Summer,Casual
56722,Men,Casual Shoes,Summer,Casual
56723,Men,Casual Shoes,Summer,Casual
56724,Men,Flip Flops,Spring,Casual
56725,Men,Tshirts,Summer,Casual
56733,Men,Tshirts,Summer,Casual
56734,Men,Tshirts,Summer,Casual
56736,Men,Tshirts,Summer,Casual
56752,Men,Tshirts,Summer,Casual
56753,Men,Tshirts,Summer,Casual
56765,Men,Shirts,Summer,Casual
56769,Men,Shirts,Summer,Casual
56770,Men,Shirts,Summer,Casual
56771,Men,Shirts,Summer,Casual
56787,Men,Shirts,Summer,Casual
56795,Men,Jeans,Summer,Casual
56798,Men,Jeans,Summer,Casual
56805,Women,Kurta Sets,Summer,Ethnic
56806,Women,Kurtas,Summer,Ethnic
56807,Women,Dresses,Summer,Ethnic
56808,Women,Kurtas,Summer,Ethnic
56809,Women,Kurtas,Summer,Ethnic
56810,Women,Kurtas,Summer,Ethnic
56811,Women,Kurtas,Summer,Ethnic
56812,Women,Kurtas,Summer,Ethnic
56813,Women,Kurtas,Summer,Ethnic
56814,Women,Kurtis,Summer,Ethnic
56815,Women,Kurtas,Summer,Ethnic
56816,Men,Shirts,Summer,Casual
56817,Men,Shirts,Summer,Casual
56818,Men,Shirts,Summer,Casual
56819,Men,Shirts,Summer,Casual
56820,Men,Shirts,Summer,Casual
56821,Men,Shorts,Summer,Casual
56822,Men,Shorts,Summer,Casual
56825,Men,Tshirts,Summer,Casual
56827,Men,Jeans,Fall,Casual
56828,Women,Jeans,Summer,Casual
56829,Men,Jeans,Summer,Casual
56843,Men,Jeans,Summer,Casual
56844,Men,Jeans,Summer,Casual
56845,Men,Jeans,Summer,Casual
56846,Men,Jeans,Fall,Casual
56847,Men,Jeans,Summer,Casual
56849,Men,Jeans,Summer,Casual
56850,Men,Jeans,Summer,Casual
56852,Women,Jeans,Summer,Casual
56854,Men,Shirts,Summer,Casual
56855,Men,Shirts,Summer,Casual
56856,Men,Flip Flops,Spring,Casual
56857,Men,Flip Flops,Spring,Casual
56858,Men,Flip Flops,Summer,Casual
56859,Women,Flats,Winter,Casual
56860,Women,Flats,Summer,Casual
56861,Women,Flats,Summer,Casual
56862,Women,Flats,Summer,Casual
56863,Women,Heels,Winter,Casual
56864,Women,Heels,Winter,Casual
56865,Women,Flats,Winter,Casual
56866,Women,Flats,Winter,Casual
56867,Unisex,Sandals,Winter,Casual
56868,Women,Flats,Winter,Casual
56869,Women,Flats,Winter,Casual
56870,Women,Flats,Winter,Casual
56871,Women,Flats,Winter,Casual
56872,Women,Heels,Winter,Casual
56873,Women,Flats,Spring,Casual
56874,Women,Heels,Summer,Casual
56875,Women,Heels,Winter,Casual
56876,Women,Heels,Winter,Casual
56877,Women,Heels,Winter,Casual
56878,Women,Heels,Winter,Casual
56879,Women,Heels,Winter,Casual
56880,Women,Heels,Winter,Casual
56881,Women,Heels,Winter,Casual
56882,Women,Heels,Winter,Casual
56883,Women,Heels,Winter,Casual
56884,Women,Heels,Winter,Casual
56885,Women,Heels,Winter,Casual
56886,Women,Flats,Winter,Casual
56887,Women,Heels,Winter,Casual
56888,Women,Flats,Winter,Casual
56889,Women,Flats,Winter,Casual
56890,Women,Flats,Winter,Casual
56891,Women,Flats,Winter,Casual
56893,Women,Flats,Winter,Casual
56894,Women,Heels,Winter,Casual
56895,Women,Heels,Winter,Casual
56896,Women,Flats,Winter,Casual
56897,Women,Heels,Winter,Casual
56898,Women,Heels,Winter,Casual
56899,Women,Heels,Winter,Casual
56900,Women,Heels,Winter,Casual
56901,Women,Heels,Winter,Casual
56902,Women,Heels,Winter,Casual
56903,Women,Heels,Winter,Casual
56904,Women,Flats,Winter,Casual
56905,Women,Flats,Winter,Casual
56906,Women,Flats,Winter,Casual
56907,Women,Heels,Winter,Casual
56908,Women,Heels,Summer,Casual
56909,Women,Flats,Spring,Casual
56910,Women,Flats,Winter,Casual
56911,Women,Heels,Summer,Casual
56912,Women,Heels,Winter,Casual
56913,Women,Heels,Summer,Casual
56914,Women,Flats,Winter,Casual
56915,Women,Heels,Winter,Casual
56916,Women,Flats,Winter,Casual
56917,Women,Flats,Winter,Casual
56918,Women,Flats,Winter,Casual
56919,Women,Heels,Winter,Casual
56920,Women,Heels,Winter,Casual
56921,Women,Heels,Winter,Casual
56922,Women,Heels,Winter,Casual
56923,Women,Flats,Winter,Casual
56924,Women,Heels,Winter,Casual
56925,Women,Flats,Winter,Casual
56926,Women,Flats,Winter,Casual
56927,Women,Heels,Winter,Casual
56928,Women,Flats,Winter,Casual
56929,Women,Heels,Winter,Casual
56930,Women,Heels,Winter,Casual
56931,Women,Heels,Winter,Casual
56932,Women,Flats,Winter,Casual
56933,Men,Heels,Winter,Casual
56934,Women,Heels,Winter,Casual
56935,Women,Flats,Spring,Casual
56936,Women,Flats,Winter,Casual
56937,Women,Flats,Winter,Casual
56938,Women,Heels,Winter,Casual
56939,Women,Flats,Winter,Casual
56940,Women,Flats,Winter,Casual
56941,Women,Heels,Winter,Casual
56942,Women,Heels,Winter,Casual
56943,Women,Heels,Summer,Casual
56944,Women,Heels,Winter,Casual
56945,Women,Heels,Winter,Casual
56946,Women,Heels,Winter,Casual
56947,Women,Heels,Winter,Casual
56948,Women,Heels,Summer,Casual
56949,Women,Flats,Winter,Casual
56950,Women,Heels,Winter,Casual
56951,Women,Heels,Winter,Casual
56952,Women,Flats,Winter,Casual
56953,Women,Heels,Summer,Casual
56954,Women,Heels,Winter,Casual
56955,Women,Flats,Winter,Casual
56956,Women,Flats,Winter,Casual
56957,Men,Heels,Winter,Casual
56958,Women,Heels,Winter,Casual
56959,Women,Heels,Summer,Casual
56960,Women,Heels,Summer,Casual
56961,Women,Flats,Winter,Casual
56962,Women,Heels,Winter,Casual
56963,Women,Heels,Winter,Casual
56964,Women,Heels,Spring,Casual
56965,Women,Flats,Summer,Casual
56966,Women,Flip Flops,Winter,Casual
56967,Women,Heels,Summer,Casual
56968,Women,Heels,Winter,Casual
56969,Women,Flats,Summer,Casual
56970,Women,Flats,Summer,Casual
56971,Women,Flats,Winter,Casual
56972,Women,Heels,Winter,Casual
56973,Women,Flats,Winter,Casual
56974,Women,Heels,Winter,Casual
56975,Women,Flats,Winter,Casual
56976,Women,Heels,Winter,Casual
56977,Women,Heels,Winter,Casual
56978,Women,Flats,Winter,Casual
56979,Women,Flats,Winter,Casual
56980,Women,Flats,Winter,Casual
56981,Women,Heels,Winter,Casual
56982,Women,Flats,Winter,Casual
56983,Women,Heels,Winter,Casual
56984,Women,Heels,Winter,Casual
56985,Women,Heels,Winter,Casual
56986,Women,Heels,Winter,Casual
56987,Women,Heels,Winter,Casual
56988,Women,Heels,Summer,Casual
56989,Women,Heels,Winter,Casual
56990,Women,Heels,Winter,Casual
56991,Women,Heels,Winter,Casual
56992,Women,Flats,Summer,Casual
56993,Women,Flats,Winter,Casual
56994,Women,Heels,Winter,Casual
56995,Women,Heels,Winter,Casual
56996,Women,Heels,Winter,Casual
56997,Women,Heels,Summer,Casual
56998,Women,Flats,Winter,Casual
56999,Women,Heels,Winter,Casual
57000,Women,Flats,Winter,Casual
57001,Women,Flats,Winter,Casual
57002,Women,Flats,Winter,Casual
57003,Women,Heels,Winter,Casual
57004,Women,Heels,Spring,Casual
57005,Women,Heels,Winter,Casual
57006,Women,Heels,Summer,Casual
57007,Women,Heels,Winter,Casual
57008,Women,Flats,Winter,Casual
57009,Women,Flats,Winter,Casual
57010,Women,Flats,Winter,Casual
57011,Women,Flats,Summer,Casual
57012,Women,Flats,Winter,Casual
57013,Women,Heels,Winter,Casual
57014,Women,Heels,Winter,Casual
57015,Men,Briefs,Summer,Casual
57016,Men,Briefs,Summer,Casual
57017,Men,Briefs,Summer,Casual
57018,Men,Briefs,Summer,Casual
57019,Men,Briefs,Summer,Casual
57021,Men,Briefs,Summer,Casual
57022,Men,Briefs,Summer,Casual
57023,Men,Briefs,Summer,Casual
57024,Men,Briefs,Summer,Casual
57025,Men,Briefs,Summer,Casual
57026,Men,Briefs,Summer,Casual
57027,Men,Briefs,Summer,Casual
57028,Men,Tshirts,Summer,Casual
57029,Men,Tops,Summer,Casual
57030,Women,Dresses,Summer,Casual
57031,Women,Dresses,Summer,Casual
57032,Women,Tops,Summer,Casual
57033,Men,Jackets,Summer,Casual
57034,Women,Jumpsuit,Summer,Casual
57035,Women,Dresses,Summer,Casual
57036,Women,Dresses,Summer,Ethnic
57037,Women,Dresses,Summer,Casual
57038,Women,Dresses,Summer,Ethnic
57039,Women,Dresses,Summer,Casual
57040,Women,Dresses,Summer,Casual
57041,Women,Dresses,Summer,Casual
57042,Women,Dresses,Summer,Casual
57043,Women,Dresses,Summer,Casual
57044,Women,Dresses,Summer,Casual
57045,Women,Dresses,Summer,Casual
57046,Women,Dresses,Summer,Casual
57047,Women,Dresses,Summer,Ethnic
57048,Women,Dresses,Summer,Casual
57049,Women,Dresses,Summer,Casual
57050,Women,Dresses,Summer,Casual
57051,Women,Dresses,Summer,Casual
57052,Women,Night suits,Summer,Ethnic
57053,Women,Dresses,Summer,Casual
57054,Women,Dresses,Summer,Casual
57055,Women,Dresses,Summer,Casual
57056,Women,Dresses,Summer,Casual
57057,Women,Dresses,Summer,Ethnic
57058,Women,Dresses,Summer,Casual
57059,Women,Dresses,Summer,Casual
57060,Women,Dresses,Summer,Casual
57061,Women,Dresses,Summer,Casual
57062,Women,Shirts,Summer,Casual
57063,Women,Sweaters,Fall,Casual
57064,Women,Sweaters,Summer,Casual
57065,Women,Tops,Summer,Casual
57066,Women,Shirts,Summer,Ethnic
57067,Women,Dresses,Summer,Casual
57068,Women,Sweaters,Summer,Casual
57069,Women,Tops,Summer,Casual
57070,Women,Leggings,Summer,Casual
57071,Women,Trousers,Summer,Casual
57072,Women,Jeans,Summer,Casual
57073,Women,Trousers,Summer,Casual
57074,Women,Jeans,Summer,Casual
57075,Women,Leggings,Fall,Casual
57076,Women,Jeans,Summer,Casual
57077,Men,Jeans,Summer,Casual
57078,Women,Dresses,Summer,Casual
57079,Women,Tops,Summer,Casual
57080,Women,Shirts,Summer,Casual
57081,Women,Tops,Summer,Casual
57082,Women,Shorts,Summer,Casual
57083,Women,Skirts,Summer,Casual
57084,Women,Skirts,Summer,Casual
57085,Men,Skirts,Summer,Casual
57086,Women,Skirts,Summer,Casual
57087,Women,Dresses,Summer,Casual
57088,Women,Skirts,Summer,Casual
57089,Women,Skirts,Summer,Formal
57090,Women,Lounge Shorts,Summer,Casual
57091,Women,Skirts,Summer,Casual
57092,Women,Dresses,Summer,Casual
57093,Women,Trousers,Summer,Casual
57094,Women,Lounge Shorts,Summer,Casual
57095,Women,Skirts,Summer,Casual
57096,Women,Lounge Pants,Summer,Ethnic
57097,Women,Capris,Summer,Casual
57099,Women,Skirts,Summer,Casual
57100,Women,Tops,Summer,Casual
57101,Women,Tops,Summer,Casual
57102,Women,Tshirts,Summer,Casual
57103,Women,Tops,Summer,Casual
57104,Men,Tops,Summer,Casual
57105,Women,Tops,Summer,Casual
57106,Women,Tops,Summer,Casual
57107,Men,Shirts,Summer,Casual
57108,Women,Tops,Summer,Casual
57109,Women,Kurtis,Summer,Casual
57110,Men,Shirts,Summer,Ethnic
57111,Women,Tops,Summer,Casual
57112,Women,Tops,Summer,Casual
57114,Women,Tops,Summer,Casual
57115,Women,Dresses,Summer,Casual
57116,Women,Tshirts,Summer,Casual
57117,Women,Tops,Summer,Casual
57118,Women,Tops,Summer,Casual
57119,Women,Tops,Summer,Casual
57120,Women,Tops,Summer,Casual
57121,Women,Tops,Summer,Casual
57122,Women,Tops,Summer,Casual
57123,Women,Tops,Summer,Casual
57124,Women,Kurtas,Summer,Casual
57125,Women,Tops,Summer,Casual
57126,Women,Tops,Summer,Casual
57127,Women,Tops,Summer,Casual
57128,Women,Tops,Summer,Casual
57129,Women,Tops,Summer,Casual
57130,Women,Shirts,Summer,Casual
57131,Women,Tshirts,Summer,Casual
57132,Women,Dresses,Summer,Casual
57133,Women,Kurtas,Summer,Casual
57134,Women,Tops,Summer,Casual
57135,Women,Tops,Summer,Casual
57136,Women,Jeans,Summer,Casual
57137,Women,Trousers,Summer,Casual
57138,Women,Trousers,Summer,Casual
57139,Men,Trousers,Fall,Casual
57140,Women,Leggings,Summer,Casual
57141,Women,Trousers,Summer,Casual
57142,Men,Innerwear Vests,Summer,Casual
57143,Women,Tops,Summer,Casual
57144,Women,Dresses,Summer,Casual
57145,Women,Tops,Summer,Casual
57146,Women,Tops,Summer,Casual
57147,Women,Tops,Summer,Casual
57148,Women,Tops,Summer,Casual
57149,Women,Tops,Summer,Casual
57150,Women,Tshirts,Summer,Casual
57151,Women,Tops,Summer,Casual
57152,Women,Tops,Summer,Casual
57153,Women,Tops,Summer,Casual
57154,Women,Tops,Summer,Casual
57155,Women,Tops,Summer,Casual
57156,Women,Tops,Summer,Casual
57157,Women,Tops,Summer,Casual
57158,Women,Tops,Summer,Casual
57159,Women,Tshirts,Summer,Casual
57160,Women,Tshirts,Summer,Casual
57161,Women,Tops,Summer,Casual
57162,Women,Tshirts,Summer,Casual
57163,Women,Tops,Summer,Casual
57164,Women,Tops,Summer,Casual
57165,Women,Tops,Summer,Casual
57166,Women,Tops,Summer,Casual
57167,Women,Innerwear Vests,Summer,Casual
57168,Women,Tops,Summer,Casual
57169,Women,Tops,Summer,Casual
57170,Women,Tshirts,Summer,Casual
57171,Women,Dresses,Summer,Ethnic
57172,Women,Tops,Summer,Casual
57173,Women,Tops,Summer,Casual
57174,Women,Tops,Summer,Casual
57175,Women,Tops,Summer,Casual
57176,Women,Tops,Summer,Casual
57177,Women,Kurtas,Summer,Ethnic
57178,Women,Shirts,Summer,Casual
57179,Women,Tops,Summer,Casual
57180,Women,Tops,Summer,Casual
57181,Women,Dresses,Summer,Casual
57182,Women,Dresses,Summer,Casual
57183,Women,Dresses,Summer,Casual
57184,Women,Dresses,Summer,Casual
57185,Women,Dresses,Summer,Casual
57186,Women,Dresses,Summer,Casual
57187,Women,Dresses,Summer,Casual
57188,Women,Tunics,Summer,Ethnic
57189,Women,Tops,Summer,Casual
57190,Women,Tops,Summer,Casual
57191,Women,Tops,Summer,Casual
57192,Women,Innerwear Vests,Summer,Casual
57193,Women,Tops,Summer,Casual
57194,Women,Tops,Summer,Ethnic
57195,Women,Dresses,Summer,Ethnic
57196,Women,Dresses,Summer,Casual
57197,Women,Tops,Summer,Casual
57198,Women,Tops,Summer,Ethnic
57199,Women,Dresses,Summer,Casual
57200,Women,Dresses,Summer,Casual
57201,Women,Tops,Summer,Casual
57202,Women,Kurtas,Summer,Casual
57203,Women,Dresses,Summer,Ethnic
57204,Women,Jeans,Summer,Casual
57205,Women,Capris,Summer,Casual
57207,Women,Capris,Summer,Casual
57208,Women,Jeggings,Summer,Casual
57209,Women,Jeans,Summer,Casual
57210,Women,Jeans,Summer,Casual
57211,Women,Jeans,Summer,Casual
57212,Women,Jeans,Summer,Casual
57213,Women,Jeans,Summer,Casual
57214,Women,Shorts,Summer,Casual
57215,Women,Trousers,Summer,Casual
57216,Women,Trousers,Summer,Casual
57217,Women,Capris,Summer,Casual
57218,Women,Capris,Summer,Casual
57225,Women,Handbags,Winter,Casual
57226,Women,Handbags,Summer,Casual
57229,Women,Handbags,Winter,Casual
57230,Women,Handbags,Winter,Casual
57231,Women,Handbags,Summer,Casual
57235,Women,Handbags,Winter,Casual
57236,Women,Handbags,Winter,Casual
57237,Women,Handbags,Winter,Casual
57238,Women,Handbags,Winter,Casual
57239,Women,Handbags,Summer,Casual
57240,Women,Handbags,Winter,Casual
57241,Women,Handbags,Winter,Casual
57242,Women,Handbags,Summer,Casual
57243,Women,Handbags,Winter,Casual
57244,Women,Handbags,Summer,Casual
57246,Women,Handbags,Winter,Casual
57247,Women,Handbags,Winter,Casual
57252,Women,Handbags,Winter,Casual
57253,Women,Handbags,Summer,Casual
57254,Women,Handbags,Winter,Casual
57255,Women,Handbags,Summer,Casual
57256,Women,Handbags,Summer,Casual
57258,Women,Handbags,Summer,Casual
57259,Women,Handbags,Winter,Casual
57261,Women,Handbags,Winter,Casual
57262,Women,Handbags,Winter,Casual
57263,Women,Handbags,Summer,Casual
57264,Women,Handbags,Winter,Casual
57266,Women,Handbags,Winter,Casual
57268,Men,Tshirts,Summer,Casual
57273,Men,Shirts,Summer,Casual
57274,Men,Shirts,Summer,Casual
57275,Men,Shirts,Summer,Casual
57276,Men,Shirts,Summer,Casual
57277,Men,Shirts,Summer,Casual
57280,Men,Shirts,Summer,Casual
57281,Men,Shirts,Summer,Casual
57282,Men,Shirts,Summer,Casual
57283,Men,Shirts,Summer,Casual
57284,Men,Shirts,Summer,Casual
57285,Men,Shirts,Summer,Casual
57286,Men,Shirts,Summer,Casual
57287,Men,Shirts,Summer,Casual
57288,Men,Tshirts,Summer,Casual
57289,Men,Shirts,Summer,Casual
57290,Men,Shirts,Summer,Casual
57291,Men,Shirts,Summer,Casual
57292,Men,Shirts,Summer,Casual
57293,Men,Shirts,Summer,Casual
57294,Men,Shirts,Summer,Casual
57295,Men,Shirts,Summer,Casual
57296,Men,Shirts,Summer,Casual
57297,Men,Shirts,Summer,Casual
57298,Women,Heels,Winter,Casual
57299,Women,Flats,Winter,Casual
57300,Women,Heels,Winter,Casual
57301,Women,Flats,Winter,Casual
57302,Women,Heels,Winter,Casual
57303,Women,Heels,Winter,Casual
57304,Women,Heels,Winter,Casual
57305,Women,Heels,Winter,Casual
57306,Women,Heels,Winter,Casual
57307,Women,Heels,Winter,Casual
57308,Women,Flats,Winter,Casual
57309,Women,Heels,Winter,Casual
57310,Men,Tshirts,Summer,Casual
57311,Women,Bra,Summer,Casual
57312,Women,Bra,Summer,Casual
57313,Women,Bra,Summer,Casual
57316,Women,Bra,Summer,Casual
57318,Women,Bra,Summer,Sports
57319,Women,Bra,Summer,Sports
57320,Women,Bra,Summer,Casual
57321,Women,Bra,Summer,Casual
57322,Women,Bra,Summer,Casual
57323,Women,Bra,Summer,Sports
57324,Women,Bra,Summer,Casual
57325,Women,Bra,Summer,Casual
57326,Women,Bra,Summer,Casual
57327,Women,Bra,Summer,Casual
57328,Women,Bra,Summer,Casual
57329,Women,Bra,Summer,Sports
57330,Women,Bra,Summer,Casual
57331,Women,Bra,Summer,Casual
57333,Women,Bra,Summer,Casual
57334,Women,Bra,Summer,Casual
57335,Women,Bra,Summer,Casual
57336,Women,Bra,Summer,Casual
57338,Women,Bra,Summer,Casual
57339,Women,Bra,Summer,Casual
57340,Women,Bra,Summer,Casual
57342,Women,Bra,Summer,Casual
57343,Women,Bra,Summer,Casual
57344,Women,Bra,Summer,Casual
57345,Women,Bra,Summer,Casual
57346,Women,Bra,Summer,Casual
57347,Women,Bra,Summer,Casual
57348,Women,Bra,Summer,Casual
57349,Women,Bra,Summer,Casual
57350,Women,Bra,Summer,Casual
57351,Women,Bra,Summer,Casual
57352,Women,Bra,Summer,Casual
57353,Women,Bra,Summer,Casual
57354,Women,Bra,Summer,Casual
57355,Women,Bra,Summer,Casual
57356,Women,Bra,Summer,Casual
57357,Women,Bra,Summer,Casual
57358,Women,Bra,Summer,Casual
57359,Women,Bra,Summer,Casual
57360,Women,Bra,Summer,Casual
57361,Women,Bra,Summer,Casual
57362,Women,Bra,Summer,Casual
57363,Women,Bra,Summer,Casual
57365,Women,Briefs,Summer,Casual
57366,Women,Briefs,Summer,Casual
57367,Women,Briefs,Summer,Casual
57368,Women,Briefs,Summer,Casual
57369,Women,Briefs,Summer,Casual
57370,Women,Briefs,Summer,Casual
57371,Women,Briefs,Summer,Casual
57372,Women,Briefs,Summer,Casual
57373,Women,Briefs,Summer,Casual
57374,Women,Briefs,Summer,Casual
57375,Women,Briefs,Summer,Casual
57376,Men,Briefs,Summer,Casual
57378,Women,Briefs,Summer,Casual
57379,Women,Briefs,Summer,Casual
57380,Women,Briefs,Summer,Casual
57382,Women,Briefs,Summer,Casual
57383,Men,Briefs,Summer,Casual
57384,Women,Briefs,Summer,Casual
57388,Women,Briefs,Summer,Casual
57389,Women,Briefs,Summer,Casual
57390,Women,Briefs,Summer,Casual
57391,Women,Briefs,Summer,Casual
57392,Women,Briefs,Summer,Casual
57393,Women,Briefs,Summer,Casual
57395,Women,Briefs,Summer,Casual
57397,Women,Briefs,Summer,Casual
57398,Women,Briefs,Summer,Casual
57399,Women,Briefs,Summer,Casual
57400,Women,Briefs,Summer,Casual
57401,Women,Briefs,Summer,Casual
57402,Women,Briefs,Summer,Casual
57403,Women,Briefs,Summer,Casual
57404,Women,Briefs,Summer,Casual
57405,Women,Briefs,Summer,Casual
57406,Women,Briefs,Summer,Casual
57407,Women,Briefs,Summer,Casual
57408,Women,Briefs,Summer,Casual
57409,Women,Briefs,Summer,Casual
57410,Women,Briefs,Summer,Casual
57411,Women,Briefs,Summer,Casual
57412,Women,Briefs,Summer,Casual
57413,Women,Briefs,Summer,Casual
57414,Women,Briefs,Summer,Casual
57415,Women,Briefs,Summer,Casual
57416,Women,Jumpsuit,Summer,Casual
57418,Women,Dresses,Summer,Casual
57419,Women,Nightdress,Summer,Casual
57420,Women,Tshirts,Summer,Casual
57421,Women,Tshirts,Summer,Casual
57422,Women,Tshirts,Summer,Casual
57423,Women,Tops,Summer,Casual
57424,Women,Tshirts,Summer,Casual
57425,Women,Tshirts,Summer,Casual
57426,Women,Tops,Summer,Casual
57427,Women,Tshirts,Summer,Casual
57428,Women,Tshirts,Summer,Casual
57429,Women,Tshirts,Summer,Casual
57430,Women,Tshirts,Summer,Casual
57431,Women,Tshirts,Summer,Casual
57432,Women,Tshirts,Summer,Casual
57433,Women,Tshirts,Summer,Casual
57434,Women,Tshirts,Summer,Casual
57435,Women,Tshirts,Summer,Casual
57436,Women,Tshirts,Summer,Casual
57437,Women,Tshirts,Summer,Casual
57438,Women,Tshirts,Summer,Casual
57439,Women,Tops,Summer,Casual
57440,Women,Tshirts,Summer,Casual
57441,Women,Tshirts,Summer,Casual
57442,Women,Tops,Summer,Casual
57443,Women,Tops,Summer,Casual
57444,Women,Tops,Summer,Casual
57445,Women,Tshirts,Summer,Casual
57446,Women,Tshirts,Summer,Casual
57447,Women,Tshirts,Summer,Casual
57448,Women,Tshirts,Summer,Casual
57449,Women,Tshirts,Summer,Casual
57450,Women,Tops,Summer,Casual
57457,Women,Handbags,Summer,Casual
57458,Women,Handbags,Winter,Casual
57459,Women,Handbags,Summer,Casual
57462,Women,Clutches,Winter,Casual
57463,Men,Belts,Summer,Casual
57466,Men,Flip Flops,Spring,Casual
57467,Women,Casual Shoes,Spring,Casual
57468,Men,Flip Flops,Summer,Casual
57469,Men,Casual Shoes,Summer,Casual
57470,Men,Casual Shoes,Summer,Casual
57471,Men,Casual Shoes,Winter,Casual
57475,Men,Sandals,Spring,Casual
57476,Men,Formal Shoes,Summer,Formal
57477,Men,Casual Shoes,Spring,Casual
57478,Men,Casual Shoes,Summer,Casual
57479,Unisex,Casual Shoes,Summer,Casual
57480,Men,Casual Shoes,Summer,Casual
57481,Women,Sports Shoes,Summer,Sports
57482,Men,Casual Shoes,Summer,Casual
57483,Men,Casual Shoes,Spring,Casual
57484,Men,Sandals,Spring,Casual
57487,Men,Formal Shoes,Winter,Formal
57488,Men,Casual Shoes,Summer,Formal
57489,Men,Casual Shoes,Summer,Formal
57490,Men,Formal Shoes,Summer,Formal
57491,Men,Formal Shoes,Summer,Formal
57492,Men,Formal Shoes,Winter,Formal
57493,Men,Formal Shoes,Spring,Formal
57494,Men,Formal Shoes,Winter,Formal
57495,Men,Formal Shoes,Summer,Formal
57496,Men,Formal Shoes,Summer,Formal
57497,Men,Formal Shoes,Winter,Formal
57498,Men,Formal Shoes,Summer,Formal
57499,Men,Formal Shoes,Summer,Formal
57500,Men,Sandals,Winter,Casual
57501,Men,Sandals,Winter,Casual
57502,Men,Sandals,Winter,Casual
57503,Men,Sandals,Winter,Casual
57504,Men,Sandals,Spring,Casual
57505,Men,Sandals,Summer,Casual
57506,Men,Sandals,Spring,Casual
57507,Men,Sandals,Winter,Casual
57508,Men,Sandals,Winter,Casual
57509,Men,Formal Shoes,Summer,Formal
57510,Men,Formal Shoes,Summer,Formal
57511,Men,Formal Shoes,Summer,Formal
57512,Men,Formal Shoes,Summer,Formal
57513,Men,Formal Shoes,Winter,Formal
57514,Men,Formal Shoes,Winter,Formal
57515,Men,Formal Shoes,Summer,Formal
57516,Men,Formal Shoes,Summer,Formal
57517,Men,Formal Shoes,Winter,Formal
57518,Men,Formal Shoes,Summer,Formal
57519,Men,Formal Shoes,Summer,Formal
57520,Men,Formal Shoes,Summer,Formal
57521,Men,Formal Shoes,Summer,Casual
57522,Men,Casual Shoes,Summer,Casual
57523,Men,Formal Shoes,Summer,Casual
57524,Men,Formal Shoes,Summer,Formal
57525,Men,Formal Shoes,Spring,Formal
57526,Men,Formal Shoes,Summer,Formal
57527,Men,Formal Shoes,Winter,Formal
57528,Men,Formal Shoes,Summer,Formal
57529,Men,Formal Shoes,Summer,Formal
57530,Men,Formal Shoes,Spring,Formal
57531,Men,Formal Shoes,Winter,Formal
57532,Men,Formal Shoes,Summer,Casual
57533,Men,Formal Shoes,Winter,Formal
57534,Men,Belts,Summer,Casual
57536,Women,Belts,Summer,Casual
57539,Men,Belts,Summer,Casual
57543,Women,Perfume and Body Mist,Spring,Casual
57544,Women,Perfume and Body Mist,Spring,Casual
57545,Women,Perfume and Body Mist,Spring,Casual
57547,Women,Lipstick,Spring,Casual
57548,Women,Perfume and Body Mist,Spring,Casual
57549,Women,Kajal and Eyeliner,Spring,Casual
57550,Men,Lipstick,Spring,Casual
57552,Women,Lipstick,Spring,Casual
57553,Women,Lipstick,Spring,Casual
57554,Women,Lipstick,Spring,Casual
57555,Women,Lipstick,Spring,Casual
57556,Women,Lipstick,Spring,Casual
57557,Women,Lipstick,Spring,Casual
57558,Women,Lipstick,Spring,Casual
57559,Women,Lipstick,Spring,Casual
57560,Women,Lipstick,Spring,Casual
57561,Women,Earrings,Spring,Casual
57562,Women,Lipstick,Spring,Casual
57563,Women,Foundation and Primer,Winter,Casual
57566,Women,Lipstick,Spring,Casual
57567,Women,Lipstick,Summer,Casual
57568,Women,Lipstick,Spring,Casual
57569,Women,Lipstick,Spring,Casual
57570,Women,Lipstick,Spring,Casual
57571,Women,Lipstick,Spring,Casual
57572,Women,Fragrance Gift Set,Summer,Casual
57573,Women,Lipstick,Spring,Casual
57574,Women,Lipstick,Spring,Casual
57575,Women,Earrings,Summer,Casual
57576,Women,Lipstick,Summer,Casual
57577,Women,Lipstick,Spring,Casual
57578,Women,Lipstick,Spring,Casual
57579,Women,Lipstick,Spring,Casual
57580,Women,Lipstick,Spring,Casual
57581,Unisex,Foundation and Primer,Summer,Casual
57582,Unisex,Lipstick,Summer,Casual
57583,Men,Lipstick,Summer,Casual
57584,Men,Lipstick,Spring,Casual
57586,Men,Lipstick,Spring,Casual
57587,Men,Lipstick,Spring,Casual
57588,Men,Lipstick,Summer,Casual
57589,Men,Lipstick,Spring,Casual
57591,Men,Lipstick,Summer,Casual
57592,Men,Lipstick,Spring,Casual
57593,Men,Lipstick,Spring,Casual
57594,Men,Lipstick,Spring,Casual
57595,Men,Lipstick,Spring,Casual
57596,Men,Lipstick,Summer,Casual
57597,Men,Lipstick,Spring,Casual
57598,Women,Earrings,Summer,Casual
57599,Men,Lipstick,Summer,Casual
57600,Men,Lipstick,Spring,Casual
57601,Men,Lipstick,Summer,Casual
57603,Men,Lipstick,Spring,Casual
57604,Women,Lipstick,Summer,Casual
57605,Men,Lipstick,Spring,Casual
57606,Men,Lipstick,Spring,Casual
57607,Women,Perfume and Body Mist,Spring,Casual
57608,Women,Perfume and Body Mist,Spring,Casual
57609,Women,Shoe Accessories,Spring,Casual
57610,Women,Shoe Accessories,Spring,Casual
57611,Women,Shoe Accessories,Spring,Casual
57613,Girls,Handbags,Summer,Casual
57614,Women,Shoe Accessories,Spring,Casual
57615,Women,Shoe Accessories,Summer,Casual
57616,Women,Shoe Accessories,Spring,Casual
57617,Women,Shoe Accessories,Spring,Casual
57619,Women,Deodorant,Summer,Casual
57620,Women,Perfume and Body Mist,Spring,Casual
57621,Women,Shoe Accessories,Spring,Casual
57622,Women,Foundation and Primer,Spring,Casual
57623,Men,Shoe Accessories,Spring,Casual
57624,Women,Perfume and Body Mist,Spring,Casual
57625,Women,Perfume and Body Mist,Summer,Casual
57627,Women,Perfume and Body Mist,Spring,Casual
57628,Women,Shoe Accessories,Spring,Casual
57629,Women,Shoe Accessories,Spring,Casual
57630,Women,Perfume and Body Mist,Summer,Casual
57631,Men,Lip Liner,Spring,Casual
57632,Women,Lip Liner,Spring,Casual
57633,Women,Lip Liner,Spring,Casual
57634,Women,Lip Liner,Spring,Casual
57635,Men,Lip Liner,Spring,Casual
57636,Women,Lip Liner,Spring,Casual
57637,Women,Lip Liner,Spring,Casual
57638,Women,Kajal and Eyeliner,Spring,Casual
57639,Women,Deodorant,Spring,Casual
57640,Men,Lip Liner,Spring,Casual
57642,Women,Lip Liner,Spring,Casual
57643,Men,Lip Liner,Spring,Casual
57644,Men,Lip Liner,Spring,Casual
57645,Men,Lip Liner,Spring,Casual
57646,Men,Lip Liner,Spring,Casual
57647,Men,Lip Liner,Spring,Casual
57649,Women,Kajal and Eyeliner,Spring,Casual
57650,Women,Deodorant,Spring,Casual
57651,Women,Lip Liner,Spring,Casual
57652,Men,Lip Liner,Spring,Casual
57653,Men,Lip Liner,Spring,Casual
57654,Women,Lip Liner,Spring,Casual
57655,Men,Lip Liner,Spring,Casual
57656,Women,Deodorant,Spring,Casual
57657,Women,Kajal and Eyeliner,Spring,Casual
57658,Men,Lip Liner,Spring,Casual
57660,Women,Lip Liner,Spring,Casual
57661,Women,Lip Liner,Spring,Casual
57662,Women,Lip Liner,Spring,Casual
57664,Women,Kajal and Eyeliner,Spring,Casual
57667,Women,Deodorant,Spring,Casual
57668,Women,Lip Liner,Spring,Casual
57669,Men,Lip Liner,Spring,Casual
57670,Men,Lip Liner,Spring,Casual
57671,Women,Kajal and Eyeliner,Spring,Casual
57672,Men,Lip Liner,Spring,Casual
57673,Women,Kajal and Eyeliner,Spring,Casual
57674,Women,Perfume and Body Mist,Spring,Casual
57675,Women,Perfume and Body Mist,Spring,Casual
57676,Women,Earrings,Spring,Casual
57677,Unisex,Handbags,Spring,Casual
57678,Women,Foundation and Primer,Spring,Casual
57679,Women,Perfume and Body Mist,Spring,Casual
57681,Women,Perfume and Body Mist,Spring,Casual
57683,Women,Perfume and Body Mist,Spring,Casual
57685,Women,Perfume and Body Mist,Spring,Casual
57687,Women,Perfume and Body Mist,Spring,Casual
57689,Women,Perfume and Body Mist,Spring,Casual
57690,Women,Perfume and Body Mist,Spring,Casual
57691,Women,Perfume and Body Mist,Spring,Casual
57692,Women,Shoe Accessories,Spring,Casual
57694,Women,Perfume and Body Mist,Spring,Casual
57696,Women,Perfume and Body Mist,Spring,Casual
57697,Women,Handbags,Spring,Casual
57698,Men,Perfume and Body Mist,Summer,Casual
57699,Women,Handbags,Spring,Casual
57700,Unisex,Wallets,Spring,Casual
57701,Women,Perfume and Body Mist,Spring,Casual
57702,Men,Foundation and Primer,Spring,Casual
57703,Women,Watches,Spring,Casual
57704,Men,Perfume and Body Mist,Spring,Casual
57705,Women,Foundation and Primer,Spring,Casual
57706,Women,Kajal and Eyeliner,Summer,Casual
57707,Women,Lip Liner,Spring,Casual
57708,Women,Lip Liner,Spring,Casual
57709,Women,Lip Liner,Spring,Casual
57710,Women,Lip Liner,Spring,Casual
57711,Women,Lip Liner,Spring,Casual
57712,Women,Lip Liner,Spring,Casual
57713,Women,Kajal and Eyeliner,Spring,Casual
57714,Women,Kajal and Eyeliner,Spring,Casual
57715,Women,Kajal and Eyeliner,Spring,Casual
57716,Women,Kajal and Eyeliner,Spring,Casual
57717,Women,Perfume and Body Mist,Spring,Formal
57718,Women,Perfume and Body Mist,Spring,Casual
57719,Women,Kajal and Eyeliner,Spring,Casual
57720,Women,Perfume and Body Mist,Spring,Casual
57721,Women,Kajal and Eyeliner,Spring,Casual
57724,Women,Kajal and Eyeliner,Spring,Casual
57725,Women,Perfume and Body Mist,Spring,Formal
57727,Women,Kajal and Eyeliner,Spring,Casual
57728,Women,Perfume and Body Mist,Spring,Casual
57729,Women,Perfume and Body Mist,Spring,Casual
57730,Women,Wallets,Spring,Casual
57731,Women,Perfume and Body Mist,Spring,Casual
57732,Women,Perfume and Body Mist,Spring,Casual
57733,Women,Perfume and Body Mist,Spring,Casual
57734,Women,Perfume and Body Mist,Spring,Casual
57735,Women,Perfume and Body Mist,Spring,Casual
57736,Women,Perfume and Body Mist,Spring,Casual
57737,Women,Perfume and Body Mist,Spring,Casual
57738,Men,Wallets,Summer,Casual
57739,Women,Shoe Accessories,Spring,Casual
57740,Women,Shoe Accessories,Spring,Casual
57741,Women,Shoe Accessories,Spring,Casual
57742,Women,Shoe Accessories,Spring,Casual
57743,Women,Shoe Accessories,Spring,Casual
57744,Women,Shoe Accessories,Spring,Casual
57745,Women,Lipstick,Summer,Casual
57746,Women,Lipstick,Summer,Casual
57747,Women,Lipstick,Summer,Casual
57749,Women,Foundation and Primer,Spring,Casual
57750,Women,Foundation and Primer,Spring,Casual
57752,Women,Perfume and Body Mist,Spring,Casual
57753,Women,Perfume and Body Mist,Spring,Casual
57754,Men,Deodorant,Spring,Casual
57755,Women,Perfume and Body Mist,Spring,Casual
57756,Men,Deodorant,Spring,Casual
57757,Women,Shoe Accessories,Spring,Casual
57758,Women,Deodorant,Spring,Casual
57759,Women,Shoe Accessories,Spring,Casual
57760,Women,Shoe Accessories,Spring,Casual
57761,Women,Perfume and Body Mist,Spring,Casual
57762,Women,Shoe Accessories,Spring,Casual
57763,Girls,Perfume and Body Mist,Spring,Casual
57764,Women,Deodorant,Spring,Casual
57765,Women,Shoe Accessories,Spring,Casual
57766,Women,Rompers,Spring,Casual
57767,Men,Deodorant,Spring,Casual
57768,Men,Deodorant,Spring,Casual
57770,Women,Perfume and Body Mist,Spring,Casual
57771,Women,Perfume and Body Mist,Spring,Casual
57772,Women,Deodorant,Spring,Casual
57773,Girls,Perfume and Body Mist,Spring,Casual
57774,Women,Shoe Accessories,Spring,Casual
57776,Women,Mobile Pouch,Spring,Casual
57777,Women,Foundation and Primer,Spring,Casual
57778,Boys,Perfume and Body Mist,Summer,Casual
57779,Boys,Perfume and Body Mist,Summer,Casual
57780,Women,Lip Liner,Spring,Casual
57781,Men,Perfume and Body Mist,Summer,Casual
57782,Women,Wallets,Winter,Casual
57783,Boys,Perfume and Body Mist,Spring,Casual
57784,Women,Perfume and Body Mist,Summer,Casual
57785,Women,Perfume and Body Mist,Summer,Casual
57786,Women,Perfume and Body Mist,Summer,Casual
57787,Women,Foundation and Primer,Summer,Casual
57788,Women,Foundation and Primer,Summer,Casual
57789,Women,Foundation and Primer,Summer,Casual
57790,Women,Foundation and Primer,Summer,Casual
57791,Women,Foundation and Primer,Spring,Casual
57792,Women,Foundation and Primer,Spring,Casual
57793,Women,Foundation and Primer,Spring,Casual
57794,Women,Perfume and Body Mist,Spring,Casual
57795,Unisex,Wallets,Spring,Casual
57796,Men,Perfume and Body Mist,Summer,Casual
57798,Women,Shoe Accessories,Spring,Casual
57800,Women,Foundation and Primer,Spring,Casual
57801,Women,Foundation and Primer,Spring,Casual
57802,Women,Foundation and Primer,Summer,Casual
57803,Women,Foundation and Primer,Summer,Casual
57804,Women,Foundation and Primer,Summer,Casual
57805,Women,Foundation and Primer,Spring,Casual
57810,Women,Tops,Summer,Casual
57811,Women,Dresses,Summer,Casual
57812,Women,Dresses,Summer,Casual
57815,Women,Tops,Summer,Casual
57816,Women,Tops,Summer,Casual
57817,Women,Jackets,Summer,Casual
57818,Women,Tops,Summer,Casual
57819,Women,Tunics,Summer,Casual
57820,Women,Tops,Summer,Casual
57823,Women,Tops,Summer,Casual
57824,Women,Jeggings,Summer,Casual
57832,Women,Tops,Summer,Casual
57833,Men,Tshirts,Summer,Casual
57834,Men,Shirts,Summer,Casual
57835,Women,Handbags,Summer,Casual
57836,Women,Mobile Pouch,Winter,Casual
57837,Men,Mobile Pouch,Summer,Casual
57838,Women,Handbags,Summer,Casual
57845,Women,Handbags,Summer,Casual
57846,Women,Waist Pouch,Spring,Casual
57847,Women,Waist Pouch,Summer,Casual
57849,Women,Heels,Winter,Casual
57850,Women,Heels,Winter,Casual
57851,Women,Casual Shoes,Summer,Casual
57852,Women,Heels,Winter,Casual
57853,Women,Heels,Winter,Casual
57854,Women,Heels,Winter,Casual
57855,Women,Flats,Winter,Casual
57856,Women,Heels,Summer,Casual
57857,Women,Heels,Winter,Casual
57858,Women,Flats,Winter,Casual
57859,Women,Perfume and Body Mist,Spring,Casual
57860,Women,Perfume and Body Mist,Spring,Casual
57861,Men,Deodorant,Spring,Casual
57862,Women,Perfume and Body Mist,Spring,Casual
57863,Women,Perfume and Body Mist,Summer,Casual
57864,Unisex,Deodorant,Spring,Casual
57865,Women,Perfume and Body Mist,Spring,Casual
57866,Men,Fragrance Gift Set,Spring,Casual
57867,Women,Perfume and Body Mist,Spring,Casual
57868,Women,Perfume and Body Mist,Spring,Casual
57869,Women,Lipstick,Spring,Casual
57870,Women,Perfume and Body Mist,Spring,Casual
57871,Women,Deodorant,Spring,Casual
57872,Women,Perfume and Body Mist,Spring,Casual
57873,Boys,Perfume and Body Mist,Spring,Casual
57874,Women,Perfume and Body Mist,Spring,Casual
57875,Women,Perfume and Body Mist,Spring,Casual
57876,Women,Perfume and Body Mist,Spring,Casual
57877,Men,Perfume and Body Mist,Spring,Casual
57878,Women,Perfume and Body Mist,Spring,Casual
57879,Men,Trunk,Spring,Casual
57880,Women,Wallets,Summer,Casual
57881,Women,Deodorant,Spring,Casual
57883,Women,Perfume and Body Mist,Spring,Casual
57884,Women,Perfume and Body Mist,Spring,Casual
57885,Unisex,Perfume and Body Mist,Summer,Casual
57886,Women,Mobile Pouch,Summer,Casual
57887,Men,Wallets,Spring,Casual
57888,Men,Fragrance Gift Set,Summer,Casual
57889,Unisex,Perfume and Body Mist,Summer,Casual
57890,Women,Briefs,Summer,Casual
57891,Women,Kajal and Eyeliner,Summer,Casual
57892,Women,Briefs,Summer,Casual
57893,Women,Leggings,Summer,Casual
57894,Women,Leggings,Summer,Casual
57895,Women,Tops,Summer,Ethnic
57896,Women,Shorts,Summer,Casual
57897,Women,Scarves,Summer,Casual
57898,Women,Tops,Summer,Casual
57899,Women,Leggings,Summer,Casual
57906,Men,Socks,Fall,Casual
57907,Women,Socks,Summer,Casual
57908,Men,Socks,Summer,Casual
57909,Women,Socks,Summer,Casual
57910,Men,Socks,Summer,Casual
57911,Women,Socks,Summer,Casual
57912,Men,Socks,Summer,Casual
57913,Men,Socks,Summer,Casual
57914,Men,Socks,Summer,Casual
57915,Men,Socks,Fall,Casual
57916,Unisex,Socks,Fall,Casual
57917,Men,Socks,Fall,Casual
57918,Men,Socks,Fall,Casual
57919,Men,Socks,Summer,Casual
57920,Men,Socks,Fall,Sports
57921,Unisex,Socks,Summer,Casual
57922,Women,Leggings,Summer,Casual
57923,Women,Leggings,Summer,Casual
57924,Women,Leggings,Summer,Casual
57925,Women,Leggings,Summer,Casual
57930,Men,Tshirts,Summer,Casual
57931,Men,Tshirts,Summer,Casual
57932,Men,Tshirts,Summer,Casual
57933,Men,Tshirts,Summer,Casual
57934,Men,Sandals,Winter,Casual
57935,Men,Sandals,Winter,Casual
57936,Men,Casual Shoes,Winter,Casual
57937,Men,Sports Shoes,Summer,Casual
57938,Men,Sandals,Winter,Casual
57939,Men,Casual Shoes,Winter,Casual
57940,Men,Sandals,Summer,Casual
57941,Men,Casual Shoes,Summer,Casual
57942,Men,Casual Shoes,Winter,Casual
57943,Men,Casual Shoes,Summer,Casual
57944,Men,Sandals,Summer,Casual
57945,Men,Sandals,Summer,Casual
57946,Men,Casual Shoes,Winter,Casual
57947,Men,Casual Shoes,Winter,Casual
57948,Men,Casual Shoes,Winter,Casual
57949,Men,Formal Shoes,Summer,Formal
57950,Men,Formal Shoes,Summer,Formal
57952,Women,Sarees,Summer,Ethnic
57953,Women,Sarees,Summer,Ethnic
57954,Women,Sarees,Summer,Casual
57956,Women,Sarees,Summer,Ethnic
57957,Women,Sarees,Summer,Ethnic
57958,Women,Sarees,Summer,Ethnic
57959,Women,Sarees,Fall,Ethnic
57960,Women,Sarees,Summer,Ethnic
57961,Women,Free Gifts,Fall,Ethnic
57962,Women,Sarees,Summer,Ethnic
57963,Women,Sarees,Summer,Ethnic
57964,Women,Sarees,Summer,Ethnic
57965,Women,Sarees,Summer,Ethnic
57966,Women,Sarees,Summer,Ethnic
57967,Women,Sarees,Summer,Ethnic
57968,Women,Sarees,Summer,Ethnic
57969,Women,Sarees,Summer,Ethnic
57970,Women,Sarees,Fall,Casual
57971,Women,Sarees,Summer,Ethnic
57972,Women,Sarees,Summer,Ethnic
57973,Women,Sarees,Summer,Ethnic
57974,Women,Sarees,Summer,Ethnic
57975,Women,Sarees,Summer,Ethnic
57976,Women,Sarees,Fall,Ethnic
57980,Girls,Tops,Summer,Casual
57981,Women,Tops,Summer,Casual
57982,Women,Tops,Summer,Casual
57983,Women,Shirts,Summer,Casual
57985,Women,Tops,Summer,Casual
57986,Women,Dresses,Summer,Casual
57987,Women,Dresses,Summer,Casual
57988,Women,Dresses,Summer,Casual
57989,Women,Dresses,Summer,Casual
57990,Women,Dresses,Summer,Casual
57991,Women,Dresses,Summer,Casual
57992,Women,Shirts,Summer,Casual
57993,Women,Dresses,Summer,Casual
57994,Women,Dresses,Summer,Casual
57995,Women,Dresses,Summer,Casual
57996,Women,Dresses,Summer,Casual
57997,Women,Dresses,Summer,Casual
57998,Women,Dresses,Summer,Casual
57999,Women,Dresses,Summer,Casual
58000,Women,Dresses,Summer,Ethnic
58001,Women,Dresses,Summer,Casual
58002,Women,Dresses,Summer,Casual
58003,Women,Dresses,Summer,Casual
58004,Women,Tops,Summer,Casual
58005,Women,Tops,Summer,Casual
58006,Women,Tops,Summer,Casual
58007,Women,Tops,Summer,Casual
58008,Women,Tops,Summer,Casual
58009,Women,Tops,Summer,Casual
58010,Women,Tops,Summer,Casual
58011,Women,Tops,Summer,Casual
58012,Women,Tops,Summer,Casual
58013,Women,Tops,Summer,Casual
58014,Women,Tops,Summer,Casual
58015,Women,Tops,Summer,Casual
58016,Women,Earrings,Winter,Casual
58017,Women,Earrings,Winter,Ethnic
58018,Women,Earrings,Winter,Casual
58020,Women,Earrings,Winter,Ethnic
58022,Women,Earrings,Winter,Casual
58023,Women,Earrings,Winter,Ethnic
58024,Women,Earrings,Winter,Ethnic
58027,Women,Earrings,Summer,Casual
58028,Women,Earrings,Summer,Ethnic
58030,Women,Earrings,Winter,Ethnic
58032,Women,Earrings,Winter,Ethnic
58035,Women,Sports Shoes,Summer,Casual
58037,Women,Earrings,Winter,Casual
58039,Women,Earrings,Summer,Ethnic
58041,Women,Earrings,Summer,Ethnic
58042,Women,Earrings,Winter,Ethnic
58044,Women,Earrings,Winter,Casual
58045,Women,Earrings,Winter,Casual
58046,Women,Earrings,Winter,Ethnic
58049,Women,Earrings,Winter,Casual
58050,Women,Earrings,Winter,Casual
58051,Women,Earrings,Winter,Casual
58052,Women,Earrings,Summer,Ethnic
58053,Women,Earrings,Summer,Ethnic
58057,Women,Earrings,Winter,Casual
58058,Women,Tshirts,Summer,Casual
58059,Women,Earrings,Summer,Ethnic
58060,Women,Earrings,Winter,Casual
58061,Women,Earrings,Winter,Casual
58062,Women,Earrings,Winter,Ethnic
58063,Women,Earrings,Winter,Casual
58071,Women,Earrings,Summer,Casual
58072,Women,Earrings,Summer,Casual
58073,Women,Earrings,Winter,Ethnic
58074,Women,Earrings,Winter,Casual
58075,Women,Earrings,Summer,Ethnic
58076,Women,Earrings,Winter,Ethnic
58078,Women,Earrings,Winter,Casual
58085,Women,Earrings,Winter,Ethnic
58086,Women,Earrings,Winter,Ethnic
58087,Women,Earrings,Winter,Ethnic
58093,Women,Earrings,Winter,Casual
58096,Women,Pendant,Winter,Casual
58097,Boys,Wallets,Summer,Casual
58098,Unisex,Cufflinks,Winter,Casual
58099,Unisex,Ring,Summer,Casual
58100,Unisex,Socks,Summer,Casual
58104,Women,Ring,Winter,Casual
58107,Women,Earrings,Winter,Ethnic
58108,Women,Earrings,Winter,Casual
58109,Women,Earrings,Summer,Casual
58110,Women,Earrings,Winter,Ethnic
58111,Women,Earrings,Winter,Ethnic
58112,Women,Earrings,Winter,Casual
58115,Women,Perfume and Body Mist,Summer,Casual
58116,Women,Pendant,Summer,Casual
58117,Women,Pendant,Summer,Casual
58118,Women,Pendant,Summer,Casual
58121,Women,Earrings,Fall,Ethnic
58123,Women,Earrings,Summer,Ethnic
58128,Women,Earrings,Winter,Ethnic
58129,Women,Earrings,Spring,Ethnic
58131,Women,Earrings,Winter,Casual
58132,Women,Earrings,Summer,Ethnic
58133,Women,Earrings,Winter,Ethnic
58135,Women,Earrings,Winter,Ethnic
58136,Women,Earrings,Winter,Ethnic
58137,Women,Earrings,Winter,Casual
58138,Women,Ring,Winter,Casual
58139,Men,Ring,Summer,Casual
58140,Women,Earrings,Winter,Ethnic
58141,Women,Earrings,Summer,Ethnic
58143,Unisex,Backpacks,Spring,Casual
58144,Women,Backpacks,Spring,Casual
58145,Unisex,Backpacks,Spring,Casual
58146,Unisex,Backpacks,Summer,Casual
58147,Men,Socks,Summer,Casual
58148,Men,Caps,Summer,Casual
58149,Unisex,Caps,Summer,Sports
58150,Unisex,Caps,Summer,Sports
58151,Unisex,Caps,Summer,Casual
58152,Unisex,Caps,Summer,Casual
58153,Unisex,Caps,Summer,Casual
58154,Unisex,Caps,Summer,Casual
58155,Women,Handbags,Summer,Casual
58156,Women,Handbags,Summer,Casual
58157,Women,Handbags,Summer,Casual
58158,Women,Dupatta,Summer,Casual
58159,Women,Wallets,Winter,Casual
58160,Women,Wallets,Summer,Casual
58161,Women,Wallets,Summer,Casual
58162,Girls,Clutches,Winter,Casual
58163,Women,Wallets,Summer,Casual
58164,Women,Wallets,Winter,Casual
58165,Women,Clutches,Spring,Casual
58166,Women,Wallets,Winter,Casual
58167,Women,Clutches,Spring,Casual
58168,Women,Clutches,Summer,Casual
58169,Women,Clutches,Summer,Casual
58170,Women,Wallets,Summer,Casual
58171,Women,Handbags,Summer,Casual
58172,Women,Handbags,Summer,Casual
58173,Women,Handbags,Winter,Casual
58174,Women,Handbags,Summer,Casual
58175,Women,Handbags,Winter,Casual
58176,Women,Handbags,Winter,Casual
58177,Women,Handbags,Winter,Casual
58178,Women,Handbags,Summer,Casual
58179,Women,Handbags,Winter,Casual
58180,Women,Handbags,Summer,Casual
58181,Women,Handbags,Summer,Casual
58182,Women,Handbags,Winter,Casual
58183,Women,Handbags,Summer,Casual
58184,Women,Handbags,Summer,Casual
58185,Women,Handbags,Summer,Casual
58186,Women,Handbags,Winter,Casual
58187,Women,Handbags,Summer,Casual
58188,Unisex,Handbags,Summer,Casual
58189,Women,Handbags,Summer,Casual
58190,Women,Handbags,Summer,Casual
58191,Women,Handbags,Winter,Casual
58194,Women,Handbags,Winter,Casual
58195,Women,Handbags,Summer,Casual
58196,Women,Handbags,Summer,Casual
58200,Men,Casual Shoes,Summer,Sports
58201,Unisex,Wallets,Summer,Casual
58202,Men,Belts,Summer,Casual
58203,Men,Belts,Summer,Casual
58204,Men,Belts,Summer,Formal
58205,Men,Belts,Summer,Formal
58206,Men,Belts,Winter,Casual
58207,Men,Belts,Summer,Casual
58208,Men,Belts,Summer,Casual
58209,Women,Patiala,Summer,Ethnic
58210,Women,Patiala,Summer,Ethnic
58211,Women,Patiala,Summer,Casual
58212,Women,Patiala,Summer,Casual
58213,Women,Patiala,Summer,Casual
58214,Women,Patiala,Summer,Ethnic
58215,Women,Patiala,Summer,Ethnic
58216,Women,Patiala,Summer,Casual
58218,Women,Patiala,Summer,Casual
58220,Women,Patiala,Summer,Casual
58222,Women,Jeans,Summer,Casual
58225,Men,Tshirts,Summer,Casual
58226,Men,Sandals,Winter,Casual
58227,Men,Sandals,Summer,Casual
58229,Men,Sandals,Summer,Casual
58231,Women,Flip Flops,Summer,Casual
58232,Men,Flip Flops,Summer,Casual
58233,Women,Wallets,Summer,Casual
58234,Women,Wallets,Winter,Casual
58235,Unisex,Wallets,Summer,Casual
58236,Unisex,Handbags,Summer,Casual
58237,Women,Wallets,Winter,Casual
58238,Women,Wallets,Winter,Casual
58239,Women,Clutches,Winter,Casual
58240,Women,Clutches,Summer,Casual
58241,Women,Wallets,Winter,Casual
58242,Women,Wallets,Summer,Casual
58243,Women,Wallets,Summer,Casual
58244,Women,Wallets,Summer,Casual
58245,Women,Wallets,Winter,Casual
58246,Women,Wallets,Winter,Casual
58247,Women,Wallets,Winter,Casual
58248,Women,Wallets,Winter,Casual
58249,Women,Wallets,Summer,Casual
58250,Women,Wallets,Summer,Casual
58251,Women,Wallets,Summer,Casual
58252,Men,Wallets,Summer,Casual
58253,Women,Wallets,Summer,Casual
58254,Women,Wallets,Winter,Casual
58255,Women,Clutches,Winter,Casual
58256,Women,Clutches,Winter,Casual
58257,Women,Wallets,Summer,Casual
58258,Women,Wallets,Winter,Casual
58259,Men,Laptop Bag,Winter,Casual
58260,Women,Wallets,Winter,Casual
58261,Women,Wallets,Winter,Casual
58262,Women,Clutches,Winter,Casual
58263,Women,Wallets,Summer,Casual
58264,Women,Handbags,Winter,Casual
58265,Women,Handbags,Winter,Casual
58266,Women,Handbags,Winter,Casual
58267,Women,Handbags,Winter,Casual
58268,Women,Handbags,Summer,Casual
58269,Women,Handbags,Winter,Casual
58270,Women,Clutches,Winter,Casual
58271,Women,Handbags,Summer,Casual
58272,Women,Handbags,Summer,Casual
58273,Women,Handbags,Winter,Casual
58274,Women,Handbags,Winter,Casual
58275,Women,Handbags,Summer,Casual
58276,Women,Handbags,Winter,Casual
58277,Men,Handbags,Winter,Casual
58278,Women,Handbags,Winter,Casual
58279,Women,Handbags,Summer,Casual
58280,Women,Handbags,Winter,Casual
58281,Women,Innerwear Vests,Summer,Casual
58282,Women,Innerwear Vests,Summer,Casual
58283,Women,Clutches,Summer,Casual
58284,Women,Clutches,Summer,Casual
58286,Women,Briefs,Summer,Casual
58291,Men,Socks,Summer,Casual
58292,Men,Socks,Summer,Casual
58293,Men,Socks,Summer,Casual
58294,Men,Socks,Summer,Casual
58295,Men,Socks,Summer,Casual
58296,Men,Socks,Summer,Casual
58297,Men,Socks,Summer,Casual
58298,Men,Socks,Summer,Sports
58299,Unisex,Socks,Summer,Casual
58300,Men,Socks,Summer,Casual
58301,Men,Socks,Fall,Casual
58304,Men,Socks,Summer,Casual
58305,Men,Socks,Summer,Casual
58306,Men,Socks,Summer,Casual
58307,Men,Socks,Summer,Casual
58308,Men,Socks,Summer,Casual
58309,Men,Socks,Summer,Casual
58310,Men,Socks,Summer,Casual
58311,Men,Socks,Summer,Casual
58312,Men,Socks,Summer,Casual
58313,Men,Socks,Fall,Sports
58314,Men,Socks,Summer,Sports
58315,Men,Socks,Summer,Sports
58316,Men,Socks,Summer,Sports
58317,Men,Socks,Summer,Sports
58318,Men,Socks,Summer,Sports
58319,Men,Socks,Fall,Sports
58320,Unisex,Socks,Summer,Casual
58321,Unisex,Socks,Fall,Sports
58322,Men,Socks,Fall,Sports
58323,Men,Socks,Summer,Casual
58324,Men,Flip Flops,Summer,Casual
58325,Women,Flip Flops,Spring,Casual
58326,Women,Flip Flops,Spring,Casual
58327,Women,Flip Flops,Spring,Casual
58328,Men,Flip Flops,Spring,Casual
58329,Men,Flip Flops,Summer,Casual
58330,Men,Flip Flops,Summer,Casual
58331,Men,Flip Flops,Summer,Casual
58332,Men,Sandals,Summer,Casual
58333,Men,Flip Flops,Spring,Casual
58334,Men,Flip Flops,Spring,Casual
58335,Men,Flip Flops,Spring,Casual
58336,Men,Flip Flops,Spring,Casual
58337,Women,Heels,Summer,Casual
58338,Women,Flip Flops,Spring,Casual
58339,Women,Flats,Spring,Casual
58340,Women,Flip Flops,Summer,Casual
58349,Men,Tshirts,Summer,Casual
58351,Men,Tshirts,Summer,Casual
58357,Men,Tshirts,Summer,Casual
58358,Men,Tshirts,Summer,Casual
58372,Men,Tops,Summer,Casual
58375,Men,Tshirts,Summer,Casual
58381,Men,Tshirts,Summer,Casual
58385,Men,Tshirts,Summer,Casual
58394,Men,Shirts,Summer,Casual
58395,Men,Shirts,Summer,Casual
58411,Men,Jeans,Summer,Casual
58418,Women,Jeans,Summer,Casual
58425,Women,Kurtas,Summer,Ethnic
58439,Women,Dresses,Summer,Casual
58444,Men,Watches,Winter,Casual
58445,Men,Watches,Winter,Casual
58446,Women,Kurtis,Fall,Ethnic
58447,Men,Watches,Winter,Casual
58448,Men,Watches,Winter,Casual
58449,Men,Watches,Winter,Casual
58450,Men,Watches,Winter,Casual
58451,Men,Watches,Winter,Casual
58452,Men,Watches,Winter,Casual
58453,Men,Watches,Winter,Casual
58454,Men,Watches,Winter,Casual
58455,Men,Watches,Winter,Casual
58456,Men,Watches,Winter,Casual
58458,Boys,Tshirts,Summer,Casual
58459,Boys,Tshirts,Summer,Casual
58460,Boys,Tshirts,Summer,Casual
58463,Men,Belts,Summer,Casual
58464,Men,Belts,Summer,Casual
58465,Men,Belts,Summer,Casual
58466,Men,Belts,Summer,Casual
58467,Men,Belts,Summer,Casual
58468,Women,Belts,Summer,Casual
58470,Men,Wallets,Summer,Casual
58471,Men,Wallets,Summer,Casual
58472,Men,Wallets,Summer,Casual
58473,Men,Wallets,Summer,Casual
58474,Men,Wallets,Winter,Casual
58475,Men,Wallets,Summer,Casual
58476,Men,Wallets,Summer,Casual
58477,Men,Wallets,Summer,Casual
58478,Men,Wallets,Summer,Casual
58479,Men,Wallets,Summer,Casual
58480,Men,Wallets,Summer,Casual
58481,Unisex,Wallets,Summer,Casual
58482,Men,Wallets,Summer,Casual
58483,Men,Wallets,Summer,Casual
58484,Men,Wallets,Summer,Casual
58485,Men,Wallets,Winter,Casual
58486,Men,Wallets,Summer,Casual
58487,Men,Wallets,Summer,Casual
58488,Women,Heels,Winter,Casual
58489,Women,Dresses,Summer,Casual
58490,Women,Tops,Summer,Casual
58491,Women,Shorts,Summer,Casual
58492,Women,Tops,Summer,Casual
58493,Women,Dresses,Summer,Casual
58494,Women,Sarees,Fall,Ethnic
58495,Women,Tops,Summer,Casual
58496,Women,Tshirts,Summer,Casual
58497,Women,Tops,Summer,Casual
58498,Women,Tops,Summer,Casual
58499,Women,Tops,Summer,Casual
58500,Women,Tops,Summer,Casual
58501,Women,Tops,Summer,Casual
58502,Women,Dresses,Summer,Casual
58503,Women,Dresses,Summer,Casual
58504,Women,Dresses,Summer,Casual
58505,Women,Dresses,Summer,Casual
58506,Women,Dresses,Summer,Ethnic
58507,Women,Tops,Summer,Casual
58508,Women,Tops,Summer,Casual
58509,Women,Dresses,Summer,Casual
58510,Women,Tops,Summer,Casual
58511,Women,Jackets,Summer,Casual
58512,Women,Tops,Summer,Casual
58513,Women,Tops,Summer,Casual
58514,Women,Tops,Summer,Casual
58515,Women,Tops,Summer,Casual
58516,Women,Tops,Summer,Casual
58517,Women,Tops,Summer,Casual
58518,Women,Tops,Summer,Casual
58519,Women,Necklace and Chains,Winter,Casual
58520,Women,Dresses,Summer,Casual
58521,Unisex,Socks,Summer,Casual
58522,Men,Travel Accessory,Summer,Casual
58523,Men,Clutches,Summer,Casual
58524,Women,Mobile Pouch,Summer,Casual
58525,Men,Clutches,Summer,Casual
58526,Men,Jackets,Summer,Casual
58527,Men,Sunglasses,Winter,Casual
58528,Women,Sunglasses,Winter,Casual
58529,Men,Sunglasses,Winter,Casual
58530,Men,Sunglasses,Winter,Casual
58531,Men,Sunglasses,Winter,Casual
58532,Men,Sunglasses,Winter,Casual
58533,Men,Sunglasses,Winter,Casual
58534,Men,Sunglasses,Winter,Casual
58535,Men,Sunglasses,Winter,Casual
58536,Men,Sunglasses,Winter,Casual
58537,Men,Sunglasses,Winter,Casual
58538,Men,Sunglasses,Winter,Casual
58539,Men,Sunglasses,Winter,Casual
58540,Men,Sunglasses,Winter,Casual
58541,Men,Sunglasses,Winter,Casual
58542,Men,Sunglasses,Winter,Casual
58543,Men,Sunglasses,Winter,Casual
58544,Women,Sunglasses,Winter,Casual
58545,Women,Sunglasses,Winter,Casual
58546,Women,Sunglasses,Winter,Casual
58547,Women,Sunglasses,Winter,Casual
58548,Women,Sunglasses,Winter,Casual
58549,Women,Sunglasses,Winter,Casual
58550,Women,Sunglasses,Winter,Casual
58551,Women,Sunglasses,Winter,Casual
58552,Women,Sunglasses,Winter,Casual
58553,Women,Sunglasses,Winter,Casual
58555,Men,Formal Shoes,Summer,Formal
58559,Men,Tshirts,Summer,Casual
58560,Women,Jeans,Summer,Casual
58561,Women,Jeans,Summer,Casual
58562,Women,Jeans,Summer,Casual
58563,Men,Shirts,Summer,Casual
58565,Men,Tshirts,Summer,Casual
58566,Men,Tshirts,Summer,Ethnic
58567,Women,Jumpsuit,Summer,Casual
58569,Men,Tshirts,Summer,Casual
58570,Men,Tshirts,Summer,Casual
58571,Men,Shorts,Summer,Casual
58573,Women,Tops,Summer,Casual
58574,Women,Tops,Summer,Casual
58576,Women,Tshirts,Summer,Casual
58577,Men,Tshirts,Summer,Casual
58581,Women,Ring,Winter,Casual
58586,Women,Necklace and Chains,Summer,Casual
58588,Women,Pendant,Summer,Casual
58589,Women,Necklace and Chains,Summer,Casual
58590,Women,Necklace and Chains,Fall,Casual
58591,Women,Pendant,Summer,Casual
58600,Women,Earrings,Summer,Casual
58603,Women,Earrings,Summer,Casual
58605,Women,Earrings,Winter,Ethnic
58606,Women,Earrings,Summer,Ethnic
58607,Women,Earrings,Winter,Ethnic
58608,Women,Earrings,Winter,Ethnic
58609,Women,Earrings,Winter,Ethnic
58610,Women,Earrings,Winter,Ethnic
58611,Women,Earrings,Winter,Casual
58612,Women,Earrings,Winter,Casual
58614,Women,Earrings,Winter,Casual
58615,Women,Earrings,Winter,Casual
58616,Women,Earrings,Winter,Ethnic
58618,Women,Earrings,Winter,Casual
58619,Women,Earrings,Winter,Casual
58620,Women,Earrings,Winter,Casual
58621,Men,Earrings,Winter,Casual
58622,Women,Bracelet,Summer,Casual
58624,Unisex,Basketballs,Summer,Sports
58625,Women,Bracelet,Summer,Casual
58626,Men,Belts,Summer,Casual
58627,Men,Belts,Summer,Casual
58628,Men,Belts,Summer,Casual
58629,Men,Sports Shoes,Summer,Casual
58634,Women,Socks,Summer,Casual
58635,Men,Socks,Summer,Casual
58636,Men,Socks,Summer,Casual
58637,Unisex,Socks,Summer,Casual
58638,Men,Socks,Summer,Sports
58639,Men,Socks,Summer,Sports
58640,Unisex,Socks,Summer,Casual
58641,Men,Socks,Summer,Casual
58642,Men,Socks,Summer,Casual
58643,Women,Kurtas,Summer,Casual
58644,Women,Kurtas,Summer,Casual
58645,Women,Kurtas,Summer,Casual
58646,Women,Kurtas,Summer,Casual
58647,Women,Kurtas,Summer,Casual
58648,Women,Tunics,Summer,Ethnic
58652,Women,Kurtas,Summer,Ethnic
58653,Women,Kurtas,Summer,Ethnic
58654,Women,Kurtas,Summer,Ethnic
58655,Women,Kurtas,Summer,Ethnic
58656,Women,Kurtas,Summer,Ethnic
58657,Women,Tunics,Summer,Casual
58658,Women,Kurtas,Summer,Ethnic
58659,Women,Tunics,Summer,Ethnic
58660,Women,Kurtas,Summer,Ethnic
58661,Women,Kurtas,Summer,Ethnic
58662,Women,Kurtas,Summer,Ethnic
58663,Women,Tunics,Summer,Ethnic
58664,Women,Kurtas,Summer,Ethnic
58666,Women,Kurtas,Summer,Ethnic
58667,Women,Kurtas,Summer,Ethnic
58668,Women,Dresses,Summer,Ethnic
58669,Women,Kurtas,Summer,Ethnic
58670,Women,Dresses,Summer,Ethnic
58671,Women,Kurtas,Summer,Ethnic
58672,Women,Tunics,Summer,Ethnic
58673,Women,Kurtas,Summer,Ethnic
58674,Women,Kurtas,Summer,Ethnic
58675,Women,Kurtas,Summer,Ethnic
58676,Women,Kurtas,Summer,Ethnic
58677,Women,Tunics,Summer,Ethnic
58678,Women,Tunics,Summer,Ethnic
58680,Women,Tunics,Summer,Ethnic
58681,Women,Kurtas,Summer,Ethnic
58682,Women,Kurtas,Summer,Ethnic
58683,Women,Kurtas,Summer,Ethnic
58684,Women,Tunics,Summer,Ethnic
58685,Women,Dresses,Summer,Casual
58686,Women,Kurtas,Summer,Casual
58687,Women,Stoles,Summer,Casual
58689,Women,Kurtas,Summer,Ethnic
58690,Women,Tunics,Summer,Ethnic
58691,Women,Tunics,Summer,Ethnic
58692,Women,Kurtas,Summer,Ethnic
58693,Women,Kurtas,Summer,Ethnic
58694,Women,Kurtas,Summer,Ethnic
58695,Women,Kurtas,Summer,Ethnic
58696,Women,Kurtas,Summer,Ethnic
58698,Women,Kurtas,Summer,Ethnic
58700,Women,Tunics,Summer,Ethnic
58701,Women,Kurtas,Summer,Ethnic
58702,Women,Tunics,Summer,Casual
58703,Women,Kurtas,Summer,Casual
58718,Women,Kurtas,Summer,Ethnic
58719,Women,Kurtas,Summer,Ethnic
58720,Men,Tshirts,Summer,Casual
58722,Men,Tshirts,Summer,Casual
58723,Men,Tshirts,Summer,Casual
58724,Men,Tshirts,Summer,Casual
58725,Men,Tshirts,Summer,Casual
58726,Men,Tshirts,Summer,Casual
58727,Women,Tshirts,Summer,Casual
58728,Women,Tops,Summer,Casual
58729,Women,Tshirts,Summer,Casual
58730,Women,Tops,Summer,Casual
58731,Women,Tshirts,Summer,Casual
58732,Men,Tshirts,Summer,Casual
58734,Men,Tshirts,Summer,Casual
58735,Women,Tshirts,Summer,Casual
58736,Women,Capris,Summer,Casual
58737,Women,Tops,Summer,Casual
58738,Women,Tops,Summer,Casual
58740,Men,Tshirts,Summer,Casual
58741,Men,Tshirts,Summer,Casual
58742,Men,Tshirts,Summer,Casual
58743,Men,Tshirts,Summer,Casual
58744,Men,Tshirts,Summer,Casual
58745,Men,Socks,Summer,Casual
58765,Men,Jackets,Summer,Casual
58770,Men,Shirts,Summer,Casual
58793,Men,Shirts,Summer,Casual
58794,Men,Shirts,Summer,Casual
58795,Men,Shirts,Summer,Casual
58796,Men,Shirts,Summer,Casual
58797,Men,Shirts,Summer,Casual
58798,Men,Shirts,Fall,Casual
58800,Men,Shirts,Summer,Casual
58801,Men,Shirts,Fall,Casual
58802,Men,Shirts,Summer,Casual
58805,Men,Shirts,Fall,Casual
58807,Men,Shirts,Summer,Casual
58808,Men,Shirts,Summer,Casual
58809,Men,Shirts,Summer,Casual
58810,Men,Shirts,Summer,Casual
58815,Women,Casual Shoes,Summer,Casual
58816,Women,Casual Shoes,Spring,Casual
58817,Women,Casual Shoes,Winter,Casual
58818,Women,Casual Shoes,Summer,Casual
58819,Women,Casual Shoes,Winter,Casual
58820,Men,Sandals,Summer,Casual
58821,Men,Watches,Winter,Casual
58822,Men,Watches,Winter,Casual
58823,Men,Watches,Winter,Casual
58825,Women,Watches,Summer,Casual
58827,Men,Watches,Winter,Casual
58828,Women,Watches,Winter,Casual
58829,Women,Watches,Winter,Casual
58830,Women,Watches,Summer,Casual
58831,Women,Watches,Winter,Casual
58832,Men,Watches,Winter,Casual
58833,Women,Earrings,Spring,Casual
58834,Women,Earrings,Spring,Casual
58835,Men,Cufflinks,Winter,Formal
58836,Women,Cufflinks,Winter,Formal
58837,Women,Cufflinks,Winter,Formal
58838,Men,Cufflinks,Winter,Formal
58839,Men,Cufflinks,Winter,Formal
58840,Men,Cufflinks,Winter,Casual
58841,Men,Cufflinks,Winter,Formal
58842,Men,Cufflinks,Winter,Formal
58843,Men,Cufflinks,Winter,Formal
58844,Men,Cufflinks,Winter,Formal
58845,Men,Cufflinks,Winter,Formal
58846,Men,Cufflinks,Winter,Formal
58847,Men,Cufflinks,Winter,Formal
58848,Men,Cufflinks,Winter,Formal
58849,Men,Cufflinks,Winter,Formal
58850,Men,Cufflinks,Winter,Formal
58851,Men,Cufflinks,Winter,Formal
58852,Men,Cufflinks,Winter,Formal
58853,Men,Cufflinks,Winter,Formal
58854,Men,Cufflinks,Winter,Formal
58855,Men,Cufflinks,Winter,Formal
58856,Men,Cufflinks,Winter,Formal
58857,Men,Cufflinks,Winter,Formal
58858,Men,Cufflinks,Winter,Formal
58859,Men,Cufflinks,Winter,Ethnic
58860,Men,Cufflinks,Winter,Formal
58861,Men,Cufflinks,Winter,Formal
58862,Women,Cufflinks,Winter,Casual
58863,Men,Cufflinks,Winter,Formal
58864,Men,Cufflinks,Winter,Formal
58865,Men,Cufflinks,Winter,Casual
58867,Women,Earrings,Winter,Formal
58868,Men,Earrings,Winter,Casual
58869,Men,Cufflinks,Winter,Formal
58870,Men,Cufflinks,Winter,Formal
58871,Men,Cufflinks,Winter,Formal
58872,Men,Ties,Summer,Casual
58873,Men,Ties,Summer,Casual
58874,Men,Ties,Summer,Formal
58875,Men,Ties,Summer,Formal
58876,Men,Ties,Summer,Casual
58877,Men,Ties,Summer,Formal
58878,Men,Ties,Summer,Formal
58879,Men,Ties,Summer,Casual
58880,Men,Ties,Summer,Formal
58881,Men,Ties,Summer,Formal
58882,Men,Ties,Summer,Formal
58883,Men,Ties,Summer,Formal
58884,Men,Ties,Summer,Formal
58885,Men,Ties,Summer,Formal
58886,Men,Ties,Summer,Casual
58887,Men,Ties,Summer,Formal
58888,Men,Ties,Summer,Formal
58889,Men,Ties,Summer,Formal
58890,Men,Ties,Summer,Casual
58891,Men,Ties,Summer,Formal
58892,Men,Ties,Summer,Formal
58893,Men,Ties,Summer,Formal
58894,Men,Ties,Summer,Formal
58895,Men,Ties,Summer,Casual
58896,Men,Ties,Summer,Casual
58897,Men,Ties,Summer,Formal
58898,Men,Ties,Summer,Formal
58899,Men,Ties,Summer,Formal
58900,Men,Ties,Summer,Casual
58901,Men,Ties,Summer,Formal
58902,Men,Ties,Summer,Formal
58903,Men,Ties,Summer,Casual
58904,Men,Ties,Summer,Formal
58905,Men,Ties,Summer,Casual
58906,Men,Ties,Summer,Casual
58907,Men,Ties,Summer,Casual
58908,Men,Ties,Summer,Formal
58909,Men,Ties,Summer,Formal
58910,Men,Ties,Summer,Casual
58911,Men,Ties,Summer,Formal
58912,Men,Ties,Summer,Formal
58913,Men,Ties,Summer,Formal
58914,Men,Ties,Summer,Formal
58915,Men,Ties,Summer,Formal
58916,Men,Ties,Summer,Formal
58917,Men,Ties,Summer,Formal
58918,Men,Ties,Summer,Formal
58919,Men,Ties,Summer,Formal
58920,Unisex,Accessory Gift Set,Fall,Casual
58921,Men,Accessory Gift Set,Summer,Casual
58922,Men,Accessory Gift Set,Summer,Casual
58923,Unisex,Accessory Gift Set,Summer,Casual
58924,Unisex,Accessory Gift Set,Summer,Casual
58925,Women,Handbags,Winter,Casual
58926,Men,Handbags,Summer,Casual
58928,Women,Clutches,Winter,Casual
58931,Women,Clutches,Winter,Casual
58932,Unisex,Clutches,Winter,Casual
58934,Men,Watches,Winter,Casual
58935,Men,Watches,Winter,Casual
58937,Men,Watches,Winter,Casual
58939,Men,Watches,Winter,Casual
58940,Men,Watches,Winter,Casual
58941,Men,Watches,Winter,Casual
58942,Women,Watches,Winter,Casual
58943,Women,Deodorant,Spring,Casual
58944,Women,Perfume and Body Mist,Spring,Casual
58945,Women,Deodorant,Spring,Casual
58946,Women,Perfume and Body Mist,Spring,Casual
58947,Women,Deodorant,Spring,Casual
58948,Women,Deodorant,Spring,Casual
58949,Women,Deodorant,Spring,Casual
58950,Women,Deodorant,Spring,Casual
58951,Men,Deodorant,Spring,Casual
58952,Men,Deodorant,Spring,Casual
58954,Men,Deodorant,Spring,Casual
58955,Men,Deodorant,Spring,Casual
58956,Men,Deodorant,Spring,Casual
58958,Men,Deodorant,Spring,Casual
58959,Women,Deodorant,Spring,Casual
58960,Men,Deodorant,Spring,Casual
58961,Women,Perfume and Body Mist,Spring,Casual
58962,Women,Perfume and Body Mist,Spring,Casual
58963,Men,Deodorant,Spring,Casual
58964,Women,Deodorant,Spring,Casual
58965,Women,Deodorant,Spring,Casual
58966,Women,Perfume and Body Mist,Spring,Casual
58967,Women,Deodorant,Spring,Casual
58968,Women,Perfume and Body Mist,Spring,Casual
58969,Men,Deodorant,Spring,Casual
58970,Women,Deodorant,Spring,Casual
58971,Women,Deodorant,Spring,Casual
58972,Women,Deodorant,Spring,Casual
58973,Women,Perfume and Body Mist,Spring,Casual
58974,Men,Deodorant,Spring,Casual
58975,Men,Deodorant,Spring,Casual
58976,Women,Deodorant,Spring,Casual
58977,Men,Deodorant,Spring,Casual
58978,Men,Deodorant,Spring,Casual
58979,Women,Deodorant,Spring,Casual
58980,Women,Deodorant,Spring,Casual
58981,Women,Deodorant,Spring,Casual
58982,Women,Deodorant,Spring,Casual
58983,Women,Deodorant,Spring,Casual
58984,Women,Deodorant,Spring,Casual
58985,Men,Deodorant,Spring,Casual
58986,Women,Deodorant,Spring,Casual
58987,Women,Deodorant,Spring,Casual
58988,Women,Deodorant,Spring,Casual
58989,Men,Perfume and Body Mist,Spring,Casual
58990,Men,Perfume and Body Mist,Spring,Casual
58991,Men,Deodorant,Spring,Casual
58992,Men,Deodorant,Spring,Casual
59002,Women,Deodorant,Spring,Casual
59003,Men,Deodorant,Spring,Casual
59004,Men,Deodorant,Spring,Casual
59005,Men,Deodorant,Spring,Casual
59006,Men,Deodorant,Spring,Casual
59008,Women,Sports Shoes,Fall,Sports
59010,Men,Sports Shoes,Summer,Sports
59011,Men,Sports Shoes,Summer,Sports
59012,Men,Sports Shoes,Summer,Sports
59013,Men,Sports Shoes,Fall,Sports
59014,Men,Sports Shoes,Fall,Sports
59015,Men,Sports Shoes,Fall,Sports
59016,Men,Sports Shoes,Spring,Sports
59017,Men,Flip Flops,Summer,Casual
59018,Women,Heels,Winter,Casual
59019,Women,Heels,Winter,Casual
59020,Women,Heels,Winter,Formal
59021,Women,Heels,Winter,Casual
59022,Women,Heels,Winter,Casual
59023,Women,Flip Flops,Winter,Casual
59024,Women,Heels,Winter,Casual
59025,Women,Heels,Spring,Casual
59026,Women,Heels,Winter,Casual
59027,Women,Heels,Winter,Casual
59028,Women,Heels,Winter,Casual
59029,Women,Heels,Winter,Casual
59030,Women,Heels,Winter,Casual
59031,Women,Heels,Winter,Casual
59032,Women,Heels,Winter,Casual
59033,Women,Heels,Winter,Casual
59034,Women,Heels,Winter,Casual
59035,Women,Heels,Winter,Casual
59036,Women,Flats,Winter,Casual
59037,Women,Heels,Spring,Casual
59038,Women,Flats,Winter,Casual
59039,Women,Flip Flops,Winter,Casual
59040,Women,Heels,Winter,Casual
59042,Women,Heels,Winter,Casual
59043,Women,Heels,Winter,Casual
59044,Women,Heels,Winter,Casual
59045,Women,Heels,Winter,Casual
59046,Women,Heels,Winter,Casual
59047,Women,Heels,Winter,Casual
59048,Women,Heels,Summer,Casual
59049,Women,Heels,Winter,Casual
59050,Women,Heels,Winter,Casual
59051,Women,Heels,Summer,Casual
59052,Women,Heels,Winter,Casual
59053,Women,Heels,Winter,Casual
59054,Women,Heels,Winter,Casual
59055,Women,Casual Shoes,Winter,Casual
59056,Women,Casual Shoes,Winter,Casual
59058,Women,Tops,Summer,Casual
59059,Women,Kurtas,Summer,Ethnic
59060,Women,Kurtas,Summer,Ethnic
59061,Women,Kurtas,Summer,Ethnic
59062,Women,Kurtas,Summer,Ethnic
59063,Women,Kurtas,Summer,Ethnic
59064,Women,Bra,Summer,Casual
59065,Women,Bra,Summer,Casual
59066,Women,Bra,Summer,Casual
59067,Women,Bra,Summer,Casual
59068,Women,Bra,Summer,Casual
59069,Women,Bra,Summer,Casual
59070,Women,Bra,Summer,Casual
59071,Women,Bra,Summer,Casual
59072,Women,Bra,Summer,Casual
59073,Women,Bra,Summer,Casual
59074,Women,Bra,Summer,Casual
59075,Women,Bra,Summer,Casual
59076,Women,Bra,Summer,Casual
59077,Women,Bra,Summer,Casual
59078,Women,Briefs,Summer,Casual
59079,Women,Briefs,Summer,Casual
59080,Women,Briefs,Summer,Casual
59081,Women,Bra,Summer,Casual
59082,Women,Bra,Summer,Casual
59083,Women,Bra,Summer,Casual
59084,Women,Bra,Summer,Casual
59085,Women,Briefs,Summer,Casual
59086,Women,Briefs,Summer,Casual
59087,Women,Bra,Summer,Casual
59088,Women,Bra,Summer,Casual
59089,Women,Briefs,Summer,Casual
59090,Women,Bra,Summer,Casual
59091,Women,Bra,Summer,Casual
59092,Women,Bra,Summer,Casual
59093,Women,Bra,Summer,Casual
59094,Women,Bra,Summer,Casual
59095,Women,Bra,Summer,Casual
59096,Women,Bra,Summer,Casual
59097,Women,Bra,Summer,Casual
59098,Women,Bra,Summer,Casual
59099,Women,Briefs,Summer,Casual
59100,Women,Briefs,Summer,Casual
59101,Women,Briefs,Summer,Casual
59102,Men,Sweatshirts,Summer,Casual
59103,Men,Jackets,Summer,Casual
59104,Men,Jackets,Summer,Casual
59105,Men,Jackets,Summer,Casual
59106,Men,Jackets,Summer,Casual
59112,Men,Jackets,Summer,Casual
59115,Men,Jackets,Summer,Casual
59116,Men,Jackets,Summer,Casual
59117,Men,Tshirts,Summer,Casual
59118,Men,Jackets,Summer,Casual
59119,Men,Jackets,Summer,Casual
59120,Men,Jackets,Summer,Casual
59121,Men,Jackets,Summer,Casual
59122,Men,Jackets,Summer,Casual
59123,Men,Jackets,Summer,Casual
59124,Men,Jackets,Summer,Casual
59126,Men,Tshirts,Summer,Casual
59127,Men,Jackets,Summer,Casual
59128,Men,Jackets,Summer,Casual
59129,Men,Jackets,Summer,Casual
59130,Men,Jackets,Summer,Casual
59131,Men,Jackets,Summer,Casual
59132,Men,Shirts,Summer,Casual
59133,Men,Jackets,Summer,Casual
59142,Women,Flats,Winter,Casual
59143,Women,Flats,Winter,Casual
59144,Women,Heels,Winter,Casual
59145,Women,Heels,Winter,Casual
59146,Women,Flats,Spring,Casual
59147,Women,Heels,Spring,Casual
59149,Men,Formal Shoes,Winter,Formal
59160,Men,Formal Shoes,Summer,Formal
59161,Men,Formal Shoes,Winter,Formal
59165,Women,Heels,Spring,Casual
59166,Men,Formal Shoes,Summer,Formal
59167,Men,Formal Shoes,Winter,Formal
59172,Men,Formal Shoes,Winter,Formal
59173,Men,Formal Shoes,Summer,Formal
59174,Men,Formal Shoes,Summer,Formal
59175,Men,Formal Shoes,Spring,Casual
59176,Men,Casual Shoes,Winter,Casual
59177,Men,Casual Shoes,Winter,Casual
59178,Men,Casual Shoes,Winter,Casual
59181,Men,Formal Shoes,Summer,Casual
59185,Men,Casual Shoes,Spring,Casual
59187,Women,Heels,Winter,Casual
59188,Women,Heels,Winter,Casual
59190,Men,Sandals,Winter,Casual
59212,Women,Heels,Winter,Casual
59213,Women,Watches,Winter,Casual
59214,Men,Watches,Winter,Casual
59215,Men,Watches,Winter,Casual
59216,Men,Watches,Winter,Casual
59217,Men,Watches,Winter,Casual
59218,Men,Watches,Winter,Casual
59219,Men,Watches,Winter,Casual
59220,Women,Watches,Winter,Casual
59221,Women,Watches,Winter,Casual
59222,Women,Watches,Winter,Casual
59223,Women,Watches,Winter,Casual
59224,Women,Watches,Winter,Casual
59225,Women,Watches,Winter,Casual
59226,Women,Watches,Winter,Casual
59227,Women,Watches,Winter,Casual
59228,Women,Watches,Winter,Casual
59229,Men,Watches,Winter,Casual
59230,Men,Watches,Winter,Casual
59231,Men,Watches,Winter,Casual
59232,Men,Watches,Winter,Casual
59233,Men,Watches,Winter,Casual
59235,Men,Watches,Winter,Casual
59236,Men,Watches,Winter,Casual
59237,Men,Watches,Summer,Casual
59238,Men,Watches,Winter,Casual
59239,Men,Watches,Winter,Casual
59240,Men,Watches,Winter,Casual
59241,Men,Watches,Summer,Casual
59242,Men,Watches,Winter,Casual
59243,Men,Watches,Winter,Casual
59244,Men,Watches,Winter,Casual
59245,Men,Watches,Winter,Casual
59246,Men,Watches,Winter,Casual
59247,Men,Watches,Winter,Casual
59248,Men,Watches,Winter,Casual
59249,Men,Watches,Winter,Casual
59250,Men,Watches,Winter,Casual
59251,Men,Watches,Summer,Casual
59252,Men,Watches,Winter,Casual
59253,Men,Watches,Winter,Casual
59254,Men,Watches,Winter,Casual
59255,Men,Watches,Winter,Casual
59256,Men,Watches,Winter,Casual
59257,Women,Watches,Winter,Casual
59258,Women,Watches,Winter,Casual
59259,Women,Watches,Winter,Casual
59260,Women,Watches,Winter,Casual
59261,Women,Watches,Winter,Casual
59262,Men,Watches,Winter,Casual
59263,Women,Watches,Winter,Casual
59264,Women,Watches,Winter,Casual
59265,Women,Watches,Winter,Casual
59266,Men,Watches,Winter,Casual
59267,Women,Watches,Winter,Casual
59268,Women,Watches,Summer,Casual
59269,Women,Watches,Winter,Casual
59270,Men,Watches,Winter,Casual
59271,Women,Watches,Winter,Casual
59272,Women,Watches,Winter,Casual
59273,Women,Watches,Winter,Casual
59274,Men,Watches,Winter,Casual
59275,Women,Watches,Summer,Casual
59276,Women,Watches,Winter,Casual
59277,Men,Watches,Winter,Casual
59278,Women,Watches,Winter,Casual
59279,Women,Watches,Summer,Casual
59280,Women,Watches,Winter,Casual
59281,Men,Watches,Winter,Casual
59282,Men,Sandals,Summer,Casual
59283,Men,Watches,Winter,Casual
59284,Men,Watches,Winter,Casual
59286,Women,Watches,Winter,Casual
59287,Women,Watches,Winter,Casual
59290,Women,Watches,Winter,Casual
59291,Women,Watches,Winter,Casual
59292,Women,Watches,Winter,Casual
59293,Men,Watches,Winter,Casual
59294,Men,Shirts,Summer,Casual
59295,Men,Shirts,Summer,Casual
59296,Men,Shirts,Summer,Casual
59297,Men,Shirts,Summer,Casual
59298,Men,Shirts,Summer,Casual
59299,Men,Shirts,Summer,Casual
59300,Men,Tshirts,Summer,Casual
59301,Men,Shirts,Summer,Casual
59302,Men,Tshirts,Summer,Casual
59303,Men,Shirts,Summer,Casual
59304,Men,Shirts,Summer,Casual
59305,Men,Shirts,Summer,Casual
59306,Men,Tshirts,Summer,Casual
59311,Men,Sandals,Spring,Casual
59312,Men,Sandals,Winter,Casual
59315,Women,Casual Shoes,Summer,Casual
59323,Men,Sandals,Summer,Casual
59324,Men,Sandals,Summer,Casual
59326,Women,Flats,Summer,Casual
59329,Men,Sports Shoes,Fall,Casual
59330,Men,Casual Shoes,Summer,Casual
59338,Women,Casual Shoes,Summer,Casual
59342,Men,Casual Shoes,Summer,Casual
59349,Men,Sandals,Spring,Casual
59352,Women,Kurtas,Summer,Ethnic
59353,Women,Kurtas,Summer,Ethnic
59354,Women,Kurtas,Summer,Ethnic
59355,Women,Kurtas,Summer,Ethnic
59356,Women,Kurtas,Summer,Ethnic
59357,Women,Kurtas,Summer,Ethnic
59358,Women,Dresses,Summer,Casual
59359,Women,Kurtas,Summer,Ethnic
59360,Women,Kurtas,Summer,Ethnic
59361,Women,Kurtas,Summer,Ethnic
59362,Women,Kurtas,Summer,Ethnic
59363,Women,Kurtas,Summer,Ethnic
59364,Women,Kurtas,Summer,Ethnic
59365,Women,Dupatta,Summer,Ethnic
59366,Men,Kurtas,Summer,Ethnic
59367,Women,Kurtas,Summer,Ethnic
59368,Women,Kurtas,Summer,Ethnic
59369,Women,Kurtas,Summer,Ethnic
59370,Women,Kurtas,Summer,Ethnic
59371,Women,Kurtas,Summer,Ethnic
59372,Women,Kurtas,Summer,Ethnic
59373,Women,Kurtas,Summer,Ethnic
59374,Women,Kurtas,Summer,Ethnic
59375,Women,Kurtas,Summer,Ethnic
59376,Women,Kurtas,Summer,Casual
59377,Women,Kurtas,Summer,Ethnic
59378,Women,Kurtas,Summer,Ethnic
59379,Women,Kurtas,Summer,Ethnic
59380,Women,Kurtas,Summer,Ethnic
59381,Women,Kurtas,Summer,Ethnic
59382,Women,Kurtas,Summer,Ethnic
59383,Women,Kurtas,Summer,Ethnic
59387,Women,Heels,Winter,Casual
59388,Women,Heels,Spring,Casual
59390,Men,Formal Shoes,Winter,Formal
59396,Men,Casual Shoes,Summer,Casual
59399,Women,Kurtas,Summer,Ethnic
59400,Women,Dresses,Summer,Ethnic
59403,Women,Tunics,Summer,Casual
59404,Women,Tops,Summer,Casual
59405,Women,Tops,Summer,Casual
59407,Women,Tops,Summer,Casual
59410,Women,Tops,Summer,Formal
59413,Women,Tshirts,Summer,Casual
59418,Women,Tops,Summer,Casual
59421,Women,Tops,Summer,Casual
59422,Women,Tshirts,Summer,Casual
59428,Women,Handbags,Summer,Casual
59430,Women,Handbags,Summer,Casual
59432,Women,Handbags,Winter,Casual
59433,Women,Clutches,Summer,Casual
59435,Men,Formal Shoes,Summer,Formal
59436,Women,Heels,Summer,Casual
59437,Women,Heels,Winter,Casual
59439,Men,Shirts,Summer,Formal
59440,Men,Shirts,Summer,Casual
59441,Men,Shirts,Summer,Casual
59442,Men,Shirts,Summer,Formal
59443,Men,Shirts,Summer,Formal
59444,Men,Shirts,Summer,Formal
59445,Men,Shirts,Summer,Formal
59446,Men,Shirts,Summer,Formal
59448,Men,Shirts,Summer,Casual
59451,Men,Shirts,Summer,Formal
59452,Men,Shirts,Summer,Formal
59453,Men,Shirts,Summer,Casual
59454,Men,Shirts,Summer,Casual
59455,Unisex,Bangle,Winter,Casual
59456,Women,Ring,Summer,Casual
59457,Women,Ring,Summer,Casual
59458,Women,Ring,Spring,Casual
59459,Women,Bracelet,Winter,Casual
59460,Women,Ring,Summer,Casual
59461,Women,Ring,Summer,Casual
59462,Men,Ring,Winter,Casual
59463,Women,Bangle,Winter,Casual
59464,Men,Ring,Summer,Casual
59465,Women,Ring,Spring,Casual
59466,Men,Ring,Summer,Casual
59467,Women,Ring,Summer,Casual
59468,Women,Ring,Summer,Casual
59469,Men,Ring,Spring,Casual
59470,Women,Ring,Winter,Casual
59471,Women,Ring,Summer,Casual
59474,Men,Ring,Summer,Casual
59481,Women,Ring,Summer,Casual
59484,Women,Ring,Winter,Ethnic
59498,Women,Pendant,Winter,Casual
59499,Women,Pendant,Summer,Casual
59501,Women,Pendant,Winter,Casual
59502,Women,Necklace and Chains,Winter,Casual
59503,Women,Pendant,Summer,Casual
59504,Women,Pendant,Summer,Casual
59505,Women,Pendant,Summer,Casual
59507,Women,Pendant,Summer,Casual
59508,Women,Pendant,Winter,Casual
59509,Women,Pendant,Summer,Casual
59510,Women,Pendant,Summer,Casual
59511,Women,Pendant,Winter,Casual
59512,Women,Necklace and Chains,Fall,Casual
59513,Women,Necklace and Chains,Summer,Casual
59514,Women,Pendant,Summer,Casual
59515,Women,Necklace and Chains,Summer,Casual
59516,Women,Pendant,Summer,Casual
59518,Women,Necklace and Chains,Summer,Casual
59519,Women,Necklace and Chains,Winter,Casual
59520,Women,Earrings,Winter,Casual
59521,Women,Earrings,Summer,Ethnic
59522,Women,Earrings,Winter,Casual
59523,Women,Earrings,Winter,Ethnic
59524,Women,Earrings,Winter,Ethnic
59525,Women,Earrings,Summer,Ethnic
59526,Women,Earrings,Winter,Casual
59527,Women,Earrings,Winter,Casual
59528,Women,Earrings,Winter,Casual
59529,Women,Earrings,Winter,Casual
59530,Women,Earrings,Winter,Casual
59531,Women,Earrings,Winter,Casual
59532,Women,Earrings,Winter,Casual
59533,Women,Earrings,Winter,Casual
59534,Women,Earrings,Winter,Casual
59535,Women,Earrings,Summer,Ethnic
59537,Women,Earrings,Winter,Casual
59541,Women,Earrings,Winter,Casual
59543,Women,Earrings,Winter,Casual
59544,Women,Earrings,Winter,Casual
59545,Women,Earrings,Winter,Casual
59546,Women,Earrings,Winter,Casual
59547,Women,Earrings,Winter,Ethnic
59550,Women,Earrings,Winter,Casual
59551,Women,Earrings,Winter,Casual
59552,Unisex,Bracelet,Winter,Casual
59553,Men,Bracelet,Winter,Casual
59554,Women,Bracelet,Winter,Casual
59555,Women,Bracelet,Winter,Casual
59556,Women,Bracelet,Winter,Casual
59557,Women,Bracelet,Winter,Casual
59558,Women,Bangle,Winter,Casual
59559,Women,Bangle,Winter,Casual
59560,Women,Bracelet,Winter,Casual
59561,Women,Ring,Summer,Casual
59563,Women,Shoe Accessories,Winter,Casual
59564,Men,Cufflinks,Winter,Formal
59565,Unisex,Cufflinks,Winter,Casual
59566,Men,Cufflinks,Winter,Formal
59567,Unisex,Cufflinks,Winter,Casual
59568,Men,Cufflinks,Winter,Formal
59569,Unisex,Cufflinks,Winter,Formal
59570,Men,Cufflinks,Winter,Formal
59571,Men,Cufflinks,Winter,Formal
59572,Unisex,Cufflinks,Winter,Casual
59573,Men,Cufflinks,Spring,Formal
59574,Men,Cufflinks,Winter,Formal
59575,Unisex,Cufflinks,Winter,Formal
59576,Unisex,Cufflinks,Winter,Formal
59577,Men,Cufflinks,Winter,Formal
59578,Unisex,Cufflinks,Winter,Casual
59579,Men,Cufflinks,Winter,Casual
59580,Men,Cufflinks,Winter,Casual
59581,Men,Cufflinks,Winter,Formal
59582,Men,Cufflinks,Winter,Formal
59583,Men,Flip Flops,Winter,Formal
59584,Men,Cufflinks,Winter,Formal
59585,Men,Cufflinks,Summer,Casual
59586,Unisex,Cufflinks,Winter,Casual
59587,Men,Earrings,Winter,Sports
59589,Women,Sarees,Summer,Ethnic
59590,Women,Sarees,Summer,Ethnic
59591,Women,Free Gifts,Summer,Ethnic
59592,Women,Sarees,Summer,Ethnic
59593,Women,Sarees,Fall,Ethnic
59594,Women,Sarees,Fall,Ethnic
59595,Women,Sarees,Summer,Ethnic
59596,Women,Sarees,Fall,Ethnic
59597,Women,Sarees,Summer,Ethnic
59598,Women,Sarees,Summer,Ethnic
59599,Women,Sarees,Summer,Ethnic
59600,Women,Sarees,Summer,Ethnic
59601,Women,Sarees,Summer,Ethnic
59603,Women,Sarees,Summer,Ethnic
59604,Women,Sarees,Summer,Ethnic
59606,Unisex,Sarees,Fall,Ethnic
59607,Women,Free Gifts,Fall,Ethnic
59608,Women,Sarees,Summer,Ethnic
59609,Women,Sarees,Summer,Ethnic
59610,Women,Sarees,Summer,Ethnic
59611,Women,Sarees,Summer,Ethnic
59612,Women,Sarees,Summer,Ethnic
59613,Women,Sarees,Summer,Ethnic
59614,Women,Sarees,Summer,Ethnic
59615,Women,Sarees,Fall,Ethnic
59616,Women,Sarees,Summer,Ethnic
59618,Women,Sarees,Summer,Ethnic
59619,Women,Sarees,Summer,Ethnic
59620,Women,Sarees,Summer,Ethnic
59621,Women,Sarees,Summer,Ethnic
59622,Women,Sarees,Summer,Ethnic
59623,Women,Sarees,Fall,Ethnic
59624,Women,Sarees,Summer,Ethnic
59625,Women,Sarees,Summer,Ethnic
59626,Women,Sarees,Summer,Ethnic
59628,Women,Sarees,Summer,Ethnic
59630,Women,Sarees,Summer,Ethnic
59631,Women,Sarees,Summer,Ethnic
59632,Women,Sarees,Summer,Ethnic
59633,Women,Sarees,Summer,Ethnic
59634,Women,Sarees,Fall,Casual
59635,Women,Sarees,Summer,Ethnic
59636,Women,Sarees,Summer,Ethnic
59637,Women,Sarees,Summer,Ethnic
59638,Women,Sarees,Summer,Ethnic
59639,Women,Free Gifts,Summer,Ethnic
59640,Women,Sarees,Summer,Ethnic
59641,Women,Sarees,Summer,Ethnic
59642,Women,Sarees,Summer,Ethnic
59643,Women,Sarees,Summer,Ethnic
59644,Women,Sarees,Summer,Ethnic
59645,Women,Sarees,Summer,Ethnic
59646,Women,Sarees,Summer,Ethnic
59647,Women,Sarees,Summer,Ethnic
59648,Women,Sarees,Summer,Casual
59649,Women,Sarees,Summer,Ethnic
59650,Women,Sarees,Summer,Ethnic
59651,Women,Sarees,Summer,Ethnic
59652,Women,Sarees,Summer,Ethnic
59653,Women,Sarees,Summer,Ethnic
59654,Women,Sarees,Summer,Ethnic
59655,Women,Sarees,Fall,Ethnic
59656,Women,Sarees,Summer,Ethnic
59657,Women,Sarees,Summer,Ethnic
59658,Women,Sarees,Summer,Ethnic
59659,Women,Sarees,Summer,Ethnic
59660,Women,Sarees,Summer,Ethnic
59661,Women,Sarees,Summer,Ethnic
59662,Women,Sarees,Summer,Ethnic
59663,Women,Sarees,Summer,Ethnic
59664,Women,Sarees,Summer,Ethnic
59665,Women,Sarees,Summer,Ethnic
59666,Women,Sarees,Summer,Ethnic
59667,Women,Sarees,Fall,Ethnic
59668,Women,Sarees,Summer,Ethnic
59669,Women,Sarees,Fall,Ethnic
59670,Women,Sarees,Summer,Ethnic
59672,Women,Sarees,Summer,Ethnic
59673,Women,Sarees,Summer,Ethnic
59674,Women,Sarees,Summer,Ethnic
59675,Women,Heels,Winter,Casual
59676,Women,Heels,Winter,Casual
59677,Women,Briefs,Summer,Casual
59678,Women,Briefs,Summer,Casual
59679,Women,Briefs,Summer,Casual
59680,Women,Briefs,Summer,Casual
59681,Women,Briefs,Summer,Casual
59682,Women,Briefs,Summer,Casual
59683,Men,Briefs,Summer,Casual
59684,Women,Briefs,Summer,Casual
59685,Women,Briefs,Summer,Casual
59686,Women,Briefs,Summer,Casual
59687,Women,Briefs,Summer,Sports
59688,Women,Briefs,Summer,Casual
59689,Women,Bra,Summer,Casual
59690,Women,Bra,Summer,Casual
59691,Women,Bra,Summer,Casual
59692,Women,Bra,Summer,Casual
59693,Women,Bra,Summer,Casual
59694,Women,Briefs,Summer,Casual
59695,Men,Briefs,Summer,Casual
59696,Women,Briefs,Summer,Casual
59697,Women,Swimwear,Summer,Casual
59698,Women,Tops,Summer,Casual
59699,Women,Bra,Summer,Casual
59700,Women,Bra,Summer,Casual
59701,Men,Briefs,Summer,Casual
59702,Women,Tops,Summer,Casual
59703,Men,Briefs,Summer,Casual
59704,Women,Briefs,Summer,Casual
59705,Women,Bra,Summer,Sports
59706,Women,Bra,Summer,Sports
59707,Women,Briefs,Summer,Casual
59708,Women,Briefs,Summer,Casual
59709,Women,Briefs,Summer,Casual
59710,Women,Briefs,Summer,Casual
59711,Women,Briefs,Summer,Casual
59712,Women,Swimwear,Summer,Casual
59713,Women,Jumpsuit,Summer,Casual
59714,Women,Bra,Summer,Casual
59715,Women,Tops,Summer,Casual
59716,Women,Dupatta,Summer,Casual
59717,Women,Bra,Summer,Sports
59718,Women,Bra,Summer,Casual
59719,Women,Bra,Summer,Casual
59720,Women,Bra,Summer,Casual
59721,Women,Bra,Summer,Casual
59722,Women,Briefs,Summer,Casual
59723,Women,Bra,Summer,Casual
59724,Women,Bra,Summer,Casual
59725,Women,Bra,Summer,Sports
59726,Women,Bra,Summer,Casual
59727,Women,Bra,Summer,Casual
59728,Women,Bra,Summer,Casual
59729,Women,Bra,Summer,Casual
59730,Women,Bra,Summer,Casual
59731,Women,Tshirts,Summer,Casual
59732,Women,Bra,Summer,Casual
59733,Women,Bra,Summer,Casual
59734,Women,Briefs,Summer,Casual
59735,Women,Briefs,Summer,Casual
59736,Women,Briefs,Summer,Casual
59739,Women,Bra,Summer,Casual
59740,Women,Bra,Summer,Casual
59741,Women,Bra,Summer,Casual
59742,Women,Briefs,Summer,Casual
59743,Women,Briefs,Summer,Casual
59744,Women,Dresses,Summer,Casual
59745,Women,Dresses,Summer,Casual
59746,Women,Dresses,Summer,Casual
59747,Women,Nightdress,Summer,Casual
59748,Women,Night suits,Summer,Casual
59749,Women,Jumpsuit,Summer,Casual
59750,Women,Briefs,Summer,Casual
59751,Women,Briefs,Summer,Casual
59752,Women,Briefs,Summer,Casual
59753,Women,Briefs,Summer,Casual
59754,Women,Dresses,Summer,Casual
59755,Women,Briefs,Summer,Casual
59756,Women,Tops,Summer,Casual
59757,Women,Heels,Spring,Casual
59758,Women,Flats,Spring,Casual
59759,Women,Heels,Winter,Casual
59760,Women,Heels,Winter,Casual
59761,Women,Heels,Winter,Casual
59762,Women,Flats,Winter,Casual
59763,Women,Heels,Winter,Casual
59764,Women,Heels,Winter,Casual
59765,Women,Earrings,Summer,Ethnic
59766,Women,Earrings,Summer,Ethnic
59767,Women,Earrings,Winter,Ethnic
59768,Women,Bra,Summer,Casual
59769,Women,Jewellery Set,Winter,Casual
59770,Women,Jewellery Set,Winter,Casual
59771,Women,Jewellery Set,Winter,Casual
59772,Women,Pendant,Winter,Casual
59773,Women,Necklace and Chains,Winter,Casual
59774,Women,Necklace and Chains,Summer,Casual
59775,Women,Bracelet,Winter,Casual
59776,Women,Bangle,Winter,Casual
59777,Women,Bracelet,Winter,Casual
59778,Women,Bracelet,Winter,Casual
59779,Women,Bracelet,Winter,Casual
59780,Women,Bracelet,Winter,Casual
59781,Women,Bracelet,Winter,Casual
59782,Women,Bracelet,Winter,Casual
59783,Men,Belts,Summer,Casual
59784,Women,Bracelet,Winter,Casual
59794,Women,Tunics,Summer,Ethnic
59795,Women,Tunics,Summer,Ethnic
59796,Women,Tops,Summer,Casual
59797,Men,Tshirts,Summer,Casual
59810,Men,Tshirts,Summer,Casual
59811,Women,Kurtas,Summer,Ethnic
59813,Women,Trousers,Summer,Casual
59814,Men,Jeans,Fall,Casual
59819,Men,Shirts,Summer,Casual
59824,Men,Shirts,Summer,Casual
59826,Men,Shirts,Summer,Casual
59827,Men,Shirts,Summer,Casual
59832,Men,Shirts,Summer,Casual
59833,Men,Shirts,Summer,Casual
59834,Men,Shirts,Summer,Casual
59838,Men,Tshirts,Summer,Casual
59839,Women,Perfume and Body Mist,Spring,Casual
59851,Women,Perfume and Body Mist,Spring,Casual
59853,Men,Perfume and Body Mist,Spring,Casual
59856,Men,Perfume and Body Mist,Summer,Casual
59858,Women,Perfume and Body Mist,Spring,Casual
59859,Women,Perfume and Body Mist,Spring,Casual
59860,Men,Perfume and Body Mist,Summer,Casual
59862,Men,Lounge Shorts,Summer,Casual
59863,Men,Perfume and Body Mist,Spring,Casual
59866,Women,Perfume and Body Mist,Spring,Casual
59872,Women,Tops,Summer,Casual
59873,Women,Shorts,Summer,Casual
59874,Women,Shirts,Summer,Casual
59875,Women,Tops,Summer,Casual
59876,Women,Sarees,Summer,Casual
59877,Women,Leggings,Summer,Casual
59878,Women,Shorts,Summer,Casual
59879,Women,Leggings,Summer,Casual
59880,Women,Leggings,Summer,Casual
59881,Women,Shorts,Summer,Casual
59882,Women,Tops,Summer,Casual
59883,Women,Tops,Summer,Casual
59884,Women,Tops,Summer,Casual
59885,Women,Tops,Summer,Casual
59886,Women,Tops,Summer,Casual
59887,Women,Tops,Summer,Casual
59888,Women,Tops,Summer,Casual
59889,Women,Tops,Summer,Casual
59890,Women,Dresses,Summer,Casual
59891,Women,Shirts,Summer,Casual
59892,Women,Shirts,Summer,Casual
59893,Women,Shirts,Summer,Casual
59894,Women,Tops,Summer,Casual
59895,Women,Dresses,Summer,Casual
59896,Women,Dresses,Summer,Casual
59897,Women,Sarees,Summer,Ethnic
59898,Women,Tops,Summer,Casual
59900,Women,Jackets,Summer,Casual
59901,Women,Tops,Summer,Casual
59902,Women,Tops,Summer,Casual
59903,Women,Dupatta,Summer,Casual
59904,Women,Shirts,Summer,Casual
59905,Women,Nightdress,Summer,Casual
59906,Women,Kurtas,Summer,Ethnic
59907,Women,Shirts,Summer,Casual
59908,Women,Dresses,Summer,Ethnic
59909,Women,Dresses,Summer,Ethnic
59910,Women,Kurtas,Summer,Ethnic
59911,Women,Kurtas,Summer,Casual
59912,Women,Dresses,Summer,Casual
59914,Women,Kurtas,Summer,Ethnic
59915,Women,Kurtas,Summer,Ethnic
59916,Women,Kurtas,Summer,Ethnic
59917,Women,Kurtas,Summer,Ethnic
59918,Women,Kurtas,Summer,Ethnic
59919,Women,Kurtas,Summer,Ethnic
59920,Women,Kurtas,Summer,Ethnic
59921,Women,Kurtas,Summer,Ethnic
59922,Women,Kurtas,Summer,Ethnic
59923,Women,Kurtas,Summer,Ethnic
59924,Women,Kurtis,Summer,Ethnic
59925,Women,Kurtas,Summer,Ethnic
59926,Women,Kurtas,Summer,Ethnic
59927,Women,Kurtas,Summer,Ethnic
59928,Women,Kurtas,Summer,Ethnic
59929,Women,Kurtas,Summer,Casual
59930,Women,Kurtis,Summer,Ethnic
59931,Women,Kurtas,Summer,Ethnic
59932,Women,Kurtas,Summer,Ethnic
59933,Women,Kurtas,Summer,Ethnic
59934,Women,Kurtas,Summer,Casual
59935,Men,Casual Shoes,Summer,Casual
59936,Men,Casual Shoes,Summer,Casual
59937,Men,Casual Shoes,Summer,Casual
59938,Unisex,Casual Shoes,Summer,Casual
59939,Men,Casual Shoes,Fall,Casual
59940,Men,Casual Shoes,Summer,Casual
59941,Men,Casual Shoes,Summer,Casual
59942,Men,Casual Shoes,Summer,Casual
59943,Unisex,Casual Shoes,Summer,Casual
59944,Unisex,Casual Shoes,Spring,Casual
59945,Men,Casual Shoes,Summer,Casual
59946,Women,Deodorant,Spring,Casual
59947,Women,Perfume and Body Mist,Spring,Casual
59948,Women,Deodorant,Spring,Casual
59949,Women,Deodorant,Spring,Casual
59950,Women,Deodorant,Spring,Casual
59951,Women,Deodorant,Spring,Casual
59961,Men,Deodorant,Spring,Casual
59962,Men,Deodorant,Spring,Casual
59963,Women,Dresses,Fall,Ethnic
59964,Women,Dresses,Summer,Casual
59965,Men,Dresses,Summer,Casual
59966,Women,Dresses,Summer,Casual
59967,Women,Dresses,Summer,Ethnic
59968,Women,Dresses,Summer,Casual
59969,Women,Dresses,Summer,Casual
59970,Women,Dresses,Summer,Casual
59971,Women,Dresses,Summer,Casual
59972,Women,Dresses,Summer,Casual
59973,Women,Dresses,Summer,Casual
59974,Men,Dresses,Summer,Casual
59975,Women,Dresses,Summer,Casual
59976,Women,Dresses,Summer,Casual
59977,Women,Dresses,Summer,Ethnic
59978,Women,Dresses,Summer,Casual
59979,Women,Dresses,Summer,Casual
59980,Women,Dresses,Summer,Casual
59981,Women,Dresses,Summer,Casual
59982,Women,Dresses,Summer,Casual
59983,Women,Dresses,Summer,Ethnic
59984,Women,Dresses,Summer,Casual
59985,Women,Dresses,Summer,Ethnic
59986,Women,Dresses,Summer,Casual
59987,Women,Dresses,Summer,Casual
59988,Women,Dresses,Summer,Casual
59989,Women,Dresses,Summer,Ethnic
59990,Women,Dresses,Summer,Casual
59991,Women,Dresses,Summer,Casual
59992,Women,Kurtas,Summer,Casual
59993,Women,Dresses,Summer,Casual
59994,Women,Dresses,Summer,Casual
59995,Men,Dresses,Summer,Casual
59996,Women,Dupatta,Summer,Ethnic
59998,Women,Heels,Winter,Casual
59999,Women,Heels,Winter,Casual
60000,Women,Tunics,Summer,Casual
