id,duplicate_hash,source_hash,source_identical_highres,resize_collision,gender,masterCategory,subCategory,articleType,baseColour,season,year,usage,productDisplayName,image_path,conflicting_task_labels
10184,cd7046212d4a30648be04ef3a0b226a8,26077e28823040ad49cbd8ead1b5d5f2,True,False,Men,Apparel,Topwear,Shirts,White,Fall,2011,Casual,Indigo Nation Men  White Stripe Shirt,c:\Users\LEGION\Documents\jupyter_notebook\Fashion-Intelligence-System\A2_FashionDataset\FashionDataset\train\images_train\10184.jpg,False
10185,cd7046212d4a30648be04ef3a0b226a8,26077e28823040ad49cbd8ead1b5d5f2,True,False,Men,Apparel,Topwear,Shirts,White,Fall,2011,Casual,Indigo Nation Men Price catch White Shirts,c:\Users\LEGION\Documents\jupyter_notebook\Fashion-Intelligence-System\A2_FashionDataset\FashionDataset\train\images_train\10185.jpg,False
10186,db972ba055fccf0676484478f5386115,b172b7d5898778e61d8149d2a865b030,True,False,Men,Apparel,Topwear,Shirts,Black,Fall,2011,Casual,Indigo Nation Men Black & Blue Stripe Shirt,c:\Users\LEGION\Documents\jupyter_notebook\Fashion-Intelligence-System\A2_FashionDataset\FashionDataset\train\images_train\10186.jpg,False
10187,db972ba055fccf0676484478f5386115,b172b7d5898778e61d8149d2a865b030,True,False,Men,Apparel,Topwear,Shirts,Black,Fall,2011,Casual,Indigo Nation Men Hot Stepper Black Blue Shirts,c:\Users\LEGION\Documents\jupyter_notebook\Fashion-Intelligence-System\A2_FashionDataset\FashionDataset\train\images_train\10187.jpg,False
10188,a31e8e91b4a2508bc2a3bd93049e7add,a69da802f15159839e795737792c1cf1,True,False,Men,Apparel,Topwear,Shirts,Blue,Fall,2011,Casual,Indigo Nation Men   Blue & White Stripe Shirt,c:\Users\LEGION\Documents\jupyter_notebook\Fashion-Intelligence-System\A2_FashionDataset\FashionDataset\train\images_train\10188.jpg,False
10189,a31e8e91b4a2508bc2a3bd93049e7add,a69da802f15159839e795737792c1cf1,True,False,Men,Apparel,Topwear,Shirts,Blue,Fall,2011,Casual,Indigo Nation Men Hot Stepper Blue Shirts,c:\Users\LEGION\Documents\jupyter_notebook\Fashion-Intelligence-System\A2_FashionDataset\FashionDataset\train\images_train\10189.jpg,False
10200,e59fe3e9272331940622cfb1d528770b,307c0226b52e2df64c31bb23989b17bd,True,False,Women,Accessories,Bags,Handbags,Beige,Winter,2015,Casual,Murcia Women Emma Beige Handbags,c:\Users\LEGION\Documents\jupyter_notebook\Fashion-Intelligence-System\A2_FashionDataset\FashionDataset\train\images_train\10200.jpg,False
10244,e59fe3e9272331940622cfb1d528770b,307c0226b52e2df64c31bb23989b17bd,True,False,Women,Accessories,Bags,Handbags,Beige,Winter,2015,Casual,Murcia Women Emma Beige Handbags,c:\Users\LEGION\Documents\jupyter_notebook\Fashion-Intelligence-System\A2_FashionDataset\FashionDataset\train\images_train\10244.jpg,False
10641,a3b99e732fd890b410d08e28c40ae6a0,92b0af222feb65851dd22abae35a433a,True,False,Men,Apparel,Topwear,Tshirts,Red,Fall,2011,Casual,Doodle Boy D Print Red T-shirt,c:\Users\LEGION\Documents\jupyter_notebook\Fashion-Intelligence-System\A2_FashionDataset\FashionDataset\train\images_train\10641.jpg,False
10642,a3b99e732fd890b410d08e28c40ae6a0,92b0af222feb65851dd22abae35a433a,True,False,Men,Apparel,Topwear,Tshirts,Red,Fall,2011,Casual,Doodle Boy D Print Red Tshirts,c:\Users\LEGION\Documents\jupyter_notebook\Fashion-Intelligence-System\A2_FashionDataset\FashionDataset\train\images_train\10642.jpg,False
10643,f34fba797e8864bfc3cb6e76e1cfb2ee,aa3a8f54933e5de52a0e277c42d50dc5,True,False,Men,Apparel,Topwear,Tshirts,Blue,Fall,2011,Casual,Doodle Boy D Print Blue Tshirts,c:\Users\LEGION\Documents\jupyter_notebook\Fashion-Intelligence-System\A2_FashionDataset\FashionDataset\train\images_train\10643.jpg,False
10644,f34fba797e8864bfc3cb6e76e1cfb2ee,aa3a8f54933e5de52a0e277c42d50dc5,True,False,Men,Apparel,Topwear,Tshirts,Blue,Fall,2011,Casual,Doodle Boy D Print Blue Tshirts,c:\Users\LEGION\Documents\jupyter_notebook\Fashion-Intelligence-System\A2_FashionDataset\FashionDataset\train\images_train\10644.jpg,False
10645,64967e7cce3dad45e3ff9b0a0f7c2f33,1199ba684c43328eacefacb11cd079d9,True,False,Men,Apparel,Topwear,Tshirts,Red,Fall,2011,Casual,Doodle Boy Athlethic Red Tshirts,c:\Users\LEGION\Documents\jupyter_notebook\Fashion-Intelligence-System\A2_FashionDataset\FashionDataset\train\images_train\10645.jpg,False
10646,64967e7cce3dad45e3ff9b0a0f7c2f33,1199ba684c43328eacefacb11cd079d9,True,False,Men,Apparel,Topwear,Tshirts,Red,Fall,2011,Casual,Doodle Boy Athlethic Red Tshirts,c:\Users\LEGION\Documents\jupyter_notebook\Fashion-Intelligence-System\A2_FashionDataset\FashionDataset\train\images_train\10646.jpg,False
10654,1963086fa35e5458ea7f7a285fa373f1,ed468f6ec3ab4bacd149f56c74eb2aa3,True,False,Women,Apparel,Bottomwear,Skirts,Blue,Fall,2011,Casual,Doodle Girl Denim skirt with belt Blue Skirts,c:\Users\LEGION\Documents\jupyter_notebook\Fashion-Intelligence-System\A2_FashionDataset\FashionDataset\train\images_train\10654.jpg,False
10655,1963086fa35e5458ea7f7a285fa373f1,ed468f6ec3ab4bacd149f56c74eb2aa3,True,False,Women,Apparel,Bottomwear,Skirts,Blue,Fall,2011,Casual,Doodle Girl Denim skirt with belt Blue Skirts,c:\Users\LEGION\Documents\jupyter_notebook\Fashion-Intelligence-System\A2_FashionDataset\FashionDataset\train\images_train\10655.jpg,False
10683,40757fb6adc418fe420319b295d91d0f,d0efc560e09df4fb106ed49056ede689,True,False,Men,Apparel,Topwear,Tshirts,Blue,Fall,2011,Casual,Doodle Boy Athlethic Blue Tshirts,c:\Users\LEGION\Documents\jupyter_notebook\Fashion-Intelligence-System\A2_FashionDataset\FashionDataset\train\images_train\10683.jpg,False
10684,40757fb6adc418fe420319b295d91d0f,d0efc560e09df4fb106ed49056ede689,True,False,Men,Apparel,Topwear,Tshirts,Blue,Fall,2011,Casual,Doodle Boy Athlethic Blue Tshirts,c:\Users\LEGION\Documents\jupyter_notebook\Fashion-Intelligence-System\A2_FashionDataset\FashionDataset\train\images_train\10684.jpg,False
11041,18889cbe34d58b3be57d41e5cd4f64f0,3b05dbae0ddf15f75e7e9eaa37b94c85,True,False,Men,Apparel,Topwear,Shirts,Purple,Fall,2011,Casual,Scullers Men Purple Check Shirt,c:\Users\LEGION\Documents\jupyter_notebook\Fashion-Intelligence-System\A2_FashionDataset\FashionDataset\train\images_train\11041.jpg,False
11042,18889cbe34d58b3be57d41e5cd4f64f0,3b05dbae0ddf15f75e7e9eaa37b94c85,True,False,Men,Apparel,Topwear,Shirts,Purple,Fall,2011,Casual,Scullers Men Check Purple Shirts,c:\Users\LEGION\Documents\jupyter_notebook\Fashion-Intelligence-System\A2_FashionDataset\FashionDataset\train\images_train\11042.jpg,False
11043,16df676a6f1326b842f2ca7583e2a2c5,d31f23ada9235e44ec86d33adff6011a,True,False,Men,Apparel,Topwear,Shirts,White,Fall,2011,Casual,Scullers Men Check White Shirts,c:\Users\LEGION\Documents\jupyter_notebook\Fashion-Intelligence-System\A2_FashionDataset\FashionDataset\train\images_train\11043.jpg,False
11044,16df676a6f1326b842f2ca7583e2a2c5,d31f23ada9235e44ec86d33adff6011a,True,False,Men,Apparel,Topwear,Shirts,White,Fall,2011,Casual,Scullers Men Check White Shirts,c:\Users\LEGION\Documents\jupyter_notebook\Fashion-Intelligence-System\A2_FashionDataset\FashionDataset\train\images_train\11044.jpg,False
11045,4c874d26c449c31acb5c922d81b04435,6a5522be33ec087f07674e36133ee20c,True,False,Men,Apparel,Topwear,Shirts,White,Fall,2011,Casual,Scullers Men Check White Shirts,c:\Users\LEGION\Documents\jupyter_notebook\Fashion-Intelligence-System\A2_FashionDataset\FashionDataset\train\images_train\11045.jpg,False
11046,4c874d26c449c31acb5c922d81b04435,6a5522be33ec087f07674e36133ee20c,True,False,Men,Apparel,Topwear,Shirts,White,Fall,2011,Casual,Scullers Men Check White Shirts,c:\Users\LEGION\Documents\jupyter_notebook\Fashion-Intelligence-System\A2_FashionDataset\FashionDataset\train\images_train\11046.jpg,False
11047,dbdc3de78c107cc178f9f4260ff74f94,94d76bd920ee3f161ed0b6169fc7e30b,True,False,Men,Apparel,Topwear,Shirts,Red,Fall,2011,Casual,Scullers Men Check Red Shirt,c:\Users\LEGION\Documents\jupyter_notebook\Fashion-Intelligence-System\A2_FashionDataset\FashionDataset\train\images_train\11047.jpg,False
11048,dbdc3de78c107cc178f9f4260ff74f94,94d76bd920ee3f161ed0b6169fc7e30b,True,False,Men,Apparel,Topwear,Shirts,Red,Fall,2011,Casual,Scullers Men Check Red Shirts,c:\Users\LEGION\Documents\jupyter_notebook\Fashion-Intelligence-System\A2_FashionDataset\FashionDataset\train\images_train\11048.jpg,False
11049,fe0a9c0816674edca69f36c151041792,a957bcc3ec68d6fcb8a9c9ffc30f06ea,True,False,Men,Apparel,Topwear,Shirts,Red,Fall,2011,Casual,Scullers Men Check Red Shirts,c:\Users\LEGION\Documents\jupyter_notebook\Fashion-Intelligence-System\A2_FashionDataset\FashionDataset\train\images_train\11049.jpg,False
11050,fe0a9c0816674edca69f36c151041792,a957bcc3ec68d6fcb8a9c9ffc30f06ea,True,False,Men,Apparel,Topwear,Shirts,Red,Fall,2011,Casual,Scullers Men Check Red Shirts,c:\Users\LEGION\Documents\jupyter_notebook\Fashion-Intelligence-System\A2_FashionDataset\FashionDataset\train\images_train\11050.jpg,False
11051,1c625c31da1fd9d5d655d6070f46ae07,d4f2d229f22438dbd2d7ca15d1a53cea,True,False,Men,Apparel,Topwear,Shirts,White,Fall,2011,Casual,Scullers Men Check White Shirts,c:\Users\LEGION\Documents\jupyter_notebook\Fashion-Intelligence-System\A2_FashionDataset\FashionDataset\train\images_train\11051.jpg,False
11052,1c625c31da1fd9d5d655d6070f46ae07,d4f2d229f22438dbd2d7ca15d1a53cea,True,False,Men,Apparel,Topwear,Shirts,White,Fall,2011,Casual,Scullers Men Check White Shirts,c:\Users\LEGION\Documents\jupyter_notebook\Fashion-Intelligence-System\A2_FashionDataset\FashionDataset\train\images_train\11052.jpg,False
11053,cb500aa40f97678ae712ea7a5e2b4fee,1b5c1d072242f4a7504031ff6b438ee8,True,False,Men,Apparel,Topwear,Shirts,Blue,Fall,2011,Casual,Scullers Men Check Blue Shirts,c:\Users\LEGION\Documents\jupyter_notebook\Fashion-Intelligence-System\A2_FashionDataset\FashionDataset\train\images_train\11053.jpg,False
11054,cb500aa40f97678ae712ea7a5e2b4fee,1b5c1d072242f4a7504031ff6b438ee8,True,False,Men,Apparel,Topwear,Shirts,Blue,Fall,2011,Casual,Scullers Men Check Blue Shirts,c:\Users\LEGION\Documents\jupyter_notebook\Fashion-Intelligence-System\A2_FashionDataset\FashionDataset\train\images_train\11054.jpg,False
11055,518c3bd5fe2567c01aab8acdcf3ccdfb,fcae51afb9027ea04e00a363f85eacf8,True,False,Men,Apparel,Topwear,Shirts,Blue,Fall,2011,Casual,Scullers Men Check Blue Shirt,c:\Users\LEGION\Documents\jupyter_notebook\Fashion-Intelligence-System\A2_FashionDataset\FashionDataset\train\images_train\11055.jpg,False
11056,518c3bd5fe2567c01aab8acdcf3ccdfb,fcae51afb9027ea04e00a363f85eacf8,True,False,Men,Apparel,Topwear,Shirts,Blue,Fall,2011,Casual,Scullers Men Check Blue Shirts,c:\Users\LEGION\Documents\jupyter_notebook\Fashion-Intelligence-System\A2_FashionDataset\FashionDataset\train\images_train\11056.jpg,False
11057,a0639117c6235ebf4ea1c37a2e4e72b8,86558a6cd74314aed255f688997f5ee6,True,False,Men,Apparel,Topwear,Shirts,Purple,Fall,2011,Casual,Scullers Men Check Purple Shirt,c:\Users\LEGION\Documents\jupyter_notebook\Fashion-Intelligence-System\A2_FashionDataset\FashionDataset\train\images_train\11057.jpg,False
11058,a0639117c6235ebf4ea1c37a2e4e72b8,86558a6cd74314aed255f688997f5ee6,True,False,Men,Apparel,Topwear,Shirts,Purple,Fall,2011,Casual,Scullers Men Check Purple Shirts,c:\Users\LEGION\Documents\jupyter_notebook\Fashion-Intelligence-System\A2_FashionDataset\FashionDataset\train\images_train\11058.jpg,False
11063,3888edba9d86f1ef0820134b0ac44d2c,951b1d19b2f08373698c98aa41e0c35c,True,False,Men,Apparel,Topwear,Shirts,Purple,Fall,2011,Formal,John Miller Men Solid Purple Shirts,c:\Users\LEGION\Documents\jupyter_notebook\Fashion-Intelligence-System\A2_FashionDataset\FashionDataset\train\images_train\11063.jpg,False
11064,3888edba9d86f1ef0820134b0ac44d2c,951b1d19b2f08373698c98aa41e0c35c,True,False,Men,Apparel,Topwear,Shirts,Purple,Fall,2011,Formal,John Miller Men Solid Purple Shirts,c:\Users\LEGION\Documents\jupyter_notebook\Fashion-Intelligence-System\A2_FashionDataset\FashionDataset\train\images_train\11064.jpg,False
11069,63016bff39cb5406034f784f184e4f09,f25816743d1a6a09263fd5a7af7e459c,True,False,Men,Apparel,Topwear,Shirts,Black,Fall,2011,Casual,Scullers Men Check Black Shirts,c:\Users\LEGION\Documents\jupyter_notebook\Fashion-Intelligence-System\A2_FashionDataset\FashionDataset\train\images_train\11069.jpg,False
11070,63016bff39cb5406034f784f184e4f09,f25816743d1a6a09263fd5a7af7e459c,True,False,Men,Apparel,Topwear,Shirts,Black,Fall,2011,Casual,Scullers Men Check Black Shirts,c:\Users\LEGION\Documents\jupyter_notebook\Fashion-Intelligence-System\A2_FashionDataset\FashionDataset\train\images_train\11070.jpg,False
11071,df405e4727fdf135133ee942b54e56a6,5aa48f8c6704f8cee6dbad71dbc927d6,True,False,Men,Apparel,Topwear,Shirts,Black,Fall,2011,Casual,Scullers Men Check Black Shirts,c:\Users\LEGION\Documents\jupyter_notebook\Fashion-Intelligence-System\A2_FashionDataset\FashionDataset\train\images_train\11071.jpg,False
11072,df405e4727fdf135133ee942b54e56a6,5aa48f8c6704f8cee6dbad71dbc927d6,True,False,Men,Apparel,Topwear,Shirts,Black,Fall,2011,Casual,Scullers Men Check Black Shirts,c:\Users\LEGION\Documents\jupyter_notebook\Fashion-Intelligence-System\A2_FashionDataset\FashionDataset\train\images_train\11072.jpg,False
11079,5e23115cada2005edfa497b6c601da6f,6cc3f20c2903ae149661d6018859bc06,True,False,Men,Apparel,Topwear,Shirts,Green,Fall,2011,Casual,Scullers Men Check Green Shirts,c:\Users\LEGION\Documents\jupyter_notebook\Fashion-Intelligence-System\A2_FashionDataset\FashionDataset\train\images_train\11079.jpg,False
11080,5e23115cada2005edfa497b6c601da6f,6cc3f20c2903ae149661d6018859bc06,True,False,Men,Apparel,Topwear,Shirts,Green,Fall,2011,Casual,Scullers Men Check Green Shirts,c:\Users\LEGION\Documents\jupyter_notebook\Fashion-Intelligence-System\A2_FashionDataset\FashionDataset\train\images_train\11080.jpg,False
11081,da60b7481549741072f2092f2fb1c14b,d71c9488d814f42ab020e3377bccdb17,True,False,Men,Apparel,Topwear,Shirts,Red,Fall,2011,Casual,Scullers Men Check Red Shirts,c:\Users\LEGION\Documents\jupyter_notebook\Fashion-Intelligence-System\A2_FashionDataset\FashionDataset\train\images_train\11081.jpg,False
11082,da60b7481549741072f2092f2fb1c14b,d71c9488d814f42ab020e3377bccdb17,True,False,Men,Apparel,Topwear,Shirts,Red,Fall,2011,Casual,Scullers Men Check Red Shirt,c:\Users\LEGION\Documents\jupyter_notebook\Fashion-Intelligence-System\A2_FashionDataset\FashionDataset\train\images_train\11082.jpg,False
11083,582e6bea553a77e1e580bf20472a0c90,3436e22dda61b453cb375c948e1964bb,True,False,Men,Apparel,Topwear,Shirts,Blue,Fall,2011,Casual,Scullers Men Check Blue Shirts,c:\Users\LEGION\Documents\jupyter_notebook\Fashion-Intelligence-System\A2_FashionDataset\FashionDataset\train\images_train\11083.jpg,False
11084,582e6bea553a77e1e580bf20472a0c90,3436e22dda61b453cb375c948e1964bb,True,False,Men,Apparel,Topwear,Shirts,Blue,Fall,2011,Casual,Scullers Men Check Blue Shirts,c:\Users\LEGION\Documents\jupyter_notebook\Fashion-Intelligence-System\A2_FashionDataset\FashionDataset\train\images_train\11084.jpg,False
11085,ce75a013c2cc76f0e5a5055864b19c1b,19bb1ad1d23d77a1d9b9195f0d564369,True,False,Men,Apparel,Topwear,Shirts,Green,Fall,2011,Casual,Scullers Men Check Green Shirts,c:\Users\LEGION\Documents\jupyter_notebook\Fashion-Intelligence-System\A2_FashionDataset\FashionDataset\train\images_train\11085.jpg,False
11086,ce75a013c2cc76f0e5a5055864b19c1b,19bb1ad1d23d77a1d9b9195f0d564369,True,False,Men,Apparel,Topwear,Shirts,Green,Fall,2011,Casual,Scullers Men Check Green Shirt,c:\Users\LEGION\Documents\jupyter_notebook\Fashion-Intelligence-System\A2_FashionDataset\FashionDataset\train\images_train\11086.jpg,False
11087,712152d830785062c439cbd243e9923f,2aaaf94960c23a9e8264f7113e3477fe,True,False,Men,Apparel,Topwear,Shirts,Green,Fall,2011,Casual,Scullers Men Green Check Shirt,c:\Users\LEGION\Documents\jupyter_notebook\Fashion-Intelligence-System\A2_FashionDataset\FashionDataset\train\images_train\11087.jpg,False
11088,712152d830785062c439cbd243e9923f,2aaaf94960c23a9e8264f7113e3477fe,True,False,Men,Apparel,Topwear,Shirts,Green,Fall,2011,Casual,Scullers Men Check Green Shirts,c:\Users\LEGION\Documents\jupyter_notebook\Fashion-Intelligence-System\A2_FashionDataset\FashionDataset\train\images_train\11088.jpg,False
11089,c30da692f116f6679a40a82897068917,cf95ba68f647837604e7cef64f765aec,True,False,Men,Apparel,Topwear,Shirts,Blue,Fall,2011,Casual,Scullers Men Blue Check Shirt,c:\Users\LEGION\Documents\jupyter_notebook\Fashion-Intelligence-System\A2_FashionDataset\FashionDataset\train\images_train\11089.jpg,False
11090,c30da692f116f6679a40a82897068917,cf95ba68f647837604e7cef64f765aec,True,False,Men,Apparel,Topwear,Shirts,Blue,Fall,2011,Casual,Scullers Men Check Blue Shirts,c:\Users\LEGION\Documents\jupyter_notebook\Fashion-Intelligence-System\A2_FashionDataset\FashionDataset\train\images_train\11090.jpg,False
11091,cf5f6b3d9b734780597f9cbba40ac296,25cece005172263016bc3de33a3a9505,True,False,Men,Apparel,Topwear,Shirts,Red,Fall,2011,Casual,Scullers Men Red Check Shirt,c:\Users\LEGION\Documents\jupyter_notebook\Fashion-Intelligence-System\A2_FashionDataset\FashionDataset\train\images_train\11091.jpg,False
11092,cf5f6b3d9b734780597f9cbba40ac296,25cece005172263016bc3de33a3a9505,True,False,Men,Apparel,Topwear,Shirts,Red,Fall,2011,Casual,Scullers Men Check Red Shirt,c:\Users\LEGION\Documents\jupyter_notebook\Fashion-Intelligence-System\A2_FashionDataset\FashionDataset\train\images_train\11092.jpg,False
11100,c6400a19e2f99783f493489e7283e5c1,91cfe0b636470c5f3a418b641ea054e7,True,False,Men,Apparel,Topwear,Shirts,Purple,Fall,2011,Formal,Indigo Nation Men Stripes Purple Shirts,c:\Users\LEGION\Documents\jupyter_notebook\Fashion-Intelligence-System\A2_FashionDataset\FashionDataset\train\images_train\11100.jpg,False
11101,c6400a19e2f99783f493489e7283e5c1,91cfe0b636470c5f3a418b641ea054e7,True,False,Men,Apparel,Topwear,Shirts,Purple,Fall,2011,Formal,Indigo Nation Men Stripes Purple Shirts,c:\Users\LEGION\Documents\jupyter_notebook\Fashion-Intelligence-System\A2_FashionDataset\FashionDataset\train\images_train\11101.jpg,False
11102,255f6f8f614ee94efda8d3d2c6b07edd,ca5b943718da7f1b7953ff4ad2b0aa68,True,False,Men,Apparel,Topwear,Shirts,Blue,Fall,2011,Formal,Indigo Nation Men Stripes Blue Shirts,c:\Users\LEGION\Documents\jupyter_notebook\Fashion-Intelligence-System\A2_FashionDataset\FashionDataset\train\images_train\11102.jpg,False
11103,255f6f8f614ee94efda8d3d2c6b07edd,ca5b943718da7f1b7953ff4ad2b0aa68,True,False,Men,Apparel,Topwear,Shirts,Blue,Fall,2011,Formal,Indigo Nation Men Stripes Blue Shirts,c:\Users\LEGION\Documents\jupyter_notebook\Fashion-Intelligence-System\A2_FashionDataset\FashionDataset\train\images_train\11103.jpg,False
11104,5455482f584de7f21d0ca9599717a5f8,1b4efd161d8d86e67319e5d5d6030c64,True,False,Men,Apparel,Topwear,Shirts,Black,Fall,2011,Formal,Indigo Nation Men Stripes Black Shirts,c:\Users\LEGION\Documents\jupyter_notebook\Fashion-Intelligence-System\A2_FashionDataset\FashionDataset\train\images_train\11104.jpg,False
11105,5455482f584de7f21d0ca9599717a5f8,1b4efd161d8d86e67319e5d5d6030c64,True,False,Men,Apparel,Topwear,Shirts,Black,Fall,2011,Formal,Indigo Nation Men Stripes Black Shirts,c:\Users\LEGION\Documents\jupyter_notebook\Fashion-Intelligence-System\A2_FashionDataset\FashionDataset\train\images_train\11105.jpg,False
11106,c33a7f1865b94fd930d2512a9cdc9319,053c8807c751e3ecf9c26fb6eafe23bf,True,False,Men,Apparel,Topwear,Shirts,Blue,Fall,2011,Formal,Indigo Nation Men Stripes Blue Shirts,c:\Users\LEGION\Documents\jupyter_notebook\Fashion-Intelligence-System\A2_FashionDataset\FashionDataset\train\images_train\11106.jpg,False
11107,c33a7f1865b94fd930d2512a9cdc9319,053c8807c751e3ecf9c26fb6eafe23bf,True,False,Men,Apparel,Topwear,Shirts,Blue,Fall,2011,Formal,Indigo Nation Men Stripes Blue Shirt,c:\Users\LEGION\Documents\jupyter_notebook\Fashion-Intelligence-System\A2_FashionDataset\FashionDataset\train\images_train\11107.jpg,False
11108,7d33ba58a13ec372478b3e20a4c2ab0d,6497ad5007b16c0b95118aa6e579cbdf,True,False,Men,Apparel,Topwear,Shirts,Black,Fall,2011,Formal,Indigo Nation Men Stripes Black Shirts,c:\Users\LEGION\Documents\jupyter_notebook\Fashion-Intelligence-System\A2_FashionDataset\FashionDataset\train\images_train\11108.jpg,False
11109,7d33ba58a13ec372478b3e20a4c2ab0d,6497ad5007b16c0b95118aa6e579cbdf,True,False,Men,Apparel,Topwear,Shirts,Black,Fall,2011,Formal,Indigo Nation Men Stripes Black Shirts,c:\Users\LEGION\Documents\jupyter_notebook\Fashion-Intelligence-System\A2_FashionDataset\FashionDataset\train\images_train\11109.jpg,False
11110,a2cc869b95cf0ab3872d0d0bcd712aa6,7fc05b9031f1b726d1213758acac15f9,True,False,Men,Apparel,Topwear,Shirts,White,Fall,2011,Formal,Indigo Nation Men Check White Shirts,c:\Users\LEGION\Documents\jupyter_notebook\Fashion-Intelligence-System\A2_FashionDataset\FashionDataset\train\images_train\11110.jpg,False
11111,a2cc869b95cf0ab3872d0d0bcd712aa6,7fc05b9031f1b726d1213758acac15f9,True,False,Men,Apparel,Topwear,Shirts,White,Fall,2011,Formal,Indigo Nation Men Check White Shirts,c:\Users\LEGION\Documents\jupyter_notebook\Fashion-Intelligence-System\A2_FashionDataset\FashionDataset\train\images_train\11111.jpg,False
11112,dc9d39d6b1443e6c2540792a790413b7,c5a73eb2a110e01d05b30de2e5bbf05c,True,False,Men,Apparel,Topwear,Shirts,White,Fall,2011,Formal,Indigo Nation Men Check White Shirts,c:\Users\LEGION\Documents\jupyter_notebook\Fashion-Intelligence-System\A2_FashionDataset\FashionDataset\train\images_train\11112.jpg,False
11113,dc9d39d6b1443e6c2540792a790413b7,c5a73eb2a110e01d05b30de2e5bbf05c,True,False,Men,Apparel,Topwear,Shirts,White,Fall,2011,Formal,Indigo Nation Men Check White Shirt,c:\Users\LEGION\Documents\jupyter_notebook\Fashion-Intelligence-System\A2_FashionDataset\FashionDataset\train\images_train\11113.jpg,False
11114,84fa76b25f8d8c2a487aa3f9a093b1ec,af1d4500933f392ddd65aab61bde52b7,True,False,Men,Apparel,Topwear,Shirts,Purple,Fall,2011,Formal,Indigo Nation Men Check Purple Shirts,c:\Users\LEGION\Documents\jupyter_notebook\Fashion-Intelligence-System\A2_FashionDataset\FashionDataset\train\images_train\11114.jpg,False
11115,84fa76b25f8d8c2a487aa3f9a093b1ec,af1d4500933f392ddd65aab61bde52b7,True,False,Men,Apparel,Topwear,Shirts,Purple,Fall,2011,Formal,Indigo Nation Men Check Purple Shirts,c:\Users\LEGION\Documents\jupyter_notebook\Fashion-Intelligence-System\A2_FashionDataset\FashionDataset\train\images_train\11115.jpg,False
11116,0ce89dcbb4bc16b0bbf614c0736bbce7,30dd85c51e733d30e031f6c9ef987ced,True,False,Men,Apparel,Topwear,Shirts,Grey,Fall,2011,Formal,Indigo Nation Men Solid Grey Shirts,c:\Users\LEGION\Documents\jupyter_notebook\Fashion-Intelligence-System\A2_FashionDataset\FashionDataset\train\images_train\11116.jpg,False
11117,0ce89dcbb4bc16b0bbf614c0736bbce7,30dd85c51e733d30e031f6c9ef987ced,True,False,Men,Apparel,Topwear,Shirts,Grey,Fall,2011,Formal,Indigo Nation Men Solid Grey Shirts,c:\Users\LEGION\Documents\jupyter_notebook\Fashion-Intelligence-System\A2_FashionDataset\FashionDataset\train\images_train\11117.jpg,False
11118,3ea30be1851a9dc82b17a4e4f32e0b8f,617c35b37a79cbe6e1df1b4785feb8d9,True,False,Men,Apparel,Topwear,Shirts,White,Fall,2011,Formal,Indigo Nation Men Solid White Shirts,c:\Users\LEGION\Documents\jupyter_notebook\Fashion-Intelligence-System\A2_FashionDataset\FashionDataset\train\images_train\11118.jpg,False
11119,3ea30be1851a9dc82b17a4e4f32e0b8f,617c35b37a79cbe6e1df1b4785feb8d9,True,False,Men,Apparel,Topwear,Shirts,White,Fall,2011,Formal,Indigo Nation Men Solid White Shirts,c:\Users\LEGION\Documents\jupyter_notebook\Fashion-Intelligence-System\A2_FashionDataset\FashionDataset\train\images_train\11119.jpg,False
11143,01ad38322838e6f23dac5c541646e8ca,ff1fa50bd29b9670188377a523e2eb3f,True,False,Men,Apparel,Topwear,Shirts,Black,Fall,2011,Casual,Scullers Men Price Catch Black Shirts,c:\Users\LEGION\Documents\jupyter_notebook\Fashion-Intelligence-System\A2_FashionDataset\FashionDataset\train\images_train\11143.jpg,False
11144,01ad38322838e6f23dac5c541646e8ca,ff1fa50bd29b9670188377a523e2eb3f,True,False,Men,Apparel,Topwear,Shirts,Black,Fall,2011,Casual,Scullers Men Price Catch Black Shirts,c:\Users\LEGION\Documents\jupyter_notebook\Fashion-Intelligence-System\A2_FashionDataset\FashionDataset\train\images_train\11144.jpg,False
11145,3f538dcf831099ed634d00a03fa07246,9bb82c5e15a30f1fa070fd732134d8f1,True,False,Men,Apparel,Topwear,Shirts,Purple,Fall,2011,Casual,Indigo Nation Men Bling Purple Shirts,c:\Users\LEGION\Documents\jupyter_notebook\Fashion-Intelligence-System\A2_FashionDataset\FashionDataset\train\images_train\11145.jpg,False
11146,3f538dcf831099ed634d00a03fa07246,9bb82c5e15a30f1fa070fd732134d8f1,True,False,Men,Apparel,Topwear,Shirts,Purple,Fall,2011,Casual,Indigo Nation Men Bling Purple Shirts,c:\Users\LEGION\Documents\jupyter_notebook\Fashion-Intelligence-System\A2_FashionDataset\FashionDataset\train\images_train\11146.jpg,False
11147,be88077188c476864ba41fdbe514553e,b9d708be50d4332145a6fd87d5ae0de8,True,False,Men,Apparel,Topwear,Shirts,Purple,Fall,2011,Casual,Scullers Men Fil A Fil Purple Shirts,c:\Users\LEGION\Documents\jupyter_notebook\Fashion-Intelligence-System\A2_FashionDataset\FashionDataset\train\images_train\11147.jpg,False
11148,be88077188c476864ba41fdbe514553e,b9d708be50d4332145a6fd87d5ae0de8,True,False,Men,Apparel,Topwear,Shirts,Purple,Fall,2011,Casual,Scullers Men Fil A Fil Purple Shirts,c:\Users\LEGION\Documents\jupyter_notebook\Fashion-Intelligence-System\A2_FashionDataset\FashionDataset\train\images_train\11148.jpg,False
11161,1b237ac0289f034976206c06b903987e,05fc060afe7fcfa1cbfe1487453d5cff,True,False,Men,Apparel,Topwear,Shirts,Black,Fall,2011,Formal,John Miller Men Solid Black Shirts,c:\Users\LEGION\Documents\jupyter_notebook\Fashion-Intelligence-System\A2_FashionDataset\FashionDataset\train\images_train\11161.jpg,False
11162,1b237ac0289f034976206c06b903987e,05fc060afe7fcfa1cbfe1487453d5cff,True,False,Men,Apparel,Topwear,Shirts,Black,Fall,2011,Formal,John Miller Men Solid Black Shirts,c:\Users\LEGION\Documents\jupyter_notebook\Fashion-Intelligence-System\A2_FashionDataset\FashionDataset\train\images_train\11162.jpg,False
11163,be4b5631b5ea424014334bb9ab53c640,12d052178546e0144e7a04d54513601e,True,False,Men,Apparel,Topwear,Shirts,Blue,Fall,2011,Formal,John Miller Men Solid Blue Shirts,c:\Users\LEGION\Documents\jupyter_notebook\Fashion-Intelligence-System\A2_FashionDataset\FashionDataset\train\images_train\11163.jpg,False
11164,be4b5631b5ea424014334bb9ab53c640,12d052178546e0144e7a04d54513601e,True,False,Men,Apparel,Topwear,Shirts,Blue,Fall,2011,Formal,John Miller Men Solid Blue Shirts,c:\Users\LEGION\Documents\jupyter_notebook\Fashion-Intelligence-System\A2_FashionDataset\FashionDataset\train\images_train\11164.jpg,False
11165,f557f423340ca552ff09d0002a759472,dfd30f8636e5bdc58c2d36bf43524cd5,True,False,Men,Apparel,Topwear,Shirts,Purple,Fall,2011,Formal,John Miller Men Solid Purple Shirts,c:\Users\LEGION\Documents\jupyter_notebook\Fashion-Intelligence-System\A2_FashionDataset\FashionDataset\train\images_train\11165.jpg,False
11166,f557f423340ca552ff09d0002a759472,dfd30f8636e5bdc58c2d36bf43524cd5,True,False,Men,Apparel,Topwear,Shirts,Purple,Fall,2011,Formal,John Miller Men Solid Purple Shirt,c:\Users\LEGION\Documents\jupyter_notebook\Fashion-Intelligence-System\A2_FashionDataset\FashionDataset\train\images_train\11166.jpg,False
11167,356e8f9a950291c82a956cc584fb9207,b74553de519c0284dcf9b29750edf0bb,True,False,Men,Apparel,Topwear,Shirts,Brown,Fall,2011,Formal,John Miller Men Solid Brown Shirts,c:\Users\LEGION\Documents\jupyter_notebook\Fashion-Intelligence-System\A2_FashionDataset\FashionDataset\train\images_train\11167.jpg,False
11168,356e8f9a950291c82a956cc584fb9207,b74553de519c0284dcf9b29750edf0bb,True,False,Men,Apparel,Topwear,Shirts,Brown,Fall,2011,Formal,John Miller Men Solid Brown Shirts,c:\Users\LEGION\Documents\jupyter_notebook\Fashion-Intelligence-System\A2_FashionDataset\FashionDataset\train\images_train\11168.jpg,False
11346,cf8b03410be3a36b8b34ac44f4ad4359,9f15bb419c7c3f7ca5d5bec8e96f2966,True,False,Men,Apparel,Bottomwear,Jeans,Blue,Spring,2013,Casual,Lee Men Blue Zed Fit Jeans,c:\Users\LEGION\Documents\jupyter_notebook\Fashion-Intelligence-System\A2_FashionDataset\FashionDataset\train\images_train\11346.jpg,True
11347,cf8b03410be3a36b8b34ac44f4ad4359,9f15bb419c7c3f7ca5d5bec8e96f2966,True,False,Men,Apparel,Bottomwear,Jeans,Blue,Summer,2017,Casual,Lee Men Elvira Rinse Blue Chicago Fit Jeans,c:\Users\LEGION\Documents\jupyter_notebook\Fashion-Intelligence-System\A2_FashionDataset\FashionDataset\train\images_train\11347.jpg,True
1165,db3ae1a3683beb8030aa14691a4dc214,3e76bf8784467e982eb4f66c14509c0c,True,False,Men,Apparel,Topwear,Tshirts,Blue,Summer,2013,Sports,Nike Mean Team India Cricket Jersey,c:\Users\LEGION\Documents\jupyter_notebook\Fashion-Intelligence-System\A2_FashionDataset\FashionDataset\train\images_train\1165.jpg,True
5062,db3ae1a3683beb8030aa14691a4dc214,3e76bf8784467e982eb4f66c14509c0c,True,False,Men,Accessories,Watches,Watches,Black,Winter,2016,Casual,Being Human Men Black Dial Steel Plated Strap Watch,c:\Users\LEGION\Documents\jupyter_notebook\Fashion-Intelligence-System\A2_FashionDataset\FashionDataset\train\images_train\5062.jpg,True
12170,3a83143694fc185b538b4f00dea8dbf5,a750ba81c019825031c67f71d14dc8fa,True,False,Men,Apparel,Topwear,Shirts,White,Fall,2011,Casual,Basics Men Solid White Slim Fit Shirt,c:\Users\LEGION\Documents\jupyter_notebook\Fashion-Intelligence-System\A2_FashionDataset\FashionDataset\train\images_train\12170.jpg,False
12471,3a83143694fc185b538b4f00dea8dbf5,a750ba81c019825031c67f71d14dc8fa,True,False,Men,Apparel,Topwear,Shirts,White,Fall,2011,Casual,Basics Men White Slim Fit Shirt,c:\Users\LEGION\Documents\jupyter_notebook\Fashion-Intelligence-System\A2_FashionDataset\FashionDataset\train\images_train\12471.jpg,False
12193,3d2d7045578c574c4a646b2395250ebc,da370f39fe39061123baabc1f4ce0fef,True,False,Men,Apparel,Topwear,Shirts,White,Fall,2011,Casual,Basics Men White Checked Shirt,c:\Users\LEGION\Documents\jupyter_notebook\Fashion-Intelligence-System\A2_FashionDataset\FashionDataset\train\images_train\12193.jpg,False
12469,3d2d7045578c574c4a646b2395250ebc,da370f39fe39061123baabc1f4ce0fef,True,False,Men,Apparel,Topwear,Shirts,Blue,Fall,2011,Casual,Basics Men Blue Checked Shirt,c:\Users\LEGION\Documents\jupyter_notebook\Fashion-Intelligence-System\A2_FashionDataset\FashionDataset\train\images_train\12469.jpg,False
12208,2c260e597b06079d540425c3a72ac593,3fbd3ab88b0520f271c673d3e9f2fb8a,True,False,Men,Apparel,Topwear,Tshirts,Green,Fall,2011,Casual,Basics Men Green Striped T-shirt,c:\Users\LEGION\Documents\jupyter_notebook\Fashion-Intelligence-System\A2_FashionDataset\FashionDataset\train\images_train\12208.jpg,False
12209,2c260e597b06079d540425c3a72ac593,3fbd3ab88b0520f271c673d3e9f2fb8a,True,False,Men,Apparel,Topwear,Tshirts,White,Fall,2011,Casual,Basics Men White T-shirt,c:\Users\LEGION\Documents\jupyter_notebook\Fashion-Intelligence-System\A2_FashionDataset\FashionDataset\train\images_train\12209.jpg,False
12345,228b9460815b5979f7213477f73d2206,2b155e08cafa99211294d10378c50193,True,False,Women,Apparel,Saree,Sarees,Maroon,Spring,2018,Ethnic,Xoxo Women Maroon Pure Georgette Solid Ready-to-wear Saree,c:\Users\LEGION\Documents\jupyter_notebook\Fashion-Intelligence-System\A2_FashionDataset\FashionDataset\train\images_train\12345.jpg,True
12346,228b9460815b5979f7213477f73d2206,2b155e08cafa99211294d10378c50193,True,False,Women,Apparel,Topwear,Tshirts,Grey,Fall,2011,Formal,Reebok Women Grey Solid V-Neck T-shirt,c:\Users\LEGION\Documents\jupyter_notebook\Fashion-Intelligence-System\A2_FashionDataset\FashionDataset\train\images_train\12346.jpg,True
13026,f2f10f7c4c37e5205c524217d8933f32,dec632132c5a6be81e5eabed547e6d52,True,False,Women,Footwear,Shoes,Heels,Gold,Winter,2012,Casual,Inc 5 Women Casual Gold Heels,c:\Users\LEGION\Documents\jupyter_notebook\Fashion-Intelligence-System\A2_FashionDataset\FashionDataset\train\images_train\13026.jpg,False
22277,f2f10f7c4c37e5205c524217d8933f32,dec632132c5a6be81e5eabed547e6d52,True,False,Women,Footwear,Shoes,Heels,Gold,Winter,2012,Casual,Inc.5 Women Gold Casual Heels,c:\Users\LEGION\Documents\jupyter_notebook\Fashion-Intelligence-System\A2_FashionDataset\FashionDataset\train\images_train\22277.jpg,False
13216,adfbeed3a146af7cd5d8f45bb9f4d0ce,cdbdad7f4835a03c7485ae3f39864b58,True,False,Men,Apparel,Topwear,Shirts,White,Fall,2011,Casual,Palm Tree Kids Boys Solid White Shirts,c:\Users\LEGION\Documents\jupyter_notebook\Fashion-Intelligence-System\A2_FashionDataset\FashionDataset\train\images_train\13216.jpg,False
13217,adfbeed3a146af7cd5d8f45bb9f4d0ce,cdbdad7f4835a03c7485ae3f39864b58,True,False,Men,Apparel,Topwear,Shirts,White,Fall,2011,Casual,Palm Tree Kids Boys Solid White Shirts,c:\Users\LEGION\Documents\jupyter_notebook\Fashion-Intelligence-System\A2_FashionDataset\FashionDataset\train\images_train\13217.jpg,False
13218,ad662d7eff938912710fac3089ad88a1,570e2713d9bfa190d66666aec47f3e75,True,False,Men,Apparel,Topwear,Shirts,White,Fall,2011,Casual,Palm Tree Kids Boys Solid White Shirts,c:\Users\LEGION\Documents\jupyter_notebook\Fashion-Intelligence-System\A2_FashionDataset\FashionDataset\train\images_train\13218.jpg,False
13219,ad662d7eff938912710fac3089ad88a1,570e2713d9bfa190d66666aec47f3e75,True,False,Men,Apparel,Topwear,Shirts,White,Fall,2011,Casual,Palm Tree Kids Boys Solid White Shirts,c:\Users\LEGION\Documents\jupyter_notebook\Fashion-Intelligence-System\A2_FashionDataset\FashionDataset\train\images_train\13219.jpg,False
13220,6793d9a87422fcdf1c5e24104b08f7dd,c8d8dff4e03aada42e11597d0eeaddd6,True,False,Men,Apparel,Topwear,Tshirts,Blue,Fall,2011,Casual,Palm Tree Kids Boys Printed Blue Tshirts,c:\Users\LEGION\Documents\jupyter_notebook\Fashion-Intelligence-System\A2_FashionDataset\FashionDataset\train\images_train\13220.jpg,False
13221,6793d9a87422fcdf1c5e24104b08f7dd,c8d8dff4e03aada42e11597d0eeaddd6,True,False,Men,Apparel,Topwear,Tshirts,Blue,Fall,2011,Casual,Palm Tree Kids Boys Printed Blue Tshirts,c:\Users\LEGION\Documents\jupyter_notebook\Fashion-Intelligence-System\A2_FashionDataset\FashionDataset\train\images_train\13221.jpg,False
13222,da936fae2a2ce9f5959d6d353e630794,921b8bc04c9c2cb42802d856e85d0e3a,True,False,Men,Apparel,Bottomwear,Shorts,Blue,Fall,2011,Casual,Palm Tree Kids Boys Washed Blue Shorts,c:\Users\LEGION\Documents\jupyter_notebook\Fashion-Intelligence-System\A2_FashionDataset\FashionDataset\train\images_train\13222.jpg,False
13223,da936fae2a2ce9f5959d6d353e630794,921b8bc04c9c2cb42802d856e85d0e3a,True,False,Men,Apparel,Bottomwear,Shorts,Blue,Fall,2011,Casual,Palm Tree Kids Boys Washed Blue Shorts,c:\Users\LEGION\Documents\jupyter_notebook\Fashion-Intelligence-System\A2_FashionDataset\FashionDataset\train\images_train\13223.jpg,False
13224,2a23ef655ed261d5229ce80d1daf06ab,604711b9f74fb2680a7a60e3d8abcaa7,True,False,Men,Apparel,Topwear,Sweatshirts,Blue,Fall,2011,Casual,Palm Tree Kids Boys Printed Blue Sweatshirts,c:\Users\LEGION\Documents\jupyter_notebook\Fashion-Intelligence-System\A2_FashionDataset\FashionDataset\train\images_train\13224.jpg,False
13225,2a23ef655ed261d5229ce80d1daf06ab,604711b9f74fb2680a7a60e3d8abcaa7,True,False,Men,Apparel,Topwear,Sweatshirts,Blue,Fall,2011,Casual,Palm Tree Kids Boys Printed Blue Sweatshirts,c:\Users\LEGION\Documents\jupyter_notebook\Fashion-Intelligence-System\A2_FashionDataset\FashionDataset\train\images_train\13225.jpg,False
13226,7cd7d190e218d6cd607ee28c40240925,82340e12eb14c2c8ef066c10e059e006,True,False,Men,Apparel,Topwear,Tshirts,Brown,Fall,2011,Casual,Palm Tree Kids Boys Printed Brown Tshirts,c:\Users\LEGION\Documents\jupyter_notebook\Fashion-Intelligence-System\A2_FashionDataset\FashionDataset\train\images_train\13226.jpg,False
13227,7cd7d190e218d6cd607ee28c40240925,82340e12eb14c2c8ef066c10e059e006,True,False,Men,Apparel,Topwear,Tshirts,Brown,Fall,2011,Casual,Palm Tree Kids Boys Printed Brown Tshirts,c:\Users\LEGION\Documents\jupyter_notebook\Fashion-Intelligence-System\A2_FashionDataset\FashionDataset\train\images_train\13227.jpg,False
13230,5c85632eb50f664b2efa3bf008a69225,c3fbdc281192b190794ffe5ae39d76d4,True,False,Men,Apparel,Bottomwear,Shorts,Blue,Fall,2011,Casual,Palm Tree Kids Boys Washed Blue Shorts,c:\Users\LEGION\Documents\jupyter_notebook\Fashion-Intelligence-System\A2_FashionDataset\FashionDataset\train\images_train\13230.jpg,False
13231,5c85632eb50f664b2efa3bf008a69225,c3fbdc281192b190794ffe5ae39d76d4,True,False,Men,Apparel,Bottomwear,Shorts,Blue,Fall,2011,Casual,Palm Tree Kids Boys Washed Blue Shorts,c:\Users\LEGION\Documents\jupyter_notebook\Fashion-Intelligence-System\A2_FashionDataset\FashionDataset\train\images_train\13231.jpg,False
13232,e9d4511c3e089ab4d9c2f6fd1ddf285f,fef733c19c9988dd44c98010c2011a23,True,False,Men,Apparel,Topwear,Tshirts,Orange,Fall,2011,Casual,Palm Tree Kids Boys Printed Orange Tshirts,c:\Users\LEGION\Documents\jupyter_notebook\Fashion-Intelligence-System\A2_FashionDataset\FashionDataset\train\images_train\13232.jpg,False
13233,e9d4511c3e089ab4d9c2f6fd1ddf285f,fef733c19c9988dd44c98010c2011a23,True,False,Men,Apparel,Topwear,Tshirts,Orange,Fall,2011,Casual,Palm Tree Kids Boys Printed Orange Tshirts,c:\Users\LEGION\Documents\jupyter_notebook\Fashion-Intelligence-System\A2_FashionDataset\FashionDataset\train\images_train\13233.jpg,False
13234,48d616a57c22ce0fb4c90a0d3b3054d4,4bf8250b643c04d968eee488fd94a98a,True,False,Men,Apparel,Topwear,Tshirts,Blue,Fall,2011,Casual,Palm Tree Kids Boys Stripes Blue Tshirts,c:\Users\LEGION\Documents\jupyter_notebook\Fashion-Intelligence-System\A2_FashionDataset\FashionDataset\train\images_train\13234.jpg,False
13235,48d616a57c22ce0fb4c90a0d3b3054d4,4bf8250b643c04d968eee488fd94a98a,True,False,Men,Apparel,Topwear,Tshirts,Blue,Fall,2011,Casual,Palm Tree Kids Boys Stripes Blue Tshirts,c:\Users\LEGION\Documents\jupyter_notebook\Fashion-Intelligence-System\A2_FashionDataset\FashionDataset\train\images_train\13235.jpg,False
13236,19d2ebdff3537f3517416cc8fde88f9f,44480c774dc3a9e121933cbd8b669586,True,False,Men,Apparel,Bottomwear,Shorts,Blue,Fall,2011,Casual,Palm Tree Kids Boys Washed Blue Shorts,c:\Users\LEGION\Documents\jupyter_notebook\Fashion-Intelligence-System\A2_FashionDataset\FashionDataset\train\images_train\13236.jpg,False
13237,19d2ebdff3537f3517416cc8fde88f9f,44480c774dc3a9e121933cbd8b669586,True,False,Men,Apparel,Bottomwear,Shorts,Blue,Fall,2011,Casual,Palm Tree Kids Boys Washed Blue Shorts,c:\Users\LEGION\Documents\jupyter_notebook\Fashion-Intelligence-System\A2_FashionDataset\FashionDataset\train\images_train\13237.jpg,False
13238,0fa1ffd8769640dc7eeabf27955375a4,915a8cb221702a1e07a1c9aed8eb374c,True,False,Men,Apparel,Topwear,Tshirts,Brown,Fall,2011,Casual,Palm Tree Kids Boys Printed Brown Tshirts,c:\Users\LEGION\Documents\jupyter_notebook\Fashion-Intelligence-System\A2_FashionDataset\FashionDataset\train\images_train\13238.jpg,False
13239,0fa1ffd8769640dc7eeabf27955375a4,915a8cb221702a1e07a1c9aed8eb374c,True,False,Men,Apparel,Topwear,Tshirts,Brown,Fall,2011,Casual,Palm Tree Kids Boys Printed Brown Tshirts,c:\Users\LEGION\Documents\jupyter_notebook\Fashion-Intelligence-System\A2_FashionDataset\FashionDataset\train\images_train\13239.jpg,False
13240,1ae786a53f7f09a5399c3ff69a7a134e,db60c5df13f2e2d79982c4ef1dec7540,True,False,Men,Apparel,Topwear,Jackets,White,Fall,2011,Casual,Palm Tree Kids Boys Solid White Jackets,c:\Users\LEGION\Documents\jupyter_notebook\Fashion-Intelligence-System\A2_FashionDataset\FashionDataset\train\images_train\13240.jpg,False
13241,1ae786a53f7f09a5399c3ff69a7a134e,db60c5df13f2e2d79982c4ef1dec7540,True,False,Men,Apparel,Topwear,Jackets,White,Fall,2011,Casual,Palm Tree Kids Boys Solid White Jackets,c:\Users\LEGION\Documents\jupyter_notebook\Fashion-Intelligence-System\A2_FashionDataset\FashionDataset\train\images_train\13241.jpg,False
13242,0d9b99396b787b0b9423c279c72e9c81,98d2861996725d30dd6ba7772b17c803,True,False,Men,Apparel,Bottomwear,Shorts,Beige,Fall,2011,Casual,Palm Tree Kids Boys Solid Beige Shorts,c:\Users\LEGION\Documents\jupyter_notebook\Fashion-Intelligence-System\A2_FashionDataset\FashionDataset\train\images_train\13242.jpg,False
13243,0d9b99396b787b0b9423c279c72e9c81,98d2861996725d30dd6ba7772b17c803,True,False,Men,Apparel,Bottomwear,Shorts,Beige,Fall,2011,Casual,Palm Tree Kids Boys Solid Beige Shorts,c:\Users\LEGION\Documents\jupyter_notebook\Fashion-Intelligence-System\A2_FashionDataset\FashionDataset\train\images_train\13243.jpg,False
13244,0e4337aa44fce32af2228b9d5ba86d85,cb91264beb4ac5bb23b8ef7eb96d0381,True,False,Men,Apparel,Bottomwear,Shorts,Black,Fall,2011,Casual,Palm Tree Kids Boys Solid Black Shorts,c:\Users\LEGION\Documents\jupyter_notebook\Fashion-Intelligence-System\A2_FashionDataset\FashionDataset\train\images_train\13244.jpg,False
13245,0e4337aa44fce32af2228b9d5ba86d85,cb91264beb4ac5bb23b8ef7eb96d0381,True,False,Men,Apparel,Bottomwear,Shorts,Black,Fall,2011,Casual,Palm Tree Kids Boys Solid Black Shorts,c:\Users\LEGION\Documents\jupyter_notebook\Fashion-Intelligence-System\A2_FashionDataset\FashionDataset\train\images_train\13245.jpg,False
13255,d3a16a97ae0675d5cb88160cae198a02,4c500deda750f88074a8e8c0776449ba,True,False,Men,Apparel,Bottomwear,Shorts,White,Fall,2011,Casual,Palm Tree Kids Boys Check White Shorts,c:\Users\LEGION\Documents\jupyter_notebook\Fashion-Intelligence-System\A2_FashionDataset\FashionDataset\train\images_train\13255.jpg,False
13256,d3a16a97ae0675d5cb88160cae198a02,4c500deda750f88074a8e8c0776449ba,True,False,Men,Apparel,Bottomwear,Shorts,White,Fall,2011,Casual,Palm Tree Kids Boys Check White Shorts,c:\Users\LEGION\Documents\jupyter_notebook\Fashion-Intelligence-System\A2_FashionDataset\FashionDataset\train\images_train\13256.jpg,False
13263,7d0a81ce44a5e9fc34617cee4f677c75,be606431764cf2a86e1d1a00b578af93,True,False,Women,Apparel,Bottomwear,Skirts,Pink,Fall,2011,Casual,Palm Tree Kids Girl Solid Pink Skirts,c:\Users\LEGION\Documents\jupyter_notebook\Fashion-Intelligence-System\A2_FashionDataset\FashionDataset\train\images_train\13263.jpg,False
13264,7d0a81ce44a5e9fc34617cee4f677c75,be606431764cf2a86e1d1a00b578af93,True,False,Women,Apparel,Bottomwear,Skirts,Pink,Fall,2011,Casual,Palm Tree Kids Girls Solid Pink Skirts,c:\Users\LEGION\Documents\jupyter_notebook\Fashion-Intelligence-System\A2_FashionDataset\FashionDataset\train\images_train\13264.jpg,False
13267,20877aa63e6622e7c88f6ff335bdf41c,2dc7dd6464c720cbbf9d336f760b7d86,True,False,Women,Apparel,Topwear,Tops,Pink,Fall,2011,Casual,Palm Tree Kids Girls Printed Pink Tops,c:\Users\LEGION\Documents\jupyter_notebook\Fashion-Intelligence-System\A2_FashionDataset\FashionDataset\train\images_train\13267.jpg,False
13268,20877aa63e6622e7c88f6ff335bdf41c,2dc7dd6464c720cbbf9d336f760b7d86,True,False,Women,Apparel,Topwear,Tops,Pink,Fall,2011,Casual,Palm Tree Kids Girls Printed Pink Tops,c:\Users\LEGION\Documents\jupyter_notebook\Fashion-Intelligence-System\A2_FashionDataset\FashionDataset\train\images_train\13268.jpg,False
13269,bb163ec8f68f096dc7380dde522a9afe,29bf8b40cde182607dc70b3fadc7b28f,True,False,Women,Apparel,Topwear,Tops,White,Fall,2011,Casual,Palm Tree Kids Girls Printed White Tops,c:\Users\LEGION\Documents\jupyter_notebook\Fashion-Intelligence-System\A2_FashionDataset\FashionDataset\train\images_train\13269.jpg,False
13270,bb163ec8f68f096dc7380dde522a9afe,29bf8b40cde182607dc70b3fadc7b28f,True,False,Women,Apparel,Topwear,Tops,White,Fall,2011,Casual,Palm Tree Kids Girls Printed White Tops,c:\Users\LEGION\Documents\jupyter_notebook\Fashion-Intelligence-System\A2_FashionDataset\FashionDataset\train\images_train\13270.jpg,False
13284,341529e9aed705f67981521a68acc02e,ce3d143c3012ead54a2ca81b10798f72,True,False,Men,Apparel,Bottomwear,Shorts,Black,Fall,2011,Casual,Gini and Jony Kids Boys Solid Black Shorts,c:\Users\LEGION\Documents\jupyter_notebook\Fashion-Intelligence-System\A2_FashionDataset\FashionDataset\train\images_train\13284.jpg,False
13285,341529e9aed705f67981521a68acc02e,ce3d143c3012ead54a2ca81b10798f72,True,False,Men,Apparel,Bottomwear,Shorts,Black,Fall,2011,Casual,Gini and Jony Kids Boys Solid Black Shorts,c:\Users\LEGION\Documents\jupyter_notebook\Fashion-Intelligence-System\A2_FashionDataset\FashionDataset\train\images_train\13285.jpg,False
13286,8090689f468ba1369ee8c483bfeb1068,a9dbc7982f81fcdcb8d5f9d0ef4ca500,True,False,Men,Apparel,Topwear,Shirts,Black,Fall,2011,Casual,Gini and Jony Kids Boys Check Black Shirts,c:\Users\LEGION\Documents\jupyter_notebook\Fashion-Intelligence-System\A2_FashionDataset\FashionDataset\train\images_train\13286.jpg,False
13287,8090689f468ba1369ee8c483bfeb1068,a9dbc7982f81fcdcb8d5f9d0ef4ca500,True,False,Men,Apparel,Topwear,Shirts,Black,Fall,2011,Casual,Gini and Jony Kids Boys Check Black Shirts,c:\Users\LEGION\Documents\jupyter_notebook\Fashion-Intelligence-System\A2_FashionDataset\FashionDataset\train\images_train\13287.jpg,False
13291,ae15e8c9e2ab6b040446ae27cb71406e,1c23dd83122776650eeb5737e9299eab,True,False,Men,Apparel,Topwear,Tshirts,Green,Fall,2011,Casual,Gini and Jony Kids Boys Printed Green Tshirts,c:\Users\LEGION\Documents\jupyter_notebook\Fashion-Intelligence-System\A2_FashionDataset\FashionDataset\train\images_train\13291.jpg,False
13292,ae15e8c9e2ab6b040446ae27cb71406e,1c23dd83122776650eeb5737e9299eab,True,False,Men,Apparel,Topwear,Tshirts,Green,Fall,2011,Casual,Gini and Jony Kids Boys Printed Green Tshirts,c:\Users\LEGION\Documents\jupyter_notebook\Fashion-Intelligence-System\A2_FashionDataset\FashionDataset\train\images_train\13292.jpg,False
13294,91a3543c2d93b9e47f02038299548953,90b137338a67cd03c98364fc6f4cab22,True,False,Women,Apparel,Topwear,Tops,Pink,Fall,2011,Casual,Gini and Jony Women Printed Pink Tops,c:\Users\LEGION\Documents\jupyter_notebook\Fashion-Intelligence-System\A2_FashionDataset\FashionDataset\train\images_train\13294.jpg,False
13295,91a3543c2d93b9e47f02038299548953,90b137338a67cd03c98364fc6f4cab22,True,False,Women,Apparel,Topwear,Tops,Pink,Fall,2011,Casual,Gini and Jony Kids Girls Printed Pink Tops,c:\Users\LEGION\Documents\jupyter_notebook\Fashion-Intelligence-System\A2_FashionDataset\FashionDataset\train\images_train\13295.jpg,False
13296,de9d232a63d6ba19de5549c962430b41,e13fc8399fcc95eed0bc65e37153cff9,True,False,Men,Apparel,Topwear,Tshirts,White,Fall,2011,Casual,Gini and Jony Kids Boys Printed White Tshirts,c:\Users\LEGION\Documents\jupyter_notebook\Fashion-Intelligence-System\A2_FashionDataset\FashionDataset\train\images_train\13296.jpg,False
13297,de9d232a63d6ba19de5549c962430b41,e13fc8399fcc95eed0bc65e37153cff9,True,False,Men,Apparel,Topwear,Tshirts,White,Fall,2011,Casual,Gini and Jony Kids Boys Printed White Tshirts,c:\Users\LEGION\Documents\jupyter_notebook\Fashion-Intelligence-System\A2_FashionDataset\FashionDataset\train\images_train\13297.jpg,False
13300,0ef0f84fe6515907c07303d2cb36622b,ac241a8f78f03bddbea459b62ad2495f,True,False,Men,Apparel,Bottomwear,Shorts,Beige,Fall,2011,Casual,Gini and Jony Men Solid Beige Shorts,c:\Users\LEGION\Documents\jupyter_notebook\Fashion-Intelligence-System\A2_FashionDataset\FashionDataset\train\images_train\13300.jpg,False
13301,0ef0f84fe6515907c07303d2cb36622b,ac241a8f78f03bddbea459b62ad2495f,True,False,Men,Apparel,Bottomwear,Shorts,Beige,Fall,2011,Casual,Gini and Jony Kids Boys Solid Beige Shorts,c:\Users\LEGION\Documents\jupyter_notebook\Fashion-Intelligence-System\A2_FashionDataset\FashionDataset\train\images_train\13301.jpg,False
13302,3aa79465a8568b1c10be7cf725c4bd66,76703e4379c31b4312140ceb65fb580c,True,False,Men,Apparel,Bottomwear,Shorts,Beige,Fall,2011,Casual,Gini and Jony Kids Boys Solid Beige Shorts,c:\Users\LEGION\Documents\jupyter_notebook\Fashion-Intelligence-System\A2_FashionDataset\FashionDataset\train\images_train\13302.jpg,False
13303,3aa79465a8568b1c10be7cf725c4bd66,76703e4379c31b4312140ceb65fb580c,True,False,Men,Apparel,Bottomwear,Shorts,Beige,Fall,2011,Casual,Gini and Jony Kids Boys Solid Beige Shorts,c:\Users\LEGION\Documents\jupyter_notebook\Fashion-Intelligence-System\A2_FashionDataset\FashionDataset\train\images_train\13303.jpg,False
13304,f0a1a88339a8aba41cf5451a1e2f4484,a1e31d5bbe991a3fccac4649f2203a72,True,False,Women,Apparel,Bottomwear,Skirts,Red,Fall,2011,Casual,Gini and Jony Kids Girls Solid Red Skirts,c:\Users\LEGION\Documents\jupyter_notebook\Fashion-Intelligence-System\A2_FashionDataset\FashionDataset\train\images_train\13304.jpg,False
13305,f0a1a88339a8aba41cf5451a1e2f4484,a1e31d5bbe991a3fccac4649f2203a72,True,False,Women,Apparel,Bottomwear,Skirts,Red,Fall,2011,Casual,Gini and Jony Kids Girls Solid Red Skirts,c:\Users\LEGION\Documents\jupyter_notebook\Fashion-Intelligence-System\A2_FashionDataset\FashionDataset\train\images_train\13305.jpg,False
13306,f601c0dbb8274aa561ad50cc432ca654,af532067d20b8456415d47955a66224e,True,False,Boys,Apparel,Bottomwear,Trousers,Black,Fall,2011,Casual,Gini and Jony Kids Solid Black Trousers,c:\Users\LEGION\Documents\jupyter_notebook\Fashion-Intelligence-System\A2_FashionDataset\FashionDataset\train\images_train\13306.jpg,True
13307,f601c0dbb8274aa561ad50cc432ca654,af532067d20b8456415d47955a66224e,True,False,Men,Apparel,Bottomwear,Trousers,Black,Fall,2011,Casual,Gini and Jony Kids Solid Black Trousers,c:\Users\LEGION\Documents\jupyter_notebook\Fashion-Intelligence-System\A2_FashionDataset\FashionDataset\train\images_train\13307.jpg,True
13308,98df4a57d69d853f3d829bdb5cc5f7b1,fa65f8149c6d53f1a31c37c1049e7772,True,False,Women,Apparel,Topwear,Tops,White,Fall,2011,Casual,Gini and Jony Kids Girls Printed White Tops,c:\Users\LEGION\Documents\jupyter_notebook\Fashion-Intelligence-System\A2_FashionDataset\FashionDataset\train\images_train\13308.jpg,False
13309,98df4a57d69d853f3d829bdb5cc5f7b1,fa65f8149c6d53f1a31c37c1049e7772,True,False,Women,Apparel,Topwear,Tops,White,Fall,2011,Casual,Gini and Jony Kids Girls Printed White Tops,c:\Users\LEGION\Documents\jupyter_notebook\Fashion-Intelligence-System\A2_FashionDataset\FashionDataset\train\images_train\13309.jpg,False
13311,3821d17e5fa68547191da9fa8d32a585,0d71e948b5b78bf97bd15b6e8b89b70f,True,False,Men,Apparel,Topwear,Shirts,Navy Blue,Fall,2011,Casual,Gini and Jony Kids Boys Solid Navy Blue Shirts,c:\Users\LEGION\Documents\jupyter_notebook\Fashion-Intelligence-System\A2_FashionDataset\FashionDataset\train\images_train\13311.jpg,False
13312,3821d17e5fa68547191da9fa8d32a585,0d71e948b5b78bf97bd15b6e8b89b70f,True,False,Men,Apparel,Topwear,Shirts,Navy Blue,Fall,2011,Casual,Gini and Jony Kids Boys Solid Navy Blue Shirts,c:\Users\LEGION\Documents\jupyter_notebook\Fashion-Intelligence-System\A2_FashionDataset\FashionDataset\train\images_train\13312.jpg,False
13313,2d44968d1a6707fd8495e3a017f2c739,22361b3cf65ae21ee114323d16a1e349,True,False,Men,Apparel,Topwear,Shirts,Red,Fall,2011,Casual,Gini and Jony Kids Boys Check Red Shirts,c:\Users\LEGION\Documents\jupyter_notebook\Fashion-Intelligence-System\A2_FashionDataset\FashionDataset\train\images_train\13313.jpg,False
13314,2d44968d1a6707fd8495e3a017f2c739,22361b3cf65ae21ee114323d16a1e349,True,False,Men,Apparel,Topwear,Shirts,Red,Fall,2011,Casual,Gini and Jony Kids Boys Check Red Shirts,c:\Users\LEGION\Documents\jupyter_notebook\Fashion-Intelligence-System\A2_FashionDataset\FashionDataset\train\images_train\13314.jpg,False
13315,aec3f8d6b7ae5a62f8089471f1582888,299139631d56cd5d70669a1837e8965b,True,False,Men,Apparel,Topwear,Shirts,Blue,Fall,2011,Casual,Gini and Jony Kids Boys Check Blue Shirts,c:\Users\LEGION\Documents\jupyter_notebook\Fashion-Intelligence-System\A2_FashionDataset\FashionDataset\train\images_train\13315.jpg,False
13316,aec3f8d6b7ae5a62f8089471f1582888,299139631d56cd5d70669a1837e8965b,True,False,Men,Apparel,Topwear,Shirts,Blue,Fall,2011,Casual,Gini and Jony Kids Boys Check Blue Shirts,c:\Users\LEGION\Documents\jupyter_notebook\Fashion-Intelligence-System\A2_FashionDataset\FashionDataset\train\images_train\13316.jpg,False
13318,ac7436120166fd653b02566a5b1797b6,92ed19db03b96d0db89448e78a480c74,True,False,Men,Apparel,Topwear,Shirts,Green,Fall,2011,Casual,Gini and Jony Kids Boys Check Green Shirts,c:\Users\LEGION\Documents\jupyter_notebook\Fashion-Intelligence-System\A2_FashionDataset\FashionDataset\train\images_train\13318.jpg,False
13319,ac7436120166fd653b02566a5b1797b6,92ed19db03b96d0db89448e78a480c74,True,False,Men,Apparel,Topwear,Shirts,Green,Fall,2011,Casual,Gini and Jony Kids Boys Check Green Shirts,c:\Users\LEGION\Documents\jupyter_notebook\Fashion-Intelligence-System\A2_FashionDataset\FashionDataset\train\images_train\13319.jpg,False
13320,56e941e735081d5bd42d1479a671b037,0d176828f089dd61dc40e501522d49cb,True,False,Men,Apparel,Topwear,Shirts,Pink,Fall,2011,Casual,Gini and Jony Kids Boys Stripes Pink Shirts,c:\Users\LEGION\Documents\jupyter_notebook\Fashion-Intelligence-System\A2_FashionDataset\FashionDataset\train\images_train\13320.jpg,False
13321,56e941e735081d5bd42d1479a671b037,0d176828f089dd61dc40e501522d49cb,True,False,Men,Apparel,Topwear,Shirts,Pink,Fall,2011,Casual,Gini and Jony Kids Boys Stripes Pink Shirts,c:\Users\LEGION\Documents\jupyter_notebook\Fashion-Intelligence-System\A2_FashionDataset\FashionDataset\train\images_train\13321.jpg,False
13322,7391f2951aa0daa542200530c26099e5,80733bd183ddf6a4ec19440b8f222972,True,False,Men,Apparel,Topwear,Shirts,Green,Fall,2011,Casual,Gini and Jony Kids Boys Stripes Green Shirts,c:\Users\LEGION\Documents\jupyter_notebook\Fashion-Intelligence-System\A2_FashionDataset\FashionDataset\train\images_train\13322.jpg,False
13323,7391f2951aa0daa542200530c26099e5,80733bd183ddf6a4ec19440b8f222972,True,False,Men,Apparel,Topwear,Shirts,Green,Fall,2011,Casual,Gini and Jony Kids Boys Stripes Green Tshirts,c:\Users\LEGION\Documents\jupyter_notebook\Fashion-Intelligence-System\A2_FashionDataset\FashionDataset\train\images_train\13323.jpg,False
13325,8b03133bd451ba6f4f77b57fd0a6eba1,6228d073da573606a5b4c26b07df61fc,True,False,Men,Apparel,Topwear,Shirts,Brown,Fall,2011,Casual,Gini and Jony Kids Boys Printed Brown Shirts,c:\Users\LEGION\Documents\jupyter_notebook\Fashion-Intelligence-System\A2_FashionDataset\FashionDataset\train\images_train\13325.jpg,False
13326,8b03133bd451ba6f4f77b57fd0a6eba1,6228d073da573606a5b4c26b07df61fc,True,False,Men,Apparel,Topwear,Shirts,Brown,Fall,2011,Casual,Gini and Jony Kids Boys Printed Brown Shirts,c:\Users\LEGION\Documents\jupyter_notebook\Fashion-Intelligence-System\A2_FashionDataset\FashionDataset\train\images_train\13326.jpg,False
13327,666d5f7c9f95acb838e4dd6b000a7a90,53bfe9e56b170e037585dedc6344c474,True,False,Men,Apparel,Topwear,Shirts,Green,Fall,2011,Casual,Gini and Jony Kids Boys Printed Green Tshirts,c:\Users\LEGION\Documents\jupyter_notebook\Fashion-Intelligence-System\A2_FashionDataset\FashionDataset\train\images_train\13327.jpg,False
13328,666d5f7c9f95acb838e4dd6b000a7a90,53bfe9e56b170e037585dedc6344c474,True,False,Men,Apparel,Topwear,Shirts,Green,Fall,2011,Casual,Gini and Jony Kids Boys Printed Green Tshirts,c:\Users\LEGION\Documents\jupyter_notebook\Fashion-Intelligence-System\A2_FashionDataset\FashionDataset\train\images_train\13328.jpg,False
13329,62b64c41777ad354f34f3bf2f6033fe4,b826691877ed19af07238103574f88c6,True,False,Men,Apparel,Topwear,Shirts,White,Fall,2011,Casual,Gini and Jony Kids Boys Printed White Tshirts,c:\Users\LEGION\Documents\jupyter_notebook\Fashion-Intelligence-System\A2_FashionDataset\FashionDataset\train\images_train\13329.jpg,False
13330,62b64c41777ad354f34f3bf2f6033fe4,b826691877ed19af07238103574f88c6,True,False,Men,Apparel,Topwear,Shirts,White,Fall,2011,Casual,Gini and Jony Kids Boys Printed White Tshirts,c:\Users\LEGION\Documents\jupyter_notebook\Fashion-Intelligence-System\A2_FashionDataset\FashionDataset\train\images_train\13330.jpg,False
13331,7c57fa28783f75d4affec27ac6c560ff,6ed5a665ef31efd80883219fcd5f3419,True,False,Men,Apparel,Topwear,Shirts,Blue,Fall,2011,Casual,Gini and Jony Men Check Blue Shirts,c:\Users\LEGION\Documents\jupyter_notebook\Fashion-Intelligence-System\A2_FashionDataset\FashionDataset\train\images_train\13331.jpg,False
13332,7c57fa28783f75d4affec27ac6c560ff,6ed5a665ef31efd80883219fcd5f3419,True,False,Men,Apparel,Topwear,Shirts,Blue,Fall,2011,Casual,Gini and Jony Kids Boys Check Blue Shirts,c:\Users\LEGION\Documents\jupyter_notebook\Fashion-Intelligence-System\A2_FashionDataset\FashionDataset\train\images_train\13332.jpg,False
13333,7cdfa8e6e98e3a07b2fa8b812bc038d0,7ac9f4fc76ee1372848994d809ccfdaf,True,False,Men,Apparel,Topwear,Shirts,Blue,Fall,2011,Casual,Gini and Jony Kids Boys Check Blue Shirts,c:\Users\LEGION\Documents\jupyter_notebook\Fashion-Intelligence-System\A2_FashionDataset\FashionDataset\train\images_train\13333.jpg,False
13334,7cdfa8e6e98e3a07b2fa8b812bc038d0,7ac9f4fc76ee1372848994d809ccfdaf,True,False,Men,Apparel,Topwear,Shirts,Blue,Fall,2011,Casual,Gini and Jony Kids Boys Check Blue Shirts,c:\Users\LEGION\Documents\jupyter_notebook\Fashion-Intelligence-System\A2_FashionDataset\FashionDataset\train\images_train\13334.jpg,False
13335,ca84e4a68d761b4adceed60736e8388e,5ae186d6ad186cd458adf6218470c99e,True,False,Women,Apparel,Topwear,Tops,Pink,Fall,2011,Casual,Gini and Jony Kids Girls Printed Pink Tops,c:\Users\LEGION\Documents\jupyter_notebook\Fashion-Intelligence-System\A2_FashionDataset\FashionDataset\train\images_train\13335.jpg,False
13336,ca84e4a68d761b4adceed60736e8388e,5ae186d6ad186cd458adf6218470c99e,True,False,Women,Apparel,Topwear,Tops,Pink,Fall,2011,Casual,Gini and Jony Kids Printed Pink Tops,c:\Users\LEGION\Documents\jupyter_notebook\Fashion-Intelligence-System\A2_FashionDataset\FashionDataset\train\images_train\13336.jpg,False
13337,fd6cb56a9fcea16c002411ffbd328fcd,7730d68212e5c8a3781d600b59e32c78,True,False,Men,Apparel,Topwear,Tshirts,Green,Fall,2011,Casual,Gini and Jony Kids Boys Stripes Green Tshirts,c:\Users\LEGION\Documents\jupyter_notebook\Fashion-Intelligence-System\A2_FashionDataset\FashionDataset\train\images_train\13337.jpg,False
13338,fd6cb56a9fcea16c002411ffbd328fcd,7730d68212e5c8a3781d600b59e32c78,True,False,Men,Apparel,Topwear,Tshirts,Green,Fall,2011,Casual,Gini and Jony Kids Boys Stripes Green Tshirts,c:\Users\LEGION\Documents\jupyter_notebook\Fashion-Intelligence-System\A2_FashionDataset\FashionDataset\train\images_train\13338.jpg,False
13514,d9d0fee1aa5c0542e835b58a0b5e6825,82bbe02eff73f9bfee19bb3d6b1c3f1a,True,False,Women,Apparel,Bottomwear,Skirts,Blue,Fall,2011,Casual,Palm Tree Women Washed Blue Skirts,c:\Users\LEGION\Documents\jupyter_notebook\Fashion-Intelligence-System\A2_FashionDataset\FashionDataset\train\images_train\13514.jpg,False
13515,d9d0fee1aa5c0542e835b58a0b5e6825,82bbe02eff73f9bfee19bb3d6b1c3f1a,True,False,Women,Apparel,Bottomwear,Skirts,Blue,Fall,2011,Casual,Palm Tree Kids Girl Washed Blue Skirts,c:\Users\LEGION\Documents\jupyter_notebook\Fashion-Intelligence-System\A2_FashionDataset\FashionDataset\train\images_train\13515.jpg,False
13516,d9d0fee1aa5c0542e835b58a0b5e6825,82bbe02eff73f9bfee19bb3d6b1c3f1a,True,False,Women,Apparel,Bottomwear,Skirts,Blue,Fall,2011,Casual,Palm Tree Kids Girl Washed Blue Skirts,c:\Users\LEGION\Documents\jupyter_notebook\Fashion-Intelligence-System\A2_FashionDataset\FashionDataset\train\images_train\13516.jpg,False
13671,d5693204e72821caa2ce389491adde51,3cb91747791943be075eae753d0aa1e2,True,False,Unisex,Apparel,Bottomwear,Jeans,Blue,Fall,2011,Casual,Levis Kids Blue Solid Jean,c:\Users\LEGION\Documents\jupyter_notebook\Fashion-Intelligence-System\A2_FashionDataset\FashionDataset\train\images_train\13671.jpg,False
13672,d5693204e72821caa2ce389491adde51,3cb91747791943be075eae753d0aa1e2,True,False,Unisex,Apparel,Bottomwear,Jeans,Blue,Fall,2011,Casual,Levis Kids Blue Solid Jean,c:\Users\LEGION\Documents\jupyter_notebook\Fashion-Intelligence-System\A2_FashionDataset\FashionDataset\train\images_train\13672.jpg,False
13849,0119f69d98980b3ca624056198393129,64639efa34c8b9b09735296b5148fcd7,True,False,Men,Apparel,Topwear,Shirts,White,Fall,2011,Casual,Indigo Nation Men Check White Shirts,c:\Users\LEGION\Documents\jupyter_notebook\Fashion-Intelligence-System\A2_FashionDataset\FashionDataset\train\images_train\13849.jpg,False
13850,0119f69d98980b3ca624056198393129,64639efa34c8b9b09735296b5148fcd7,True,False,Men,Apparel,Topwear,Shirts,White,Fall,2011,Casual,Indigo Nation Men Check White Shirts,c:\Users\LEGION\Documents\jupyter_notebook\Fashion-Intelligence-System\A2_FashionDataset\FashionDataset\train\images_train\13850.jpg,False
13851,66f3379dbfdb460112c386c450cf3840,bd4263183396afdc751d6705e40954a7,True,False,Men,Apparel,Topwear,Shirts,Blue,Fall,2011,Casual,Indigo Nation Men Check Blue Shirts,c:\Users\LEGION\Documents\jupyter_notebook\Fashion-Intelligence-System\A2_FashionDataset\FashionDataset\train\images_train\13851.jpg,False
13852,66f3379dbfdb460112c386c450cf3840,bd4263183396afdc751d6705e40954a7,True,False,Men,Apparel,Topwear,Shirts,Blue,Fall,2011,Casual,Indigo Nation Men Check Blue Shirts,c:\Users\LEGION\Documents\jupyter_notebook\Fashion-Intelligence-System\A2_FashionDataset\FashionDataset\train\images_train\13852.jpg,False
13853,2003307ba22f6857461896b87c6c7ac4,d7a05f107d66bbf606faa0f59d7f078b,True,False,Men,Apparel,Topwear,Shirts,Purple,Fall,2011,Casual,Indigo Nation Men Check Purple Shirts,c:\Users\LEGION\Documents\jupyter_notebook\Fashion-Intelligence-System\A2_FashionDataset\FashionDataset\train\images_train\13853.jpg,False
13854,2003307ba22f6857461896b87c6c7ac4,d7a05f107d66bbf606faa0f59d7f078b,True,False,Men,Apparel,Topwear,Shirts,Purple,Fall,2011,Casual,Indigo Nation Men Check Purple Shirts,c:\Users\LEGION\Documents\jupyter_notebook\Fashion-Intelligence-System\A2_FashionDataset\FashionDataset\train\images_train\13854.jpg,False
13856,fbead76b8751080de5e1fac80a5c33b8,8738ef101375ef2a3b9ef138080b1845,True,False,Men,Apparel,Topwear,Shirts,Blue,Fall,2011,Casual,Scullers Men Check Blue Shirts,c:\Users\LEGION\Documents\jupyter_notebook\Fashion-Intelligence-System\A2_FashionDataset\FashionDataset\train\images_train\13856.jpg,False
13857,fbead76b8751080de5e1fac80a5c33b8,8738ef101375ef2a3b9ef138080b1845,True,False,Men,Apparel,Topwear,Shirts,Blue,Fall,2011,Casual,Scullers Men Check Blue Shirts,c:\Users\LEGION\Documents\jupyter_notebook\Fashion-Intelligence-System\A2_FashionDataset\FashionDataset\train\images_train\13857.jpg,False
13858,ad87433cd388cd02c22b6242d93c2f54,702f4bfee8f0e51d44f427d2a57f6807,True,False,Men,Apparel,Topwear,Shirts,Blue,Fall,2011,Casual,Scullers Men Check Blue Shirts,c:\Users\LEGION\Documents\jupyter_notebook\Fashion-Intelligence-System\A2_FashionDataset\FashionDataset\train\images_train\13858.jpg,False
13859,ad87433cd388cd02c22b6242d93c2f54,702f4bfee8f0e51d44f427d2a57f6807,True,False,Men,Apparel,Topwear,Shirts,Blue,Fall,2011,Casual,Scullers Men Check Blue Shirts,c:\Users\LEGION\Documents\jupyter_notebook\Fashion-Intelligence-System\A2_FashionDataset\FashionDataset\train\images_train\13859.jpg,False
13860,454bb6d0c1f293f7b814610b32355a40,7e301037a9d0f16f3c3e76b25f3b7338,True,False,Men,Apparel,Topwear,Shirts,Purple,Fall,2011,Casual,Scullers Men Check Purple Shirts,c:\Users\LEGION\Documents\jupyter_notebook\Fashion-Intelligence-System\A2_FashionDataset\FashionDataset\train\images_train\13860.jpg,False
13861,454bb6d0c1f293f7b814610b32355a40,7e301037a9d0f16f3c3e76b25f3b7338,True,False,Men,Apparel,Topwear,Shirts,Purple,Fall,2011,Casual,Scullers Men Check Purple Shirts,c:\Users\LEGION\Documents\jupyter_notebook\Fashion-Intelligence-System\A2_FashionDataset\FashionDataset\train\images_train\13861.jpg,False
13862,ea7b16166ea5cd4818f777efbe1c9337,7b62d03d3cd1af79fa380fdfd7fdbf09,True,False,Men,Apparel,Topwear,Shirts,Blue,Fall,2011,Casual,Scullers Men Check Blue Shirts,c:\Users\LEGION\Documents\jupyter_notebook\Fashion-Intelligence-System\A2_FashionDataset\FashionDataset\train\images_train\13862.jpg,False
13863,ea7b16166ea5cd4818f777efbe1c9337,7b62d03d3cd1af79fa380fdfd7fdbf09,True,False,Men,Apparel,Topwear,Shirts,Blue,Fall,2011,Casual,Scullers Men Check Blue Shirts,c:\Users\LEGION\Documents\jupyter_notebook\Fashion-Intelligence-System\A2_FashionDataset\FashionDataset\train\images_train\13863.jpg,False
13864,50cf48d3a0063aaa57acaeb1659ff752,aacf5ba3522d86813a23906f8fdceac0,True,False,Men,Apparel,Topwear,Shirts,Green,Fall,2011,Casual,Scullers Men Check Green Shirts,c:\Users\LEGION\Documents\jupyter_notebook\Fashion-Intelligence-System\A2_FashionDataset\FashionDataset\train\images_train\13864.jpg,False
13865,50cf48d3a0063aaa57acaeb1659ff752,aacf5ba3522d86813a23906f8fdceac0,True,False,Men,Apparel,Topwear,Shirts,Green,Fall,2011,Casual,Scullers Men Check Green Shirts,c:\Users\LEGION\Documents\jupyter_notebook\Fashion-Intelligence-System\A2_FashionDataset\FashionDataset\train\images_train\13865.jpg,False
13866,d4217ec8dd540f6c4145fe4d90c33b0d,9a1a341e1951fbeb6f1c3dc61095f466,True,False,Men,Apparel,Topwear,Shirts,Red,Fall,2011,Casual,Scullers Men Check Red Shirts,c:\Users\LEGION\Documents\jupyter_notebook\Fashion-Intelligence-System\A2_FashionDataset\FashionDataset\train\images_train\13866.jpg,False
13867,d4217ec8dd540f6c4145fe4d90c33b0d,9a1a341e1951fbeb6f1c3dc61095f466,True,False,Men,Apparel,Topwear,Shirts,Red,Fall,2011,Casual,Scullers Men Check Red Shirts,c:\Users\LEGION\Documents\jupyter_notebook\Fashion-Intelligence-System\A2_FashionDataset\FashionDataset\train\images_train\13867.jpg,False
13868,93e589b455b1ba66d598d96e7d8638de,74b26118fe44522c4bd39b59ef8ff661,True,False,Men,Apparel,Topwear,Shirts,Blue,Fall,2011,Casual,Scullers Men Stripes Blue Shirts,c:\Users\LEGION\Documents\jupyter_notebook\Fashion-Intelligence-System\A2_FashionDataset\FashionDataset\train\images_train\13868.jpg,False
13869,93e589b455b1ba66d598d96e7d8638de,74b26118fe44522c4bd39b59ef8ff661,True,False,Men,Apparel,Topwear,Shirts,Blue,Fall,2011,Casual,Scullers Men Stripes Blue Shirts,c:\Users\LEGION\Documents\jupyter_notebook\Fashion-Intelligence-System\A2_FashionDataset\FashionDataset\train\images_train\13869.jpg,False
13870,98a7a01ab5a239ce37d524909de1b12e,6591f13bd1c4604b1caf9d33c5f374c2,True,False,Men,Apparel,Topwear,Shirts,Beige,Fall,2011,Casual,Scullers Men Stripes Beige Shirts,c:\Users\LEGION\Documents\jupyter_notebook\Fashion-Intelligence-System\A2_FashionDataset\FashionDataset\train\images_train\13870.jpg,False
13871,98a7a01ab5a239ce37d524909de1b12e,6591f13bd1c4604b1caf9d33c5f374c2,True,False,Men,Apparel,Topwear,Shirts,Beige,Fall,2011,Casual,Scullers Men Stripes Beige Shirts,c:\Users\LEGION\Documents\jupyter_notebook\Fashion-Intelligence-System\A2_FashionDataset\FashionDataset\train\images_train\13871.jpg,False
13872,a23cefab40af7a28a81e11735e4e83f1,02403956e770a5a8d8c754203c6cd97a,True,False,Men,Apparel,Topwear,Shirts,Purple,Fall,2011,Casual,Scullers Men Solid Purple Shirts,c:\Users\LEGION\Documents\jupyter_notebook\Fashion-Intelligence-System\A2_FashionDataset\FashionDataset\train\images_train\13872.jpg,False
13873,a23cefab40af7a28a81e11735e4e83f1,02403956e770a5a8d8c754203c6cd97a,True,False,Men,Apparel,Topwear,Shirts,Purple,Fall,2011,Casual,Scullers Men Solid Purple Shirts,c:\Users\LEGION\Documents\jupyter_notebook\Fashion-Intelligence-System\A2_FashionDataset\FashionDataset\train\images_train\13873.jpg,False
13874,80caec458bc5e3ecfaaa693427f0223d,68193d81fc97b93e86715885075be3fb,True,False,Men,Apparel,Topwear,Shirts,Navy Blue,Fall,2011,Casual,Scullers Men Solid Navy Blue Shirts,c:\Users\LEGION\Documents\jupyter_notebook\Fashion-Intelligence-System\A2_FashionDataset\FashionDataset\train\images_train\13874.jpg,False
13875,80caec458bc5e3ecfaaa693427f0223d,68193d81fc97b93e86715885075be3fb,True,False,Men,Apparel,Topwear,Shirts,Navy Blue,Fall,2011,Casual,Scullers Men Solid Navy Blue Shirts,c:\Users\LEGION\Documents\jupyter_notebook\Fashion-Intelligence-System\A2_FashionDataset\FashionDataset\train\images_train\13875.jpg,False
13878,c6c102e990cb91093dc94653bbbb93df,ebb36263e08c50e12cd3241aa87ed393,True,False,Men,Apparel,Topwear,Shirts,Red,Fall,2011,Casual,Scullers Men Check Red Shirts,c:\Users\LEGION\Documents\jupyter_notebook\Fashion-Intelligence-System\A2_FashionDataset\FashionDataset\train\images_train\13878.jpg,False
13879,c6c102e990cb91093dc94653bbbb93df,ebb36263e08c50e12cd3241aa87ed393,True,False,Men,Apparel,Topwear,Shirts,Red,Fall,2011,Casual,Scullers Men Check Red Shirts,c:\Users\LEGION\Documents\jupyter_notebook\Fashion-Intelligence-System\A2_FashionDataset\FashionDataset\train\images_train\13879.jpg,False
13880,b2c87e1c9a04279281d0742d0cb2dde2,f94cad45ca0a622dbedc483d56fc055a,True,False,Men,Apparel,Topwear,Shirts,Green,Fall,2011,Casual,Scullers Men Check Green Shirts,c:\Users\LEGION\Documents\jupyter_notebook\Fashion-Intelligence-System\A2_FashionDataset\FashionDataset\train\images_train\13880.jpg,False
13881,b2c87e1c9a04279281d0742d0cb2dde2,f94cad45ca0a622dbedc483d56fc055a,True,False,Men,Apparel,Topwear,Shirts,Green,Fall,2011,Casual,Scullers Men Check Green Shirts,c:\Users\LEGION\Documents\jupyter_notebook\Fashion-Intelligence-System\A2_FashionDataset\FashionDataset\train\images_train\13881.jpg,False
13882,e3c1d7c3940c5ea3979bc1a3977958a9,dcf90642fd4b9ddf459e4bd44871b20c,True,False,Men,Apparel,Topwear,Shirts,Purple,Fall,2011,Casual,Scullers Men Check Purple Shirts,c:\Users\LEGION\Documents\jupyter_notebook\Fashion-Intelligence-System\A2_FashionDataset\FashionDataset\train\images_train\13882.jpg,False
13883,e3c1d7c3940c5ea3979bc1a3977958a9,dcf90642fd4b9ddf459e4bd44871b20c,True,False,Men,Apparel,Topwear,Shirts,Purple,Fall,2011,Casual,Scullers Men Check Purple Shirts,c:\Users\LEGION\Documents\jupyter_notebook\Fashion-Intelligence-System\A2_FashionDataset\FashionDataset\train\images_train\13883.jpg,False
13884,29d85630612a4db28cf7201ffba0f0ad,af5cd86448aea288a68413cb294b9a8c,True,False,Men,Apparel,Topwear,Shirts,Black,Fall,2011,Casual,Scullers Men Check Black Shirts,c:\Users\LEGION\Documents\jupyter_notebook\Fashion-Intelligence-System\A2_FashionDataset\FashionDataset\train\images_train\13884.jpg,False
13885,29d85630612a4db28cf7201ffba0f0ad,af5cd86448aea288a68413cb294b9a8c,True,False,Men,Apparel,Topwear,Shirts,Black,Fall,2011,Casual,Scullers Men Check Black Shirts,c:\Users\LEGION\Documents\jupyter_notebook\Fashion-Intelligence-System\A2_FashionDataset\FashionDataset\train\images_train\13885.jpg,False
13886,b10bfeaac92ad9fef60ffd34b666da51,02c880e5890321a901bf3e093073d62d,True,False,Men,Apparel,Topwear,Shirts,Black,Fall,2011,Casual,Scullers Men Check Black Shirts,c:\Users\LEGION\Documents\jupyter_notebook\Fashion-Intelligence-System\A2_FashionDataset\FashionDataset\train\images_train\13886.jpg,False
13887,b10bfeaac92ad9fef60ffd34b666da51,02c880e5890321a901bf3e093073d62d,True,False,Men,Apparel,Topwear,Shirts,Black,Fall,2011,Casual,Scullers Men Check Black Shirts,c:\Users\LEGION\Documents\jupyter_notebook\Fashion-Intelligence-System\A2_FashionDataset\FashionDataset\train\images_train\13887.jpg,False
14985,5d31577bf30d2d026f956a922bc8a886,74ff20038191cc527cdaf189fb43aff7,True,False,Men,Apparel,Topwear,Sweatshirts,Blue,Fall,2011,Casual,ADIDAS Men Printed Blue Sweatshirts,c:\Users\LEGION\Documents\jupyter_notebook\Fashion-Intelligence-System\A2_FashionDataset\FashionDataset\train\images_train\14985.jpg,False
15040,5d31577bf30d2d026f956a922bc8a886,74ff20038191cc527cdaf189fb43aff7,True,False,Men,Apparel,Topwear,Sweatshirts,Purple,Fall,2011,Casual,ADIDAS Men Printed Purple Sweatshirts,c:\Users\LEGION\Documents\jupyter_notebook\Fashion-Intelligence-System\A2_FashionDataset\FashionDataset\train\images_train\15040.jpg,False
17798,f5d88495c99ff75f5a1f5ad7c735b4a3,52d1ba5908f4a583a7d305b89e6ad504,True,False,Men,Apparel,Topwear,Tshirts,Orange,Fall,2011,Casual,Chhota Bheem Kids Boy Men Journey to Petra Orange Tshirt,c:\Users\LEGION\Documents\jupyter_notebook\Fashion-Intelligence-System\A2_FashionDataset\FashionDataset\train\images_train\17798.jpg,False
17799,f5d88495c99ff75f5a1f5ad7c735b4a3,52d1ba5908f4a583a7d305b89e6ad504,True,False,Men,Apparel,Topwear,Tshirts,Orange,Fall,2011,Casual,Chhota Bheem Kids Boy Men Journey to Petra Orange Tshirt,c:\Users\LEGION\Documents\jupyter_notebook\Fashion-Intelligence-System\A2_FashionDataset\FashionDataset\train\images_train\17799.jpg,False
17809,f6cdd1d5c9490953487c0dba386786cb,6b624581214281b799ea7b882a1f7d4b,True,False,Men,Apparel,Topwear,Tshirts,Multi,Fall,2011,Casual,Chhota Bheem Kids Boy Chhota Bheem and Krishna Multi Tshirt,c:\Users\LEGION\Documents\jupyter_notebook\Fashion-Intelligence-System\A2_FashionDataset\FashionDataset\train\images_train\17809.jpg,False
17810,f6cdd1d5c9490953487c0dba386786cb,6b624581214281b799ea7b882a1f7d4b,True,False,Men,Apparel,Topwear,Tshirts,Multi,Fall,2011,Casual,Chhota Bheem Kids Boy Chhota Bheem and Krishna Multi Tshirt,c:\Users\LEGION\Documents\jupyter_notebook\Fashion-Intelligence-System\A2_FashionDataset\FashionDataset\train\images_train\17810.jpg,False
17811,04b36049bda9d5610435c429ec8e948b,9302283d3719d0678028473f9e700087,True,False,Men,Apparel,Topwear,Tshirts,Multi,Fall,2011,Casual,Chhota Bheem Kids Boy Krishna Balram Multi Tshirt,c:\Users\LEGION\Documents\jupyter_notebook\Fashion-Intelligence-System\A2_FashionDataset\FashionDataset\train\images_train\17811.jpg,False
17812,04b36049bda9d5610435c429ec8e948b,9302283d3719d0678028473f9e700087,True,False,Men,Apparel,Topwear,Tshirts,Multi,Fall,2011,Casual,Chhota Bheem Kids Boy Krishna Balram Multi Tshirt,c:\Users\LEGION\Documents\jupyter_notebook\Fashion-Intelligence-System\A2_FashionDataset\FashionDataset\train\images_train\17812.jpg,False
18166,1f78dba72761b2cac6036ad68f8d2af9,d0575b28e5df9b19f8823a9a86d6b12c,True,False,Girls,Apparel,Dress,Dresses,Magenta,Fall,2011,Casual,Doodle Kids Girls Party Frock Purple Dress,c:\Users\LEGION\Documents\jupyter_notebook\Fashion-Intelligence-System\A2_FashionDataset\FashionDataset\train\images_train\18166.jpg,False
18167,1f78dba72761b2cac6036ad68f8d2af9,d0575b28e5df9b19f8823a9a86d6b12c,True,False,Girls,Apparel,Dress,Dresses,Magenta,Fall,2011,Casual,Doodle Kids Girls Party Frock Purple Dress,c:\Users\LEGION\Documents\jupyter_notebook\Fashion-Intelligence-System\A2_FashionDataset\FashionDataset\train\images_train\18167.jpg,False
18168,bf286852691751bda3c02bc7c3dc39bf,2915e34b18be128faf85b5f93df92833,True,False,Girls,Apparel,Dress,Dresses,Pink,Fall,2011,Casual,Doodle Kids Girls Party Frock Pink Dress,c:\Users\LEGION\Documents\jupyter_notebook\Fashion-Intelligence-System\A2_FashionDataset\FashionDataset\train\images_train\18168.jpg,False
18169,bf286852691751bda3c02bc7c3dc39bf,2915e34b18be128faf85b5f93df92833,True,False,Girls,Apparel,Dress,Dresses,Pink,Fall,2011,Casual,Doodle Kids Girls Party Frock Pink Dress,c:\Users\LEGION\Documents\jupyter_notebook\Fashion-Intelligence-System\A2_FashionDataset\FashionDataset\train\images_train\18169.jpg,False
18172,2442782258bb400633747a8a882ea6d5,a30dc49b6d3e74b7e836db6aa7213715,True,False,Girls,Apparel,Topwear,Tops,Magenta,Fall,2011,Casual,Doodle Kids Girls Magenta Layer Top,c:\Users\LEGION\Documents\jupyter_notebook\Fashion-Intelligence-System\A2_FashionDataset\FashionDataset\train\images_train\18172.jpg,False
18173,2442782258bb400633747a8a882ea6d5,a30dc49b6d3e74b7e836db6aa7213715,True,False,Girls,Apparel,Topwear,Tops,Magenta,Fall,2011,Casual,Doodle Kids Girls Layer Magenta Top,c:\Users\LEGION\Documents\jupyter_notebook\Fashion-Intelligence-System\A2_FashionDataset\FashionDataset\train\images_train\18173.jpg,False
18580,5ec8676a94f82f2bb47c827383bf8917,2a7bd8ff316a90021a51b2118113ef43,True,False,Men,Accessories,Socks,Socks,White,Summer,2010,Sports,Puma Men Sport Quarters Pack of 3 Socks,c:\Users\LEGION\Documents\jupyter_notebook\Fashion-Intelligence-System\A2_FashionDataset\FashionDataset\train\images_train\18580.jpg,True
18592,5ec8676a94f82f2bb47c827383bf8917,2a7bd8ff316a90021a51b2118113ef43,True,False,Men,Accessories,Socks,Socks,White,Fall,2011,Sports,Puma Men Sport Quarters Pack of 3 Socks,c:\Users\LEGION\Documents\jupyter_notebook\Fashion-Intelligence-System\A2_FashionDataset\FashionDataset\train\images_train\18592.jpg,True
18690,944463ddfe880602ac38bc1b9fe23e49,f186e139e97ac53896762f1d0e3a9ab3,True,False,Women,Apparel,Innerwear,Briefs,Pink,Winter,2015,Casual,Hanes Women Pack of Three 100% Cotton Plain Bikini Briefs,c:\Users\LEGION\Documents\jupyter_notebook\Fashion-Intelligence-System\A2_FashionDataset\FashionDataset\train\images_train\18690.jpg,False
18709,944463ddfe880602ac38bc1b9fe23e49,f186e139e97ac53896762f1d0e3a9ab3,True,False,Women,Apparel,Innerwear,Briefs,White,Winter,2015,Casual,Hanes Women Pack of Three 100% Cotton Plain Bikini Briefs,c:\Users\LEGION\Documents\jupyter_notebook\Fashion-Intelligence-System\A2_FashionDataset\FashionDataset\train\images_train\18709.jpg,False
19107,d4e33bff3f32b3ea07712f2160fe3bde,39dc7daeb08000c2597611b4c471c018,True,False,Men,Apparel,Topwear,Tshirts,Beige,Summer,2016,Casual,Campbell Men Pack of 3 Solid Tshirts,c:\Users\LEGION\Documents\jupyter_notebook\Fashion-Intelligence-System\A2_FashionDataset\FashionDataset\train\images_train\19107.jpg,False
37153,d4e33bff3f32b3ea07712f2160fe3bde,39dc7daeb08000c2597611b4c471c018,True,False,Men,Apparel,Topwear,Tshirts,Beige,Summer,2016,Casual,Campbell Men Pack of 3 T-shirt,c:\Users\LEGION\Documents\jupyter_notebook\Fashion-Intelligence-System\A2_FashionDataset\FashionDataset\train\images_train\37153.jpg,False
19110,5dc7c245e8ed2908dbf53db956c66e5d,b82fd4e6f62f93a1315633b15094a5a6,True,False,Men,Apparel,Topwear,Tshirts,Beige,Winter,2016,Casual,Campbell Men Pack of 3 Solid Tshirts,c:\Users\LEGION\Documents\jupyter_notebook\Fashion-Intelligence-System\A2_FashionDataset\FashionDataset\train\images_train\19110.jpg,True
37151,5dc7c245e8ed2908dbf53db956c66e5d,b82fd4e6f62f93a1315633b15094a5a6,True,False,Men,Apparel,Topwear,Tshirts,Beige,Summer,2016,Casual,Campbell Men Pack of 3 T-shirt,c:\Users\LEGION\Documents\jupyter_notebook\Fashion-Intelligence-System\A2_FashionDataset\FashionDataset\train\images_train\37151.jpg,True
20526,4de8a64e45bd7ad8ff2ecc41d840b613,c817bed773fe0ba00f8235116048b67d,True,False,Women,Accessories,Belts,Belts,Blue,Winter,2015,Casual,Baggit Women Flora Astro Blue Belt,c:\Users\LEGION\Documents\jupyter_notebook\Fashion-Intelligence-System\A2_FashionDataset\FashionDataset\train\images_train\20526.jpg,False
20536,4de8a64e45bd7ad8ff2ecc41d840b613,c817bed773fe0ba00f8235116048b67d,True,False,Women,Accessories,Belts,Belts,Blue,Winter,2015,Casual,Baggit Women Flora Astro Blue Belt,c:\Users\LEGION\Documents\jupyter_notebook\Fashion-Intelligence-System\A2_FashionDataset\FashionDataset\train\images_train\20536.jpg,False
21388,3e3202b8046ab4bd6058c235ec571546,40f6608873f976cb63ec6190c036128a,True,False,Women,Footwear,Shoes,Heels,Bronze,Winter,2015,Casual,Catwalk Women Casual Bronze Heels,c:\Users\LEGION\Documents\jupyter_notebook\Fashion-Intelligence-System\A2_FashionDataset\FashionDataset\train\images_train\21388.jpg,False
22545,3e3202b8046ab4bd6058c235ec571546,40f6608873f976cb63ec6190c036128a,True,False,Women,Footwear,Shoes,Heels,Gold,Winter,2012,Casual,Catwalk Women Gold Heels,c:\Users\LEGION\Documents\jupyter_notebook\Fashion-Intelligence-System\A2_FashionDataset\FashionDataset\train\images_train\22545.jpg,False
21810,afb3d4ee36bb7f78b13c1e902e467cac,d8ddf5126774a50df9e40be47a7ad08f,True,False,Men,Accessories,Wallets,Wallets,Brown,Winter,2016,Casual,Fossil Men Hood Traveller Brown Wallet,c:\Users\LEGION\Documents\jupyter_notebook\Fashion-Intelligence-System\A2_FashionDataset\FashionDataset\train\images_train\21810.jpg,True
23810,afb3d4ee36bb7f78b13c1e902e467cac,d8ddf5126774a50df9e40be47a7ad08f,True,False,Men,Footwear,Shoes,Casual Shoes,Black,Fall,2014,Casual,Clarks Men Black Supa Step Casual Shoes,c:\Users\LEGION\Documents\jupyter_notebook\Fashion-Intelligence-System\A2_FashionDataset\FashionDataset\train\images_train\23810.jpg,True
21833,e35491060a50481d52ab0cdf38b072d1,95875d71b8a032489d7b3221a796b011,True,False,Boys,Apparel,Topwear,Tshirts,Grey,Fall,2011,Casual,Chhota Bheem Kids Boys Lets Rock Grey T-shirt,c:\Users\LEGION\Documents\jupyter_notebook\Fashion-Intelligence-System\A2_FashionDataset\FashionDataset\train\images_train\21833.jpg,False
23133,e35491060a50481d52ab0cdf38b072d1,95875d71b8a032489d7b3221a796b011,True,False,Boys,Apparel,Topwear,Tshirts,Grey,Fall,2011,Casual,Chhota Bheem Kids Boys Lets Rock Grey T-shirt,c:\Users\LEGION\Documents\jupyter_notebook\Fashion-Intelligence-System\A2_FashionDataset\FashionDataset\train\images_train\23133.jpg,False
21838,9fc7035a32ea684617448956a04aee16,0fff5bee05b6b992e348649ac478c307,True,False,Boys,Apparel,Topwear,Tshirts,Yellow,Fall,2011,Casual,Chhota Bheem Kids Boys Bheem Expressions Yellow T-shirt,c:\Users\LEGION\Documents\jupyter_notebook\Fashion-Intelligence-System\A2_FashionDataset\FashionDataset\train\images_train\21838.jpg,False
23129,9fc7035a32ea684617448956a04aee16,0fff5bee05b6b992e348649ac478c307,True,False,Boys,Apparel,Topwear,Tshirts,Yellow,Fall,2011,Casual,Chhota Bheem Kids Boys Bheem Expressions Yellow T-shirt,c:\Users\LEGION\Documents\jupyter_notebook\Fashion-Intelligence-System\A2_FashionDataset\FashionDataset\train\images_train\23129.jpg,False
21843,47a0e756b22e02c437dcd35ee0901faa,befdaaf762d28eac6b0ddbbc1edd7240,True,False,Boys,Apparel,Topwear,Tshirts,Green,Fall,2011,Casual,Chhota Bheem Kids Boys Lost Alien Green T-shirt,c:\Users\LEGION\Documents\jupyter_notebook\Fashion-Intelligence-System\A2_FashionDataset\FashionDataset\train\images_train\21843.jpg,False
23130,47a0e756b22e02c437dcd35ee0901faa,befdaaf762d28eac6b0ddbbc1edd7240,True,False,Boys,Apparel,Topwear,Tshirts,Green,Fall,2011,Casual,Chhota Bheem Kids Boys Lost Alien Green T-shirt,c:\Users\LEGION\Documents\jupyter_notebook\Fashion-Intelligence-System\A2_FashionDataset\FashionDataset\train\images_train\23130.jpg,False
21848,4fbbade9cda974a19d2e40451499e328,2cc00a3428be9b3e7c22d17a1cae401f,True,False,Boys,Apparel,Topwear,Tshirts,White,Fall,2011,Casual,Chhota Bheem Kids Boys Holi Hai White T-shirt,c:\Users\LEGION\Documents\jupyter_notebook\Fashion-Intelligence-System\A2_FashionDataset\FashionDataset\train\images_train\21848.jpg,False
23131,4fbbade9cda974a19d2e40451499e328,2cc00a3428be9b3e7c22d17a1cae401f,True,False,Boys,Apparel,Topwear,Tshirts,White,Fall,2011,Casual,Chhota Bheem Kids Boys Holi Hai White T-shirt,c:\Users\LEGION\Documents\jupyter_notebook\Fashion-Intelligence-System\A2_FashionDataset\FashionDataset\train\images_train\23131.jpg,False
21853,e5b50dd19f979365db165c1aa20960bb,741f0fd54576cc75dd05c4f724246ecf,True,False,Girls,Apparel,Topwear,Tshirts,Orange,Fall,2011,Casual,Chhota Bheem Kids Girls Sea Princess Light Orange T-shirt,c:\Users\LEGION\Documents\jupyter_notebook\Fashion-Intelligence-System\A2_FashionDataset\FashionDataset\train\images_train\21853.jpg,False
23132,e5b50dd19f979365db165c1aa20960bb,741f0fd54576cc75dd05c4f724246ecf,True,False,Girls,Apparel,Topwear,Tshirts,Orange,Fall,2011,Casual,Chhota Bheem Kids Girls Sea Princess Light Orange T-shirt,c:\Users\LEGION\Documents\jupyter_notebook\Fashion-Intelligence-System\A2_FashionDataset\FashionDataset\train\images_train\23132.jpg,False
21858,3c0f63741b0ecca6b74e182530d1623e,0456723bed59fe5bec913bdcc43060be,True,False,Boys,Apparel,Topwear,Tshirts,Navy Blue,Fall,2011,Casual,Chhota Bheem Kids Boys I Like to Paint Navy Blue T-shirt,c:\Users\LEGION\Documents\jupyter_notebook\Fashion-Intelligence-System\A2_FashionDataset\FashionDataset\train\images_train\21858.jpg,False
23134,3c0f63741b0ecca6b74e182530d1623e,0456723bed59fe5bec913bdcc43060be,True,False,Boys,Apparel,Topwear,Tshirts,Navy Blue,Fall,2011,Casual,Chhota Bheem Kids Boys I Like to Paint Navy Blue T-shirt,c:\Users\LEGION\Documents\jupyter_notebook\Fashion-Intelligence-System\A2_FashionDataset\FashionDataset\train\images_train\23134.jpg,False
21873,6a2869b13261b5bb4475e290a66a8332,2109da1830e8475f4ffbe79bbbe509f6,True,False,Boys,Apparel,Topwear,Tshirts,Green,Fall,2011,Casual,Chhota Bheem Kids Boys Lets Rock Green T-shirt,c:\Users\LEGION\Documents\jupyter_notebook\Fashion-Intelligence-System\A2_FashionDataset\FashionDataset\train\images_train\21873.jpg,False
23135,6a2869b13261b5bb4475e290a66a8332,2109da1830e8475f4ffbe79bbbe509f6,True,False,Boys,Apparel,Topwear,Tshirts,Green,Fall,2011,Casual,Chhota Bheem Kids Boys Lets Rock Green T-shirt,c:\Users\LEGION\Documents\jupyter_notebook\Fashion-Intelligence-System\A2_FashionDataset\FashionDataset\train\images_train\23135.jpg,False
23711,df7f98788a0f67dcd7931f3a9b22dca1,34f903dc7a37e5362ee9c4e5313e2b37,True,False,Men,Accessories,Eyewear,Sunglasses,Black,Winter,2016,Casual,Ray-Ban Men Wayfarer Sunglasses,c:\Users\LEGION\Documents\jupyter_notebook\Fashion-Intelligence-System\A2_FashionDataset\FashionDataset\train\images_train\23711.jpg,False
28162,df7f98788a0f67dcd7931f3a9b22dca1,34f903dc7a37e5362ee9c4e5313e2b37,True,False,Men,Accessories,Eyewear,Sunglasses,Copper,Winter,2016,Casual,Ray-Ban Men Aviator Sunglasses,c:\Users\LEGION\Documents\jupyter_notebook\Fashion-Intelligence-System\A2_FashionDataset\FashionDataset\train\images_train\28162.jpg,False
23712,2046f8f6492ee8a2bdeff9765b3dbaf9,f6a9960ceeb227063fa1d0abc93c5da6,True,False,Men,Accessories,Eyewear,Sunglasses,Gold,Winter,2016,Casual,Ray-Ban Men Aviator Sunglasses,c:\Users\LEGION\Documents\jupyter_notebook\Fashion-Intelligence-System\A2_FashionDataset\FashionDataset\train\images_train\23712.jpg,False
28179,2046f8f6492ee8a2bdeff9765b3dbaf9,f6a9960ceeb227063fa1d0abc93c5da6,True,False,Men,Accessories,Eyewear,Sunglasses,Gold,Winter,2016,Casual,Ray-Ban Men Aviator Gold Sunglasses,c:\Users\LEGION\Documents\jupyter_notebook\Fashion-Intelligence-System\A2_FashionDataset\FashionDataset\train\images_train\28179.jpg,False
23715,94be47a98fe835743550c9f0c412e11f,c96a5f0c560c31d9f64396e6c73aae8c,True,False,Men,Accessories,Eyewear,Sunglasses,Gold,Winter,2016,Casual,Ray-Ban Men Aviator Sunglasses,c:\Users\LEGION\Documents\jupyter_notebook\Fashion-Intelligence-System\A2_FashionDataset\FashionDataset\train\images_train\23715.jpg,False
23717,94be47a98fe835743550c9f0c412e11f,c96a5f0c560c31d9f64396e6c73aae8c,True,False,Men,Accessories,Eyewear,Sunglasses,Gold,Winter,2016,Casual,Ray-Ban Men Aviator Sunglasses,c:\Users\LEGION\Documents\jupyter_notebook\Fashion-Intelligence-System\A2_FashionDataset\FashionDataset\train\images_train\23717.jpg,False
23793,872ce5aa1278a0ebe609b1e6b26db38d,a910210e5eeb6ac981f01a37404c736d,True,False,Unisex,Footwear,Shoes,Casual Shoes,Black,Spring,2012,Casual,Converse Unisex Tongue Triple Color Black Casual Shoes,c:\Users\LEGION\Documents\jupyter_notebook\Fashion-Intelligence-System\A2_FashionDataset\FashionDataset\train\images_train\23793.jpg,True
24301,872ce5aa1278a0ebe609b1e6b26db38d,a910210e5eeb6ac981f01a37404c736d,True,False,Men,Footwear,Shoes,Casual Shoes,Black,Spring,2012,Casual,Converse Men Black Tongue Triple Colour Shoes,c:\Users\LEGION\Documents\jupyter_notebook\Fashion-Intelligence-System\A2_FashionDataset\FashionDataset\train\images_train\24301.jpg,True
24594,c7d527ee88b33baad5b1ba8f437e0946,6440da8fc2c363c50d21997097bc0321,True,False,Women,Apparel,Topwear,Tshirts,Grey,Fall,2011,Casual,Little Miss Women Grey Printed T-shirt,c:\Users\LEGION\Documents\jupyter_notebook\Fashion-Intelligence-System\A2_FashionDataset\FashionDataset\train\images_train\24594.jpg,False
24597,c7d527ee88b33baad5b1ba8f437e0946,6440da8fc2c363c50d21997097bc0321,True,False,Women,Apparel,Topwear,Tshirts,Charcoal,Fall,2011,Casual,Little Miss Women Charcoal Printed T-shirt,c:\Users\LEGION\Documents\jupyter_notebook\Fashion-Intelligence-System\A2_FashionDataset\FashionDataset\train\images_train\24597.jpg,False
24739,94c4ecbc5aec04d2cb2356c525bcb4f1,28b71d266840eb9ee95d7d0c0c9257cf,True,False,Women,Accessories,Bags,Handbags,Brown,Winter,2015,Casual,Murcia Women Laser Cut Brown Handbag,c:\Users\LEGION\Documents\jupyter_notebook\Fashion-Intelligence-System\A2_FashionDataset\FashionDataset\train\images_train\24739.jpg,False
24740,94c4ecbc5aec04d2cb2356c525bcb4f1,28b71d266840eb9ee95d7d0c0c9257cf,True,False,Women,Accessories,Bags,Handbags,Brown,Winter,2015,Casual,Murcia Women Brown Casual Handbag,c:\Users\LEGION\Documents\jupyter_notebook\Fashion-Intelligence-System\A2_FashionDataset\FashionDataset\train\images_train\24740.jpg,False
26041,a401325a63ebb9a5c5dca7114e5f9d31,c8b41e06240adb6a076dc8904724b9e0,True,False,Men,Apparel,Topwear,Shirts,White,Summer,2012,Formal,John Miller Men White Shirt,c:\Users\LEGION\Documents\jupyter_notebook\Fashion-Intelligence-System\A2_FashionDataset\FashionDataset\train\images_train\26041.jpg,False
29692,a401325a63ebb9a5c5dca7114e5f9d31,c8b41e06240adb6a076dc8904724b9e0,True,False,Men,Apparel,Topwear,Shirts,White,Summer,2012,Formal,John Miller Men White Shirt,c:\Users\LEGION\Documents\jupyter_notebook\Fashion-Intelligence-System\A2_FashionDataset\FashionDataset\train\images_train\29692.jpg,False
26042,38fd7990825033c0bcf24736c27279c0,48911b80dbce11d3b474baf535e87b0f,True,False,Men,Apparel,Topwear,Shirts,White,Summer,2012,Formal,John Miller Men White Shirt,c:\Users\LEGION\Documents\jupyter_notebook\Fashion-Intelligence-System\A2_FashionDataset\FashionDataset\train\images_train\26042.jpg,False
30207,38fd7990825033c0bcf24736c27279c0,48911b80dbce11d3b474baf535e87b0f,True,False,Men,Apparel,Topwear,Shirts,White,Summer,2012,Formal,John Miller Men White Shirt,c:\Users\LEGION\Documents\jupyter_notebook\Fashion-Intelligence-System\A2_FashionDataset\FashionDataset\train\images_train\30207.jpg,False
26045,bf2609e93f5c9ca7fa5be4508997f96d,38fd6df790331e2fec23876570445946,True,False,Men,Apparel,Topwear,Shirts,Purple,Summer,2012,Formal,John Miller Men Purple Shirt,c:\Users\LEGION\Documents\jupyter_notebook\Fashion-Intelligence-System\A2_FashionDataset\FashionDataset\train\images_train\26045.jpg,False
30210,bf2609e93f5c9ca7fa5be4508997f96d,38fd6df790331e2fec23876570445946,True,False,Men,Apparel,Topwear,Shirts,Purple,Summer,2012,Formal,John Miller Men Purple Shirt,c:\Users\LEGION\Documents\jupyter_notebook\Fashion-Intelligence-System\A2_FashionDataset\FashionDataset\train\images_train\30210.jpg,False
26047,05b4a3225d6a3ce63c528c94c9aa1830,260db12dd99a05d4cb2edce6c5cc0e53,True,False,Men,Apparel,Topwear,Shirts,Blue,Summer,2012,Formal,John Miller Men Blue Shirt,c:\Users\LEGION\Documents\jupyter_notebook\Fashion-Intelligence-System\A2_FashionDataset\FashionDataset\train\images_train\26047.jpg,False
30212,05b4a3225d6a3ce63c528c94c9aa1830,260db12dd99a05d4cb2edce6c5cc0e53,True,False,Men,Apparel,Topwear,Shirts,Blue,Summer,2012,Formal,John Miller Men Blue Shirt,c:\Users\LEGION\Documents\jupyter_notebook\Fashion-Intelligence-System\A2_FashionDataset\FashionDataset\train\images_train\30212.jpg,False
26048,e660c869e7b2caed7d3de4175b2d6b31,cb1199c724d0392eae7d965f461b0564,True,False,Men,Apparel,Topwear,Shirts,Grey,Summer,2012,Formal,John Miller Men Grey Shirt,c:\Users\LEGION\Documents\jupyter_notebook\Fashion-Intelligence-System\A2_FashionDataset\FashionDataset\train\images_train\26048.jpg,False
30213,e660c869e7b2caed7d3de4175b2d6b31,cb1199c724d0392eae7d965f461b0564,True,False,Men,Apparel,Topwear,Shirts,Grey,Summer,2012,Formal,John Miller Men Grey Shirt,c:\Users\LEGION\Documents\jupyter_notebook\Fashion-Intelligence-System\A2_FashionDataset\FashionDataset\train\images_train\30213.jpg,False
26050,ef2f75ccc49de64eb3a8a696e36df1d8,35eb0b3072fe3d9cc78d3eb0f9430901,True,False,Men,Apparel,Topwear,Shirts,Blue,Summer,2012,Formal,John Miller Men Striped Blue Shirt,c:\Users\LEGION\Documents\jupyter_notebook\Fashion-Intelligence-System\A2_FashionDataset\FashionDataset\train\images_train\26050.jpg,False
30215,ef2f75ccc49de64eb3a8a696e36df1d8,35eb0b3072fe3d9cc78d3eb0f9430901,True,False,Men,Apparel,Topwear,Shirts,Blue,Summer,2012,Formal,John Miller Men Striped Blue Shirt,c:\Users\LEGION\Documents\jupyter_notebook\Fashion-Intelligence-System\A2_FashionDataset\FashionDataset\train\images_train\30215.jpg,False
26057,d6c0062aaa48c78d26696adb2b1d90eb,9e00a0d9cc6c69cc61a3fc6c01a3355a,True,False,Men,Apparel,Topwear,Shirts,Purple,Summer,2012,Formal,John Miller Men Check Purple Shirt,c:\Users\LEGION\Documents\jupyter_notebook\Fashion-Intelligence-System\A2_FashionDataset\FashionDataset\train\images_train\26057.jpg,False
29699,d6c0062aaa48c78d26696adb2b1d90eb,9e00a0d9cc6c69cc61a3fc6c01a3355a,True,False,Men,Apparel,Topwear,Shirts,Purple,Summer,2012,Formal,John Miller Men Check Purple Shirt,c:\Users\LEGION\Documents\jupyter_notebook\Fashion-Intelligence-System\A2_FashionDataset\FashionDataset\train\images_train\29699.jpg,False
26058,34da57629083a2a274f7374083fcc121,f4a90d847fc8727b4a25492323cdd904,True,False,Men,Apparel,Topwear,Shirts,Blue,Summer,2012,Formal,John Miller Men Gingham Blue Shirt,c:\Users\LEGION\Documents\jupyter_notebook\Fashion-Intelligence-System\A2_FashionDataset\FashionDataset\train\images_train\26058.jpg,False
29700,34da57629083a2a274f7374083fcc121,f4a90d847fc8727b4a25492323cdd904,True,False,Men,Apparel,Topwear,Shirts,Blue,Summer,2012,Formal,John Miller Men Check Blue Shirt,c:\Users\LEGION\Documents\jupyter_notebook\Fashion-Intelligence-System\A2_FashionDataset\FashionDataset\train\images_train\29700.jpg,False
26063,65196ce002b7a866d5f3ae7051cd090f,e91f99bd2412ad5bdda7bdd45583de82,True,False,Men,Apparel,Topwear,Shirts,Blue,Summer,2012,Formal,John Miller Men Striped Blue Shirt,c:\Users\LEGION\Documents\jupyter_notebook\Fashion-Intelligence-System\A2_FashionDataset\FashionDataset\train\images_train\26063.jpg,False
29705,65196ce002b7a866d5f3ae7051cd090f,e91f99bd2412ad5bdda7bdd45583de82,True,False,Men,Apparel,Topwear,Shirts,Blue,Summer,2012,Formal,John Miller Men Striped Blue Shirt,c:\Users\LEGION\Documents\jupyter_notebook\Fashion-Intelligence-System\A2_FashionDataset\FashionDataset\train\images_train\29705.jpg,False
26064,017e8325f3ecdecb3cb4dae14e6b03b3,9f72d716c8077b642062452eed9309fa,True,False,Men,Apparel,Topwear,Shirts,Blue,Summer,2012,Formal,John Miller Men Check Blue Shirt,c:\Users\LEGION\Documents\jupyter_notebook\Fashion-Intelligence-System\A2_FashionDataset\FashionDataset\train\images_train\26064.jpg,False
31304,017e8325f3ecdecb3cb4dae14e6b03b3,9f72d716c8077b642062452eed9309fa,True,False,Men,Apparel,Topwear,Shirts,Blue,Summer,2012,Formal,John Miller Men Check Blue Shirt,c:\Users\LEGION\Documents\jupyter_notebook\Fashion-Intelligence-System\A2_FashionDataset\FashionDataset\train\images_train\31304.jpg,False
26065,b8bf587027d924161f05d0a40fe8933d,052883735994eec1b4f888500c7f5c69,True,False,Men,Apparel,Topwear,Shirts,Black,Summer,2012,Formal,John Miller Men Check Black Shirt,c:\Users\LEGION\Documents\jupyter_notebook\Fashion-Intelligence-System\A2_FashionDataset\FashionDataset\train\images_train\26065.jpg,False
29706,b8bf587027d924161f05d0a40fe8933d,052883735994eec1b4f888500c7f5c69,True,False,Men,Apparel,Topwear,Shirts,Black,Summer,2012,Formal,John Miller Men Check Black Shirt,c:\Users\LEGION\Documents\jupyter_notebook\Fashion-Intelligence-System\A2_FashionDataset\FashionDataset\train\images_train\29706.jpg,False
26067,e1de525e8797d3919114663d58cb7be2,44b4846aaf67a58b68278531345f7115,True,False,Men,Apparel,Topwear,Shirts,Purple,Summer,2012,Formal,John Miller Men Striped Purple Shirt,c:\Users\LEGION\Documents\jupyter_notebook\Fashion-Intelligence-System\A2_FashionDataset\FashionDataset\train\images_train\26067.jpg,False
29708,e1de525e8797d3919114663d58cb7be2,44b4846aaf67a58b68278531345f7115,True,False,Men,Apparel,Topwear,Shirts,Purple,Summer,2012,Formal,John Miller Men Striped Purple Shirt,c:\Users\LEGION\Documents\jupyter_notebook\Fashion-Intelligence-System\A2_FashionDataset\FashionDataset\train\images_train\29708.jpg,False
26086,73b413434bb179da8a54b858e1eb4569,b798bde366d9239af51ff62b75d2263e,True,False,Men,Apparel,Topwear,Shirts,Purple,Summer,2012,Formal,John Miller Men Check Purple Shirt,c:\Users\LEGION\Documents\jupyter_notebook\Fashion-Intelligence-System\A2_FashionDataset\FashionDataset\train\images_train\26086.jpg,False
29721,73b413434bb179da8a54b858e1eb4569,b798bde366d9239af51ff62b75d2263e,True,False,Men,Apparel,Topwear,Shirts,Purple,Summer,2012,Formal,John Miller Men Check Purple Shirt,c:\Users\LEGION\Documents\jupyter_notebook\Fashion-Intelligence-System\A2_FashionDataset\FashionDataset\train\images_train\29721.jpg,False
26090,ac856d21dd8b10bc190f033bb83212da,4fc7a12b3b3023d1a55c4a1e21454f75,True,False,Men,Apparel,Topwear,Shirts,Blue,Summer,2012,Formal,John Miller Men Check Blue Shirt,c:\Users\LEGION\Documents\jupyter_notebook\Fashion-Intelligence-System\A2_FashionDataset\FashionDataset\train\images_train\26090.jpg,False
31132,ac856d21dd8b10bc190f033bb83212da,4fc7a12b3b3023d1a55c4a1e21454f75,True,False,Men,Apparel,Topwear,Shirts,Blue,Summer,2012,Formal,John Miller Men Check Blue Shirt,c:\Users\LEGION\Documents\jupyter_notebook\Fashion-Intelligence-System\A2_FashionDataset\FashionDataset\train\images_train\31132.jpg,False
26091,295629bfccb6ea4de4463b01e290da72,0f3421e3cf1e3dc6165eb21f078add66,True,False,Men,Apparel,Topwear,Shirts,Blue,Summer,2012,Formal,John Miller Men Check Blue Shirt,c:\Users\LEGION\Documents\jupyter_notebook\Fashion-Intelligence-System\A2_FashionDataset\FashionDataset\train\images_train\26091.jpg,False
30459,295629bfccb6ea4de4463b01e290da72,0f3421e3cf1e3dc6165eb21f078add66,True,False,Men,Apparel,Topwear,Shirts,Blue,Summer,2012,Formal,John Miller Men Check Blue Shirt,c:\Users\LEGION\Documents\jupyter_notebook\Fashion-Intelligence-System\A2_FashionDataset\FashionDataset\train\images_train\30459.jpg,False
26101,7cd47628b3ff3ec8b6cdcb407fd144f8,b2d81686d128f45e4e347de95db20770,True,False,Men,Apparel,Topwear,Shirts,White,Summer,2012,Formal,John Miller Men Striped White Shirt,c:\Users\LEGION\Documents\jupyter_notebook\Fashion-Intelligence-System\A2_FashionDataset\FashionDataset\train\images_train\26101.jpg,False
30222,7cd47628b3ff3ec8b6cdcb407fd144f8,b2d81686d128f45e4e347de95db20770,True,False,Men,Apparel,Topwear,Shirts,White,Summer,2012,Formal,John Miller Men Striped White Shirt,c:\Users\LEGION\Documents\jupyter_notebook\Fashion-Intelligence-System\A2_FashionDataset\FashionDataset\train\images_train\30222.jpg,False
26113,31f46c09cc0770177f77e0f15b4dd856,07c72a083355f132989971d72bf2831b,True,False,Men,Apparel,Topwear,Shirts,Purple,Summer,2012,Formal,John Miller Men Check Purple Shirt,c:\Users\LEGION\Documents\jupyter_notebook\Fashion-Intelligence-System\A2_FashionDataset\FashionDataset\train\images_train\26113.jpg,False
31088,31f46c09cc0770177f77e0f15b4dd856,07c72a083355f132989971d72bf2831b,True,False,Men,Apparel,Topwear,Shirts,Purple,Summer,2012,Formal,John Miller Men Check Purple Shirt,c:\Users\LEGION\Documents\jupyter_notebook\Fashion-Intelligence-System\A2_FashionDataset\FashionDataset\train\images_train\31088.jpg,False
26114,fb1e6d58718cebbdacc1f3cd622d4795,f420b952ecc42103aa863146e09fa966,True,False,Men,Apparel,Topwear,Shirts,Purple,Summer,2012,Formal,John Miller Men Purple Shirt,c:\Users\LEGION\Documents\jupyter_notebook\Fashion-Intelligence-System\A2_FashionDataset\FashionDataset\train\images_train\26114.jpg,False
31302,fb1e6d58718cebbdacc1f3cd622d4795,f420b952ecc42103aa863146e09fa966,True,False,Men,Apparel,Topwear,Shirts,Purple,Summer,2012,Formal,John Miller Men  Purple Shirt,c:\Users\LEGION\Documents\jupyter_notebook\Fashion-Intelligence-System\A2_FashionDataset\FashionDataset\train\images_train\31302.jpg,False
26115,c29d698d2a2d36e20df7c4a297beed1c,863086f8a351064cfd38bcaaea75c2f2,True,False,Men,Apparel,Topwear,Shirts,Purple,Summer,2012,Formal,John Miller Men Purple Shirt,c:\Users\LEGION\Documents\jupyter_notebook\Fashion-Intelligence-System\A2_FashionDataset\FashionDataset\train\images_train\26115.jpg,False
31303,c29d698d2a2d36e20df7c4a297beed1c,863086f8a351064cfd38bcaaea75c2f2,True,False,Men,Apparel,Topwear,Shirts,Purple,Summer,2012,Formal,John Miller Men Purple Shirt,c:\Users\LEGION\Documents\jupyter_notebook\Fashion-Intelligence-System\A2_FashionDataset\FashionDataset\train\images_train\31303.jpg,False
26116,9eac45dbf1497d123d6f49a8412c1ea6,69dba1e59f8210e67305ba61de9a627b,True,False,Men,Apparel,Topwear,Shirts,Blue,Summer,2012,Formal,John Miller Men Striped Blue Shirt,c:\Users\LEGION\Documents\jupyter_notebook\Fashion-Intelligence-System\A2_FashionDataset\FashionDataset\train\images_train\26116.jpg,False
31301,9eac45dbf1497d123d6f49a8412c1ea6,69dba1e59f8210e67305ba61de9a627b,True,False,Men,Apparel,Topwear,Shirts,Blue,Summer,2012,Formal,John Miller Men Striped Blue Shirt,c:\Users\LEGION\Documents\jupyter_notebook\Fashion-Intelligence-System\A2_FashionDataset\FashionDataset\train\images_train\31301.jpg,False
26121,31c1906622287b11e57cefacb52ce7f8,ed17094f024f8814046e0a02988fee6f,True,False,Men,Apparel,Topwear,Shirts,Blue,Summer,2012,Formal,John Miller Men Check Blue Shirt,c:\Users\LEGION\Documents\jupyter_notebook\Fashion-Intelligence-System\A2_FashionDataset\FashionDataset\train\images_train\26121.jpg,False
32762,31c1906622287b11e57cefacb52ce7f8,ed17094f024f8814046e0a02988fee6f,True,False,Men,Apparel,Topwear,Shirts,Blue,Summer,2012,Formal,John Miller Men Check Blue Shirt,c:\Users\LEGION\Documents\jupyter_notebook\Fashion-Intelligence-System\A2_FashionDataset\FashionDataset\train\images_train\32762.jpg,False
26122,7b76d16acc049801b8086244ae306219,88c1be7865504e02dc214530277f7e6d,True,False,Men,Apparel,Topwear,Shirts,Blue,Summer,2012,Formal,John Miller Men Striped Blue Shirt,c:\Users\LEGION\Documents\jupyter_notebook\Fashion-Intelligence-System\A2_FashionDataset\FashionDataset\train\images_train\26122.jpg,False
31141,7b76d16acc049801b8086244ae306219,88c1be7865504e02dc214530277f7e6d,True,False,Men,Apparel,Topwear,Shirts,Blue,Summer,2012,Formal,John Miller Men Striped Blue Shirt,c:\Users\LEGION\Documents\jupyter_notebook\Fashion-Intelligence-System\A2_FashionDataset\FashionDataset\train\images_train\31141.jpg,False
26123,91376784076cd0aba35f50e7a3ca317c,c864620c9a9dcc90518fb39c18011002,True,False,Men,Apparel,Topwear,Shirts,Black,Summer,2012,Formal,John Miller Men Striped Black Shirt,c:\Users\LEGION\Documents\jupyter_notebook\Fashion-Intelligence-System\A2_FashionDataset\FashionDataset\train\images_train\26123.jpg,False
31133,91376784076cd0aba35f50e7a3ca317c,c864620c9a9dcc90518fb39c18011002,True,False,Men,Apparel,Topwear,Shirts,Black,Summer,2012,Formal,John Miller Men Striped Black Shirt,c:\Users\LEGION\Documents\jupyter_notebook\Fashion-Intelligence-System\A2_FashionDataset\FashionDataset\train\images_train\31133.jpg,False
26124,8d2a3575b7b5d907f0dbdba0738bfc11,bb54b0c2b6230e6dfa485e3134085bc7,True,False,Men,Apparel,Topwear,Shirts,White,Summer,2012,Formal,John Miller Men Check White Shirt,c:\Users\LEGION\Documents\jupyter_notebook\Fashion-Intelligence-System\A2_FashionDataset\FashionDataset\train\images_train\26124.jpg,False
32763,8d2a3575b7b5d907f0dbdba0738bfc11,bb54b0c2b6230e6dfa485e3134085bc7,True,False,Men,Apparel,Topwear,Shirts,Lavender,Summer,2012,Formal,John Miller Men Check Lavender Shirt,c:\Users\LEGION\Documents\jupyter_notebook\Fashion-Intelligence-System\A2_FashionDataset\FashionDataset\train\images_train\32763.jpg,False
26125,2491867748514161907330faae678577,28693089dda0f6794ee9312ebf1b7f18,True,False,Men,Apparel,Topwear,Shirts,Orange,Summer,2012,Formal,John Miller Men Gingham Orange Shirt,c:\Users\LEGION\Documents\jupyter_notebook\Fashion-Intelligence-System\A2_FashionDataset\FashionDataset\train\images_train\26125.jpg,False
31142,2491867748514161907330faae678577,28693089dda0f6794ee9312ebf1b7f18,True,False,Men,Apparel,Topwear,Shirts,Orange,Summer,2012,Formal,John Miller Men Check Orange Shirt,c:\Users\LEGION\Documents\jupyter_notebook\Fashion-Intelligence-System\A2_FashionDataset\FashionDataset\train\images_train\31142.jpg,False
26128,0d91d40bd3789639be0f3bcf16ead5b0,d2eb04464e83ffd076767250c6281ce6,True,False,Men,Apparel,Topwear,Shirts,White,Summer,2012,Formal,John Miller Men Striped White Shirt,c:\Users\LEGION\Documents\jupyter_notebook\Fashion-Intelligence-System\A2_FashionDataset\FashionDataset\train\images_train\26128.jpg,False
32766,0d91d40bd3789639be0f3bcf16ead5b0,d2eb04464e83ffd076767250c6281ce6,True,False,Men,Apparel,Topwear,Shirts,White,Summer,2012,Formal,John Miller Men Striped White Shirt,c:\Users\LEGION\Documents\jupyter_notebook\Fashion-Intelligence-System\A2_FashionDataset\FashionDataset\train\images_train\32766.jpg,False
2638,79d8f0a24a8e4085be8eb187bbe9cff5,a47ae4dda17c279b605f62a4198d7a3e,True,False,Men,Footwear,Shoes,Formal Shoes,Brown,Fall,2010,Formal,Carlton London Men's Semi Formal Coffee Shoe,c:\Users\LEGION\Documents\jupyter_notebook\Fashion-Intelligence-System\A2_FashionDataset\FashionDataset\train\images_train\2638.jpg,True
2640,79d8f0a24a8e4085be8eb187bbe9cff5,a47ae4dda17c279b605f62a4198d7a3e,True,False,Men,Footwear,Shoes,Formal Shoes,Brown,Winter,2012,Formal,Carlton London Men Brown Formal Shoes,c:\Users\LEGION\Documents\jupyter_notebook\Fashion-Intelligence-System\A2_FashionDataset\FashionDataset\train\images_train\2640.jpg,True
26849,dfe44210ede7e1c3f6492d21fe9a2fdd,36a5c14c1cd8ce25eacf37061b880314,True,False,Men,Personal Care,Fragrance,Perfume and Body Mist,Black,Spring,2017,Casual,Calvin Klein Men Be Perfume,c:\Users\LEGION\Documents\jupyter_notebook\Fashion-Intelligence-System\A2_FashionDataset\FashionDataset\train\images_train\26849.jpg,False
26857,dfe44210ede7e1c3f6492d21fe9a2fdd,36a5c14c1cd8ce25eacf37061b880314,True,False,Men,Personal Care,Fragrance,Perfume and Body Mist,Black,Spring,2017,Casual,Calvin Klein Men Be 100 ml Perfume,c:\Users\LEGION\Documents\jupyter_notebook\Fashion-Intelligence-System\A2_FashionDataset\FashionDataset\train\images_train\26857.jpg,False
26858,ede08fc1349edc6cf4761e253976985a,05af1182f6b124d5364d195498e2a39a,True,False,Women,Personal Care,Fragrance,Perfume and Body Mist,Blue,Spring,2017,Casual,Davidoff Women Cool Water Perfume,c:\Users\LEGION\Documents\jupyter_notebook\Fashion-Intelligence-System\A2_FashionDataset\FashionDataset\train\images_train\26858.jpg,False
26859,ede08fc1349edc6cf4761e253976985a,05af1182f6b124d5364d195498e2a39a,True,False,Women,Personal Care,Fragrance,Perfume and Body Mist,Blue,Spring,2017,Casual,Davidoff Women Cool Water Perfume,c:\Users\LEGION\Documents\jupyter_notebook\Fashion-Intelligence-System\A2_FashionDataset\FashionDataset\train\images_train\26859.jpg,False
27198,823e35fe89c54fafa9738fe59b36bcb0,457509bd9e4740dbbb1d70c6ebc6b435,True,False,Women,Apparel,Dress,Dresses,Blue,Summer,2012,Casual,Doodle Kids Girl Printed Blue Dress,c:\Users\LEGION\Documents\jupyter_notebook\Fashion-Intelligence-System\A2_FashionDataset\FashionDataset\train\images_train\27198.jpg,False
33486,823e35fe89c54fafa9738fe59b36bcb0,457509bd9e4740dbbb1d70c6ebc6b435,True,False,Women,Apparel,Dress,Dresses,Blue,Summer,2012,Casual,Doodle Kids Girl Printed Blue Dress,c:\Users\LEGION\Documents\jupyter_notebook\Fashion-Intelligence-System\A2_FashionDataset\FashionDataset\train\images_train\33486.jpg,False
27209,af8a9fd97c7efe05e7f8ea1a82d434f3,5a906575de4a4a192273c65d63f75e19,True,False,Men,Apparel,Topwear,Shirts,Red,Summer,2012,Casual,Doodle Kids Boy Check Red Shirt,c:\Users\LEGION\Documents\jupyter_notebook\Fashion-Intelligence-System\A2_FashionDataset\FashionDataset\train\images_train\27209.jpg,False
33487,af8a9fd97c7efe05e7f8ea1a82d434f3,5a906575de4a4a192273c65d63f75e19,True,False,Men,Apparel,Topwear,Shirts,Red,Summer,2012,Casual,Doodle Kids Boy Check Red Shirt,c:\Users\LEGION\Documents\jupyter_notebook\Fashion-Intelligence-System\A2_FashionDataset\FashionDataset\train\images_train\33487.jpg,False
27210,57158d8ce25ba46feb399128f474ca42,a954ea338f0aa6265f2d23b994edf3d6,True,False,Men,Apparel,Topwear,Shirts,Green,Summer,2012,Casual,Doodle Kids Boy Check Green Shirt,c:\Users\LEGION\Documents\jupyter_notebook\Fashion-Intelligence-System\A2_FashionDataset\FashionDataset\train\images_train\27210.jpg,False
33489,57158d8ce25ba46feb399128f474ca42,a954ea338f0aa6265f2d23b994edf3d6,True,False,Men,Apparel,Topwear,Shirts,Green,Summer,2012,Casual,Doodle Kids Boy Check Green Shirt,c:\Users\LEGION\Documents\jupyter_notebook\Fashion-Intelligence-System\A2_FashionDataset\FashionDataset\train\images_train\33489.jpg,False
27211,3e46cbd089a767bb8c95e073e474ae1e,c9ba34cbe19c1c9d1a6c4bbd90ae75ed,True,False,Men,Apparel,Topwear,Shirts,Purple,Summer,2012,Casual,Doodle Kids Boy Check Purple Shirt,c:\Users\LEGION\Documents\jupyter_notebook\Fashion-Intelligence-System\A2_FashionDataset\FashionDataset\train\images_train\27211.jpg,False
33488,3e46cbd089a767bb8c95e073e474ae1e,c9ba34cbe19c1c9d1a6c4bbd90ae75ed,True,False,Men,Apparel,Topwear,Shirts,Purple,Summer,2012,Casual,Doodle Kids Boy Check Purple Shirt,c:\Users\LEGION\Documents\jupyter_notebook\Fashion-Intelligence-System\A2_FashionDataset\FashionDataset\train\images_train\33488.jpg,False
27212,42d03e3435cf6639206e822bd9c1d2c0,e570c0a054db52cbfa8edf6d2e72489c,True,False,Men,Apparel,Topwear,Shirts,Blue,Summer,2012,Casual,Doodle Kids Boy Striped Blue Shirt,c:\Users\LEGION\Documents\jupyter_notebook\Fashion-Intelligence-System\A2_FashionDataset\FashionDataset\train\images_train\27212.jpg,False
33490,42d03e3435cf6639206e822bd9c1d2c0,e570c0a054db52cbfa8edf6d2e72489c,True,False,Men,Apparel,Topwear,Shirts,Blue,Summer,2012,Casual,Doodle Kids Boy Striped Blue Shirt,c:\Users\LEGION\Documents\jupyter_notebook\Fashion-Intelligence-System\A2_FashionDataset\FashionDataset\train\images_train\33490.jpg,False
33491,42d03e3435cf6639206e822bd9c1d2c0,e570c0a054db52cbfa8edf6d2e72489c,True,False,Men,Apparel,Topwear,Shirts,Blue,Summer,2012,Casual,Doodle Kids Boy Striped Blue Shirt,c:\Users\LEGION\Documents\jupyter_notebook\Fashion-Intelligence-System\A2_FashionDataset\FashionDataset\train\images_train\33491.jpg,False
27213,53df216d14a562296186951ca8158f20,ea5fb4c4968feea85745087c291c5ef8,True,False,Men,Apparel,Topwear,Shirts,Blue,Summer,2012,Casual,Doodle Kids Boy Check Blue Shirt,c:\Users\LEGION\Documents\jupyter_notebook\Fashion-Intelligence-System\A2_FashionDataset\FashionDataset\train\images_train\27213.jpg,False
33492,53df216d14a562296186951ca8158f20,ea5fb4c4968feea85745087c291c5ef8,True,False,Men,Apparel,Topwear,Shirts,Blue,Summer,2012,Casual,Doodle Kids Boy Check Blue Shirt,c:\Users\LEGION\Documents\jupyter_notebook\Fashion-Intelligence-System\A2_FashionDataset\FashionDataset\train\images_train\33492.jpg,False
33493,53df216d14a562296186951ca8158f20,ea5fb4c4968feea85745087c291c5ef8,True,False,Men,Apparel,Topwear,Shirts,Blue,Summer,2012,Casual,Doodle Kids Boy Check Blue Shirt,c:\Users\LEGION\Documents\jupyter_notebook\Fashion-Intelligence-System\A2_FashionDataset\FashionDataset\train\images_train\33493.jpg,False
27214,ee128bcbaf9fe519f0e2e88add847257,581df335b0f112708348aaa2a3769d81,True,False,Men,Apparel,Bottomwear,Shorts,Brown,Summer,2012,Casual,Doodle Kids Boy  Brown Shorts,c:\Users\LEGION\Documents\jupyter_notebook\Fashion-Intelligence-System\A2_FashionDataset\FashionDataset\train\images_train\27214.jpg,False
33494,ee128bcbaf9fe519f0e2e88add847257,581df335b0f112708348aaa2a3769d81,True,False,Men,Apparel,Bottomwear,Shorts,Brown,Summer,2012,Casual,Doodle Kids Boy  Brown Shorts,c:\Users\LEGION\Documents\jupyter_notebook\Fashion-Intelligence-System\A2_FashionDataset\FashionDataset\train\images_train\33494.jpg,False
27215,c9f9168c8229fe3c2665dac3a6f5de94,66d32f32a4e1a02a5e1a470befe66ff0,True,False,Men,Apparel,Bottomwear,Shorts,Blue,Summer,2012,Casual,Doodle Kids Boy Striped Blue Shorts,c:\Users\LEGION\Documents\jupyter_notebook\Fashion-Intelligence-System\A2_FashionDataset\FashionDataset\train\images_train\27215.jpg,False
33495,c9f9168c8229fe3c2665dac3a6f5de94,66d32f32a4e1a02a5e1a470befe66ff0,True,False,Men,Apparel,Bottomwear,Shorts,Blue,Summer,2012,Casual,Doodle Kids Boy Striped Blue Shorts,c:\Users\LEGION\Documents\jupyter_notebook\Fashion-Intelligence-System\A2_FashionDataset\FashionDataset\train\images_train\33495.jpg,False
27217,24403114eff8770491f8521178ddde2a,f11df64a6d1c4e1603e772ecc4753609,True,False,Men,Apparel,Bottomwear,Shorts,Beige,Summer,2012,Casual,Doodle Kids Boy  Beige Shorts,c:\Users\LEGION\Documents\jupyter_notebook\Fashion-Intelligence-System\A2_FashionDataset\FashionDataset\train\images_train\27217.jpg,False
33497,24403114eff8770491f8521178ddde2a,f11df64a6d1c4e1603e772ecc4753609,True,False,Men,Apparel,Bottomwear,Shorts,Beige,Summer,2012,Casual,Doodle Kids Boy  Beige Shorts,c:\Users\LEGION\Documents\jupyter_notebook\Fashion-Intelligence-System\A2_FashionDataset\FashionDataset\train\images_train\33497.jpg,False
27218,5fc69de1bec5ce03c328566bf2b03633,b7d6f2cce5e9b50bdcbe045bc484d5a8,True,False,Men,Apparel,Bottomwear,Shorts,Blue,Summer,2012,Casual,Doodle Kids Boy Printed Blue Shorts,c:\Users\LEGION\Documents\jupyter_notebook\Fashion-Intelligence-System\A2_FashionDataset\FashionDataset\train\images_train\27218.jpg,False
33498,5fc69de1bec5ce03c328566bf2b03633,b7d6f2cce5e9b50bdcbe045bc484d5a8,True,False,Men,Apparel,Bottomwear,Shorts,Blue,Summer,2012,Casual,Doodle Kids Boy Printed Blue Shorts,c:\Users\LEGION\Documents\jupyter_notebook\Fashion-Intelligence-System\A2_FashionDataset\FashionDataset\train\images_train\33498.jpg,False
27222,6f6967d9abfb1766de0e02cdc0b29a22,3714c0e53330a2cdce8d4430070d4077,True,False,Women,Apparel,Bottomwear,Capris,Pink,Summer,2012,Casual,Doodle Kids Girl  Pink Capris,c:\Users\LEGION\Documents\jupyter_notebook\Fashion-Intelligence-System\A2_FashionDataset\FashionDataset\train\images_train\27222.jpg,False
33501,6f6967d9abfb1766de0e02cdc0b29a22,3714c0e53330a2cdce8d4430070d4077,True,False,Women,Apparel,Bottomwear,Capris,Pink,Summer,2012,Casual,Doodle Kids Girl  Pink Capris,c:\Users\LEGION\Documents\jupyter_notebook\Fashion-Intelligence-System\A2_FashionDataset\FashionDataset\train\images_train\33501.jpg,False
27226,5fb3b60b1eebf0e7b43ed719aebd27ee,90966461eabba02c7d31e5d8405f5912,True,False,Women,Apparel,Dress,Dresses,Pink,Summer,2012,Casual,Doodle Kids Girl Printed Pink Dress,c:\Users\LEGION\Documents\jupyter_notebook\Fashion-Intelligence-System\A2_FashionDataset\FashionDataset\train\images_train\27226.jpg,False
33504,5fb3b60b1eebf0e7b43ed719aebd27ee,90966461eabba02c7d31e5d8405f5912,True,False,Women,Apparel,Dress,Dresses,Pink,Summer,2012,Casual,Doodle Kids Girl Printed Pink Dress,c:\Users\LEGION\Documents\jupyter_notebook\Fashion-Intelligence-System\A2_FashionDataset\FashionDataset\train\images_train\33504.jpg,False
27229,86c2f5c6f7786ad0fcdb62ccba600462,d980a1679aa1b934f9b96a3a4946457f,True,False,Women,Apparel,Bottomwear,Capris,Green,Summer,2012,Casual,Doodle Kids Girl  Green Capris,c:\Users\LEGION\Documents\jupyter_notebook\Fashion-Intelligence-System\A2_FashionDataset\FashionDataset\train\images_train\27229.jpg,False
33506,86c2f5c6f7786ad0fcdb62ccba600462,d980a1679aa1b934f9b96a3a4946457f,True,False,Women,Apparel,Bottomwear,Capris,Green,Summer,2012,Casual,Doodle Kids Girl  Green Capris,c:\Users\LEGION\Documents\jupyter_notebook\Fashion-Intelligence-System\A2_FashionDataset\FashionDataset\train\images_train\33506.jpg,False
27230,3dcd71c26add3547f5cd4aed9fecda97,437a3693a754ea70a17ec3063a95c725,True,False,Women,Apparel,Bottomwear,Capris,White,Summer,2012,Casual,Doodle Kids Girl  White Capris,c:\Users\LEGION\Documents\jupyter_notebook\Fashion-Intelligence-System\A2_FashionDataset\FashionDataset\train\images_train\27230.jpg,False
33507,3dcd71c26add3547f5cd4aed9fecda97,437a3693a754ea70a17ec3063a95c725,True,False,Women,Apparel,Bottomwear,Capris,White,Summer,2012,Casual,Doodle Kids Girl  White Capris,c:\Users\LEGION\Documents\jupyter_notebook\Fashion-Intelligence-System\A2_FashionDataset\FashionDataset\train\images_train\33507.jpg,False
27231,b0b755c67533174b6e638c4470a2516b,b5b67bbc2ba8c299233cc846030bb33b,True,False,Women,Apparel,Bottomwear,Skirts,Blue,Summer,2012,Casual,Doodle Kids Girl Washed Blue Skirt,c:\Users\LEGION\Documents\jupyter_notebook\Fashion-Intelligence-System\A2_FashionDataset\FashionDataset\train\images_train\27231.jpg,False
33508,b0b755c67533174b6e638c4470a2516b,b5b67bbc2ba8c299233cc846030bb33b,True,False,Women,Apparel,Bottomwear,Skirts,Blue,Summer,2012,Casual,Doodle Kids Girl Washed Blue Skirt,c:\Users\LEGION\Documents\jupyter_notebook\Fashion-Intelligence-System\A2_FashionDataset\FashionDataset\train\images_train\33508.jpg,False
27232,3461e20bc23e528a8a92d6d98409c7a0,bcaefe816f8909c18b926c06e1ba262d,True,False,Women,Apparel,Bottomwear,Shorts,Pink,Summer,2012,Casual,Doodle Kids Girl Check Pink Shorts,c:\Users\LEGION\Documents\jupyter_notebook\Fashion-Intelligence-System\A2_FashionDataset\FashionDataset\train\images_train\27232.jpg,False
33509,3461e20bc23e528a8a92d6d98409c7a0,bcaefe816f8909c18b926c06e1ba262d,True,False,Women,Apparel,Bottomwear,Shorts,Pink,Summer,2012,Casual,Doodle Kids Girl Check Pink Shorts,c:\Users\LEGION\Documents\jupyter_notebook\Fashion-Intelligence-System\A2_FashionDataset\FashionDataset\train\images_train\33509.jpg,False
27548,dc0eecfb227af9f9ffcfbf0e47864653,56f93db0dc00a9001a6ca4f453ccc790,True,False,Men,Apparel,Topwear,Shirts,White,Summer,2012,Casual,Scullers Men White & Navy Blue Check Shirt,c:\Users\LEGION\Documents\jupyter_notebook\Fashion-Intelligence-System\A2_FashionDataset\FashionDataset\train\images_train\27548.jpg,False
43032,dc0eecfb227af9f9ffcfbf0e47864653,56f93db0dc00a9001a6ca4f453ccc790,True,False,Men,Apparel,Topwear,Shirts,White,Summer,2012,Casual,Scullers Men White & Navy Blue Check Shirt,c:\Users\LEGION\Documents\jupyter_notebook\Fashion-Intelligence-System\A2_FashionDataset\FashionDataset\train\images_train\43032.jpg,False
27550,5938a486fd309ab3fbf3696b29016ff7,a2bb2b0f8a945c6843aea224c19bec40,True,False,Men,Apparel,Topwear,Shirts,Olive,Summer,2012,Casual,Scullers Men Olive Shirt,c:\Users\LEGION\Documents\jupyter_notebook\Fashion-Intelligence-System\A2_FashionDataset\FashionDataset\train\images_train\27550.jpg,False
32499,5938a486fd309ab3fbf3696b29016ff7,a2bb2b0f8a945c6843aea224c19bec40,True,False,Men,Apparel,Topwear,Shirts,Olive,Summer,2012,Casual,Scullers Men Olive Shirt,c:\Users\LEGION\Documents\jupyter_notebook\Fashion-Intelligence-System\A2_FashionDataset\FashionDataset\train\images_train\32499.jpg,False
27552,0acf6c0c0e5cb52845e9e912bb5bb0e0,57803fb4619d1e9b1205d1e07a24de30,True,False,Men,Apparel,Topwear,Shirts,Black,Summer,2012,Casual,Scullers Men Black Shirt,c:\Users\LEGION\Documents\jupyter_notebook\Fashion-Intelligence-System\A2_FashionDataset\FashionDataset\train\images_train\27552.jpg,False
32501,0acf6c0c0e5cb52845e9e912bb5bb0e0,57803fb4619d1e9b1205d1e07a24de30,True,False,Men,Apparel,Topwear,Shirts,Black,Summer,2012,Casual,Scullers Men Black Shirt,c:\Users\LEGION\Documents\jupyter_notebook\Fashion-Intelligence-System\A2_FashionDataset\FashionDataset\train\images_train\32501.jpg,False
27553,61fba600345a86befb81d6e0e94d8d2c,70cba540d66e056171fbc8e9a9671432,True,False,Men,Apparel,Topwear,Shirts,Navy Blue,Summer,2012,Casual,Scullers Men Navy Blue Shirt,c:\Users\LEGION\Documents\jupyter_notebook\Fashion-Intelligence-System\A2_FashionDataset\FashionDataset\train\images_train\27553.jpg,False
43030,61fba600345a86befb81d6e0e94d8d2c,70cba540d66e056171fbc8e9a9671432,True,False,Men,Apparel,Topwear,Shirts,Navy Blue,Summer,2012,Casual,Scullers Men Navy Blue Shirt,c:\Users\LEGION\Documents\jupyter_notebook\Fashion-Intelligence-System\A2_FashionDataset\FashionDataset\train\images_train\43030.jpg,False
27557,f79409273e7dd65239bcfe0c6f63704a,35ab0a61457b817589c13a22288be210,True,False,Men,Apparel,Topwear,Shirts,Blue,Summer,2012,Casual,Scullers Men Blue Solid Shirt,c:\Users\LEGION\Documents\jupyter_notebook\Fashion-Intelligence-System\A2_FashionDataset\FashionDataset\train\images_train\27557.jpg,False
43034,f79409273e7dd65239bcfe0c6f63704a,35ab0a61457b817589c13a22288be210,True,False,Men,Apparel,Topwear,Shirts,Blue,Summer,2012,Casual,Scullers Men Blue Solid Shirt,c:\Users\LEGION\Documents\jupyter_notebook\Fashion-Intelligence-System\A2_FashionDataset\FashionDataset\train\images_train\43034.jpg,False
27558,97003dbc639ad4ef686b597c172bfc3e,e3596b47d9606d7cb861de740692c4d1,True,False,Men,Apparel,Topwear,Shirts,Lavender,Summer,2012,Formal,Scullers Men Lavender Shirt,c:\Users\LEGION\Documents\jupyter_notebook\Fashion-Intelligence-System\A2_FashionDataset\FashionDataset\train\images_train\27558.jpg,False
43955,97003dbc639ad4ef686b597c172bfc3e,e3596b47d9606d7cb861de740692c4d1,True,False,Men,Apparel,Topwear,Shirts,Purple,Summer,2012,Formal,Scullers  Men Purple Shirt,c:\Users\LEGION\Documents\jupyter_notebook\Fashion-Intelligence-System\A2_FashionDataset\FashionDataset\train\images_train\43955.jpg,False
27559,85d976e388c85dfa46d5183573687661,4b49e22253eef17f73ea515e261a74bc,True,False,Men,Apparel,Topwear,Shirts,Purple,Summer,2012,Casual,Scullers Men Purple Shirt,c:\Users\LEGION\Documents\jupyter_notebook\Fashion-Intelligence-System\A2_FashionDataset\FashionDataset\train\images_train\27559.jpg,True
43410,85d976e388c85dfa46d5183573687661,4b49e22253eef17f73ea515e261a74bc,True,False,Men,Apparel,Topwear,Shirts,Purple,Summer,2012,Formal,Scullers Men Purple Shirt,c:\Users\LEGION\Documents\jupyter_notebook\Fashion-Intelligence-System\A2_FashionDataset\FashionDataset\train\images_train\43410.jpg,True
27560,3a66c1056a0bb12829c0feea0e1d9a36,3e7c74330840441e5e67cb3c2caccb5e,True,False,Men,Apparel,Topwear,Shirts,Blue,Summer,2012,Formal,Scullers Men Blue Striped Shirt,c:\Users\LEGION\Documents\jupyter_notebook\Fashion-Intelligence-System\A2_FashionDataset\FashionDataset\train\images_train\27560.jpg,False
43033,3a66c1056a0bb12829c0feea0e1d9a36,3e7c74330840441e5e67cb3c2caccb5e,True,False,Men,Apparel,Topwear,Shirts,Blue,Summer,2012,Formal,Scullers Men Blue Striped Shirt,c:\Users\LEGION\Documents\jupyter_notebook\Fashion-Intelligence-System\A2_FashionDataset\FashionDataset\train\images_train\43033.jpg,False
27563,26b3fe8c1df0805d96a232b75943d884,10f6b0c1c8e4dc33298ac24cfc713854,True,False,Men,Apparel,Topwear,Shirts,Blue,Summer,2012,Casual,Scullers Men Checked Blue Shirt,c:\Users\LEGION\Documents\jupyter_notebook\Fashion-Intelligence-System\A2_FashionDataset\FashionDataset\train\images_train\27563.jpg,False
43544,26b3fe8c1df0805d96a232b75943d884,10f6b0c1c8e4dc33298ac24cfc713854,True,False,Men,Apparel,Topwear,Shirts,Blue,Summer,2012,Casual,Scullers Men Checked Blue Shirt,c:\Users\LEGION\Documents\jupyter_notebook\Fashion-Intelligence-System\A2_FashionDataset\FashionDataset\train\images_train\43544.jpg,False
27572,522888ef2dcb791176e0fdb8cb140fa4,0b9cbbf099a54d2843a5fb72e3c17cbc,True,False,Men,Apparel,Topwear,Shirts,Black,Summer,2012,Casual,Scullers Men Black Shirt,c:\Users\LEGION\Documents\jupyter_notebook\Fashion-Intelligence-System\A2_FashionDataset\FashionDataset\train\images_train\27572.jpg,False
32505,522888ef2dcb791176e0fdb8cb140fa4,0b9cbbf099a54d2843a5fb72e3c17cbc,True,False,Men,Apparel,Topwear,Shirts,Black,Summer,2012,Casual,Scullers Men Black Shirt,c:\Users\LEGION\Documents\jupyter_notebook\Fashion-Intelligence-System\A2_FashionDataset\FashionDataset\train\images_train\32505.jpg,False
27759,e40b470451edc7b62472ec4378156d7e,296b9aebefc3742e6e29dd81e3df874b,True,False,Men,Accessories,Wallets,Wallets,Brown,Winter,2015,Casual,Bulchee Men Brown Wallet,c:\Users\LEGION\Documents\jupyter_notebook\Fashion-Intelligence-System\A2_FashionDataset\FashionDataset\train\images_train\27759.jpg,False
27765,e40b470451edc7b62472ec4378156d7e,296b9aebefc3742e6e29dd81e3df874b,True,False,Men,Accessories,Wallets,Wallets,Brown,Winter,2015,Casual,Bulchee Men Dark Brown Wallet,c:\Users\LEGION\Documents\jupyter_notebook\Fashion-Intelligence-System\A2_FashionDataset\FashionDataset\train\images_train\27765.jpg,False
28160,65beb07544cf96a0fa884469a1570f16,2d55bb1595d2e149b41dab9cc720ca2d,True,False,Men,Accessories,Eyewear,Sunglasses,Metallic,Winter,2016,Casual,Ray-Ban Men Aviator Metallic Sunglasses,c:\Users\LEGION\Documents\jupyter_notebook\Fashion-Intelligence-System\A2_FashionDataset\FashionDataset\train\images_train\28160.jpg,False
28184,65beb07544cf96a0fa884469a1570f16,2d55bb1595d2e149b41dab9cc720ca2d,True,False,Men,Accessories,Eyewear,Sunglasses,Black,Winter,2016,Casual,Ray-Ban Men Aviator Black Sunglasses,c:\Users\LEGION\Documents\jupyter_notebook\Fashion-Intelligence-System\A2_FashionDataset\FashionDataset\train\images_train\28184.jpg,False
28191,65beb07544cf96a0fa884469a1570f16,2d55bb1595d2e149b41dab9cc720ca2d,True,False,Men,Accessories,Eyewear,Sunglasses,Black,Winter,2016,Casual,Ray-Ban Men Aviator Black Sunglasses,c:\Users\LEGION\Documents\jupyter_notebook\Fashion-Intelligence-System\A2_FashionDataset\FashionDataset\train\images_train\28191.jpg,False
28167,4e52b317ac510727f36fa2e45f2c9c7e,8e23ef28b2baac0dcffdb02fdfd01602,True,False,Men,Accessories,Eyewear,Sunglasses,Gold,Winter,2016,Casual,Ray-Ban Men Aviator Gold Sunglasses,c:\Users\LEGION\Documents\jupyter_notebook\Fashion-Intelligence-System\A2_FashionDataset\FashionDataset\train\images_train\28167.jpg,True
28186,4e52b317ac510727f36fa2e45f2c9c7e,8e23ef28b2baac0dcffdb02fdfd01602,True,False,Unisex,Accessories,Eyewear,Sunglasses,Gold,Winter,2016,Casual,Ray-Ban Unisex Aviator Gold Sunglasses,c:\Users\LEGION\Documents\jupyter_notebook\Fashion-Intelligence-System\A2_FashionDataset\FashionDataset\train\images_train\28186.jpg,True
28188,4e52b317ac510727f36fa2e45f2c9c7e,8e23ef28b2baac0dcffdb02fdfd01602,True,False,Men,Accessories,Eyewear,Sunglasses,Gold,Winter,2016,Casual,Ray-Ban Men Aviator Gold Sunglasses,c:\Users\LEGION\Documents\jupyter_notebook\Fashion-Intelligence-System\A2_FashionDataset\FashionDataset\train\images_train\28188.jpg,True
28174,1da7346e46be8a3fbd0ddb5eca9a63ac,f03efbf18edef50dcd51b41d188e902f,True,False,Men,Accessories,Eyewear,Sunglasses,Bronze,Winter,2016,Casual,Ray-Ban Men Aviator Bronze Sunglasses,c:\Users\LEGION\Documents\jupyter_notebook\Fashion-Intelligence-System\A2_FashionDataset\FashionDataset\train\images_train\28174.jpg,False
28182,1da7346e46be8a3fbd0ddb5eca9a63ac,f03efbf18edef50dcd51b41d188e902f,True,False,Men,Accessories,Eyewear,Sunglasses,Copper,Winter,2016,Casual,Ray-Ban Men Aviator Copper Sunglasses,c:\Users\LEGION\Documents\jupyter_notebook\Fashion-Intelligence-System\A2_FashionDataset\FashionDataset\train\images_train\28182.jpg,False
28345,097bb0d44db47eea74f448029b84afe3,609f27a881f9b289f1ea1491906c9fce,True,False,Men,Accessories,Eyewear,Sunglasses,Black,Winter,2016,Casual,Idee Men Black Sunglasses,c:\Users\LEGION\Documents\jupyter_notebook\Fashion-Intelligence-System\A2_FashionDataset\FashionDataset\train\images_train\28345.jpg,True
28347,097bb0d44db47eea74f448029b84afe3,609f27a881f9b289f1ea1491906c9fce,True,False,Men,Free Items,Free Gifts,Free Gifts,Black,Winter,2016,Casual,IDEE Men Black Sunglasses,c:\Users\LEGION\Documents\jupyter_notebook\Fashion-Intelligence-System\A2_FashionDataset\FashionDataset\train\images_train\28347.jpg,True
28346,711851886657a9035583dd20c31513a8,e072c8a80f7f600649d63ae6808f80b9,True,False,Men,Accessories,Eyewear,Sunglasses,Brown,Winter,2016,Casual,Idee Men Brown Sunglasses,c:\Users\LEGION\Documents\jupyter_notebook\Fashion-Intelligence-System\A2_FashionDataset\FashionDataset\train\images_train\28346.jpg,False
28349,711851886657a9035583dd20c31513a8,e072c8a80f7f600649d63ae6808f80b9,True,False,Men,Accessories,Eyewear,Sunglasses,Brown,Winter,2016,Casual,Idee Men Casual Brown Sunglasses,c:\Users\LEGION\Documents\jupyter_notebook\Fashion-Intelligence-System\A2_FashionDataset\FashionDataset\train\images_train\28349.jpg,False
28350,78c571d1d47370fb0f75146d38c938dc,6ceca7a54c166941ded698a615685dac,True,False,Men,Accessories,Eyewear,Sunglasses,Black,Winter,2016,Casual,Idee Men Black Sunglasses,c:\Users\LEGION\Documents\jupyter_notebook\Fashion-Intelligence-System\A2_FashionDataset\FashionDataset\train\images_train\28350.jpg,False
28351,78c571d1d47370fb0f75146d38c938dc,6ceca7a54c166941ded698a615685dac,True,False,Men,Accessories,Eyewear,Sunglasses,Steel,Winter,2016,Casual,Idee Men Steel Sunglasses,c:\Users\LEGION\Documents\jupyter_notebook\Fashion-Intelligence-System\A2_FashionDataset\FashionDataset\train\images_train\28351.jpg,False
28352,66b2914bec6296b31b2c6fea63bf1ee3,1c714b497cbb4f585236fce6417fdc80,True,False,Men,Accessories,Eyewear,Sunglasses,Bronze,Winter,2016,Casual,Idee Men Bronze Sunglasses,c:\Users\LEGION\Documents\jupyter_notebook\Fashion-Intelligence-System\A2_FashionDataset\FashionDataset\train\images_train\28352.jpg,False
28354,66b2914bec6296b31b2c6fea63bf1ee3,1c714b497cbb4f585236fce6417fdc80,True,False,Men,Accessories,Eyewear,Sunglasses,Brown,Winter,2016,Casual,Idee Men Brown Sunglasses,c:\Users\LEGION\Documents\jupyter_notebook\Fashion-Intelligence-System\A2_FashionDataset\FashionDataset\train\images_train\28354.jpg,False
28402,7230dc47d5f98791b3366575f9c2a6fe,8f92e9809d62ba80923e057113a25983,True,False,Women,Accessories,Eyewear,Sunglasses,Brown,Winter,2016,Casual,Idee Women Brown Sunglasses,c:\Users\LEGION\Documents\jupyter_notebook\Fashion-Intelligence-System\A2_FashionDataset\FashionDataset\train\images_train\28402.jpg,False
28403,7230dc47d5f98791b3366575f9c2a6fe,8f92e9809d62ba80923e057113a25983,True,False,Women,Accessories,Eyewear,Sunglasses,Brown,Winter,2016,Casual,Idee Women Brown Sunglasses,c:\Users\LEGION\Documents\jupyter_notebook\Fashion-Intelligence-System\A2_FashionDataset\FashionDataset\train\images_train\28403.jpg,False
28404,14a93949cd97fc9de9c09d877c4ac371,8784c4e0c7eea6cba1428ccefc937721,True,False,Men,Accessories,Eyewear,Sunglasses,Black,Winter,2016,Casual,Idee Men Black Sunglasses,c:\Users\LEGION\Documents\jupyter_notebook\Fashion-Intelligence-System\A2_FashionDataset\FashionDataset\train\images_train\28404.jpg,False
28405,14a93949cd97fc9de9c09d877c4ac371,8784c4e0c7eea6cba1428ccefc937721,True,False,Men,Accessories,Eyewear,Sunglasses,Black,Winter,2016,Casual,Idee Men Black Sunglasses,c:\Users\LEGION\Documents\jupyter_notebook\Fashion-Intelligence-System\A2_FashionDataset\FashionDataset\train\images_train\28405.jpg,False
28418,57581f9a22a2173787d7388bb7d44021,43acc082a5dfb82f49cbae6cce8d74f7,True,False,Men,Accessories,Eyewear,Sunglasses,Black,Winter,2016,Casual,Idee Men Black Sunglasses,c:\Users\LEGION\Documents\jupyter_notebook\Fashion-Intelligence-System\A2_FashionDataset\FashionDataset\train\images_train\28418.jpg,False
28421,57581f9a22a2173787d7388bb7d44021,43acc082a5dfb82f49cbae6cce8d74f7,True,False,Men,Accessories,Eyewear,Sunglasses,Black,Winter,2016,Casual,Idee Men Black Sunglasses,c:\Users\LEGION\Documents\jupyter_notebook\Fashion-Intelligence-System\A2_FashionDataset\FashionDataset\train\images_train\28421.jpg,False
28903,8f3f22971096b479c07fff5ad1609b5e,6be32c4a331bf3a6bc49e5acbfecfaf4,True,False,Women,Apparel,Innerwear,Briefs,Blue,Summer,2012,Casual,Enamor Women Blue Brief,c:\Users\LEGION\Documents\jupyter_notebook\Fashion-Intelligence-System\A2_FashionDataset\FashionDataset\train\images_train\28903.jpg,False
28904,8f3f22971096b479c07fff5ad1609b5e,6be32c4a331bf3a6bc49e5acbfecfaf4,True,False,Women,Apparel,Innerwear,Briefs,Blue,Summer,2012,Casual,Enamor Women Blue Boy-Shorts Bikini Brief,c:\Users\LEGION\Documents\jupyter_notebook\Fashion-Intelligence-System\A2_FashionDataset\FashionDataset\train\images_train\28904.jpg,False
29608,d60752d32ae3e5d8ec2e21f1317a7caa,601871a98fd4ffad31cfb4aaac3e76ab,True,False,Men,Apparel,Topwear,Shirts,Blue,Summer,2012,Formal,Indigo Nation Men Striped Blue Shirt,c:\Users\LEGION\Documents\jupyter_notebook\Fashion-Intelligence-System\A2_FashionDataset\FashionDataset\train\images_train\29608.jpg,False
31611,d60752d32ae3e5d8ec2e21f1317a7caa,601871a98fd4ffad31cfb4aaac3e76ab,True,False,Men,Apparel,Topwear,Shirts,Blue,Summer,2012,Formal,Indigo Nation Men Striped Blue Shirt,c:\Users\LEGION\Documents\jupyter_notebook\Fashion-Intelligence-System\A2_FashionDataset\FashionDataset\train\images_train\31611.jpg,False
29609,5767bbf6ccd8ac63a8e64a8923850522,8a859c31ee7de519a2c291615930bc5a,True,False,Men,Apparel,Topwear,Shirts,Red,Summer,2012,Formal,Indigo Nation Men Striped Red Shirt,c:\Users\LEGION\Documents\jupyter_notebook\Fashion-Intelligence-System\A2_FashionDataset\FashionDataset\train\images_train\29609.jpg,False
31612,5767bbf6ccd8ac63a8e64a8923850522,8a859c31ee7de519a2c291615930bc5a,True,False,Men,Apparel,Topwear,Shirts,Red,Summer,2012,Formal,Indigo Nation Men Striped Red Shirt,c:\Users\LEGION\Documents\jupyter_notebook\Fashion-Intelligence-System\A2_FashionDataset\FashionDataset\train\images_train\31612.jpg,False
29616,dd7fd374581d69f9baf3eb4befe34f04,cef57cf6ee1b3858a2d8c1f885732725,True,False,Men,Apparel,Topwear,Shirts,Maroon,Summer,2012,Formal,Indigo Nation Men Maroon Shirt,c:\Users\LEGION\Documents\jupyter_notebook\Fashion-Intelligence-System\A2_FashionDataset\FashionDataset\train\images_train\29616.jpg,False
31619,dd7fd374581d69f9baf3eb4befe34f04,cef57cf6ee1b3858a2d8c1f885732725,True,False,Men,Apparel,Topwear,Shirts,Maroon,Summer,2012,Formal,Indigo Nation Men Maroon Shirt,c:\Users\LEGION\Documents\jupyter_notebook\Fashion-Intelligence-System\A2_FashionDataset\FashionDataset\train\images_train\31619.jpg,False
29632,935f090021d21fc281e667b35680b3be,1d93143c7e27383b18b3e28cebdccc88,True,False,Men,Apparel,Topwear,Shirts,Purple,Summer,2012,Formal,Indigo Nation Men Striped Purple Shirt,c:\Users\LEGION\Documents\jupyter_notebook\Fashion-Intelligence-System\A2_FashionDataset\FashionDataset\train\images_train\29632.jpg,False
31635,935f090021d21fc281e667b35680b3be,1d93143c7e27383b18b3e28cebdccc88,True,False,Men,Apparel,Topwear,Shirts,Purple,Summer,2012,Formal,Indigo Nation Men Striped Purple Shirt,c:\Users\LEGION\Documents\jupyter_notebook\Fashion-Intelligence-System\A2_FashionDataset\FashionDataset\train\images_train\31635.jpg,False
29633,f034c0ea31c98c1c48c235425fc6a97a,68baf83c08600d703150754053a35a38,True,False,Men,Apparel,Topwear,Shirts,Black,Summer,2012,Formal,Indigo Nation Men Striped Black Shirt,c:\Users\LEGION\Documents\jupyter_notebook\Fashion-Intelligence-System\A2_FashionDataset\FashionDataset\train\images_train\29633.jpg,False
31636,f034c0ea31c98c1c48c235425fc6a97a,68baf83c08600d703150754053a35a38,True,False,Men,Apparel,Topwear,Shirts,Black,Summer,2012,Formal,Indigo Nation Men Striped Black Shirt,c:\Users\LEGION\Documents\jupyter_notebook\Fashion-Intelligence-System\A2_FashionDataset\FashionDataset\train\images_train\31636.jpg,False
29636,965c438e9de78c91b8e7fd7a4791e12b,2b35c3e48ffc2fdeb9b2a99235376d92,True,False,Men,Apparel,Topwear,Shirts,Maroon,Summer,2012,Casual,Indigo Nation Men Check Maroon Shirt,c:\Users\LEGION\Documents\jupyter_notebook\Fashion-Intelligence-System\A2_FashionDataset\FashionDataset\train\images_train\29636.jpg,False
31639,965c438e9de78c91b8e7fd7a4791e12b,2b35c3e48ffc2fdeb9b2a99235376d92,True,False,Men,Apparel,Topwear,Shirts,Maroon,Summer,2012,Casual,Indigo Nation Men Check Maroon Shirt,c:\Users\LEGION\Documents\jupyter_notebook\Fashion-Intelligence-System\A2_FashionDataset\FashionDataset\train\images_train\31639.jpg,False
29639,58bb82775b73b4d19fde4f083c0e3f6a,19d52f39acceaba94ea004c2ec2aba2e,True,False,Men,Apparel,Topwear,Shirts,White,Summer,2012,Casual,Indigo Nation Men White Shirt,c:\Users\LEGION\Documents\jupyter_notebook\Fashion-Intelligence-System\A2_FashionDataset\FashionDataset\train\images_train\29639.jpg,False
31641,58bb82775b73b4d19fde4f083c0e3f6a,19d52f39acceaba94ea004c2ec2aba2e,True,False,Men,Apparel,Topwear,Shirts,White,Summer,2012,Casual,Indigo Nation Men White Shirt,c:\Users\LEGION\Documents\jupyter_notebook\Fashion-Intelligence-System\A2_FashionDataset\FashionDataset\train\images_train\31641.jpg,False
29640,778bb1db7f10898cc81708bc1db2bbee,408144a05a99f337ed0e9f56ca9084b7,True,False,Men,Apparel,Topwear,Shirts,Black,Summer,2012,Casual,Indigo Nation Men Black Shirt,c:\Users\LEGION\Documents\jupyter_notebook\Fashion-Intelligence-System\A2_FashionDataset\FashionDataset\train\images_train\29640.jpg,False
31642,778bb1db7f10898cc81708bc1db2bbee,408144a05a99f337ed0e9f56ca9084b7,True,False,Men,Apparel,Topwear,Shirts,Black,Summer,2012,Casual,Indigo Nation Men Black Shirt,c:\Users\LEGION\Documents\jupyter_notebook\Fashion-Intelligence-System\A2_FashionDataset\FashionDataset\train\images_train\31642.jpg,False
29642,b733c3d5fed6d2180a3c716dd73d4975,585b842c36ba51d4eac2aa682b018734,True,False,Men,Apparel,Topwear,Shirts,Black,Summer,2012,Formal,Indigo Nation Men Black Shirt,c:\Users\LEGION\Documents\jupyter_notebook\Fashion-Intelligence-System\A2_FashionDataset\FashionDataset\train\images_train\29642.jpg,False
31644,b733c3d5fed6d2180a3c716dd73d4975,585b842c36ba51d4eac2aa682b018734,True,False,Men,Apparel,Topwear,Shirts,Black,Summer,2012,Formal,Indigo Nation Men Black Shirt,c:\Users\LEGION\Documents\jupyter_notebook\Fashion-Intelligence-System\A2_FashionDataset\FashionDataset\train\images_train\31644.jpg,False
29652,ec5f799810e958b311a9013f1d095229,e81f780428f14e6ce09534c0044aab77,True,False,Men,Apparel,Topwear,Shirts,Purple,Summer,2012,Formal,Indigo Nation Men Striped Purple Shirt,c:\Users\LEGION\Documents\jupyter_notebook\Fashion-Intelligence-System\A2_FashionDataset\FashionDataset\train\images_train\29652.jpg,False
31648,ec5f799810e958b311a9013f1d095229,e81f780428f14e6ce09534c0044aab77,True,False,Men,Apparel,Topwear,Shirts,Purple,Summer,2012,Formal,Indigo Nation Men Striped Purple Shirt,c:\Users\LEGION\Documents\jupyter_notebook\Fashion-Intelligence-System\A2_FashionDataset\FashionDataset\train\images_train\31648.jpg,False
29653,b76da5ceb02d3e9df5ab8badac1f919e,40bb53464a702c4b04df79b1ad5f3679,True,False,Men,Apparel,Topwear,Shirts,Blue,Summer,2012,Formal,Indigo Nation Men Striped Blue Shirt,c:\Users\LEGION\Documents\jupyter_notebook\Fashion-Intelligence-System\A2_FashionDataset\FashionDataset\train\images_train\29653.jpg,False
31649,b76da5ceb02d3e9df5ab8badac1f919e,40bb53464a702c4b04df79b1ad5f3679,True,False,Men,Apparel,Topwear,Shirts,Blue,Summer,2012,Formal,Indigo Nation Men Striped Blue Shirt,c:\Users\LEGION\Documents\jupyter_notebook\Fashion-Intelligence-System\A2_FashionDataset\FashionDataset\train\images_train\31649.jpg,False
29655,dd27ae73df6dd1d4d606b1d73f30ac0a,42a0c7a913df5ba49149c169b3bb1878,True,False,Men,Apparel,Topwear,Shirts,Grey,Summer,2012,Formal,Indigo Nation Men Grey Striped Shirt,c:\Users\LEGION\Documents\jupyter_notebook\Fashion-Intelligence-System\A2_FashionDataset\FashionDataset\train\images_train\29655.jpg,False
43960,dd27ae73df6dd1d4d606b1d73f30ac0a,42a0c7a913df5ba49149c169b3bb1878,True,False,Men,Apparel,Topwear,Shirts,Grey,Summer,2012,Formal,Indigo Nation Men Grey Striped Shirt,c:\Users\LEGION\Documents\jupyter_notebook\Fashion-Intelligence-System\A2_FashionDataset\FashionDataset\train\images_train\43960.jpg,False
29664,61754452d722e4aa962ea105eaf80b04,c4214172b40c71a72983c0c6870c26ca,True,False,Men,Apparel,Topwear,Shirts,White,Summer,2012,Casual,Indigo Nation Men White Shirt,c:\Users\LEGION\Documents\jupyter_notebook\Fashion-Intelligence-System\A2_FashionDataset\FashionDataset\train\images_train\29664.jpg,False
31656,61754452d722e4aa962ea105eaf80b04,c4214172b40c71a72983c0c6870c26ca,True,False,Men,Apparel,Topwear,Shirts,White,Summer,2012,Casual,Indigo Nation Men White Shirt,c:\Users\LEGION\Documents\jupyter_notebook\Fashion-Intelligence-System\A2_FashionDataset\FashionDataset\train\images_train\31656.jpg,False
29665,46e15c0a70944610f8e021dda4e3f63e,5b04919e1b80390440125eee25acdd56,True,False,Men,Apparel,Topwear,Shirts,Purple,Summer,2012,Casual,Indigo Nation Men Striped Purple Shirt,c:\Users\LEGION\Documents\jupyter_notebook\Fashion-Intelligence-System\A2_FashionDataset\FashionDataset\train\images_train\29665.jpg,False
32759,46e15c0a70944610f8e021dda4e3f63e,5b04919e1b80390440125eee25acdd56,True,False,Men,Apparel,Topwear,Shirts,Purple,Summer,2012,Casual,Indigo Nation Men Striped Purple Shirt,c:\Users\LEGION\Documents\jupyter_notebook\Fashion-Intelligence-System\A2_FashionDataset\FashionDataset\train\images_train\32759.jpg,False
29667,7eb6d82192a0a63ecd110e389bf62be0,ad649b44113a99b33bebba63c462b359,True,False,Men,Apparel,Topwear,Shirts,Black,Summer,2012,Casual,Indigo Nation Men Printed Black Shirt,c:\Users\LEGION\Documents\jupyter_notebook\Fashion-Intelligence-System\A2_FashionDataset\FashionDataset\train\images_train\29667.jpg,False
31657,7eb6d82192a0a63ecd110e389bf62be0,ad649b44113a99b33bebba63c462b359,True,False,Men,Apparel,Topwear,Shirts,Black,Summer,2012,Casual,Indigo Nation Men Printed Black Shirt,c:\Users\LEGION\Documents\jupyter_notebook\Fashion-Intelligence-System\A2_FashionDataset\FashionDataset\train\images_train\31657.jpg,False
29668,00ec31ed00d145641dc40655191e9fff,6bd681856526cff6bcc0c2e2aa12ea19,True,False,Men,Apparel,Topwear,Shirts,White,Summer,2012,Casual,Indigo Nation Men Printed White Shirt,c:\Users\LEGION\Documents\jupyter_notebook\Fashion-Intelligence-System\A2_FashionDataset\FashionDataset\train\images_train\29668.jpg,False
31658,00ec31ed00d145641dc40655191e9fff,6bd681856526cff6bcc0c2e2aa12ea19,True,False,Men,Apparel,Topwear,Shirts,White,Summer,2012,Casual,Indigo Nation Men Printed White Shirt,c:\Users\LEGION\Documents\jupyter_notebook\Fashion-Intelligence-System\A2_FashionDataset\FashionDataset\train\images_train\31658.jpg,False
29670,f2bc16e337a522d9aeca1992c80c6a04,6506ebb119dd8f51f50ed47fc06e71d9,True,False,Men,Apparel,Topwear,Shirts,Black,Summer,2012,Casual,Indigo Nation Men Printed Black Shirt,c:\Users\LEGION\Documents\jupyter_notebook\Fashion-Intelligence-System\A2_FashionDataset\FashionDataset\train\images_train\29670.jpg,False
31660,f2bc16e337a522d9aeca1992c80c6a04,6506ebb119dd8f51f50ed47fc06e71d9,True,False,Men,Apparel,Topwear,Shirts,Black,Summer,2012,Casual,Indigo Nation Men Printed Black Shirt,c:\Users\LEGION\Documents\jupyter_notebook\Fashion-Intelligence-System\A2_FashionDataset\FashionDataset\train\images_train\31660.jpg,False
29672,ddb95556d4210330d76259797b6e4f4f,7a9c4007ebd1b91200b88e24249b00d7,True,False,Men,Apparel,Topwear,Shirts,Teal,Summer,2012,Casual,Indigo Nation Men Teal Shirt,c:\Users\LEGION\Documents\jupyter_notebook\Fashion-Intelligence-System\A2_FashionDataset\FashionDataset\train\images_train\29672.jpg,False
31662,ddb95556d4210330d76259797b6e4f4f,7a9c4007ebd1b91200b88e24249b00d7,True,False,Men,Apparel,Topwear,Shirts,Green,Summer,2012,Casual,Indigo Nation Men Printed Teal Shirt,c:\Users\LEGION\Documents\jupyter_notebook\Fashion-Intelligence-System\A2_FashionDataset\FashionDataset\train\images_train\31662.jpg,False
29674,4fdc3b48306108c2531d2a90f18fca5d,e53e2796e7b151e2d2517f07d8503c88,True,False,Men,Apparel,Topwear,Shirts,Navy Blue,Summer,2012,Casual,Indigo Nation Navy Blue Shirt,c:\Users\LEGION\Documents\jupyter_notebook\Fashion-Intelligence-System\A2_FashionDataset\FashionDataset\train\images_train\29674.jpg,False
43043,4fdc3b48306108c2531d2a90f18fca5d,e53e2796e7b151e2d2517f07d8503c88,True,False,Men,Apparel,Topwear,Shirts,Navy Blue,Summer,2012,Casual,Indigo Nation Navy Blue Shirt,c:\Users\LEGION\Documents\jupyter_notebook\Fashion-Intelligence-System\A2_FashionDataset\FashionDataset\train\images_train\43043.jpg,False
29946,80f2e0f2f653e6221e49479d90d9ab44,1e1d640245124fa2533307af1398ea37,True,False,Women,Accessories,Watches,Watches,White,Winter,2016,Casual,Police Women White Dial Watch PL13090JS-28E,c:\Users\LEGION\Documents\jupyter_notebook\Fashion-Intelligence-System\A2_FashionDataset\FashionDataset\train\images_train\29946.jpg,False
29947,80f2e0f2f653e6221e49479d90d9ab44,1e1d640245124fa2533307af1398ea37,True,False,Women,Accessories,Watches,Watches,White,Winter,2016,Casual,Police Women White Dial Watch,c:\Users\LEGION\Documents\jupyter_notebook\Fashion-Intelligence-System\A2_FashionDataset\FashionDataset\train\images_train\29947.jpg,False
30566,d6f9ce6b66a8dce23152cadbb0c0a484,a16a4a966df6e2981c5ffb3268b4ac1d,True,False,Men,Accessories,Eyewear,Sunglasses,Red,Winter,2016,Casual,Opium Men Black Sunglasses,c:\Users\LEGION\Documents\jupyter_notebook\Fashion-Intelligence-System\A2_FashionDataset\FashionDataset\train\images_train\30566.jpg,True
30568,d6f9ce6b66a8dce23152cadbb0c0a484,a16a4a966df6e2981c5ffb3268b4ac1d,True,False,Unisex,Accessories,Eyewear,Sunglasses,Black,Winter,2016,Casual,Opium Unisex Black Sunglass,c:\Users\LEGION\Documents\jupyter_notebook\Fashion-Intelligence-System\A2_FashionDataset\FashionDataset\train\images_train\30568.jpg,True
31090,c3eb7209efa2457cace09eff5442a82c,cee9430c95138b92369e5a6b856f385b,True,False,Boys,Apparel,Topwear,Shirts,Black,Summer,2012,Casual,Gini and Jony Boys Black Shirt,c:\Users\LEGION\Documents\jupyter_notebook\Fashion-Intelligence-System\A2_FashionDataset\FashionDataset\train\images_train\31090.jpg,False
34044,c3eb7209efa2457cace09eff5442a82c,cee9430c95138b92369e5a6b856f385b,True,False,Boys,Apparel,Topwear,Shirts,Black,Summer,2012,Casual,Gini and Jony Boys Black Shirt,c:\Users\LEGION\Documents\jupyter_notebook\Fashion-Intelligence-System\A2_FashionDataset\FashionDataset\train\images_train\34044.jpg,False
34045,c3eb7209efa2457cace09eff5442a82c,cee9430c95138b92369e5a6b856f385b,True,False,Boys,Apparel,Topwear,Shirts,Black,Summer,2012,Casual,Gini and Jony Boys Black Shirt,c:\Users\LEGION\Documents\jupyter_notebook\Fashion-Intelligence-System\A2_FashionDataset\FashionDataset\train\images_train\34045.jpg,False
31091,92568aaf5de4e9b83b5e7ee7d313b3d1,0e80dbd6d0208cdb57b7cb9c4d68dc77,True,False,Boys,Apparel,Topwear,Shirts,White,Summer,2012,Casual,Gini and Jony Boys White Shirt,c:\Users\LEGION\Documents\jupyter_notebook\Fashion-Intelligence-System\A2_FashionDataset\FashionDataset\train\images_train\31091.jpg,False
34048,92568aaf5de4e9b83b5e7ee7d313b3d1,0e80dbd6d0208cdb57b7cb9c4d68dc77,True,False,Boys,Apparel,Topwear,Shirts,White,Summer,2012,Casual,Gini and Jony Boys White Shirt,c:\Users\LEGION\Documents\jupyter_notebook\Fashion-Intelligence-System\A2_FashionDataset\FashionDataset\train\images_train\34048.jpg,False
34049,92568aaf5de4e9b83b5e7ee7d313b3d1,0e80dbd6d0208cdb57b7cb9c4d68dc77,True,False,Boys,Apparel,Topwear,Shirts,White,Summer,2012,Casual,Gini and Jony Boys White Shirt,c:\Users\LEGION\Documents\jupyter_notebook\Fashion-Intelligence-System\A2_FashionDataset\FashionDataset\train\images_train\34049.jpg,False
31092,87741fa86a325e0815a05a1d7be0d534,aafdab6cfaad7c4e88bea7c3a330c64f,True,False,Boys,Apparel,Topwear,Shirts,Maroon,Summer,2012,Casual,Gini and Jony Boys Maroon Shirt,c:\Users\LEGION\Documents\jupyter_notebook\Fashion-Intelligence-System\A2_FashionDataset\FashionDataset\train\images_train\31092.jpg,False
34050,87741fa86a325e0815a05a1d7be0d534,aafdab6cfaad7c4e88bea7c3a330c64f,True,False,Boys,Apparel,Topwear,Shirts,Maroon,Summer,2012,Casual,Gini and Jony Boys Maroon Shirt,c:\Users\LEGION\Documents\jupyter_notebook\Fashion-Intelligence-System\A2_FashionDataset\FashionDataset\train\images_train\34050.jpg,False
34051,87741fa86a325e0815a05a1d7be0d534,aafdab6cfaad7c4e88bea7c3a330c64f,True,False,Boys,Apparel,Topwear,Shirts,Maroon,Summer,2012,Casual,Palm Tree Boys Maroon Shirt,c:\Users\LEGION\Documents\jupyter_notebook\Fashion-Intelligence-System\A2_FashionDataset\FashionDataset\train\images_train\34051.jpg,False
31093,30bdac32ad3d1623d855ece30ceb333d,f5a174b16ae49bc1aa58b946163b6421,True,False,Boys,Apparel,Topwear,Shirts,White,Summer,2012,Casual,Gini and Jony Boys White Shirt,c:\Users\LEGION\Documents\jupyter_notebook\Fashion-Intelligence-System\A2_FashionDataset\FashionDataset\train\images_train\31093.jpg,False
34046,30bdac32ad3d1623d855ece30ceb333d,f5a174b16ae49bc1aa58b946163b6421,True,False,Boys,Apparel,Topwear,Shirts,White,Summer,2012,Casual,Gini and Jony Boys White Shirt,c:\Users\LEGION\Documents\jupyter_notebook\Fashion-Intelligence-System\A2_FashionDataset\FashionDataset\train\images_train\34046.jpg,False
31094,82921815a645eeb6fcbdd7bb8182a30e,23449320d6103e2985ca597771d31406,True,False,Boys,Apparel,Topwear,Shirts,Red,Summer,2012,Casual,Gini and Jony Boys Check Red Shirt,c:\Users\LEGION\Documents\jupyter_notebook\Fashion-Intelligence-System\A2_FashionDataset\FashionDataset\train\images_train\31094.jpg,False
34042,82921815a645eeb6fcbdd7bb8182a30e,23449320d6103e2985ca597771d31406,True,False,Boys,Apparel,Topwear,Shirts,Red,Summer,2012,Casual,Gini and JonyBoys Check Red Shirt,c:\Users\LEGION\Documents\jupyter_notebook\Fashion-Intelligence-System\A2_FashionDataset\FashionDataset\train\images_train\34042.jpg,False
34043,82921815a645eeb6fcbdd7bb8182a30e,23449320d6103e2985ca597771d31406,True,False,Boys,Apparel,Topwear,Shirts,Red,Summer,2012,Casual,Palm Tree Boys Check Red Shirt,c:\Users\LEGION\Documents\jupyter_notebook\Fashion-Intelligence-System\A2_FashionDataset\FashionDataset\train\images_train\34043.jpg,False
31096,bbce6bc012f7e88f098d39d9ae1e0b3b,54cd491adf3cfb7870de2b6d7d328e9a,True,False,Boys,Apparel,Topwear,Shirts,Green,Summer,2012,Casual,Palm Tree Boys Check Green Shirt,c:\Users\LEGION\Documents\jupyter_notebook\Fashion-Intelligence-System\A2_FashionDataset\FashionDataset\train\images_train\31096.jpg,False
34032,bbce6bc012f7e88f098d39d9ae1e0b3b,54cd491adf3cfb7870de2b6d7d328e9a,True,False,Boys,Apparel,Topwear,Shirts,Green,Summer,2012,Casual,Gini and Jony Boys Check Green Shirt,c:\Users\LEGION\Documents\jupyter_notebook\Fashion-Intelligence-System\A2_FashionDataset\FashionDataset\train\images_train\34032.jpg,False
34033,bbce6bc012f7e88f098d39d9ae1e0b3b,54cd491adf3cfb7870de2b6d7d328e9a,True,False,Boys,Apparel,Topwear,Shirts,Green,Summer,2012,Casual,Palm Tree Boys Check Green Shirt,c:\Users\LEGION\Documents\jupyter_notebook\Fashion-Intelligence-System\A2_FashionDataset\FashionDataset\train\images_train\34033.jpg,False
31097,e86f1de4c5ca265ec1ba1ec80acdf1c1,664a5d3c73348a181cfe03ee21b3d43e,True,False,Boys,Apparel,Topwear,Shirts,Blue,Summer,2012,Casual,Gini and Jony Boys Check Blue Shirt,c:\Users\LEGION\Documents\jupyter_notebook\Fashion-Intelligence-System\A2_FashionDataset\FashionDataset\train\images_train\31097.jpg,False
34036,e86f1de4c5ca265ec1ba1ec80acdf1c1,664a5d3c73348a181cfe03ee21b3d43e,True,False,Boys,Apparel,Topwear,Shirts,Blue,Summer,2012,Casual,Palm Tree Boys Check Blue Shirt,c:\Users\LEGION\Documents\jupyter_notebook\Fashion-Intelligence-System\A2_FashionDataset\FashionDataset\train\images_train\34036.jpg,False
34037,e86f1de4c5ca265ec1ba1ec80acdf1c1,664a5d3c73348a181cfe03ee21b3d43e,True,False,Boys,Apparel,Topwear,Shirts,Blue,Summer,2012,Casual,Palm Tree Boys Check Blue Shirt,c:\Users\LEGION\Documents\jupyter_notebook\Fashion-Intelligence-System\A2_FashionDataset\FashionDataset\train\images_train\34037.jpg,False
31098,4211b4e3189e66182e1dff18b9146864,1c31c753c61b4865f47ef4abfcbe9948,True,False,Boys,Apparel,Topwear,Shirts,Red,Summer,2012,Casual,Gini and Jony Boys Check Red Shirt,c:\Users\LEGION\Documents\jupyter_notebook\Fashion-Intelligence-System\A2_FashionDataset\FashionDataset\train\images_train\31098.jpg,False
34038,4211b4e3189e66182e1dff18b9146864,1c31c753c61b4865f47ef4abfcbe9948,True,False,Boys,Apparel,Topwear,Shirts,Red,Summer,2012,Casual,Gini and Jony Boys Check Red Shirt,c:\Users\LEGION\Documents\jupyter_notebook\Fashion-Intelligence-System\A2_FashionDataset\FashionDataset\train\images_train\34038.jpg,False
34039,4211b4e3189e66182e1dff18b9146864,1c31c753c61b4865f47ef4abfcbe9948,True,False,Boys,Apparel,Topwear,Shirts,Red,Summer,2012,Casual,Palm Tree Boys Check Red Shirt,c:\Users\LEGION\Documents\jupyter_notebook\Fashion-Intelligence-System\A2_FashionDataset\FashionDataset\train\images_train\34039.jpg,False
31099,a69fe552b83956e594d7c4a889fd3259,c4a79b574d571ebfa5643d496819b641,True,False,Boys,Apparel,Topwear,Shirts,Blue,Summer,2012,Casual,Gini and Jony Boys Check Blue Shirt,c:\Users\LEGION\Documents\jupyter_notebook\Fashion-Intelligence-System\A2_FashionDataset\FashionDataset\train\images_train\31099.jpg,False
34030,a69fe552b83956e594d7c4a889fd3259,c4a79b574d571ebfa5643d496819b641,True,False,Boys,Apparel,Topwear,Shirts,Blue,Summer,2012,Casual,Gini and Jony Boys Check Blue Shirt,c:\Users\LEGION\Documents\jupyter_notebook\Fashion-Intelligence-System\A2_FashionDataset\FashionDataset\train\images_train\34030.jpg,False
34031,a69fe552b83956e594d7c4a889fd3259,c4a79b574d571ebfa5643d496819b641,True,False,Boys,Apparel,Topwear,Shirts,Blue,Summer,2012,Casual,Gini and Jony Boys Check Blue Shirt,c:\Users\LEGION\Documents\jupyter_notebook\Fashion-Intelligence-System\A2_FashionDataset\FashionDataset\train\images_train\34031.jpg,False
31100,fb64bcc71b634ba2a1bbc17049b0efc5,f8058c95756fc56a11bf364686a21cb2,True,False,Boys,Apparel,Topwear,Shirts,Navy Blue,Summer,2012,Casual,Gini and Jony Boys Check Navy Blue Shirt,c:\Users\LEGION\Documents\jupyter_notebook\Fashion-Intelligence-System\A2_FashionDataset\FashionDataset\train\images_train\31100.jpg,False
34034,fb64bcc71b634ba2a1bbc17049b0efc5,f8058c95756fc56a11bf364686a21cb2,True,False,Boys,Apparel,Topwear,Shirts,Navy Blue,Summer,2012,Casual,Palm Tree Boys Check Navy Blue Shirt,c:\Users\LEGION\Documents\jupyter_notebook\Fashion-Intelligence-System\A2_FashionDataset\FashionDataset\train\images_train\34034.jpg,False
34035,fb64bcc71b634ba2a1bbc17049b0efc5,f8058c95756fc56a11bf364686a21cb2,True,False,Boys,Apparel,Topwear,Shirts,Navy Blue,Summer,2012,Casual,Gini and Jony Boys Check Navy Blue Shirt,c:\Users\LEGION\Documents\jupyter_notebook\Fashion-Intelligence-System\A2_FashionDataset\FashionDataset\train\images_train\34035.jpg,False
31101,d69afb10fe3b22eb4cf1945224f54164,43497043bc71da92f746b27db144dfc2,True,False,Boys,Apparel,Topwear,Shirts,Black,Summer,2012,Casual,Gini and Jony Boys Check Black Shirt,c:\Users\LEGION\Documents\jupyter_notebook\Fashion-Intelligence-System\A2_FashionDataset\FashionDataset\train\images_train\31101.jpg,False
34028,d69afb10fe3b22eb4cf1945224f54164,43497043bc71da92f746b27db144dfc2,True,False,Boys,Apparel,Topwear,Shirts,Black,Summer,2012,Casual,Gini and Jony Boys Check White & Black Shirt,c:\Users\LEGION\Documents\jupyter_notebook\Fashion-Intelligence-System\A2_FashionDataset\FashionDataset\train\images_train\34028.jpg,False
34029,d69afb10fe3b22eb4cf1945224f54164,43497043bc71da92f746b27db144dfc2,True,False,Boys,Apparel,Topwear,Shirts,Black,Summer,2012,Casual,Palm Tree Boys Check Black Shirt,c:\Users\LEGION\Documents\jupyter_notebook\Fashion-Intelligence-System\A2_FashionDataset\FashionDataset\train\images_train\34029.jpg,False
31102,7947ad2a0ce20075464f0b8151779552,0cec05c136d177cbdb7f164294ed0fce,True,False,Boys,Apparel,Topwear,Tshirts,Red,Summer,2012,Casual,Gini and jony Boys Printed Red T-shirt,c:\Users\LEGION\Documents\jupyter_notebook\Fashion-Intelligence-System\A2_FashionDataset\FashionDataset\train\images_train\31102.jpg,False
34260,7947ad2a0ce20075464f0b8151779552,0cec05c136d177cbdb7f164294ed0fce,True,False,Boys,Apparel,Topwear,Tshirts,Red,Summer,2012,Casual,Gini and Jony Boys Printed Red T-shirt,c:\Users\LEGION\Documents\jupyter_notebook\Fashion-Intelligence-System\A2_FashionDataset\FashionDataset\train\images_train\34260.jpg,False
31103,402302465d6d01fed120e1ea1817e2dd,b6f332f45a177580ed2c98f54081132d,True,False,Boys,Apparel,Topwear,Tshirts,Black,Summer,2012,Casual,Gini and Jony Boys Printed Black T-shirt,c:\Users\LEGION\Documents\jupyter_notebook\Fashion-Intelligence-System\A2_FashionDataset\FashionDataset\train\images_train\31103.jpg,False
34018,402302465d6d01fed120e1ea1817e2dd,b6f332f45a177580ed2c98f54081132d,True,False,Boys,Apparel,Topwear,Tshirts,Black,Summer,2012,Casual,Gini and Jony Boys Black Printed T-shirt,c:\Users\LEGION\Documents\jupyter_notebook\Fashion-Intelligence-System\A2_FashionDataset\FashionDataset\train\images_train\34018.jpg,False
34019,402302465d6d01fed120e1ea1817e2dd,b6f332f45a177580ed2c98f54081132d,True,False,Boys,Apparel,Topwear,Tshirts,Black,Summer,2012,Casual,Palm Tree Boys Printed Black T-shirt,c:\Users\LEGION\Documents\jupyter_notebook\Fashion-Intelligence-System\A2_FashionDataset\FashionDataset\train\images_train\34019.jpg,False
31104,ce21ea509885ea6b5ca6a7e6ede0a9d5,df1e4f76ceebf76fe2aacde284f47e9b,True,False,Boys,Apparel,Topwear,Tshirts,Red,Summer,2012,Casual,Gini and Jony Boys Pack of 2 T-shirts,c:\Users\LEGION\Documents\jupyter_notebook\Fashion-Intelligence-System\A2_FashionDataset\FashionDataset\train\images_train\31104.jpg,False
33302,ce21ea509885ea6b5ca6a7e6ede0a9d5,df1e4f76ceebf76fe2aacde284f47e9b,True,False,Boys,Apparel,Topwear,Tshirts,Red,Summer,2012,Casual,Palm Tree Boys Pack of 2 T-shirts,c:\Users\LEGION\Documents\jupyter_notebook\Fashion-Intelligence-System\A2_FashionDataset\FashionDataset\train\images_train\33302.jpg,False
31105,bc6f047fc3980f15b1b5b5507bce2217,b88f62b12869212ff1025a8237814130,True,False,Boys,Apparel,Topwear,Tshirts,Yellow,Summer,2012,Casual,Gini and Jony Boys Pack of 2 T-shirts,c:\Users\LEGION\Documents\jupyter_notebook\Fashion-Intelligence-System\A2_FashionDataset\FashionDataset\train\images_train\31105.jpg,False
33304,bc6f047fc3980f15b1b5b5507bce2217,b88f62b12869212ff1025a8237814130,True,False,Boys,Apparel,Topwear,Tshirts,Yellow,Summer,2012,Casual,Gini and Jony Boys Pack of 2 T-shirts,c:\Users\LEGION\Documents\jupyter_notebook\Fashion-Intelligence-System\A2_FashionDataset\FashionDataset\train\images_train\33304.jpg,False
31106,89fea0a36d7e70fe5c79d68de387918f,1902c285cd8ef6a86efc95048fa42c49,True,False,Boys,Apparel,Topwear,Tshirts,White,Summer,2012,Casual,Gini and Jony Boys Printed White T-shirt,c:\Users\LEGION\Documents\jupyter_notebook\Fashion-Intelligence-System\A2_FashionDataset\FashionDataset\train\images_train\31106.jpg,False
34026,89fea0a36d7e70fe5c79d68de387918f,1902c285cd8ef6a86efc95048fa42c49,True,False,Boys,Apparel,Topwear,Tshirts,White,Summer,2012,Casual,Gini and Jony Boys White Printed T-shirt,c:\Users\LEGION\Documents\jupyter_notebook\Fashion-Intelligence-System\A2_FashionDataset\FashionDataset\train\images_train\34026.jpg,False
34027,89fea0a36d7e70fe5c79d68de387918f,1902c285cd8ef6a86efc95048fa42c49,True,False,Boys,Apparel,Topwear,Tshirts,White,Summer,2012,Casual,Gini and Jony Boys Printed White T-shirt,c:\Users\LEGION\Documents\jupyter_notebook\Fashion-Intelligence-System\A2_FashionDataset\FashionDataset\train\images_train\34027.jpg,False
31107,0d34a31009bb8d2f566356be8df3aa65,7f67f4a6555e1d989811bca775b9ea50,True,False,Boys,Apparel,Topwear,Tshirts,Green,Summer,2012,Casual,Gini and Jony Boys Printed Green T-shirt,c:\Users\LEGION\Documents\jupyter_notebook\Fashion-Intelligence-System\A2_FashionDataset\FashionDataset\train\images_train\31107.jpg,False
34022,0d34a31009bb8d2f566356be8df3aa65,7f67f4a6555e1d989811bca775b9ea50,True,False,Boys,Apparel,Topwear,Tshirts,Green,Summer,2012,Casual,Palm Tree Boys Printed Green T-shirt,c:\Users\LEGION\Documents\jupyter_notebook\Fashion-Intelligence-System\A2_FashionDataset\FashionDataset\train\images_train\34022.jpg,False
34023,0d34a31009bb8d2f566356be8df3aa65,7f67f4a6555e1d989811bca775b9ea50,True,False,Boys,Apparel,Topwear,Tshirts,Green,Summer,2012,Casual,Palm Tree Boys Printed Green T-shirt,c:\Users\LEGION\Documents\jupyter_notebook\Fashion-Intelligence-System\A2_FashionDataset\FashionDataset\train\images_train\34023.jpg,False
31108,89d482505ea69796e1271482f8f8c750,62a140dd4bbbf8a60221d65848570ebf,True,False,Boys,Apparel,Topwear,Tshirts,White,Summer,2012,Casual,Palm Tree Boys Printed White T-shirt,c:\Users\LEGION\Documents\jupyter_notebook\Fashion-Intelligence-System\A2_FashionDataset\FashionDataset\train\images_train\31108.jpg,False
34024,89d482505ea69796e1271482f8f8c750,62a140dd4bbbf8a60221d65848570ebf,True,False,Boys,Apparel,Topwear,Tshirts,White,Summer,2012,Casual,Gini and Jony Boys Printed White T-shirt,c:\Users\LEGION\Documents\jupyter_notebook\Fashion-Intelligence-System\A2_FashionDataset\FashionDataset\train\images_train\34024.jpg,False
34025,89d482505ea69796e1271482f8f8c750,62a140dd4bbbf8a60221d65848570ebf,True,False,Boys,Apparel,Topwear,Tshirts,White,Summer,2012,Casual,Gini and Jony Boys Printed White T-shirt,c:\Users\LEGION\Documents\jupyter_notebook\Fashion-Intelligence-System\A2_FashionDataset\FashionDataset\train\images_train\34025.jpg,False
31109,a660a1a293e3559b0aab66b01acc95e4,3d4b46c8ff28359e93a015f527ef3314,True,False,Boys,Apparel,Topwear,Tshirts,Orange,Summer,2012,Casual,Gini and Jony Boys Printed Orange T-shirt,c:\Users\LEGION\Documents\jupyter_notebook\Fashion-Intelligence-System\A2_FashionDataset\FashionDataset\train\images_train\31109.jpg,False
34020,a660a1a293e3559b0aab66b01acc95e4,3d4b46c8ff28359e93a015f527ef3314,True,False,Boys,Apparel,Topwear,Tshirts,Orange,Summer,2012,Casual,Gini and Jony Boys Printed Orange T-shirt,c:\Users\LEGION\Documents\jupyter_notebook\Fashion-Intelligence-System\A2_FashionDataset\FashionDataset\train\images_train\34020.jpg,False
34021,a660a1a293e3559b0aab66b01acc95e4,3d4b46c8ff28359e93a015f527ef3314,True,False,Boys,Apparel,Topwear,Tshirts,Orange,Summer,2012,Casual,Gini and Jony Boys Printed Orange T-shirt,c:\Users\LEGION\Documents\jupyter_notebook\Fashion-Intelligence-System\A2_FashionDataset\FashionDataset\train\images_train\34021.jpg,False
31110,e4030958a0b481a9a566a2fc969c4f54,2c44481f6a75bae24d318c6bb80779bc,True,False,Boys,Apparel,Bottomwear,Jeans,Grey,Summer,2012,Casual,Gini and Jony Boys Washed Grey Jeans,c:\Users\LEGION\Documents\jupyter_notebook\Fashion-Intelligence-System\A2_FashionDataset\FashionDataset\train\images_train\31110.jpg,False
33306,e4030958a0b481a9a566a2fc969c4f54,2c44481f6a75bae24d318c6bb80779bc,True,False,Boys,Apparel,Bottomwear,Jeans,Grey,Summer,2012,Casual,Gini and Jony Boys Washed Grey Jeans,c:\Users\LEGION\Documents\jupyter_notebook\Fashion-Intelligence-System\A2_FashionDataset\FashionDataset\train\images_train\33306.jpg,False
31111,2eea12bb361a15d8b8679cc53d0a0524,bb32ad742bbdfd70aaccce2fc02df42d,True,False,Boys,Apparel,Bottomwear,Jeans,Black,Summer,2012,Casual,Gini and Jony Boys Solid Black Jeans,c:\Users\LEGION\Documents\jupyter_notebook\Fashion-Intelligence-System\A2_FashionDataset\FashionDataset\train\images_train\31111.jpg,False
33308,2eea12bb361a15d8b8679cc53d0a0524,bb32ad742bbdfd70aaccce2fc02df42d,True,False,Boys,Apparel,Bottomwear,Jeans,Black,Summer,2012,Casual,Gini and Jony Boys Solid Black Jeans,c:\Users\LEGION\Documents\jupyter_notebook\Fashion-Intelligence-System\A2_FashionDataset\FashionDataset\train\images_train\33308.jpg,False
33309,2eea12bb361a15d8b8679cc53d0a0524,bb32ad742bbdfd70aaccce2fc02df42d,True,False,Boys,Apparel,Bottomwear,Jeans,Black,Summer,2012,Casual,Palm Tree Boys Solid Black Jeans,c:\Users\LEGION\Documents\jupyter_notebook\Fashion-Intelligence-System\A2_FashionDataset\FashionDataset\train\images_train\33309.jpg,False
31112,b9af9712f0ed7fe7e08f38397793e716,68ce1b44f442a26ba77df71b4e62e071,True,False,Boys,Apparel,Bottomwear,Capris,Yellow,Summer,2012,Casual,Gini and Jony Boys Yellow 3/4 Length Pants,c:\Users\LEGION\Documents\jupyter_notebook\Fashion-Intelligence-System\A2_FashionDataset\FashionDataset\train\images_train\31112.jpg,False
34052,b9af9712f0ed7fe7e08f38397793e716,68ce1b44f442a26ba77df71b4e62e071,True,False,Boys,Apparel,Bottomwear,Capris,Yellow,Summer,2012,Casual,Gini and Jony Boys Yellow 3/4 Length Pants,c:\Users\LEGION\Documents\jupyter_notebook\Fashion-Intelligence-System\A2_FashionDataset\FashionDataset\train\images_train\34052.jpg,False
34053,b9af9712f0ed7fe7e08f38397793e716,68ce1b44f442a26ba77df71b4e62e071,True,False,Boys,Apparel,Bottomwear,Capris,Yellow,Summer,2012,Casual,Gini and Jony Boys Yellow 3/4 Length Pants,c:\Users\LEGION\Documents\jupyter_notebook\Fashion-Intelligence-System\A2_FashionDataset\FashionDataset\train\images_train\34053.jpg,False
31113,934a1998398a9fed923a27b4ad65535b,7f2d52275cdddbbee9b805879f7280c2,True,False,Boys,Apparel,Bottomwear,Capris,Navy Blue,Summer,2012,Casual,Gini and Jony Boys Washed Navy Blue 3/4 Length Pants,c:\Users\LEGION\Documents\jupyter_notebook\Fashion-Intelligence-System\A2_FashionDataset\FashionDataset\train\images_train\31113.jpg,False
34058,934a1998398a9fed923a27b4ad65535b,7f2d52275cdddbbee9b805879f7280c2,True,False,Boys,Apparel,Bottomwear,Capris,Navy Blue,Summer,2012,Casual,Gini and Jony Boys Washed Navy Blue 3/4 Length Pants,c:\Users\LEGION\Documents\jupyter_notebook\Fashion-Intelligence-System\A2_FashionDataset\FashionDataset\train\images_train\34058.jpg,False
31114,76f23130a6e9737d788c50c5af08a17b,fbc738546afbb31f7f32297bb3da4f05,True,False,Boys,Apparel,Bottomwear,Capris,Blue,Summer,2012,Casual,Gini and Jony Boys Washed Blue 3/4 Length Pants,c:\Users\LEGION\Documents\jupyter_notebook\Fashion-Intelligence-System\A2_FashionDataset\FashionDataset\train\images_train\31114.jpg,False
34056,76f23130a6e9737d788c50c5af08a17b,fbc738546afbb31f7f32297bb3da4f05,True,False,Boys,Apparel,Bottomwear,Capris,Blue,Summer,2012,Casual,Gini and Jony Boys Washed Blue 3/4 Length Pants,c:\Users\LEGION\Documents\jupyter_notebook\Fashion-Intelligence-System\A2_FashionDataset\FashionDataset\train\images_train\34056.jpg,False
34057,76f23130a6e9737d788c50c5af08a17b,fbc738546afbb31f7f32297bb3da4f05,True,False,Boys,Apparel,Bottomwear,Capris,Blue,Summer,2012,Casual,Gini and Jony Boys Washed Blue 3/4 Length Pants,c:\Users\LEGION\Documents\jupyter_notebook\Fashion-Intelligence-System\A2_FashionDataset\FashionDataset\train\images_train\34057.jpg,False
31115,d34ce30eda3b7214cda578e1b3f7d81c,9f6287ddca41e0885885e88f14a37e0c,True,False,Boys,Apparel,Bottomwear,Capris,Blue,Summer,2012,Casual,Gini and Jony Boys Washed Blue 3/4 Length Pants,c:\Users\LEGION\Documents\jupyter_notebook\Fashion-Intelligence-System\A2_FashionDataset\FashionDataset\train\images_train\31115.jpg,False
34054,d34ce30eda3b7214cda578e1b3f7d81c,9f6287ddca41e0885885e88f14a37e0c,True,False,Boys,Apparel,Bottomwear,Capris,Blue,Summer,2012,Casual,Palm Tree Boys Washed Blue 3/4 Length Pants,c:\Users\LEGION\Documents\jupyter_notebook\Fashion-Intelligence-System\A2_FashionDataset\FashionDataset\train\images_train\34054.jpg,False
34055,d34ce30eda3b7214cda578e1b3f7d81c,9f6287ddca41e0885885e88f14a37e0c,True,False,Boys,Apparel,Bottomwear,Capris,Blue,Summer,2012,Casual,Palm Tree Boys Washed Blue 3/4 Length Pants,c:\Users\LEGION\Documents\jupyter_notebook\Fashion-Intelligence-System\A2_FashionDataset\FashionDataset\train\images_train\34055.jpg,False
31116,1fa7a879a86f2ed0f7230480159108c5,3d3d98fb267a04686a8ba5c2ba2f5a51,True,False,Boys,Apparel,Bottomwear,Shorts,Grey,Summer,2012,Casual,Gini and Jony Boys Grey Shorts,c:\Users\LEGION\Documents\jupyter_notebook\Fashion-Intelligence-System\A2_FashionDataset\FashionDataset\train\images_train\31116.jpg,False
34059,1fa7a879a86f2ed0f7230480159108c5,3d3d98fb267a04686a8ba5c2ba2f5a51,True,False,Boys,Apparel,Bottomwear,Shorts,Grey,Summer,2012,Casual,Gini and Jony Boys Grey Shorts,c:\Users\LEGION\Documents\jupyter_notebook\Fashion-Intelligence-System\A2_FashionDataset\FashionDataset\train\images_train\34059.jpg,False
34060,1fa7a879a86f2ed0f7230480159108c5,3d3d98fb267a04686a8ba5c2ba2f5a51,True,False,Boys,Apparel,Bottomwear,Shorts,Grey,Summer,2012,Casual,Gini and Jony Boys Grey Shorts,c:\Users\LEGION\Documents\jupyter_notebook\Fashion-Intelligence-System\A2_FashionDataset\FashionDataset\train\images_train\34060.jpg,False
31117,bca78ac115965a475dd17ea85fbb61ad,9b4dc362d17d8e41879cd3b9158b1f11,True,False,Girls,Apparel,Topwear,Tops,White,Summer,2012,Casual,Gini and Jony Girls White Top,c:\Users\LEGION\Documents\jupyter_notebook\Fashion-Intelligence-System\A2_FashionDataset\FashionDataset\train\images_train\31117.jpg,False
34003,bca78ac115965a475dd17ea85fbb61ad,9b4dc362d17d8e41879cd3b9158b1f11,True,False,Girls,Apparel,Topwear,Tops,White,Summer,2012,Casual,Gini and Jony Girls White Top,c:\Users\LEGION\Documents\jupyter_notebook\Fashion-Intelligence-System\A2_FashionDataset\FashionDataset\train\images_train\34003.jpg,False
34004,bca78ac115965a475dd17ea85fbb61ad,9b4dc362d17d8e41879cd3b9158b1f11,True,False,Girls,Apparel,Topwear,Tops,White,Summer,2012,Casual,Gini and Jony Girls White Top,c:\Users\LEGION\Documents\jupyter_notebook\Fashion-Intelligence-System\A2_FashionDataset\FashionDataset\train\images_train\34004.jpg,False
31118,03f02c4004abae07753a66fceb8a291d,9bf703a7a403989587138922d7e74678,True,False,Girls,Apparel,Topwear,Tops,Red,Summer,2012,Casual,Gini and Jony Girls Red Top,c:\Users\LEGION\Documents\jupyter_notebook\Fashion-Intelligence-System\A2_FashionDataset\FashionDataset\train\images_train\31118.jpg,False
34016,03f02c4004abae07753a66fceb8a291d,9bf703a7a403989587138922d7e74678,True,False,Girls,Apparel,Topwear,Tops,Red,Summer,2012,Casual,Gini and Jony Girls Red Top,c:\Users\LEGION\Documents\jupyter_notebook\Fashion-Intelligence-System\A2_FashionDataset\FashionDataset\train\images_train\34016.jpg,False
34017,03f02c4004abae07753a66fceb8a291d,9bf703a7a403989587138922d7e74678,True,False,Girls,Apparel,Topwear,Tops,Red,Summer,2012,Casual,Gini and Jony Girls Red Top,c:\Users\LEGION\Documents\jupyter_notebook\Fashion-Intelligence-System\A2_FashionDataset\FashionDataset\train\images_train\34017.jpg,False
31119,4003f2e27ab5b068cd52fae6f566c848,392410eef6b2215318f2f8b67c6e0d5a,True,False,Girls,Apparel,Topwear,Tops,Purple,Summer,2012,Casual,Gini and Jony Girls Purple Top,c:\Users\LEGION\Documents\jupyter_notebook\Fashion-Intelligence-System\A2_FashionDataset\FashionDataset\train\images_train\31119.jpg,False
34005,4003f2e27ab5b068cd52fae6f566c848,392410eef6b2215318f2f8b67c6e0d5a,True,False,Girls,Apparel,Topwear,Tops,Purple,Summer,2012,Casual,Palm Tree Girls Purple Top,c:\Users\LEGION\Documents\jupyter_notebook\Fashion-Intelligence-System\A2_FashionDataset\FashionDataset\train\images_train\34005.jpg,False
34006,4003f2e27ab5b068cd52fae6f566c848,392410eef6b2215318f2f8b67c6e0d5a,True,False,Girls,Apparel,Topwear,Tops,Purple,Summer,2012,Casual,Gini and Jony Girls Purple Top,c:\Users\LEGION\Documents\jupyter_notebook\Fashion-Intelligence-System\A2_FashionDataset\FashionDataset\train\images_train\34006.jpg,False
31120,995acdef715c21399dc540b469052a66,704b35134ee69d46deab3f7806cfb71d,True,False,Girls,Apparel,Topwear,Tops,Pink,Summer,2012,Casual,Palm Tree Girls Pink Top,c:\Users\LEGION\Documents\jupyter_notebook\Fashion-Intelligence-System\A2_FashionDataset\FashionDataset\train\images_train\31120.jpg,False
34007,995acdef715c21399dc540b469052a66,704b35134ee69d46deab3f7806cfb71d,True,False,Girls,Apparel,Topwear,Tops,Pink,Summer,2012,Casual,Gini and Jony Girls Pink Top,c:\Users\LEGION\Documents\jupyter_notebook\Fashion-Intelligence-System\A2_FashionDataset\FashionDataset\train\images_train\34007.jpg,False
34008,995acdef715c21399dc540b469052a66,704b35134ee69d46deab3f7806cfb71d,True,False,Girls,Apparel,Topwear,Tops,Pink,Summer,2012,Casual,Gini and Jony Girls Pink Top,c:\Users\LEGION\Documents\jupyter_notebook\Fashion-Intelligence-System\A2_FashionDataset\FashionDataset\train\images_train\34008.jpg,False
31121,779d6a5db881b7bd684e61745f313885,a9f6194eed1c61c895e8a01919e6f191,True,False,Girls,Apparel,Topwear,Tops,Black,Summer,2012,Casual,Gini and Jony Girls Black Top,c:\Users\LEGION\Documents\jupyter_notebook\Fashion-Intelligence-System\A2_FashionDataset\FashionDataset\train\images_train\31121.jpg,False
34009,779d6a5db881b7bd684e61745f313885,a9f6194eed1c61c895e8a01919e6f191,True,False,Girls,Apparel,Topwear,Tops,Black,Summer,2012,Casual,Gini and Jony Girls Black Top,c:\Users\LEGION\Documents\jupyter_notebook\Fashion-Intelligence-System\A2_FashionDataset\FashionDataset\train\images_train\34009.jpg,False
34010,779d6a5db881b7bd684e61745f313885,a9f6194eed1c61c895e8a01919e6f191,True,False,Girls,Apparel,Topwear,Tops,Black,Summer,2012,Casual,Gini and Jony Girls Black Top,c:\Users\LEGION\Documents\jupyter_notebook\Fashion-Intelligence-System\A2_FashionDataset\FashionDataset\train\images_train\34010.jpg,False
31122,3ca5d44c9fe9de9ce7fcc3193e5311ce,775d3589e3b33d85a7a73c06d4ae3198,True,False,Girls,Apparel,Topwear,Tops,White,Summer,2012,Casual,Gini and Jony Girls Printed White Top,c:\Users\LEGION\Documents\jupyter_notebook\Fashion-Intelligence-System\A2_FashionDataset\FashionDataset\train\images_train\31122.jpg,False
34011,3ca5d44c9fe9de9ce7fcc3193e5311ce,775d3589e3b33d85a7a73c06d4ae3198,True,False,Girls,Apparel,Topwear,Tops,White,Summer,2012,Casual,Gini and Jony Girls Printed White Top,c:\Users\LEGION\Documents\jupyter_notebook\Fashion-Intelligence-System\A2_FashionDataset\FashionDataset\train\images_train\34011.jpg,False
34012,3ca5d44c9fe9de9ce7fcc3193e5311ce,775d3589e3b33d85a7a73c06d4ae3198,True,False,Girls,Apparel,Topwear,Tops,White,Summer,2012,Casual,Palm Tree Girls Printed White Top,c:\Users\LEGION\Documents\jupyter_notebook\Fashion-Intelligence-System\A2_FashionDataset\FashionDataset\train\images_train\34012.jpg,False
31123,5a4fb194852a5681817b68993afb5043,be48efdec2e750acc02d21c1f9d6dc13,True,False,Girls,Apparel,Topwear,Tops,White,Summer,2012,Casual,Gini and Jony Girls Printed White Top,c:\Users\LEGION\Documents\jupyter_notebook\Fashion-Intelligence-System\A2_FashionDataset\FashionDataset\train\images_train\31123.jpg,False
34013,5a4fb194852a5681817b68993afb5043,be48efdec2e750acc02d21c1f9d6dc13,True,False,Girls,Apparel,Topwear,Tops,White,Summer,2012,Casual,Gini and Jony Girls Printed White Top,c:\Users\LEGION\Documents\jupyter_notebook\Fashion-Intelligence-System\A2_FashionDataset\FashionDataset\train\images_train\34013.jpg,False
34014,5a4fb194852a5681817b68993afb5043,be48efdec2e750acc02d21c1f9d6dc13,True,False,Girls,Apparel,Topwear,Tops,White,Summer,2012,Casual,Gini and Jony Girls Printed White Top,c:\Users\LEGION\Documents\jupyter_notebook\Fashion-Intelligence-System\A2_FashionDataset\FashionDataset\train\images_train\34014.jpg,False
31124,e04cceed22ede40cd106a238710e346d,a5104de718fa79ef3287692f9a50b991,True,False,Girls,Apparel,Dress,Dresses,Magenta,Summer,2012,Casual,Gini and Jony Girls Pink Dress,c:\Users\LEGION\Documents\jupyter_notebook\Fashion-Intelligence-System\A2_FashionDataset\FashionDataset\train\images_train\31124.jpg,False
34015,e04cceed22ede40cd106a238710e346d,a5104de718fa79ef3287692f9a50b991,True,False,Girls,Apparel,Dress,Dresses,Magenta,Summer,2012,Casual,Gini and Jony Girls Pink Dress,c:\Users\LEGION\Documents\jupyter_notebook\Fashion-Intelligence-System\A2_FashionDataset\FashionDataset\train\images_train\34015.jpg,False
31126,50ffcfb76cde033b8a6dfb95e399d97c,5c3571c93881be348cba6e72c522288b,True,False,Girls,Apparel,Dress,Dresses,White,Summer,2012,Casual,Gini and Jony Girls White Dress,c:\Users\LEGION\Documents\jupyter_notebook\Fashion-Intelligence-System\A2_FashionDataset\FashionDataset\train\images_train\31126.jpg,False
34066,50ffcfb76cde033b8a6dfb95e399d97c,5c3571c93881be348cba6e72c522288b,True,False,Girls,Apparel,Dress,Dresses,White,Summer,2012,Casual,Palm Tree Girls White Dress,c:\Users\LEGION\Documents\jupyter_notebook\Fashion-Intelligence-System\A2_FashionDataset\FashionDataset\train\images_train\34066.jpg,False
31127,43f272b56a7c0acfed81be6b8914978f,629be23a337f71e3e944d1c517d357e4,True,False,Girls,Apparel,Dress,Dresses,Black,Summer,2012,Casual,Gini and Jony Girls Black Dress,c:\Users\LEGION\Documents\jupyter_notebook\Fashion-Intelligence-System\A2_FashionDataset\FashionDataset\train\images_train\31127.jpg,False
34065,43f272b56a7c0acfed81be6b8914978f,629be23a337f71e3e944d1c517d357e4,True,False,Girls,Apparel,Dress,Dresses,Black,Summer,2012,Casual,Gini and Jony Girls Black Dress,c:\Users\LEGION\Documents\jupyter_notebook\Fashion-Intelligence-System\A2_FashionDataset\FashionDataset\train\images_train\34065.jpg,False
31128,b94c35c2f4e4ae799eaf3a88412377b1,4fd4ae3b0e79c544e6d6ae10d8e040dc,True,False,Girls,Apparel,Dress,Dresses,Blue,Summer,2012,Casual,Gini and Jony Girls Printed Teal Dress,c:\Users\LEGION\Documents\jupyter_notebook\Fashion-Intelligence-System\A2_FashionDataset\FashionDataset\train\images_train\31128.jpg,False
34064,b94c35c2f4e4ae799eaf3a88412377b1,4fd4ae3b0e79c544e6d6ae10d8e040dc,True,False,Girls,Apparel,Dress,Dresses,Blue,Summer,2012,Casual,Gini and Jony Girls Printed Teal Dress,c:\Users\LEGION\Documents\jupyter_notebook\Fashion-Intelligence-System\A2_FashionDataset\FashionDataset\train\images_train\34064.jpg,False
31129,850b6a1006fe5d03e3b7b2315eb12e0b,e46c02d413a087fba39036257bf9d4e3,True,False,Girls,Apparel,Dress,Dresses,Magenta,Summer,2012,Casual,Giny and Jony Girls Printed White & Pink Dress,c:\Users\LEGION\Documents\jupyter_notebook\Fashion-Intelligence-System\A2_FashionDataset\FashionDataset\train\images_train\31129.jpg,False
34061,850b6a1006fe5d03e3b7b2315eb12e0b,e46c02d413a087fba39036257bf9d4e3,True,False,Girls,Apparel,Dress,Dresses,Magenta,Summer,2012,Casual,Gini and Jony Girls Printed White & Pink Dress,c:\Users\LEGION\Documents\jupyter_notebook\Fashion-Intelligence-System\A2_FashionDataset\FashionDataset\train\images_train\34061.jpg,False
31130,7416b631676279f764e3e38559242009,f613cfd83a50e9bfa38ff669602b7144,True,False,Girls,Apparel,Dress,Dresses,Pink,Summer,2012,Casual,Gini and Jony Girls Printed Pink Dress,c:\Users\LEGION\Documents\jupyter_notebook\Fashion-Intelligence-System\A2_FashionDataset\FashionDataset\train\images_train\31130.jpg,False
34062,7416b631676279f764e3e38559242009,f613cfd83a50e9bfa38ff669602b7144,True,False,Girls,Apparel,Dress,Dresses,Pink,Summer,2012,Casual,Gini and Jony Girls Printed Pink Dress,c:\Users\LEGION\Documents\jupyter_notebook\Fashion-Intelligence-System\A2_FashionDataset\FashionDataset\train\images_train\34062.jpg,False
34063,7416b631676279f764e3e38559242009,f613cfd83a50e9bfa38ff669602b7144,True,False,Girls,Apparel,Dress,Dresses,Pink,Summer,2012,Casual,Gini and Jony Girls Printed Pink Dress,c:\Users\LEGION\Documents\jupyter_notebook\Fashion-Intelligence-System\A2_FashionDataset\FashionDataset\train\images_train\34063.jpg,False
31143,f332f912a9fb1efad47f5005dd467bfb,f283794a51b4c220c4c7a1bec93f91be,True,False,Boys,Apparel,Topwear,Tshirts,Green,Summer,2012,Casual,Gini and Jony Boys Printed Green T-shirt,c:\Users\LEGION\Documents\jupyter_notebook\Fashion-Intelligence-System\A2_FashionDataset\FashionDataset\train\images_train\31143.jpg,False
34186,f332f912a9fb1efad47f5005dd467bfb,f283794a51b4c220c4c7a1bec93f91be,True,False,Boys,Apparel,Topwear,Tshirts,Green,Summer,2012,Casual,Gini and Jony Boys Printed Green T-shirt,c:\Users\LEGION\Documents\jupyter_notebook\Fashion-Intelligence-System\A2_FashionDataset\FashionDataset\train\images_train\34186.jpg,False
31144,67f6b4c1182ce8fa1e007dc698318837,58b1efda54d25f5b3eed421cc82002df,True,False,Boys,Apparel,Topwear,Tshirts,Pink,Summer,2012,Casual,Gini and Jony Boys Printed Pink T-shirt,c:\Users\LEGION\Documents\jupyter_notebook\Fashion-Intelligence-System\A2_FashionDataset\FashionDataset\train\images_train\31144.jpg,False
34187,67f6b4c1182ce8fa1e007dc698318837,58b1efda54d25f5b3eed421cc82002df,True,False,Boys,Apparel,Topwear,Tshirts,Pink,Summer,2012,Casual,Gini and Jony Boys Printed Pink T-shirt,c:\Users\LEGION\Documents\jupyter_notebook\Fashion-Intelligence-System\A2_FashionDataset\FashionDataset\train\images_train\34187.jpg,False
31148,4de67de3110b008360051bb05f04e0d9,b24591aa93a6b02744d35fb1fddddb29,True,False,Boys,Apparel,Topwear,Tshirts,White,Summer,2012,Casual,Gini and Jony Boys Printed White T-shirt,c:\Users\LEGION\Documents\jupyter_notebook\Fashion-Intelligence-System\A2_FashionDataset\FashionDataset\train\images_train\31148.jpg,False
34188,4de67de3110b008360051bb05f04e0d9,b24591aa93a6b02744d35fb1fddddb29,True,False,Boys,Apparel,Topwear,Tshirts,White,Summer,2012,Casual,Gini and Jony Boys Printed White T-shirt,c:\Users\LEGION\Documents\jupyter_notebook\Fashion-Intelligence-System\A2_FashionDataset\FashionDataset\train\images_train\34188.jpg,False
34189,4de67de3110b008360051bb05f04e0d9,b24591aa93a6b02744d35fb1fddddb29,True,False,Boys,Apparel,Topwear,Tshirts,White,Summer,2012,Casual,Gini and Jony Boys Printed White T-shirt,c:\Users\LEGION\Documents\jupyter_notebook\Fashion-Intelligence-System\A2_FashionDataset\FashionDataset\train\images_train\34189.jpg,False
31149,929601cd2c5ec7a397c78d39d3bdcca3,e62895455cd76e49e0a7dcd5a9c09bf4,True,False,Boys,Apparel,Topwear,Tshirts,Red,Summer,2012,Casual,Gini and Jony Boys Printed Red T-shirt,c:\Users\LEGION\Documents\jupyter_notebook\Fashion-Intelligence-System\A2_FashionDataset\FashionDataset\train\images_train\31149.jpg,False
34191,929601cd2c5ec7a397c78d39d3bdcca3,e62895455cd76e49e0a7dcd5a9c09bf4,True,False,Boys,Apparel,Topwear,Tshirts,Red,Summer,2012,Casual,Gini and Jony Boys Printed Red T-shirt,c:\Users\LEGION\Documents\jupyter_notebook\Fashion-Intelligence-System\A2_FashionDataset\FashionDataset\train\images_train\34191.jpg,False
31150,1d5cd2ace0bda1673258a424215b1611,77f2bf37f5a611da176a5fff50ca91f4,True,False,Boys,Apparel,Topwear,Tshirts,Navy Blue,Summer,2012,Casual,Gini and Jony Boys Printed Navy Blue T-shirt,c:\Users\LEGION\Documents\jupyter_notebook\Fashion-Intelligence-System\A2_FashionDataset\FashionDataset\train\images_train\31150.jpg,False
34168,1d5cd2ace0bda1673258a424215b1611,77f2bf37f5a611da176a5fff50ca91f4,True,False,Boys,Apparel,Topwear,Tshirts,Navy Blue,Summer,2012,Casual,Gini and Jony Boys Printed Navy Blue T-shirt,c:\Users\LEGION\Documents\jupyter_notebook\Fashion-Intelligence-System\A2_FashionDataset\FashionDataset\train\images_train\34168.jpg,False
31151,d398d2f5e08d7b1acd8512a201409e43,3a41887c80c3c240a7f8811259f61343,True,False,Boys,Apparel,Topwear,Tshirts,Blue,Summer,2012,Casual,Gini and Jony Boys Printed Blue T-shirt,c:\Users\LEGION\Documents\jupyter_notebook\Fashion-Intelligence-System\A2_FashionDataset\FashionDataset\train\images_train\31151.jpg,False
34170,d398d2f5e08d7b1acd8512a201409e43,3a41887c80c3c240a7f8811259f61343,True,False,Boys,Apparel,Topwear,Tshirts,Blue,Summer,2012,Casual,Gini and Jony Boys Printed Blue T-shirt,c:\Users\LEGION\Documents\jupyter_notebook\Fashion-Intelligence-System\A2_FashionDataset\FashionDataset\train\images_train\34170.jpg,False
34171,d398d2f5e08d7b1acd8512a201409e43,3a41887c80c3c240a7f8811259f61343,True,False,Boys,Apparel,Topwear,Tshirts,Blue,Summer,2012,Casual,Gini and Jony Boys Printed Blue T-shirt,c:\Users\LEGION\Documents\jupyter_notebook\Fashion-Intelligence-System\A2_FashionDataset\FashionDataset\train\images_train\34171.jpg,False
31152,5ff7d4413465d05d666631a8532c80e8,95fe2fe20196c4ed7cf13bf36983c834,True,False,Boys,Apparel,Topwear,Tshirts,Yellow,Summer,2012,Casual,Gini and Jony Boys Printed Yellow T-shirt,c:\Users\LEGION\Documents\jupyter_notebook\Fashion-Intelligence-System\A2_FashionDataset\FashionDataset\train\images_train\31152.jpg,False
34172,5ff7d4413465d05d666631a8532c80e8,95fe2fe20196c4ed7cf13bf36983c834,True,False,Boys,Apparel,Topwear,Tshirts,Yellow,Summer,2012,Casual,Gini and Jony Boys Printed Yellow T-shirt,c:\Users\LEGION\Documents\jupyter_notebook\Fashion-Intelligence-System\A2_FashionDataset\FashionDataset\train\images_train\34172.jpg,False
34173,5ff7d4413465d05d666631a8532c80e8,95fe2fe20196c4ed7cf13bf36983c834,True,False,Boys,Apparel,Topwear,Tshirts,Yellow,Summer,2012,Casual,Gini and Jony Boys Printed Yellow T-shirt,c:\Users\LEGION\Documents\jupyter_notebook\Fashion-Intelligence-System\A2_FashionDataset\FashionDataset\train\images_train\34173.jpg,False
31153,d1536a2dcc8333c6c64beb232af4f042,e49e2f58c858a69acd4c2892b249a8ee,True,False,Boys,Apparel,Topwear,Tshirts,Black,Summer,2012,Casual,Gini and Jony Boys Printed Black T-shirt,c:\Users\LEGION\Documents\jupyter_notebook\Fashion-Intelligence-System\A2_FashionDataset\FashionDataset\train\images_train\31153.jpg,False
34174,d1536a2dcc8333c6c64beb232af4f042,e49e2f58c858a69acd4c2892b249a8ee,True,False,Boys,Apparel,Topwear,Tshirts,Black,Summer,2012,Casual,Gini and Jony Boys Printed Black T-shirt,c:\Users\LEGION\Documents\jupyter_notebook\Fashion-Intelligence-System\A2_FashionDataset\FashionDataset\train\images_train\34174.jpg,False
34175,d1536a2dcc8333c6c64beb232af4f042,e49e2f58c858a69acd4c2892b249a8ee,True,False,Boys,Apparel,Topwear,Tshirts,Black,Summer,2012,Casual,Gini and Jony Boys Printed Black T-shirt,c:\Users\LEGION\Documents\jupyter_notebook\Fashion-Intelligence-System\A2_FashionDataset\FashionDataset\train\images_train\34175.jpg,False
31154,8be2ac84fe5ff59774ae2bf3c05241f9,2cb520bd66ec66647cd776b9bd9ab144,True,False,Boys,Apparel,Topwear,Tshirts,White,Summer,2012,Casual,Gini and Jony Boys White T-shirt,c:\Users\LEGION\Documents\jupyter_notebook\Fashion-Intelligence-System\A2_FashionDataset\FashionDataset\train\images_train\31154.jpg,False
34176,8be2ac84fe5ff59774ae2bf3c05241f9,2cb520bd66ec66647cd776b9bd9ab144,True,False,Boys,Apparel,Topwear,Tshirts,White,Summer,2012,Casual,Gini and Jony Boys White T-shirt,c:\Users\LEGION\Documents\jupyter_notebook\Fashion-Intelligence-System\A2_FashionDataset\FashionDataset\train\images_train\34176.jpg,False
34177,8be2ac84fe5ff59774ae2bf3c05241f9,2cb520bd66ec66647cd776b9bd9ab144,True,False,Boys,Apparel,Topwear,Tshirts,White,Summer,2012,Casual,Gini and Jony Boys White T-shirt,c:\Users\LEGION\Documents\jupyter_notebook\Fashion-Intelligence-System\A2_FashionDataset\FashionDataset\train\images_train\34177.jpg,False
31155,6eab1dd0dc755722d286c497074c9d74,873285cbe8dea6d3bb101d98cacd9ea6,True,False,Boys,Apparel,Topwear,Tshirts,Navy Blue,Summer,2012,Casual,Gini and Jony Boys Navy Blue T-shirt,c:\Users\LEGION\Documents\jupyter_notebook\Fashion-Intelligence-System\A2_FashionDataset\FashionDataset\train\images_train\31155.jpg,False
34178,6eab1dd0dc755722d286c497074c9d74,873285cbe8dea6d3bb101d98cacd9ea6,True,False,Boys,Apparel,Topwear,Tshirts,Navy Blue,Summer,2012,Casual,Gini and Jony Boys Navy Blue T-shirt,c:\Users\LEGION\Documents\jupyter_notebook\Fashion-Intelligence-System\A2_FashionDataset\FashionDataset\train\images_train\34178.jpg,False
34179,6eab1dd0dc755722d286c497074c9d74,873285cbe8dea6d3bb101d98cacd9ea6,True,False,Boys,Apparel,Topwear,Tshirts,Navy Blue,Summer,2012,Casual,Gini and Jony Boys Navy Blue T-shirt,c:\Users\LEGION\Documents\jupyter_notebook\Fashion-Intelligence-System\A2_FashionDataset\FashionDataset\train\images_train\34179.jpg,False
31156,7ff3cd2810711a7fddc9142e9b81b672,7f42a4cc8497b2662d24f9b6a7418cf2,True,False,Boys,Apparel,Topwear,Tshirts,Blue,Summer,2012,Casual,Gini and Jony Boys Blue T-shirt,c:\Users\LEGION\Documents\jupyter_notebook\Fashion-Intelligence-System\A2_FashionDataset\FashionDataset\train\images_train\31156.jpg,False
34180,7ff3cd2810711a7fddc9142e9b81b672,7f42a4cc8497b2662d24f9b6a7418cf2,True,False,Boys,Apparel,Topwear,Tshirts,Blue,Summer,2012,Casual,Gini and Jony Boys Blue T-shirt,c:\Users\LEGION\Documents\jupyter_notebook\Fashion-Intelligence-System\A2_FashionDataset\FashionDataset\train\images_train\34180.jpg,False
34181,7ff3cd2810711a7fddc9142e9b81b672,7f42a4cc8497b2662d24f9b6a7418cf2,True,False,Boys,Apparel,Topwear,Tshirts,Blue,Summer,2012,Casual,Gini and Jony Boys Blue T-shirt,c:\Users\LEGION\Documents\jupyter_notebook\Fashion-Intelligence-System\A2_FashionDataset\FashionDataset\train\images_train\34181.jpg,False
31157,09910006e45e0f63df940d8d1201d3b3,b9be6c712b18b586d84f9e48dcfba850,True,False,Boys,Apparel,Topwear,Tshirts,Green,Summer,2012,Casual,Gini and Jony Boys Green T-shirt,c:\Users\LEGION\Documents\jupyter_notebook\Fashion-Intelligence-System\A2_FashionDataset\FashionDataset\train\images_train\31157.jpg,False
34182,09910006e45e0f63df940d8d1201d3b3,b9be6c712b18b586d84f9e48dcfba850,True,False,Boys,Apparel,Topwear,Tshirts,Green,Summer,2012,Casual,Gini and Jony Boys Green T-shirt,c:\Users\LEGION\Documents\jupyter_notebook\Fashion-Intelligence-System\A2_FashionDataset\FashionDataset\train\images_train\34182.jpg,False
34183,09910006e45e0f63df940d8d1201d3b3,b9be6c712b18b586d84f9e48dcfba850,True,False,Boys,Apparel,Topwear,Tshirts,Green,Summer,2012,Casual,Gini and Jony Boys Green T-shirt,c:\Users\LEGION\Documents\jupyter_notebook\Fashion-Intelligence-System\A2_FashionDataset\FashionDataset\train\images_train\34183.jpg,False
31158,1cb1bdc3d0f426a1a491103992c2fcfa,acd2d8ee63528f24d015721f11844063,True,False,Boys,Apparel,Topwear,Tshirts,Yellow,Summer,2012,Casual,Gini and Jony Boys Yellow T-shirt,c:\Users\LEGION\Documents\jupyter_notebook\Fashion-Intelligence-System\A2_FashionDataset\FashionDataset\train\images_train\31158.jpg,False
34184,1cb1bdc3d0f426a1a491103992c2fcfa,acd2d8ee63528f24d015721f11844063,True,False,Boys,Apparel,Topwear,Tshirts,Yellow,Summer,2012,Casual,Gini and Jony Boys Yellow T-shirt,c:\Users\LEGION\Documents\jupyter_notebook\Fashion-Intelligence-System\A2_FashionDataset\FashionDataset\train\images_train\34184.jpg,False
31159,54edd9e0ef2414e5175180c1785cf842,7e1e1540994a7a2190cc87222cb19558,True,False,Boys,Apparel,Topwear,Tshirts,Black,Summer,2012,Casual,Gini and Jony Boys Black T-shirt,c:\Users\LEGION\Documents\jupyter_notebook\Fashion-Intelligence-System\A2_FashionDataset\FashionDataset\train\images_train\31159.jpg,False
34185,54edd9e0ef2414e5175180c1785cf842,7e1e1540994a7a2190cc87222cb19558,True,False,Boys,Apparel,Topwear,Tshirts,Black,Summer,2012,Casual,Gini and Jony Boys Black T-shirt,c:\Users\LEGION\Documents\jupyter_notebook\Fashion-Intelligence-System\A2_FashionDataset\FashionDataset\train\images_train\34185.jpg,False
31160,cb1e25513d07008507aa7f16910779d4,d881f309af55f2210924b0fdd076d81d,True,False,Girls,Apparel,Topwear,Tops,White,Summer,2012,Casual,Gini and Jony Girls Printed White Top,c:\Users\LEGION\Documents\jupyter_notebook\Fashion-Intelligence-System\A2_FashionDataset\FashionDataset\train\images_train\31160.jpg,False
34158,cb1e25513d07008507aa7f16910779d4,d881f309af55f2210924b0fdd076d81d,True,False,Girls,Apparel,Topwear,Tops,White,Summer,2012,Casual,Gini and Jony Girls Printed White Top,c:\Users\LEGION\Documents\jupyter_notebook\Fashion-Intelligence-System\A2_FashionDataset\FashionDataset\train\images_train\34158.jpg,False
34159,cb1e25513d07008507aa7f16910779d4,d881f309af55f2210924b0fdd076d81d,True,False,Girls,Apparel,Topwear,Tops,White,Summer,2012,Casual,Gini and Jony Girls Printed White Top,c:\Users\LEGION\Documents\jupyter_notebook\Fashion-Intelligence-System\A2_FashionDataset\FashionDataset\train\images_train\34159.jpg,False
31166,f3050123e33d1a954378f2f3e7072c6b,8cbb294a608ca4e7df8ebfbf16f5badd,True,False,Boys,Apparel,Bottomwear,Shorts,Blue,Summer,2012,Casual,Gini and Jony Boys Washed Blue Denim Shorts,c:\Users\LEGION\Documents\jupyter_notebook\Fashion-Intelligence-System\A2_FashionDataset\FashionDataset\train\images_train\31166.jpg,False
34147,f3050123e33d1a954378f2f3e7072c6b,8cbb294a608ca4e7df8ebfbf16f5badd,True,False,Boys,Apparel,Bottomwear,Shorts,Blue,Summer,2012,Casual,Gini and Jony Boys Blue Denim Shorts,c:\Users\LEGION\Documents\jupyter_notebook\Fashion-Intelligence-System\A2_FashionDataset\FashionDataset\train\images_train\34147.jpg,False
31168,d3d401335fa10b2b65c282488dbaa324,408dc9a447e2d7a439fca219efec8abf,True,False,Girls,Apparel,Dress,Dresses,White,Summer,2012,Casual,Gini and Jony Girls White Dress,c:\Users\LEGION\Documents\jupyter_notebook\Fashion-Intelligence-System\A2_FashionDataset\FashionDataset\train\images_train\31168.jpg,False
34167,d3d401335fa10b2b65c282488dbaa324,408dc9a447e2d7a439fca219efec8abf,True,False,Girls,Apparel,Dress,Dresses,White,Summer,2012,Casual,Gini and Jony Girls White Dress,c:\Users\LEGION\Documents\jupyter_notebook\Fashion-Intelligence-System\A2_FashionDataset\FashionDataset\train\images_train\34167.jpg,False
31172,0cd17870ad6fe728be19dd2023f9ab70,8d5f72191dcb06d182d1ca8c81a7e7b5,True,False,Girls,Apparel,Topwear,Tops,Peach,Summer,2012,Casual,Gini and Jony Girls Peach Top,c:\Users\LEGION\Documents\jupyter_notebook\Fashion-Intelligence-System\A2_FashionDataset\FashionDataset\train\images_train\31172.jpg,False
34156,0cd17870ad6fe728be19dd2023f9ab70,8d5f72191dcb06d182d1ca8c81a7e7b5,True,False,Girls,Apparel,Topwear,Tops,Peach,Summer,2012,Casual,Gini and Jony Girls Peach Top,c:\Users\LEGION\Documents\jupyter_notebook\Fashion-Intelligence-System\A2_FashionDataset\FashionDataset\train\images_train\34156.jpg,False
34157,0cd17870ad6fe728be19dd2023f9ab70,8d5f72191dcb06d182d1ca8c81a7e7b5,True,False,Girls,Apparel,Topwear,Tops,Peach,Summer,2012,Casual,Gini and Jony Girls Peach Top,c:\Users\LEGION\Documents\jupyter_notebook\Fashion-Intelligence-System\A2_FashionDataset\FashionDataset\train\images_train\34157.jpg,False
31173,2edbdb7e37e87dc71a9e35cd54a98661,f9797f497021ecbf76641b75310c861b,True,False,Girls,Apparel,Topwear,Tops,White,Summer,2012,Casual,Gini and Jony Girls Printed White Top,c:\Users\LEGION\Documents\jupyter_notebook\Fashion-Intelligence-System\A2_FashionDataset\FashionDataset\train\images_train\31173.jpg,False
34165,2edbdb7e37e87dc71a9e35cd54a98661,f9797f497021ecbf76641b75310c861b,True,False,Girls,Apparel,Topwear,Tops,White,Summer,2012,Casual,Gini and Jony Girls Printed White Top,c:\Users\LEGION\Documents\jupyter_notebook\Fashion-Intelligence-System\A2_FashionDataset\FashionDataset\train\images_train\34165.jpg,False
31174,3d0268ee58e12c99d95130b9de17973d,e95e4a23fe2340108661169f24cdb044,True,False,Girls,Apparel,Topwear,Tops,Red,Summer,2012,Casual,Gini and Jony Girls Red Top,c:\Users\LEGION\Documents\jupyter_notebook\Fashion-Intelligence-System\A2_FashionDataset\FashionDataset\train\images_train\31174.jpg,False
34164,3d0268ee58e12c99d95130b9de17973d,e95e4a23fe2340108661169f24cdb044,True,False,Girls,Apparel,Topwear,Tops,Red,Summer,2012,Casual,Gini and Jony Girls Red Top,c:\Users\LEGION\Documents\jupyter_notebook\Fashion-Intelligence-System\A2_FashionDataset\FashionDataset\train\images_train\34164.jpg,False
31175,f3aaa604e902c81f83e543f0fb54f777,8b3eca62b63ced728a0dd21b2eee5d55,True,False,Girls,Apparel,Topwear,Tops,Magenta,Summer,2012,Casual,Gini and Jony Girls Purple Top,c:\Users\LEGION\Documents\jupyter_notebook\Fashion-Intelligence-System\A2_FashionDataset\FashionDataset\train\images_train\31175.jpg,False
34166,f3aaa604e902c81f83e543f0fb54f777,8b3eca62b63ced728a0dd21b2eee5d55,True,False,Girls,Apparel,Topwear,Tops,Magenta,Summer,2012,Casual,Gini and Jony Girls Purple Top,c:\Users\LEGION\Documents\jupyter_notebook\Fashion-Intelligence-System\A2_FashionDataset\FashionDataset\train\images_train\34166.jpg,False
31176,b9b0421152041c6d3bea31d2db03901f,ba3438c3e941df72fc6950385dbe34a9,True,False,Girls,Apparel,Topwear,Tops,White,Summer,2012,Casual,Gini and Jony Girls White Top,c:\Users\LEGION\Documents\jupyter_notebook\Fashion-Intelligence-System\A2_FashionDataset\FashionDataset\train\images_train\31176.jpg,False
34162,b9b0421152041c6d3bea31d2db03901f,ba3438c3e941df72fc6950385dbe34a9,True,False,Girls,Apparel,Topwear,Tops,White,Summer,2012,Casual,Gini and Jony Girls White Top,c:\Users\LEGION\Documents\jupyter_notebook\Fashion-Intelligence-System\A2_FashionDataset\FashionDataset\train\images_train\34162.jpg,False
34163,b9b0421152041c6d3bea31d2db03901f,ba3438c3e941df72fc6950385dbe34a9,True,False,Girls,Apparel,Topwear,Tops,White,Summer,2012,Casual,Gini and Jony Girls White Top,c:\Users\LEGION\Documents\jupyter_notebook\Fashion-Intelligence-System\A2_FashionDataset\FashionDataset\train\images_train\34163.jpg,False
31178,9963f504cb77b28f05392e6585cb64f3,4850a3f297e946858f344c0fa72a53f4,True,False,Girls,Apparel,Topwear,Tops,Black,Summer,2012,Casual,Gini and Jony Girls Black Top,c:\Users\LEGION\Documents\jupyter_notebook\Fashion-Intelligence-System\A2_FashionDataset\FashionDataset\train\images_train\31178.jpg,False
34161,9963f504cb77b28f05392e6585cb64f3,4850a3f297e946858f344c0fa72a53f4,True,False,Girls,Apparel,Topwear,Tops,Black,Summer,2012,Casual,Gini and Jony Girls Black Top,c:\Users\LEGION\Documents\jupyter_notebook\Fashion-Intelligence-System\A2_FashionDataset\FashionDataset\train\images_train\34161.jpg,False
31716,0334799187b4f34eedac9dac400aabd6,28aa73f0c70cf777465aa770c284899e,True,False,Women,Accessories,Jewellery,Earrings,Silver,Winter,2016,Ethnic,Fabindia Women Anusuya Silver Earrings,c:\Users\LEGION\Documents\jupyter_notebook\Fashion-Intelligence-System\A2_FashionDataset\FashionDataset\train\images_train\31716.jpg,False
35328,0334799187b4f34eedac9dac400aabd6,28aa73f0c70cf777465aa770c284899e,True,False,Women,Accessories,Jewellery,Earrings,Silver,Winter,2016,Ethnic,Fabindia Women Anusuya Silver Earrings,c:\Users\LEGION\Documents\jupyter_notebook\Fashion-Intelligence-System\A2_FashionDataset\FashionDataset\train\images_train\35328.jpg,False
33138,9da52c6ac4bd0162f4ee23d8dda3bf0b,0f12616ecbcedf22dcc94142d66a9561,True,False,Boys,Apparel,Topwear,Shirts,White,Summer,2012,Casual,Palm Tree Boys Check White Shirt,c:\Users\LEGION\Documents\jupyter_notebook\Fashion-Intelligence-System\A2_FashionDataset\FashionDataset\train\images_train\33138.jpg,False
38942,9da52c6ac4bd0162f4ee23d8dda3bf0b,0f12616ecbcedf22dcc94142d66a9561,True,False,Boys,Apparel,Topwear,Shirts,White,Summer,2012,Casual,Gini and Jony Boys Check White Shirt,c:\Users\LEGION\Documents\jupyter_notebook\Fashion-Intelligence-System\A2_FashionDataset\FashionDataset\train\images_train\38942.jpg,False
38943,9da52c6ac4bd0162f4ee23d8dda3bf0b,0f12616ecbcedf22dcc94142d66a9561,True,False,Boys,Apparel,Topwear,Shirts,White,Summer,2012,Casual,Gini and Jony Boys Check White Shirt,c:\Users\LEGION\Documents\jupyter_notebook\Fashion-Intelligence-System\A2_FashionDataset\FashionDataset\train\images_train\38943.jpg,False
33139,3fddb4deefd288975a19af150c903af5,3fb04edeb7e39e7926303a1207e39675,True,False,Boys,Apparel,Topwear,Tshirts,Grey,Summer,2012,Casual,Gini and Jony Boys Printed Grey T-shirt,c:\Users\LEGION\Documents\jupyter_notebook\Fashion-Intelligence-System\A2_FashionDataset\FashionDataset\train\images_train\33139.jpg,False
38960,3fddb4deefd288975a19af150c903af5,3fb04edeb7e39e7926303a1207e39675,True,False,Boys,Apparel,Topwear,Tshirts,Grey,Summer,2012,Casual,Gini and Jony Boys Printed Grey T-shirt,c:\Users\LEGION\Documents\jupyter_notebook\Fashion-Intelligence-System\A2_FashionDataset\FashionDataset\train\images_train\38960.jpg,False
38961,3fddb4deefd288975a19af150c903af5,3fb04edeb7e39e7926303a1207e39675,True,False,Boys,Apparel,Topwear,Tshirts,Grey,Summer,2012,Casual,Gini and Jony Boys Printed Grey T-shirt,c:\Users\LEGION\Documents\jupyter_notebook\Fashion-Intelligence-System\A2_FashionDataset\FashionDataset\train\images_train\38961.jpg,False
33140,57c9765668d3a504b6e8c8b9919fd798,0bdeb7b66323946589097ea991f1ad90,True,False,Boys,Apparel,Topwear,Tshirts,Navy Blue,Summer,2012,Casual,Gini and Jony Boys Printed Navy Blue T-shirt,c:\Users\LEGION\Documents\jupyter_notebook\Fashion-Intelligence-System\A2_FashionDataset\FashionDataset\train\images_train\33140.jpg,False
38958,57c9765668d3a504b6e8c8b9919fd798,0bdeb7b66323946589097ea991f1ad90,True,False,Boys,Apparel,Topwear,Tshirts,Navy Blue,Summer,2012,Casual,Gini and Jony Boys Printed Navy Blue T-shirt,c:\Users\LEGION\Documents\jupyter_notebook\Fashion-Intelligence-System\A2_FashionDataset\FashionDataset\train\images_train\38958.jpg,False
38959,57c9765668d3a504b6e8c8b9919fd798,0bdeb7b66323946589097ea991f1ad90,True,False,Boys,Apparel,Topwear,Tshirts,Navy Blue,Summer,2012,Casual,Gini and Jony Boys Printed Navy Blue T-shirt,c:\Users\LEGION\Documents\jupyter_notebook\Fashion-Intelligence-System\A2_FashionDataset\FashionDataset\train\images_train\38959.jpg,False
33141,5f8781c9b184a017547b52ce06e5669a,77f2df1208aa87645e4451b897a7a01f,True,False,Boys,Apparel,Topwear,Tshirts,Green,Summer,2012,Casual,Palm Tree Boys Printed Green T-shirt,c:\Users\LEGION\Documents\jupyter_notebook\Fashion-Intelligence-System\A2_FashionDataset\FashionDataset\train\images_train\33141.jpg,False
38954,5f8781c9b184a017547b52ce06e5669a,77f2df1208aa87645e4451b897a7a01f,True,False,Boys,Apparel,Topwear,Tshirts,Green,Summer,2012,Casual,Gini and Jony Boys Printed Green T-shirt,c:\Users\LEGION\Documents\jupyter_notebook\Fashion-Intelligence-System\A2_FashionDataset\FashionDataset\train\images_train\38954.jpg,False
38955,5f8781c9b184a017547b52ce06e5669a,77f2df1208aa87645e4451b897a7a01f,True,False,Boys,Apparel,Topwear,Tshirts,Green,Summer,2012,Casual,Palm Tree Boys Printed Green T-shirt,c:\Users\LEGION\Documents\jupyter_notebook\Fashion-Intelligence-System\A2_FashionDataset\FashionDataset\train\images_train\38955.jpg,False
33142,c459ab1d935d05517bff5bfdf6b17047,d1a43864f937182e4a6d51cff63e3cda,True,False,Boys,Apparel,Topwear,Tshirts,Blue,Summer,2012,Casual,Gini and Jony Boys Printed Blue T-shirt,c:\Users\LEGION\Documents\jupyter_notebook\Fashion-Intelligence-System\A2_FashionDataset\FashionDataset\train\images_train\33142.jpg,False
38956,c459ab1d935d05517bff5bfdf6b17047,d1a43864f937182e4a6d51cff63e3cda,True,False,Boys,Apparel,Topwear,Tshirts,Blue,Summer,2012,Casual,Gini and Jony Boys Printed Blue T-shirt,c:\Users\LEGION\Documents\jupyter_notebook\Fashion-Intelligence-System\A2_FashionDataset\FashionDataset\train\images_train\38956.jpg,False
38957,c459ab1d935d05517bff5bfdf6b17047,d1a43864f937182e4a6d51cff63e3cda,True,False,Boys,Apparel,Topwear,Tshirts,Blue,Summer,2012,Casual,Gini and Jony Boys Printed Blue T-shirt,c:\Users\LEGION\Documents\jupyter_notebook\Fashion-Intelligence-System\A2_FashionDataset\FashionDataset\train\images_train\38957.jpg,False
33143,be6e472cf354ca590a4cb82240be5b0a,4df3cc5ea613855071ab0eecf1601889,True,False,Boys,Apparel,Topwear,Tshirts,Navy Blue,Summer,2012,Casual,Gini and Jony Boys Pack of 2 T-shirts,c:\Users\LEGION\Documents\jupyter_notebook\Fashion-Intelligence-System\A2_FashionDataset\FashionDataset\train\images_train\33143.jpg,False
38952,be6e472cf354ca590a4cb82240be5b0a,4df3cc5ea613855071ab0eecf1601889,True,False,Boys,Apparel,Topwear,Tshirts,Navy Blue,Summer,2012,Casual,Gini and Jony Boys Pack of 2 T-shirts,c:\Users\LEGION\Documents\jupyter_notebook\Fashion-Intelligence-System\A2_FashionDataset\FashionDataset\train\images_train\38952.jpg,False
38953,be6e472cf354ca590a4cb82240be5b0a,4df3cc5ea613855071ab0eecf1601889,True,False,Boys,Apparel,Topwear,Tshirts,Navy Blue,Summer,2012,Casual,Gini and Jony Boys Pack of 2 T-shirts,c:\Users\LEGION\Documents\jupyter_notebook\Fashion-Intelligence-System\A2_FashionDataset\FashionDataset\train\images_train\38953.jpg,False
33144,f269d3dc2bedf71086fa2cb5566a1997,9deb377c014bc9698af6466d86a3c56f,True,False,Boys,Apparel,Bottomwear,Shorts,Blue,Summer,2012,Casual,Gini and Jony Boys Blue Shorts,c:\Users\LEGION\Documents\jupyter_notebook\Fashion-Intelligence-System\A2_FashionDataset\FashionDataset\train\images_train\33144.jpg,False
38940,f269d3dc2bedf71086fa2cb5566a1997,9deb377c014bc9698af6466d86a3c56f,True,False,Boys,Apparel,Bottomwear,Shorts,Blue,Summer,2012,Casual,Palm Tree Boys Blue Shorts,c:\Users\LEGION\Documents\jupyter_notebook\Fashion-Intelligence-System\A2_FashionDataset\FashionDataset\train\images_train\38940.jpg,False
38941,f269d3dc2bedf71086fa2cb5566a1997,9deb377c014bc9698af6466d86a3c56f,True,False,Boys,Apparel,Bottomwear,Shorts,Blue,Summer,2012,Casual,Gini and Jony Boys Blue Shorts,c:\Users\LEGION\Documents\jupyter_notebook\Fashion-Intelligence-System\A2_FashionDataset\FashionDataset\train\images_train\38941.jpg,False
33145,34661283e66eb665b6d7a3a056044632,caf1fc0d2356bc18904d9e0462241f8b,True,False,Boys,Apparel,Bottomwear,Shorts,Blue,Summer,2012,Casual,Gini and Jony Boys Blue Shorts,c:\Users\LEGION\Documents\jupyter_notebook\Fashion-Intelligence-System\A2_FashionDataset\FashionDataset\train\images_train\33145.jpg,False
38938,34661283e66eb665b6d7a3a056044632,caf1fc0d2356bc18904d9e0462241f8b,True,False,Boys,Apparel,Bottomwear,Shorts,Blue,Summer,2012,Casual,Gini and Jony Boys Blue Shorts,c:\Users\LEGION\Documents\jupyter_notebook\Fashion-Intelligence-System\A2_FashionDataset\FashionDataset\train\images_train\38938.jpg,False
38939,34661283e66eb665b6d7a3a056044632,caf1fc0d2356bc18904d9e0462241f8b,True,False,Boys,Apparel,Bottomwear,Shorts,Blue,Summer,2012,Casual,Gini and Jony Boys Blue Shorts,c:\Users\LEGION\Documents\jupyter_notebook\Fashion-Intelligence-System\A2_FashionDataset\FashionDataset\train\images_train\38939.jpg,False
33146,fc501d723fba36d4bfe9e094b178ee6c,39590012ef80c16b410aa361c4593e9c,True,False,Boys,Apparel,Bottomwear,Shorts,Blue,Summer,2012,Casual,Gini and Jony Boys Blue Shorts,c:\Users\LEGION\Documents\jupyter_notebook\Fashion-Intelligence-System\A2_FashionDataset\FashionDataset\train\images_train\33146.jpg,False
38936,fc501d723fba36d4bfe9e094b178ee6c,39590012ef80c16b410aa361c4593e9c,True,False,Boys,Apparel,Bottomwear,Shorts,Blue,Summer,2012,Casual,Gini and Jony Boys Blue Shorts,c:\Users\LEGION\Documents\jupyter_notebook\Fashion-Intelligence-System\A2_FashionDataset\FashionDataset\train\images_train\38936.jpg,False
38937,fc501d723fba36d4bfe9e094b178ee6c,39590012ef80c16b410aa361c4593e9c,True,False,Boys,Apparel,Bottomwear,Shorts,Blue,Summer,2012,Casual,Gini and Jony Boys Blue Shorts,c:\Users\LEGION\Documents\jupyter_notebook\Fashion-Intelligence-System\A2_FashionDataset\FashionDataset\train\images_train\38937.jpg,False
33148,40980d88535efeeb56a21c5467a9c9b4,9a715b5572ca6fadd0a2cf8b832be680,True,False,Girls,Apparel,Bottomwear,Leggings,Black,Summer,2012,Casual,Gini and Jony Girls Black Leggings,c:\Users\LEGION\Documents\jupyter_notebook\Fashion-Intelligence-System\A2_FashionDataset\FashionDataset\train\images_train\33148.jpg,False
38934,40980d88535efeeb56a21c5467a9c9b4,9a715b5572ca6fadd0a2cf8b832be680,True,False,Girls,Apparel,Bottomwear,Leggings,Black,Summer,2012,Casual,Gini and Jony Girls Black Leggings,c:\Users\LEGION\Documents\jupyter_notebook\Fashion-Intelligence-System\A2_FashionDataset\FashionDataset\train\images_train\38934.jpg,False
38935,40980d88535efeeb56a21c5467a9c9b4,9a715b5572ca6fadd0a2cf8b832be680,True,False,Girls,Apparel,Bottomwear,Leggings,Black,Summer,2012,Casual,Gini and Jony Girls Black Leggings,c:\Users\LEGION\Documents\jupyter_notebook\Fashion-Intelligence-System\A2_FashionDataset\FashionDataset\train\images_train\38935.jpg,False
33149,2627bcddc3568d2035ad88785563679a,03de05e07df220e3cce53a79090949bc,True,False,Girls,Apparel,Bottomwear,Leggings,Pink,Summer,2012,Casual,Gini and Jony Girls Pink Leggings,c:\Users\LEGION\Documents\jupyter_notebook\Fashion-Intelligence-System\A2_FashionDataset\FashionDataset\train\images_train\33149.jpg,False
38932,2627bcddc3568d2035ad88785563679a,03de05e07df220e3cce53a79090949bc,True,False,Girls,Apparel,Bottomwear,Leggings,Pink,Summer,2012,Casual,Gini and Jony Girls Pink Leggings,c:\Users\LEGION\Documents\jupyter_notebook\Fashion-Intelligence-System\A2_FashionDataset\FashionDataset\train\images_train\38932.jpg,False
38933,2627bcddc3568d2035ad88785563679a,03de05e07df220e3cce53a79090949bc,True,False,Girls,Apparel,Bottomwear,Leggings,Pink,Summer,2012,Casual,Gini and Jony Girls Pink Leggings,c:\Users\LEGION\Documents\jupyter_notebook\Fashion-Intelligence-System\A2_FashionDataset\FashionDataset\train\images_train\38933.jpg,False
33151,e2c43f12571eeed31252e594f0b37663,d459244fe9d872fca25be50a90683b4e,True,False,Girls,Apparel,Topwear,Tops,Pink,Summer,2012,Casual,Gini and Jony Girls Printed Pink Top,c:\Users\LEGION\Documents\jupyter_notebook\Fashion-Intelligence-System\A2_FashionDataset\FashionDataset\train\images_train\33151.jpg,False
38948,e2c43f12571eeed31252e594f0b37663,d459244fe9d872fca25be50a90683b4e,True,False,Girls,Apparel,Topwear,Tops,Pink,Summer,2012,Casual,Gini and Jony Girls Printed Pink Top,c:\Users\LEGION\Documents\jupyter_notebook\Fashion-Intelligence-System\A2_FashionDataset\FashionDataset\train\images_train\38948.jpg,False
38949,e2c43f12571eeed31252e594f0b37663,d459244fe9d872fca25be50a90683b4e,True,False,Girls,Apparel,Topwear,Tops,Pink,Summer,2012,Casual,Gini and Jony Girls Printed Pink Top,c:\Users\LEGION\Documents\jupyter_notebook\Fashion-Intelligence-System\A2_FashionDataset\FashionDataset\train\images_train\38949.jpg,False
33152,6f89148c4c2b92e71fe3b6ded34d17f8,232aef2ea78fb32b77f91be5a2ed0d75,True,False,Girls,Apparel,Topwear,Tops,Green,Summer,2012,Casual,Gini and Jony Girls Printed Green Top,c:\Users\LEGION\Documents\jupyter_notebook\Fashion-Intelligence-System\A2_FashionDataset\FashionDataset\train\images_train\33152.jpg,False
38946,6f89148c4c2b92e71fe3b6ded34d17f8,232aef2ea78fb32b77f91be5a2ed0d75,True,False,Girls,Apparel,Topwear,Tops,Green,Summer,2012,Casual,Gini and Jony Girls Printed Green Top,c:\Users\LEGION\Documents\jupyter_notebook\Fashion-Intelligence-System\A2_FashionDataset\FashionDataset\train\images_train\38946.jpg,False
38947,6f89148c4c2b92e71fe3b6ded34d17f8,232aef2ea78fb32b77f91be5a2ed0d75,True,False,Girls,Apparel,Topwear,Tops,Green,Summer,2012,Casual,Gini and Jony Girls Printed Green Top,c:\Users\LEGION\Documents\jupyter_notebook\Fashion-Intelligence-System\A2_FashionDataset\FashionDataset\train\images_train\38947.jpg,False
33153,f7abc876ad77a57a402946da796746ab,a067b9db8faf56ed1da31b01fa025111,True,False,Girls,Apparel,Topwear,Tops,White,Summer,2012,Casual,Gini and Jony Girls Printed White Top,c:\Users\LEGION\Documents\jupyter_notebook\Fashion-Intelligence-System\A2_FashionDataset\FashionDataset\train\images_train\33153.jpg,False
38944,f7abc876ad77a57a402946da796746ab,a067b9db8faf56ed1da31b01fa025111,True,False,Girls,Apparel,Topwear,Tops,White,Summer,2012,Casual,Gini and Jony Girls Printed White Top,c:\Users\LEGION\Documents\jupyter_notebook\Fashion-Intelligence-System\A2_FashionDataset\FashionDataset\train\images_train\38944.jpg,False
38945,f7abc876ad77a57a402946da796746ab,a067b9db8faf56ed1da31b01fa025111,True,False,Girls,Apparel,Topwear,Tops,White,Summer,2012,Casual,Gini and Jony Girls Printed White Top,c:\Users\LEGION\Documents\jupyter_notebook\Fashion-Intelligence-System\A2_FashionDataset\FashionDataset\train\images_train\38945.jpg,False
33253,24c8cc4607a1c12ca8664119431b879e,78a53e701171b4643250d77d4abc9fdb,True,False,Boys,Apparel,Topwear,Tshirts,Yellow,Summer,2012,Casual,Gini and Jony Boys Printed Yellow T-shirt,c:\Users\LEGION\Documents\jupyter_notebook\Fashion-Intelligence-System\A2_FashionDataset\FashionDataset\train\images_train\33253.jpg,False
39315,24c8cc4607a1c12ca8664119431b879e,78a53e701171b4643250d77d4abc9fdb,True,False,Boys,Apparel,Topwear,Tshirts,Yellow,Summer,2012,Casual,Gini and Jony Boys Printed Yellow T-shirt,c:\Users\LEGION\Documents\jupyter_notebook\Fashion-Intelligence-System\A2_FashionDataset\FashionDataset\train\images_train\39315.jpg,False
33254,3b034e4dab6621a200f785a73a430a1c,af815ed4833b6e155b731db947bf5f96,True,False,Boys,Apparel,Topwear,Tshirts,Red,Summer,2012,Casual,Gini and Jony Boys Red T-shirt,c:\Users\LEGION\Documents\jupyter_notebook\Fashion-Intelligence-System\A2_FashionDataset\FashionDataset\train\images_train\33254.jpg,False
39318,3b034e4dab6621a200f785a73a430a1c,af815ed4833b6e155b731db947bf5f96,True,False,Boys,Apparel,Topwear,Tshirts,Red,Summer,2012,Casual,Gini and Jony Boys Red T-shirt,c:\Users\LEGION\Documents\jupyter_notebook\Fashion-Intelligence-System\A2_FashionDataset\FashionDataset\train\images_train\39318.jpg,False
33255,bfd4d2f1ce041b8f96ca45a9e04eaba4,d6f5b994f608c7ce3a3d7d8a0fe3fef3,True,False,Boys,Apparel,Topwear,Tshirts,Green,Summer,2012,Casual,Gini and Jony Boys Printed Green T-shirt,c:\Users\LEGION\Documents\jupyter_notebook\Fashion-Intelligence-System\A2_FashionDataset\FashionDataset\train\images_train\33255.jpg,False
38765,bfd4d2f1ce041b8f96ca45a9e04eaba4,d6f5b994f608c7ce3a3d7d8a0fe3fef3,True,False,Boys,Apparel,Topwear,Tshirts,Green,Summer,2012,Casual,Gini and Jony Boys Printed Green T-shirt,c:\Users\LEGION\Documents\jupyter_notebook\Fashion-Intelligence-System\A2_FashionDataset\FashionDataset\train\images_train\38765.jpg,False
33256,2f0c0807ac0647c3ee1921bd1a36944f,a23b1fe286621aa891f9a991e654e9cb,True,False,Girls,Apparel,Topwear,Tshirts,Blue,Summer,2012,Casual,Gini and Jony Girls Printed Blue T-shirt,c:\Users\LEGION\Documents\jupyter_notebook\Fashion-Intelligence-System\A2_FashionDataset\FashionDataset\train\images_train\33256.jpg,False
38768,2f0c0807ac0647c3ee1921bd1a36944f,a23b1fe286621aa891f9a991e654e9cb,True,False,Girls,Apparel,Topwear,Tshirts,Blue,Summer,2012,Casual,Gini and Jony Girls Printed Blue T-shirt,c:\Users\LEGION\Documents\jupyter_notebook\Fashion-Intelligence-System\A2_FashionDataset\FashionDataset\train\images_train\38768.jpg,False
38769,2f0c0807ac0647c3ee1921bd1a36944f,a23b1fe286621aa891f9a991e654e9cb,True,False,Girls,Apparel,Topwear,Tshirts,Blue,Summer,2012,Casual,Gini and Jony Girls Printed Blue T-shirt,c:\Users\LEGION\Documents\jupyter_notebook\Fashion-Intelligence-System\A2_FashionDataset\FashionDataset\train\images_train\38769.jpg,False
33257,23a1b228c7596cd9c2f817990cc2dcee,56bc8942542b913dfb1352f36366139b,True,False,Girls,Apparel,Topwear,Tops,Yellow,Summer,2012,Casual,Gini and Jony Girls Printed Yellow Top,c:\Users\LEGION\Documents\jupyter_notebook\Fashion-Intelligence-System\A2_FashionDataset\FashionDataset\train\images_train\33257.jpg,False
39325,23a1b228c7596cd9c2f817990cc2dcee,56bc8942542b913dfb1352f36366139b,True,False,Girls,Apparel,Topwear,Tops,Yellow,Summer,2012,Casual,Gini and Jony Girls Printed Yellow Top,c:\Users\LEGION\Documents\jupyter_notebook\Fashion-Intelligence-System\A2_FashionDataset\FashionDataset\train\images_train\39325.jpg,False
33259,963dfc2db4d66d4785a31bf72aec54cb,5d5cd06fbbb0eb2fb4e6e19ccbe13af4,True,False,Boys,Apparel,Bottomwear,Shorts,Blue,Summer,2012,Casual,Gini & Jony Boys Blue Shorts,c:\Users\LEGION\Documents\jupyter_notebook\Fashion-Intelligence-System\A2_FashionDataset\FashionDataset\train\images_train\33259.jpg,True
39336,963dfc2db4d66d4785a31bf72aec54cb,5d5cd06fbbb0eb2fb4e6e19ccbe13af4,True,False,Boys,Apparel,Bottomwear,Capris,Blue,Summer,2012,Casual,Gini & Jony Boys Blue Shorts,c:\Users\LEGION\Documents\jupyter_notebook\Fashion-Intelligence-System\A2_FashionDataset\FashionDataset\train\images_train\39336.jpg,True
33262,919239bb873266904ec5baca6d93d941,cb335f8dc5e09e9170c63c9bd63e9fab,True,False,Boys,Apparel,Topwear,Tshirts,White,Summer,2012,Casual,Gini and Jony Boys Printed White T-shirt,c:\Users\LEGION\Documents\jupyter_notebook\Fashion-Intelligence-System\A2_FashionDataset\FashionDataset\train\images_train\33262.jpg,False
39316,919239bb873266904ec5baca6d93d941,cb335f8dc5e09e9170c63c9bd63e9fab,True,False,Boys,Apparel,Topwear,Tshirts,White,Summer,2012,Casual,Gini and Jony Boys Printed White T-shirt,c:\Users\LEGION\Documents\jupyter_notebook\Fashion-Intelligence-System\A2_FashionDataset\FashionDataset\train\images_train\39316.jpg,False
39317,919239bb873266904ec5baca6d93d941,cb335f8dc5e09e9170c63c9bd63e9fab,True,False,Boys,Apparel,Topwear,Tshirts,White,Summer,2012,Casual,Gini and Jony Boys Printed White T-shirt,c:\Users\LEGION\Documents\jupyter_notebook\Fashion-Intelligence-System\A2_FashionDataset\FashionDataset\train\images_train\39317.jpg,False
33263,306a8771198233604f780b1dad394b36,ef292336b5e981c372d0032873a4b01d,True,False,Boys,Apparel,Topwear,Tshirts,White,Summer,2012,Casual,Gini & Jony Boys White T-shirt,c:\Users\LEGION\Documents\jupyter_notebook\Fashion-Intelligence-System\A2_FashionDataset\FashionDataset\train\images_train\33263.jpg,False
39331,306a8771198233604f780b1dad394b36,ef292336b5e981c372d0032873a4b01d,True,False,Boys,Apparel,Topwear,Tshirts,White,Summer,2012,Casual,Gini & Jony Boys White T-shirt,c:\Users\LEGION\Documents\jupyter_notebook\Fashion-Intelligence-System\A2_FashionDataset\FashionDataset\train\images_train\39331.jpg,False
39332,306a8771198233604f780b1dad394b36,ef292336b5e981c372d0032873a4b01d,True,False,Boys,Apparel,Topwear,Tshirts,White,Summer,2012,Casual,Gini & Jony Boys White T-shirt,c:\Users\LEGION\Documents\jupyter_notebook\Fashion-Intelligence-System\A2_FashionDataset\FashionDataset\train\images_train\39332.jpg,False
33264,3aa93ab5be9df79c70245be52cc8f27e,3549bf08677df8f2769ccf508b7bbdec,True,False,Boys,Apparel,Bottomwear,Shorts,Beige,Summer,2012,Casual,Gini and Jony Boys Beige Shorts,c:\Users\LEGION\Documents\jupyter_notebook\Fashion-Intelligence-System\A2_FashionDataset\FashionDataset\train\images_train\33264.jpg,False
39319,3aa93ab5be9df79c70245be52cc8f27e,3549bf08677df8f2769ccf508b7bbdec,True,False,Boys,Apparel,Bottomwear,Shorts,Beige,Summer,2012,Casual,Gini and Jony Boys Beige Shorts,c:\Users\LEGION\Documents\jupyter_notebook\Fashion-Intelligence-System\A2_FashionDataset\FashionDataset\train\images_train\39319.jpg,False
33267,b524ca7c6e322ae595995294738fa87a,3a372f2fb478698704276e31e7906aba,True,False,Girls,Apparel,Bottomwear,Shorts,Blue,Summer,2012,Casual,Gini and Jony Girls Blue Shorts,c:\Users\LEGION\Documents\jupyter_notebook\Fashion-Intelligence-System\A2_FashionDataset\FashionDataset\train\images_train\33267.jpg,False
39323,b524ca7c6e322ae595995294738fa87a,3a372f2fb478698704276e31e7906aba,True,False,Girls,Apparel,Bottomwear,Shorts,Blue,Summer,2012,Casual,Gini and Jony Girls Blue Shorts,c:\Users\LEGION\Documents\jupyter_notebook\Fashion-Intelligence-System\A2_FashionDataset\FashionDataset\train\images_train\39323.jpg,False
39324,b524ca7c6e322ae595995294738fa87a,3a372f2fb478698704276e31e7906aba,True,False,Girls,Apparel,Bottomwear,Shorts,Blue,Summer,2012,Casual,Gini and Jony Girls Blue Shorts,c:\Users\LEGION\Documents\jupyter_notebook\Fashion-Intelligence-System\A2_FashionDataset\FashionDataset\train\images_train\39324.jpg,False
33268,886b19906c7129834038c37abf31ba77,e66c21886e76f5191c5e9e80c7e5914a,True,False,Girls,Apparel,Bottomwear,Shorts,Green,Summer,2012,Casual,Gini and Jony Girls Green Shorts,c:\Users\LEGION\Documents\jupyter_notebook\Fashion-Intelligence-System\A2_FashionDataset\FashionDataset\train\images_train\33268.jpg,False
39328,886b19906c7129834038c37abf31ba77,e66c21886e76f5191c5e9e80c7e5914a,True,False,Girls,Apparel,Bottomwear,Shorts,Green,Summer,2012,Casual,Gini and Jony Girls Green Shorts,c:\Users\LEGION\Documents\jupyter_notebook\Fashion-Intelligence-System\A2_FashionDataset\FashionDataset\train\images_train\39328.jpg,False
39329,886b19906c7129834038c37abf31ba77,e66c21886e76f5191c5e9e80c7e5914a,True,False,Girls,Apparel,Bottomwear,Shorts,Green,Summer,2012,Casual,Gini and Jony Girls Green Shorts,c:\Users\LEGION\Documents\jupyter_notebook\Fashion-Intelligence-System\A2_FashionDataset\FashionDataset\train\images_train\39329.jpg,False
33271,5a1a3634fdfd04928a4a59c0acd0eca8,ce71e91275e515992d52a9ceb05fde1d,True,False,Girls,Apparel,Bottomwear,Skirts,Red,Summer,2012,Casual,Gini and Jony Girls Red Skirt,c:\Users\LEGION\Documents\jupyter_notebook\Fashion-Intelligence-System\A2_FashionDataset\FashionDataset\train\images_train\33271.jpg,False
39314,5a1a3634fdfd04928a4a59c0acd0eca8,ce71e91275e515992d52a9ceb05fde1d,True,False,Girls,Apparel,Bottomwear,Skirts,Red,Summer,2012,Casual,Gini and Jony Girls Red Skirt,c:\Users\LEGION\Documents\jupyter_notebook\Fashion-Intelligence-System\A2_FashionDataset\FashionDataset\train\images_train\39314.jpg,False
33272,fdc988b7d63875dcdc68a76f7386f36e,75739732ebd57b193422168716c94aa1,True,False,Girls,Apparel,Bottomwear,Capris,Pink,Summer,2012,Casual,Gini & Jony Girls Pink Pedal Pusher,c:\Users\LEGION\Documents\jupyter_notebook\Fashion-Intelligence-System\A2_FashionDataset\FashionDataset\train\images_train\33272.jpg,False
39337,fdc988b7d63875dcdc68a76f7386f36e,75739732ebd57b193422168716c94aa1,True,False,Girls,Apparel,Bottomwear,Capris,Pink,Summer,2012,Casual,Gini & Jony Girls Pink Pedal Pusher,c:\Users\LEGION\Documents\jupyter_notebook\Fashion-Intelligence-System\A2_FashionDataset\FashionDataset\train\images_train\39337.jpg,False
33273,a60288ce72d36c01dc1f857746b1839b,ed4ecf68eaa215dbb98aedae593afa98,True,False,Girls,Apparel,Bottomwear,Leggings,Green,Summer,2012,Casual,Gini and Jony Girls Green Leggings,c:\Users\LEGION\Documents\jupyter_notebook\Fashion-Intelligence-System\A2_FashionDataset\FashionDataset\train\images_train\33273.jpg,False
39327,a60288ce72d36c01dc1f857746b1839b,ed4ecf68eaa215dbb98aedae593afa98,True,False,Girls,Apparel,Bottomwear,Leggings,Green,Summer,2012,Casual,Gini and Jony Girls Green Leggings,c:\Users\LEGION\Documents\jupyter_notebook\Fashion-Intelligence-System\A2_FashionDataset\FashionDataset\train\images_train\39327.jpg,False
33274,de957a37a2e377355e7526c6cf5acb7c,3c09738ab95709d733ec6f5ad2ba01d0,True,False,Girls,Apparel,Bottomwear,Leggings,Black,Summer,2012,Casual,Gini and Jony Girls Black Leggings,c:\Users\LEGION\Documents\jupyter_notebook\Fashion-Intelligence-System\A2_FashionDataset\FashionDataset\train\images_train\33274.jpg,False
39326,de957a37a2e377355e7526c6cf5acb7c,3c09738ab95709d733ec6f5ad2ba01d0,True,False,Girls,Apparel,Bottomwear,Leggings,Black,Summer,2012,Casual,Gini and Jony Girls Black Leggings,c:\Users\LEGION\Documents\jupyter_notebook\Fashion-Intelligence-System\A2_FashionDataset\FashionDataset\train\images_train\39326.jpg,False
33277,40328e748837f317e2aea9691be6f876,1c99d600a3057c9f4c465ae557a34475,True,False,Boys,Apparel,Bottomwear,Jeans,Blue,Summer,2012,Casual,Gini and Jony Boys Washed Blue Jeans,c:\Users\LEGION\Documents\jupyter_notebook\Fashion-Intelligence-System\A2_FashionDataset\FashionDataset\train\images_train\33277.jpg,False
33278,40328e748837f317e2aea9691be6f876,1c99d600a3057c9f4c465ae557a34475,True,False,Boys,Apparel,Bottomwear,Jeans,Blue,Summer,2012,Casual,Gini and Jony Boys Washed Blue Jeans,c:\Users\LEGION\Documents\jupyter_notebook\Fashion-Intelligence-System\A2_FashionDataset\FashionDataset\train\images_train\33278.jpg,False
34040,409f1f29f8177f2d26a49afbfb97b820,c85ff0f09a95cf27b86a07919a026ede,True,False,Boys,Apparel,Topwear,Shirts,Red,Summer,2012,Casual,Gini and Jony Boys Check Red Shirt,c:\Users\LEGION\Documents\jupyter_notebook\Fashion-Intelligence-System\A2_FashionDataset\FashionDataset\train\images_train\34040.jpg,False
34041,409f1f29f8177f2d26a49afbfb97b820,c85ff0f09a95cf27b86a07919a026ede,True,False,Boys,Apparel,Topwear,Shirts,Red,Summer,2012,Casual,Gini and Jony Boys Check Red Shirt,c:\Users\LEGION\Documents\jupyter_notebook\Fashion-Intelligence-System\A2_FashionDataset\FashionDataset\train\images_train\34041.jpg,False
34098,e28bf8f15b84acbdd2daf4bf558942e5,259e80607330f2cdd8eddf09d51c143f,True,False,Boys,Apparel,Topwear,Shirts,Multi,Summer,2012,Casual,Doodle Boys Check Multi Coloured Shirt,c:\Users\LEGION\Documents\jupyter_notebook\Fashion-Intelligence-System\A2_FashionDataset\FashionDataset\train\images_train\34098.jpg,False
35438,e28bf8f15b84acbdd2daf4bf558942e5,259e80607330f2cdd8eddf09d51c143f,True,False,Boys,Apparel,Topwear,Shirts,Multi,Summer,2012,Casual,Doodle Boys Check Multi Coloured Shirt,c:\Users\LEGION\Documents\jupyter_notebook\Fashion-Intelligence-System\A2_FashionDataset\FashionDataset\train\images_train\35438.jpg,False
34099,bc62bfb292b7ca6f3ff97b11c941f875,e593d7efcc73fccde8d72c1678bdb505,True,False,Boys,Apparel,Topwear,Tshirts,White,Summer,2012,Casual,Doodle Boys Printed White T-shirt,c:\Users\LEGION\Documents\jupyter_notebook\Fashion-Intelligence-System\A2_FashionDataset\FashionDataset\train\images_train\34099.jpg,False
35452,bc62bfb292b7ca6f3ff97b11c941f875,e593d7efcc73fccde8d72c1678bdb505,True,False,Boys,Apparel,Topwear,Tshirts,White,Summer,2012,Casual,Doodle Boys Printed White T-shirt,c:\Users\LEGION\Documents\jupyter_notebook\Fashion-Intelligence-System\A2_FashionDataset\FashionDataset\train\images_train\35452.jpg,False
35453,bc62bfb292b7ca6f3ff97b11c941f875,e593d7efcc73fccde8d72c1678bdb505,True,False,Boys,Apparel,Topwear,Tshirts,White,Summer,2012,Casual,Doodle Boys Printed White T-shirt,c:\Users\LEGION\Documents\jupyter_notebook\Fashion-Intelligence-System\A2_FashionDataset\FashionDataset\train\images_train\35453.jpg,False
34100,10d5401031db9959a15ab703c2dc882f,bfb39dd3bbececd5d6be29d3fedd349b,True,False,Boys,Apparel,Topwear,Tshirts,Blue,Summer,2012,Casual,Doodle Boys Printed Blue T-shirt,c:\Users\LEGION\Documents\jupyter_notebook\Fashion-Intelligence-System\A2_FashionDataset\FashionDataset\train\images_train\34100.jpg,False
35454,10d5401031db9959a15ab703c2dc882f,bfb39dd3bbececd5d6be29d3fedd349b,True,False,Boys,Apparel,Topwear,Tshirts,Blue,Summer,2012,Casual,Doodle Boys Printed Blue T-shirt,c:\Users\LEGION\Documents\jupyter_notebook\Fashion-Intelligence-System\A2_FashionDataset\FashionDataset\train\images_train\35454.jpg,False
35455,10d5401031db9959a15ab703c2dc882f,bfb39dd3bbececd5d6be29d3fedd349b,True,False,Boys,Apparel,Topwear,Tshirts,Blue,Summer,2012,Casual,Doodle Boys Printed Blue T-shirt,c:\Users\LEGION\Documents\jupyter_notebook\Fashion-Intelligence-System\A2_FashionDataset\FashionDataset\train\images_train\35455.jpg,False
34101,3768736f39654383d789ea493046af38,2ff5f0a3a3f8fd71ecc18282c92a3194,True,False,Boys,Apparel,Topwear,Tshirts,Grey,Summer,2012,Casual,Doodle Boys Printed Grey T-shirt,c:\Users\LEGION\Documents\jupyter_notebook\Fashion-Intelligence-System\A2_FashionDataset\FashionDataset\train\images_train\34101.jpg,False
35456,3768736f39654383d789ea493046af38,2ff5f0a3a3f8fd71ecc18282c92a3194,True,False,Boys,Apparel,Topwear,Tshirts,Grey,Summer,2012,Casual,Doodle Boys Printed Grey T-shirt,c:\Users\LEGION\Documents\jupyter_notebook\Fashion-Intelligence-System\A2_FashionDataset\FashionDataset\train\images_train\35456.jpg,False
35457,3768736f39654383d789ea493046af38,2ff5f0a3a3f8fd71ecc18282c92a3194,True,False,Boys,Apparel,Topwear,Tshirts,Grey,Summer,2012,Casual,Doodle Boys Printed Grey T-shirt,c:\Users\LEGION\Documents\jupyter_notebook\Fashion-Intelligence-System\A2_FashionDataset\FashionDataset\train\images_train\35457.jpg,False
34102,a4d933340ff4fc7f6f02060072da0ce4,ec34ace7fbfc784614c919f7e436abe7,True,False,Boys,Apparel,Topwear,Tshirts,Pink,Summer,2012,Casual,Doodle Boys Printed Pink T-shirt,c:\Users\LEGION\Documents\jupyter_notebook\Fashion-Intelligence-System\A2_FashionDataset\FashionDataset\train\images_train\34102.jpg,False
35458,a4d933340ff4fc7f6f02060072da0ce4,ec34ace7fbfc784614c919f7e436abe7,True,False,Boys,Apparel,Topwear,Tshirts,Pink,Summer,2012,Casual,Doodle Boys Printed Pink T-shirt,c:\Users\LEGION\Documents\jupyter_notebook\Fashion-Intelligence-System\A2_FashionDataset\FashionDataset\train\images_train\35458.jpg,False
34106,30f75f72c2751c11987f2d75e1fc0152,cfe82cea7a1ad4dc850904d4f47937bd,True,False,Girls,Apparel,Topwear,Tops,White,Summer,2012,Casual,Doodle Girls Printed White Top,c:\Users\LEGION\Documents\jupyter_notebook\Fashion-Intelligence-System\A2_FashionDataset\FashionDataset\train\images_train\34106.jpg,False
35442,30f75f72c2751c11987f2d75e1fc0152,cfe82cea7a1ad4dc850904d4f47937bd,True,False,Girls,Apparel,Topwear,Tops,White,Summer,2012,Casual,Doodle Girls Printed White Top,c:\Users\LEGION\Documents\jupyter_notebook\Fashion-Intelligence-System\A2_FashionDataset\FashionDataset\train\images_train\35442.jpg,False
34107,537fa7ca7c426f56278d656d118737a9,b6a3895f4a9fa142a6e878d98f0c27e5,True,False,Girls,Apparel,Topwear,Tops,Pink,Summer,2012,Casual,Doodle Girls Pink Top,c:\Users\LEGION\Documents\jupyter_notebook\Fashion-Intelligence-System\A2_FashionDataset\FashionDataset\train\images_train\34107.jpg,False
35444,537fa7ca7c426f56278d656d118737a9,b6a3895f4a9fa142a6e878d98f0c27e5,True,False,Girls,Apparel,Topwear,Tops,Pink,Summer,2012,Casual,Doodle Girls Pink Top,c:\Users\LEGION\Documents\jupyter_notebook\Fashion-Intelligence-System\A2_FashionDataset\FashionDataset\train\images_train\35444.jpg,False
35445,537fa7ca7c426f56278d656d118737a9,b6a3895f4a9fa142a6e878d98f0c27e5,True,False,Girls,Apparel,Topwear,Tops,Pink,Summer,2012,Casual,Doodle Girls Pink Top,c:\Users\LEGION\Documents\jupyter_notebook\Fashion-Intelligence-System\A2_FashionDataset\FashionDataset\train\images_train\35445.jpg,False
34108,f31c56ff80ad414011067a20ad700256,d4fb77bdeaf9ac57d0f6beb684c1706f,True,False,Girls,Apparel,Topwear,Tops,Pink,Summer,2012,Casual,Doodle Girls Printed Orange Top,c:\Users\LEGION\Documents\jupyter_notebook\Fashion-Intelligence-System\A2_FashionDataset\FashionDataset\train\images_train\34108.jpg,False
35446,f31c56ff80ad414011067a20ad700256,d4fb77bdeaf9ac57d0f6beb684c1706f,True,False,Girls,Apparel,Topwear,Tops,Peach,Summer,2012,Casual,Doodle Girls Printed Peach Top,c:\Users\LEGION\Documents\jupyter_notebook\Fashion-Intelligence-System\A2_FashionDataset\FashionDataset\train\images_train\35446.jpg,False
34110,c1858f8f58e5fd895bfddcb51897edc3,660480d954f3ee28a6b9e2ddaa31417d,True,False,Girls,Apparel,Topwear,Tops,Red,Summer,2012,Casual,Doodle Girls Printed Red Top,c:\Users\LEGION\Documents\jupyter_notebook\Fashion-Intelligence-System\A2_FashionDataset\FashionDataset\train\images_train\34110.jpg,False
35447,c1858f8f58e5fd895bfddcb51897edc3,660480d954f3ee28a6b9e2ddaa31417d,True,False,Girls,Apparel,Topwear,Tops,Red,Summer,2012,Casual,Doodle Girls Printed Red Top,c:\Users\LEGION\Documents\jupyter_notebook\Fashion-Intelligence-System\A2_FashionDataset\FashionDataset\train\images_train\35447.jpg,False
35448,c1858f8f58e5fd895bfddcb51897edc3,660480d954f3ee28a6b9e2ddaa31417d,True,False,Girls,Apparel,Topwear,Tops,Red,Summer,2012,Casual,Doodle Girls Printed Red Top,c:\Users\LEGION\Documents\jupyter_notebook\Fashion-Intelligence-System\A2_FashionDataset\FashionDataset\train\images_train\35448.jpg,False
34111,eb3530ae2596c5de6984269e8c1f3547,1b92d3729f50f582f618b9ee74bfbbf5,True,False,Girls,Apparel,Topwear,Tops,Navy Blue,Summer,2012,Casual,Doodle Girls Striped Navy Blue Top,c:\Users\LEGION\Documents\jupyter_notebook\Fashion-Intelligence-System\A2_FashionDataset\FashionDataset\train\images_train\34111.jpg,False
35449,eb3530ae2596c5de6984269e8c1f3547,1b92d3729f50f582f618b9ee74bfbbf5,True,False,Girls,Apparel,Topwear,Tops,Navy Blue,Summer,2012,Casual,Doodle Girls Striped Navy Blue Top,c:\Users\LEGION\Documents\jupyter_notebook\Fashion-Intelligence-System\A2_FashionDataset\FashionDataset\train\images_train\35449.jpg,False
34112,c3cebcc049cb7816a05053f11247d129,f9e2db31a35f1af6b740e4c2ec3d379b,True,False,Girls,Apparel,Topwear,Tops,White,Summer,2012,Casual,Doodle Girls Printed White Top,c:\Users\LEGION\Documents\jupyter_notebook\Fashion-Intelligence-System\A2_FashionDataset\FashionDataset\train\images_train\34112.jpg,False
35450,c3cebcc049cb7816a05053f11247d129,f9e2db31a35f1af6b740e4c2ec3d379b,True,False,Girls,Apparel,Topwear,Tops,White,Summer,2012,Casual,Doodle Girls Printed White Top,c:\Users\LEGION\Documents\jupyter_notebook\Fashion-Intelligence-System\A2_FashionDataset\FashionDataset\train\images_train\35450.jpg,False
35451,c3cebcc049cb7816a05053f11247d129,f9e2db31a35f1af6b740e4c2ec3d379b,True,False,Girls,Apparel,Topwear,Tops,White,Summer,2012,Casual,Doodle Girls Printed White Top,c:\Users\LEGION\Documents\jupyter_notebook\Fashion-Intelligence-System\A2_FashionDataset\FashionDataset\train\images_train\35451.jpg,False
34113,43a4f89ec1b240637bb554128ee600ca,eaf413ec7e92614b224ffe276790a589,True,False,Girls,Apparel,Dress,Dresses,Pink,Summer,2012,Casual,Doodle Girls Printed Pink Dress,c:\Users\LEGION\Documents\jupyter_notebook\Fashion-Intelligence-System\A2_FashionDataset\FashionDataset\train\images_train\34113.jpg,False
35432,43a4f89ec1b240637bb554128ee600ca,eaf413ec7e92614b224ffe276790a589,True,False,Girls,Apparel,Dress,Dresses,Pink,Summer,2012,Casual,Doodle Girls Printed Pink Dress,c:\Users\LEGION\Documents\jupyter_notebook\Fashion-Intelligence-System\A2_FashionDataset\FashionDataset\train\images_train\35432.jpg,False
34114,5e4acc8319586351e51bf199f6b2008f,e49612ef7609b021ea3b6297aede1ba1,True,False,Girls,Apparel,Dress,Dresses,Blue,Summer,2012,Casual,Doodle Girls Printed Blue Dress,c:\Users\LEGION\Documents\jupyter_notebook\Fashion-Intelligence-System\A2_FashionDataset\FashionDataset\train\images_train\34114.jpg,False
35433,5e4acc8319586351e51bf199f6b2008f,e49612ef7609b021ea3b6297aede1ba1,True,False,Girls,Apparel,Dress,Dresses,Blue,Summer,2012,Casual,Doodle Girls Printed Blue Dress,c:\Users\LEGION\Documents\jupyter_notebook\Fashion-Intelligence-System\A2_FashionDataset\FashionDataset\train\images_train\35433.jpg,False
34115,a142e02159aa38d07d213aa766264f32,306d9bef18a2e461d91cac2fb98b1190,True,False,Girls,Apparel,Dress,Dresses,Blue,Summer,2012,Casual,Doodle Girls Printed Blue Dress,c:\Users\LEGION\Documents\jupyter_notebook\Fashion-Intelligence-System\A2_FashionDataset\FashionDataset\train\images_train\34115.jpg,False
35434,a142e02159aa38d07d213aa766264f32,306d9bef18a2e461d91cac2fb98b1190,True,False,Girls,Apparel,Dress,Dresses,Blue,Summer,2012,Casual,Doodle Girls Printed Blue Dress,c:\Users\LEGION\Documents\jupyter_notebook\Fashion-Intelligence-System\A2_FashionDataset\FashionDataset\train\images_train\35434.jpg,False
34117,473947ae216c2871c3a54b05fbf0b8c0,b1c342e2e5d6f31e9a757049e7ca6a50,True,False,Girls,Apparel,Bottomwear,Shorts,Blue,Summer,2012,Casual,Doodle Girls Washed Blue Shorts,c:\Users\LEGION\Documents\jupyter_notebook\Fashion-Intelligence-System\A2_FashionDataset\FashionDataset\train\images_train\34117.jpg,False
35436,473947ae216c2871c3a54b05fbf0b8c0,b1c342e2e5d6f31e9a757049e7ca6a50,True,False,Girls,Apparel,Bottomwear,Shorts,Blue,Summer,2012,Casual,Doodle Girls Washed Blue Shorts,c:\Users\LEGION\Documents\jupyter_notebook\Fashion-Intelligence-System\A2_FashionDataset\FashionDataset\train\images_train\35436.jpg,False
34118,20040a81ba8ec6a72d3bd01e2d60ec04,9baebbb58ecd86e78df9738e3aa1951b,True,False,Girls,Apparel,Bottomwear,Shorts,Black,Summer,2012,Casual,Doodle Girls Washed Black Shorts,c:\Users\LEGION\Documents\jupyter_notebook\Fashion-Intelligence-System\A2_FashionDataset\FashionDataset\train\images_train\34118.jpg,False
35437,20040a81ba8ec6a72d3bd01e2d60ec04,9baebbb58ecd86e78df9738e3aa1951b,True,False,Girls,Apparel,Bottomwear,Shorts,Black,Summer,2012,Casual,Doodle Girls Washed Black Shorts,c:\Users\LEGION\Documents\jupyter_notebook\Fashion-Intelligence-System\A2_FashionDataset\FashionDataset\train\images_train\35437.jpg,False
34148,699728d8c8df99ea44ec30cce9d9f1a1,7ab5f5dd86bc8918d1bfd335ece6b14b,True,False,Girls,Apparel,Bottomwear,Skirts,Blue,Summer,2012,Casual,Gini and Jony Girls Washed Blue Skirt,c:\Users\LEGION\Documents\jupyter_notebook\Fashion-Intelligence-System\A2_FashionDataset\FashionDataset\train\images_train\34148.jpg,False
34149,699728d8c8df99ea44ec30cce9d9f1a1,7ab5f5dd86bc8918d1bfd335ece6b14b,True,False,Girls,Apparel,Bottomwear,Skirts,Blue,Summer,2012,Casual,Gini and Jony Girls Washed Blue Skirt,c:\Users\LEGION\Documents\jupyter_notebook\Fashion-Intelligence-System\A2_FashionDataset\FashionDataset\train\images_train\34149.jpg,False
34232,f03d8fb7857f31667e3361575233fd95,0f62e750ce8c72b700d757a459878993,True,False,Men,Apparel,Topwear,Tshirts,Grey,Summer,2013,Casual,Proline Men Grey T-shirt,c:\Users\LEGION\Documents\jupyter_notebook\Fashion-Intelligence-System\A2_FashionDataset\FashionDataset\train\images_train\34232.jpg,False
34238,f03d8fb7857f31667e3361575233fd95,0f62e750ce8c72b700d757a459878993,True,False,Men,Apparel,Topwear,Tshirts,Grey,Summer,2013,Casual,Proline Men Grey Polo T-Shirt,c:\Users\LEGION\Documents\jupyter_notebook\Fashion-Intelligence-System\A2_FashionDataset\FashionDataset\train\images_train\34238.jpg,False
34276,549debbc968da5cf72b7bc759566c3af,c4b8f23c65a00cb5bceb4be17ea424f6,True,False,Women,Apparel,Topwear,Dupatta,Olive,Summer,2012,Ethnic,Fabindia Women Olive Kota Tepchi Dupatta,c:\Users\LEGION\Documents\jupyter_notebook\Fashion-Intelligence-System\A2_FashionDataset\FashionDataset\train\images_train\34276.jpg,False
34278,549debbc968da5cf72b7bc759566c3af,c4b8f23c65a00cb5bceb4be17ea424f6,True,False,Women,Apparel,Topwear,Dupatta,Olive,Summer,2012,Ethnic,Fabindia Women Silk Kota Tepchi Olive Dupatta,c:\Users\LEGION\Documents\jupyter_notebook\Fashion-Intelligence-System\A2_FashionDataset\FashionDataset\train\images_train\34278.jpg,False
34693,39961680c948439c59cf2105e072caf7,c6147e0885f83e72d3e1f7ae980b4a8e,True,False,Girls,Apparel,Bottomwear,Shorts,Pink,Summer,2012,Casual,Allen Solly Kids Girls Poplin Pink Shorts,c:\Users\LEGION\Documents\jupyter_notebook\Fashion-Intelligence-System\A2_FashionDataset\FashionDataset\train\images_train\34693.jpg,False
38905,39961680c948439c59cf2105e072caf7,c6147e0885f83e72d3e1f7ae980b4a8e,True,False,Girls,Apparel,Bottomwear,Shorts,Pink,Summer,2012,Casual,Allen Solly Kids Girls Poplin Pink Shorts,c:\Users\LEGION\Documents\jupyter_notebook\Fashion-Intelligence-System\A2_FashionDataset\FashionDataset\train\images_train\38905.jpg,False
34710,729deeb37d4b70a7f65f47db64e5d5cf,434f7e8caa2d76049afdbc62ecdc9eec,True,False,Girls,Apparel,Topwear,Tshirts,Green,Summer,2012,Casual,Allen Solly Kids Girls Polka Green T-shirt,c:\Users\LEGION\Documents\jupyter_notebook\Fashion-Intelligence-System\A2_FashionDataset\FashionDataset\train\images_train\34710.jpg,False
38922,729deeb37d4b70a7f65f47db64e5d5cf,434f7e8caa2d76049afdbc62ecdc9eec,True,False,Girls,Apparel,Topwear,Tshirts,Green,Summer,2012,Casual,Allen Solly Kids Girls Polka Green T-shirt,c:\Users\LEGION\Documents\jupyter_notebook\Fashion-Intelligence-System\A2_FashionDataset\FashionDataset\train\images_train\38922.jpg,False
35301,570b26687f2dec26d70aedf5d2557ed1,1c1b2d80fe3e3abace4375b8927ba5ae,True,False,Women,Accessories,Jewellery,Earrings,Silver,Winter,2016,Ethnic,Fabindia Women Ananya Silver Earrings,c:\Users\LEGION\Documents\jupyter_notebook\Fashion-Intelligence-System\A2_FashionDataset\FashionDataset\train\images_train\35301.jpg,False
35303,570b26687f2dec26d70aedf5d2557ed1,1c1b2d80fe3e3abace4375b8927ba5ae,True,False,Women,Accessories,Jewellery,Earrings,Silver,Winter,2016,Ethnic,Fabindia Women Ananya Silver Earrings,c:\Users\LEGION\Documents\jupyter_notebook\Fashion-Intelligence-System\A2_FashionDataset\FashionDataset\train\images_train\35303.jpg,False
35439,f76826b6d506012181abb2b07de33963,e8cc62c7c34dba1a8870e02d554ba67c,True,False,Boys,Apparel,Topwear,Shirts,Black,Summer,2012,Casual,Doodle Boys Check Black Shirt,c:\Users\LEGION\Documents\jupyter_notebook\Fashion-Intelligence-System\A2_FashionDataset\FashionDataset\train\images_train\35439.jpg,False
35440,f76826b6d506012181abb2b07de33963,e8cc62c7c34dba1a8870e02d554ba67c,True,False,Boys,Apparel,Topwear,Shirts,Black,Summer,2012,Casual,Doodle Boys Check Black Shirt,c:\Users\LEGION\Documents\jupyter_notebook\Fashion-Intelligence-System\A2_FashionDataset\FashionDataset\train\images_train\35440.jpg,False
35460,3edf91f5d76c6df63c92a6c4bea5e897,dd581b84a42e394886cbe0120d30e8f8,True,False,Boys,Apparel,Topwear,Tshirts,Green,Summer,2012,Casual,Doodle Boys Printed Green T-shirt,c:\Users\LEGION\Documents\jupyter_notebook\Fashion-Intelligence-System\A2_FashionDataset\FashionDataset\train\images_train\35460.jpg,False
35461,3edf91f5d76c6df63c92a6c4bea5e897,dd581b84a42e394886cbe0120d30e8f8,True,False,Boys,Apparel,Topwear,Tshirts,Green,Summer,2012,Casual,Doodle Boys Printed Green T-shirt,c:\Users\LEGION\Documents\jupyter_notebook\Fashion-Intelligence-System\A2_FashionDataset\FashionDataset\train\images_train\35461.jpg,False
36200,49677e5b9ea791373d2f03bd861415d6,4592ffe27499ec959a29a5c66f6207d8,True,False,Boys,Apparel,Topwear,Jackets,Red,Summer,2012,Casual,Gini Jony Boys Printed Red Jacket,c:\Users\LEGION\Documents\jupyter_notebook\Fashion-Intelligence-System\A2_FashionDataset\FashionDataset\train\images_train\36200.jpg,False
39754,49677e5b9ea791373d2f03bd861415d6,4592ffe27499ec959a29a5c66f6207d8,True,False,Boys,Apparel,Topwear,Jackets,Red,Summer,2012,Casual,Gini Jony Boys Printed Red Jacket,c:\Users\LEGION\Documents\jupyter_notebook\Fashion-Intelligence-System\A2_FashionDataset\FashionDataset\train\images_train\39754.jpg,False
36207,ab15f352640af14c19098dfbfd8f5392,9ea2e7d5bc02ddebe2f93ed20ef07767,True,False,Girls,Apparel,Topwear,Tops,White,Summer,2012,Casual,Gini Jony Girls Printed White Top,c:\Users\LEGION\Documents\jupyter_notebook\Fashion-Intelligence-System\A2_FashionDataset\FashionDataset\train\images_train\36207.jpg,False
39743,ab15f352640af14c19098dfbfd8f5392,9ea2e7d5bc02ddebe2f93ed20ef07767,True,False,Girls,Apparel,Topwear,Tops,White,Summer,2012,Casual,Gini Jony Girls Printed White Top,c:\Users\LEGION\Documents\jupyter_notebook\Fashion-Intelligence-System\A2_FashionDataset\FashionDataset\train\images_train\39743.jpg,False
39744,ab15f352640af14c19098dfbfd8f5392,9ea2e7d5bc02ddebe2f93ed20ef07767,True,False,Girls,Apparel,Topwear,Tops,White,Summer,2012,Casual,Gini Jony Girls Printed White Top,c:\Users\LEGION\Documents\jupyter_notebook\Fashion-Intelligence-System\A2_FashionDataset\FashionDataset\train\images_train\39744.jpg,False
36211,08e63ab692cee1434d1cb5360d43c363,4af6db3c97f8c59a9c6405983a7963d1,True,False,Boys,Apparel,Bottomwear,Shorts,Blue,Summer,2012,Casual,Gini Jony Boys Blue Shorts,c:\Users\LEGION\Documents\jupyter_notebook\Fashion-Intelligence-System\A2_FashionDataset\FashionDataset\train\images_train\36211.jpg,False
39745,08e63ab692cee1434d1cb5360d43c363,4af6db3c97f8c59a9c6405983a7963d1,True,False,Boys,Apparel,Bottomwear,Shorts,Blue,Summer,2012,Casual,Gini Jony Boys Blue Shorts,c:\Users\LEGION\Documents\jupyter_notebook\Fashion-Intelligence-System\A2_FashionDataset\FashionDataset\train\images_train\39745.jpg,False
36212,9b1b2936f835d032c0a71c965119e52a,cacd6c295c5e398693a320369b81bcb4,True,False,Girls,Apparel,Topwear,Tops,Black,Summer,2012,Casual,Gini Jony Girls Black Top,c:\Users\LEGION\Documents\jupyter_notebook\Fashion-Intelligence-System\A2_FashionDataset\FashionDataset\train\images_train\36212.jpg,False
39746,9b1b2936f835d032c0a71c965119e52a,cacd6c295c5e398693a320369b81bcb4,True,False,Girls,Apparel,Topwear,Tops,Black,Summer,2012,Casual,Gini Jony Girls Black Top,c:\Users\LEGION\Documents\jupyter_notebook\Fashion-Intelligence-System\A2_FashionDataset\FashionDataset\train\images_train\39746.jpg,False
36213,c7c7aeafb2d8d6cf3fcc04f95e00d403,f54ecfe1c0f1fdeb0c97e267d33b055e,True,False,Girls,Apparel,Topwear,Tops,Green,Summer,2012,Casual,Gini And Jony Girls Striped Green Top,c:\Users\LEGION\Documents\jupyter_notebook\Fashion-Intelligence-System\A2_FashionDataset\FashionDataset\train\images_train\36213.jpg,False
39845,c7c7aeafb2d8d6cf3fcc04f95e00d403,f54ecfe1c0f1fdeb0c97e267d33b055e,True,False,Girls,Apparel,Topwear,Tops,Green,Summer,2012,Casual,Gini And Jony Girls Striped Green Top,c:\Users\LEGION\Documents\jupyter_notebook\Fashion-Intelligence-System\A2_FashionDataset\FashionDataset\train\images_train\39845.jpg,False
39846,c7c7aeafb2d8d6cf3fcc04f95e00d403,f54ecfe1c0f1fdeb0c97e267d33b055e,True,False,Girls,Apparel,Topwear,Tops,Green,Summer,2012,Casual,Gini And Jony Girls Striped Green Top,c:\Users\LEGION\Documents\jupyter_notebook\Fashion-Intelligence-System\A2_FashionDataset\FashionDataset\train\images_train\39846.jpg,False
36215,abc9ff307d4cdb72f7befc6393a24563,22eb9b07207b9689c13ba7c1083895de,True,False,Girls,Apparel,Bottomwear,Shorts,Purple,Summer,2012,Casual,Gini and Jony Girls Core Purple Shorts,c:\Users\LEGION\Documents\jupyter_notebook\Fashion-Intelligence-System\A2_FashionDataset\FashionDataset\train\images_train\36215.jpg,False
39830,abc9ff307d4cdb72f7befc6393a24563,22eb9b07207b9689c13ba7c1083895de,True,False,Girls,Apparel,Bottomwear,Shorts,Purple,Summer,2012,Casual,Gini and Jony Girls Core Purple Shorts,c:\Users\LEGION\Documents\jupyter_notebook\Fashion-Intelligence-System\A2_FashionDataset\FashionDataset\train\images_train\39830.jpg,False
36216,90bb8774e133c68c6c700b166a10be72,b4bb269cdf783126c094d48d6eed6332,True,False,Girls,Apparel,Bottomwear,Shorts,Magenta,Summer,2012,Casual,Gini and Jony Girls Core Magenta Shorts,c:\Users\LEGION\Documents\jupyter_notebook\Fashion-Intelligence-System\A2_FashionDataset\FashionDataset\train\images_train\36216.jpg,False
39831,90bb8774e133c68c6c700b166a10be72,b4bb269cdf783126c094d48d6eed6332,True,False,Girls,Apparel,Bottomwear,Shorts,Magenta,Summer,2012,Casual,Gini and Jony Girls Core Magenta Shorts,c:\Users\LEGION\Documents\jupyter_notebook\Fashion-Intelligence-System\A2_FashionDataset\FashionDataset\train\images_train\39831.jpg,False
36218,c71ca4af42d8b3561a6bafb8613cc816,6b0465ad5d233130a63b35fba07ea494,True,False,Girls,Apparel,Bottomwear,Leggings,Pink,Summer,2012,Casual,Gini Jony Girls Pink Leggings,c:\Users\LEGION\Documents\jupyter_notebook\Fashion-Intelligence-System\A2_FashionDataset\FashionDataset\train\images_train\36218.jpg,False
39755,c71ca4af42d8b3561a6bafb8613cc816,6b0465ad5d233130a63b35fba07ea494,True,False,Girls,Apparel,Bottomwear,Leggings,Pink,Summer,2012,Casual,Gini Jony Girls Pink Leggings,c:\Users\LEGION\Documents\jupyter_notebook\Fashion-Intelligence-System\A2_FashionDataset\FashionDataset\train\images_train\39755.jpg,False
36716,492052139f39ea612b3d194747280e54,419342e2f09e3fca315f9b0d7a988d2e,True,False,Boys,Apparel,Topwear,Tshirts,White,Summer,2012,Casual,Gini and Jony Boys Printed White T-Shirt,c:\Users\LEGION\Documents\jupyter_notebook\Fashion-Intelligence-System\A2_FashionDataset\FashionDataset\train\images_train\36716.jpg,False
39853,492052139f39ea612b3d194747280e54,419342e2f09e3fca315f9b0d7a988d2e,True,False,Boys,Apparel,Topwear,Tshirts,White,Summer,2012,Casual,Gini and Jony Boys Printed White T-Shirt,c:\Users\LEGION\Documents\jupyter_notebook\Fashion-Intelligence-System\A2_FashionDataset\FashionDataset\train\images_train\39853.jpg,False
39854,492052139f39ea612b3d194747280e54,419342e2f09e3fca315f9b0d7a988d2e,True,False,Boys,Apparel,Topwear,Tshirts,White,Summer,2012,Casual,Gini and Jony Boys Printed White T-Shirt,c:\Users\LEGION\Documents\jupyter_notebook\Fashion-Intelligence-System\A2_FashionDataset\FashionDataset\train\images_train\39854.jpg,False
36717,734771f8e4ec2cb935ad388ae62900c1,c5e299dbffdfcb618aea8166dc202449,True,False,Boys,Apparel,Topwear,Tshirts,Yellow,Summer,2012,Casual,Gini and Jony Boys Printed Yellow T-Shirt,c:\Users\LEGION\Documents\jupyter_notebook\Fashion-Intelligence-System\A2_FashionDataset\FashionDataset\train\images_train\36717.jpg,False
39840,734771f8e4ec2cb935ad388ae62900c1,c5e299dbffdfcb618aea8166dc202449,True,False,Boys,Apparel,Topwear,Tshirts,Yellow,Summer,2012,Casual,Gini and Jony Boys Printed Yellow T-Shirt,c:\Users\LEGION\Documents\jupyter_notebook\Fashion-Intelligence-System\A2_FashionDataset\FashionDataset\train\images_train\39840.jpg,False
40162,734771f8e4ec2cb935ad388ae62900c1,c5e299dbffdfcb618aea8166dc202449,True,False,Boys,Apparel,Topwear,Tshirts,Yellow,Summer,2012,Casual,Gini and Jony Boys Printed Yellow T-Shirt,c:\Users\LEGION\Documents\jupyter_notebook\Fashion-Intelligence-System\A2_FashionDataset\FashionDataset\train\images_train\40162.jpg,False
36718,cf6f784b553a2488a0bf531021ba2fd9,53cb4c76db674291f5515b45d7c39476,True,False,Boys,Apparel,Topwear,Tshirts,Yellow,Summer,2012,Casual,Gini and Jony Boys Printed Yellow T-Shirt,c:\Users\LEGION\Documents\jupyter_notebook\Fashion-Intelligence-System\A2_FashionDataset\FashionDataset\train\images_train\36718.jpg,False
39858,cf6f784b553a2488a0bf531021ba2fd9,53cb4c76db674291f5515b45d7c39476,True,False,Boys,Apparel,Topwear,Tshirts,Yellow,Summer,2012,Casual,Gini and Jony Boys Printed Yellow T-Shirt,c:\Users\LEGION\Documents\jupyter_notebook\Fashion-Intelligence-System\A2_FashionDataset\FashionDataset\train\images_train\39858.jpg,False
39859,cf6f784b553a2488a0bf531021ba2fd9,53cb4c76db674291f5515b45d7c39476,True,False,Boys,Apparel,Topwear,Tshirts,Yellow,Summer,2012,Casual,Palm Tree Boys Printed Yellow T-Shirt,c:\Users\LEGION\Documents\jupyter_notebook\Fashion-Intelligence-System\A2_FashionDataset\FashionDataset\train\images_train\39859.jpg,False
36719,25ae4f78a0e98be27e38be39696a95e7,890e2016491f4c03b89dc8a03bef6de5,True,False,Boys,Apparel,Topwear,Tshirts,Black,Summer,2012,Casual,Gini and Jony Boys Printed Black T-Shirt,c:\Users\LEGION\Documents\jupyter_notebook\Fashion-Intelligence-System\A2_FashionDataset\FashionDataset\train\images_train\36719.jpg,False
39855,25ae4f78a0e98be27e38be39696a95e7,890e2016491f4c03b89dc8a03bef6de5,True,False,Boys,Apparel,Topwear,Tshirts,Black,Summer,2012,Casual,Gini and Jony Boys Printed Black T-Shirt,c:\Users\LEGION\Documents\jupyter_notebook\Fashion-Intelligence-System\A2_FashionDataset\FashionDataset\train\images_train\39855.jpg,False
39856,25ae4f78a0e98be27e38be39696a95e7,890e2016491f4c03b89dc8a03bef6de5,True,False,Boys,Apparel,Topwear,Tshirts,Black,Summer,2012,Casual,Gini and Jony Boys Printed Black T-Shirt,c:\Users\LEGION\Documents\jupyter_notebook\Fashion-Intelligence-System\A2_FashionDataset\FashionDataset\train\images_train\39856.jpg,False
36720,2e606187cb9f85f480f8425d4b311e26,605d609e95e22b3423a93c3495a11c63,True,False,Boys,Apparel,Topwear,Tshirts,Black,Summer,2012,Casual,Palm Tree Boys Printed Black T-Shirt,c:\Users\LEGION\Documents\jupyter_notebook\Fashion-Intelligence-System\A2_FashionDataset\FashionDataset\train\images_train\36720.jpg,False
39838,2e606187cb9f85f480f8425d4b311e26,605d609e95e22b3423a93c3495a11c63,True,False,Boys,Apparel,Topwear,Tshirts,Black,Summer,2012,Casual,Gini and Jony Boys Printed Black T-Shirt,c:\Users\LEGION\Documents\jupyter_notebook\Fashion-Intelligence-System\A2_FashionDataset\FashionDataset\train\images_train\39838.jpg,False
39839,2e606187cb9f85f480f8425d4b311e26,605d609e95e22b3423a93c3495a11c63,True,False,Boys,Apparel,Topwear,Tshirts,Black,Summer,2012,Casual,Gini and Jony Boys Printed Black T-Shirt,c:\Users\LEGION\Documents\jupyter_notebook\Fashion-Intelligence-System\A2_FashionDataset\FashionDataset\train\images_train\39839.jpg,False
36721,01aec7167dd091cd361d73955c3fdf53,68917b48dca3fd88f193350ce790ac40,True,False,Boys,Apparel,Topwear,Tshirts,Navy Blue,Summer,2012,Casual,Gini and Jony Boys Printed Dark Navy T-Shirt,c:\Users\LEGION\Documents\jupyter_notebook\Fashion-Intelligence-System\A2_FashionDataset\FashionDataset\train\images_train\36721.jpg,False
39843,01aec7167dd091cd361d73955c3fdf53,68917b48dca3fd88f193350ce790ac40,True,False,Boys,Apparel,Topwear,Tshirts,Navy Blue,Summer,2012,Casual,Gini and Jony Boys Printed Dark Navy T-Shirt,c:\Users\LEGION\Documents\jupyter_notebook\Fashion-Intelligence-System\A2_FashionDataset\FashionDataset\train\images_train\39843.jpg,False
36722,beb38c8fc6f0c92bf4626793cc5f9096,92cea5d511deb9d00ec2b56096b107d5,True,False,Boys,Apparel,Topwear,Tshirts,Red,Summer,2012,Casual,Gini and Jony Boys Striped Red T-Shirt,c:\Users\LEGION\Documents\jupyter_notebook\Fashion-Intelligence-System\A2_FashionDataset\FashionDataset\train\images_train\36722.jpg,False
39837,beb38c8fc6f0c92bf4626793cc5f9096,92cea5d511deb9d00ec2b56096b107d5,True,False,Boys,Apparel,Topwear,Tshirts,Red,Summer,2012,Casual,Palm Tree Boys Striped Red T-Shirt,c:\Users\LEGION\Documents\jupyter_notebook\Fashion-Intelligence-System\A2_FashionDataset\FashionDataset\train\images_train\39837.jpg,False
36723,9c311487a8c7e53d2a2fb10fcbc7035f,ccb0eb1a99a96097cd42b5925fb5456a,True,False,Boys,Apparel,Topwear,Tshirts,Yellow,Summer,2012,Casual,Gini and Jony Boys Striped Yellow T-Shirt,c:\Users\LEGION\Documents\jupyter_notebook\Fashion-Intelligence-System\A2_FashionDataset\FashionDataset\train\images_train\36723.jpg,False
39834,9c311487a8c7e53d2a2fb10fcbc7035f,ccb0eb1a99a96097cd42b5925fb5456a,True,False,Boys,Apparel,Topwear,Tshirts,Yellow,Summer,2012,Casual,Gini and Jony Boys Striped Yellow T-Shirt,c:\Users\LEGION\Documents\jupyter_notebook\Fashion-Intelligence-System\A2_FashionDataset\FashionDataset\train\images_train\39834.jpg,False
36724,c1c1fe0afd386aa43988686f6308615b,8f0abb0fc5dd2c18b7801a3d1644680b,True,False,Boys,Apparel,Topwear,Tshirts,Red,Summer,2012,Casual,Gini and Jony Boys Polo Red T-Shirt,c:\Users\LEGION\Documents\jupyter_notebook\Fashion-Intelligence-System\A2_FashionDataset\FashionDataset\train\images_train\36724.jpg,False
39864,c1c1fe0afd386aa43988686f6308615b,8f0abb0fc5dd2c18b7801a3d1644680b,True,False,Boys,Apparel,Topwear,Tshirts,Red,Summer,2012,Casual,Gini and Jony Boys Polo Red T-Shirt,c:\Users\LEGION\Documents\jupyter_notebook\Fashion-Intelligence-System\A2_FashionDataset\FashionDataset\train\images_train\39864.jpg,False
39865,c1c1fe0afd386aa43988686f6308615b,8f0abb0fc5dd2c18b7801a3d1644680b,True,False,Boys,Apparel,Topwear,Tshirts,Red,Summer,2012,Casual,Gini and Jony Boys Polo Red T-Shirt,c:\Users\LEGION\Documents\jupyter_notebook\Fashion-Intelligence-System\A2_FashionDataset\FashionDataset\train\images_train\39865.jpg,False
36725,de5693f15c44c3fa5e2ef3e4869d4007,73016d6b2981f4784a1b4458fd4176af,True,False,Boys,Apparel,Topwear,Tshirts,Green,Summer,2012,Casual,Gini and Jony Boys Polo Green T-Shirt,c:\Users\LEGION\Documents\jupyter_notebook\Fashion-Intelligence-System\A2_FashionDataset\FashionDataset\train\images_train\36725.jpg,False
39860,de5693f15c44c3fa5e2ef3e4869d4007,73016d6b2981f4784a1b4458fd4176af,True,False,Boys,Apparel,Topwear,Tshirts,Green,Summer,2012,Casual,Gini and Jony Boys Polo Green T-Shirt,c:\Users\LEGION\Documents\jupyter_notebook\Fashion-Intelligence-System\A2_FashionDataset\FashionDataset\train\images_train\39860.jpg,False
39861,de5693f15c44c3fa5e2ef3e4869d4007,73016d6b2981f4784a1b4458fd4176af,True,False,Boys,Apparel,Topwear,Tshirts,Green,Summer,2012,Casual,Gini and Jony Boys Polo Green T-Shirt,c:\Users\LEGION\Documents\jupyter_notebook\Fashion-Intelligence-System\A2_FashionDataset\FashionDataset\train\images_train\39861.jpg,False
36726,2ee838710d0cc3b1e051244b54a055a6,a5729d8371291792a622dcf64ba8ba87,True,False,Boys,Apparel,Topwear,Tshirts,Black,Summer,2012,Casual,Gini and Jony Boys Polo Black T-Shirt,c:\Users\LEGION\Documents\jupyter_notebook\Fashion-Intelligence-System\A2_FashionDataset\FashionDataset\train\images_train\36726.jpg,False
39862,2ee838710d0cc3b1e051244b54a055a6,a5729d8371291792a622dcf64ba8ba87,True,False,Boys,Apparel,Topwear,Tshirts,Black,Summer,2012,Casual,Gini and Jony Boys Polo Black T-Shirt,c:\Users\LEGION\Documents\jupyter_notebook\Fashion-Intelligence-System\A2_FashionDataset\FashionDataset\train\images_train\39862.jpg,False
39863,2ee838710d0cc3b1e051244b54a055a6,a5729d8371291792a622dcf64ba8ba87,True,False,Boys,Apparel,Topwear,Tshirts,Black,Summer,2012,Casual,Gini and Jony Boys Polo Black T-Shirt,c:\Users\LEGION\Documents\jupyter_notebook\Fashion-Intelligence-System\A2_FashionDataset\FashionDataset\train\images_train\39863.jpg,False
36728,fc58dadaae13f27dd0b88ca8034429d9,634c83379e8c31b6a47790727cf73d0e,True,False,Girls,Apparel,Topwear,Tops,Peach,Summer,2012,Casual,Gini and Jony Girls Printed Peach Top,c:\Users\LEGION\Documents\jupyter_notebook\Fashion-Intelligence-System\A2_FashionDataset\FashionDataset\train\images_train\36728.jpg,False
39835,fc58dadaae13f27dd0b88ca8034429d9,634c83379e8c31b6a47790727cf73d0e,True,False,Girls,Apparel,Topwear,Tops,Peach,Summer,2012,Casual,Gini and Jony Girls Printed Peach Top,c:\Users\LEGION\Documents\jupyter_notebook\Fashion-Intelligence-System\A2_FashionDataset\FashionDataset\train\images_train\39835.jpg,False
39836,fc58dadaae13f27dd0b88ca8034429d9,634c83379e8c31b6a47790727cf73d0e,True,False,Girls,Apparel,Topwear,Tops,Peach,Summer,2012,Casual,Gini and Jony Girls Printed Peach Top,c:\Users\LEGION\Documents\jupyter_notebook\Fashion-Intelligence-System\A2_FashionDataset\FashionDataset\train\images_train\39836.jpg,False
36729,9225c0ada6bb6d4704b8773c214bafdf,454ebee394c6bca4a6615b223f4f3e78,True,False,Girls,Apparel,Topwear,Tops,Pink,Summer,2012,Casual,Gini and Jony Girls Printed Pink Top,c:\Users\LEGION\Documents\jupyter_notebook\Fashion-Intelligence-System\A2_FashionDataset\FashionDataset\train\images_train\36729.jpg,False
39847,9225c0ada6bb6d4704b8773c214bafdf,454ebee394c6bca4a6615b223f4f3e78,True,False,Girls,Apparel,Topwear,Tops,Pink,Summer,2012,Casual,Gini and Jony Girls Printed Pink Top,c:\Users\LEGION\Documents\jupyter_notebook\Fashion-Intelligence-System\A2_FashionDataset\FashionDataset\train\images_train\39847.jpg,False
36730,7a42e577aafe27cef9e85c84dd412654,5eb8ca23626a8dbd4459110f8fcdfe6c,True,False,Girls,Apparel,Topwear,Tops,Blue,Summer,2012,Casual,Gini and Jony Girls Striped Blue Top,c:\Users\LEGION\Documents\jupyter_notebook\Fashion-Intelligence-System\A2_FashionDataset\FashionDataset\train\images_train\36730.jpg,False
39849,7a42e577aafe27cef9e85c84dd412654,5eb8ca23626a8dbd4459110f8fcdfe6c,True,False,Girls,Apparel,Topwear,Tops,Blue,Summer,2012,Casual,Gini and Jony Girls Striped Blue Top,c:\Users\LEGION\Documents\jupyter_notebook\Fashion-Intelligence-System\A2_FashionDataset\FashionDataset\train\images_train\39849.jpg,False
36731,37c1368e07a448174cf0bcb1964b0173,bb555a897e7a4551a48d98272edb792a,True,False,Girls,Apparel,Topwear,Tops,Pink,Summer,2012,Casual,Gini and Jony Girls Striped Pink Top,c:\Users\LEGION\Documents\jupyter_notebook\Fashion-Intelligence-System\A2_FashionDataset\FashionDataset\train\images_train\36731.jpg,False
39841,37c1368e07a448174cf0bcb1964b0173,bb555a897e7a4551a48d98272edb792a,True,False,Girls,Apparel,Topwear,Tops,Pink,Summer,2012,Casual,Gini and Jony Girls Striped Pink Top,c:\Users\LEGION\Documents\jupyter_notebook\Fashion-Intelligence-System\A2_FashionDataset\FashionDataset\train\images_train\39841.jpg,False
36762,58a0def49681f2a77ae800121905bc43,f8e920128e4df7d3bdeacf1096c3fc3b,True,False,Men,Accessories,Watches,Watches,White,Winter,2016,Casual,Maxima Men White Dial Watch,c:\Users\LEGION\Documents\jupyter_notebook\Fashion-Intelligence-System\A2_FashionDataset\FashionDataset\train\images_train\36762.jpg,True
36771,58a0def49681f2a77ae800121905bc43,f8e920128e4df7d3bdeacf1096c3fc3b,True,False,Women,Accessories,Watches,Watches,White,Winter,2016,Casual,Maxima Women White Dial Watch,c:\Users\LEGION\Documents\jupyter_notebook\Fashion-Intelligence-System\A2_FashionDataset\FashionDataset\train\images_train\36771.jpg,True
38479,075d575f2f9fc9a3c173f3da85260cbd,24225b06c1c023e96cc8b884a6ff5baa,True,False,Boys,Apparel,Topwear,Tshirts,Green,Summer,2012,Casual,Gini and Jony Boys Core Green T-shirt,c:\Users\LEGION\Documents\jupyter_notebook\Fashion-Intelligence-System\A2_FashionDataset\FashionDataset\train\images_train\38479.jpg,False
40977,075d575f2f9fc9a3c173f3da85260cbd,24225b06c1c023e96cc8b884a6ff5baa,True,False,Boys,Apparel,Topwear,Tshirts,Green,Summer,2012,Casual,Gini and Jony Boys Core Green T-shirt,c:\Users\LEGION\Documents\jupyter_notebook\Fashion-Intelligence-System\A2_FashionDataset\FashionDataset\train\images_train\40977.jpg,False
38480,cd34a6725acf6a32b72984443288ee2a,7606bf476d237afefaaba768767d4e27,True,False,Boys,Apparel,Topwear,Tshirts,Red,Summer,2012,Casual,Gini and Jony Boys United Red T-shirt,c:\Users\LEGION\Documents\jupyter_notebook\Fashion-Intelligence-System\A2_FashionDataset\FashionDataset\train\images_train\38480.jpg,False
40978,cd34a6725acf6a32b72984443288ee2a,7606bf476d237afefaaba768767d4e27,True,False,Boys,Apparel,Topwear,Tshirts,Red,Summer,2012,Casual,Gini and Jony Boys United Red T-shirt,c:\Users\LEGION\Documents\jupyter_notebook\Fashion-Intelligence-System\A2_FashionDataset\FashionDataset\train\images_train\40978.jpg,False
38481,bf35a2e34fb07c97a5bc44c7e1effdb3,bcd622f512d6b20890fc5f0633fe7b46,True,False,Girls,Apparel,Topwear,Tops,White,Summer,2012,Casual,Gini and Jony Girls Milan White Top,c:\Users\LEGION\Documents\jupyter_notebook\Fashion-Intelligence-System\A2_FashionDataset\FashionDataset\train\images_train\38481.jpg,False
40989,bf35a2e34fb07c97a5bc44c7e1effdb3,bcd622f512d6b20890fc5f0633fe7b46,True,False,Girls,Apparel,Topwear,Tops,White,Summer,2012,Casual,Gini and Jony Girls Milan White Top,c:\Users\LEGION\Documents\jupyter_notebook\Fashion-Intelligence-System\A2_FashionDataset\FashionDataset\train\images_train\40989.jpg,False
40990,bf35a2e34fb07c97a5bc44c7e1effdb3,bcd622f512d6b20890fc5f0633fe7b46,True,False,Girls,Apparel,Topwear,Tops,White,Summer,2012,Casual,Palm Tree Girls Milan White Top,c:\Users\LEGION\Documents\jupyter_notebook\Fashion-Intelligence-System\A2_FashionDataset\FashionDataset\train\images_train\40990.jpg,False
38482,f5b241f43095901cd630e398becebd0b,8bbb2d570bc954a77f3a74c051603385,True,False,Girls,Apparel,Topwear,Tops,Yellow,Summer,2012,Casual,Gini and Jony Girls Milan Yellow Tops,c:\Users\LEGION\Documents\jupyter_notebook\Fashion-Intelligence-System\A2_FashionDataset\FashionDataset\train\images_train\38482.jpg,False
40991,f5b241f43095901cd630e398becebd0b,8bbb2d570bc954a77f3a74c051603385,True,False,Girls,Apparel,Topwear,Tops,Yellow,Summer,2012,Casual,Gini and Jony Girls Milan Yellow Top,c:\Users\LEGION\Documents\jupyter_notebook\Fashion-Intelligence-System\A2_FashionDataset\FashionDataset\train\images_train\40991.jpg,False
40992,f5b241f43095901cd630e398becebd0b,8bbb2d570bc954a77f3a74c051603385,True,False,Girls,Apparel,Topwear,Tops,Yellow,Summer,2012,Casual,Gini and Jony Girls Milan Yellow Tops,c:\Users\LEGION\Documents\jupyter_notebook\Fashion-Intelligence-System\A2_FashionDataset\FashionDataset\train\images_train\40992.jpg,False
38490,61718e6da8c043c878b01ed130a4ba3f,ad1a43301f9b8bb41f41f30a71a35b33,True,False,Boys,Apparel,Topwear,Tshirts,White,Summer,2012,Casual,Gini and Jony Boys Pack Of Two White T-shirt,c:\Users\LEGION\Documents\jupyter_notebook\Fashion-Intelligence-System\A2_FashionDataset\FashionDataset\train\images_train\38490.jpg,False
41011,61718e6da8c043c878b01ed130a4ba3f,ad1a43301f9b8bb41f41f30a71a35b33,True,False,Boys,Apparel,Topwear,Tshirts,White,Summer,2012,Casual,Gini and Jony Boys Pack Of Two White T-shirt,c:\Users\LEGION\Documents\jupyter_notebook\Fashion-Intelligence-System\A2_FashionDataset\FashionDataset\train\images_train\41011.jpg,False
41012,61718e6da8c043c878b01ed130a4ba3f,ad1a43301f9b8bb41f41f30a71a35b33,True,False,Boys,Apparel,Topwear,Tshirts,White,Summer,2012,Casual,Gini and Jony Boys Pack Of Two White T-shirt,c:\Users\LEGION\Documents\jupyter_notebook\Fashion-Intelligence-System\A2_FashionDataset\FashionDataset\train\images_train\41012.jpg,False
38491,1381a17f183c4962b3fb7b9889a7ffaf,bb0271b337c7648419380cbf907c2052,True,False,Boys,Apparel,Topwear,Tshirts,White,Summer,2012,Casual,Gini and Jony Boys Core White T-shirt,c:\Users\LEGION\Documents\jupyter_notebook\Fashion-Intelligence-System\A2_FashionDataset\FashionDataset\train\images_train\38491.jpg,False
40982,1381a17f183c4962b3fb7b9889a7ffaf,bb0271b337c7648419380cbf907c2052,True,False,Boys,Apparel,Topwear,Tshirts,White,Summer,2012,Casual,Gini and Jony Boys Core White T-shirt,c:\Users\LEGION\Documents\jupyter_notebook\Fashion-Intelligence-System\A2_FashionDataset\FashionDataset\train\images_train\40982.jpg,False
38492,3b3a59fb8629e97afdf8827c6fa38de2,2ccbdfe708f47d555bc188b5a6a016bf,True,False,Boys,Apparel,Topwear,Tshirts,Yellow,Summer,2012,Casual,Gini and Jony Boys Core Yellow T-shirt,c:\Users\LEGION\Documents\jupyter_notebook\Fashion-Intelligence-System\A2_FashionDataset\FashionDataset\train\images_train\38492.jpg,False
40979,3b3a59fb8629e97afdf8827c6fa38de2,2ccbdfe708f47d555bc188b5a6a016bf,True,False,Boys,Apparel,Topwear,Tshirts,Yellow,Summer,2012,Casual,Gini and Jony Boys Core Yellow T-shirt,c:\Users\LEGION\Documents\jupyter_notebook\Fashion-Intelligence-System\A2_FashionDataset\FashionDataset\train\images_train\40979.jpg,False
40980,3b3a59fb8629e97afdf8827c6fa38de2,2ccbdfe708f47d555bc188b5a6a016bf,True,False,Boys,Apparel,Topwear,Tshirts,Yellow,Summer,2012,Casual,Gini and Jony Boys Core Yellow T-shirt,c:\Users\LEGION\Documents\jupyter_notebook\Fashion-Intelligence-System\A2_FashionDataset\FashionDataset\train\images_train\40980.jpg,False
38493,a68aa2d838bbf0ab1236d9859b0d9413,89e54fe1a62a30ecb2703c7573c26599,True,False,Boys,Apparel,Topwear,Tshirts,Blue,Summer,2012,Casual,Gini and Jony Boys Core Blue T-shirt,c:\Users\LEGION\Documents\jupyter_notebook\Fashion-Intelligence-System\A2_FashionDataset\FashionDataset\train\images_train\38493.jpg,False
40988,a68aa2d838bbf0ab1236d9859b0d9413,89e54fe1a62a30ecb2703c7573c26599,True,False,Boys,Apparel,Topwear,Tshirts,Blue,Summer,2012,Casual,Gini and Jony Boys Core Blue T-shirt,c:\Users\LEGION\Documents\jupyter_notebook\Fashion-Intelligence-System\A2_FashionDataset\FashionDataset\train\images_train\40988.jpg,False
38494,cd00e0c171040bf669eac8f69d4a5473,7dac153e7cf6988ad30c7335b1c3a437,True,False,Boys,Apparel,Topwear,Tshirts,Green,Summer,2012,Casual,Gini and Jony Boys United Green T-shirt,c:\Users\LEGION\Documents\jupyter_notebook\Fashion-Intelligence-System\A2_FashionDataset\FashionDataset\train\images_train\38494.jpg,False
40974,cd00e0c171040bf669eac8f69d4a5473,7dac153e7cf6988ad30c7335b1c3a437,True,False,Boys,Apparel,Topwear,Tshirts,Green,Summer,2012,Casual,Gini and Jony Boys United Green T-shirt,c:\Users\LEGION\Documents\jupyter_notebook\Fashion-Intelligence-System\A2_FashionDataset\FashionDataset\train\images_train\40974.jpg,False
40975,cd00e0c171040bf669eac8f69d4a5473,7dac153e7cf6988ad30c7335b1c3a437,True,False,Boys,Apparel,Topwear,Tshirts,Green,Summer,2012,Casual,Gini and Jony Boys United Green T-shirt,c:\Users\LEGION\Documents\jupyter_notebook\Fashion-Intelligence-System\A2_FashionDataset\FashionDataset\train\images_train\40975.jpg,False
38496,4102acfda1d88f49ec58e4c0d2de3450,ce25f9b7b464e198b02fe8893ceb44f1,True,False,Boys,Apparel,Topwear,Tshirts,White,Summer,2012,Casual,Gini and Jony Boys United White T-shirt,c:\Users\LEGION\Documents\jupyter_notebook\Fashion-Intelligence-System\A2_FashionDataset\FashionDataset\train\images_train\38496.jpg,False
40983,4102acfda1d88f49ec58e4c0d2de3450,ce25f9b7b464e198b02fe8893ceb44f1,True,False,Boys,Apparel,Topwear,Tshirts,White,Summer,2012,Casual,Gini and Jony Boys United White T-shirt,c:\Users\LEGION\Documents\jupyter_notebook\Fashion-Intelligence-System\A2_FashionDataset\FashionDataset\train\images_train\40983.jpg,False
40984,4102acfda1d88f49ec58e4c0d2de3450,ce25f9b7b464e198b02fe8893ceb44f1,True,False,Boys,Apparel,Topwear,Tshirts,White,Summer,2012,Casual,Gini and Jony Boys United White T-shirt,c:\Users\LEGION\Documents\jupyter_notebook\Fashion-Intelligence-System\A2_FashionDataset\FashionDataset\train\images_train\40984.jpg,False
38500,4eddb5e2a206127ab7a9a79d1ef27f87,296a44f876f304524445fca343ac15a6,True,False,Girls,Apparel,Bottomwear,Jeans,Black,Summer,2012,Casual,Gini and Jony Girls Woven Black Jeans,c:\Users\LEGION\Documents\jupyter_notebook\Fashion-Intelligence-System\A2_FashionDataset\FashionDataset\train\images_train\38500.jpg,False
40997,4eddb5e2a206127ab7a9a79d1ef27f87,296a44f876f304524445fca343ac15a6,True,False,Girls,Apparel,Bottomwear,Jeans,Black,Summer,2012,Casual,Gini and Jony  Girls Woven Black Jeans,c:\Users\LEGION\Documents\jupyter_notebook\Fashion-Intelligence-System\A2_FashionDataset\FashionDataset\train\images_train\40997.jpg,False
40998,4eddb5e2a206127ab7a9a79d1ef27f87,296a44f876f304524445fca343ac15a6,True,False,Girls,Apparel,Bottomwear,Jeans,Black,Summer,2012,Casual,Palm Tree Girls Woven Black Jeans,c:\Users\LEGION\Documents\jupyter_notebook\Fashion-Intelligence-System\A2_FashionDataset\FashionDataset\train\images_train\40998.jpg,False
40999,4eddb5e2a206127ab7a9a79d1ef27f87,296a44f876f304524445fca343ac15a6,True,False,Girls,Apparel,Bottomwear,Jeans,Black,Summer,2012,Casual,Gini and Jony Girls Woven Black Jeans,c:\Users\LEGION\Documents\jupyter_notebook\Fashion-Intelligence-System\A2_FashionDataset\FashionDataset\train\images_train\40999.jpg,False
38501,a0c3d7310d7960e389b47e8085df8a19,40e86d3a1c35e39a83b20906eb199be6,True,False,Girls,Apparel,Bottomwear,Jeans,Navy Blue,Summer,2012,Casual,Gini and Jony Woven Navy Blue Jeans,c:\Users\LEGION\Documents\jupyter_notebook\Fashion-Intelligence-System\A2_FashionDataset\FashionDataset\train\images_train\38501.jpg,False
41008,a0c3d7310d7960e389b47e8085df8a19,40e86d3a1c35e39a83b20906eb199be6,True,False,Girls,Apparel,Bottomwear,Jeans,Navy Blue,Summer,2012,Casual,Gini and Jony Girls Woven Navy Blue Jeans,c:\Users\LEGION\Documents\jupyter_notebook\Fashion-Intelligence-System\A2_FashionDataset\FashionDataset\train\images_train\41008.jpg,False
38502,764251cd5664ff0ece24575d741d1af3,91cf48c25ca23d98829fa1d828f4692d,True,False,Girls,Apparel,Bottomwear,Shorts,Navy Blue,Summer,2012,Casual,Gini and Jony Girls Woven Navy Blue Shorts,c:\Users\LEGION\Documents\jupyter_notebook\Fashion-Intelligence-System\A2_FashionDataset\FashionDataset\train\images_train\38502.jpg,False
41006,764251cd5664ff0ece24575d741d1af3,91cf48c25ca23d98829fa1d828f4692d,True,False,Girls,Apparel,Bottomwear,Shorts,Navy Blue,Summer,2012,Casual,Gini and Jony Girls Woven Navy Blue Shorts,c:\Users\LEGION\Documents\jupyter_notebook\Fashion-Intelligence-System\A2_FashionDataset\FashionDataset\train\images_train\41006.jpg,False
41007,764251cd5664ff0ece24575d741d1af3,91cf48c25ca23d98829fa1d828f4692d,True,False,Girls,Apparel,Bottomwear,Shorts,Navy Blue,Summer,2012,Casual,Gini and Jony Girls Woven Navy Blue Shorts,c:\Users\LEGION\Documents\jupyter_notebook\Fashion-Intelligence-System\A2_FashionDataset\FashionDataset\train\images_train\41007.jpg,False
38503,41a6cc7a04db13859ad1a77f4be86b75,dfebb4b3140be2d4af2767784e8a553b,True,False,Girls,Apparel,Bottomwear,Shorts,Blue,Summer,2012,Casual,Gini and Jony Girls Woven Blue Shorts,c:\Users\LEGION\Documents\jupyter_notebook\Fashion-Intelligence-System\A2_FashionDataset\FashionDataset\train\images_train\38503.jpg,False
41000,41a6cc7a04db13859ad1a77f4be86b75,dfebb4b3140be2d4af2767784e8a553b,True,False,Girls,Apparel,Bottomwear,Shorts,Blue,Summer,2012,Casual,Gini and Jony Girls Woven Blue Shorts,c:\Users\LEGION\Documents\jupyter_notebook\Fashion-Intelligence-System\A2_FashionDataset\FashionDataset\train\images_train\41000.jpg,False
41001,41a6cc7a04db13859ad1a77f4be86b75,dfebb4b3140be2d4af2767784e8a553b,True,False,Girls,Apparel,Bottomwear,Shorts,Blue,Summer,2012,Casual,Gini and Jony  Girls Woven Blue Shorts,c:\Users\LEGION\Documents\jupyter_notebook\Fashion-Intelligence-System\A2_FashionDataset\FashionDataset\train\images_train\41001.jpg,False
38504,a33a083f2b6e88fb6af2d565d72f28ee,5bf6d17c3de4ad7aeaf52cd8a15042eb,True,False,Girls,Apparel,Bottomwear,Skirts,Navy Blue,Summer,2012,Casual,Gini and Jony Girls Navy Blue Skirts,c:\Users\LEGION\Documents\jupyter_notebook\Fashion-Intelligence-System\A2_FashionDataset\FashionDataset\train\images_train\38504.jpg,False
41004,a33a083f2b6e88fb6af2d565d72f28ee,5bf6d17c3de4ad7aeaf52cd8a15042eb,True,False,Girls,Apparel,Bottomwear,Skirts,Navy Blue,Summer,2012,Casual,Gini and Jony Girls Woven Navy Blue Skirts,c:\Users\LEGION\Documents\jupyter_notebook\Fashion-Intelligence-System\A2_FashionDataset\FashionDataset\train\images_train\41004.jpg,False
41005,a33a083f2b6e88fb6af2d565d72f28ee,5bf6d17c3de4ad7aeaf52cd8a15042eb,True,False,Girls,Apparel,Bottomwear,Skirts,Navy Blue,Summer,2012,Casual,Gini and Jony Girls Woven Navy Blue Skirts,c:\Users\LEGION\Documents\jupyter_notebook\Fashion-Intelligence-System\A2_FashionDataset\FashionDataset\train\images_train\41005.jpg,False
38505,488dfcfdea6f2f736b86ccac36938857,9af2586a563fe1dab7dbbd7dc3267e6a,True,False,Girls,Apparel,Bottomwear,Skirts,Blue,Summer,2012,Casual,Gini and Jony Girls Woven Blue Skirt,c:\Users\LEGION\Documents\jupyter_notebook\Fashion-Intelligence-System\A2_FashionDataset\FashionDataset\train\images_train\38505.jpg,False
41002,488dfcfdea6f2f736b86ccac36938857,9af2586a563fe1dab7dbbd7dc3267e6a,True,False,Girls,Apparel,Bottomwear,Skirts,Blue,Summer,2012,Casual,Gini and Jony Girls Woven Blue Skirt,c:\Users\LEGION\Documents\jupyter_notebook\Fashion-Intelligence-System\A2_FashionDataset\FashionDataset\train\images_train\41002.jpg,False
41003,488dfcfdea6f2f736b86ccac36938857,9af2586a563fe1dab7dbbd7dc3267e6a,True,False,Girls,Apparel,Bottomwear,Skirts,Blue,Summer,2012,Casual,Gini and Jony Girls Woven Blue Skirt,c:\Users\LEGION\Documents\jupyter_notebook\Fashion-Intelligence-System\A2_FashionDataset\FashionDataset\train\images_train\41003.jpg,False
38506,5126eed83ef98f9dcac1ae745e9d01dd,c6fe6e7112ccba15509b0dd828a7b755,True,False,Girls,Apparel,Bottomwear,Capris,Pink,Summer,2012,Casual,Gini and Jony Girls Woven Pink Pedal Pusher,c:\Users\LEGION\Documents\jupyter_notebook\Fashion-Intelligence-System\A2_FashionDataset\FashionDataset\train\images_train\38506.jpg,False
40996,5126eed83ef98f9dcac1ae745e9d01dd,c6fe6e7112ccba15509b0dd828a7b755,True,False,Girls,Apparel,Bottomwear,Capris,Pink,Summer,2012,Casual,Gini and Jony Girls Woven Pink Pedal Pusher,c:\Users\LEGION\Documents\jupyter_notebook\Fashion-Intelligence-System\A2_FashionDataset\FashionDataset\train\images_train\40996.jpg,False
38766,fd1e25d87304366f059f2555486b131b,4cf9d68746abc381d563483c9d70891b,True,False,Girls,Apparel,Bottomwear,Shorts,Pink,Summer,2012,Casual,Gini and Jony Girls Pink Shorts,c:\Users\LEGION\Documents\jupyter_notebook\Fashion-Intelligence-System\A2_FashionDataset\FashionDataset\train\images_train\38766.jpg,False
38767,fd1e25d87304366f059f2555486b131b,4cf9d68746abc381d563483c9d70891b,True,False,Girls,Apparel,Bottomwear,Shorts,Pink,Summer,2012,Casual,Gini and Jony Girls Pink Shorts,c:\Users\LEGION\Documents\jupyter_notebook\Fashion-Intelligence-System\A2_FashionDataset\FashionDataset\train\images_train\38767.jpg,False
38984,c0b3954731d3c7335610d2cf013fa882,e824e171198a65e324b6ab04a6b5ff0b,True,False,Boys,Apparel,Topwear,Tshirts,Red,Summer,2012,Casual,Gini and Jony Boys Rodeo Red T-shirt,c:\Users\LEGION\Documents\jupyter_notebook\Fashion-Intelligence-System\A2_FashionDataset\FashionDataset\train\images_train\38984.jpg,False
40954,c0b3954731d3c7335610d2cf013fa882,e824e171198a65e324b6ab04a6b5ff0b,True,False,Boys,Apparel,Topwear,Tshirts,Red,Summer,2012,Casual,Gini and Jony Boys Rodeo Red T-shirt,c:\Users\LEGION\Documents\jupyter_notebook\Fashion-Intelligence-System\A2_FashionDataset\FashionDataset\train\images_train\40954.jpg,False
40955,c0b3954731d3c7335610d2cf013fa882,e824e171198a65e324b6ab04a6b5ff0b,True,False,Boys,Apparel,Topwear,Tshirts,Red,Summer,2012,Casual,Gini and Jony Boys Rodeo Red T-shirt,c:\Users\LEGION\Documents\jupyter_notebook\Fashion-Intelligence-System\A2_FashionDataset\FashionDataset\train\images_train\40955.jpg,False
38985,4327f9e82c2d9595472a24b2667d4315,2d3996bddbefb12fb2f8038f7dd45611,True,False,Boys,Apparel,Topwear,Tshirts,Red,Summer,2012,Casual,Gini and Jony Boys Comics Red T-shirt,c:\Users\LEGION\Documents\jupyter_notebook\Fashion-Intelligence-System\A2_FashionDataset\FashionDataset\train\images_train\38985.jpg,False
40956,4327f9e82c2d9595472a24b2667d4315,2d3996bddbefb12fb2f8038f7dd45611,True,False,Boys,Apparel,Topwear,Tshirts,Red,Summer,2012,Casual,Gini and Jony Boys Comics Red T-shirt,c:\Users\LEGION\Documents\jupyter_notebook\Fashion-Intelligence-System\A2_FashionDataset\FashionDataset\train\images_train\40956.jpg,False
38986,cdd54ff5188db608842f4c5a5188d0f0,f729adf9873e3526dbfcb247b8f9d656,True,False,Boys,Apparel,Topwear,Tshirts,Blue,Summer,2012,Casual,Gini and Jony Boys Comics Blue T-shirt,c:\Users\LEGION\Documents\jupyter_notebook\Fashion-Intelligence-System\A2_FashionDataset\FashionDataset\train\images_train\38986.jpg,False
40957,cdd54ff5188db608842f4c5a5188d0f0,f729adf9873e3526dbfcb247b8f9d656,True,False,Boys,Apparel,Topwear,Tshirts,Blue,Summer,2012,Casual,Gini and Jony Boys Comics Blue T-shirt,c:\Users\LEGION\Documents\jupyter_notebook\Fashion-Intelligence-System\A2_FashionDataset\FashionDataset\train\images_train\40957.jpg,False
38988,06f76732c5f65c23bdd7b6ace7b561b9,f6629e045ed498a7ff487b200d055924,True,False,Boys,Apparel,Topwear,Tshirts,Red,Summer,2012,Casual,Gini and Jony Boys Wild West Red T-shirt,c:\Users\LEGION\Documents\jupyter_notebook\Fashion-Intelligence-System\A2_FashionDataset\FashionDataset\train\images_train\38988.jpg,False
40952,06f76732c5f65c23bdd7b6ace7b561b9,f6629e045ed498a7ff487b200d055924,True,False,Boys,Apparel,Topwear,Tshirts,Red,Summer,2012,Casual,Gini and Jony Boys Wild West Red T-shirt,c:\Users\LEGION\Documents\jupyter_notebook\Fashion-Intelligence-System\A2_FashionDataset\FashionDataset\train\images_train\40952.jpg,False
38989,cd88a6ea7146fdd453128a6532b6b791,3c4bcdc5f50f6122952dfb323e6848a0,True,False,Boys,Apparel,Topwear,Tshirts,Yellow,Summer,2012,Casual,Gini and Jony Boys Rodeo Yellow T-shirt,c:\Users\LEGION\Documents\jupyter_notebook\Fashion-Intelligence-System\A2_FashionDataset\FashionDataset\train\images_train\38989.jpg,False
40953,cd88a6ea7146fdd453128a6532b6b791,3c4bcdc5f50f6122952dfb323e6848a0,True,False,Boys,Apparel,Topwear,Tshirts,Yellow,Summer,2012,Casual,Gini and Jony Boys Rodeo Yellow T-shirt,c:\Users\LEGION\Documents\jupyter_notebook\Fashion-Intelligence-System\A2_FashionDataset\FashionDataset\train\images_train\40953.jpg,False
38991,06ebfc48993b2417056cd1828b277774,53232a8077f8572970d0f7c60cf1d1ef,True,False,Boys,Apparel,Topwear,Tshirts,White,Summer,2012,Casual,Gini and Jony Boys Rodeo T-shirt,c:\Users\LEGION\Documents\jupyter_notebook\Fashion-Intelligence-System\A2_FashionDataset\FashionDataset\train\images_train\38991.jpg,False
40948,06ebfc48993b2417056cd1828b277774,53232a8077f8572970d0f7c60cf1d1ef,True,False,Boys,Apparel,Topwear,Tshirts,White,Summer,2012,Casual,Gini and Jony Boys Rodeo T-shirt,c:\Users\LEGION\Documents\jupyter_notebook\Fashion-Intelligence-System\A2_FashionDataset\FashionDataset\train\images_train\40948.jpg,False
38992,fb14b4d6b92d885285576917bad119df,f7f98c709c2016082c972736018b3558,True,False,Boys,Apparel,Topwear,Jackets,Blue,Summer,2012,Casual,Gini and Jony Boys Rodeo Blue Jacket,c:\Users\LEGION\Documents\jupyter_notebook\Fashion-Intelligence-System\A2_FashionDataset\FashionDataset\train\images_train\38992.jpg,False
40922,fb14b4d6b92d885285576917bad119df,f7f98c709c2016082c972736018b3558,True,False,Boys,Apparel,Topwear,Jackets,Blue,Summer,2012,Casual,Gini and Jony Boys Rodeo Blue Jacket,c:\Users\LEGION\Documents\jupyter_notebook\Fashion-Intelligence-System\A2_FashionDataset\FashionDataset\train\images_train\40922.jpg,False
38993,4b28a6f2f88926e978d4afd9b9401ad8,30d0b6d0f7b1b42a6b5debb47258e110,True,False,Boys,Apparel,Bottomwear,Jeans,Blue,Summer,2012,Casual,Gini and Jony Boys Rodeo Blue Jeans,c:\Users\LEGION\Documents\jupyter_notebook\Fashion-Intelligence-System\A2_FashionDataset\FashionDataset\train\images_train\38993.jpg,False
40928,4b28a6f2f88926e978d4afd9b9401ad8,30d0b6d0f7b1b42a6b5debb47258e110,True,False,Boys,Apparel,Bottomwear,Jeans,Blue,Summer,2012,Casual,Gini and Jony Boys Rodeo Blue Jeans,c:\Users\LEGION\Documents\jupyter_notebook\Fashion-Intelligence-System\A2_FashionDataset\FashionDataset\train\images_train\40928.jpg,False
40929,4b28a6f2f88926e978d4afd9b9401ad8,30d0b6d0f7b1b42a6b5debb47258e110,True,False,Boys,Apparel,Bottomwear,Jeans,Blue,Summer,2012,Casual,Gini and Jony Boys Rodeo Blue Jeans,c:\Users\LEGION\Documents\jupyter_notebook\Fashion-Intelligence-System\A2_FashionDataset\FashionDataset\train\images_train\40929.jpg,False
38994,e2e41ed07c2327d633b7c8e4b2e38a7a,87fc2c7d0afb0baba5936eb92005bb3b,True,False,Boys,Apparel,Bottomwear,Jeans,Blue,Summer,2012,Casual,Gini and Jony Boys Jeans Blue Jeans,c:\Users\LEGION\Documents\jupyter_notebook\Fashion-Intelligence-System\A2_FashionDataset\FashionDataset\train\images_train\38994.jpg,False
40923,e2e41ed07c2327d633b7c8e4b2e38a7a,87fc2c7d0afb0baba5936eb92005bb3b,True,False,Boys,Apparel,Bottomwear,Jeans,Blue,Summer,2012,Casual,Gini and Jony Boys Jeans Blue Jeans,c:\Users\LEGION\Documents\jupyter_notebook\Fashion-Intelligence-System\A2_FashionDataset\FashionDataset\train\images_train\40923.jpg,False
40924,e2e41ed07c2327d633b7c8e4b2e38a7a,87fc2c7d0afb0baba5936eb92005bb3b,True,False,Boys,Apparel,Bottomwear,Jeans,Blue,Summer,2012,Casual,Gini and Jony Boys Jeans Blue Jeans,c:\Users\LEGION\Documents\jupyter_notebook\Fashion-Intelligence-System\A2_FashionDataset\FashionDataset\train\images_train\40924.jpg,False
38995,d6b71311696e06807f5454507255eb97,52b11a40caeba7db46e5009e3eafb807,True,False,Boys,Apparel,Bottomwear,Jeans,Blue,Summer,2012,Casual,Gini and Jony Boys Comics Blue Jeans,c:\Users\LEGION\Documents\jupyter_notebook\Fashion-Intelligence-System\A2_FashionDataset\FashionDataset\train\images_train\38995.jpg,False
40925,d6b71311696e06807f5454507255eb97,52b11a40caeba7db46e5009e3eafb807,True,False,Boys,Apparel,Bottomwear,Jeans,Blue,Summer,2012,Casual,Gini and Jony Boys Comics Blue Jeans,c:\Users\LEGION\Documents\jupyter_notebook\Fashion-Intelligence-System\A2_FashionDataset\FashionDataset\train\images_train\40925.jpg,False
40926,d6b71311696e06807f5454507255eb97,52b11a40caeba7db46e5009e3eafb807,True,False,Boys,Apparel,Bottomwear,Jeans,Blue,Summer,2012,Casual,Gini and Jony Boys Comics Blue Jeans,c:\Users\LEGION\Documents\jupyter_notebook\Fashion-Intelligence-System\A2_FashionDataset\FashionDataset\train\images_train\40926.jpg,False
40927,d6b71311696e06807f5454507255eb97,52b11a40caeba7db46e5009e3eafb807,True,False,Boys,Apparel,Bottomwear,Jeans,Blue,Summer,2012,Casual,Gini and Jony Boys Comics Blue Jeans,c:\Users\LEGION\Documents\jupyter_notebook\Fashion-Intelligence-System\A2_FashionDataset\FashionDataset\train\images_train\40927.jpg,False
38996,0505a3bc6aec7589ad64a2cf8de0f8c2,f0f49e34e29432fd161c0911c339f2b6,True,False,Boys,Apparel,Bottomwear,Jeans,Blue,Summer,2012,Casual,Gini and Jony Boys Rodeo Blue Jeans,c:\Users\LEGION\Documents\jupyter_notebook\Fashion-Intelligence-System\A2_FashionDataset\FashionDataset\train\images_train\38996.jpg,False
40933,0505a3bc6aec7589ad64a2cf8de0f8c2,f0f49e34e29432fd161c0911c339f2b6,True,False,Boys,Apparel,Bottomwear,Jeans,Blue,Summer,2012,Casual,Gini and Jony Boys Rodeo Blue Jeans,c:\Users\LEGION\Documents\jupyter_notebook\Fashion-Intelligence-System\A2_FashionDataset\FashionDataset\train\images_train\40933.jpg,False
38999,fb43c3ebf3d82bd123fed979bb0e0ae8,6f130518d067f80b6a5e54376b4321e6,True,False,Boys,Apparel,Topwear,Shirts,White,Summer,2012,Casual,Gini and Jony Boys Around the World White Shirts,c:\Users\LEGION\Documents\jupyter_notebook\Fashion-Intelligence-System\A2_FashionDataset\FashionDataset\train\images_train\38999.jpg,False
40934,fb43c3ebf3d82bd123fed979bb0e0ae8,6f130518d067f80b6a5e54376b4321e6,True,False,Boys,Apparel,Topwear,Shirts,White,Summer,2012,Casual,Gini and JonyBoys Around the World White Shirts,c:\Users\LEGION\Documents\jupyter_notebook\Fashion-Intelligence-System\A2_FashionDataset\FashionDataset\train\images_train\40934.jpg,False
39001,5c000dc95ee43d65a1804e747c50a7d8,6ee06b6ac4ce86f77ef7591b9a9344b8,True,False,Boys,Apparel,Topwear,Tshirts,Red,Summer,2012,Casual,Gini and Jony Boys Core Red T-shirt,c:\Users\LEGION\Documents\jupyter_notebook\Fashion-Intelligence-System\A2_FashionDataset\FashionDataset\train\images_train\39001.jpg,False
40947,5c000dc95ee43d65a1804e747c50a7d8,6ee06b6ac4ce86f77ef7591b9a9344b8,True,False,Boys,Apparel,Topwear,Tshirts,Red,Summer,2012,Casual,Gini and Jony Boys Core Red T-shirt,c:\Users\LEGION\Documents\jupyter_notebook\Fashion-Intelligence-System\A2_FashionDataset\FashionDataset\train\images_train\40947.jpg,False
39002,33863ef0429ecf61ac2beb34c305faa6,1f20de676ab02b8229a161b80ab1b277,True,False,Boys,Apparel,Topwear,Tshirts,Black,Summer,2012,Casual,Gini and Jony Boys Core Black T-shirt,c:\Users\LEGION\Documents\jupyter_notebook\Fashion-Intelligence-System\A2_FashionDataset\FashionDataset\train\images_train\39002.jpg,False
40950,33863ef0429ecf61ac2beb34c305faa6,1f20de676ab02b8229a161b80ab1b277,True,False,Boys,Apparel,Topwear,Tshirts,Black,Summer,2012,Casual,Gini and Jony Boys Core Black T-shirt,c:\Users\LEGION\Documents\jupyter_notebook\Fashion-Intelligence-System\A2_FashionDataset\FashionDataset\train\images_train\40950.jpg,False
40951,33863ef0429ecf61ac2beb34c305faa6,1f20de676ab02b8229a161b80ab1b277,True,False,Boys,Apparel,Topwear,Tshirts,Black,Summer,2012,Casual,Gini and Jony Boys Core Black T-shirt,c:\Users\LEGION\Documents\jupyter_notebook\Fashion-Intelligence-System\A2_FashionDataset\FashionDataset\train\images_train\40951.jpg,False
39003,c102cd95a2347e38a0df971a08e86b79,19055940c529310b16211fdceb6e561b,True,False,Boys,Apparel,Topwear,Tshirts,White,Summer,2012,Casual,Gini and Jony Boys Unit White T-shirt,c:\Users\LEGION\Documents\jupyter_notebook\Fashion-Intelligence-System\A2_FashionDataset\FashionDataset\train\images_train\39003.jpg,False
40958,c102cd95a2347e38a0df971a08e86b79,19055940c529310b16211fdceb6e561b,True,False,Boys,Apparel,Topwear,Tshirts,White,Summer,2012,Casual,Gini and Jony Boys Unit White T-shirt,c:\Users\LEGION\Documents\jupyter_notebook\Fashion-Intelligence-System\A2_FashionDataset\FashionDataset\train\images_train\40958.jpg,False
39005,1fe1da018325c4d55dc51f65ffe6db4b,cc2e270950d5936bbb65b84300bf47c0,True,False,Girls,Apparel,Topwear,Tops,Navy Blue,Summer,2012,Casual,Gini and Jony Girls Nautical Blues Navy Blue Top,c:\Users\LEGION\Documents\jupyter_notebook\Fashion-Intelligence-System\A2_FashionDataset\FashionDataset\train\images_train\39005.jpg,False
40945,1fe1da018325c4d55dc51f65ffe6db4b,cc2e270950d5936bbb65b84300bf47c0,True,False,Girls,Apparel,Topwear,Tops,Navy Blue,Summer,2012,Casual,Gini and Jony Girls Nautical Blues Navy Blue Top,c:\Users\LEGION\Documents\jupyter_notebook\Fashion-Intelligence-System\A2_FashionDataset\FashionDataset\train\images_train\40945.jpg,False
40946,1fe1da018325c4d55dc51f65ffe6db4b,cc2e270950d5936bbb65b84300bf47c0,True,False,Girls,Apparel,Topwear,Tops,Navy Blue,Summer,2012,Casual,Gini and Jony Girls Nautical Blues Navy Blue Top,c:\Users\LEGION\Documents\jupyter_notebook\Fashion-Intelligence-System\A2_FashionDataset\FashionDataset\train\images_train\40946.jpg,False
39009,549fb215aeb0667cf1958d49e38b1664,fc74ccb73f16a1374d5277dbf4fe6932,True,False,Girls,Apparel,Topwear,Tops,Pink,Summer,2012,Casual,Gini and Jony Girls Pretty Pink Top,c:\Users\LEGION\Documents\jupyter_notebook\Fashion-Intelligence-System\A2_FashionDataset\FashionDataset\train\images_train\39009.jpg,False
40941,549fb215aeb0667cf1958d49e38b1664,fc74ccb73f16a1374d5277dbf4fe6932,True,False,Girls,Apparel,Topwear,Tops,Pink,Summer,2012,Casual,Gini and Jony Girls Pretty Pink Top,c:\Users\LEGION\Documents\jupyter_notebook\Fashion-Intelligence-System\A2_FashionDataset\FashionDataset\train\images_train\40941.jpg,False
39010,e6dcad86427c6248f25c914f3927d363,c0077660a85416a2e6eb4845e78e1c53,True,False,Girls,Apparel,Topwear,Tops,Pink,Summer,2012,Casual,Gini and Jony Girls Kitch Peachy Pink Top,c:\Users\LEGION\Documents\jupyter_notebook\Fashion-Intelligence-System\A2_FashionDataset\FashionDataset\train\images_train\39010.jpg,False
40943,e6dcad86427c6248f25c914f3927d363,c0077660a85416a2e6eb4845e78e1c53,True,False,Girls,Apparel,Topwear,Tops,Pink,Summer,2012,Casual,Gini and Jony Girls Kitch Bright Pink Top,c:\Users\LEGION\Documents\jupyter_notebook\Fashion-Intelligence-System\A2_FashionDataset\FashionDataset\train\images_train\40943.jpg,False
40944,e6dcad86427c6248f25c914f3927d363,c0077660a85416a2e6eb4845e78e1c53,True,False,Girls,Apparel,Topwear,Tops,Pink,Summer,2012,Casual,Gini and Jony Girls Kitch Bright Pink Top,c:\Users\LEGION\Documents\jupyter_notebook\Fashion-Intelligence-System\A2_FashionDataset\FashionDataset\train\images_train\40944.jpg,False
39011,9cfb91af7a4418755978d700165a1089,fff5059dc0e7028da6922defa3d9d51d,True,False,Girls,Apparel,Bottomwear,Leggings,Blue,Summer,2012,Casual,Gini and Jony Girls Happy Style Blue Leggings,c:\Users\LEGION\Documents\jupyter_notebook\Fashion-Intelligence-System\A2_FashionDataset\FashionDataset\train\images_train\39011.jpg,False
40930,9cfb91af7a4418755978d700165a1089,fff5059dc0e7028da6922defa3d9d51d,True,False,Girls,Apparel,Bottomwear,Leggings,Blue,Summer,2012,Casual,Gini and Jony Girls Happy Style Blue Leggings,c:\Users\LEGION\Documents\jupyter_notebook\Fashion-Intelligence-System\A2_FashionDataset\FashionDataset\train\images_train\40930.jpg,False
40931,9cfb91af7a4418755978d700165a1089,fff5059dc0e7028da6922defa3d9d51d,True,False,Girls,Apparel,Bottomwear,Leggings,Blue,Summer,2012,Casual,Gini and Jony Girls Happy Style Blue Leggings,c:\Users\LEGION\Documents\jupyter_notebook\Fashion-Intelligence-System\A2_FashionDataset\FashionDataset\train\images_train\40931.jpg,False
40932,9cfb91af7a4418755978d700165a1089,fff5059dc0e7028da6922defa3d9d51d,True,False,Girls,Apparel,Bottomwear,Leggings,Blue,Summer,2012,Casual,Gini and Jony Girls Happy Style Blue Leggings,c:\Users\LEGION\Documents\jupyter_notebook\Fashion-Intelligence-System\A2_FashionDataset\FashionDataset\train\images_train\40932.jpg,False
39107,a44bf3fe66d075b78168f346f3d07327,aca63534e514cb1ef999c64ce474e388,True,False,Boys,Accessories,Headwear,Caps,Blue,Summer,2012,Sports,ADIDAS Mumbai Indians Boys Blue Match Cap,c:\Users\LEGION\Documents\jupyter_notebook\Fashion-Intelligence-System\A2_FashionDataset\FashionDataset\train\images_train\39107.jpg,True
39108,a44bf3fe66d075b78168f346f3d07327,aca63534e514cb1ef999c64ce474e388,True,False,Girls,Accessories,Headwear,Caps,Blue,Summer,2012,Sports,ADIDAS Mumbai Indians Girls Blue Match Cap,c:\Users\LEGION\Documents\jupyter_notebook\Fashion-Intelligence-System\A2_FashionDataset\FashionDataset\train\images_train\39108.jpg,True
39295,e1d6b6fbdfbb96e19807608b759d186a,1e1ef9d71d2a854f232782d3ba6e28d7,True,False,Men,Footwear,Sandal,Sandals,Brown,Winter,2018,Casual,Red Chief Men Brown Sandals,c:\Users\LEGION\Documents\jupyter_notebook\Fashion-Intelligence-System\A2_FashionDataset\FashionDataset\train\images_train\39295.jpg,False
39296,e1d6b6fbdfbb96e19807608b759d186a,1e1ef9d71d2a854f232782d3ba6e28d7,True,False,Men,Footwear,Sandal,Sandals,Tan,Winter,2018,Casual,Red Chief Men Tan Sandals,c:\Users\LEGION\Documents\jupyter_notebook\Fashion-Intelligence-System\A2_FashionDataset\FashionDataset\train\images_train\39296.jpg,False
39321,117a481752d52c4bd3075dfa4d8068f9,d5be287faf212b4ee5a2f5ea58f2ba81,True,False,Girls,Apparel,Bottomwear,Capris,Blue,Summer,2012,Casual,Gini and Jony Girls Blue Capris,c:\Users\LEGION\Documents\jupyter_notebook\Fashion-Intelligence-System\A2_FashionDataset\FashionDataset\train\images_train\39321.jpg,False
39322,117a481752d52c4bd3075dfa4d8068f9,d5be287faf212b4ee5a2f5ea58f2ba81,True,False,Girls,Apparel,Bottomwear,Capris,Blue,Summer,2012,Casual,Gini and Jony Girls Blue Capris,c:\Users\LEGION\Documents\jupyter_notebook\Fashion-Intelligence-System\A2_FashionDataset\FashionDataset\train\images_train\39322.jpg,False
39333,5a582cfe52eb0db738b9198503456417,c73e9ddf5a0c93ea465c36333a532e1e,True,False,Boys,Apparel,Topwear,Tshirts,White,Summer,2012,Casual,Gini & Jony Boys White T-shirt,c:\Users\LEGION\Documents\jupyter_notebook\Fashion-Intelligence-System\A2_FashionDataset\FashionDataset\train\images_train\39333.jpg,False
39334,5a582cfe52eb0db738b9198503456417,c73e9ddf5a0c93ea465c36333a532e1e,True,False,Boys,Apparel,Topwear,Tshirts,White,Summer,2012,Casual,Gini & Jony Boys White T-shirt,c:\Users\LEGION\Documents\jupyter_notebook\Fashion-Intelligence-System\A2_FashionDataset\FashionDataset\train\images_train\39334.jpg,False
39749,351951dd6fc18ce6187fc8041e9fd566,eee1a68915bd0675741476d6530c26a6,True,False,Boys,Apparel,Bottomwear,Shorts,Beige,Summer,2012,Casual,Gini Jony Boys Beige Shorts,c:\Users\LEGION\Documents\jupyter_notebook\Fashion-Intelligence-System\A2_FashionDataset\FashionDataset\train\images_train\39749.jpg,False
39750,351951dd6fc18ce6187fc8041e9fd566,eee1a68915bd0675741476d6530c26a6,True,False,Boys,Apparel,Bottomwear,Shorts,Beige,Summer,2012,Casual,Gini Jony Boys Beige Shorts,c:\Users\LEGION\Documents\jupyter_notebook\Fashion-Intelligence-System\A2_FashionDataset\FashionDataset\train\images_train\39750.jpg,False
39752,d35d69458feaabc47fb14f8d00c65cae,67e016ecf4a03cf4f9c31cdaa3acae1c,True,False,Boys,Apparel,Bottomwear,Trousers,Khaki,Summer,2012,Casual,Gini Jony Boys Khaki Trousers,c:\Users\LEGION\Documents\jupyter_notebook\Fashion-Intelligence-System\A2_FashionDataset\FashionDataset\train\images_train\39752.jpg,False
39753,d35d69458feaabc47fb14f8d00c65cae,67e016ecf4a03cf4f9c31cdaa3acae1c,True,False,Boys,Apparel,Bottomwear,Trousers,Khaki,Summer,2012,Casual,Gini Jony Boys Khaki Trousers,c:\Users\LEGION\Documents\jupyter_notebook\Fashion-Intelligence-System\A2_FashionDataset\FashionDataset\train\images_train\39753.jpg,False
39758,b7cfefb1cfb5bb1946046d6834f7f9df,5f7bae8e94e6723c88ffa9b5988c0f88,True,False,Boys,Apparel,Bottomwear,Shorts,Brown,Summer,2012,Casual,Gini Jony Boys Brown Shorts,c:\Users\LEGION\Documents\jupyter_notebook\Fashion-Intelligence-System\A2_FashionDataset\FashionDataset\train\images_train\39758.jpg,False
39759,b7cfefb1cfb5bb1946046d6834f7f9df,5f7bae8e94e6723c88ffa9b5988c0f88,True,False,Boys,Apparel,Bottomwear,Shorts,Brown,Summer,2012,Casual,Gini Jony Boys Brown Shorts,c:\Users\LEGION\Documents\jupyter_notebook\Fashion-Intelligence-System\A2_FashionDataset\FashionDataset\train\images_train\39759.jpg,False
39851,226976d0e120f342af42e6cf23579e62,621bd5e3515bd2455d50d217742e83e9,True,False,Girls,Apparel,Topwear,Tops,Blue,Summer,2012,Casual,Gini and Jony Girls Printed Blue Top,c:\Users\LEGION\Documents\jupyter_notebook\Fashion-Intelligence-System\A2_FashionDataset\FashionDataset\train\images_train\39851.jpg,False
39852,226976d0e120f342af42e6cf23579e62,621bd5e3515bd2455d50d217742e83e9,True,False,Girls,Apparel,Topwear,Tops,Blue,Summer,2012,Casual,Gini and Jony Girls Printed Blue Top,c:\Users\LEGION\Documents\jupyter_notebook\Fashion-Intelligence-System\A2_FashionDataset\FashionDataset\train\images_train\39852.jpg,False
39872,f4faa0f238fc5b0aeae2fffc0b6bf969,c6db58bbc289347bbcc2e0b22e9aa84d,True,False,Women,Footwear,Shoes,Heels,Red,Winter,2012,Casual,Catwalk Women Red Flats,c:\Users\LEGION\Documents\jupyter_notebook\Fashion-Intelligence-System\A2_FashionDataset\FashionDataset\train\images_train\39872.jpg,False
41689,f4faa0f238fc5b0aeae2fffc0b6bf969,c6db58bbc289347bbcc2e0b22e9aa84d,True,False,Women,Footwear,Shoes,Heels,Red,Winter,2012,Casual,Catwalk Women Red Flats,c:\Users\LEGION\Documents\jupyter_notebook\Fashion-Intelligence-System\A2_FashionDataset\FashionDataset\train\images_train\41689.jpg,False
40125,110055db476fb19e807530507a1a94f8,f7de04b789a7c5b0dbc1a25cc18c643e,True,False,Boys,Apparel,Bottomwear,Shorts,Black,Summer,2012,Casual,Gini and Jony Boys Customised Black Shorts,c:\Users\LEGION\Documents\jupyter_notebook\Fashion-Intelligence-System\A2_FashionDataset\FashionDataset\train\images_train\40125.jpg,False
41992,110055db476fb19e807530507a1a94f8,f7de04b789a7c5b0dbc1a25cc18c643e,True,False,Boys,Apparel,Bottomwear,Shorts,Black,Summer,2012,Casual,Gini and Jony Boys Customised Black Shorts,c:\Users\LEGION\Documents\jupyter_notebook\Fashion-Intelligence-System\A2_FashionDataset\FashionDataset\train\images_train\41992.jpg,False
41993,110055db476fb19e807530507a1a94f8,f7de04b789a7c5b0dbc1a25cc18c643e,True,False,Boys,Apparel,Bottomwear,Shorts,Black,Summer,2012,Casual,Gini and Jony Boys Customised Black Shorts,c:\Users\LEGION\Documents\jupyter_notebook\Fashion-Intelligence-System\A2_FashionDataset\FashionDataset\train\images_train\41993.jpg,False
40126,37606086ad90de5460cc0e3192e087eb,f0883eb208d77c740d9fc2ffcd54b7c6,True,False,Boys,Apparel,Bottomwear,Shorts,White,Summer,2012,Casual,Gini and Jony Boys Boxer White Shorts,c:\Users\LEGION\Documents\jupyter_notebook\Fashion-Intelligence-System\A2_FashionDataset\FashionDataset\train\images_train\40126.jpg,False
41994,37606086ad90de5460cc0e3192e087eb,f0883eb208d77c740d9fc2ffcd54b7c6,True,False,Boys,Apparel,Bottomwear,Shorts,White,Summer,2012,Casual,Gini and Jony Boys Boxer White Shorts,c:\Users\LEGION\Documents\jupyter_notebook\Fashion-Intelligence-System\A2_FashionDataset\FashionDataset\train\images_train\41994.jpg,False
40127,95c48de8c1447b7531b313010388f856,f122e462d437c34528ee4ddd5814be6f,True,False,Girls,Apparel,Dress,Dresses,Black,Summer,2012,Casual,Gini and Jony Girls Roseatte Black Dress,c:\Users\LEGION\Documents\jupyter_notebook\Fashion-Intelligence-System\A2_FashionDataset\FashionDataset\train\images_train\40127.jpg,False
41996,95c48de8c1447b7531b313010388f856,f122e462d437c34528ee4ddd5814be6f,True,False,Girls,Apparel,Dress,Dresses,Black,Summer,2012,Casual,Gini and Jony Girls Roseatte Black Dress,c:\Users\LEGION\Documents\jupyter_notebook\Fashion-Intelligence-System\A2_FashionDataset\FashionDataset\train\images_train\41996.jpg,False
40132,fcb88969f23280abf6dd328c1a30dd0d,7bd3214f98ded7a0aaa07af3646ad72e,True,False,Boys,Apparel,Topwear,Shirts,Red,Summer,2012,Casual,Gini and Jony Boys Authentic Red Shirt,c:\Users\LEGION\Documents\jupyter_notebook\Fashion-Intelligence-System\A2_FashionDataset\FashionDataset\train\images_train\40132.jpg,False
41960,fcb88969f23280abf6dd328c1a30dd0d,7bd3214f98ded7a0aaa07af3646ad72e,True,False,Boys,Apparel,Topwear,Shirts,Red,Summer,2012,Casual,Gini and Jony Boys Authentic Red Shirt,c:\Users\LEGION\Documents\jupyter_notebook\Fashion-Intelligence-System\A2_FashionDataset\FashionDataset\train\images_train\41960.jpg,False
40133,b755926b58194d4093b2be317ce9c929,8274bfebfe76e87bde5b7fa84f384c94,True,False,Boys,Apparel,Topwear,Shirts,Blue,Summer,2012,Casual,Gini and Jony Boys Check Blue Shirt,c:\Users\LEGION\Documents\jupyter_notebook\Fashion-Intelligence-System\A2_FashionDataset\FashionDataset\train\images_train\40133.jpg,False
41988,b755926b58194d4093b2be317ce9c929,8274bfebfe76e87bde5b7fa84f384c94,True,False,Boys,Apparel,Topwear,Shirts,Blue,Summer,2012,Casual,Gini and Jony Boys Check Blue Shirt,c:\Users\LEGION\Documents\jupyter_notebook\Fashion-Intelligence-System\A2_FashionDataset\FashionDataset\train\images_train\41988.jpg,False
41989,b755926b58194d4093b2be317ce9c929,8274bfebfe76e87bde5b7fa84f384c94,True,False,Boys,Apparel,Topwear,Shirts,Blue,Summer,2012,Casual,Gini and Jony Boys Check Blue Shirt,c:\Users\LEGION\Documents\jupyter_notebook\Fashion-Intelligence-System\A2_FashionDataset\FashionDataset\train\images_train\41989.jpg,False
40134,40d6fc4b637edf9ae54e7199a7ef1894,caabcf11574bfd1333abc57bb7a36f2d,True,False,Boys,Apparel,Topwear,Shirts,Black,Summer,2012,Casual,Gini and Jony Boys Check Black Shirt,c:\Users\LEGION\Documents\jupyter_notebook\Fashion-Intelligence-System\A2_FashionDataset\FashionDataset\train\images_train\40134.jpg,False
41990,40d6fc4b637edf9ae54e7199a7ef1894,caabcf11574bfd1333abc57bb7a36f2d,True,False,Boys,Apparel,Topwear,Shirts,Black,Summer,2012,Casual,Gini and Jony Boys Check Black Shirt,c:\Users\LEGION\Documents\jupyter_notebook\Fashion-Intelligence-System\A2_FashionDataset\FashionDataset\train\images_train\41990.jpg,False
41991,40d6fc4b637edf9ae54e7199a7ef1894,caabcf11574bfd1333abc57bb7a36f2d,True,False,Boys,Apparel,Topwear,Shirts,Black,Summer,2012,Casual,Gini and Jony Boys Check Black Shirt,c:\Users\LEGION\Documents\jupyter_notebook\Fashion-Intelligence-System\A2_FashionDataset\FashionDataset\train\images_train\41991.jpg,False
40135,06d10af3f7004eb2877836fdd5bf7294,962b037560c7844dc268dbb0f9d7a4c5,True,False,Boys,Apparel,Topwear,Tshirts,White,Summer,2012,Casual,Gini and Jony Boys Aviator White T-shirt,c:\Users\LEGION\Documents\jupyter_notebook\Fashion-Intelligence-System\A2_FashionDataset\FashionDataset\train\images_train\40135.jpg,False
41982,06d10af3f7004eb2877836fdd5bf7294,962b037560c7844dc268dbb0f9d7a4c5,True,False,Boys,Apparel,Topwear,Tshirts,White,Summer,2012,Casual,Gini and Jony Boys Aviator White T-shirt,c:\Users\LEGION\Documents\jupyter_notebook\Fashion-Intelligence-System\A2_FashionDataset\FashionDataset\train\images_train\41982.jpg,False
40136,1946269e4b05ce4343a5a333e0738281,e9540c330feb2f8bd7550308e61a0b66,True,False,Boys,Apparel,Topwear,Tshirts,White,Summer,2012,Casual,Gini and Jony Boys Around The World White T-shirt,c:\Users\LEGION\Documents\jupyter_notebook\Fashion-Intelligence-System\A2_FashionDataset\FashionDataset\train\images_train\40136.jpg,False
41983,1946269e4b05ce4343a5a333e0738281,e9540c330feb2f8bd7550308e61a0b66,True,False,Boys,Apparel,Topwear,Tshirts,White,Summer,2012,Casual,Gini and Jony Boys Around The World White T-shirt,c:\Users\LEGION\Documents\jupyter_notebook\Fashion-Intelligence-System\A2_FashionDataset\FashionDataset\train\images_train\41983.jpg,False
41984,1946269e4b05ce4343a5a333e0738281,e9540c330feb2f8bd7550308e61a0b66,True,False,Boys,Apparel,Topwear,Tshirts,White,Summer,2012,Casual,Gini and Jony Boys Around The World White T-shirt,c:\Users\LEGION\Documents\jupyter_notebook\Fashion-Intelligence-System\A2_FashionDataset\FashionDataset\train\images_train\41984.jpg,False
40137,5c4b55ccc8f0e9433958e24772d3a684,7d765e0408265a3d21938c76d852bf2a,True,False,Boys,Apparel,Topwear,Tshirts,Grey,Summer,2012,Casual,Gini and Jony Boys Around The World Grey T-shirt,c:\Users\LEGION\Documents\jupyter_notebook\Fashion-Intelligence-System\A2_FashionDataset\FashionDataset\train\images_train\40137.jpg,False
41979,5c4b55ccc8f0e9433958e24772d3a684,7d765e0408265a3d21938c76d852bf2a,True,False,Boys,Apparel,Topwear,Tshirts,Grey,Summer,2012,Casual,Gini and Jony Boys Around The World Grey T-shirt,c:\Users\LEGION\Documents\jupyter_notebook\Fashion-Intelligence-System\A2_FashionDataset\FashionDataset\train\images_train\41979.jpg,False
40138,cee56fe8c34e452550cf0fa5af0d121d,f8c7ac8033ecee6fd55e94c28e31f6f8,True,False,Boys,Apparel,Topwear,Tshirts,Yellow,Summer,2012,Casual,Gini and Jony Boys Under The Sun Yellow T-shirt,c:\Users\LEGION\Documents\jupyter_notebook\Fashion-Intelligence-System\A2_FashionDataset\FashionDataset\train\images_train\40138.jpg,False
41985,cee56fe8c34e452550cf0fa5af0d121d,f8c7ac8033ecee6fd55e94c28e31f6f8,True,False,Boys,Apparel,Topwear,Tshirts,Yellow,Summer,2012,Casual,Gini and Jony Boys Under The SunYellow T-shirt,c:\Users\LEGION\Documents\jupyter_notebook\Fashion-Intelligence-System\A2_FashionDataset\FashionDataset\train\images_train\41985.jpg,False
40139,5d19f793a16c6c0c2d9d9a96305c9ce1,73d49d78507b9b4aaea3a4aceb18cc1c,True,False,Boys,Apparel,Topwear,Tshirts,Navy Blue,Summer,2012,Casual,Gini and JonyBoys Around The World Navy Blue T-shirt,c:\Users\LEGION\Documents\jupyter_notebook\Fashion-Intelligence-System\A2_FashionDataset\FashionDataset\train\images_train\40139.jpg,False
41986,5d19f793a16c6c0c2d9d9a96305c9ce1,73d49d78507b9b4aaea3a4aceb18cc1c,True,False,Boys,Apparel,Topwear,Tshirts,Navy Blue,Summer,2012,Casual,Gini and Jony Boys Around The World Navy Blue T-shirt,c:\Users\LEGION\Documents\jupyter_notebook\Fashion-Intelligence-System\A2_FashionDataset\FashionDataset\train\images_train\41986.jpg,False
40141,6ef96939008b287310e1e84ebc6e30e8,ddfa93758415c7f74e75ece0eb985173,True,False,Boys,Apparel,Topwear,Tshirts,Blue,Summer,2012,Casual,Gini and Jony Boys Core Blue T-shirt,c:\Users\LEGION\Documents\jupyter_notebook\Fashion-Intelligence-System\A2_FashionDataset\FashionDataset\train\images_train\40141.jpg,False
41987,6ef96939008b287310e1e84ebc6e30e8,ddfa93758415c7f74e75ece0eb985173,True,False,Boys,Apparel,Topwear,Tshirts,Blue,Summer,2012,Casual,Gini and Jony Boys Core Blue T-shirt,c:\Users\LEGION\Documents\jupyter_notebook\Fashion-Intelligence-System\A2_FashionDataset\FashionDataset\train\images_train\41987.jpg,False
40143,45dc51a417039c7bc19fec956156d40e,9eab7b8aaa6cc18eac84aa1738afefd4,True,False,Girls,Apparel,Topwear,Tops,Blue,Summer,2012,Casual,Gini and Jony Girls Pretty Blossom Blue Top,c:\Users\LEGION\Documents\jupyter_notebook\Fashion-Intelligence-System\A2_FashionDataset\FashionDataset\train\images_train\40143.jpg,False
41997,45dc51a417039c7bc19fec956156d40e,9eab7b8aaa6cc18eac84aa1738afefd4,True,False,Girls,Apparel,Topwear,Tops,Blue,Summer,2012,Casual,Gini and Jony Girls Pretty Blossom Blue Top,c:\Users\LEGION\Documents\jupyter_notebook\Fashion-Intelligence-System\A2_FashionDataset\FashionDataset\train\images_train\41997.jpg,False
41998,45dc51a417039c7bc19fec956156d40e,9eab7b8aaa6cc18eac84aa1738afefd4,True,False,Girls,Apparel,Topwear,Tops,Blue,Summer,2012,Casual,Gini and Jony Girls Pretty Blossom Blue Top,c:\Users\LEGION\Documents\jupyter_notebook\Fashion-Intelligence-System\A2_FashionDataset\FashionDataset\train\images_train\41998.jpg,False
40144,7dcfa7111dd8221357ea5335a6a5c013,f840673fcd7fe82175da705e36b35415,True,False,Girls,Apparel,Topwear,Tops,Pink,Summer,2012,Casual,Gini and Jony Girls Pretty Blossom Pink Top,c:\Users\LEGION\Documents\jupyter_notebook\Fashion-Intelligence-System\A2_FashionDataset\FashionDataset\train\images_train\40144.jpg,False
41999,7dcfa7111dd8221357ea5335a6a5c013,f840673fcd7fe82175da705e36b35415,True,False,Girls,Apparel,Topwear,Tops,Pink,Summer,2012,Casual,Gini and Jony Girls Pretty Blossom Pink Top,c:\Users\LEGION\Documents\jupyter_notebook\Fashion-Intelligence-System\A2_FashionDataset\FashionDataset\train\images_train\41999.jpg,False
40145,93cb8447b2fd2a040a8f051c549f2420,d1233312043555f428cc06e2cc6ed3f6,True,False,Girls,Apparel,Bottomwear,Capris,Pink,Summer,2012,Casual,Gini and Jony Girls Kinky Pink Capris,c:\Users\LEGION\Documents\jupyter_notebook\Fashion-Intelligence-System\A2_FashionDataset\FashionDataset\train\images_train\40145.jpg,False
42001,93cb8447b2fd2a040a8f051c549f2420,d1233312043555f428cc06e2cc6ed3f6,True,False,Girls,Apparel,Bottomwear,Capris,Pink,Summer,2012,Casual,Gini and Jony Girls Kinky Pink Capris,c:\Users\LEGION\Documents\jupyter_notebook\Fashion-Intelligence-System\A2_FashionDataset\FashionDataset\train\images_train\42001.jpg,False
42002,93cb8447b2fd2a040a8f051c549f2420,d1233312043555f428cc06e2cc6ed3f6,True,False,Girls,Apparel,Bottomwear,Capris,Pink,Summer,2012,Casual,Gini and Jony Girls Kinky Pink Capris,c:\Users\LEGION\Documents\jupyter_notebook\Fashion-Intelligence-System\A2_FashionDataset\FashionDataset\train\images_train\42002.jpg,False
40146,0983393086aa7725d9e799d6ad01c780,ff02d71a0e01131dafb44d20e76c5b42,True,False,Girls,Apparel,Bottomwear,Capris,Black,Summer,2012,Casual,Gini and Jony Girls Elasticated Black Capris,c:\Users\LEGION\Documents\jupyter_notebook\Fashion-Intelligence-System\A2_FashionDataset\FashionDataset\train\images_train\40146.jpg,False
42003,0983393086aa7725d9e799d6ad01c780,ff02d71a0e01131dafb44d20e76c5b42,True,False,Girls,Apparel,Bottomwear,Capris,Black,Summer,2012,Casual,Gini and Jony Girls Elasticated Black Capris,c:\Users\LEGION\Documents\jupyter_notebook\Fashion-Intelligence-System\A2_FashionDataset\FashionDataset\train\images_train\42003.jpg,False
42004,0983393086aa7725d9e799d6ad01c780,ff02d71a0e01131dafb44d20e76c5b42,True,False,Girls,Apparel,Bottomwear,Capris,Black,Summer,2012,Casual,Gini and Jony Girls Elasticated Black Capris,c:\Users\LEGION\Documents\jupyter_notebook\Fashion-Intelligence-System\A2_FashionDataset\FashionDataset\train\images_train\42004.jpg,False
40147,40ebd2c1be972bbe28fa9829c4ad2857,af5dc71d2b8bec388ceb15d06d85673a,True,False,Girls,Apparel,Bottomwear,Capris,Blue,Summer,2012,Casual,Gini and Jony Girls Blue Pedal Pusher,c:\Users\LEGION\Documents\jupyter_notebook\Fashion-Intelligence-System\A2_FashionDataset\FashionDataset\train\images_train\40147.jpg,False
41995,40ebd2c1be972bbe28fa9829c4ad2857,af5dc71d2b8bec388ceb15d06d85673a,True,False,Girls,Apparel,Bottomwear,Capris,Blue,Summer,2012,Casual,Gini and Jony Girls Blue Pedal Pusher,c:\Users\LEGION\Documents\jupyter_notebook\Fashion-Intelligence-System\A2_FashionDataset\FashionDataset\train\images_train\41995.jpg,False
40150,43f0fefdbfb75641abecfb7e9753bf66,cdda8a5b8ebfaf4e1b0666d7d397ad1f,True,False,Boys,Apparel,Topwear,Tshirts,Grey,Summer,2012,Casual,Gini and Jony Boys Surfs Up Grey T-shirt,c:\Users\LEGION\Documents\jupyter_notebook\Fashion-Intelligence-System\A2_FashionDataset\FashionDataset\train\images_train\40150.jpg,False
41957,43f0fefdbfb75641abecfb7e9753bf66,cdda8a5b8ebfaf4e1b0666d7d397ad1f,True,False,Boys,Apparel,Topwear,Tshirts,Grey,Summer,2012,Casual,Gini and Jony Boys Surfs Up Grey T-shirt,c:\Users\LEGION\Documents\jupyter_notebook\Fashion-Intelligence-System\A2_FashionDataset\FashionDataset\train\images_train\41957.jpg,False
41958,43f0fefdbfb75641abecfb7e9753bf66,cdda8a5b8ebfaf4e1b0666d7d397ad1f,True,False,Boys,Apparel,Topwear,Tshirts,Grey,Summer,2012,Casual,Gini and Jony Boys Surfs Up Grey T-shirt,c:\Users\LEGION\Documents\jupyter_notebook\Fashion-Intelligence-System\A2_FashionDataset\FashionDataset\train\images_train\41958.jpg,False
40151,8a2d6a10d4242d1a2cd363e5482d9329,7cae4f335cdc008ed6e09edb5ebccbd0,True,False,Boys,Apparel,Topwear,Tshirts,White,Summer,2012,Casual,Gini and Jony Boys United White T-shirt,c:\Users\LEGION\Documents\jupyter_notebook\Fashion-Intelligence-System\A2_FashionDataset\FashionDataset\train\images_train\40151.jpg,False
41967,8a2d6a10d4242d1a2cd363e5482d9329,7cae4f335cdc008ed6e09edb5ebccbd0,True,False,Boys,Apparel,Topwear,Tshirts,White,Summer,2012,Casual,Gini and Jony Boys United White T-shirt,c:\Users\LEGION\Documents\jupyter_notebook\Fashion-Intelligence-System\A2_FashionDataset\FashionDataset\train\images_train\41967.jpg,False
41968,8a2d6a10d4242d1a2cd363e5482d9329,7cae4f335cdc008ed6e09edb5ebccbd0,True,False,Boys,Apparel,Topwear,Tshirts,White,Summer,2012,Casual,Gini and Jony Boys United White T-shirt,c:\Users\LEGION\Documents\jupyter_notebook\Fashion-Intelligence-System\A2_FashionDataset\FashionDataset\train\images_train\41968.jpg,False
40152,5b0e50dc6712521792e6f5a6e39a7fe6,1ee7beac9dca3a28e133cbd039821234,True,False,Boys,Apparel,Topwear,Tshirts,Red,Summer,2012,Casual,Gini and Jony Boys Surfs Up Red T-shirt,c:\Users\LEGION\Documents\jupyter_notebook\Fashion-Intelligence-System\A2_FashionDataset\FashionDataset\train\images_train\40152.jpg,False
41969,5b0e50dc6712521792e6f5a6e39a7fe6,1ee7beac9dca3a28e133cbd039821234,True,False,Boys,Apparel,Topwear,Tshirts,Red,Summer,2012,Casual,Gini and Jony Boys Surfs Up Red T-shirt,c:\Users\LEGION\Documents\jupyter_notebook\Fashion-Intelligence-System\A2_FashionDataset\FashionDataset\train\images_train\41969.jpg,False
41970,5b0e50dc6712521792e6f5a6e39a7fe6,1ee7beac9dca3a28e133cbd039821234,True,False,Boys,Apparel,Topwear,Tshirts,Red,Summer,2012,Casual,Gini and Jony Boys Surfs Up Red T-shirt,c:\Users\LEGION\Documents\jupyter_notebook\Fashion-Intelligence-System\A2_FashionDataset\FashionDataset\train\images_train\41970.jpg,False
40153,136cb40472a25463747d212996636165,fe20759ec6985a813252c062fd1b4874,True,False,Boys,Apparel,Topwear,Tshirts,Black,Summer,2012,Casual,Gini and Jony Boys Surfs Up Black T-shirt,c:\Users\LEGION\Documents\jupyter_notebook\Fashion-Intelligence-System\A2_FashionDataset\FashionDataset\train\images_train\40153.jpg,False
41965,136cb40472a25463747d212996636165,fe20759ec6985a813252c062fd1b4874,True,False,Boys,Apparel,Topwear,Tshirts,Black,Summer,2012,Casual,Gini and Jony Boys Surfs Up Black T-shirt,c:\Users\LEGION\Documents\jupyter_notebook\Fashion-Intelligence-System\A2_FashionDataset\FashionDataset\train\images_train\41965.jpg,False
41966,136cb40472a25463747d212996636165,fe20759ec6985a813252c062fd1b4874,True,False,Boys,Apparel,Topwear,Tshirts,Black,Summer,2012,Casual,Gini and Jony Boys Surfs Up Black T-shirt,c:\Users\LEGION\Documents\jupyter_notebook\Fashion-Intelligence-System\A2_FashionDataset\FashionDataset\train\images_train\41966.jpg,False
40154,9c70888db384bd96addf82338f08773b,35b9c7573817948798c11db16af26b5b,True,False,Boys,Apparel,Topwear,Tshirts,Green,Summer,2012,Casual,Gini and Jony Boys Rugby Green T-shirt,c:\Users\LEGION\Documents\jupyter_notebook\Fashion-Intelligence-System\A2_FashionDataset\FashionDataset\train\images_train\40154.jpg,False
41959,9c70888db384bd96addf82338f08773b,35b9c7573817948798c11db16af26b5b,True,False,Boys,Apparel,Topwear,Tshirts,Green,Summer,2012,Casual,Gini and Jony Boys Rugby Green T-shirt,c:\Users\LEGION\Documents\jupyter_notebook\Fashion-Intelligence-System\A2_FashionDataset\FashionDataset\train\images_train\41959.jpg,False
40155,9f6f12ab5ef10ccc4549bd54c21fbdee,02cf58b7ac787f364ca86d61237e8342,True,False,Boys,Apparel,Bottomwear,Shorts,White,Summer,2012,Casual,Gini and Jony Boys Beach White Shorts,c:\Users\LEGION\Documents\jupyter_notebook\Fashion-Intelligence-System\A2_FashionDataset\FashionDataset\train\images_train\40155.jpg,False
41977,9f6f12ab5ef10ccc4549bd54c21fbdee,02cf58b7ac787f364ca86d61237e8342,True,False,Boys,Apparel,Bottomwear,Shorts,White,Summer,2012,Casual,Gini and Jony Boys Beach White Shorts,c:\Users\LEGION\Documents\jupyter_notebook\Fashion-Intelligence-System\A2_FashionDataset\FashionDataset\train\images_train\41977.jpg,False
40156,bbfc5734ad39ead82c95c0135e7cd3cd,d2e805a7c0f6a25265f43af98399b951,True,False,Girls,Apparel,Topwear,Tops,Green,Summer,2012,Casual,Gini and Jony Girls Core Green Top,c:\Users\LEGION\Documents\jupyter_notebook\Fashion-Intelligence-System\A2_FashionDataset\FashionDataset\train\images_train\40156.jpg,False
41963,bbfc5734ad39ead82c95c0135e7cd3cd,d2e805a7c0f6a25265f43af98399b951,True,False,Girls,Apparel,Topwear,Tops,Green,Summer,2012,Casual,Gini and Jony Girls Core Green Top,c:\Users\LEGION\Documents\jupyter_notebook\Fashion-Intelligence-System\A2_FashionDataset\FashionDataset\train\images_train\41963.jpg,False
40158,95f4ce60e265d6229143bdc3657c68d8,fb639627877e7cd840f5f8b10d94648f,True,False,Girls,Apparel,Topwear,Tops,Blue,Summer,2012,Casual,Gini and Jony Girls Summer Up Blue Top,c:\Users\LEGION\Documents\jupyter_notebook\Fashion-Intelligence-System\A2_FashionDataset\FashionDataset\train\images_train\40158.jpg,False
41971,95f4ce60e265d6229143bdc3657c68d8,fb639627877e7cd840f5f8b10d94648f,True,False,Girls,Apparel,Topwear,Tops,Blue,Summer,2012,Casual,Gini and Jony Girls Summer Up Blue Top,c:\Users\LEGION\Documents\jupyter_notebook\Fashion-Intelligence-System\A2_FashionDataset\FashionDataset\train\images_train\41971.jpg,False
41972,95f4ce60e265d6229143bdc3657c68d8,fb639627877e7cd840f5f8b10d94648f,True,False,Girls,Apparel,Topwear,Tops,Blue,Summer,2012,Casual,Gini and Jony Girls Summer Up Blue Top,c:\Users\LEGION\Documents\jupyter_notebook\Fashion-Intelligence-System\A2_FashionDataset\FashionDataset\train\images_train\41972.jpg,False
40159,4bd2eb173580e74da843d41b285b7d15,5e64040019eaca04a0326767e91b3967,True,False,Girls,Apparel,Topwear,Tops,Pink,Summer,2012,Casual,Gini and Jony Girls Pink Top,c:\Users\LEGION\Documents\jupyter_notebook\Fashion-Intelligence-System\A2_FashionDataset\FashionDataset\train\images_train\40159.jpg,False
43041,4bd2eb173580e74da843d41b285b7d15,5e64040019eaca04a0326767e91b3967,True,False,Girls,Apparel,Topwear,Tops,Pink,Summer,2012,Casual,Gini and Jony Girls Pink Top,c:\Users\LEGION\Documents\jupyter_notebook\Fashion-Intelligence-System\A2_FashionDataset\FashionDataset\train\images_train\43041.jpg,False
43042,4bd2eb173580e74da843d41b285b7d15,5e64040019eaca04a0326767e91b3967,True,False,Girls,Apparel,Topwear,Tops,Pink,Summer,2012,Casual,Gini and Jony Girls Pink Top,c:\Users\LEGION\Documents\jupyter_notebook\Fashion-Intelligence-System\A2_FashionDataset\FashionDataset\train\images_train\43042.jpg,False
40160,534d4e6e19619cd5f60be9bbe9cdd64c,a011d0757265ce0e4f23051abb2e2bd8,True,False,Boys,Apparel,Bottomwear,Jeans,Navy Blue,Summer,2012,Casual,Gini and Jony Boys Raw Wash Navy Blue Jeans,c:\Users\LEGION\Documents\jupyter_notebook\Fashion-Intelligence-System\A2_FashionDataset\FashionDataset\train\images_train\40160.jpg,False
41961,534d4e6e19619cd5f60be9bbe9cdd64c,a011d0757265ce0e4f23051abb2e2bd8,True,False,Boys,Apparel,Bottomwear,Jeans,Navy Blue,Summer,2012,Casual,Gini and Jony Boys Raw Wash Navy Blue Jeans,c:\Users\LEGION\Documents\jupyter_notebook\Fashion-Intelligence-System\A2_FashionDataset\FashionDataset\train\images_train\41961.jpg,False
41962,534d4e6e19619cd5f60be9bbe9cdd64c,a011d0757265ce0e4f23051abb2e2bd8,True,False,Boys,Apparel,Bottomwear,Jeans,Navy Blue,Summer,2012,Casual,Gini and Jony Raw Wash Navy Blue Jeans,c:\Users\LEGION\Documents\jupyter_notebook\Fashion-Intelligence-System\A2_FashionDataset\FashionDataset\train\images_train\41962.jpg,False
40161,538c5064dc50c9b8e2553c7d1d4b880a,975f985e757357fcd9bc02d7672f48ba,True,False,Girls,Apparel,Bottomwear,Capris,White,Summer,2012,Casual,Gini and Jony Girls White Pedal Pusher,c:\Users\LEGION\Documents\jupyter_notebook\Fashion-Intelligence-System\A2_FashionDataset\FashionDataset\train\images_train\40161.jpg,False
41975,538c5064dc50c9b8e2553c7d1d4b880a,975f985e757357fcd9bc02d7672f48ba,True,False,Girls,Apparel,Bottomwear,Capris,White,Summer,2012,Casual,Gini and Jony Girls White Pedal Pusher,c:\Users\LEGION\Documents\jupyter_notebook\Fashion-Intelligence-System\A2_FashionDataset\FashionDataset\train\images_train\41975.jpg,False
41976,538c5064dc50c9b8e2553c7d1d4b880a,975f985e757357fcd9bc02d7672f48ba,True,False,Girls,Apparel,Bottomwear,Capris,White,Summer,2012,Casual,Gini and Jony Girls White Pedal Pusher,c:\Users\LEGION\Documents\jupyter_notebook\Fashion-Intelligence-System\A2_FashionDataset\FashionDataset\train\images_train\41976.jpg,False
40254,964a10127664abd8ceb894d485a41972,67b9a8442b8e222b448f10a8d452c9f3,True,False,Men,Apparel,Topwear,Shirts,Green,Summer,2012,Casual,Scullers Men Green & Navy Blue Shirt,c:\Users\LEGION\Documents\jupyter_notebook\Fashion-Intelligence-System\A2_FashionDataset\FashionDataset\train\images_train\40254.jpg,False
43037,964a10127664abd8ceb894d485a41972,67b9a8442b8e222b448f10a8d452c9f3,True,False,Men,Apparel,Topwear,Shirts,Green,Summer,2012,Casual,Scullers Men Green & Navy Blue Shirt,c:\Users\LEGION\Documents\jupyter_notebook\Fashion-Intelligence-System\A2_FashionDataset\FashionDataset\train\images_train\43037.jpg,False
40258,c9acda72c0887dfee9bf6d7e31b3cf0c,d5b5b9f20a3fa9c72328e6e91f8252fc,True,False,Men,Apparel,Topwear,Shirts,White,Summer,2012,Casual,Scullers Men White & Navy Blue Shirt,c:\Users\LEGION\Documents\jupyter_notebook\Fashion-Intelligence-System\A2_FashionDataset\FashionDataset\train\images_train\40258.jpg,False
43036,c9acda72c0887dfee9bf6d7e31b3cf0c,d5b5b9f20a3fa9c72328e6e91f8252fc,True,False,Men,Apparel,Topwear,Shirts,White,Summer,2012,Casual,Scullers Men White & Navy Blue Shirt,c:\Users\LEGION\Documents\jupyter_notebook\Fashion-Intelligence-System\A2_FashionDataset\FashionDataset\train\images_train\43036.jpg,False
40261,9e44721808766d6434fd11ce7c974727,6f32120b586bf2972fc526dc3d572876,True,False,Men,Apparel,Topwear,Shirts,Purple,Summer,2012,Casual,Scullers Men Check Purple & Green Shirt,c:\Users\LEGION\Documents\jupyter_notebook\Fashion-Intelligence-System\A2_FashionDataset\FashionDataset\train\images_train\40261.jpg,False
43406,9e44721808766d6434fd11ce7c974727,6f32120b586bf2972fc526dc3d572876,True,False,Men,Apparel,Topwear,Shirts,Purple,Summer,2012,Casual,Scullers Men Purple Shirt,c:\Users\LEGION\Documents\jupyter_notebook\Fashion-Intelligence-System\A2_FashionDataset\FashionDataset\train\images_train\43406.jpg,False
40985,e98408a53635f9582d57a5519e21c90f,2b85f92ef563dd8cbe742ebc7e990732,True,False,Boys,Apparel,Topwear,Tshirts,White,Summer,2012,Casual,Gini and Jony Boys United White T-shirt,c:\Users\LEGION\Documents\jupyter_notebook\Fashion-Intelligence-System\A2_FashionDataset\FashionDataset\train\images_train\40985.jpg,False
40986,e98408a53635f9582d57a5519e21c90f,2b85f92ef563dd8cbe742ebc7e990732,True,False,Boys,Apparel,Topwear,Tshirts,White,Summer,2012,Casual,Gini and Jony Boys United White T-shirt,c:\Users\LEGION\Documents\jupyter_notebook\Fashion-Intelligence-System\A2_FashionDataset\FashionDataset\train\images_train\40986.jpg,False
41009,0ba9d56972578850f4ed3f0ca27c1eb2,7f84eeb45066615aa1a1fa0238763ed1,True,False,Girls,Apparel,Bottomwear,Jeans,Navy Blue,Summer,2012,Casual,Gini and Jony Girls Woven Navy Blue Jeans,c:\Users\LEGION\Documents\jupyter_notebook\Fashion-Intelligence-System\A2_FashionDataset\FashionDataset\train\images_train\41009.jpg,False
41010,0ba9d56972578850f4ed3f0ca27c1eb2,7f84eeb45066615aa1a1fa0238763ed1,True,False,Girls,Apparel,Bottomwear,Jeans,Navy Blue,Summer,2012,Casual,Gini and Jony Girls Woven Navy Blue Jeans,c:\Users\LEGION\Documents\jupyter_notebook\Fashion-Intelligence-System\A2_FashionDataset\FashionDataset\train\images_train\41010.jpg,False
41236,8e5fd7a3c1befd66bcf5f294fc6df864,752c6ac505180c53a470cdde36fc506d,True,False,Girls,Apparel,Bottomwear,Capris,Black,Summer,2012,Casual,Gini and Jony Kids Girls Black Capris,c:\Users\LEGION\Documents\jupyter_notebook\Fashion-Intelligence-System\A2_FashionDataset\FashionDataset\train\images_train\41236.jpg,False
47151,8e5fd7a3c1befd66bcf5f294fc6df864,752c6ac505180c53a470cdde36fc506d,True,False,Girls,Apparel,Bottomwear,Capris,Black,Summer,2012,Casual,Gini and Jony Kids Girls Black Capris,c:\Users\LEGION\Documents\jupyter_notebook\Fashion-Intelligence-System\A2_FashionDataset\FashionDataset\train\images_train\47151.jpg,False
41300,b308fca2309a5174b5f67439e69a3abd,2e1b86af43590465fc65c78eac903374,True,False,Girls,Apparel,Topwear,Tshirts,Green,Summer,2012,Casual,Gini and Jony Girls Polo Striped Blue T-shirt,c:\Users\LEGION\Documents\jupyter_notebook\Fashion-Intelligence-System\A2_FashionDataset\FashionDataset\train\images_train\41300.jpg,False
43590,b308fca2309a5174b5f67439e69a3abd,2e1b86af43590465fc65c78eac903374,True,False,Girls,Apparel,Topwear,Tshirts,Blue,Summer,2012,Casual,Gini and Jony Girls Polo Striped Blue T-shirt,c:\Users\LEGION\Documents\jupyter_notebook\Fashion-Intelligence-System\A2_FashionDataset\FashionDataset\train\images_train\43590.jpg,False
41301,5e38f003bc14a22eed9f6c5b9f2a0063,af43791da1cee21c79db4d14decc1935,True,False,Girls,Apparel,Topwear,Tshirts,Pink,Summer,2012,Casual,Gini and Jony Grils Polo Striped Pink T-shirt,c:\Users\LEGION\Documents\jupyter_notebook\Fashion-Intelligence-System\A2_FashionDataset\FashionDataset\train\images_train\41301.jpg,False
43592,5e38f003bc14a22eed9f6c5b9f2a0063,af43791da1cee21c79db4d14decc1935,True,False,Girls,Apparel,Topwear,Tshirts,Pink,Summer,2012,Casual,Gini and Jony Girls Polo Striped Pink T-shirt,c:\Users\LEGION\Documents\jupyter_notebook\Fashion-Intelligence-System\A2_FashionDataset\FashionDataset\train\images_train\43592.jpg,False
43593,5e38f003bc14a22eed9f6c5b9f2a0063,af43791da1cee21c79db4d14decc1935,True,False,Girls,Apparel,Topwear,Tshirts,Pink,Summer,2012,Casual,Gini and Jony Girls Polo Striped Pink T-shirt,c:\Users\LEGION\Documents\jupyter_notebook\Fashion-Intelligence-System\A2_FashionDataset\FashionDataset\train\images_train\43593.jpg,False
41302,19233df3c894ba026098112eafae441f,4351ef97f5d3889787f3c1b3df4334a7,True,False,Girls,Apparel,Dress,Dresses,Pink,Summer,2012,Casual,Gini and Jony Girls Blue Saloppette,c:\Users\LEGION\Documents\jupyter_notebook\Fashion-Intelligence-System\A2_FashionDataset\FashionDataset\train\images_train\41302.jpg,False
43586,19233df3c894ba026098112eafae441f,4351ef97f5d3889787f3c1b3df4334a7,True,False,Girls,Apparel,Dress,Dresses,Blue,Summer,2012,Casual,Gini and Jony Girls Blue Saloppette,c:\Users\LEGION\Documents\jupyter_notebook\Fashion-Intelligence-System\A2_FashionDataset\FashionDataset\train\images_train\43586.jpg,False
41304,81186e7e6f8e469519f559f68d7de839,493dacd86da3ad8795a405b5b1e2944e,True,False,Boys,Apparel,Topwear,Shirts,White,Summer,2012,Casual,Gini and Jony Boys White Check Shirt,c:\Users\LEGION\Documents\jupyter_notebook\Fashion-Intelligence-System\A2_FashionDataset\FashionDataset\train\images_train\41304.jpg,False
43581,81186e7e6f8e469519f559f68d7de839,493dacd86da3ad8795a405b5b1e2944e,True,False,Boys,Apparel,Topwear,Shirts,White,Summer,2012,Casual,Gini and Jony Boys White Shirt,c:\Users\LEGION\Documents\jupyter_notebook\Fashion-Intelligence-System\A2_FashionDataset\FashionDataset\train\images_train\43581.jpg,False
43582,81186e7e6f8e469519f559f68d7de839,493dacd86da3ad8795a405b5b1e2944e,True,False,Boys,Apparel,Topwear,Shirts,White,Summer,2012,Casual,Gini and Jony Boys White Check Shirt,c:\Users\LEGION\Documents\jupyter_notebook\Fashion-Intelligence-System\A2_FashionDataset\FashionDataset\train\images_train\43582.jpg,False
41309,9ede75a25d4b2a157613b90f5b4d8821,f63f5d0808938cd85f6251f3c8bd0fea,True,False,Girls,Apparel,Topwear,Tops,Peach,Summer,2012,Casual,Gini and Jony Girls Woven Peach Top,c:\Users\LEGION\Documents\jupyter_notebook\Fashion-Intelligence-System\A2_FashionDataset\FashionDataset\train\images_train\41309.jpg,False
43577,9ede75a25d4b2a157613b90f5b4d8821,f63f5d0808938cd85f6251f3c8bd0fea,True,False,Girls,Apparel,Topwear,Tops,Peach,Summer,2012,Casual,Gini and Jony Girls Woven Peach Top,c:\Users\LEGION\Documents\jupyter_notebook\Fashion-Intelligence-System\A2_FashionDataset\FashionDataset\train\images_train\43577.jpg,False
43578,9ede75a25d4b2a157613b90f5b4d8821,f63f5d0808938cd85f6251f3c8bd0fea,True,False,Girls,Apparel,Topwear,Tops,Peach,Summer,2012,Casual,Gini and Jony Girls Woven Peach Top,c:\Users\LEGION\Documents\jupyter_notebook\Fashion-Intelligence-System\A2_FashionDataset\FashionDataset\train\images_train\43578.jpg,False
41310,558029ca09f00b34a1bd9e1f34df3cae,ca73f81ed980f2db2db628b3d9187180,True,False,Girls,Apparel,Topwear,Tops,White,Summer,2012,Casual,Gini and Jony Girls Knits White Top,c:\Users\LEGION\Documents\jupyter_notebook\Fashion-Intelligence-System\A2_FashionDataset\FashionDataset\train\images_train\41310.jpg,False
43573,558029ca09f00b34a1bd9e1f34df3cae,ca73f81ed980f2db2db628b3d9187180,True,False,Girls,Apparel,Topwear,Tops,White,Summer,2012,Casual,Gini and Jony Girls Knits White Top,c:\Users\LEGION\Documents\jupyter_notebook\Fashion-Intelligence-System\A2_FashionDataset\FashionDataset\train\images_train\43573.jpg,False
43574,558029ca09f00b34a1bd9e1f34df3cae,ca73f81ed980f2db2db628b3d9187180,True,False,Girls,Apparel,Topwear,Tops,White,Summer,2012,Casual,Gini and Jony Girls Knits White Top,c:\Users\LEGION\Documents\jupyter_notebook\Fashion-Intelligence-System\A2_FashionDataset\FashionDataset\train\images_train\43574.jpg,False
41311,7814959da437f62b091b30f9fe5d82fc,2c80932f7ca91ac0b1f60c3b244716e7,True,False,Girls,Apparel,Bottomwear,Capris,White,Summer,2012,Casual,Gini and Jony Girls Fixed Weast White Capris,c:\Users\LEGION\Documents\jupyter_notebook\Fashion-Intelligence-System\A2_FashionDataset\FashionDataset\train\images_train\41311.jpg,False
43588,7814959da437f62b091b30f9fe5d82fc,2c80932f7ca91ac0b1f60c3b244716e7,True,False,Girls,Apparel,Bottomwear,Capris,White,Summer,2012,Casual,Gini and Jony Girls Fixed Weast White Capris,c:\Users\LEGION\Documents\jupyter_notebook\Fashion-Intelligence-System\A2_FashionDataset\FashionDataset\train\images_train\43588.jpg,False
41312,eb092d8bbef441e4257b9e3621144ce3,8a395125c0a06b3bcb0a978e1c82254b,True,False,Girls,Apparel,Bottomwear,Capris,Pink,Summer,2012,Casual,Gini and Jony Girls Fixed Weast Pink Capris,c:\Users\LEGION\Documents\jupyter_notebook\Fashion-Intelligence-System\A2_FashionDataset\FashionDataset\train\images_train\41312.jpg,False
43589,eb092d8bbef441e4257b9e3621144ce3,8a395125c0a06b3bcb0a978e1c82254b,True,False,Girls,Apparel,Bottomwear,Capris,Pink,Summer,2012,Casual,Gini and Jony Girls Fixed Weast Pink Capris,c:\Users\LEGION\Documents\jupyter_notebook\Fashion-Intelligence-System\A2_FashionDataset\FashionDataset\train\images_train\43589.jpg,False
41660,e6f79542c1fb21aa074a066c3b184b96,af1a1ffd027431864d9d6b6fe70121a3,True,False,Men,Apparel,Topwear,Shirts,Blue,Summer,2012,Formal,Mark Taylor Men Blue Striped Shirt,c:\Users\LEGION\Documents\jupyter_notebook\Fashion-Intelligence-System\A2_FashionDataset\FashionDataset\train\images_train\41660.jpg,False
41661,e6f79542c1fb21aa074a066c3b184b96,af1a1ffd027431864d9d6b6fe70121a3,True,False,Men,Apparel,Topwear,Shirts,Blue,Summer,2012,Formal,Mark Taylor Men Blue Striped Shirt,c:\Users\LEGION\Documents\jupyter_notebook\Fashion-Intelligence-System\A2_FashionDataset\FashionDataset\train\images_train\41661.jpg,False
41750,522377c4bc0458a9c80b777453408541,3bcbbd6eb41be579766b7b121baa9e60,True,False,Boys,Apparel,Topwear,Tshirts,Green,Summer,2012,Casual,Doodle Boys Printed Green T-shirt,c:\Users\LEGION\Documents\jupyter_notebook\Fashion-Intelligence-System\A2_FashionDataset\FashionDataset\train\images_train\41750.jpg,False
43682,522377c4bc0458a9c80b777453408541,3bcbbd6eb41be579766b7b121baa9e60,True,False,Boys,Apparel,Topwear,Tshirts,Green,Summer,2012,Casual,Doodle Boys Printed Green T-shirt,c:\Users\LEGION\Documents\jupyter_notebook\Fashion-Intelligence-System\A2_FashionDataset\FashionDataset\train\images_train\43682.jpg,False
41751,14643a262f51ed6d058b29541297cfcc,c07bfcd56403b332193bc1d7acfd4c16,True,False,Boys,Apparel,Topwear,Tshirts,Yellow,Summer,2012,Casual,Doodle Boys Printed Yellow T-shirt,c:\Users\LEGION\Documents\jupyter_notebook\Fashion-Intelligence-System\A2_FashionDataset\FashionDataset\train\images_train\41751.jpg,False
43698,14643a262f51ed6d058b29541297cfcc,c07bfcd56403b332193bc1d7acfd4c16,True,False,Boys,Apparel,Topwear,Tshirts,Yellow,Summer,2012,Casual,Doodle Boys Printed Yellow T-shirt,c:\Users\LEGION\Documents\jupyter_notebook\Fashion-Intelligence-System\A2_FashionDataset\FashionDataset\train\images_train\43698.jpg,False
41752,cdc4bada8f34356aebae8e3b0b186f2c,a7563e657d317e77c29e027c44dd7f2b,True,False,Boys,Apparel,Topwear,Tshirts,Yellow,Summer,2012,Casual,Doodle Boys Printed Yellow T-shirt,c:\Users\LEGION\Documents\jupyter_notebook\Fashion-Intelligence-System\A2_FashionDataset\FashionDataset\train\images_train\41752.jpg,False
43695,cdc4bada8f34356aebae8e3b0b186f2c,a7563e657d317e77c29e027c44dd7f2b,True,False,Boys,Apparel,Topwear,Tshirts,Yellow,Summer,2012,Casual,Doodle Boys Printed Yellow T-shirt,c:\Users\LEGION\Documents\jupyter_notebook\Fashion-Intelligence-System\A2_FashionDataset\FashionDataset\train\images_train\43695.jpg,False
43696,cdc4bada8f34356aebae8e3b0b186f2c,a7563e657d317e77c29e027c44dd7f2b,True,False,Boys,Apparel,Topwear,Tshirts,Yellow,Summer,2012,Casual,Doodle Boys Printed Yellow T-shirt,c:\Users\LEGION\Documents\jupyter_notebook\Fashion-Intelligence-System\A2_FashionDataset\FashionDataset\train\images_train\43696.jpg,False
41753,0f325f975858b16bab70c6c4a8e25219,c7072c3dce3584a0abed3b81a9951925,True,False,Boys,Apparel,Topwear,Tshirts,Red,Summer,2012,Casual,Doodle Boys Printed Red T-shirt,c:\Users\LEGION\Documents\jupyter_notebook\Fashion-Intelligence-System\A2_FashionDataset\FashionDataset\train\images_train\41753.jpg,False
43689,0f325f975858b16bab70c6c4a8e25219,c7072c3dce3584a0abed3b81a9951925,True,False,Boys,Apparel,Topwear,Tshirts,Red,Summer,2012,Casual,Doodle Boys Printed Red T-shirt,c:\Users\LEGION\Documents\jupyter_notebook\Fashion-Intelligence-System\A2_FashionDataset\FashionDataset\train\images_train\43689.jpg,False
43690,0f325f975858b16bab70c6c4a8e25219,c7072c3dce3584a0abed3b81a9951925,True,False,Boys,Apparel,Topwear,Tshirts,Red,Summer,2012,Casual,Doodle Boys Printed Red T-shirt,c:\Users\LEGION\Documents\jupyter_notebook\Fashion-Intelligence-System\A2_FashionDataset\FashionDataset\train\images_train\43690.jpg,False
41754,a43d2052304adb0d2e87cd24b0dac143,1f33b221e753b47cac99c332a38ec4e7,True,False,Boys,Apparel,Topwear,Tshirts,White,Summer,2012,Casual,Doodle Boys Printed White T-shirt,c:\Users\LEGION\Documents\jupyter_notebook\Fashion-Intelligence-System\A2_FashionDataset\FashionDataset\train\images_train\41754.jpg,False
43685,a43d2052304adb0d2e87cd24b0dac143,1f33b221e753b47cac99c332a38ec4e7,True,False,Boys,Apparel,Topwear,Tshirts,White,Summer,2012,Casual,Doodle Boys Printed White T-shirt,c:\Users\LEGION\Documents\jupyter_notebook\Fashion-Intelligence-System\A2_FashionDataset\FashionDataset\train\images_train\43685.jpg,False
43686,a43d2052304adb0d2e87cd24b0dac143,1f33b221e753b47cac99c332a38ec4e7,True,False,Boys,Apparel,Topwear,Tshirts,White,Summer,2012,Casual,Doodle Boys Printed White T-shirt,c:\Users\LEGION\Documents\jupyter_notebook\Fashion-Intelligence-System\A2_FashionDataset\FashionDataset\train\images_train\43686.jpg,False
41755,4ec162064c5db2f3609646e4ad5d7501,32ceec512b93525f5c0dc0a4dc1defa2,True,False,Girls,Apparel,Topwear,Tops,Blue,Summer,2012,Casual,Doodle Girls Printed Blue Top,c:\Users\LEGION\Documents\jupyter_notebook\Fashion-Intelligence-System\A2_FashionDataset\FashionDataset\train\images_train\41755.jpg,False
43683,4ec162064c5db2f3609646e4ad5d7501,32ceec512b93525f5c0dc0a4dc1defa2,True,False,Girls,Apparel,Topwear,Tops,Blue,Summer,2012,Casual,Doodle Girls Printed Blue Top,c:\Users\LEGION\Documents\jupyter_notebook\Fashion-Intelligence-System\A2_FashionDataset\FashionDataset\train\images_train\43683.jpg,False
41756,8f62623abadc59898d8a0a3d4c385992,2e9f0f77c33ad47349c2fc44d581348c,True,False,Girls,Apparel,Topwear,Tops,Pink,Summer,2012,Casual,Doodle Girls Pink Top,c:\Users\LEGION\Documents\jupyter_notebook\Fashion-Intelligence-System\A2_FashionDataset\FashionDataset\train\images_train\41756.jpg,False
43687,8f62623abadc59898d8a0a3d4c385992,2e9f0f77c33ad47349c2fc44d581348c,True,False,Girls,Apparel,Topwear,Tops,Pink,Summer,2012,Casual,Doodle Girls Pink Top,c:\Users\LEGION\Documents\jupyter_notebook\Fashion-Intelligence-System\A2_FashionDataset\FashionDataset\train\images_train\43687.jpg,False
43688,8f62623abadc59898d8a0a3d4c385992,2e9f0f77c33ad47349c2fc44d581348c,True,False,Girls,Apparel,Topwear,Tops,Pink,Summer,2012,Casual,Doodle Girls Pink Top,c:\Users\LEGION\Documents\jupyter_notebook\Fashion-Intelligence-System\A2_FashionDataset\FashionDataset\train\images_train\43688.jpg,False
41757,ab1d44db6bf65270e0f601836e79d1ba,b2d9e3be0876ffb7c22b5ce51c648203,True,False,Girls,Apparel,Topwear,Tops,Yellow,Summer,2012,Casual,Doodle Girls Printed Yellow Top,c:\Users\LEGION\Documents\jupyter_notebook\Fashion-Intelligence-System\A2_FashionDataset\FashionDataset\train\images_train\41757.jpg,False
43691,ab1d44db6bf65270e0f601836e79d1ba,b2d9e3be0876ffb7c22b5ce51c648203,True,False,Girls,Apparel,Topwear,Tops,Yellow,Summer,2012,Casual,Doodle Girls Printed Yellow Top,c:\Users\LEGION\Documents\jupyter_notebook\Fashion-Intelligence-System\A2_FashionDataset\FashionDataset\train\images_train\43691.jpg,False
41759,5557cbd0bdfb7035eeceb1b800ef28dc,1217f775dd679f59fe5100059020f7cf,True,False,Girls,Apparel,Dress,Dresses,Navy Blue,Summer,2012,Casual,Doodle Girls Navy Blue Dress,c:\Users\LEGION\Documents\jupyter_notebook\Fashion-Intelligence-System\A2_FashionDataset\FashionDataset\train\images_train\41759.jpg,False
43694,5557cbd0bdfb7035eeceb1b800ef28dc,1217f775dd679f59fe5100059020f7cf,True,False,Girls,Apparel,Dress,Dresses,Navy Blue,Summer,2012,Casual,Doodle Girls Navy Blue Dress,c:\Users\LEGION\Documents\jupyter_notebook\Fashion-Intelligence-System\A2_FashionDataset\FashionDataset\train\images_train\43694.jpg,False
41980,d7ee849ec2ebe353c3aff079c4d8a7d2,49ca181300190713766ce3098d353683,True,False,Boys,Apparel,Topwear,Tshirts,White,Summer,2012,Casual,Gini and Jony Boys Rodeo White T-shirt,c:\Users\LEGION\Documents\jupyter_notebook\Fashion-Intelligence-System\A2_FashionDataset\FashionDataset\train\images_train\41980.jpg,False
41981,d7ee849ec2ebe353c3aff079c4d8a7d2,49ca181300190713766ce3098d353683,True,False,Boys,Apparel,Topwear,Tshirts,White,Summer,2012,Casual,Gini and Jony Boys Rodeo White T-shirt,c:\Users\LEGION\Documents\jupyter_notebook\Fashion-Intelligence-System\A2_FashionDataset\FashionDataset\train\images_train\41981.jpg,False
42290,2b31d0f0788c3553b94c7fc4577cac4c,d39672ceee5d4f6ceeb7c4339d191375,True,False,Girls,Apparel,Bottomwear,Skirts,Pink,Summer,2012,Casual,Gini and Jony Girls Pink Skirt,c:\Users\LEGION\Documents\jupyter_notebook\Fashion-Intelligence-System\A2_FashionDataset\FashionDataset\train\images_train\42290.jpg,False
46813,2b31d0f0788c3553b94c7fc4577cac4c,d39672ceee5d4f6ceeb7c4339d191375,True,False,Girls,Apparel,Bottomwear,Skirts,Pink,Summer,2012,Casual,Gini and Jony Girls Pink Skirt,c:\Users\LEGION\Documents\jupyter_notebook\Fashion-Intelligence-System\A2_FashionDataset\FashionDataset\train\images_train\46813.jpg,False
46814,2b31d0f0788c3553b94c7fc4577cac4c,d39672ceee5d4f6ceeb7c4339d191375,True,False,Girls,Apparel,Bottomwear,Skirts,Pink,Summer,2012,Casual,Gini and Jony Girls Pink Skirt,c:\Users\LEGION\Documents\jupyter_notebook\Fashion-Intelligence-System\A2_FashionDataset\FashionDataset\train\images_train\46814.jpg,False
42419,a0f85b5bf318116ca425c84e27d28808,4dcdf3fd9f2f82615304f75e6d921d6d,True,False,Girls,Apparel,Topwear,Tops,White,Summer,2012,Casual,Gini and Jony Girls Knit White Top,c:\Users\LEGION\Documents\jupyter_notebook\Fashion-Intelligence-System\A2_FashionDataset\FashionDataset\train\images_train\42419.jpg,False
45568,a0f85b5bf318116ca425c84e27d28808,4dcdf3fd9f2f82615304f75e6d921d6d,True,False,Girls,Apparel,Topwear,Tops,White,Summer,2012,Casual,Gini and Jony Girls Knit White Top,c:\Users\LEGION\Documents\jupyter_notebook\Fashion-Intelligence-System\A2_FashionDataset\FashionDataset\train\images_train\45568.jpg,False
43119,ee6743a0897b34740cd93da2d613f517,88b09bd0810b854293fa8559761f2bf9,True,False,Men,Personal Care,Fragrance,Perfume and Body Mist,,Spring,2017,,,c:\Users\LEGION\Documents\jupyter_notebook\Fashion-Intelligence-System\A2_FashionDataset\FashionDataset\train\images_train\43119.jpg,False
43120,ee6743a0897b34740cd93da2d613f517,88b09bd0810b854293fa8559761f2bf9,True,False,Men,Personal Care,Fragrance,Perfume and Body Mist,,Spring,2017,,GUESS by Marciano Men Eau De Toilette 50 ml,c:\Users\LEGION\Documents\jupyter_notebook\Fashion-Intelligence-System\A2_FashionDataset\FashionDataset\train\images_train\43120.jpg,False
43575,0cc6b3b2766b8c4836ae949c5201f6e9,93ea9b299b029b1d67bfd839bc439872,True,False,Girls,Apparel,Topwear,Tops,White,Summer,2012,Casual,Gini and Jony Girls Knits White Top,c:\Users\LEGION\Documents\jupyter_notebook\Fashion-Intelligence-System\A2_FashionDataset\FashionDataset\train\images_train\43575.jpg,False
43576,0cc6b3b2766b8c4836ae949c5201f6e9,93ea9b299b029b1d67bfd839bc439872,True,False,Girls,Apparel,Topwear,Tops,White,Summer,2012,Casual,Gini and Jony Girls Knits White Top,c:\Users\LEGION\Documents\jupyter_notebook\Fashion-Intelligence-System\A2_FashionDataset\FashionDataset\train\images_train\43576.jpg,False
43584,ccf2e3b1b7e891f9528e8c63576f4a64,fbe209fe17f973064784939b651b2f4b,True,False,Girls,Apparel,Topwear,Tops,Pink,Summer,2012,Casual,Gini and Jony Girls Pink Top,c:\Users\LEGION\Documents\jupyter_notebook\Fashion-Intelligence-System\A2_FashionDataset\FashionDataset\train\images_train\43584.jpg,False
43585,ccf2e3b1b7e891f9528e8c63576f4a64,fbe209fe17f973064784939b651b2f4b,True,False,Girls,Apparel,Topwear,Tops,Pink,Summer,2012,Casual,Gini and Jony Girls Pink Top,c:\Users\LEGION\Documents\jupyter_notebook\Fashion-Intelligence-System\A2_FashionDataset\FashionDataset\train\images_train\43585.jpg,False
43692,ebc0773040bc87379e6eefbe0325de00,50ad0fd07d66efe6549caf0ab0f09eee,True,False,Boys,Apparel,Topwear,Tshirts,White,Summer,2012,Casual,Doodle Boys Printed White T-shirt,c:\Users\LEGION\Documents\jupyter_notebook\Fashion-Intelligence-System\A2_FashionDataset\FashionDataset\train\images_train\43692.jpg,False
43693,ebc0773040bc87379e6eefbe0325de00,50ad0fd07d66efe6549caf0ab0f09eee,True,False,Boys,Apparel,Topwear,Tshirts,White,Summer,2012,Casual,Doodle Boys Printed White T-shirt,c:\Users\LEGION\Documents\jupyter_notebook\Fashion-Intelligence-System\A2_FashionDataset\FashionDataset\train\images_train\43693.jpg,False
46732,ae900c83f909777fb4727e267221c51a,7194d112b5f85f88b0ebcb0963c1dc47,True,False,Boys,Apparel,Bottomwear,Shorts,Khaki,Summer,2012,Casual,Gini and Jony Boys Khaki Bermuda Shorts,c:\Users\LEGION\Documents\jupyter_notebook\Fashion-Intelligence-System\A2_FashionDataset\FashionDataset\train\images_train\46732.jpg,False
49843,ae900c83f909777fb4727e267221c51a,7194d112b5f85f88b0ebcb0963c1dc47,True,False,Boys,Apparel,Bottomwear,Shorts,Khaki,Summer,2012,Casual,Gini and Jony Boys Khaki Bermuda Shorts,c:\Users\LEGION\Documents\jupyter_notebook\Fashion-Intelligence-System\A2_FashionDataset\FashionDataset\train\images_train\49843.jpg,False
46784,417fdb49929937d1ced135e7fd803a3c,d056094176d2784c38b2fd63c7cf27a3,True,False,Women,Personal Care,Fragrance,Perfume and Body Mist,Pink,Spring,2017,Casual,Love Passport A Bloom Women Perfume,c:\Users\LEGION\Documents\jupyter_notebook\Fashion-Intelligence-System\A2_FashionDataset\FashionDataset\train\images_train\46784.jpg,False
46789,417fdb49929937d1ced135e7fd803a3c,d056094176d2784c38b2fd63c7cf27a3,True,False,Women,Personal Care,Fragrance,Perfume and Body Mist,White,Spring,2017,Casual,Love Passport A Bloom Women Perfume,c:\Users\LEGION\Documents\jupyter_notebook\Fashion-Intelligence-System\A2_FashionDataset\FashionDataset\train\images_train\46789.jpg,False
46815,8815b23ed08a997e9d54c0b56c4b28a5,798715863cb63c01dd3a74a5aae31bd6,True,False,Girls,Apparel,Topwear,Tops,Yellow,Summer,2012,Casual,Gini and Jony Girls Yellow Top,c:\Users\LEGION\Documents\jupyter_notebook\Fashion-Intelligence-System\A2_FashionDataset\FashionDataset\train\images_train\46815.jpg,False
46816,8815b23ed08a997e9d54c0b56c4b28a5,798715863cb63c01dd3a74a5aae31bd6,True,False,Girls,Apparel,Topwear,Tops,Yellow,Summer,2012,Casual,Gini and Jony Girls Yellow Top,c:\Users\LEGION\Documents\jupyter_notebook\Fashion-Intelligence-System\A2_FashionDataset\FashionDataset\train\images_train\46816.jpg,False
46833,e8645946c5a3f2484c75bc4e1a61c421,65a854eb9c8b037699973facb9c7f776,True,False,Boys,Apparel,Topwear,Tshirts,Black,Summer,2012,Casual,Gini and Jony Boys Black T-shirt,c:\Users\LEGION\Documents\jupyter_notebook\Fashion-Intelligence-System\A2_FashionDataset\FashionDataset\train\images_train\46833.jpg,False
50194,e8645946c5a3f2484c75bc4e1a61c421,65a854eb9c8b037699973facb9c7f776,True,False,Boys,Apparel,Topwear,Tshirts,Black,Summer,2012,Casual,Gini and Jony Boys Black T-shirt,c:\Users\LEGION\Documents\jupyter_notebook\Fashion-Intelligence-System\A2_FashionDataset\FashionDataset\train\images_train\50194.jpg,False
50195,e8645946c5a3f2484c75bc4e1a61c421,65a854eb9c8b037699973facb9c7f776,True,False,Boys,Apparel,Topwear,Tshirts,Black,Summer,2012,Casual,Gini and Jony Boys Black T-shirt,c:\Users\LEGION\Documents\jupyter_notebook\Fashion-Intelligence-System\A2_FashionDataset\FashionDataset\train\images_train\50195.jpg,False
47153,e5ef9cdddb916684591b2c78e47db57b,9a8d6a682839ca9d0444dde9629d3267,True,False,Girls,Apparel,Bottomwear,Capris,Pink,Summer,2012,Casual,Gini and Jony Girls Pink Capris,c:\Users\LEGION\Documents\jupyter_notebook\Fashion-Intelligence-System\A2_FashionDataset\FashionDataset\train\images_train\47153.jpg,False
47154,e5ef9cdddb916684591b2c78e47db57b,9a8d6a682839ca9d0444dde9629d3267,True,False,Girls,Apparel,Bottomwear,Capris,Black,Summer,2012,Casual,Gini and Jony Girls Black Capris,c:\Users\LEGION\Documents\jupyter_notebook\Fashion-Intelligence-System\A2_FashionDataset\FashionDataset\train\images_train\47154.jpg,False
4868,616e3cbc7f1a9a61b5f980fec965597a,0f10179590ef7596a9cddf7decea9e7b,True,False,Men,Apparel,Topwear,Tshirts,Orange,Summer,2016,Casual,Levis Kids Boy's Darby Orange Polo Tshirt,c:\Users\LEGION\Documents\jupyter_notebook\Fashion-Intelligence-System\A2_FashionDataset\FashionDataset\train\images_train\4868.jpg,False
4869,616e3cbc7f1a9a61b5f980fec965597a,0f10179590ef7596a9cddf7decea9e7b,True,False,Men,Apparel,Topwear,Tshirts,Orange,Summer,2016,Casual,Levis Kids Boy's Orange Polo Tshirt,c:\Users\LEGION\Documents\jupyter_notebook\Fashion-Intelligence-System\A2_FashionDataset\FashionDataset\train\images_train\4869.jpg,False
4870,a4d5127fc6de7c835cd902914b4c4c0f,9aad69f50576da57fc7d079e28e1b2e3,True,False,Men,Apparel,Topwear,Tshirts,Red,Summer,2016,Casual,Levis Kids Boy's Dawson Red Teens Kidswear,c:\Users\LEGION\Documents\jupyter_notebook\Fashion-Intelligence-System\A2_FashionDataset\FashionDataset\train\images_train\4870.jpg,False
4871,a4d5127fc6de7c835cd902914b4c4c0f,9aad69f50576da57fc7d079e28e1b2e3,True,False,Men,Apparel,Topwear,Tshirts,Red,Summer,2016,Casual,Levis Kids Boy's Dawson Red Kidswear,c:\Users\LEGION\Documents\jupyter_notebook\Fashion-Intelligence-System\A2_FashionDataset\FashionDataset\train\images_train\4871.jpg,False
4872,6da260565f771fdf1ad2b9d523768bd4,3fa257bf1c628add1e4eda3c38828727,True,False,Men,Apparel,Topwear,Tshirts,Grey,Summer,2016,Casual,Levis Kids Boy's Danio Grey Teens Kidswear,c:\Users\LEGION\Documents\jupyter_notebook\Fashion-Intelligence-System\A2_FashionDataset\FashionDataset\train\images_train\4872.jpg,False
4873,6da260565f771fdf1ad2b9d523768bd4,3fa257bf1c628add1e4eda3c38828727,True,False,Men,Apparel,Topwear,Tshirts,Grey,Summer,2016,Casual,Levis Kids Boy's Danio Grey Kidswear,c:\Users\LEGION\Documents\jupyter_notebook\Fashion-Intelligence-System\A2_FashionDataset\FashionDataset\train\images_train\4873.jpg,False
4882,6233e916e923d02eb6e7a222b5e94070,5b5f7ed146e138271caca0fc0964ab48,True,False,Men,Apparel,Topwear,Tshirts,White,Summer,2016,Casual,Levis Kids Boy's Davis White Polo Tshirt,c:\Users\LEGION\Documents\jupyter_notebook\Fashion-Intelligence-System\A2_FashionDataset\FashionDataset\train\images_train\4882.jpg,False
4883,6233e916e923d02eb6e7a222b5e94070,5b5f7ed146e138271caca0fc0964ab48,True,False,Men,Apparel,Topwear,Tshirts,White,Summer,2016,Casual,Levis Kids Boy's Davis White Polo Tshirt,c:\Users\LEGION\Documents\jupyter_notebook\Fashion-Intelligence-System\A2_FashionDataset\FashionDataset\train\images_train\4883.jpg,False
4884,f63889427a3b4674fc118b1747ff572c,a985182ee8dad951529fec5e4bc60792,True,False,Women,Apparel,Topwear,Tops,Purple,Summer,2011,Casual,Levis Kids Girl's Darcy Purple Teens Kidswear,c:\Users\LEGION\Documents\jupyter_notebook\Fashion-Intelligence-System\A2_FashionDataset\FashionDataset\train\images_train\4884.jpg,False
4885,f63889427a3b4674fc118b1747ff572c,a985182ee8dad951529fec5e4bc60792,True,False,Women,Apparel,Topwear,Tops,Purple,Summer,2011,Casual,Levis Kids Girl's Darcy Purple Kidswear,c:\Users\LEGION\Documents\jupyter_notebook\Fashion-Intelligence-System\A2_FashionDataset\FashionDataset\train\images_train\4885.jpg,False
4886,7fa86c843a5d8083637d6731561d5c1c,6c79c47a514597846f5e459ed92b360c,True,False,Women,Apparel,Topwear,Tops,Pink,Summer,2011,Casual,Levis Kids Girl's Dana Pink Teens Kidswear,c:\Users\LEGION\Documents\jupyter_notebook\Fashion-Intelligence-System\A2_FashionDataset\FashionDataset\train\images_train\4886.jpg,False
4887,7fa86c843a5d8083637d6731561d5c1c,6c79c47a514597846f5e459ed92b360c,True,False,Women,Apparel,Topwear,Tops,Pink,Summer,2011,Casual,Levis Kids Girl's Dana Pink Kidswear,c:\Users\LEGION\Documents\jupyter_notebook\Fashion-Intelligence-System\A2_FashionDataset\FashionDataset\train\images_train\4887.jpg,False
4888,5c367b64eacf52164b14139236eca77f,9e73174f55109f5ec6549f0d38f9756d,True,False,Women,Apparel,Topwear,Tops,White,Summer,2011,Casual,Levis Kids Girl's Dionne White Teens Kidswear,c:\Users\LEGION\Documents\jupyter_notebook\Fashion-Intelligence-System\A2_FashionDataset\FashionDataset\train\images_train\4888.jpg,False
4889,5c367b64eacf52164b14139236eca77f,9e73174f55109f5ec6549f0d38f9756d,True,False,Women,Apparel,Topwear,Tops,White,Summer,2011,Casual,Levis Kids Girl's Dionne White Kidswear,c:\Users\LEGION\Documents\jupyter_notebook\Fashion-Intelligence-System\A2_FashionDataset\FashionDataset\train\images_train\4889.jpg,False
4890,86d08d097bc4eeff0f5c24549e7dfac9,68c9dccc30b8010aefa3df607394cae0,True,False,Women,Apparel,Topwear,Tshirts,Pink,Summer,2011,Casual,Levis Kids Girl's Diaz Pink Polo Tshirt,c:\Users\LEGION\Documents\jupyter_notebook\Fashion-Intelligence-System\A2_FashionDataset\FashionDataset\train\images_train\4890.jpg,False
4891,86d08d097bc4eeff0f5c24549e7dfac9,68c9dccc30b8010aefa3df607394cae0,True,False,Women,Apparel,Topwear,Tshirts,Pink,Summer,2011,Casual,Levis Kids Girl's Diaz Pink Polo Tshirt,c:\Users\LEGION\Documents\jupyter_notebook\Fashion-Intelligence-System\A2_FashionDataset\FashionDataset\train\images_train\4891.jpg,False
4892,e1628c723a21fba5c6be2a78f1f22c5c,f7c0148be594bc6e97a97548fe37fded,True,False,Women,Apparel,Topwear,Tshirts,Green,Summer,2011,Casual,Levis Kids Girl's Diaz Green Polo Tshirt,c:\Users\LEGION\Documents\jupyter_notebook\Fashion-Intelligence-System\A2_FashionDataset\FashionDataset\train\images_train\4892.jpg,False
4893,e1628c723a21fba5c6be2a78f1f22c5c,f7c0148be594bc6e97a97548fe37fded,True,False,Women,Apparel,Topwear,Tshirts,Green,Summer,2011,Casual,Levis Kids Girl's Diaz Green Polo Tshirt,c:\Users\LEGION\Documents\jupyter_notebook\Fashion-Intelligence-System\A2_FashionDataset\FashionDataset\train\images_train\4893.jpg,False
4894,c442c4b6ec138b6206178d366767fae2,dcdf5aafb1ca59d3210dc23cc53643ae,True,False,Women,Apparel,Topwear,Tops,Pink,Summer,2011,Casual,Levis Kids Girl's Darla Pink Teens Kidswear,c:\Users\LEGION\Documents\jupyter_notebook\Fashion-Intelligence-System\A2_FashionDataset\FashionDataset\train\images_train\4894.jpg,False
4895,c442c4b6ec138b6206178d366767fae2,dcdf5aafb1ca59d3210dc23cc53643ae,True,False,Women,Apparel,Topwear,Tops,Pink,Summer,2011,Casual,Levis Kids Girl's Darla Pink Kidswear,c:\Users\LEGION\Documents\jupyter_notebook\Fashion-Intelligence-System\A2_FashionDataset\FashionDataset\train\images_train\4895.jpg,False
4898,7d452d9929d147abc33e368d7fe21876,e7e9e127d10b12a8fee6e220886fca07,True,False,Women,Apparel,Topwear,Tops,Green,Summer,2011,Casual,Levis Kids Girl's Desiree Green Teens Kidswear,c:\Users\LEGION\Documents\jupyter_notebook\Fashion-Intelligence-System\A2_FashionDataset\FashionDataset\train\images_train\4898.jpg,True
4899,7d452d9929d147abc33e368d7fe21876,e7e9e127d10b12a8fee6e220886fca07,True,False,Women,Apparel,Topwear,Tshirts,Green,Summer,2011,Casual,Levis Kids Girl's Desiree Green Kidswear,c:\Users\LEGION\Documents\jupyter_notebook\Fashion-Intelligence-System\A2_FashionDataset\FashionDataset\train\images_train\4899.jpg,True
4900,668337f4d5363a264f8ae62586da57c0,569e0f9250a8ff8c879de8c47a86b99f,True,False,Women,Apparel,Topwear,Tops,Pink,Summer,2011,Casual,Levis Kids Girl's Desiree Pink Teens Kidswear,c:\Users\LEGION\Documents\jupyter_notebook\Fashion-Intelligence-System\A2_FashionDataset\FashionDataset\train\images_train\4900.jpg,False
4901,668337f4d5363a264f8ae62586da57c0,569e0f9250a8ff8c879de8c47a86b99f,True,False,Women,Apparel,Topwear,Tops,Pink,Summer,2011,Casual,Levis Kids Girl's Desiree Pink Kidswear,c:\Users\LEGION\Documents\jupyter_notebook\Fashion-Intelligence-System\A2_FashionDataset\FashionDataset\train\images_train\4901.jpg,False
4902,b78e649379bed1a638dbc973065d2c2a,694a5b99f1bfd864e63c9d70e21bf2e7,True,False,Women,Apparel,Topwear,Tops,Pink,Summer,2011,Casual,Levis Kids Girl's Denise Pink Teens Kidswear,c:\Users\LEGION\Documents\jupyter_notebook\Fashion-Intelligence-System\A2_FashionDataset\FashionDataset\train\images_train\4902.jpg,False
4903,b78e649379bed1a638dbc973065d2c2a,694a5b99f1bfd864e63c9d70e21bf2e7,True,False,Women,Apparel,Topwear,Tops,Pink,Summer,2011,Casual,Levis Kids Girl's Denise Pink Kidswear,c:\Users\LEGION\Documents\jupyter_notebook\Fashion-Intelligence-System\A2_FashionDataset\FashionDataset\train\images_train\4903.jpg,False
4910,953bf07e56fceb06b61c784d76c32466,f953e6738bc41458f04808f0331e9cf4,True,False,Women,Apparel,Topwear,Tops,Pink,Summer,2011,Casual,Levis Kids Girl's Dionne Pink Teens Kidswear,c:\Users\LEGION\Documents\jupyter_notebook\Fashion-Intelligence-System\A2_FashionDataset\FashionDataset\train\images_train\4910.jpg,False
4911,953bf07e56fceb06b61c784d76c32466,f953e6738bc41458f04808f0331e9cf4,True,False,Women,Apparel,Topwear,Tops,Pink,Summer,2011,Casual,Levis Kids Girl's Dionne Pink Kidswear,c:\Users\LEGION\Documents\jupyter_notebook\Fashion-Intelligence-System\A2_FashionDataset\FashionDataset\train\images_train\4911.jpg,False
4923,fc54ec5e1efb369f2a452e66988ee733,deeb0ad9cd9e04aa64abef20abaed944,True,False,Women,Apparel,Topwear,Tops,White,Summer,2011,Casual,Gini and Jony Girl's Velia White Peach Kidswear,c:\Users\LEGION\Documents\jupyter_notebook\Fashion-Intelligence-System\A2_FashionDataset\FashionDataset\train\images_train\4923.jpg,False
4924,fc54ec5e1efb369f2a452e66988ee733,deeb0ad9cd9e04aa64abef20abaed944,True,False,Women,Apparel,Topwear,Tops,White,Summer,2011,Casual,Gini and Jony Girl's Velia White Peach Infant Kidswear,c:\Users\LEGION\Documents\jupyter_notebook\Fashion-Intelligence-System\A2_FashionDataset\FashionDataset\train\images_train\4924.jpg,False
4931,4b44520f9fb347512f01bcf3c9b8d295,d373a4b346e5434a061688cf07cd474d,True,False,Women,Apparel,Dress,Dresses,Blue,Summer,2011,Casual,Gini and Jony Girl's Valerie Blue White Kidswear,c:\Users\LEGION\Documents\jupyter_notebook\Fashion-Intelligence-System\A2_FashionDataset\FashionDataset\train\images_train\4931.jpg,False
4932,4b44520f9fb347512f01bcf3c9b8d295,d373a4b346e5434a061688cf07cd474d,True,False,Women,Apparel,Dress,Dresses,Blue,Summer,2011,Casual,Gini and Jony Girl's Valerie Blue White Infant Kidswear,c:\Users\LEGION\Documents\jupyter_notebook\Fashion-Intelligence-System\A2_FashionDataset\FashionDataset\train\images_train\4932.jpg,False
4933,c0cb50114c1583dc52de32d9c549e448,e42a1efd10b67a5c54ee14cba92921c3,True,False,Women,Apparel,Dress,Dresses,Peach,Summer,2011,Casual,Gini and Jony Girl's Valerie Peach White Kidswear,c:\Users\LEGION\Documents\jupyter_notebook\Fashion-Intelligence-System\A2_FashionDataset\FashionDataset\train\images_train\4933.jpg,False
4934,c0cb50114c1583dc52de32d9c549e448,e42a1efd10b67a5c54ee14cba92921c3,True,False,Women,Apparel,Dress,Dresses,Peach,Summer,2011,Casual,Gini and Jony Girl's Valerie Peach White Infant Kidswear,c:\Users\LEGION\Documents\jupyter_notebook\Fashion-Intelligence-System\A2_FashionDataset\FashionDataset\train\images_train\4934.jpg,False
4937,f9d69d946a08c12aa72238114b6e40db,54d85d572264c55a7be96cbeb09b51e4,True,False,Men,Apparel,Topwear,Tshirts,Grey,Summer,2011,Casual,Gini and Jony Boy's Kaden Grey Blue Kidswear,c:\Users\LEGION\Documents\jupyter_notebook\Fashion-Intelligence-System\A2_FashionDataset\FashionDataset\train\images_train\4937.jpg,False
4938,f9d69d946a08c12aa72238114b6e40db,54d85d572264c55a7be96cbeb09b51e4,True,False,Men,Apparel,Topwear,Tshirts,Grey,Summer,2011,Casual,Gini and Jony Boy's Kaden Grey Blue Infant Kidswear,c:\Users\LEGION\Documents\jupyter_notebook\Fashion-Intelligence-System\A2_FashionDataset\FashionDataset\train\images_train\4938.jpg,False
4943,303f70cd72b63eb1dfad69fecbe66433,9c1e2759ac116190bba1bcd1c354eb2d,True,False,Men,Apparel,Topwear,Shirts,White,Summer,2011,Casual,Gini and Jony Boy's Kaleb White Brown Kidswear,c:\Users\LEGION\Documents\jupyter_notebook\Fashion-Intelligence-System\A2_FashionDataset\FashionDataset\train\images_train\4943.jpg,False
4944,303f70cd72b63eb1dfad69fecbe66433,9c1e2759ac116190bba1bcd1c354eb2d,True,False,Men,Apparel,Topwear,Shirts,White,Summer,2011,Casual,Gini and Jony Boy's Kaleb White Brown Infant Kidswear,c:\Users\LEGION\Documents\jupyter_notebook\Fashion-Intelligence-System\A2_FashionDataset\FashionDataset\train\images_train\4944.jpg,False
4945,c16223721309a1476ffbb1ebf3ed3c06,af50cc77fd99d61c2301c394fa71f357,True,False,Men,Apparel,Topwear,Tshirts,White,Summer,2011,Casual,Gini and Jony Boy's Kaniel White Yellow Kidswear,c:\Users\LEGION\Documents\jupyter_notebook\Fashion-Intelligence-System\A2_FashionDataset\FashionDataset\train\images_train\4945.jpg,False
4946,c16223721309a1476ffbb1ebf3ed3c06,af50cc77fd99d61c2301c394fa71f357,True,False,Men,Apparel,Topwear,Tshirts,White,Summer,2011,Casual,Gini and Jony Boy's Kaniel White Yellow Infant Kidswear,c:\Users\LEGION\Documents\jupyter_notebook\Fashion-Intelligence-System\A2_FashionDataset\FashionDataset\train\images_train\4946.jpg,False
4947,272f8bc039c8f6e3d686aa17cc8d2c28,8b128c67a57752f6019f93f9201ef231,True,False,Men,Apparel,Topwear,Tshirts,White,Summer,2011,Casual,Gini and Jony Boy's Kanon White Blue Kidswear,c:\Users\LEGION\Documents\jupyter_notebook\Fashion-Intelligence-System\A2_FashionDataset\FashionDataset\train\images_train\4947.jpg,False
4948,272f8bc039c8f6e3d686aa17cc8d2c28,8b128c67a57752f6019f93f9201ef231,True,False,Men,Apparel,Topwear,Tshirts,White,Summer,2011,Casual,Gini and Jony Boy's Kanon White Blue Infant Kidswear,c:\Users\LEGION\Documents\jupyter_notebook\Fashion-Intelligence-System\A2_FashionDataset\FashionDataset\train\images_train\4948.jpg,False
4949,60303cda4c1c2ef864362d8587019bc0,25661b52e14456428f1d37b49f8561a0,True,False,Men,Apparel,Bottomwear,Shorts,Blue,Summer,2011,Casual,Gini and Jony Boy's Kimon Blue Bermuda Kidswear,c:\Users\LEGION\Documents\jupyter_notebook\Fashion-Intelligence-System\A2_FashionDataset\FashionDataset\train\images_train\4949.jpg,False
4950,60303cda4c1c2ef864362d8587019bc0,25661b52e14456428f1d37b49f8561a0,True,False,Men,Apparel,Bottomwear,Shorts,Blue,Summer,2011,Casual,Gini and Jony Boy's Kimon Blue Infant Bermuda Kidswear,c:\Users\LEGION\Documents\jupyter_notebook\Fashion-Intelligence-System\A2_FashionDataset\FashionDataset\train\images_train\4950.jpg,False
4967,44b698163dc176ef682a52cfd2c996a8,1e8d5f1339098e7b0437610f4b98ff67,True,False,Men,Apparel,Topwear,Tshirts,Yellow,Summer,2011,Casual,Gini and Jony Boy's Kaffle Yellow Kidswear,c:\Users\LEGION\Documents\jupyter_notebook\Fashion-Intelligence-System\A2_FashionDataset\FashionDataset\train\images_train\4967.jpg,False
4968,44b698163dc176ef682a52cfd2c996a8,1e8d5f1339098e7b0437610f4b98ff67,True,False,Men,Apparel,Topwear,Tshirts,Yellow,Summer,2011,Casual,Gini and Jony Boy's Kaffle Yellow Infant Kidswear,c:\Users\LEGION\Documents\jupyter_notebook\Fashion-Intelligence-System\A2_FashionDataset\FashionDataset\train\images_train\4968.jpg,False
4973,8fd5020fb3092a5f9fc3ed44602e91f5,908416be48f49f423e9c00ffd47af601,True,False,Men,Apparel,Topwear,Shirts,Yellow,Summer,2011,Casual,Gini and Jony Boy's Kangaroo Yellow Kidswear,c:\Users\LEGION\Documents\jupyter_notebook\Fashion-Intelligence-System\A2_FashionDataset\FashionDataset\train\images_train\4973.jpg,False
4974,8fd5020fb3092a5f9fc3ed44602e91f5,908416be48f49f423e9c00ffd47af601,True,False,Men,Apparel,Topwear,Shirts,Yellow,Summer,2011,Casual,Gini and Jony Boy's Kangaroo Yellow Infant Kidswear,c:\Users\LEGION\Documents\jupyter_notebook\Fashion-Intelligence-System\A2_FashionDataset\FashionDataset\train\images_train\4974.jpg,False
4975,20a7fa1992700ef2cdaed591e68a87d6,6c4256aa6c605f3498f472ff4573f61d,True,False,Men,Apparel,Topwear,Tshirts,Red,Summer,2011,Casual,Gini and Jony Boy's Kent Pack of 3 Tee Kidswear,c:\Users\LEGION\Documents\jupyter_notebook\Fashion-Intelligence-System\A2_FashionDataset\FashionDataset\train\images_train\4975.jpg,False
4976,20a7fa1992700ef2cdaed591e68a87d6,6c4256aa6c605f3498f472ff4573f61d,True,False,Men,Apparel,Topwear,Tshirts,Red,Summer,2011,Casual,Gini and Jony Boy's Kent Pack of 3 Infant Tee Kidswear,c:\Users\LEGION\Documents\jupyter_notebook\Fashion-Intelligence-System\A2_FashionDataset\FashionDataset\train\images_train\4976.jpg,False
51073,1faa3810a6f4f527d465bc14d6a0611d,c08fe8f4ef6a2d5fbbd339c9c19510e8,True,False,Women,Free Items,Free Gifts,Free Gifts,Olive,Summer,2012,Ethnic,Satya Paul Olive Saree,c:\Users\LEGION\Documents\jupyter_notebook\Fashion-Intelligence-System\A2_FashionDataset\FashionDataset\train\images_train\51073.jpg,True
51101,1faa3810a6f4f527d465bc14d6a0611d,c08fe8f4ef6a2d5fbbd339c9c19510e8,True,False,Women,Apparel,Saree,Sarees,Green,Summer,2012,Ethnic,Satya Paul Green Printed Saree,c:\Users\LEGION\Documents\jupyter_notebook\Fashion-Intelligence-System\A2_FashionDataset\FashionDataset\train\images_train\51101.jpg,True
5356,1153ea0bda89fc92c6251995c5ab1bcc,32c10ed5b2017039825f810b83737f2a,True,False,Men,Footwear,Shoes,Sports Shoes,Red,Fall,2011,Sports,Kalenji Kapteren Aw Red 2010,c:\Users\LEGION\Documents\jupyter_notebook\Fashion-Intelligence-System\A2_FashionDataset\FashionDataset\train\images_train\5356.jpg,False
5357,1153ea0bda89fc92c6251995c5ab1bcc,32c10ed5b2017039825f810b83737f2a,True,False,Men,Footwear,Shoes,Sports Shoes,Red,Fall,2011,Sports,Kipsta F300 Sala Shoes,c:\Users\LEGION\Documents\jupyter_notebook\Fashion-Intelligence-System\A2_FashionDataset\FashionDataset\train\images_train\5357.jpg,False
5358,622d45f9dd333c4a1fb8874d6d93d40b,d14b2044d21be3b3f53e3ceb606c1a62,True,False,Men,Footwear,Shoes,Sports Shoes,White,Summer,2011,Sports,Kipsta Calcetto 5 Sr White,c:\Users\LEGION\Documents\jupyter_notebook\Fashion-Intelligence-System\A2_FashionDataset\FashionDataset\train\images_train\5358.jpg,False
5359,622d45f9dd333c4a1fb8874d6d93d40b,d14b2044d21be3b3f53e3ceb606c1a62,True,False,Men,Footwear,Shoes,Sports Shoes,White,Summer,2011,Sports,Kipsta F300 Tf Sr Ah09,c:\Users\LEGION\Documents\jupyter_notebook\Fashion-Intelligence-System\A2_FashionDataset\FashionDataset\train\images_train\5359.jpg,False
6489,ceee7c5f0367a33a8695fc3d9ae5e3a3,92addca05d19ef375c677dc684a4c7ef,True,False,Men,Apparel,Topwear,Tshirts,Yellow,Summer,2011,Casual,ADIDAS Men's 365 Polo Yellow T-shirt,c:\Users\LEGION\Documents\jupyter_notebook\Fashion-Intelligence-System\A2_FashionDataset\FashionDataset\train\images_train\6489.jpg,False
6492,ceee7c5f0367a33a8695fc3d9ae5e3a3,92addca05d19ef375c677dc684a4c7ef,True,False,Men,Apparel,Topwear,Tshirts,Yellow,Summer,2011,Casual,ADIDAS Men's Fresh lemon Yellow T-shirt,c:\Users\LEGION\Documents\jupyter_notebook\Fashion-Intelligence-System\A2_FashionDataset\FashionDataset\train\images_train\6492.jpg,False
7156,89566bb85f2e7d351cc8998dd50c1c1c,cfb01ffec100e8dc53a43cb0bfb98d97,True,False,Men,Apparel,Topwear,Shirts,Black,Fall,2011,Casual,Scullers Men Black Check Shirt,c:\Users\LEGION\Documents\jupyter_notebook\Fashion-Intelligence-System\A2_FashionDataset\FashionDataset\train\images_train\7156.jpg,False
8809,89566bb85f2e7d351cc8998dd50c1c1c,cfb01ffec100e8dc53a43cb0bfb98d97,True,False,Men,Apparel,Topwear,Shirts,Black,Fall,2011,Casual,Scullers Men Scul Black White Shirt,c:\Users\LEGION\Documents\jupyter_notebook\Fashion-Intelligence-System\A2_FashionDataset\FashionDataset\train\images_train\8809.jpg,False
7158,7a197ee53c67c7d951318e98dc394e6b,9156e435ffc8c5a468ccc03c86bbac00,True,False,Men,Apparel,Topwear,Shirts,Green,Fall,2011,Casual,Scullers Men  Green Check Shirt,c:\Users\LEGION\Documents\jupyter_notebook\Fashion-Intelligence-System\A2_FashionDataset\FashionDataset\train\images_train\7158.jpg,True
8786,7a197ee53c67c7d951318e98dc394e6b,9156e435ffc8c5a468ccc03c86bbac00,True,False,Men,Apparel,Topwear,Shirts,Blue,Summer,2011,Casual,Scullers Men Blue & Green Check Shirt,c:\Users\LEGION\Documents\jupyter_notebook\Fashion-Intelligence-System\A2_FashionDataset\FashionDataset\train\images_train\8786.jpg,True
7164,0f5186a75eb11b6b26f00868603d7626,cc5135286f31e86e3a088de181c0c8fa,True,False,Men,Apparel,Topwear,Shirts,Red,Fall,2011,Casual,Scullers Men Black & Red Check Shirt,c:\Users\LEGION\Documents\jupyter_notebook\Fashion-Intelligence-System\A2_FashionDataset\FashionDataset\train\images_train\7164.jpg,False
8806,0f5186a75eb11b6b26f00868603d7626,cc5135286f31e86e3a088de181c0c8fa,True,False,Men,Apparel,Topwear,Shirts,Red,Fall,2011,Casual,Scullers Men Black & Red Check Shirt,c:\Users\LEGION\Documents\jupyter_notebook\Fashion-Intelligence-System\A2_FashionDataset\FashionDataset\train\images_train\8806.jpg,False
7165,ad749b1c4e6c687d27ead63f3e709d72,2966a039228115d24d46800ac505f29d,True,False,Men,Apparel,Topwear,Shirts,Black,Fall,2011,Casual,Scullers Men Black & Green Shirt,c:\Users\LEGION\Documents\jupyter_notebook\Fashion-Intelligence-System\A2_FashionDataset\FashionDataset\train\images_train\7165.jpg,False
8807,ad749b1c4e6c687d27ead63f3e709d72,2966a039228115d24d46800ac505f29d,True,False,Men,Apparel,Topwear,Shirts,Green,Fall,2011,Casual,Scullers Men Scul Black & Green Check Shirt,c:\Users\LEGION\Documents\jupyter_notebook\Fashion-Intelligence-System\A2_FashionDataset\FashionDataset\train\images_train\8807.jpg,False
7169,5db2499b62ac24217454ab79f72025b7,a28400a60185f7b32c3255e89e106193,True,False,Men,Apparel,Topwear,Shirts,Blue,Fall,2011,Casual,Scullers Men Scul Navy Blue Shirt,c:\Users\LEGION\Documents\jupyter_notebook\Fashion-Intelligence-System\A2_FashionDataset\FashionDataset\train\images_train\7169.jpg,False
8801,5db2499b62ac24217454ab79f72025b7,a28400a60185f7b32c3255e89e106193,True,False,Men,Apparel,Topwear,Shirts,Navy Blue,Fall,2011,Casual,Scullers Men Navy Blue Shirt,c:\Users\LEGION\Documents\jupyter_notebook\Fashion-Intelligence-System\A2_FashionDataset\FashionDataset\train\images_train\8801.jpg,False
7170,f889663e987575b9564f8fa758401ace,c021a23a7c0e8d23cc717df7e0d27141,True,False,Men,Apparel,Topwear,Shirts,Red,Fall,2011,Casual,Scullers Men Scul White Red Shirt,c:\Users\LEGION\Documents\jupyter_notebook\Fashion-Intelligence-System\A2_FashionDataset\FashionDataset\train\images_train\7170.jpg,False
8799,f889663e987575b9564f8fa758401ace,c021a23a7c0e8d23cc717df7e0d27141,True,False,Men,Apparel,Topwear,Shirts,Red,Fall,2011,Casual,Scullers Men's Scul Red White Shirts,c:\Users\LEGION\Documents\jupyter_notebook\Fashion-Intelligence-System\A2_FashionDataset\FashionDataset\train\images_train\8799.jpg,False
7171,2fd26097d020e44f6562369695728085,d38fff4a5f6d5318c6b23e9b4603497d,True,False,Men,Apparel,Topwear,Shirts,Red,Fall,2011,Casual,Scullers Men Red Check Shirt,c:\Users\LEGION\Documents\jupyter_notebook\Fashion-Intelligence-System\A2_FashionDataset\FashionDataset\train\images_train\7171.jpg,False
8798,2fd26097d020e44f6562369695728085,d38fff4a5f6d5318c6b23e9b4603497d,True,False,Men,Apparel,Topwear,Shirts,Red,Fall,2011,Casual,Scullers Men Red Check Shirt,c:\Users\LEGION\Documents\jupyter_notebook\Fashion-Intelligence-System\A2_FashionDataset\FashionDataset\train\images_train\8798.jpg,False
7172,2d50306d15f71ec90f4a912ec1f27aaa,c5a7e2a0930ef6b80153ffbe3be5c832,True,False,Men,Apparel,Topwear,Shirts,Navy Blue,Fall,2011,Casual,Scullers Men Navy Blue Check Shirt,c:\Users\LEGION\Documents\jupyter_notebook\Fashion-Intelligence-System\A2_FashionDataset\FashionDataset\train\images_train\7172.jpg,False
8797,2d50306d15f71ec90f4a912ec1f27aaa,c5a7e2a0930ef6b80153ffbe3be5c832,True,False,Men,Apparel,Topwear,Shirts,Navy Blue,Fall,2011,Casual,Scullers Men Navy Blue Check Shirt,c:\Users\LEGION\Documents\jupyter_notebook\Fashion-Intelligence-System\A2_FashionDataset\FashionDataset\train\images_train\8797.jpg,False
7173,556dbb9d9366e72572635b5a4a41a970,8288f90dc1840e09f19658c36971bec5,True,False,Men,Apparel,Topwear,Shirts,Black,Fall,2011,Casual,Scullers Men Scul Black White Shirt,c:\Users\LEGION\Documents\jupyter_notebook\Fashion-Intelligence-System\A2_FashionDataset\FashionDataset\train\images_train\7173.jpg,False
8796,556dbb9d9366e72572635b5a4a41a970,8288f90dc1840e09f19658c36971bec5,True,False,Men,Apparel,Topwear,Shirts,Black,Fall,2011,Casual,Scullers Men Black White Check Shirt,c:\Users\LEGION\Documents\jupyter_notebook\Fashion-Intelligence-System\A2_FashionDataset\FashionDataset\train\images_train\8796.jpg,False
7174,47c30b811e0e2425dbbbc0e50359ebf3,803d6f493d6fafddd9ea091502954b02,True,False,Men,Apparel,Topwear,Shirts,Green,Fall,2011,Casual,Scullers Men Green & Purple Checked Shirt,c:\Users\LEGION\Documents\jupyter_notebook\Fashion-Intelligence-System\A2_FashionDataset\FashionDataset\train\images_train\7174.jpg,False
8808,47c30b811e0e2425dbbbc0e50359ebf3,803d6f493d6fafddd9ea091502954b02,True,False,Men,Apparel,Topwear,Shirts,Green,Fall,2011,Casual,Scullers Men Scul Green Purple Shirt,c:\Users\LEGION\Documents\jupyter_notebook\Fashion-Intelligence-System\A2_FashionDataset\FashionDataset\train\images_train\8808.jpg,False
7175,78d02a7fd0c0c75582fee2aeeb19b615,2c1b40dab8f306db2977d9517cd1bb38,True,False,Men,Apparel,Topwear,Shirts,Black,Fall,2011,Casual,Scullers Men Scul Black White Check Shirt,c:\Users\LEGION\Documents\jupyter_notebook\Fashion-Intelligence-System\A2_FashionDataset\FashionDataset\train\images_train\7175.jpg,False
8805,78d02a7fd0c0c75582fee2aeeb19b615,2c1b40dab8f306db2977d9517cd1bb38,True,False,Men,Apparel,Topwear,Shirts,Black,Fall,2011,Casual,Scullers Men Scul White Black Shirt,c:\Users\LEGION\Documents\jupyter_notebook\Fashion-Intelligence-System\A2_FashionDataset\FashionDataset\train\images_train\8805.jpg,False
7177,67b528b2330fa27b1d9b6eb10c78e475,8e0ef2fc899d1299724ccb836c00fa0a,True,False,Men,Apparel,Topwear,Shirts,Blue,Fall,2011,Casual,Scullers Men Blue Check Shirt,c:\Users\LEGION\Documents\jupyter_notebook\Fashion-Intelligence-System\A2_FashionDataset\FashionDataset\train\images_train\7177.jpg,False
8810,67b528b2330fa27b1d9b6eb10c78e475,8e0ef2fc899d1299724ccb836c00fa0a,True,False,Men,Apparel,Topwear,Shirts,Blue,Fall,2011,Casual,Scullers Men White Check Shirt,c:\Users\LEGION\Documents\jupyter_notebook\Fashion-Intelligence-System\A2_FashionDataset\FashionDataset\train\images_train\8810.jpg,False
8187,3ff33292ee8a88e80f3d206edcb30bce,9c9b259633077b3728c53f4a444c6666,True,False,Men,Apparel,Topwear,Shirts,Blue,Summer,2011,Casual,Locomotive Men Solid Poplin Laibrook Blue Shirts,c:\Users\LEGION\Documents\jupyter_notebook\Fashion-Intelligence-System\A2_FashionDataset\FashionDataset\train\images_train\8187.jpg,False
8193,3ff33292ee8a88e80f3d206edcb30bce,9c9b259633077b3728c53f4a444c6666,True,False,Men,Apparel,Topwear,Shirts,Blue,Summer,2011,Casual,Locomotive Men Solid Poplin Lamar Blue Shirts,c:\Users\LEGION\Documents\jupyter_notebook\Fashion-Intelligence-System\A2_FashionDataset\FashionDataset\train\images_train\8193.jpg,False
8194,96e6b399e4abdfff256091b605aa3fae,a42f7328eb66f5cd5a92c40e54cbdb66,True,False,Men,Apparel,Topwear,Shirts,Navy Blue,Summer,2011,Casual,Locomotive Men Solid Poplin Lambert Navy Blue Shirts,c:\Users\LEGION\Documents\jupyter_notebook\Fashion-Intelligence-System\A2_FashionDataset\FashionDataset\train\images_train\8194.jpg,False
8197,96e6b399e4abdfff256091b605aa3fae,a42f7328eb66f5cd5a92c40e54cbdb66,True,False,Men,Apparel,Topwear,Shirts,Black,Summer,2011,Casual,Locomotive Men Solid Poplin Lamont Black Shirts,c:\Users\LEGION\Documents\jupyter_notebook\Fashion-Intelligence-System\A2_FashionDataset\FashionDataset\train\images_train\8197.jpg,False
8273,49768fb1b105b434be1e9dd229c26760,aa4c37eb9cb2b22f501efadf85be284b,True,False,Men,Apparel,Topwear,Tshirts,Yellow,Fall,2011,Casual,Doodle Men Athletic 77 Dept Yellow tee Yellow Kidswear,c:\Users\LEGION\Documents\jupyter_notebook\Fashion-Intelligence-System\A2_FashionDataset\FashionDataset\train\images_train\8273.jpg,True
8325,49768fb1b105b434be1e9dd229c26760,aa4c37eb9cb2b22f501efadf85be284b,True,False,Boys,Apparel,Topwear,Tshirts,Yellow,Fall,2011,Casual,Doodle Boy's Athletic 77 Dept Yellow Teen Kidswear,c:\Users\LEGION\Documents\jupyter_notebook\Fashion-Intelligence-System\A2_FashionDataset\FashionDataset\train\images_train\8325.jpg,True
8319,6a437a6dfe203b5768954c1cac971a31,8b644541a327ae4c7c4a02c5495523b2,True,False,Boys,Apparel,Topwear,Tshirts,Red,Fall,2011,Casual,Doodle Boy's Route 66 Biker Red Kidswear,c:\Users\LEGION\Documents\jupyter_notebook\Fashion-Intelligence-System\A2_FashionDataset\FashionDataset\train\images_train\8319.jpg,False
8320,6a437a6dfe203b5768954c1cac971a31,8b644541a327ae4c7c4a02c5495523b2,True,False,Boys,Apparel,Topwear,Tshirts,Red,Fall,2011,Casual,Doodle Boy's Route 66 Biker Red Teen Kidswear,c:\Users\LEGION\Documents\jupyter_notebook\Fashion-Intelligence-System\A2_FashionDataset\FashionDataset\train\images_train\8320.jpg,False
8321,632b0853acc2a50565b44499c4865d83,a797c971866cf5843624943ffd4d0b94,True,False,Boys,Apparel,Topwear,Tshirts,Blue,Fall,2011,Casual,Doodle Boy's Route 66 Biker Blue Kidswear,c:\Users\LEGION\Documents\jupyter_notebook\Fashion-Intelligence-System\A2_FashionDataset\FashionDataset\train\images_train\8321.jpg,False
8322,632b0853acc2a50565b44499c4865d83,a797c971866cf5843624943ffd4d0b94,True,False,Boys,Apparel,Topwear,Tshirts,Blue,Fall,2011,Casual,Doodle Boy's Route 66 Biker Blue Teen Kidswear,c:\Users\LEGION\Documents\jupyter_notebook\Fashion-Intelligence-System\A2_FashionDataset\FashionDataset\train\images_train\8322.jpg,False
8323,cf23ad4ddcaf255294b552d8d9186a85,5e48bc2bfb04a3ea198391372af3177b,True,False,Boys,Apparel,Topwear,Tshirts,White,Fall,2011,Casual,Doodle Boy's Athletic 77 Dept White Kidswear,c:\Users\LEGION\Documents\jupyter_notebook\Fashion-Intelligence-System\A2_FashionDataset\FashionDataset\train\images_train\8323.jpg,False
8324,cf23ad4ddcaf255294b552d8d9186a85,5e48bc2bfb04a3ea198391372af3177b,True,False,Boys,Apparel,Topwear,Tshirts,White,Fall,2011,Casual,Doodle Boy's Athletic 77 Dept White Kidswear,c:\Users\LEGION\Documents\jupyter_notebook\Fashion-Intelligence-System\A2_FashionDataset\FashionDataset\train\images_train\8324.jpg,False
8326,3a211ae54bad41f77b7a59a8b6386013,1828c58b29138842750a335a70d45e20,True,False,Boys,Apparel,Topwear,Tshirts,Green,Fall,2011,Casual,Doodle Boy's Stripper Green Kidswear,c:\Users\LEGION\Documents\jupyter_notebook\Fashion-Intelligence-System\A2_FashionDataset\FashionDataset\train\images_train\8326.jpg,False
8327,3a211ae54bad41f77b7a59a8b6386013,1828c58b29138842750a335a70d45e20,True,False,Boys,Apparel,Topwear,Tshirts,Green,Fall,2011,Casual,Doodle Boy's Stripper Green Teen Kidswear,c:\Users\LEGION\Documents\jupyter_notebook\Fashion-Intelligence-System\A2_FashionDataset\FashionDataset\train\images_train\8327.jpg,False
8330,119c85a6327bf342ee658fe77b6aceda,c98bacdc916b47f7de3a37236e321e71,True,False,Boys,Apparel,Topwear,Tshirts,White,Fall,2011,Casual,Doodle Boy's Car Print White Green Blue Kidswear,c:\Users\LEGION\Documents\jupyter_notebook\Fashion-Intelligence-System\A2_FashionDataset\FashionDataset\train\images_train\8330.jpg,False
8331,119c85a6327bf342ee658fe77b6aceda,c98bacdc916b47f7de3a37236e321e71,True,False,Boys,Apparel,Topwear,Tshirts,White,Fall,2011,Casual,Doodle Boy's Car Print Teen Kidswear,c:\Users\LEGION\Documents\jupyter_notebook\Fashion-Intelligence-System\A2_FashionDataset\FashionDataset\train\images_train\8331.jpg,False
8332,c3b9b01493cca92a45349ce1b7884990,01d941ef6764bd82fe4591f5d739097b,True,False,Boys,Apparel,Topwear,Tshirts,White,Fall,2011,Casual,Doodle Boy's Car Print White Red Blue Kidswear,c:\Users\LEGION\Documents\jupyter_notebook\Fashion-Intelligence-System\A2_FashionDataset\FashionDataset\train\images_train\8332.jpg,False
8333,c3b9b01493cca92a45349ce1b7884990,01d941ef6764bd82fe4591f5d739097b,True,False,Boys,Apparel,Topwear,Tshirts,White,Fall,2011,Casual,Doodle Boy's Car Print White Red Blue Teen Kidswear,c:\Users\LEGION\Documents\jupyter_notebook\Fashion-Intelligence-System\A2_FashionDataset\FashionDataset\train\images_train\8333.jpg,False
8334,f8da40a7607f90f2ad33d964435f5dee,b743dc1e8c40d551d6aff2acc174ad97,True,False,Boys,Apparel,Topwear,Tshirts,Green,Fall,2011,Casual,Doodle Boy's Touring Championship Green Black Kidswear,c:\Users\LEGION\Documents\jupyter_notebook\Fashion-Intelligence-System\A2_FashionDataset\FashionDataset\train\images_train\8334.jpg,False
8335,f8da40a7607f90f2ad33d964435f5dee,b743dc1e8c40d551d6aff2acc174ad97,True,False,Boys,Apparel,Topwear,Tshirts,Green,Fall,2011,Casual,Doodle Boy's Touring Championship Green Teen Kidswear,c:\Users\LEGION\Documents\jupyter_notebook\Fashion-Intelligence-System\A2_FashionDataset\FashionDataset\train\images_train\8335.jpg,False
8336,2653dd4e1646883eed2900eab43b3ed9,7965fb2ffa8eb72648e8439139ec1e0d,True,False,Boys,Apparel,Topwear,Tshirts,Red,Fall,2011,Casual,Doodle Boy's 77 Juniors League Red White Kidswear,c:\Users\LEGION\Documents\jupyter_notebook\Fashion-Intelligence-System\A2_FashionDataset\FashionDataset\train\images_train\8336.jpg,False
8337,2653dd4e1646883eed2900eab43b3ed9,7965fb2ffa8eb72648e8439139ec1e0d,True,False,Boys,Apparel,Topwear,Tshirts,Red,Fall,2011,Casual,Doodle Boy's 77 Juniors League Red White Teen Kidswear,c:\Users\LEGION\Documents\jupyter_notebook\Fashion-Intelligence-System\A2_FashionDataset\FashionDataset\train\images_train\8337.jpg,False
8338,e9fec09df62d9329f7ccd7324074243c,bd2b0ec72880c358500dd59befeab2fa,True,False,Boys,Apparel,Topwear,Tshirts,White,Fall,2011,Casual,Doodle Boy's 77 Juniors League White Black Kidswear,c:\Users\LEGION\Documents\jupyter_notebook\Fashion-Intelligence-System\A2_FashionDataset\FashionDataset\train\images_train\8338.jpg,False
8339,e9fec09df62d9329f7ccd7324074243c,bd2b0ec72880c358500dd59befeab2fa,True,False,Boys,Apparel,Topwear,Tshirts,White,Fall,2011,Casual,Doodle Boy's 77 Juniors League White Black Teen Kidswear,c:\Users\LEGION\Documents\jupyter_notebook\Fashion-Intelligence-System\A2_FashionDataset\FashionDataset\train\images_train\8339.jpg,False
8372,520a39354f09e26af82ad57560544cd9,7d770093d7214b2a1e45630916f9c4d8,True,False,Girls,Apparel,Topwear,Tshirts,Blue,Fall,2011,Casual,Doodle Girl's Dont Worry Hippie Teal Blue Kidswear,c:\Users\LEGION\Documents\jupyter_notebook\Fashion-Intelligence-System\A2_FashionDataset\FashionDataset\train\images_train\8372.jpg,False
8375,520a39354f09e26af82ad57560544cd9,7d770093d7214b2a1e45630916f9c4d8,True,False,Girls,Apparel,Topwear,Tshirts,Blue,Fall,2011,Casual,Doodle Girl's Dont Worry Hippie Blue Teen Kidswear,c:\Users\LEGION\Documents\jupyter_notebook\Fashion-Intelligence-System\A2_FashionDataset\FashionDataset\train\images_train\8375.jpg,False
8378,e243440bf404de08b5a64b7ffc76217e,de8003759e56bed735715344eccc67d2,True,False,Girls,Apparel,Topwear,Tshirts,Green,Fall,2011,Casual,Doodle Girl's Princess Lime Kidswear,c:\Users\LEGION\Documents\jupyter_notebook\Fashion-Intelligence-System\A2_FashionDataset\FashionDataset\train\images_train\8378.jpg,False
8379,e243440bf404de08b5a64b7ffc76217e,de8003759e56bed735715344eccc67d2,True,False,Girls,Apparel,Topwear,Tshirts,Green,Fall,2011,Casual,Doodle Girl's Princess Lime Green Top,c:\Users\LEGION\Documents\jupyter_notebook\Fashion-Intelligence-System\A2_FashionDataset\FashionDataset\train\images_train\8379.jpg,False
8382,e510546eb8e9d36176dad5192c09764f,8f2471cab3d0cfa9b60e8c8895546ec4,True,False,Girls,Apparel,Topwear,Tshirts,Blue,Fall,2011,Casual,Doodle Girl's Raw Edges Light Blue Kidswear,c:\Users\LEGION\Documents\jupyter_notebook\Fashion-Intelligence-System\A2_FashionDataset\FashionDataset\train\images_train\8382.jpg,False
8383,e510546eb8e9d36176dad5192c09764f,8f2471cab3d0cfa9b60e8c8895546ec4,True,False,Girls,Apparel,Topwear,Tshirts,Blue,Fall,2011,Casual,Doodle Girl's Raw Edges Light Blue Teen Kidswear,c:\Users\LEGION\Documents\jupyter_notebook\Fashion-Intelligence-System\A2_FashionDataset\FashionDataset\train\images_train\8383.jpg,False
8384,c94dd78d090db6b22f6e630872cc26ae,01358f61f95dd17301ef5722a1955955,True,False,Girls,Apparel,Topwear,Tshirts,Orange,Fall,2011,Casual,Doodle Girl's Hippie Chic Orange Kidswear,c:\Users\LEGION\Documents\jupyter_notebook\Fashion-Intelligence-System\A2_FashionDataset\FashionDataset\train\images_train\8384.jpg,False
8385,c94dd78d090db6b22f6e630872cc26ae,01358f61f95dd17301ef5722a1955955,True,False,Girls,Apparel,Topwear,Tshirts,Orange,Fall,2011,Casual,Doodle Girl's Hippie Chic Orange Teen Kidswear,c:\Users\LEGION\Documents\jupyter_notebook\Fashion-Intelligence-System\A2_FashionDataset\FashionDataset\train\images_train\8385.jpg,False
8414,4d9e8279e57ba03567d91ac90e6b1b96,800e69b7b65e5773149f88b0ffad2bad,True,False,Girls,Apparel,Topwear,Tshirts,White,Fall,2011,Casual,Doodle Girl's Hippie Chic White Kidswear,c:\Users\LEGION\Documents\jupyter_notebook\Fashion-Intelligence-System\A2_FashionDataset\FashionDataset\train\images_train\8414.jpg,False
8415,4d9e8279e57ba03567d91ac90e6b1b96,800e69b7b65e5773149f88b0ffad2bad,True,False,Girls,Apparel,Topwear,Tshirts,White,Fall,2011,Casual,Doodle Girl's Hippie Chic White Teen Kidswear,c:\Users\LEGION\Documents\jupyter_notebook\Fashion-Intelligence-System\A2_FashionDataset\FashionDataset\train\images_train\8415.jpg,False
8418,11629d74fc982d60561704c3c4510f55,3bc6fa93dd5703c245306f963d92b3ec,True,False,Girls,Apparel,Topwear,Tshirts,Blue,Fall,2011,Casual,Doodle Girl's Crazy Funny Blue Kidswear,c:\Users\LEGION\Documents\jupyter_notebook\Fashion-Intelligence-System\A2_FashionDataset\FashionDataset\train\images_train\8418.jpg,False
8419,11629d74fc982d60561704c3c4510f55,3bc6fa93dd5703c245306f963d92b3ec,True,False,Girls,Apparel,Topwear,Tshirts,Blue,Fall,2011,Casual,Doodle Girl's Crazy Funny Blue Teen Kidswear,c:\Users\LEGION\Documents\jupyter_notebook\Fashion-Intelligence-System\A2_FashionDataset\FashionDataset\train\images_train\8419.jpg,False
8584,2b286be789ca5b2048c6e5aeaaa9efeb,b000d4e6e3535fdcf3ee45edba569f66,True,False,Men,Apparel,Topwear,Shirts,Purple,Fall,2011,Casual,Scullers Men Scul Purple Shirts,c:\Users\LEGION\Documents\jupyter_notebook\Fashion-Intelligence-System\A2_FashionDataset\FashionDataset\train\images_train\8584.jpg,False
8585,2b286be789ca5b2048c6e5aeaaa9efeb,b000d4e6e3535fdcf3ee45edba569f66,True,False,Men,Apparel,Topwear,Shirts,Purple,Fall,2011,Casual,Scullers Men Scul Purple Shirts,c:\Users\LEGION\Documents\jupyter_notebook\Fashion-Intelligence-System\A2_FashionDataset\FashionDataset\train\images_train\8585.jpg,False
8586,eb06ae5a3a30ae969a79c0ea06de7b2c,9f263c4a32474fbd94caac6eacca2f18,True,False,Men,Apparel,Topwear,Shirts,Red,Fall,2011,Casual,Scullers Men Red Shirt,c:\Users\LEGION\Documents\jupyter_notebook\Fashion-Intelligence-System\A2_FashionDataset\FashionDataset\train\images_train\8586.jpg,False
8587,eb06ae5a3a30ae969a79c0ea06de7b2c,9f263c4a32474fbd94caac6eacca2f18,True,False,Men,Apparel,Topwear,Shirts,Red,Fall,2011,Casual,Scullers Men Red Check Shirt,c:\Users\LEGION\Documents\jupyter_notebook\Fashion-Intelligence-System\A2_FashionDataset\FashionDataset\train\images_train\8587.jpg,False
8588,0b319385ad30f3481dad1edf69e13769,2177211701d5211b9a4f774fedfb902a,True,False,Men,Apparel,Topwear,Shirts,Blue,Fall,2011,Casual,Scullers Men Scul Blue Shirts,c:\Users\LEGION\Documents\jupyter_notebook\Fashion-Intelligence-System\A2_FashionDataset\FashionDataset\train\images_train\8588.jpg,False
8589,0b319385ad30f3481dad1edf69e13769,2177211701d5211b9a4f774fedfb902a,True,False,Men,Apparel,Topwear,Shirts,Blue,Fall,2011,Casual,Scullers Men Scul Blue Shirts,c:\Users\LEGION\Documents\jupyter_notebook\Fashion-Intelligence-System\A2_FashionDataset\FashionDataset\train\images_train\8589.jpg,False
8590,dfa25bc4b3edb6fe1f5ba1367a79ffda,6151faf55ed3d7a3d1131bae724782e2,True,False,Men,Apparel,Topwear,Shirts,Purple,Fall,2011,Casual,Scullers Men Purple Shirt,c:\Users\LEGION\Documents\jupyter_notebook\Fashion-Intelligence-System\A2_FashionDataset\FashionDataset\train\images_train\8590.jpg,False
8591,dfa25bc4b3edb6fe1f5ba1367a79ffda,6151faf55ed3d7a3d1131bae724782e2,True,False,Men,Apparel,Topwear,Shirts,Purple,Fall,2011,Casual,Scullers Men Purple Check Shirt,c:\Users\LEGION\Documents\jupyter_notebook\Fashion-Intelligence-System\A2_FashionDataset\FashionDataset\train\images_train\8591.jpg,False
8719,0dde61f5b6ab18b0c1f2fa278efdf36a,78c02d59826a0a8990d97e910e40292d,True,False,Men,Apparel,Topwear,Shirts,Purple,Fall,2011,Casual,Indigo Nation Men Stripes Shirt Purple Shirts,c:\Users\LEGION\Documents\jupyter_notebook\Fashion-Intelligence-System\A2_FashionDataset\FashionDataset\train\images_train\8719.jpg,False
9607,0dde61f5b6ab18b0c1f2fa278efdf36a,78c02d59826a0a8990d97e910e40292d,True,False,Men,Apparel,Topwear,Shirts,Purple,Fall,2011,Casual,Indigo Nation Men Stripes Purple Shirts,c:\Users\LEGION\Documents\jupyter_notebook\Fashion-Intelligence-System\A2_FashionDataset\FashionDataset\train\images_train\9607.jpg,False
8720,2c448a2904917e974a71a6b80ed47067,2a6a5933415e338693e976a505745799,True,False,Men,Apparel,Topwear,Shirts,Green,Fall,2011,Casual,Indigo Nation Men Stripes Green Shirts,c:\Users\LEGION\Documents\jupyter_notebook\Fashion-Intelligence-System\A2_FashionDataset\FashionDataset\train\images_train\8720.jpg,False
9608,2c448a2904917e974a71a6b80ed47067,2a6a5933415e338693e976a505745799,True,False,Men,Apparel,Topwear,Shirts,Green,Fall,2011,Casual,Indigo Nation Men Stripes White Shirts,c:\Users\LEGION\Documents\jupyter_notebook\Fashion-Intelligence-System\A2_FashionDataset\FashionDataset\train\images_train\9608.jpg,False
8721,927cce073b411b7c391b027c1c99ee51,eb186b172e178688753604e539e0d9dc,True,False,Men,Apparel,Topwear,Shirts,White,Fall,2011,Casual,Indigo Nation Men Stripes Shirt Purple Shirts,c:\Users\LEGION\Documents\jupyter_notebook\Fashion-Intelligence-System\A2_FashionDataset\FashionDataset\train\images_train\8721.jpg,False
9609,927cce073b411b7c391b027c1c99ee51,eb186b172e178688753604e539e0d9dc,True,False,Men,Apparel,Topwear,Shirts,Purple,Fall,2011,Casual,Indigo Nation Men Stripes Purple Shirts,c:\Users\LEGION\Documents\jupyter_notebook\Fashion-Intelligence-System\A2_FashionDataset\FashionDataset\train\images_train\9609.jpg,False
8722,e69661087670cd45642e4a04b5ad0a2c,d3e90ee5df277f1fc3534e3ce9204a05,True,False,Men,Apparel,Topwear,Shirts,Green,Fall,2011,Casual,Indigo Nation Men Stripes Green Shirts,c:\Users\LEGION\Documents\jupyter_notebook\Fashion-Intelligence-System\A2_FashionDataset\FashionDataset\train\images_train\8722.jpg,False
9610,e69661087670cd45642e4a04b5ad0a2c,d3e90ee5df277f1fc3534e3ce9204a05,True,False,Men,Apparel,Topwear,Shirts,White,Fall,2011,Casual,Indigo Nation Men Stripes White Shirts,c:\Users\LEGION\Documents\jupyter_notebook\Fashion-Intelligence-System\A2_FashionDataset\FashionDataset\train\images_train\9610.jpg,False
8723,bc43d318b4b409267e52501f28acada9,e9e90ed16954b87fd8a0ce5061f488e2,True,False,Men,Apparel,Topwear,Shirts,White,Fall,2011,Casual,Indigo Nation Men Striped Yellow Shirt,c:\Users\LEGION\Documents\jupyter_notebook\Fashion-Intelligence-System\A2_FashionDataset\FashionDataset\train\images_train\8723.jpg,False
9612,bc43d318b4b409267e52501f28acada9,e9e90ed16954b87fd8a0ce5061f488e2,True,False,Men,Apparel,Topwear,Shirts,Yellow,Fall,2011,Casual,Indigo Nation Men Stripes Yellow Shirt,c:\Users\LEGION\Documents\jupyter_notebook\Fashion-Intelligence-System\A2_FashionDataset\FashionDataset\train\images_train\9612.jpg,False
8724,91fd44bba4fbf2bc1d3d0386098278cb,65772c01ac664747a8a6f2347bc3cc8f,True,False,Men,Apparel,Topwear,Shirts,Red,Fall,2011,Casual,Indigo Nation Men Checks Red Shirts,c:\Users\LEGION\Documents\jupyter_notebook\Fashion-Intelligence-System\A2_FashionDataset\FashionDataset\train\images_train\8724.jpg,False
9615,91fd44bba4fbf2bc1d3d0386098278cb,65772c01ac664747a8a6f2347bc3cc8f,True,False,Men,Apparel,Topwear,Shirts,Red,Fall,2011,Casual,Indigo Nation Men Checks Red Shirts,c:\Users\LEGION\Documents\jupyter_notebook\Fashion-Intelligence-System\A2_FashionDataset\FashionDataset\train\images_train\9615.jpg,False
8725,e7771701dd0fa52901b55ef3427ca656,4ba3644dbb32ebd7614beca3ded859d7,True,False,Men,Apparel,Topwear,Shirts,Black,Fall,2011,Casual,Indigo Nation Men Checks Shirt Black Shirts,c:\Users\LEGION\Documents\jupyter_notebook\Fashion-Intelligence-System\A2_FashionDataset\FashionDataset\train\images_train\8725.jpg,False
9616,e7771701dd0fa52901b55ef3427ca656,4ba3644dbb32ebd7614beca3ded859d7,True,False,Men,Apparel,Topwear,Shirts,Black,Fall,2011,Casual,Indigo Nation Men Checks Black White Shirts,c:\Users\LEGION\Documents\jupyter_notebook\Fashion-Intelligence-System\A2_FashionDataset\FashionDataset\train\images_train\9616.jpg,False
8727,2b9e302fba64146691be15f67e545917,657f738752891630e5ca67f4a09e2593,True,False,Men,Apparel,Topwear,Shirts,Blue,Fall,2011,Casual,Indigo Nation Men Blue Check Shirt,c:\Users\LEGION\Documents\jupyter_notebook\Fashion-Intelligence-System\A2_FashionDataset\FashionDataset\train\images_train\8727.jpg,False
9619,2b9e302fba64146691be15f67e545917,657f738752891630e5ca67f4a09e2593,True,False,Men,Apparel,Topwear,Shirts,Yellow,Fall,2011,Casual,Indigo Nation Men Checks Blue Shirt,c:\Users\LEGION\Documents\jupyter_notebook\Fashion-Intelligence-System\A2_FashionDataset\FashionDataset\train\images_train\9619.jpg,False
8728,0dcc156a854be119269fb3c3660481c5,74078b7b09b9023f5bc37180657d4c6e,True,False,Men,Apparel,Topwear,Shirts,Purple,Fall,2011,Casual,Indigo Nation Men Checks Purple Shirts,c:\Users\LEGION\Documents\jupyter_notebook\Fashion-Intelligence-System\A2_FashionDataset\FashionDataset\train\images_train\8728.jpg,False
9620,0dcc156a854be119269fb3c3660481c5,74078b7b09b9023f5bc37180657d4c6e,True,False,Men,Apparel,Topwear,Shirts,Purple,Fall,2011,Casual,Indigo Nation Men Checks Purple Shirts,c:\Users\LEGION\Documents\jupyter_notebook\Fashion-Intelligence-System\A2_FashionDataset\FashionDataset\train\images_train\9620.jpg,False
8729,76fe5b4f25b7afac6de5e6ef2ea382b9,a57c566715244e2ca23c88368951a56f,True,False,Men,Apparel,Topwear,Shirts,Green,Fall,2011,Casual,Indigo Nation Men Checks Blue Shirt,c:\Users\LEGION\Documents\jupyter_notebook\Fashion-Intelligence-System\A2_FashionDataset\FashionDataset\train\images_train\8729.jpg,False
9621,76fe5b4f25b7afac6de5e6ef2ea382b9,a57c566715244e2ca23c88368951a56f,True,False,Men,Apparel,Topwear,Shirts,Blue,Fall,2011,Casual,Indigo Nation Men Checks Blue Shirts,c:\Users\LEGION\Documents\jupyter_notebook\Fashion-Intelligence-System\A2_FashionDataset\FashionDataset\train\images_train\9621.jpg,False
8730,b9963fd8868b465d3b54b237b6817a14,2844a5efc71c78a668c0f3c19ca07959,True,False,Men,Apparel,Topwear,Shirts,Red,Fall,2011,Casual,Indigo Nation Men Striped Red Shirt,c:\Users\LEGION\Documents\jupyter_notebook\Fashion-Intelligence-System\A2_FashionDataset\FashionDataset\train\images_train\8730.jpg,False
9622,b9963fd8868b465d3b54b237b6817a14,2844a5efc71c78a668c0f3c19ca07959,True,False,Men,Apparel,Topwear,Shirts,Red,Fall,2011,Casual,Indigo Nation Men Stripes Red Grey Shirts,c:\Users\LEGION\Documents\jupyter_notebook\Fashion-Intelligence-System\A2_FashionDataset\FashionDataset\train\images_train\9622.jpg,False
8731,d3397c0ec2a4121b26e6918cf38285e3,3e09f227471bd6cbcc269e9924e1d806,True,False,Men,Apparel,Topwear,Shirts,Green,Fall,2011,Casual,Indigo Nation Men Plain Shirt Green Shirts,c:\Users\LEGION\Documents\jupyter_notebook\Fashion-Intelligence-System\A2_FashionDataset\FashionDataset\train\images_train\8731.jpg,False
9624,d3397c0ec2a4121b26e6918cf38285e3,3e09f227471bd6cbcc269e9924e1d806,True,False,Men,Apparel,Topwear,Shirts,Blue,Fall,2011,Casual,Indigo Nation Men Plain Light Blue Shirts,c:\Users\LEGION\Documents\jupyter_notebook\Fashion-Intelligence-System\A2_FashionDataset\FashionDataset\train\images_train\9624.jpg,False
8734,147f4b8916545de27851c3aa892ad075,d225e60c92566a020d5d785ecea92291,True,False,Men,Apparel,Topwear,Shirts,Purple,Fall,2011,Casual,Indigo Nation Men Striped Shirt,c:\Users\LEGION\Documents\jupyter_notebook\Fashion-Intelligence-System\A2_FashionDataset\FashionDataset\train\images_train\8734.jpg,False
9632,147f4b8916545de27851c3aa892ad075,d225e60c92566a020d5d785ecea92291,True,False,Men,Apparel,Topwear,Shirts,Black,Fall,2011,Casual,Indigo Nation Men Stripes Shirt Black Shirts,c:\Users\LEGION\Documents\jupyter_notebook\Fashion-Intelligence-System\A2_FashionDataset\FashionDataset\train\images_train\9632.jpg,False
8735,6c8fe09ac518bed7aa7cf9b1a51d6b9f,3e85ad52957426dfeb7a5079bf7f775c,True,False,Men,Apparel,Topwear,Shirts,Navy Blue,Fall,2011,Casual,Indigo Nation Men Checks Shirt Blue Shirts,c:\Users\LEGION\Documents\jupyter_notebook\Fashion-Intelligence-System\A2_FashionDataset\FashionDataset\train\images_train\8735.jpg,False
9639,6c8fe09ac518bed7aa7cf9b1a51d6b9f,3e85ad52957426dfeb7a5079bf7f775c,True,False,Men,Apparel,Topwear,Shirts,Blue,Fall,2011,Casual,Indigo Nation Men Checks Blue Shirts,c:\Users\LEGION\Documents\jupyter_notebook\Fashion-Intelligence-System\A2_FashionDataset\FashionDataset\train\images_train\9639.jpg,False
8736,75b1ee3e4e86fbe17b5bb08f65d3c29d,7aa75df7b699769a658eb53acc0c14f0,True,False,Men,Apparel,Topwear,Shirts,Blue,Fall,2011,Casual,Indigo Nation Men Checks Blue Shirts,c:\Users\LEGION\Documents\jupyter_notebook\Fashion-Intelligence-System\A2_FashionDataset\FashionDataset\train\images_train\8736.jpg,False
9640,75b1ee3e4e86fbe17b5bb08f65d3c29d,7aa75df7b699769a658eb53acc0c14f0,True,False,Men,Apparel,Topwear,Shirts,Blue,Fall,2011,Casual,Indigo Nation Men Checks Shirt Blue Shirts,c:\Users\LEGION\Documents\jupyter_notebook\Fashion-Intelligence-System\A2_FashionDataset\FashionDataset\train\images_train\9640.jpg,False
8737,09cfbf956709161193444e19b3c6999f,be82980de867e4480ec0d2ac4c1f25e8,True,False,Men,Apparel,Topwear,Shirts,White,Fall,2011,Casual,Indigo Nation Men Checks Shirt Purple Shirts,c:\Users\LEGION\Documents\jupyter_notebook\Fashion-Intelligence-System\A2_FashionDataset\FashionDataset\train\images_train\8737.jpg,False
9641,09cfbf956709161193444e19b3c6999f,be82980de867e4480ec0d2ac4c1f25e8,True,False,Men,Apparel,Topwear,Shirts,Purple,Fall,2011,Casual,Indigo Nation Men Checks Purple Shirts,c:\Users\LEGION\Documents\jupyter_notebook\Fashion-Intelligence-System\A2_FashionDataset\FashionDataset\train\images_train\9641.jpg,False
8738,b7bdd0c77fd64f7c2903dd21645c43cf,2cabf25b05aeb730cb56cf3268e06511,True,False,Men,Apparel,Topwear,Shirts,White,Fall,2011,Casual,Indigo Nation Men Checks Green Shirts,c:\Users\LEGION\Documents\jupyter_notebook\Fashion-Intelligence-System\A2_FashionDataset\FashionDataset\train\images_train\8738.jpg,False
9643,b7bdd0c77fd64f7c2903dd21645c43cf,2cabf25b05aeb730cb56cf3268e06511,True,False,Men,Apparel,Topwear,Shirts,Green,Fall,2011,Casual,Indigo Nation Men Checks Shirt Green Shirts,c:\Users\LEGION\Documents\jupyter_notebook\Fashion-Intelligence-System\A2_FashionDataset\FashionDataset\train\images_train\9643.jpg,False
8739,6ea7e7c589c5ceb9271aec036985824c,44a5a59af75e51d28a6f341248bc38ed,True,False,Men,Apparel,Topwear,Shirts,Green,Fall,2011,Casual,Indigo Nation Men Checks Shirt Green Shirts,c:\Users\LEGION\Documents\jupyter_notebook\Fashion-Intelligence-System\A2_FashionDataset\FashionDataset\train\images_train\8739.jpg,False
9644,6ea7e7c589c5ceb9271aec036985824c,44a5a59af75e51d28a6f341248bc38ed,True,False,Men,Apparel,Topwear,Shirts,Green,Fall,2011,Casual,Indigo Nation Men Checks Shirt Green Shirts,c:\Users\LEGION\Documents\jupyter_notebook\Fashion-Intelligence-System\A2_FashionDataset\FashionDataset\train\images_train\9644.jpg,False
8740,0ce06f9b6bb22086e649a52f86a95106,73204cffa5fa137fdc06d327c72a7ac8,True,False,Men,Apparel,Topwear,Shirts,Navy Blue,Fall,2011,Casual,Indigo Nation Men Checks Navy Blue Shirt,c:\Users\LEGION\Documents\jupyter_notebook\Fashion-Intelligence-System\A2_FashionDataset\FashionDataset\train\images_train\8740.jpg,False
9645,0ce06f9b6bb22086e649a52f86a95106,73204cffa5fa137fdc06d327c72a7ac8,True,False,Men,Apparel,Topwear,Shirts,Navy Blue,Fall,2011,Casual,Indigo Nation Men  Navy Blue & White Checks Shirt,c:\Users\LEGION\Documents\jupyter_notebook\Fashion-Intelligence-System\A2_FashionDataset\FashionDataset\train\images_train\9645.jpg,False
8741,aa0bd924423abaf881f95c48c0507ce7,d27518a54943fc7154d686fb3896a62f,True,False,Men,Apparel,Topwear,Shirts,Navy Blue,Fall,2011,Casual,Indigo Nation Men Checks Shirt Navy Blue Shirts,c:\Users\LEGION\Documents\jupyter_notebook\Fashion-Intelligence-System\A2_FashionDataset\FashionDataset\train\images_train\8741.jpg,False
9646,aa0bd924423abaf881f95c48c0507ce7,d27518a54943fc7154d686fb3896a62f,True,False,Men,Apparel,Topwear,Shirts,Navy Blue,Fall,2011,Casual,Indigo Nation Men Checks Shirt Navy Blue Shirts,c:\Users\LEGION\Documents\jupyter_notebook\Fashion-Intelligence-System\A2_FashionDataset\FashionDataset\train\images_train\9646.jpg,False
8742,8798ebe609dc4713ea6bd9d9080768de,0cbbe4300eedd6e2d94818a1ded432a9,True,False,Men,Apparel,Topwear,Shirts,Green,Fall,2011,Casual,Indigo Nation Men Checks Green Shirts,c:\Users\LEGION\Documents\jupyter_notebook\Fashion-Intelligence-System\A2_FashionDataset\FashionDataset\train\images_train\8742.jpg,False
9647,8798ebe609dc4713ea6bd9d9080768de,0cbbe4300eedd6e2d94818a1ded432a9,True,False,Men,Apparel,Topwear,Shirts,Green,Fall,2011,Casual,Indigo Nation Men Checks Green Shirts,c:\Users\LEGION\Documents\jupyter_notebook\Fashion-Intelligence-System\A2_FashionDataset\FashionDataset\train\images_train\9647.jpg,False
8743,b4d329bb4f24237b728391bfdfcdd6b1,34cce64ec0de9f648d46d36acce1b984,True,False,Men,Apparel,Topwear,Shirts,Green,Fall,2011,Casual,Indigo Nation Men Checks  Green Shirt,c:\Users\LEGION\Documents\jupyter_notebook\Fashion-Intelligence-System\A2_FashionDataset\FashionDataset\train\images_train\8743.jpg,False
9651,b4d329bb4f24237b728391bfdfcdd6b1,34cce64ec0de9f648d46d36acce1b984,True,False,Men,Apparel,Topwear,Shirts,Green,Fall,2011,Casual,Indigo Nation Men Checks Green Shirts,c:\Users\LEGION\Documents\jupyter_notebook\Fashion-Intelligence-System\A2_FashionDataset\FashionDataset\train\images_train\9651.jpg,False
8748,667ed996288795d8ec8cf9add0b7ca21,9e2d74a81aaca334fc8a669b1643195f,True,False,Men,Apparel,Topwear,Shirts,Orange,Fall,2011,Casual,Indigo Nation Men Plain Orange Shirts,c:\Users\LEGION\Documents\jupyter_notebook\Fashion-Intelligence-System\A2_FashionDataset\FashionDataset\train\images_train\8748.jpg,False
9627,667ed996288795d8ec8cf9add0b7ca21,9e2d74a81aaca334fc8a669b1643195f,True,False,Men,Apparel,Topwear,Shirts,Orange,Fall,2011,Casual,Indigo Nation Men Plain Shirt Orange Shirts,c:\Users\LEGION\Documents\jupyter_notebook\Fashion-Intelligence-System\A2_FashionDataset\FashionDataset\train\images_train\9627.jpg,False
8749,75377f6e4e46da782864734334b730ef,30a156b37f9f361ea1e94c0833af8146,True,False,Men,Apparel,Topwear,Shirts,Purple,Fall,2011,Casual,Indigo Nation Men Stripes Shirt Purple Shirts,c:\Users\LEGION\Documents\jupyter_notebook\Fashion-Intelligence-System\A2_FashionDataset\FashionDataset\train\images_train\8749.jpg,False
9630,75377f6e4e46da782864734334b730ef,30a156b37f9f361ea1e94c0833af8146,True,False,Men,Apparel,Topwear,Shirts,Purple,Fall,2011,Casual,Indigo Nation Men Stripes Shirt Purple Shirts,c:\Users\LEGION\Documents\jupyter_notebook\Fashion-Intelligence-System\A2_FashionDataset\FashionDataset\train\images_train\9630.jpg,False
8750,c0d5dc2159a4dbf09dd98c9cdfed99ca,083cd78182cbfd3c9313745f141bc722,True,False,Men,Apparel,Topwear,Shirts,Black,Fall,2011,Casual,Indigo Nation Men Striped Black Shirt,c:\Users\LEGION\Documents\jupyter_notebook\Fashion-Intelligence-System\A2_FashionDataset\FashionDataset\train\images_train\8750.jpg,False
9638,c0d5dc2159a4dbf09dd98c9cdfed99ca,083cd78182cbfd3c9313745f141bc722,True,False,Men,Apparel,Topwear,Shirts,Black,Fall,2011,Casual,Indigo Nation Men Striped  Black Shirt,c:\Users\LEGION\Documents\jupyter_notebook\Fashion-Intelligence-System\A2_FashionDataset\FashionDataset\train\images_train\9638.jpg,False
8751,35de1ce2e987246d61fd6d4d13d79dfc,132b229357fe009e6442c27b72157961,True,False,Men,Apparel,Topwear,Shirts,Navy Blue,Fall,2011,Casual,Indigo Nation Men Navy Blue Check Shirt,c:\Users\LEGION\Documents\jupyter_notebook\Fashion-Intelligence-System\A2_FashionDataset\FashionDataset\train\images_train\8751.jpg,False
9669,35de1ce2e987246d61fd6d4d13d79dfc,132b229357fe009e6442c27b72157961,True,False,Men,Apparel,Topwear,Shirts,Blue,Fall,2011,Casual,Indigo Nation Men Checks Blue Shirts,c:\Users\LEGION\Documents\jupyter_notebook\Fashion-Intelligence-System\A2_FashionDataset\FashionDataset\train\images_train\9669.jpg,False
8773,df3d9fadd81b37eb4f9d649aa8a53160,9b5699c72c22f1df2aae28ded553933b,True,False,Men,Apparel,Topwear,Shirts,White,Fall,2011,Casual,Indigo Nation Men Price catch Yellow Shirts,c:\Users\LEGION\Documents\jupyter_notebook\Fashion-Intelligence-System\A2_FashionDataset\FashionDataset\train\images_train\8773.jpg,False
9606,df3d9fadd81b37eb4f9d649aa8a53160,9b5699c72c22f1df2aae28ded553933b,True,False,Men,Apparel,Topwear,Shirts,Yellow,Fall,2011,Casual,Indigo Nation Men Price catch Yellow Shirts,c:\Users\LEGION\Documents\jupyter_notebook\Fashion-Intelligence-System\A2_FashionDataset\FashionDataset\train\images_train\9606.jpg,False
8774,52bc68e2579f54c9922d1a14b44a91c8,108c43aad4d5ea3596fabbe801a0304a,True,False,Men,Apparel,Topwear,Shirts,Blue,Fall,2011,Casual,Indigo Nation Men Blue Check Shirt,c:\Users\LEGION\Documents\jupyter_notebook\Fashion-Intelligence-System\A2_FashionDataset\FashionDataset\train\images_train\8774.jpg,False
9614,52bc68e2579f54c9922d1a14b44a91c8,108c43aad4d5ea3596fabbe801a0304a,True,False,Men,Apparel,Topwear,Shirts,Blue,Fall,2011,Casual,Indigo Nation Men Bwd Plaids Blue Shirts,c:\Users\LEGION\Documents\jupyter_notebook\Fashion-Intelligence-System\A2_FashionDataset\FashionDataset\train\images_train\9614.jpg,False
8775,7529c0cac1e3d8b3b3978d74dd014edc,dd754a9baa7d539d57bb2c5f8631cca6,True,False,Men,Apparel,Topwear,Shirts,Green,Fall,2011,Casual,Indigo Nation Men Bwd Plaids Green Shirts,c:\Users\LEGION\Documents\jupyter_notebook\Fashion-Intelligence-System\A2_FashionDataset\FashionDataset\train\images_train\8775.jpg,False
9617,7529c0cac1e3d8b3b3978d74dd014edc,dd754a9baa7d539d57bb2c5f8631cca6,True,False,Men,Apparel,Topwear,Shirts,Green,Fall,2011,Casual,Indigo Nation Men Bwd Plaids Green Shirts,c:\Users\LEGION\Documents\jupyter_notebook\Fashion-Intelligence-System\A2_FashionDataset\FashionDataset\train\images_train\9617.jpg,False
8776,81fb170ad9b9e1751fe253d31be48e53,656ebce4d420395644e466da02f0c85b,True,False,Men,Apparel,Topwear,Shirts,Green,Fall,2011,Casual,Indigo Nation Men Check Me Out Green Shirts,c:\Users\LEGION\Documents\jupyter_notebook\Fashion-Intelligence-System\A2_FashionDataset\FashionDataset\train\images_train\8776.jpg,False
9623,81fb170ad9b9e1751fe253d31be48e53,656ebce4d420395644e466da02f0c85b,True,False,Men,Apparel,Topwear,Shirts,Green,Fall,2011,Casual,Indigo Nation Men Striped Green Shirt,c:\Users\LEGION\Documents\jupyter_notebook\Fashion-Intelligence-System\A2_FashionDataset\FashionDataset\train\images_train\9623.jpg,False
8777,011927f27f1e2d7ada09fabf97d81c12,99cafa124479ff51d17d8cf74ef962f9,True,False,Men,Apparel,Topwear,Shirts,Blue,Fall,2011,Casual,Indigo Nation Men Price catch Blue Shirts,c:\Users\LEGION\Documents\jupyter_notebook\Fashion-Intelligence-System\A2_FashionDataset\FashionDataset\train\images_train\8777.jpg,False
9631,011927f27f1e2d7ada09fabf97d81c12,99cafa124479ff51d17d8cf74ef962f9,True,False,Men,Apparel,Topwear,Shirts,Blue,Fall,2011,Casual,Indigo Nation Men Price catch Blue Shirts,c:\Users\LEGION\Documents\jupyter_notebook\Fashion-Intelligence-System\A2_FashionDataset\FashionDataset\train\images_train\9631.jpg,False
8778,fd8ed6156a8be55852ed42e0c2a39027,7c36735308e8611c1081e03b07d616c0,True,False,Men,Apparel,Topwear,Shirts,Black,Fall,2011,Casual,Indigo Nation Men Black Striped Shirt,c:\Users\LEGION\Documents\jupyter_notebook\Fashion-Intelligence-System\A2_FashionDataset\FashionDataset\train\images_train\8778.jpg,False
9637,fd8ed6156a8be55852ed42e0c2a39027,7c36735308e8611c1081e03b07d616c0,True,False,Men,Apparel,Topwear,Shirts,Black,Fall,2011,Casual,Indigo Nation Men Hot Stepper Black Shirts,c:\Users\LEGION\Documents\jupyter_notebook\Fashion-Intelligence-System\A2_FashionDataset\FashionDataset\train\images_train\9637.jpg,False
8779,2c6701c558a2f7595355de9e5b555fe0,5ef188660212fcd654556baabd002b74,True,False,Men,Apparel,Topwear,Shirts,Navy Blue,Fall,2011,Casual,Indigo Nation Men Club Satin Hot Stepper Navy Blue Shirt,c:\Users\LEGION\Documents\jupyter_notebook\Fashion-Intelligence-System\A2_FashionDataset\FashionDataset\train\images_train\8779.jpg,False
9649,2c6701c558a2f7595355de9e5b555fe0,5ef188660212fcd654556baabd002b74,True,False,Men,Apparel,Topwear,Shirts,Blue,Fall,2011,Casual,Indigo Nation Men Club Satin Hot Stepper Blue Shirts,c:\Users\LEGION\Documents\jupyter_notebook\Fashion-Intelligence-System\A2_FashionDataset\FashionDataset\train\images_train\9649.jpg,False
8780,a041b3419f858777ff136925218ea3d3,cc87a02fd636f101d6c71d26d8f34f01,True,False,Men,Apparel,Topwear,Shirts,Purple,Fall,2011,Casual,Indigo Nation Men Club Satin Hot Stepper Purple Shirts,c:\Users\LEGION\Documents\jupyter_notebook\Fashion-Intelligence-System\A2_FashionDataset\FashionDataset\train\images_train\8780.jpg,False
9650,a041b3419f858777ff136925218ea3d3,cc87a02fd636f101d6c71d26d8f34f01,True,False,Men,Apparel,Topwear,Shirts,Purple,Fall,2011,Casual,Indigo Nation Men Club Satin Purple Shirt,c:\Users\LEGION\Documents\jupyter_notebook\Fashion-Intelligence-System\A2_FashionDataset\FashionDataset\train\images_train\9650.jpg,False
8781,3fdec8c511825bbfb8a90d4c8178876c,04d95e56d54c2307664adb3300fb020d,True,False,Men,Apparel,Topwear,Shirts,Maroon,Fall,2011,Casual,Indigo Nation Men Bling Technification Purple Shirts,c:\Users\LEGION\Documents\jupyter_notebook\Fashion-Intelligence-System\A2_FashionDataset\FashionDataset\train\images_train\8781.jpg,False
9656,3fdec8c511825bbfb8a90d4c8178876c,04d95e56d54c2307664adb3300fb020d,True,False,Men,Apparel,Topwear,Shirts,Maroon,Fall,2011,Casual,Indigo Nation Men Bling Technification Red Black Shirts,c:\Users\LEGION\Documents\jupyter_notebook\Fashion-Intelligence-System\A2_FashionDataset\FashionDataset\train\images_train\9656.jpg,False
8782,db2a1f6a2bf1022d32f2f55112cf9201,37cbb8995e4c1b257a9e2141502ceb52,True,False,Men,Apparel,Topwear,Shirts,Purple,Fall,2011,Casual,Indigo Nation Men Bling PC Purple Shirts,c:\Users\LEGION\Documents\jupyter_notebook\Fashion-Intelligence-System\A2_FashionDataset\FashionDataset\train\images_train\8782.jpg,False
9665,db2a1f6a2bf1022d32f2f55112cf9201,37cbb8995e4c1b257a9e2141502ceb52,True,False,Men,Apparel,Topwear,Shirts,Purple,Fall,2011,Casual,Indigo Nation Men Bling PC Purple Shirts,c:\Users\LEGION\Documents\jupyter_notebook\Fashion-Intelligence-System\A2_FashionDataset\FashionDataset\train\images_train\9665.jpg,False
8783,561a57bb72e34ca850a384aa4cdeced3,5126e728108e0d0e4e6b43118d067181,True,False,Men,Apparel,Topwear,Shirts,Red,Fall,2011,Casual,Indigo Nation Men Bling PC Red Shirt,c:\Users\LEGION\Documents\jupyter_notebook\Fashion-Intelligence-System\A2_FashionDataset\FashionDataset\train\images_train\8783.jpg,False
9667,561a57bb72e34ca850a384aa4cdeced3,5126e728108e0d0e4e6b43118d067181,True,False,Men,Apparel,Topwear,Shirts,Purple,Fall,2011,Casual,Indigo Nation Men Bling Red Black Shirts,c:\Users\LEGION\Documents\jupyter_notebook\Fashion-Intelligence-System\A2_FashionDataset\FashionDataset\train\images_train\9667.jpg,False
8787,51d2ced8d7f62cbcfc3489a8f90a9d4a,1590614bd8cfcdfba4c491e90293d298,True,False,Men,Apparel,Topwear,Shirts,White,Fall,2011,Formal,Indigo Nation Men Price catch Green White Shirts,c:\Users\LEGION\Documents\jupyter_notebook\Fashion-Intelligence-System\A2_FashionDataset\FashionDataset\train\images_train\8787.jpg,False
9611,51d2ced8d7f62cbcfc3489a8f90a9d4a,1590614bd8cfcdfba4c491e90293d298,True,False,Men,Apparel,Topwear,Shirts,White,Fall,2011,Formal,Indigo Nation Men Price catch Green White Shirts,c:\Users\LEGION\Documents\jupyter_notebook\Fashion-Intelligence-System\A2_FashionDataset\FashionDataset\train\images_train\9611.jpg,False
8788,2a6e206bbf024237a904e458fccca990,ca499856b396535a09dc3a4468267696,True,False,Men,Apparel,Topwear,Shirts,White,Fall,2011,Formal,Indigo Nation Men Price catch Red White Shirts,c:\Users\LEGION\Documents\jupyter_notebook\Fashion-Intelligence-System\A2_FashionDataset\FashionDataset\train\images_train\8788.jpg,False
9613,2a6e206bbf024237a904e458fccca990,ca499856b396535a09dc3a4468267696,True,False,Men,Apparel,Topwear,Shirts,White,Fall,2011,Formal,Indigo Nation Men Price catch Red White Shirts,c:\Users\LEGION\Documents\jupyter_notebook\Fashion-Intelligence-System\A2_FashionDataset\FashionDataset\train\images_train\9613.jpg,False
8789,ef35c5c946f3735d257ffafe886ea5c9,758877006e737bd2392cbfd08be7a66f,True,False,Men,Apparel,Topwear,Shirts,White,Fall,2011,Formal,Indigo Nation Men Price catch Blue White Shirts,c:\Users\LEGION\Documents\jupyter_notebook\Fashion-Intelligence-System\A2_FashionDataset\FashionDataset\train\images_train\8789.jpg,False
9633,ef35c5c946f3735d257ffafe886ea5c9,758877006e737bd2392cbfd08be7a66f,True,False,Men,Apparel,Topwear,Shirts,White,Fall,2011,Formal,Indigo Nation Men Price catch Blue White Shirts,c:\Users\LEGION\Documents\jupyter_notebook\Fashion-Intelligence-System\A2_FashionDataset\FashionDataset\train\images_train\9633.jpg,False
8790,f9b48a7da6ce90e9855143342932cd4e,4315ff42eb20852bda71618fcd6df577,True,False,Men,Apparel,Topwear,Shirts,White,Fall,2011,Formal,Indigo Nation Men Price catch Black White Shirts,c:\Users\LEGION\Documents\jupyter_notebook\Fashion-Intelligence-System\A2_FashionDataset\FashionDataset\train\images_train\8790.jpg,False
9634,f9b48a7da6ce90e9855143342932cd4e,4315ff42eb20852bda71618fcd6df577,True,False,Men,Apparel,Topwear,Shirts,White,Fall,2011,Formal,Indigo Nation Men Price catch Black White Shirts,c:\Users\LEGION\Documents\jupyter_notebook\Fashion-Intelligence-System\A2_FashionDataset\FashionDataset\train\images_train\9634.jpg,False
8791,55e0773e86114828ad678799668305ac,8610c4ed7d71cf3f2dad3986f88eff5b,True,False,Men,Apparel,Topwear,Shirts,Blue,Fall,2011,Formal,Indigo Nation Men Price catch Blue White Shirts,c:\Users\LEGION\Documents\jupyter_notebook\Fashion-Intelligence-System\A2_FashionDataset\FashionDataset\train\images_train\8791.jpg,False
9635,55e0773e86114828ad678799668305ac,8610c4ed7d71cf3f2dad3986f88eff5b,True,False,Men,Apparel,Topwear,Shirts,White,Fall,2011,Formal,Indigo Nation Men Price catch Blue White Shirts,c:\Users\LEGION\Documents\jupyter_notebook\Fashion-Intelligence-System\A2_FashionDataset\FashionDataset\train\images_train\9635.jpg,False
8792,4b94157f9920d9c2d3bffa2f2f638cb6,a427e95b1108bb229bcb389447c1641f,True,False,Men,Apparel,Topwear,Shirts,White,Fall,2011,Formal,Indigo Nation Men Price catch Black White Shirts,c:\Users\LEGION\Documents\jupyter_notebook\Fashion-Intelligence-System\A2_FashionDataset\FashionDataset\train\images_train\8792.jpg,False
9642,4b94157f9920d9c2d3bffa2f2f638cb6,a427e95b1108bb229bcb389447c1641f,True,False,Men,Apparel,Topwear,Shirts,White,Fall,2011,Formal,Indigo Nation Men Price catch Black White Shirts,c:\Users\LEGION\Documents\jupyter_notebook\Fashion-Intelligence-System\A2_FashionDataset\FashionDataset\train\images_train\9642.jpg,False
8895,f681854488e02f4d7670cea2861fea0d,c19761568102376a43f6941e1725690e,True,False,Men,Apparel,Topwear,Shirts,Black,Fall,2011,Casual,Indigo Nation Men Bling Black Shirts,c:\Users\LEGION\Documents\jupyter_notebook\Fashion-Intelligence-System\A2_FashionDataset\FashionDataset\train\images_train\8895.jpg,False
9652,f681854488e02f4d7670cea2861fea0d,c19761568102376a43f6941e1725690e,True,False,Men,Apparel,Topwear,Shirts,Black,Fall,2011,Casual,Indigo Nation Men Bling Black Shirts,c:\Users\LEGION\Documents\jupyter_notebook\Fashion-Intelligence-System\A2_FashionDataset\FashionDataset\train\images_train\9652.jpg,False
8896,fbf0b4cd043f453abfe4a1f2c5108b66,03833e2b607d69c12d962c2ce8aaaf23,True,False,Men,Apparel,Topwear,Shirts,Purple,Fall,2011,Casual,Indigo Nation Men Bling Purple Shirt,c:\Users\LEGION\Documents\jupyter_notebook\Fashion-Intelligence-System\A2_FashionDataset\FashionDataset\train\images_train\8896.jpg,False
9653,fbf0b4cd043f453abfe4a1f2c5108b66,03833e2b607d69c12d962c2ce8aaaf23,True,False,Men,Apparel,Topwear,Shirts,Purple,Fall,2011,Casual,Indigo Nation Men Bling Purple Shirts,c:\Users\LEGION\Documents\jupyter_notebook\Fashion-Intelligence-System\A2_FashionDataset\FashionDataset\train\images_train\9653.jpg,False
8897,1ba1ca6e4c42dfe39416a3a5a0652eee,c0639ce3092e3645bfc1e146899a94cc,True,False,Men,Apparel,Topwear,Shirts,Blue,Fall,2011,Casual,Indigo Nation Men Bling Blue Shirt,c:\Users\LEGION\Documents\jupyter_notebook\Fashion-Intelligence-System\A2_FashionDataset\FashionDataset\train\images_train\8897.jpg,False
9654,1ba1ca6e4c42dfe39416a3a5a0652eee,c0639ce3092e3645bfc1e146899a94cc,True,False,Men,Apparel,Topwear,Shirts,Blue,Fall,2011,Casual,Indigo Nation Men Bling  Blue Shirt,c:\Users\LEGION\Documents\jupyter_notebook\Fashion-Intelligence-System\A2_FashionDataset\FashionDataset\train\images_train\9654.jpg,False
8898,54d539612f9255edb2ccf41b4c0d07aa,7521258386cde08981a45ff93edcd4d8,True,False,Men,Apparel,Topwear,Shirts,Blue,Fall,2011,Casual,Indigo Nation Men Bling Blue Shirts,c:\Users\LEGION\Documents\jupyter_notebook\Fashion-Intelligence-System\A2_FashionDataset\FashionDataset\train\images_train\8898.jpg,False
9655,54d539612f9255edb2ccf41b4c0d07aa,7521258386cde08981a45ff93edcd4d8,True,False,Men,Apparel,Topwear,Shirts,Blue,Fall,2011,Casual,Indigo Nation Men Bling Blue Shirts,c:\Users\LEGION\Documents\jupyter_notebook\Fashion-Intelligence-System\A2_FashionDataset\FashionDataset\train\images_train\9655.jpg,False
8899,e32a8ba4b15ca7665288123644f176d8,c03048c980ee19100af8f14bbca79ce3,True,False,Men,Apparel,Topwear,Shirts,Red,Fall,2011,Casual,Indigo Nation Men Bling Red Shirts,c:\Users\LEGION\Documents\jupyter_notebook\Fashion-Intelligence-System\A2_FashionDataset\FashionDataset\train\images_train\8899.jpg,False
9664,e32a8ba4b15ca7665288123644f176d8,c03048c980ee19100af8f14bbca79ce3,True,False,Men,Apparel,Topwear,Shirts,Maroon,Fall,2011,Casual,Indigo Nation Men Bling Maroon Shirt,c:\Users\LEGION\Documents\jupyter_notebook\Fashion-Intelligence-System\A2_FashionDataset\FashionDataset\train\images_train\9664.jpg,False
8900,e73f9c7400f89d8bdc08af2353d67d95,9f25305a9f2e05276eb5a2396f3795be,True,False,Men,Apparel,Topwear,Shirts,Blue,Fall,2011,Casual,Indigo Nation Men Bling Blue Shirts,c:\Users\LEGION\Documents\jupyter_notebook\Fashion-Intelligence-System\A2_FashionDataset\FashionDataset\train\images_train\8900.jpg,False
9666,e73f9c7400f89d8bdc08af2353d67d95,9f25305a9f2e05276eb5a2396f3795be,True,False,Men,Apparel,Topwear,Shirts,Blue,Fall,2011,Casual,Indigo Nation Men Bling Blue Shirts,c:\Users\LEGION\Documents\jupyter_notebook\Fashion-Intelligence-System\A2_FashionDataset\FashionDataset\train\images_train\9666.jpg,False
8939,dd7f5acbc3578868bb102ca7a11245af,5e3ab19e894e999ee2dc540f8b9a540e,True,False,Men,Apparel,Topwear,Shirts,Red,Fall,2011,Casual,Indigo Nation Men Reversible Bling Red Shirts,c:\Users\LEGION\Documents\jupyter_notebook\Fashion-Intelligence-System\A2_FashionDataset\FashionDataset\train\images_train\8939.jpg,False
9657,dd7f5acbc3578868bb102ca7a11245af,5e3ab19e894e999ee2dc540f8b9a540e,True,False,Men,Apparel,Topwear,Shirts,Red,Fall,2011,Casual,Indigo Nation Men Reversible Bling Red Shirts,c:\Users\LEGION\Documents\jupyter_notebook\Fashion-Intelligence-System\A2_FashionDataset\FashionDataset\train\images_train\9657.jpg,False
8940,4cf71551a629e6423b6987a7fa57c3b4,95b67b211aa3599618652534bfa3932d,True,False,Men,Apparel,Topwear,Shirts,Red,Fall,2011,Casual,Indigo Nation Men Reversible Bling Red Shirts,c:\Users\LEGION\Documents\jupyter_notebook\Fashion-Intelligence-System\A2_FashionDataset\FashionDataset\train\images_train\8940.jpg,False
9658,4cf71551a629e6423b6987a7fa57c3b4,95b67b211aa3599618652534bfa3932d,True,False,Men,Apparel,Topwear,Shirts,Maroon,Fall,2011,Casual,Indigo Nation Men Reversible Bling Maroon Shirt,c:\Users\LEGION\Documents\jupyter_notebook\Fashion-Intelligence-System\A2_FashionDataset\FashionDataset\train\images_train\9658.jpg,False
8941,aee34492ec415b5b6800b49e033a39d2,2f88db916ab24aefe4a013def0ec90f9,True,False,Men,Apparel,Topwear,Shirts,Blue,Fall,2011,Casual,Indigo Nation Men Reversible Bling Blue Shirts,c:\Users\LEGION\Documents\jupyter_notebook\Fashion-Intelligence-System\A2_FashionDataset\FashionDataset\train\images_train\8941.jpg,False
9659,aee34492ec415b5b6800b49e033a39d2,2f88db916ab24aefe4a013def0ec90f9,True,False,Men,Apparel,Topwear,Shirts,Blue,Fall,2011,Casual,Indigo Nation Men Reversible Bling Blue Shirts,c:\Users\LEGION\Documents\jupyter_notebook\Fashion-Intelligence-System\A2_FashionDataset\FashionDataset\train\images_train\9659.jpg,False
8942,e51a835f77576dd591d484ad8e515785,5961ac38a734cfe26006ead693107fc7,True,False,Men,Apparel,Topwear,Shirts,Pink,Fall,2011,Casual,Indigo Nation Men Reversible Bling Pink Shirts,c:\Users\LEGION\Documents\jupyter_notebook\Fashion-Intelligence-System\A2_FashionDataset\FashionDataset\train\images_train\8942.jpg,False
9660,e51a835f77576dd591d484ad8e515785,5961ac38a734cfe26006ead693107fc7,True,False,Men,Apparel,Topwear,Shirts,Pink,Fall,2011,Casual,Indigo Nation Men Reversible Bling Pink Shirts,c:\Users\LEGION\Documents\jupyter_notebook\Fashion-Intelligence-System\A2_FashionDataset\FashionDataset\train\images_train\9660.jpg,False
8943,052a8063a1738d7e8f6ce12d978586f7,04fcde8e77c0fd457aecd2b48fac36c9,True,False,Men,Apparel,Topwear,Shirts,Blue,Fall,2011,Casual,Indigo Nation Men Reversible Bling Blue Shirts,c:\Users\LEGION\Documents\jupyter_notebook\Fashion-Intelligence-System\A2_FashionDataset\FashionDataset\train\images_train\8943.jpg,False
9661,052a8063a1738d7e8f6ce12d978586f7,04fcde8e77c0fd457aecd2b48fac36c9,True,False,Men,Apparel,Topwear,Shirts,Blue,Fall,2011,Casual,Indigo Nation Men Reversible Bling Blue Shirts,c:\Users\LEGION\Documents\jupyter_notebook\Fashion-Intelligence-System\A2_FashionDataset\FashionDataset\train\images_train\9661.jpg,False
8944,d95f117eb72bc0711af6d7734d0640db,eabfedc51b3900c70d70d4cf26122e62,True,False,Men,Apparel,Topwear,Shirts,Blue,Fall,2011,Casual,Indigo Nation Men Reversible Bling Blue Shirts,c:\Users\LEGION\Documents\jupyter_notebook\Fashion-Intelligence-System\A2_FashionDataset\FashionDataset\train\images_train\8944.jpg,False
9662,d95f117eb72bc0711af6d7734d0640db,eabfedc51b3900c70d70d4cf26122e62,True,False,Men,Apparel,Topwear,Shirts,Blue,Fall,2011,Casual,Indigo Nation Men Reversible Bling Blue Shirts,c:\Users\LEGION\Documents\jupyter_notebook\Fashion-Intelligence-System\A2_FashionDataset\FashionDataset\train\images_train\9662.jpg,False
9270,62d29672dbe6e74e7ebf2913dcda6d66,0f144c766280f5a8adee5820667089ed,True,False,Men,Apparel,Topwear,Shirts,Maroon,Fall,2011,Formal,Indigo Nation Men Maroon Shirt,c:\Users\LEGION\Documents\jupyter_notebook\Fashion-Intelligence-System\A2_FashionDataset\FashionDataset\train\images_train\9270.jpg,False
9648,62d29672dbe6e74e7ebf2913dcda6d66,0f144c766280f5a8adee5820667089ed,True,False,Men,Apparel,Topwear,Shirts,Maroon,Fall,2011,Formal,Indigo Nation Men Mar Maroon Shirts,c:\Users\LEGION\Documents\jupyter_notebook\Fashion-Intelligence-System\A2_FashionDataset\FashionDataset\train\images_train\9648.jpg,False
9416,7ce1d7d741b323784c5d22d5b6dfa5aa,d383830d5d47afc5c101429aa171d19e,True,False,Men,Apparel,Topwear,Shirts,Black,Fall,2011,Formal,John Miller Men Black grey Stripes Black Shirts,c:\Users\LEGION\Documents\jupyter_notebook\Fashion-Intelligence-System\A2_FashionDataset\FashionDataset\train\images_train\9416.jpg,False
9417,7ce1d7d741b323784c5d22d5b6dfa5aa,d383830d5d47afc5c101429aa171d19e,True,False,Men,Apparel,Topwear,Shirts,Black,Fall,2011,Formal,John Miller Men Black & Grey Striped Shirt,c:\Users\LEGION\Documents\jupyter_notebook\Fashion-Intelligence-System\A2_FashionDataset\FashionDataset\train\images_train\9417.jpg,False
9418,6cf64f5b1148ea1490667ebcb03197f7,8f5452798b35ec59a6e64f9d9d91a0ee,True,False,Men,Apparel,Topwear,Shirts,Grey,Fall,2011,Formal,John Miller Men grey stripe Grey Shirts,c:\Users\LEGION\Documents\jupyter_notebook\Fashion-Intelligence-System\A2_FashionDataset\FashionDataset\train\images_train\9418.jpg,False
9419,6cf64f5b1148ea1490667ebcb03197f7,8f5452798b35ec59a6e64f9d9d91a0ee,True,False,Men,Apparel,Topwear,Shirts,Grey,Fall,2011,Formal,John Miller Men grey stripe Grey Shirts,c:\Users\LEGION\Documents\jupyter_notebook\Fashion-Intelligence-System\A2_FashionDataset\FashionDataset\train\images_train\9419.jpg,False
9420,dd3457be4f048ed4da6da9244ac2a6c1,847b2c4a0ecaa32202d6f8c6d93bc35d,True,False,Men,Apparel,Topwear,Shirts,Maroon,Fall,2011,Formal,John Miller Men Maroon grey Stripe Maroon Shirts,c:\Users\LEGION\Documents\jupyter_notebook\Fashion-Intelligence-System\A2_FashionDataset\FashionDataset\train\images_train\9420.jpg,False
9421,dd3457be4f048ed4da6da9244ac2a6c1,847b2c4a0ecaa32202d6f8c6d93bc35d,True,False,Men,Apparel,Topwear,Shirts,Maroon,Fall,2011,Formal,John Miller Men Maroon Striped Shirt,c:\Users\LEGION\Documents\jupyter_notebook\Fashion-Intelligence-System\A2_FashionDataset\FashionDataset\train\images_train\9421.jpg,False
9422,9ac60301062ffa0d5be149a6ae1f7ca1,1d747008d868c7182164962658cd3cb2,True,False,Men,Apparel,Topwear,Shirts,Black,Fall,2011,Formal,John Miller Men Blue black stripe Black Shirts,c:\Users\LEGION\Documents\jupyter_notebook\Fashion-Intelligence-System\A2_FashionDataset\FashionDataset\train\images_train\9422.jpg,False
9423,9ac60301062ffa0d5be149a6ae1f7ca1,1d747008d868c7182164962658cd3cb2,True,False,Men,Apparel,Topwear,Shirts,Black,Fall,2011,Formal,John Miller Men Blue stripe Black Shirts,c:\Users\LEGION\Documents\jupyter_notebook\Fashion-Intelligence-System\A2_FashionDataset\FashionDataset\train\images_train\9423.jpg,False
9424,2533a6733ba2202902cf9f8837c41e82,7435e469e4fa6c11f885ace62702d06b,True,False,Men,Apparel,Topwear,Shirts,Purple,Fall,2011,Formal,John Miller Men Purple Fila-Fil Purple Shirts,c:\Users\LEGION\Documents\jupyter_notebook\Fashion-Intelligence-System\A2_FashionDataset\FashionDataset\train\images_train\9424.jpg,False
9425,2533a6733ba2202902cf9f8837c41e82,7435e469e4fa6c11f885ace62702d06b,True,False,Men,Apparel,Topwear,Shirts,Purple,Fall,2011,Formal,John Miller Men Purple Fila-Fil Shirts,c:\Users\LEGION\Documents\jupyter_notebook\Fashion-Intelligence-System\A2_FashionDataset\FashionDataset\train\images_train\9425.jpg,False
9426,604a88d06ef4a269417eb4a58c56549e,ffa8ac2d95b16d91c2dc9512938f753e,True,False,Men,Apparel,Topwear,Shirts,Grey,Fall,2011,Formal,John Miller Men Solid Grey Shirt,c:\Users\LEGION\Documents\jupyter_notebook\Fashion-Intelligence-System\A2_FashionDataset\FashionDataset\train\images_train\9426.jpg,False
9427,604a88d06ef4a269417eb4a58c56549e,ffa8ac2d95b16d91c2dc9512938f753e,True,False,Men,Apparel,Topwear,Shirts,Grey,Fall,2011,Formal,John Miller Men Solid Grey Shirt,c:\Users\LEGION\Documents\jupyter_notebook\Fashion-Intelligence-System\A2_FashionDataset\FashionDataset\train\images_train\9427.jpg,False
9449,6a92968006c9586d71800c1c269b5cd7,9bae9b2016db2526a925b1b2a4ec4972,True,False,Men,Apparel,Topwear,Shirts,Purple,Fall,2011,Formal,John Miller Men white stripe Blue Shirts,c:\Users\LEGION\Documents\jupyter_notebook\Fashion-Intelligence-System\A2_FashionDataset\FashionDataset\train\images_train\9449.jpg,False
9450,6a92968006c9586d71800c1c269b5cd7,9bae9b2016db2526a925b1b2a4ec4972,True,False,Men,Apparel,Topwear,Shirts,White,Fall,2011,Formal,John Miller Men White & Blue Shirt,c:\Users\LEGION\Documents\jupyter_notebook\Fashion-Intelligence-System\A2_FashionDataset\FashionDataset\train\images_train\9450.jpg,False
9451,69af976de426bba1eb998a6adfcefeef,c6c8272595f4873b78b594e58ce7299c,True,False,Men,Apparel,Topwear,Shirts,Red,Fall,2011,Formal,John Miller Men Stripes White Red Shirts,c:\Users\LEGION\Documents\jupyter_notebook\Fashion-Intelligence-System\A2_FashionDataset\FashionDataset\train\images_train\9451.jpg,False
9452,69af976de426bba1eb998a6adfcefeef,c6c8272595f4873b78b594e58ce7299c,True,False,Men,Apparel,Topwear,Shirts,Red,Fall,2011,Formal,John Miller Men Stripes White Red Shirts,c:\Users\LEGION\Documents\jupyter_notebook\Fashion-Intelligence-System\A2_FashionDataset\FashionDataset\train\images_train\9452.jpg,False
9453,aff57af7967283b5d46517f1a7adf397,1ab471faa979fb46ab538c5d12e716c5,True,False,Men,Apparel,Topwear,Shirts,Blue,Fall,2011,Formal,John Miller Men White checks Blue Shirts,c:\Users\LEGION\Documents\jupyter_notebook\Fashion-Intelligence-System\A2_FashionDataset\FashionDataset\train\images_train\9453.jpg,False
9454,aff57af7967283b5d46517f1a7adf397,1ab471faa979fb46ab538c5d12e716c5,True,False,Men,Apparel,Topwear,Shirts,White,Fall,2011,Formal,John Miller Men White Check Shirt,c:\Users\LEGION\Documents\jupyter_notebook\Fashion-Intelligence-System\A2_FashionDataset\FashionDataset\train\images_train\9454.jpg,False
9455,6fbe8c549fe2b622551d808d290719c3,8839c8b0dee8d1018b76a7b2fb17b2d3,True,False,Men,Apparel,Topwear,Shirts,Red,Fall,2011,Formal,John Miller Men Red Striped Shirt,c:\Users\LEGION\Documents\jupyter_notebook\Fashion-Intelligence-System\A2_FashionDataset\FashionDataset\train\images_train\9455.jpg,False
9456,6fbe8c549fe2b622551d808d290719c3,8839c8b0dee8d1018b76a7b2fb17b2d3,True,False,Men,Apparel,Topwear,Shirts,Red,Fall,2011,Formal,John Miller Men Red White stripe Red Shirts,c:\Users\LEGION\Documents\jupyter_notebook\Fashion-Intelligence-System\A2_FashionDataset\FashionDataset\train\images_train\9456.jpg,False
9457,3e3b198e57a06c59ce2d1e65f4121dce,62f13d9a154c662db394ba39f47a27f6,True,False,Men,Apparel,Topwear,Shirts,Red,Fall,2011,Formal,John Miller Men Red white Shirts,c:\Users\LEGION\Documents\jupyter_notebook\Fashion-Intelligence-System\A2_FashionDataset\FashionDataset\train\images_train\9457.jpg,False
9458,3e3b198e57a06c59ce2d1e65f4121dce,62f13d9a154c662db394ba39f47a27f6,True,False,Men,Apparel,Topwear,Shirts,Red,Fall,2011,Formal,John Miller Men Red white Red Shirts,c:\Users\LEGION\Documents\jupyter_notebook\Fashion-Intelligence-System\A2_FashionDataset\FashionDataset\train\images_train\9458.jpg,False
9461,29fad72d7ffdeaf80dfaa2c19c171028,7eee824dc00fb3a9f7e80426ac850cb0,True,False,Men,Apparel,Topwear,Shirts,White,Fall,2011,Formal,John Miller Men White & Black Checked Shirt,c:\Users\LEGION\Documents\jupyter_notebook\Fashion-Intelligence-System\A2_FashionDataset\FashionDataset\train\images_train\9461.jpg,False
9462,29fad72d7ffdeaf80dfaa2c19c171028,7eee824dc00fb3a9f7e80426ac850cb0,True,False,Men,Apparel,Topwear,Shirts,White,Fall,2011,Formal,John Miller Men White Check Shirt,c:\Users\LEGION\Documents\jupyter_notebook\Fashion-Intelligence-System\A2_FashionDataset\FashionDataset\train\images_train\9462.jpg,False
9463,8de48f4dffe0f42eda918229edb738ca,19723431ddcbc52c1dc087762e91e210,True,False,Men,Apparel,Topwear,Shirts,White,Fall,2011,Formal,John Miller Men White Shirt,c:\Users\LEGION\Documents\jupyter_notebook\Fashion-Intelligence-System\A2_FashionDataset\FashionDataset\train\images_train\9463.jpg,False
9464,8de48f4dffe0f42eda918229edb738ca,19723431ddcbc52c1dc087762e91e210,True,False,Men,Apparel,Topwear,Shirts,White,Fall,2011,Formal,John Miller Men  White Shirt,c:\Users\LEGION\Documents\jupyter_notebook\Fashion-Intelligence-System\A2_FashionDataset\FashionDataset\train\images_train\9464.jpg,False
9465,902707fa3296d40ea7fc4c37bf241b9c,67fd0bedd10662adfc58552d60117895,True,False,Men,Apparel,Topwear,Shirts,White,Fall,2011,Formal,John Miller Men White Self Structure Shirts,c:\Users\LEGION\Documents\jupyter_notebook\Fashion-Intelligence-System\A2_FashionDataset\FashionDataset\train\images_train\9465.jpg,False
9466,902707fa3296d40ea7fc4c37bf241b9c,67fd0bedd10662adfc58552d60117895,True,False,Men,Apparel,Topwear,Shirts,White,Fall,2011,Formal,John Miller Men Self Structure White Shirt,c:\Users\LEGION\Documents\jupyter_notebook\Fashion-Intelligence-System\A2_FashionDataset\FashionDataset\train\images_train\9466.jpg,False
9469,e61c577a33b74295a7cbcb1d14def274,cea4ddaced8f3ec638057b1ff0c40b9a,True,False,Men,Apparel,Topwear,Shirts,White,Fall,2011,Formal,John Miller Men White Shirt,c:\Users\LEGION\Documents\jupyter_notebook\Fashion-Intelligence-System\A2_FashionDataset\FashionDataset\train\images_train\9469.jpg,False
9470,e61c577a33b74295a7cbcb1d14def274,cea4ddaced8f3ec638057b1ff0c40b9a,True,False,Men,Apparel,Topwear,Shirts,White,Fall,2011,Formal,John Miller Men Solid White White Shirts,c:\Users\LEGION\Documents\jupyter_notebook\Fashion-Intelligence-System\A2_FashionDataset\FashionDataset\train\images_train\9470.jpg,False
9471,9abd4a1980b59128232c1644ba4de564,0a2623216732722cb469b2c5fdd3740a,True,False,Men,Apparel,Topwear,Shirts,Blue,Fall,2011,Formal,John Miller Men Blue stripes Shirts,c:\Users\LEGION\Documents\jupyter_notebook\Fashion-Intelligence-System\A2_FashionDataset\FashionDataset\train\images_train\9471.jpg,False
9472,9abd4a1980b59128232c1644ba4de564,0a2623216732722cb469b2c5fdd3740a,True,False,Men,Apparel,Topwear,Shirts,Blue,Fall,2011,Formal,John Miller Men Blue stripes Blue Shirts,c:\Users\LEGION\Documents\jupyter_notebook\Fashion-Intelligence-System\A2_FashionDataset\FashionDataset\train\images_train\9472.jpg,False
9473,c873501a1b1a6ed9a66048abac658be5,f7733672c5913a6cb724e9d0d8845fbd,True,False,Men,Apparel,Topwear,Shirts,Blue,Fall,2011,Formal,John Miller Men Blue Self Design Shirt,c:\Users\LEGION\Documents\jupyter_notebook\Fashion-Intelligence-System\A2_FashionDataset\FashionDataset\train\images_train\9473.jpg,False
9474,c873501a1b1a6ed9a66048abac658be5,f7733672c5913a6cb724e9d0d8845fbd,True,False,Men,Apparel,Topwear,Shirts,Blue,Fall,2011,Formal,John Miller Men Blue Self Design Blue Shirts,c:\Users\LEGION\Documents\jupyter_notebook\Fashion-Intelligence-System\A2_FashionDataset\FashionDataset\train\images_train\9474.jpg,False
9475,2925fa4608e7d196c94b853a2821d639,99849e9f68dbbb97bec50d1f7d5c5b68,True,False,Men,Apparel,Topwear,Shirts,Blue,Fall,2011,Formal,John Miller Men Blue Check Shirt,c:\Users\LEGION\Documents\jupyter_notebook\Fashion-Intelligence-System\A2_FashionDataset\FashionDataset\train\images_train\9475.jpg,False
9476,2925fa4608e7d196c94b853a2821d639,99849e9f68dbbb97bec50d1f7d5c5b68,True,False,Men,Apparel,Topwear,Shirts,Blue,Fall,2011,Formal,John Miller Men Blue Check Shirt,c:\Users\LEGION\Documents\jupyter_notebook\Fashion-Intelligence-System\A2_FashionDataset\FashionDataset\train\images_train\9476.jpg,False
9477,2c59471a87f6c8c2968d533e92577333,ccb25213d0a39241b212200c6fd36e1b,True,False,Men,Apparel,Topwear,Shirts,Black,Fall,2011,Formal,John Miller Men White & Black Check Shirt,c:\Users\LEGION\Documents\jupyter_notebook\Fashion-Intelligence-System\A2_FashionDataset\FashionDataset\train\images_train\9477.jpg,False
9478,2c59471a87f6c8c2968d533e92577333,ccb25213d0a39241b212200c6fd36e1b,True,False,Men,Apparel,Topwear,Shirts,Black,Fall,2011,Formal,John Miller Men Black & White Check Shirt,c:\Users\LEGION\Documents\jupyter_notebook\Fashion-Intelligence-System\A2_FashionDataset\FashionDataset\train\images_train\9478.jpg,False
9479,a37b582cf9d3c4ef77c68669b0034d9a,4178a38cc1ba35b03643daa9c47c6aea,True,False,Men,Apparel,Topwear,Shirts,Green,Fall,2011,Formal,John Miller Men Green white check Purple Shirts,c:\Users\LEGION\Documents\jupyter_notebook\Fashion-Intelligence-System\A2_FashionDataset\FashionDataset\train\images_train\9479.jpg,False
9480,a37b582cf9d3c4ef77c68669b0034d9a,4178a38cc1ba35b03643daa9c47c6aea,True,False,Men,Apparel,Topwear,Shirts,Green,Fall,2011,Formal,John Miller Men Green white check Purple Shirts,c:\Users\LEGION\Documents\jupyter_notebook\Fashion-Intelligence-System\A2_FashionDataset\FashionDataset\train\images_train\9480.jpg,False
9481,5ac71a70952b2e11ad58e2502e037d9e,0e060b3fd3c19654808de4d4777c3a90,True,False,Men,Apparel,Topwear,Shirts,Black,Fall,2011,Formal,John Miller Men Black white small check Shirts,c:\Users\LEGION\Documents\jupyter_notebook\Fashion-Intelligence-System\A2_FashionDataset\FashionDataset\train\images_train\9481.jpg,False
9482,5ac71a70952b2e11ad58e2502e037d9e,0e060b3fd3c19654808de4d4777c3a90,True,False,Men,Apparel,Topwear,Shirts,Black,Fall,2011,Formal,John Miller Men Black white small check Shirts,c:\Users\LEGION\Documents\jupyter_notebook\Fashion-Intelligence-System\A2_FashionDataset\FashionDataset\train\images_train\9482.jpg,False
9500,dd6da524f17195e3d87ef51f23c12d15,7a3102a20c76a0195ed1e430631e2e24,True,False,Men,Apparel,Topwear,Shirts,Black,Fall,2011,Formal,John Miller Men white grey check Black Shirts,c:\Users\LEGION\Documents\jupyter_notebook\Fashion-Intelligence-System\A2_FashionDataset\FashionDataset\train\images_train\9500.jpg,False
9501,dd6da524f17195e3d87ef51f23c12d15,7a3102a20c76a0195ed1e430631e2e24,True,False,Men,Apparel,Topwear,Shirts,Black,Fall,2011,Formal,John Miller Men white black grey check Shirts,c:\Users\LEGION\Documents\jupyter_notebook\Fashion-Intelligence-System\A2_FashionDataset\FashionDataset\train\images_train\9501.jpg,False
9502,3b1cb0e400bc8cd296b539de5d652013,1f762069340487ccfaaea8c0750e1bcd,True,False,Men,Apparel,Topwear,Shirts,Red,Fall,2011,Formal,John Miller Men Cotton Blend Red Shirts,c:\Users\LEGION\Documents\jupyter_notebook\Fashion-Intelligence-System\A2_FashionDataset\FashionDataset\train\images_train\9502.jpg,False
9503,3b1cb0e400bc8cd296b539de5d652013,1f762069340487ccfaaea8c0750e1bcd,True,False,Men,Apparel,Topwear,Shirts,Peach,Fall,2011,Formal,John Miller Men Peach Shirt,c:\Users\LEGION\Documents\jupyter_notebook\Fashion-Intelligence-System\A2_FashionDataset\FashionDataset\train\images_train\9503.jpg,False
9506,97bb2efe72cb2fe7d8c4d7d92674aa9e,c963b4a566a266ab5d6ee5b9dbfbc3ad,True,False,Men,Apparel,Topwear,Shirts,White,Fall,2011,Formal,John Miller Men White Stripes Shirts,c:\Users\LEGION\Documents\jupyter_notebook\Fashion-Intelligence-System\A2_FashionDataset\FashionDataset\train\images_train\9506.jpg,False
9507,97bb2efe72cb2fe7d8c4d7d92674aa9e,c963b4a566a266ab5d6ee5b9dbfbc3ad,True,False,Men,Apparel,Topwear,Shirts,White,Fall,2011,Formal,John Miller Men Stripes White Shirts,c:\Users\LEGION\Documents\jupyter_notebook\Fashion-Intelligence-System\A2_FashionDataset\FashionDataset\train\images_train\9507.jpg,False
9519,ca49bc25bb53e54a8aabaf87fb8f303d,92f1999f5a97b4d9d3eba1425561adc9,True,False,Men,Apparel,Topwear,Shirts,Maroon,Fall,2011,Formal,John Miller Men white pink black check Maroon Shirts,c:\Users\LEGION\Documents\jupyter_notebook\Fashion-Intelligence-System\A2_FashionDataset\FashionDataset\train\images_train\9519.jpg,False
9520,ca49bc25bb53e54a8aabaf87fb8f303d,92f1999f5a97b4d9d3eba1425561adc9,True,False,Men,Apparel,Topwear,Shirts,Purple,Fall,2011,Formal,John Miller Men Purple & White Check  Shirt,c:\Users\LEGION\Documents\jupyter_notebook\Fashion-Intelligence-System\A2_FashionDataset\FashionDataset\train\images_train\9520.jpg,False
9521,79d12549372f6bf781c2f821aff55276,53b30c4e26292a379290af7738d1df07,True,False,Men,Apparel,Topwear,Shirts,Blue,Fall,2011,Formal,John Miller Men Blue Striped Shirt,c:\Users\LEGION\Documents\jupyter_notebook\Fashion-Intelligence-System\A2_FashionDataset\FashionDataset\train\images_train\9521.jpg,False
9522,79d12549372f6bf781c2f821aff55276,53b30c4e26292a379290af7738d1df07,True,False,Men,Apparel,Topwear,Shirts,Blue,Fall,2011,Formal,John Miller Men blue white stripe Blue Shirts,c:\Users\LEGION\Documents\jupyter_notebook\Fashion-Intelligence-System\A2_FashionDataset\FashionDataset\train\images_train\9522.jpg,False
9565,14735bf2244f19a44517341a671c627f,dd1abac7d6bbad162f5bade63e086d54,True,False,Men,Apparel,Topwear,Shirts,Blue,Fall,2011,Formal,John Miller Men Striped Blue Shirt,c:\Users\LEGION\Documents\jupyter_notebook\Fashion-Intelligence-System\A2_FashionDataset\FashionDataset\train\images_train\9565.jpg,False
9566,14735bf2244f19a44517341a671c627f,dd1abac7d6bbad162f5bade63e086d54,True,False,Men,Apparel,Topwear,Shirts,Blue,Fall,2011,Formal,John Miller Men Stripes Blue Blue Shirts,c:\Users\LEGION\Documents\jupyter_notebook\Fashion-Intelligence-System\A2_FashionDataset\FashionDataset\train\images_train\9566.jpg,False
9569,513b95220526589ad0e465d0e84dcb1a,8fef24bbb9b32d68ddd950e80ad4617c,True,False,Men,Apparel,Topwear,Shirts,Blue,Fall,2011,Formal,John Miller Men Solid Light Blue Shirts,c:\Users\LEGION\Documents\jupyter_notebook\Fashion-Intelligence-System\A2_FashionDataset\FashionDataset\train\images_train\9569.jpg,False
9570,513b95220526589ad0e465d0e84dcb1a,8fef24bbb9b32d68ddd950e80ad4617c,True,False,Men,Apparel,Topwear,Shirts,Blue,Fall,2011,Formal,John Miller Men Solid Light Blue Shirt,c:\Users\LEGION\Documents\jupyter_notebook\Fashion-Intelligence-System\A2_FashionDataset\FashionDataset\train\images_train\9570.jpg,False
9589,f13476341d26bd5c86ab0d60f88e9a90,a9d4106396da2c775d511bdac61ebe5d,True,False,Men,Apparel,Topwear,Shirts,White,Fall,2011,Formal,Indigo Nation Men cotton White Shirts,c:\Users\LEGION\Documents\jupyter_notebook\Fashion-Intelligence-System\A2_FashionDataset\FashionDataset\train\images_train\9589.jpg,False
9590,f13476341d26bd5c86ab0d60f88e9a90,a9d4106396da2c775d511bdac61ebe5d,True,False,Men,Apparel,Topwear,Shirts,White,Fall,2011,Formal,Indigo Nation Men cotton White Shirts,c:\Users\LEGION\Documents\jupyter_notebook\Fashion-Intelligence-System\A2_FashionDataset\FashionDataset\train\images_train\9590.jpg,False
9591,15985a7651c9aa4873131cd30bac64d5,3b1a32fcbe9cbba43d9425359837973a,True,False,Men,Apparel,Topwear,Shirts,Black,Fall,2011,Formal,Indigo Nation Men BL Black Shirts,c:\Users\LEGION\Documents\jupyter_notebook\Fashion-Intelligence-System\A2_FashionDataset\FashionDataset\train\images_train\9591.jpg,False
9592,15985a7651c9aa4873131cd30bac64d5,3b1a32fcbe9cbba43d9425359837973a,True,False,Men,Apparel,Topwear,Shirts,Black,Fall,2011,Formal,Indigo Nation Men BL Black Shirts,c:\Users\LEGION\Documents\jupyter_notebook\Fashion-Intelligence-System\A2_FashionDataset\FashionDataset\train\images_train\9592.jpg,False
9804,d6c3dec1bb4b78b2b572b9c313407a1c,8a202df2f8e4c595bcecb558572782fd,True,False,Men,Apparel,Topwear,Shirts,Black,Fall,2011,Formal,John Miller Men Black Checks Shirts,c:\Users\LEGION\Documents\jupyter_notebook\Fashion-Intelligence-System\A2_FashionDataset\FashionDataset\train\images_train\9804.jpg,False
9805,d6c3dec1bb4b78b2b572b9c313407a1c,8a202df2f8e4c595bcecb558572782fd,True,False,Men,Apparel,Topwear,Shirts,Black,Fall,2011,Formal,John Miller Men Black Checks Shirts,c:\Users\LEGION\Documents\jupyter_notebook\Fashion-Intelligence-System\A2_FashionDataset\FashionDataset\train\images_train\9805.jpg,False
9806,bda0b90dd1960019e47411153301ae7b,261c32499ed8e88615729909e68a4a7a,True,False,Men,Apparel,Topwear,Shirts,Black,Fall,2011,Formal,John Miller Men Black Checks Shirts,c:\Users\LEGION\Documents\jupyter_notebook\Fashion-Intelligence-System\A2_FashionDataset\FashionDataset\train\images_train\9806.jpg,False
9807,bda0b90dd1960019e47411153301ae7b,261c32499ed8e88615729909e68a4a7a,True,False,Men,Apparel,Topwear,Shirts,Black,Fall,2011,Formal,John Miller Men Black Checks Shirts,c:\Users\LEGION\Documents\jupyter_notebook\Fashion-Intelligence-System\A2_FashionDataset\FashionDataset\train\images_train\9807.jpg,False
9808,34a77ddad1bf1538b80ab7a897a7a7ff,f4f2c5633b7b24a28c47cf473cd13f74,True,False,Men,Apparel,Topwear,Shirts,Blue,Fall,2011,Formal,John Miller Men Blue Checks Shirts,c:\Users\LEGION\Documents\jupyter_notebook\Fashion-Intelligence-System\A2_FashionDataset\FashionDataset\train\images_train\9808.jpg,False
9809,34a77ddad1bf1538b80ab7a897a7a7ff,f4f2c5633b7b24a28c47cf473cd13f74,True,False,Men,Apparel,Topwear,Shirts,White,Fall,2011,Formal,John Miller Men White Check Shirt,c:\Users\LEGION\Documents\jupyter_notebook\Fashion-Intelligence-System\A2_FashionDataset\FashionDataset\train\images_train\9809.jpg,False
9875,764a1fbd9240cf3284f291a3761ed43e,a6c96780dde9f893c58e74daec9b6bbf,True,False,Men,Apparel,Topwear,Shirts,Purple,Fall,2011,Casual,Indigo Nation Men Price catch Purple Shirts,c:\Users\LEGION\Documents\jupyter_notebook\Fashion-Intelligence-System\A2_FashionDataset\FashionDataset\train\images_train\9875.jpg,False
9876,764a1fbd9240cf3284f291a3761ed43e,a6c96780dde9f893c58e74daec9b6bbf,True,False,Men,Apparel,Topwear,Shirts,Purple,Fall,2011,Casual,Indigo Nation Men Purple Striped Shirt,c:\Users\LEGION\Documents\jupyter_notebook\Fashion-Intelligence-System\A2_FashionDataset\FashionDataset\train\images_train\9876.jpg,False
9878,a7ad677d9efbdcc109585b504e8c8e7f,05fcaff4b82ba4dea5a97ad4b054884e,True,False,Men,Apparel,Topwear,Shirts,Blue,Fall,2011,Casual,Indigo Nation Men Hot Stepper Blue Striped Shirt,c:\Users\LEGION\Documents\jupyter_notebook\Fashion-Intelligence-System\A2_FashionDataset\FashionDataset\train\images_train\9878.jpg,False
9879,a7ad677d9efbdcc109585b504e8c8e7f,05fcaff4b82ba4dea5a97ad4b054884e,True,False,Men,Apparel,Topwear,Shirts,Blue,Fall,2011,Casual,Indigo Nation Men Hot Stepper Blue Striped Shirt,c:\Users\LEGION\Documents\jupyter_notebook\Fashion-Intelligence-System\A2_FashionDataset\FashionDataset\train\images_train\9879.jpg,False
9880,6c7cacdc4fa7418dfa5adfe71fbeee17,d9b7152feada1677ba36938238245df0,True,False,Men,Apparel,Topwear,Shirts,Black,Fall,2011,Casual,Indigo Nation Men Club Poplin Black Shirts,c:\Users\LEGION\Documents\jupyter_notebook\Fashion-Intelligence-System\A2_FashionDataset\FashionDataset\train\images_train\9880.jpg,False
9881,6c7cacdc4fa7418dfa5adfe71fbeee17,d9b7152feada1677ba36938238245df0,True,False,Men,Apparel,Topwear,Shirts,Black,Fall,2011,Casual,Indigo Nation Men Club Poplin Black Shirts,c:\Users\LEGION\Documents\jupyter_notebook\Fashion-Intelligence-System\A2_FashionDataset\FashionDataset\train\images_train\9881.jpg,False
9882,6b52d57f450c49e3ae0ffecc05607ee4,b27eca3592fee45822b3d57a3a714db8,True,False,Men,Apparel,Topwear,Shirts,Purple,Fall,2011,Casual,Indigo Nation Men Hot Stepper Purple Shirts,c:\Users\LEGION\Documents\jupyter_notebook\Fashion-Intelligence-System\A2_FashionDataset\FashionDataset\train\images_train\9882.jpg,False
9883,6b52d57f450c49e3ae0ffecc05607ee4,b27eca3592fee45822b3d57a3a714db8,True,False,Men,Apparel,Topwear,Shirts,Purple,Fall,2011,Casual,Indigo Nation Men Hot Stepper Purple Shirts,c:\Users\LEGION\Documents\jupyter_notebook\Fashion-Intelligence-System\A2_FashionDataset\FashionDataset\train\images_train\9883.jpg,False
