id,gender,articleType,season,usage,image_path
52003,,,,,c:\Users\LEGION\Documents\jupyter_notebook\Fashion-Intelligence-System\A2_FashionDataset\FashionDataset\test\images_test\52003.jpg
52007,,,,,c:\Users\LEGION\Documents\jupyter_notebook\Fashion-Intelligence-System\A2_FashionDataset\FashionDataset\test\images_test\52007.jpg
52017,,,,,c:\Users\LEGION\Documents\jupyter_notebook\Fashion-Intelligence-System\A2_FashionDataset\FashionDataset\test\images_test\52017.jpg
52021,,,,,c:\Users\LEGION\Documents\jupyter_notebook\Fashion-Intelligence-System\A2_FashionDataset\FashionDataset\test\images_test\52021.jpg
52023,,,,,c:\Users\LEGION\Documents\jupyter_notebook\Fashion-Intelligence-System\A2_FashionDataset\FashionDataset\test\images_test\52023.jpg
52026,,,,,c:\Users\LEGION\Documents\jupyter_notebook\Fashion-Intelligence-System\A2_FashionDataset\FashionDataset\test\images_test\52026.jpg
52027,,,,,c:\Users\LEGION\Documents\jupyter_notebook\Fashion-Intelligence-System\A2_FashionDataset\FashionDataset\test\images_test\52027.jpg
52028,,,,,c:\Users\LEGION\Documents\jupyter_notebook\Fashion-Intelligence-System\A2_FashionDataset\FashionDataset\test\images_test\52028.jpg
52029,,,,,c:\Users\LEGION\Documents\jupyter_notebook\Fashion-Intelligence-System\A2_FashionDataset\FashionDataset\test\images_test\52029.jpg
52030,,,,,c:\Users\LEGION\Documents\jupyter_notebook\Fashion-Intelligence-System\A2_FashionDataset\FashionDataset\test\images_test\52030.jpg
52031,,,,,c:\Users\LEGION\Documents\jupyter_notebook\Fashion-Intelligence-System\A2_FashionDataset\FashionDataset\test\images_test\52031.jpg
52032,,,,,c:\Users\LEGION\Documents\jupyter_notebook\Fashion-Intelligence-System\A2_FashionDataset\FashionDataset\test\images_test\52032.jpg
52034,,,,,c:\Users\LEGION\Documents\jupyter_notebook\Fashion-Intelligence-System\A2_FashionDataset\FashionDataset\test\images_test\52034.jpg
52042,,,,,c:\Users\LEGION\Documents\jupyter_notebook\Fashion-Intelligence-System\A2_FashionDataset\FashionDataset\test\images_test\52042.jpg
52043,,,,,c:\Users\LEGION\Documents\jupyter_notebook\Fashion-Intelligence-System\A2_FashionDataset\FashionDataset\test\images_test\52043.jpg
52044,,,,,c:\Users\LEGION\Documents\jupyter_notebook\Fashion-Intelligence-System\A2_FashionDataset\FashionDataset\test\images_test\52044.jpg
52045,,,,,c:\Users\LEGION\Documents\jupyter_notebook\Fashion-Intelligence-System\A2_FashionDataset\FashionDataset\test\images_test\52045.jpg
52049,,,,,c:\Users\LEGION\Documents\jupyter_notebook\Fashion-Intelligence-System\A2_FashionDataset\FashionDataset\test\images_test\52049.jpg
52050,,,,,c:\Users\LEGION\Documents\jupyter_notebook\Fashion-Intelligence-System\A2_FashionDataset\FashionDataset\test\images_test\52050.jpg
52051,,,,,c:\Users\LEGION\Documents\jupyter_notebook\Fashion-Intelligence-System\A2_FashionDataset\FashionDataset\test\images_test\52051.jpg
52052,,,,,c:\Users\LEGION\Documents\jupyter_notebook\Fashion-Intelligence-System\A2_FashionDataset\FashionDataset\test\images_test\52052.jpg
52053,,,,,c:\Users\LEGION\Documents\jupyter_notebook\Fashion-Intelligence-System\A2_FashionDataset\FashionDataset\test\images_test\52053.jpg
52054,,,,,c:\Users\LEGION\Documents\jupyter_notebook\Fashion-Intelligence-System\A2_FashionDataset\FashionDataset\test\images_test\52054.jpg
52055,,,,,c:\Users\LEGION\Documents\jupyter_notebook\Fashion-Intelligence-System\A2_FashionDataset\FashionDataset\test\images_test\52055.jpg
52056,,,,,c:\Users\LEGION\Documents\jupyter_notebook\Fashion-Intelligence-System\A2_FashionDataset\FashionDataset\test\images_test\52056.jpg
52057,,,,,c:\Users\LEGION\Documents\jupyter_notebook\Fashion-Intelligence-System\A2_FashionDataset\FashionDataset\test\images_test\52057.jpg
52058,,,,,c:\Users\LEGION\Documents\jupyter_notebook\Fashion-Intelligence-System\A2_FashionDataset\FashionDataset\test\images_test\52058.jpg
52059,,,,,c:\Users\LEGION\Documents\jupyter_notebook\Fashion-Intelligence-System\A2_FashionDataset\FashionDataset\test\images_test\52059.jpg
52060,,,,,c:\Users\LEGION\Documents\jupyter_notebook\Fashion-Intelligence-System\A2_FashionDataset\FashionDataset\test\images_test\52060.jpg
52061,,,,,c:\Users\LEGION\Documents\jupyter_notebook\Fashion-Intelligence-System\A2_FashionDataset\FashionDataset\test\images_test\52061.jpg
52062,,,,,c:\Users\LEGION\Documents\jupyter_notebook\Fashion-Intelligence-System\A2_FashionDataset\FashionDataset\test\images_test\52062.jpg
52063,,,,,c:\Users\LEGION\Documents\jupyter_notebook\Fashion-Intelligence-System\A2_FashionDataset\FashionDataset\test\images_test\52063.jpg
52064,,,,,c:\Users\LEGION\Documents\jupyter_notebook\Fashion-Intelligence-System\A2_FashionDataset\FashionDataset\test\images_test\52064.jpg
52065,,,,,c:\Users\LEGION\Documents\jupyter_notebook\Fashion-Intelligence-System\A2_FashionDataset\FashionDataset\test\images_test\52065.jpg
52066,,,,,c:\Users\LEGION\Documents\jupyter_notebook\Fashion-Intelligence-System\A2_FashionDataset\FashionDataset\test\images_test\52066.jpg
52067,,,,,c:\Users\LEGION\Documents\jupyter_notebook\Fashion-Intelligence-System\A2_FashionDataset\FashionDataset\test\images_test\52067.jpg
52068,,,,,c:\Users\LEGION\Documents\jupyter_notebook\Fashion-Intelligence-System\A2_FashionDataset\FashionDataset\test\images_test\52068.jpg
52069,,,,,c:\Users\LEGION\Documents\jupyter_notebook\Fashion-Intelligence-System\A2_FashionDataset\FashionDataset\test\images_test\52069.jpg
52070,,,,,c:\Users\LEGION\Documents\jupyter_notebook\Fashion-Intelligence-System\A2_FashionDataset\FashionDataset\test\images_test\52070.jpg
52071,,,,,c:\Users\LEGION\Documents\jupyter_notebook\Fashion-Intelligence-System\A2_FashionDataset\FashionDataset\test\images_test\52071.jpg
52072,,,,,c:\Users\LEGION\Documents\jupyter_notebook\Fashion-Intelligence-System\A2_FashionDataset\FashionDataset\test\images_test\52072.jpg
52073,,,,,c:\Users\LEGION\Documents\jupyter_notebook\Fashion-Intelligence-System\A2_FashionDataset\FashionDataset\test\images_test\52073.jpg
52074,,,,,c:\Users\LEGION\Documents\jupyter_notebook\Fashion-Intelligence-System\A2_FashionDataset\FashionDataset\test\images_test\52074.jpg
52075,,,,,c:\Users\LEGION\Documents\jupyter_notebook\Fashion-Intelligence-System\A2_FashionDataset\FashionDataset\test\images_test\52075.jpg
52076,,,,,c:\Users\LEGION\Documents\jupyter_notebook\Fashion-Intelligence-System\A2_FashionDataset\FashionDataset\test\images_test\52076.jpg
52077,,,,,c:\Users\LEGION\Documents\jupyter_notebook\Fashion-Intelligence-System\A2_FashionDataset\FashionDataset\test\images_test\52077.jpg
52078,,,,,c:\Users\LEGION\Documents\jupyter_notebook\Fashion-Intelligence-System\A2_FashionDataset\FashionDataset\test\images_test\52078.jpg
52079,,,,,c:\Users\LEGION\Documents\jupyter_notebook\Fashion-Intelligence-System\A2_FashionDataset\FashionDataset\test\images_test\52079.jpg
52080,,,,,c:\Users\LEGION\Documents\jupyter_notebook\Fashion-Intelligence-System\A2_FashionDataset\FashionDataset\test\images_test\52080.jpg
52081,,,,,c:\Users\LEGION\Documents\jupyter_notebook\Fashion-Intelligence-System\A2_FashionDataset\FashionDataset\test\images_test\52081.jpg
52082,,,,,c:\Users\LEGION\Documents\jupyter_notebook\Fashion-Intelligence-System\A2_FashionDataset\FashionDataset\test\images_test\52082.jpg
52083,,,,,c:\Users\LEGION\Documents\jupyter_notebook\Fashion-Intelligence-System\A2_FashionDataset\FashionDataset\test\images_test\52083.jpg
52084,,,,,c:\Users\LEGION\Documents\jupyter_notebook\Fashion-Intelligence-System\A2_FashionDataset\FashionDataset\test\images_test\52084.jpg
52085,,,,,c:\Users\LEGION\Documents\jupyter_notebook\Fashion-Intelligence-System\A2_FashionDataset\FashionDataset\test\images_test\52085.jpg
52086,,,,,c:\Users\LEGION\Documents\jupyter_notebook\Fashion-Intelligence-System\A2_FashionDataset\FashionDataset\test\images_test\52086.jpg
52087,,,,,c:\Users\LEGION\Documents\jupyter_notebook\Fashion-Intelligence-System\A2_FashionDataset\FashionDataset\test\images_test\52087.jpg
52088,,,,,c:\Users\LEGION\Documents\jupyter_notebook\Fashion-Intelligence-System\A2_FashionDataset\FashionDataset\test\images_test\52088.jpg
52089,,,,,c:\Users\LEGION\Documents\jupyter_notebook\Fashion-Intelligence-System\A2_FashionDataset\FashionDataset\test\images_test\52089.jpg
52090,,,,,c:\Users\LEGION\Documents\jupyter_notebook\Fashion-Intelligence-System\A2_FashionDataset\FashionDataset\test\images_test\52090.jpg
52091,,,,,c:\Users\LEGION\Documents\jupyter_notebook\Fashion-Intelligence-System\A2_FashionDataset\FashionDataset\test\images_test\52091.jpg
52092,,,,,c:\Users\LEGION\Documents\jupyter_notebook\Fashion-Intelligence-System\A2_FashionDataset\FashionDataset\test\images_test\52092.jpg
52093,,,,,c:\Users\LEGION\Documents\jupyter_notebook\Fashion-Intelligence-System\A2_FashionDataset\FashionDataset\test\images_test\52093.jpg
52094,,,,,c:\Users\LEGION\Documents\jupyter_notebook\Fashion-Intelligence-System\A2_FashionDataset\FashionDataset\test\images_test\52094.jpg
52095,,,,,c:\Users\LEGION\Documents\jupyter_notebook\Fashion-Intelligence-System\A2_FashionDataset\FashionDataset\test\images_test\52095.jpg
52096,,,,,c:\Users\LEGION\Documents\jupyter_notebook\Fashion-Intelligence-System\A2_FashionDataset\FashionDataset\test\images_test\52096.jpg
52097,,,,,c:\Users\LEGION\Documents\jupyter_notebook\Fashion-Intelligence-System\A2_FashionDataset\FashionDataset\test\images_test\52097.jpg
52098,,,,,c:\Users\LEGION\Documents\jupyter_notebook\Fashion-Intelligence-System\A2_FashionDataset\FashionDataset\test\images_test\52098.jpg
52099,,,,,c:\Users\LEGION\Documents\jupyter_notebook\Fashion-Intelligence-System\A2_FashionDataset\FashionDataset\test\images_test\52099.jpg
52100,,,,,c:\Users\LEGION\Documents\jupyter_notebook\Fashion-Intelligence-System\A2_FashionDataset\FashionDataset\test\images_test\52100.jpg
52101,,,,,c:\Users\LEGION\Documents\jupyter_notebook\Fashion-Intelligence-System\A2_FashionDataset\FashionDataset\test\images_test\52101.jpg
52102,,,,,c:\Users\LEGION\Documents\jupyter_notebook\Fashion-Intelligence-System\A2_FashionDataset\FashionDataset\test\images_test\52102.jpg
52103,,,,,c:\Users\LEGION\Documents\jupyter_notebook\Fashion-Intelligence-System\A2_FashionDataset\FashionDataset\test\images_test\52103.jpg
52104,,,,,c:\Users\LEGION\Documents\jupyter_notebook\Fashion-Intelligence-System\A2_FashionDataset\FashionDataset\test\images_test\52104.jpg
52105,,,,,c:\Users\LEGION\Documents\jupyter_notebook\Fashion-Intelligence-System\A2_FashionDataset\FashionDataset\test\images_test\52105.jpg
52106,,,,,c:\Users\LEGION\Documents\jupyter_notebook\Fashion-Intelligence-System\A2_FashionDataset\FashionDataset\test\images_test\52106.jpg
52107,,,,,c:\Users\LEGION\Documents\jupyter_notebook\Fashion-Intelligence-System\A2_FashionDataset\FashionDataset\test\images_test\52107.jpg
52108,,,,,c:\Users\LEGION\Documents\jupyter_notebook\Fashion-Intelligence-System\A2_FashionDataset\FashionDataset\test\images_test\52108.jpg
52109,,,,,c:\Users\LEGION\Documents\jupyter_notebook\Fashion-Intelligence-System\A2_FashionDataset\FashionDataset\test\images_test\52109.jpg
52110,,,,,c:\Users\LEGION\Documents\jupyter_notebook\Fashion-Intelligence-System\A2_FashionDataset\FashionDataset\test\images_test\52110.jpg
52111,,,,,c:\Users\LEGION\Documents\jupyter_notebook\Fashion-Intelligence-System\A2_FashionDataset\FashionDataset\test\images_test\52111.jpg
52112,,,,,c:\Users\LEGION\Documents\jupyter_notebook\Fashion-Intelligence-System\A2_FashionDataset\FashionDataset\test\images_test\52112.jpg
52113,,,,,c:\Users\LEGION\Documents\jupyter_notebook\Fashion-Intelligence-System\A2_FashionDataset\FashionDataset\test\images_test\52113.jpg
52114,,,,,c:\Users\LEGION\Documents\jupyter_notebook\Fashion-Intelligence-System\A2_FashionDataset\FashionDataset\test\images_test\52114.jpg
52115,,,,,c:\Users\LEGION\Documents\jupyter_notebook\Fashion-Intelligence-System\A2_FashionDataset\FashionDataset\test\images_test\52115.jpg
52116,,,,,c:\Users\LEGION\Documents\jupyter_notebook\Fashion-Intelligence-System\A2_FashionDataset\FashionDataset\test\images_test\52116.jpg
52117,,,,,c:\Users\LEGION\Documents\jupyter_notebook\Fashion-Intelligence-System\A2_FashionDataset\FashionDataset\test\images_test\52117.jpg
52118,,,,,c:\Users\LEGION\Documents\jupyter_notebook\Fashion-Intelligence-System\A2_FashionDataset\FashionDataset\test\images_test\52118.jpg
52119,,,,,c:\Users\LEGION\Documents\jupyter_notebook\Fashion-Intelligence-System\A2_FashionDataset\FashionDataset\test\images_test\52119.jpg
52120,,,,,c:\Users\LEGION\Documents\jupyter_notebook\Fashion-Intelligence-System\A2_FashionDataset\FashionDataset\test\images_test\52120.jpg
52121,,,,,c:\Users\LEGION\Documents\jupyter_notebook\Fashion-Intelligence-System\A2_FashionDataset\FashionDataset\test\images_test\52121.jpg
52122,,,,,c:\Users\LEGION\Documents\jupyter_notebook\Fashion-Intelligence-System\A2_FashionDataset\FashionDataset\test\images_test\52122.jpg
52123,,,,,c:\Users\LEGION\Documents\jupyter_notebook\Fashion-Intelligence-System\A2_FashionDataset\FashionDataset\test\images_test\52123.jpg
52124,,,,,c:\Users\LEGION\Documents\jupyter_notebook\Fashion-Intelligence-System\A2_FashionDataset\FashionDataset\test\images_test\52124.jpg
52125,,,,,c:\Users\LEGION\Documents\jupyter_notebook\Fashion-Intelligence-System\A2_FashionDataset\FashionDataset\test\images_test\52125.jpg
52126,,,,,c:\Users\LEGION\Documents\jupyter_notebook\Fashion-Intelligence-System\A2_FashionDataset\FashionDataset\test\images_test\52126.jpg
52127,,,,,c:\Users\LEGION\Documents\jupyter_notebook\Fashion-Intelligence-System\A2_FashionDataset\FashionDataset\test\images_test\52127.jpg
52128,,,,,c:\Users\LEGION\Documents\jupyter_notebook\Fashion-Intelligence-System\A2_FashionDataset\FashionDataset\test\images_test\52128.jpg
52129,,,,,c:\Users\LEGION\Documents\jupyter_notebook\Fashion-Intelligence-System\A2_FashionDataset\FashionDataset\test\images_test\52129.jpg
52130,,,,,c:\Users\LEGION\Documents\jupyter_notebook\Fashion-Intelligence-System\A2_FashionDataset\FashionDataset\test\images_test\52130.jpg
52131,,,,,c:\Users\LEGION\Documents\jupyter_notebook\Fashion-Intelligence-System\A2_FashionDataset\FashionDataset\test\images_test\52131.jpg
52132,,,,,c:\Users\LEGION\Documents\jupyter_notebook\Fashion-Intelligence-System\A2_FashionDataset\FashionDataset\test\images_test\52132.jpg
52133,,,,,c:\Users\LEGION\Documents\jupyter_notebook\Fashion-Intelligence-System\A2_FashionDataset\FashionDataset\test\images_test\52133.jpg
52134,,,,,c:\Users\LEGION\Documents\jupyter_notebook\Fashion-Intelligence-System\A2_FashionDataset\FashionDataset\test\images_test\52134.jpg
52135,,,,,c:\Users\LEGION\Documents\jupyter_notebook\Fashion-Intelligence-System\A2_FashionDataset\FashionDataset\test\images_test\52135.jpg
52136,,,,,c:\Users\LEGION\Documents\jupyter_notebook\Fashion-Intelligence-System\A2_FashionDataset\FashionDataset\test\images_test\52136.jpg
52137,,,,,c:\Users\LEGION\Documents\jupyter_notebook\Fashion-Intelligence-System\A2_FashionDataset\FashionDataset\test\images_test\52137.jpg
52138,,,,,c:\Users\LEGION\Documents\jupyter_notebook\Fashion-Intelligence-System\A2_FashionDataset\FashionDataset\test\images_test\52138.jpg
52139,,,,,c:\Users\LEGION\Documents\jupyter_notebook\Fashion-Intelligence-System\A2_FashionDataset\FashionDataset\test\images_test\52139.jpg
52140,,,,,c:\Users\LEGION\Documents\jupyter_notebook\Fashion-Intelligence-System\A2_FashionDataset\FashionDataset\test\images_test\52140.jpg
52141,,,,,c:\Users\LEGION\Documents\jupyter_notebook\Fashion-Intelligence-System\A2_FashionDataset\FashionDataset\test\images_test\52141.jpg
52142,,,,,c:\Users\LEGION\Documents\jupyter_notebook\Fashion-Intelligence-System\A2_FashionDataset\FashionDataset\test\images_test\52142.jpg
52143,,,,,c:\Users\LEGION\Documents\jupyter_notebook\Fashion-Intelligence-System\A2_FashionDataset\FashionDataset\test\images_test\52143.jpg
52144,,,,,c:\Users\LEGION\Documents\jupyter_notebook\Fashion-Intelligence-System\A2_FashionDataset\FashionDataset\test\images_test\52144.jpg
52145,,,,,c:\Users\LEGION\Documents\jupyter_notebook\Fashion-Intelligence-System\A2_FashionDataset\FashionDataset\test\images_test\52145.jpg
52146,,,,,c:\Users\LEGION\Documents\jupyter_notebook\Fashion-Intelligence-System\A2_FashionDataset\FashionDataset\test\images_test\52146.jpg
52147,,,,,c:\Users\LEGION\Documents\jupyter_notebook\Fashion-Intelligence-System\A2_FashionDataset\FashionDataset\test\images_test\52147.jpg
52148,,,,,c:\Users\LEGION\Documents\jupyter_notebook\Fashion-Intelligence-System\A2_FashionDataset\FashionDataset\test\images_test\52148.jpg
52149,,,,,c:\Users\LEGION\Documents\jupyter_notebook\Fashion-Intelligence-System\A2_FashionDataset\FashionDataset\test\images_test\52149.jpg
52150,,,,,c:\Users\LEGION\Documents\jupyter_notebook\Fashion-Intelligence-System\A2_FashionDataset\FashionDataset\test\images_test\52150.jpg
52151,,,,,c:\Users\LEGION\Documents\jupyter_notebook\Fashion-Intelligence-System\A2_FashionDataset\FashionDataset\test\images_test\52151.jpg
52153,,,,,c:\Users\LEGION\Documents\jupyter_notebook\Fashion-Intelligence-System\A2_FashionDataset\FashionDataset\test\images_test\52153.jpg
52154,,,,,c:\Users\LEGION\Documents\jupyter_notebook\Fashion-Intelligence-System\A2_FashionDataset\FashionDataset\test\images_test\52154.jpg
52155,,,,,c:\Users\LEGION\Documents\jupyter_notebook\Fashion-Intelligence-System\A2_FashionDataset\FashionDataset\test\images_test\52155.jpg
52156,,,,,c:\Users\LEGION\Documents\jupyter_notebook\Fashion-Intelligence-System\A2_FashionDataset\FashionDataset\test\images_test\52156.jpg
52157,,,,,c:\Users\LEGION\Documents\jupyter_notebook\Fashion-Intelligence-System\A2_FashionDataset\FashionDataset\test\images_test\52157.jpg
52158,,,,,c:\Users\LEGION\Documents\jupyter_notebook\Fashion-Intelligence-System\A2_FashionDataset\FashionDataset\test\images_test\52158.jpg
52159,,,,,c:\Users\LEGION\Documents\jupyter_notebook\Fashion-Intelligence-System\A2_FashionDataset\FashionDataset\test\images_test\52159.jpg
52160,,,,,c:\Users\LEGION\Documents\jupyter_notebook\Fashion-Intelligence-System\A2_FashionDataset\FashionDataset\test\images_test\52160.jpg
52161,,,,,c:\Users\LEGION\Documents\jupyter_notebook\Fashion-Intelligence-System\A2_FashionDataset\FashionDataset\test\images_test\52161.jpg
52162,,,,,c:\Users\LEGION\Documents\jupyter_notebook\Fashion-Intelligence-System\A2_FashionDataset\FashionDataset\test\images_test\52162.jpg
52163,,,,,c:\Users\LEGION\Documents\jupyter_notebook\Fashion-Intelligence-System\A2_FashionDataset\FashionDataset\test\images_test\52163.jpg
52164,,,,,c:\Users\LEGION\Documents\jupyter_notebook\Fashion-Intelligence-System\A2_FashionDataset\FashionDataset\test\images_test\52164.jpg
52165,,,,,c:\Users\LEGION\Documents\jupyter_notebook\Fashion-Intelligence-System\A2_FashionDataset\FashionDataset\test\images_test\52165.jpg
52166,,,,,c:\Users\LEGION\Documents\jupyter_notebook\Fashion-Intelligence-System\A2_FashionDataset\FashionDataset\test\images_test\52166.jpg
52168,,,,,c:\Users\LEGION\Documents\jupyter_notebook\Fashion-Intelligence-System\A2_FashionDataset\FashionDataset\test\images_test\52168.jpg
52169,,,,,c:\Users\LEGION\Documents\jupyter_notebook\Fashion-Intelligence-System\A2_FashionDataset\FashionDataset\test\images_test\52169.jpg
52172,,,,,c:\Users\LEGION\Documents\jupyter_notebook\Fashion-Intelligence-System\A2_FashionDataset\FashionDataset\test\images_test\52172.jpg
52173,,,,,c:\Users\LEGION\Documents\jupyter_notebook\Fashion-Intelligence-System\A2_FashionDataset\FashionDataset\test\images_test\52173.jpg
52176,,,,,c:\Users\LEGION\Documents\jupyter_notebook\Fashion-Intelligence-System\A2_FashionDataset\FashionDataset\test\images_test\52176.jpg
52177,,,,,c:\Users\LEGION\Documents\jupyter_notebook\Fashion-Intelligence-System\A2_FashionDataset\FashionDataset\test\images_test\52177.jpg
52178,,,,,c:\Users\LEGION\Documents\jupyter_notebook\Fashion-Intelligence-System\A2_FashionDataset\FashionDataset\test\images_test\52178.jpg
52179,,,,,c:\Users\LEGION\Documents\jupyter_notebook\Fashion-Intelligence-System\A2_FashionDataset\FashionDataset\test\images_test\52179.jpg
52180,,,,,c:\Users\LEGION\Documents\jupyter_notebook\Fashion-Intelligence-System\A2_FashionDataset\FashionDataset\test\images_test\52180.jpg
52181,,,,,c:\Users\LEGION\Documents\jupyter_notebook\Fashion-Intelligence-System\A2_FashionDataset\FashionDataset\test\images_test\52181.jpg
52182,,,,,c:\Users\LEGION\Documents\jupyter_notebook\Fashion-Intelligence-System\A2_FashionDataset\FashionDataset\test\images_test\52182.jpg
52183,,,,,c:\Users\LEGION\Documents\jupyter_notebook\Fashion-Intelligence-System\A2_FashionDataset\FashionDataset\test\images_test\52183.jpg
52185,,,,,c:\Users\LEGION\Documents\jupyter_notebook\Fashion-Intelligence-System\A2_FashionDataset\FashionDataset\test\images_test\52185.jpg
52186,,,,,c:\Users\LEGION\Documents\jupyter_notebook\Fashion-Intelligence-System\A2_FashionDataset\FashionDataset\test\images_test\52186.jpg
52187,,,,,c:\Users\LEGION\Documents\jupyter_notebook\Fashion-Intelligence-System\A2_FashionDataset\FashionDataset\test\images_test\52187.jpg
52190,,,,,c:\Users\LEGION\Documents\jupyter_notebook\Fashion-Intelligence-System\A2_FashionDataset\FashionDataset\test\images_test\52190.jpg
52191,,,,,c:\Users\LEGION\Documents\jupyter_notebook\Fashion-Intelligence-System\A2_FashionDataset\FashionDataset\test\images_test\52191.jpg
52193,,,,,c:\Users\LEGION\Documents\jupyter_notebook\Fashion-Intelligence-System\A2_FashionDataset\FashionDataset\test\images_test\52193.jpg
52195,,,,,c:\Users\LEGION\Documents\jupyter_notebook\Fashion-Intelligence-System\A2_FashionDataset\FashionDataset\test\images_test\52195.jpg
52198,,,,,c:\Users\LEGION\Documents\jupyter_notebook\Fashion-Intelligence-System\A2_FashionDataset\FashionDataset\test\images_test\52198.jpg
52200,,,,,c:\Users\LEGION\Documents\jupyter_notebook\Fashion-Intelligence-System\A2_FashionDataset\FashionDataset\test\images_test\52200.jpg
52202,,,,,c:\Users\LEGION\Documents\jupyter_notebook\Fashion-Intelligence-System\A2_FashionDataset\FashionDataset\test\images_test\52202.jpg
52204,,,,,c:\Users\LEGION\Documents\jupyter_notebook\Fashion-Intelligence-System\A2_FashionDataset\FashionDataset\test\images_test\52204.jpg
52205,,,,,c:\Users\LEGION\Documents\jupyter_notebook\Fashion-Intelligence-System\A2_FashionDataset\FashionDataset\test\images_test\52205.jpg
52209,,,,,c:\Users\LEGION\Documents\jupyter_notebook\Fashion-Intelligence-System\A2_FashionDataset\FashionDataset\test\images_test\52209.jpg
52210,,,,,c:\Users\LEGION\Documents\jupyter_notebook\Fashion-Intelligence-System\A2_FashionDataset\FashionDataset\test\images_test\52210.jpg
52211,,,,,c:\Users\LEGION\Documents\jupyter_notebook\Fashion-Intelligence-System\A2_FashionDataset\FashionDataset\test\images_test\52211.jpg
52214,,,,,c:\Users\LEGION\Documents\jupyter_notebook\Fashion-Intelligence-System\A2_FashionDataset\FashionDataset\test\images_test\52214.jpg
52220,,,,,c:\Users\LEGION\Documents\jupyter_notebook\Fashion-Intelligence-System\A2_FashionDataset\FashionDataset\test\images_test\52220.jpg
52221,,,,,c:\Users\LEGION\Documents\jupyter_notebook\Fashion-Intelligence-System\A2_FashionDataset\FashionDataset\test\images_test\52221.jpg
52222,,,,,c:\Users\LEGION\Documents\jupyter_notebook\Fashion-Intelligence-System\A2_FashionDataset\FashionDataset\test\images_test\52222.jpg
52223,,,,,c:\Users\LEGION\Documents\jupyter_notebook\Fashion-Intelligence-System\A2_FashionDataset\FashionDataset\test\images_test\52223.jpg
52224,,,,,c:\Users\LEGION\Documents\jupyter_notebook\Fashion-Intelligence-System\A2_FashionDataset\FashionDataset\test\images_test\52224.jpg
52225,,,,,c:\Users\LEGION\Documents\jupyter_notebook\Fashion-Intelligence-System\A2_FashionDataset\FashionDataset\test\images_test\52225.jpg
52228,,,,,c:\Users\LEGION\Documents\jupyter_notebook\Fashion-Intelligence-System\A2_FashionDataset\FashionDataset\test\images_test\52228.jpg
52230,,,,,c:\Users\LEGION\Documents\jupyter_notebook\Fashion-Intelligence-System\A2_FashionDataset\FashionDataset\test\images_test\52230.jpg
52235,,,,,c:\Users\LEGION\Documents\jupyter_notebook\Fashion-Intelligence-System\A2_FashionDataset\FashionDataset\test\images_test\52235.jpg
52254,,,,,c:\Users\LEGION\Documents\jupyter_notebook\Fashion-Intelligence-System\A2_FashionDataset\FashionDataset\test\images_test\52254.jpg
52255,,,,,c:\Users\LEGION\Documents\jupyter_notebook\Fashion-Intelligence-System\A2_FashionDataset\FashionDataset\test\images_test\52255.jpg
52256,,,,,c:\Users\LEGION\Documents\jupyter_notebook\Fashion-Intelligence-System\A2_FashionDataset\FashionDataset\test\images_test\52256.jpg
52257,,,,,c:\Users\LEGION\Documents\jupyter_notebook\Fashion-Intelligence-System\A2_FashionDataset\FashionDataset\test\images_test\52257.jpg
52299,,,,,c:\Users\LEGION\Documents\jupyter_notebook\Fashion-Intelligence-System\A2_FashionDataset\FashionDataset\test\images_test\52299.jpg
52303,,,,,c:\Users\LEGION\Documents\jupyter_notebook\Fashion-Intelligence-System\A2_FashionDataset\FashionDataset\test\images_test\52303.jpg
52304,,,,,c:\Users\LEGION\Documents\jupyter_notebook\Fashion-Intelligence-System\A2_FashionDataset\FashionDataset\test\images_test\52304.jpg
52305,,,,,c:\Users\LEGION\Documents\jupyter_notebook\Fashion-Intelligence-System\A2_FashionDataset\FashionDataset\test\images_test\52305.jpg
52306,,,,,c:\Users\LEGION\Documents\jupyter_notebook\Fashion-Intelligence-System\A2_FashionDataset\FashionDataset\test\images_test\52306.jpg
52307,,,,,c:\Users\LEGION\Documents\jupyter_notebook\Fashion-Intelligence-System\A2_FashionDataset\FashionDataset\test\images_test\52307.jpg
52308,,,,,c:\Users\LEGION\Documents\jupyter_notebook\Fashion-Intelligence-System\A2_FashionDataset\FashionDataset\test\images_test\52308.jpg
52309,,,,,c:\Users\LEGION\Documents\jupyter_notebook\Fashion-Intelligence-System\A2_FashionDataset\FashionDataset\test\images_test\52309.jpg
52310,,,,,c:\Users\LEGION\Documents\jupyter_notebook\Fashion-Intelligence-System\A2_FashionDataset\FashionDataset\test\images_test\52310.jpg
52311,,,,,c:\Users\LEGION\Documents\jupyter_notebook\Fashion-Intelligence-System\A2_FashionDataset\FashionDataset\test\images_test\52311.jpg
52312,,,,,c:\Users\LEGION\Documents\jupyter_notebook\Fashion-Intelligence-System\A2_FashionDataset\FashionDataset\test\images_test\52312.jpg
52313,,,,,c:\Users\LEGION\Documents\jupyter_notebook\Fashion-Intelligence-System\A2_FashionDataset\FashionDataset\test\images_test\52313.jpg
52314,,,,,c:\Users\LEGION\Documents\jupyter_notebook\Fashion-Intelligence-System\A2_FashionDataset\FashionDataset\test\images_test\52314.jpg
52315,,,,,c:\Users\LEGION\Documents\jupyter_notebook\Fashion-Intelligence-System\A2_FashionDataset\FashionDataset\test\images_test\52315.jpg
52316,,,,,c:\Users\LEGION\Documents\jupyter_notebook\Fashion-Intelligence-System\A2_FashionDataset\FashionDataset\test\images_test\52316.jpg
52317,,,,,c:\Users\LEGION\Documents\jupyter_notebook\Fashion-Intelligence-System\A2_FashionDataset\FashionDataset\test\images_test\52317.jpg
52318,,,,,c:\Users\LEGION\Documents\jupyter_notebook\Fashion-Intelligence-System\A2_FashionDataset\FashionDataset\test\images_test\52318.jpg
52320,,,,,c:\Users\LEGION\Documents\jupyter_notebook\Fashion-Intelligence-System\A2_FashionDataset\FashionDataset\test\images_test\52320.jpg
52322,,,,,c:\Users\LEGION\Documents\jupyter_notebook\Fashion-Intelligence-System\A2_FashionDataset\FashionDataset\test\images_test\52322.jpg
52323,,,,,c:\Users\LEGION\Documents\jupyter_notebook\Fashion-Intelligence-System\A2_FashionDataset\FashionDataset\test\images_test\52323.jpg
52324,,,,,c:\Users\LEGION\Documents\jupyter_notebook\Fashion-Intelligence-System\A2_FashionDataset\FashionDataset\test\images_test\52324.jpg
52325,,,,,c:\Users\LEGION\Documents\jupyter_notebook\Fashion-Intelligence-System\A2_FashionDataset\FashionDataset\test\images_test\52325.jpg
52326,,,,,c:\Users\LEGION\Documents\jupyter_notebook\Fashion-Intelligence-System\A2_FashionDataset\FashionDataset\test\images_test\52326.jpg
52327,,,,,c:\Users\LEGION\Documents\jupyter_notebook\Fashion-Intelligence-System\A2_FashionDataset\FashionDataset\test\images_test\52327.jpg
52328,,,,,c:\Users\LEGION\Documents\jupyter_notebook\Fashion-Intelligence-System\A2_FashionDataset\FashionDataset\test\images_test\52328.jpg
52329,,,,,c:\Users\LEGION\Documents\jupyter_notebook\Fashion-Intelligence-System\A2_FashionDataset\FashionDataset\test\images_test\52329.jpg
52330,,,,,c:\Users\LEGION\Documents\jupyter_notebook\Fashion-Intelligence-System\A2_FashionDataset\FashionDataset\test\images_test\52330.jpg
52331,,,,,c:\Users\LEGION\Documents\jupyter_notebook\Fashion-Intelligence-System\A2_FashionDataset\FashionDataset\test\images_test\52331.jpg
52332,,,,,c:\Users\LEGION\Documents\jupyter_notebook\Fashion-Intelligence-System\A2_FashionDataset\FashionDataset\test\images_test\52332.jpg
52333,,,,,c:\Users\LEGION\Documents\jupyter_notebook\Fashion-Intelligence-System\A2_FashionDataset\FashionDataset\test\images_test\52333.jpg
52334,,,,,c:\Users\LEGION\Documents\jupyter_notebook\Fashion-Intelligence-System\A2_FashionDataset\FashionDataset\test\images_test\52334.jpg
52335,,,,,c:\Users\LEGION\Documents\jupyter_notebook\Fashion-Intelligence-System\A2_FashionDataset\FashionDataset\test\images_test\52335.jpg
52336,,,,,c:\Users\LEGION\Documents\jupyter_notebook\Fashion-Intelligence-System\A2_FashionDataset\FashionDataset\test\images_test\52336.jpg
52337,,,,,c:\Users\LEGION\Documents\jupyter_notebook\Fashion-Intelligence-System\A2_FashionDataset\FashionDataset\test\images_test\52337.jpg
52338,,,,,c:\Users\LEGION\Documents\jupyter_notebook\Fashion-Intelligence-System\A2_FashionDataset\FashionDataset\test\images_test\52338.jpg
52339,,,,,c:\Users\LEGION\Documents\jupyter_notebook\Fashion-Intelligence-System\A2_FashionDataset\FashionDataset\test\images_test\52339.jpg
52340,,,,,c:\Users\LEGION\Documents\jupyter_notebook\Fashion-Intelligence-System\A2_FashionDataset\FashionDataset\test\images_test\52340.jpg
52341,,,,,c:\Users\LEGION\Documents\jupyter_notebook\Fashion-Intelligence-System\A2_FashionDataset\FashionDataset\test\images_test\52341.jpg
52342,,,,,c:\Users\LEGION\Documents\jupyter_notebook\Fashion-Intelligence-System\A2_FashionDataset\FashionDataset\test\images_test\52342.jpg
52343,,,,,c:\Users\LEGION\Documents\jupyter_notebook\Fashion-Intelligence-System\A2_FashionDataset\FashionDataset\test\images_test\52343.jpg
52344,,,,,c:\Users\LEGION\Documents\jupyter_notebook\Fashion-Intelligence-System\A2_FashionDataset\FashionDataset\test\images_test\52344.jpg
52345,,,,,c:\Users\LEGION\Documents\jupyter_notebook\Fashion-Intelligence-System\A2_FashionDataset\FashionDataset\test\images_test\52345.jpg
52346,,,,,c:\Users\LEGION\Documents\jupyter_notebook\Fashion-Intelligence-System\A2_FashionDataset\FashionDataset\test\images_test\52346.jpg
52347,,,,,c:\Users\LEGION\Documents\jupyter_notebook\Fashion-Intelligence-System\A2_FashionDataset\FashionDataset\test\images_test\52347.jpg
52348,,,,,c:\Users\LEGION\Documents\jupyter_notebook\Fashion-Intelligence-System\A2_FashionDataset\FashionDataset\test\images_test\52348.jpg
52349,,,,,c:\Users\LEGION\Documents\jupyter_notebook\Fashion-Intelligence-System\A2_FashionDataset\FashionDataset\test\images_test\52349.jpg
52350,,,,,c:\Users\LEGION\Documents\jupyter_notebook\Fashion-Intelligence-System\A2_FashionDataset\FashionDataset\test\images_test\52350.jpg
52351,,,,,c:\Users\LEGION\Documents\jupyter_notebook\Fashion-Intelligence-System\A2_FashionDataset\FashionDataset\test\images_test\52351.jpg
52352,,,,,c:\Users\LEGION\Documents\jupyter_notebook\Fashion-Intelligence-System\A2_FashionDataset\FashionDataset\test\images_test\52352.jpg
52353,,,,,c:\Users\LEGION\Documents\jupyter_notebook\Fashion-Intelligence-System\A2_FashionDataset\FashionDataset\test\images_test\52353.jpg
52354,,,,,c:\Users\LEGION\Documents\jupyter_notebook\Fashion-Intelligence-System\A2_FashionDataset\FashionDataset\test\images_test\52354.jpg
52355,,,,,c:\Users\LEGION\Documents\jupyter_notebook\Fashion-Intelligence-System\A2_FashionDataset\FashionDataset\test\images_test\52355.jpg
52356,,,,,c:\Users\LEGION\Documents\jupyter_notebook\Fashion-Intelligence-System\A2_FashionDataset\FashionDataset\test\images_test\52356.jpg
52357,,,,,c:\Users\LEGION\Documents\jupyter_notebook\Fashion-Intelligence-System\A2_FashionDataset\FashionDataset\test\images_test\52357.jpg
52358,,,,,c:\Users\LEGION\Documents\jupyter_notebook\Fashion-Intelligence-System\A2_FashionDataset\FashionDataset\test\images_test\52358.jpg
52359,,,,,c:\Users\LEGION\Documents\jupyter_notebook\Fashion-Intelligence-System\A2_FashionDataset\FashionDataset\test\images_test\52359.jpg
52360,,,,,c:\Users\LEGION\Documents\jupyter_notebook\Fashion-Intelligence-System\A2_FashionDataset\FashionDataset\test\images_test\52360.jpg
52361,,,,,c:\Users\LEGION\Documents\jupyter_notebook\Fashion-Intelligence-System\A2_FashionDataset\FashionDataset\test\images_test\52361.jpg
52362,,,,,c:\Users\LEGION\Documents\jupyter_notebook\Fashion-Intelligence-System\A2_FashionDataset\FashionDataset\test\images_test\52362.jpg
52363,,,,,c:\Users\LEGION\Documents\jupyter_notebook\Fashion-Intelligence-System\A2_FashionDataset\FashionDataset\test\images_test\52363.jpg
52364,,,,,c:\Users\LEGION\Documents\jupyter_notebook\Fashion-Intelligence-System\A2_FashionDataset\FashionDataset\test\images_test\52364.jpg
52366,,,,,c:\Users\LEGION\Documents\jupyter_notebook\Fashion-Intelligence-System\A2_FashionDataset\FashionDataset\test\images_test\52366.jpg
52367,,,,,c:\Users\LEGION\Documents\jupyter_notebook\Fashion-Intelligence-System\A2_FashionDataset\FashionDataset\test\images_test\52367.jpg
52368,,,,,c:\Users\LEGION\Documents\jupyter_notebook\Fashion-Intelligence-System\A2_FashionDataset\FashionDataset\test\images_test\52368.jpg
52369,,,,,c:\Users\LEGION\Documents\jupyter_notebook\Fashion-Intelligence-System\A2_FashionDataset\FashionDataset\test\images_test\52369.jpg
52370,,,,,c:\Users\LEGION\Documents\jupyter_notebook\Fashion-Intelligence-System\A2_FashionDataset\FashionDataset\test\images_test\52370.jpg
52371,,,,,c:\Users\LEGION\Documents\jupyter_notebook\Fashion-Intelligence-System\A2_FashionDataset\FashionDataset\test\images_test\52371.jpg
52372,,,,,c:\Users\LEGION\Documents\jupyter_notebook\Fashion-Intelligence-System\A2_FashionDataset\FashionDataset\test\images_test\52372.jpg
52373,,,,,c:\Users\LEGION\Documents\jupyter_notebook\Fashion-Intelligence-System\A2_FashionDataset\FashionDataset\test\images_test\52373.jpg
52374,,,,,c:\Users\LEGION\Documents\jupyter_notebook\Fashion-Intelligence-System\A2_FashionDataset\FashionDataset\test\images_test\52374.jpg
52375,,,,,c:\Users\LEGION\Documents\jupyter_notebook\Fashion-Intelligence-System\A2_FashionDataset\FashionDataset\test\images_test\52375.jpg
52376,,,,,c:\Users\LEGION\Documents\jupyter_notebook\Fashion-Intelligence-System\A2_FashionDataset\FashionDataset\test\images_test\52376.jpg
52377,,,,,c:\Users\LEGION\Documents\jupyter_notebook\Fashion-Intelligence-System\A2_FashionDataset\FashionDataset\test\images_test\52377.jpg
52378,,,,,c:\Users\LEGION\Documents\jupyter_notebook\Fashion-Intelligence-System\A2_FashionDataset\FashionDataset\test\images_test\52378.jpg
52379,,,,,c:\Users\LEGION\Documents\jupyter_notebook\Fashion-Intelligence-System\A2_FashionDataset\FashionDataset\test\images_test\52379.jpg
52380,,,,,c:\Users\LEGION\Documents\jupyter_notebook\Fashion-Intelligence-System\A2_FashionDataset\FashionDataset\test\images_test\52380.jpg
52381,,,,,c:\Users\LEGION\Documents\jupyter_notebook\Fashion-Intelligence-System\A2_FashionDataset\FashionDataset\test\images_test\52381.jpg
52382,,,,,c:\Users\LEGION\Documents\jupyter_notebook\Fashion-Intelligence-System\A2_FashionDataset\FashionDataset\test\images_test\52382.jpg
52383,,,,,c:\Users\LEGION\Documents\jupyter_notebook\Fashion-Intelligence-System\A2_FashionDataset\FashionDataset\test\images_test\52383.jpg
52384,,,,,c:\Users\LEGION\Documents\jupyter_notebook\Fashion-Intelligence-System\A2_FashionDataset\FashionDataset\test\images_test\52384.jpg
52385,,,,,c:\Users\LEGION\Documents\jupyter_notebook\Fashion-Intelligence-System\A2_FashionDataset\FashionDataset\test\images_test\52385.jpg
52386,,,,,c:\Users\LEGION\Documents\jupyter_notebook\Fashion-Intelligence-System\A2_FashionDataset\FashionDataset\test\images_test\52386.jpg
52387,,,,,c:\Users\LEGION\Documents\jupyter_notebook\Fashion-Intelligence-System\A2_FashionDataset\FashionDataset\test\images_test\52387.jpg
52390,,,,,c:\Users\LEGION\Documents\jupyter_notebook\Fashion-Intelligence-System\A2_FashionDataset\FashionDataset\test\images_test\52390.jpg
52391,,,,,c:\Users\LEGION\Documents\jupyter_notebook\Fashion-Intelligence-System\A2_FashionDataset\FashionDataset\test\images_test\52391.jpg
52392,,,,,c:\Users\LEGION\Documents\jupyter_notebook\Fashion-Intelligence-System\A2_FashionDataset\FashionDataset\test\images_test\52392.jpg
52393,,,,,c:\Users\LEGION\Documents\jupyter_notebook\Fashion-Intelligence-System\A2_FashionDataset\FashionDataset\test\images_test\52393.jpg
52394,,,,,c:\Users\LEGION\Documents\jupyter_notebook\Fashion-Intelligence-System\A2_FashionDataset\FashionDataset\test\images_test\52394.jpg
52395,,,,,c:\Users\LEGION\Documents\jupyter_notebook\Fashion-Intelligence-System\A2_FashionDataset\FashionDataset\test\images_test\52395.jpg
52396,,,,,c:\Users\LEGION\Documents\jupyter_notebook\Fashion-Intelligence-System\A2_FashionDataset\FashionDataset\test\images_test\52396.jpg
52397,,,,,c:\Users\LEGION\Documents\jupyter_notebook\Fashion-Intelligence-System\A2_FashionDataset\FashionDataset\test\images_test\52397.jpg
52398,,,,,c:\Users\LEGION\Documents\jupyter_notebook\Fashion-Intelligence-System\A2_FashionDataset\FashionDataset\test\images_test\52398.jpg
52399,,,,,c:\Users\LEGION\Documents\jupyter_notebook\Fashion-Intelligence-System\A2_FashionDataset\FashionDataset\test\images_test\52399.jpg
52400,,,,,c:\Users\LEGION\Documents\jupyter_notebook\Fashion-Intelligence-System\A2_FashionDataset\FashionDataset\test\images_test\52400.jpg
52401,,,,,c:\Users\LEGION\Documents\jupyter_notebook\Fashion-Intelligence-System\A2_FashionDataset\FashionDataset\test\images_test\52401.jpg
52402,,,,,c:\Users\LEGION\Documents\jupyter_notebook\Fashion-Intelligence-System\A2_FashionDataset\FashionDataset\test\images_test\52402.jpg
52403,,,,,c:\Users\LEGION\Documents\jupyter_notebook\Fashion-Intelligence-System\A2_FashionDataset\FashionDataset\test\images_test\52403.jpg
52404,,,,,c:\Users\LEGION\Documents\jupyter_notebook\Fashion-Intelligence-System\A2_FashionDataset\FashionDataset\test\images_test\52404.jpg
52405,,,,,c:\Users\LEGION\Documents\jupyter_notebook\Fashion-Intelligence-System\A2_FashionDataset\FashionDataset\test\images_test\52405.jpg
52406,,,,,c:\Users\LEGION\Documents\jupyter_notebook\Fashion-Intelligence-System\A2_FashionDataset\FashionDataset\test\images_test\52406.jpg
52407,,,,,c:\Users\LEGION\Documents\jupyter_notebook\Fashion-Intelligence-System\A2_FashionDataset\FashionDataset\test\images_test\52407.jpg
52408,,,,,c:\Users\LEGION\Documents\jupyter_notebook\Fashion-Intelligence-System\A2_FashionDataset\FashionDataset\test\images_test\52408.jpg
52409,,,,,c:\Users\LEGION\Documents\jupyter_notebook\Fashion-Intelligence-System\A2_FashionDataset\FashionDataset\test\images_test\52409.jpg
52410,,,,,c:\Users\LEGION\Documents\jupyter_notebook\Fashion-Intelligence-System\A2_FashionDataset\FashionDataset\test\images_test\52410.jpg
52411,,,,,c:\Users\LEGION\Documents\jupyter_notebook\Fashion-Intelligence-System\A2_FashionDataset\FashionDataset\test\images_test\52411.jpg
52412,,,,,c:\Users\LEGION\Documents\jupyter_notebook\Fashion-Intelligence-System\A2_FashionDataset\FashionDataset\test\images_test\52412.jpg
52413,,,,,c:\Users\LEGION\Documents\jupyter_notebook\Fashion-Intelligence-System\A2_FashionDataset\FashionDataset\test\images_test\52413.jpg
52414,,,,,c:\Users\LEGION\Documents\jupyter_notebook\Fashion-Intelligence-System\A2_FashionDataset\FashionDataset\test\images_test\52414.jpg
52415,,,,,c:\Users\LEGION\Documents\jupyter_notebook\Fashion-Intelligence-System\A2_FashionDataset\FashionDataset\test\images_test\52415.jpg
52416,,,,,c:\Users\LEGION\Documents\jupyter_notebook\Fashion-Intelligence-System\A2_FashionDataset\FashionDataset\test\images_test\52416.jpg
52417,,,,,c:\Users\LEGION\Documents\jupyter_notebook\Fashion-Intelligence-System\A2_FashionDataset\FashionDataset\test\images_test\52417.jpg
52418,,,,,c:\Users\LEGION\Documents\jupyter_notebook\Fashion-Intelligence-System\A2_FashionDataset\FashionDataset\test\images_test\52418.jpg
52419,,,,,c:\Users\LEGION\Documents\jupyter_notebook\Fashion-Intelligence-System\A2_FashionDataset\FashionDataset\test\images_test\52419.jpg
52420,,,,,c:\Users\LEGION\Documents\jupyter_notebook\Fashion-Intelligence-System\A2_FashionDataset\FashionDataset\test\images_test\52420.jpg
52421,,,,,c:\Users\LEGION\Documents\jupyter_notebook\Fashion-Intelligence-System\A2_FashionDataset\FashionDataset\test\images_test\52421.jpg
52422,,,,,c:\Users\LEGION\Documents\jupyter_notebook\Fashion-Intelligence-System\A2_FashionDataset\FashionDataset\test\images_test\52422.jpg
52423,,,,,c:\Users\LEGION\Documents\jupyter_notebook\Fashion-Intelligence-System\A2_FashionDataset\FashionDataset\test\images_test\52423.jpg
52424,,,,,c:\Users\LEGION\Documents\jupyter_notebook\Fashion-Intelligence-System\A2_FashionDataset\FashionDataset\test\images_test\52424.jpg
52425,,,,,c:\Users\LEGION\Documents\jupyter_notebook\Fashion-Intelligence-System\A2_FashionDataset\FashionDataset\test\images_test\52425.jpg
52426,,,,,c:\Users\LEGION\Documents\jupyter_notebook\Fashion-Intelligence-System\A2_FashionDataset\FashionDataset\test\images_test\52426.jpg
52427,,,,,c:\Users\LEGION\Documents\jupyter_notebook\Fashion-Intelligence-System\A2_FashionDataset\FashionDataset\test\images_test\52427.jpg
52428,,,,,c:\Users\LEGION\Documents\jupyter_notebook\Fashion-Intelligence-System\A2_FashionDataset\FashionDataset\test\images_test\52428.jpg
52429,,,,,c:\Users\LEGION\Documents\jupyter_notebook\Fashion-Intelligence-System\A2_FashionDataset\FashionDataset\test\images_test\52429.jpg
52430,,,,,c:\Users\LEGION\Documents\jupyter_notebook\Fashion-Intelligence-System\A2_FashionDataset\FashionDataset\test\images_test\52430.jpg
52431,,,,,c:\Users\LEGION\Documents\jupyter_notebook\Fashion-Intelligence-System\A2_FashionDataset\FashionDataset\test\images_test\52431.jpg
52432,,,,,c:\Users\LEGION\Documents\jupyter_notebook\Fashion-Intelligence-System\A2_FashionDataset\FashionDataset\test\images_test\52432.jpg
52434,,,,,c:\Users\LEGION\Documents\jupyter_notebook\Fashion-Intelligence-System\A2_FashionDataset\FashionDataset\test\images_test\52434.jpg
52435,,,,,c:\Users\LEGION\Documents\jupyter_notebook\Fashion-Intelligence-System\A2_FashionDataset\FashionDataset\test\images_test\52435.jpg
52436,,,,,c:\Users\LEGION\Documents\jupyter_notebook\Fashion-Intelligence-System\A2_FashionDataset\FashionDataset\test\images_test\52436.jpg
52437,,,,,c:\Users\LEGION\Documents\jupyter_notebook\Fashion-Intelligence-System\A2_FashionDataset\FashionDataset\test\images_test\52437.jpg
52438,,,,,c:\Users\LEGION\Documents\jupyter_notebook\Fashion-Intelligence-System\A2_FashionDataset\FashionDataset\test\images_test\52438.jpg
52439,,,,,c:\Users\LEGION\Documents\jupyter_notebook\Fashion-Intelligence-System\A2_FashionDataset\FashionDataset\test\images_test\52439.jpg
52440,,,,,c:\Users\LEGION\Documents\jupyter_notebook\Fashion-Intelligence-System\A2_FashionDataset\FashionDataset\test\images_test\52440.jpg
52441,,,,,c:\Users\LEGION\Documents\jupyter_notebook\Fashion-Intelligence-System\A2_FashionDataset\FashionDataset\test\images_test\52441.jpg
52442,,,,,c:\Users\LEGION\Documents\jupyter_notebook\Fashion-Intelligence-System\A2_FashionDataset\FashionDataset\test\images_test\52442.jpg
52443,,,,,c:\Users\LEGION\Documents\jupyter_notebook\Fashion-Intelligence-System\A2_FashionDataset\FashionDataset\test\images_test\52443.jpg
52444,,,,,c:\Users\LEGION\Documents\jupyter_notebook\Fashion-Intelligence-System\A2_FashionDataset\FashionDataset\test\images_test\52444.jpg
52445,,,,,c:\Users\LEGION\Documents\jupyter_notebook\Fashion-Intelligence-System\A2_FashionDataset\FashionDataset\test\images_test\52445.jpg
52446,,,,,c:\Users\LEGION\Documents\jupyter_notebook\Fashion-Intelligence-System\A2_FashionDataset\FashionDataset\test\images_test\52446.jpg
52447,,,,,c:\Users\LEGION\Documents\jupyter_notebook\Fashion-Intelligence-System\A2_FashionDataset\FashionDataset\test\images_test\52447.jpg
52448,,,,,c:\Users\LEGION\Documents\jupyter_notebook\Fashion-Intelligence-System\A2_FashionDataset\FashionDataset\test\images_test\52448.jpg
52449,,,,,c:\Users\LEGION\Documents\jupyter_notebook\Fashion-Intelligence-System\A2_FashionDataset\FashionDataset\test\images_test\52449.jpg
52450,,,,,c:\Users\LEGION\Documents\jupyter_notebook\Fashion-Intelligence-System\A2_FashionDataset\FashionDataset\test\images_test\52450.jpg
52451,,,,,c:\Users\LEGION\Documents\jupyter_notebook\Fashion-Intelligence-System\A2_FashionDataset\FashionDataset\test\images_test\52451.jpg
52452,,,,,c:\Users\LEGION\Documents\jupyter_notebook\Fashion-Intelligence-System\A2_FashionDataset\FashionDataset\test\images_test\52452.jpg
52453,,,,,c:\Users\LEGION\Documents\jupyter_notebook\Fashion-Intelligence-System\A2_FashionDataset\FashionDataset\test\images_test\52453.jpg
52454,,,,,c:\Users\LEGION\Documents\jupyter_notebook\Fashion-Intelligence-System\A2_FashionDataset\FashionDataset\test\images_test\52454.jpg
52455,,,,,c:\Users\LEGION\Documents\jupyter_notebook\Fashion-Intelligence-System\A2_FashionDataset\FashionDataset\test\images_test\52455.jpg
52456,,,,,c:\Users\LEGION\Documents\jupyter_notebook\Fashion-Intelligence-System\A2_FashionDataset\FashionDataset\test\images_test\52456.jpg
52457,,,,,c:\Users\LEGION\Documents\jupyter_notebook\Fashion-Intelligence-System\A2_FashionDataset\FashionDataset\test\images_test\52457.jpg
52458,,,,,c:\Users\LEGION\Documents\jupyter_notebook\Fashion-Intelligence-System\A2_FashionDataset\FashionDataset\test\images_test\52458.jpg
52459,,,,,c:\Users\LEGION\Documents\jupyter_notebook\Fashion-Intelligence-System\A2_FashionDataset\FashionDataset\test\images_test\52459.jpg
52460,,,,,c:\Users\LEGION\Documents\jupyter_notebook\Fashion-Intelligence-System\A2_FashionDataset\FashionDataset\test\images_test\52460.jpg
52461,,,,,c:\Users\LEGION\Documents\jupyter_notebook\Fashion-Intelligence-System\A2_FashionDataset\FashionDataset\test\images_test\52461.jpg
52462,,,,,c:\Users\LEGION\Documents\jupyter_notebook\Fashion-Intelligence-System\A2_FashionDataset\FashionDataset\test\images_test\52462.jpg
52463,,,,,c:\Users\LEGION\Documents\jupyter_notebook\Fashion-Intelligence-System\A2_FashionDataset\FashionDataset\test\images_test\52463.jpg
52464,,,,,c:\Users\LEGION\Documents\jupyter_notebook\Fashion-Intelligence-System\A2_FashionDataset\FashionDataset\test\images_test\52464.jpg
52465,,,,,c:\Users\LEGION\Documents\jupyter_notebook\Fashion-Intelligence-System\A2_FashionDataset\FashionDataset\test\images_test\52465.jpg
52466,,,,,c:\Users\LEGION\Documents\jupyter_notebook\Fashion-Intelligence-System\A2_FashionDataset\FashionDataset\test\images_test\52466.jpg
52467,,,,,c:\Users\LEGION\Documents\jupyter_notebook\Fashion-Intelligence-System\A2_FashionDataset\FashionDataset\test\images_test\52467.jpg
52468,,,,,c:\Users\LEGION\Documents\jupyter_notebook\Fashion-Intelligence-System\A2_FashionDataset\FashionDataset\test\images_test\52468.jpg
52469,,,,,c:\Users\LEGION\Documents\jupyter_notebook\Fashion-Intelligence-System\A2_FashionDataset\FashionDataset\test\images_test\52469.jpg
52470,,,,,c:\Users\LEGION\Documents\jupyter_notebook\Fashion-Intelligence-System\A2_FashionDataset\FashionDataset\test\images_test\52470.jpg
52472,,,,,c:\Users\LEGION\Documents\jupyter_notebook\Fashion-Intelligence-System\A2_FashionDataset\FashionDataset\test\images_test\52472.jpg
52473,,,,,c:\Users\LEGION\Documents\jupyter_notebook\Fashion-Intelligence-System\A2_FashionDataset\FashionDataset\test\images_test\52473.jpg
52474,,,,,c:\Users\LEGION\Documents\jupyter_notebook\Fashion-Intelligence-System\A2_FashionDataset\FashionDataset\test\images_test\52474.jpg
52475,,,,,c:\Users\LEGION\Documents\jupyter_notebook\Fashion-Intelligence-System\A2_FashionDataset\FashionDataset\test\images_test\52475.jpg
52476,,,,,c:\Users\LEGION\Documents\jupyter_notebook\Fashion-Intelligence-System\A2_FashionDataset\FashionDataset\test\images_test\52476.jpg
52477,,,,,c:\Users\LEGION\Documents\jupyter_notebook\Fashion-Intelligence-System\A2_FashionDataset\FashionDataset\test\images_test\52477.jpg
52478,,,,,c:\Users\LEGION\Documents\jupyter_notebook\Fashion-Intelligence-System\A2_FashionDataset\FashionDataset\test\images_test\52478.jpg
52479,,,,,c:\Users\LEGION\Documents\jupyter_notebook\Fashion-Intelligence-System\A2_FashionDataset\FashionDataset\test\images_test\52479.jpg
52480,,,,,c:\Users\LEGION\Documents\jupyter_notebook\Fashion-Intelligence-System\A2_FashionDataset\FashionDataset\test\images_test\52480.jpg
52481,,,,,c:\Users\LEGION\Documents\jupyter_notebook\Fashion-Intelligence-System\A2_FashionDataset\FashionDataset\test\images_test\52481.jpg
52482,,,,,c:\Users\LEGION\Documents\jupyter_notebook\Fashion-Intelligence-System\A2_FashionDataset\FashionDataset\test\images_test\52482.jpg
52483,,,,,c:\Users\LEGION\Documents\jupyter_notebook\Fashion-Intelligence-System\A2_FashionDataset\FashionDataset\test\images_test\52483.jpg
52484,,,,,c:\Users\LEGION\Documents\jupyter_notebook\Fashion-Intelligence-System\A2_FashionDataset\FashionDataset\test\images_test\52484.jpg
52485,,,,,c:\Users\LEGION\Documents\jupyter_notebook\Fashion-Intelligence-System\A2_FashionDataset\FashionDataset\test\images_test\52485.jpg
52486,,,,,c:\Users\LEGION\Documents\jupyter_notebook\Fashion-Intelligence-System\A2_FashionDataset\FashionDataset\test\images_test\52486.jpg
52487,,,,,c:\Users\LEGION\Documents\jupyter_notebook\Fashion-Intelligence-System\A2_FashionDataset\FashionDataset\test\images_test\52487.jpg
52488,,,,,c:\Users\LEGION\Documents\jupyter_notebook\Fashion-Intelligence-System\A2_FashionDataset\FashionDataset\test\images_test\52488.jpg
52489,,,,,c:\Users\LEGION\Documents\jupyter_notebook\Fashion-Intelligence-System\A2_FashionDataset\FashionDataset\test\images_test\52489.jpg
52490,,,,,c:\Users\LEGION\Documents\jupyter_notebook\Fashion-Intelligence-System\A2_FashionDataset\FashionDataset\test\images_test\52490.jpg
52491,,,,,c:\Users\LEGION\Documents\jupyter_notebook\Fashion-Intelligence-System\A2_FashionDataset\FashionDataset\test\images_test\52491.jpg
52492,,,,,c:\Users\LEGION\Documents\jupyter_notebook\Fashion-Intelligence-System\A2_FashionDataset\FashionDataset\test\images_test\52492.jpg
52493,,,,,c:\Users\LEGION\Documents\jupyter_notebook\Fashion-Intelligence-System\A2_FashionDataset\FashionDataset\test\images_test\52493.jpg
52494,,,,,c:\Users\LEGION\Documents\jupyter_notebook\Fashion-Intelligence-System\A2_FashionDataset\FashionDataset\test\images_test\52494.jpg
52495,,,,,c:\Users\LEGION\Documents\jupyter_notebook\Fashion-Intelligence-System\A2_FashionDataset\FashionDataset\test\images_test\52495.jpg
52496,,,,,c:\Users\LEGION\Documents\jupyter_notebook\Fashion-Intelligence-System\A2_FashionDataset\FashionDataset\test\images_test\52496.jpg
52497,,,,,c:\Users\LEGION\Documents\jupyter_notebook\Fashion-Intelligence-System\A2_FashionDataset\FashionDataset\test\images_test\52497.jpg
52498,,,,,c:\Users\LEGION\Documents\jupyter_notebook\Fashion-Intelligence-System\A2_FashionDataset\FashionDataset\test\images_test\52498.jpg
52499,,,,,c:\Users\LEGION\Documents\jupyter_notebook\Fashion-Intelligence-System\A2_FashionDataset\FashionDataset\test\images_test\52499.jpg
52500,,,,,c:\Users\LEGION\Documents\jupyter_notebook\Fashion-Intelligence-System\A2_FashionDataset\FashionDataset\test\images_test\52500.jpg
52501,,,,,c:\Users\LEGION\Documents\jupyter_notebook\Fashion-Intelligence-System\A2_FashionDataset\FashionDataset\test\images_test\52501.jpg
52502,,,,,c:\Users\LEGION\Documents\jupyter_notebook\Fashion-Intelligence-System\A2_FashionDataset\FashionDataset\test\images_test\52502.jpg
52503,,,,,c:\Users\LEGION\Documents\jupyter_notebook\Fashion-Intelligence-System\A2_FashionDataset\FashionDataset\test\images_test\52503.jpg
52504,,,,,c:\Users\LEGION\Documents\jupyter_notebook\Fashion-Intelligence-System\A2_FashionDataset\FashionDataset\test\images_test\52504.jpg
52505,,,,,c:\Users\LEGION\Documents\jupyter_notebook\Fashion-Intelligence-System\A2_FashionDataset\FashionDataset\test\images_test\52505.jpg
52506,,,,,c:\Users\LEGION\Documents\jupyter_notebook\Fashion-Intelligence-System\A2_FashionDataset\FashionDataset\test\images_test\52506.jpg
52507,,,,,c:\Users\LEGION\Documents\jupyter_notebook\Fashion-Intelligence-System\A2_FashionDataset\FashionDataset\test\images_test\52507.jpg
52508,,,,,c:\Users\LEGION\Documents\jupyter_notebook\Fashion-Intelligence-System\A2_FashionDataset\FashionDataset\test\images_test\52508.jpg
52509,,,,,c:\Users\LEGION\Documents\jupyter_notebook\Fashion-Intelligence-System\A2_FashionDataset\FashionDataset\test\images_test\52509.jpg
52510,,,,,c:\Users\LEGION\Documents\jupyter_notebook\Fashion-Intelligence-System\A2_FashionDataset\FashionDataset\test\images_test\52510.jpg
52511,,,,,c:\Users\LEGION\Documents\jupyter_notebook\Fashion-Intelligence-System\A2_FashionDataset\FashionDataset\test\images_test\52511.jpg
52512,,,,,c:\Users\LEGION\Documents\jupyter_notebook\Fashion-Intelligence-System\A2_FashionDataset\FashionDataset\test\images_test\52512.jpg
52513,,,,,c:\Users\LEGION\Documents\jupyter_notebook\Fashion-Intelligence-System\A2_FashionDataset\FashionDataset\test\images_test\52513.jpg
52514,,,,,c:\Users\LEGION\Documents\jupyter_notebook\Fashion-Intelligence-System\A2_FashionDataset\FashionDataset\test\images_test\52514.jpg
52515,,,,,c:\Users\LEGION\Documents\jupyter_notebook\Fashion-Intelligence-System\A2_FashionDataset\FashionDataset\test\images_test\52515.jpg
52516,,,,,c:\Users\LEGION\Documents\jupyter_notebook\Fashion-Intelligence-System\A2_FashionDataset\FashionDataset\test\images_test\52516.jpg
52517,,,,,c:\Users\LEGION\Documents\jupyter_notebook\Fashion-Intelligence-System\A2_FashionDataset\FashionDataset\test\images_test\52517.jpg
52518,,,,,c:\Users\LEGION\Documents\jupyter_notebook\Fashion-Intelligence-System\A2_FashionDataset\FashionDataset\test\images_test\52518.jpg
52519,,,,,c:\Users\LEGION\Documents\jupyter_notebook\Fashion-Intelligence-System\A2_FashionDataset\FashionDataset\test\images_test\52519.jpg
52520,,,,,c:\Users\LEGION\Documents\jupyter_notebook\Fashion-Intelligence-System\A2_FashionDataset\FashionDataset\test\images_test\52520.jpg
52522,,,,,c:\Users\LEGION\Documents\jupyter_notebook\Fashion-Intelligence-System\A2_FashionDataset\FashionDataset\test\images_test\52522.jpg
52523,,,,,c:\Users\LEGION\Documents\jupyter_notebook\Fashion-Intelligence-System\A2_FashionDataset\FashionDataset\test\images_test\52523.jpg
52524,,,,,c:\Users\LEGION\Documents\jupyter_notebook\Fashion-Intelligence-System\A2_FashionDataset\FashionDataset\test\images_test\52524.jpg
52525,,,,,c:\Users\LEGION\Documents\jupyter_notebook\Fashion-Intelligence-System\A2_FashionDataset\FashionDataset\test\images_test\52525.jpg
52528,,,,,c:\Users\LEGION\Documents\jupyter_notebook\Fashion-Intelligence-System\A2_FashionDataset\FashionDataset\test\images_test\52528.jpg
52529,,,,,c:\Users\LEGION\Documents\jupyter_notebook\Fashion-Intelligence-System\A2_FashionDataset\FashionDataset\test\images_test\52529.jpg
52536,,,,,c:\Users\LEGION\Documents\jupyter_notebook\Fashion-Intelligence-System\A2_FashionDataset\FashionDataset\test\images_test\52536.jpg
52539,,,,,c:\Users\LEGION\Documents\jupyter_notebook\Fashion-Intelligence-System\A2_FashionDataset\FashionDataset\test\images_test\52539.jpg
52547,,,,,c:\Users\LEGION\Documents\jupyter_notebook\Fashion-Intelligence-System\A2_FashionDataset\FashionDataset\test\images_test\52547.jpg
52548,,,,,c:\Users\LEGION\Documents\jupyter_notebook\Fashion-Intelligence-System\A2_FashionDataset\FashionDataset\test\images_test\52548.jpg
52553,,,,,c:\Users\LEGION\Documents\jupyter_notebook\Fashion-Intelligence-System\A2_FashionDataset\FashionDataset\test\images_test\52553.jpg
52554,,,,,c:\Users\LEGION\Documents\jupyter_notebook\Fashion-Intelligence-System\A2_FashionDataset\FashionDataset\test\images_test\52554.jpg
52555,,,,,c:\Users\LEGION\Documents\jupyter_notebook\Fashion-Intelligence-System\A2_FashionDataset\FashionDataset\test\images_test\52555.jpg
52556,,,,,c:\Users\LEGION\Documents\jupyter_notebook\Fashion-Intelligence-System\A2_FashionDataset\FashionDataset\test\images_test\52556.jpg
52557,,,,,c:\Users\LEGION\Documents\jupyter_notebook\Fashion-Intelligence-System\A2_FashionDataset\FashionDataset\test\images_test\52557.jpg
52558,,,,,c:\Users\LEGION\Documents\jupyter_notebook\Fashion-Intelligence-System\A2_FashionDataset\FashionDataset\test\images_test\52558.jpg
52559,,,,,c:\Users\LEGION\Documents\jupyter_notebook\Fashion-Intelligence-System\A2_FashionDataset\FashionDataset\test\images_test\52559.jpg
52560,,,,,c:\Users\LEGION\Documents\jupyter_notebook\Fashion-Intelligence-System\A2_FashionDataset\FashionDataset\test\images_test\52560.jpg
52561,,,,,c:\Users\LEGION\Documents\jupyter_notebook\Fashion-Intelligence-System\A2_FashionDataset\FashionDataset\test\images_test\52561.jpg
52563,,,,,c:\Users\LEGION\Documents\jupyter_notebook\Fashion-Intelligence-System\A2_FashionDataset\FashionDataset\test\images_test\52563.jpg
52564,,,,,c:\Users\LEGION\Documents\jupyter_notebook\Fashion-Intelligence-System\A2_FashionDataset\FashionDataset\test\images_test\52564.jpg
52565,,,,,c:\Users\LEGION\Documents\jupyter_notebook\Fashion-Intelligence-System\A2_FashionDataset\FashionDataset\test\images_test\52565.jpg
52568,,,,,c:\Users\LEGION\Documents\jupyter_notebook\Fashion-Intelligence-System\A2_FashionDataset\FashionDataset\test\images_test\52568.jpg
52569,,,,,c:\Users\LEGION\Documents\jupyter_notebook\Fashion-Intelligence-System\A2_FashionDataset\FashionDataset\test\images_test\52569.jpg
52570,,,,,c:\Users\LEGION\Documents\jupyter_notebook\Fashion-Intelligence-System\A2_FashionDataset\FashionDataset\test\images_test\52570.jpg
52574,,,,,c:\Users\LEGION\Documents\jupyter_notebook\Fashion-Intelligence-System\A2_FashionDataset\FashionDataset\test\images_test\52574.jpg
52575,,,,,c:\Users\LEGION\Documents\jupyter_notebook\Fashion-Intelligence-System\A2_FashionDataset\FashionDataset\test\images_test\52575.jpg
52576,,,,,c:\Users\LEGION\Documents\jupyter_notebook\Fashion-Intelligence-System\A2_FashionDataset\FashionDataset\test\images_test\52576.jpg
52577,,,,,c:\Users\LEGION\Documents\jupyter_notebook\Fashion-Intelligence-System\A2_FashionDataset\FashionDataset\test\images_test\52577.jpg
52579,,,,,c:\Users\LEGION\Documents\jupyter_notebook\Fashion-Intelligence-System\A2_FashionDataset\FashionDataset\test\images_test\52579.jpg
52581,,,,,c:\Users\LEGION\Documents\jupyter_notebook\Fashion-Intelligence-System\A2_FashionDataset\FashionDataset\test\images_test\52581.jpg
52582,,,,,c:\Users\LEGION\Documents\jupyter_notebook\Fashion-Intelligence-System\A2_FashionDataset\FashionDataset\test\images_test\52582.jpg
52585,,,,,c:\Users\LEGION\Documents\jupyter_notebook\Fashion-Intelligence-System\A2_FashionDataset\FashionDataset\test\images_test\52585.jpg
52586,,,,,c:\Users\LEGION\Documents\jupyter_notebook\Fashion-Intelligence-System\A2_FashionDataset\FashionDataset\test\images_test\52586.jpg
52588,,,,,c:\Users\LEGION\Documents\jupyter_notebook\Fashion-Intelligence-System\A2_FashionDataset\FashionDataset\test\images_test\52588.jpg
52589,,,,,c:\Users\LEGION\Documents\jupyter_notebook\Fashion-Intelligence-System\A2_FashionDataset\FashionDataset\test\images_test\52589.jpg
52593,,,,,c:\Users\LEGION\Documents\jupyter_notebook\Fashion-Intelligence-System\A2_FashionDataset\FashionDataset\test\images_test\52593.jpg
52594,,,,,c:\Users\LEGION\Documents\jupyter_notebook\Fashion-Intelligence-System\A2_FashionDataset\FashionDataset\test\images_test\52594.jpg
52599,,,,,c:\Users\LEGION\Documents\jupyter_notebook\Fashion-Intelligence-System\A2_FashionDataset\FashionDataset\test\images_test\52599.jpg
52602,,,,,c:\Users\LEGION\Documents\jupyter_notebook\Fashion-Intelligence-System\A2_FashionDataset\FashionDataset\test\images_test\52602.jpg
52603,,,,,c:\Users\LEGION\Documents\jupyter_notebook\Fashion-Intelligence-System\A2_FashionDataset\FashionDataset\test\images_test\52603.jpg
52604,,,,,c:\Users\LEGION\Documents\jupyter_notebook\Fashion-Intelligence-System\A2_FashionDataset\FashionDataset\test\images_test\52604.jpg
52609,,,,,c:\Users\LEGION\Documents\jupyter_notebook\Fashion-Intelligence-System\A2_FashionDataset\FashionDataset\test\images_test\52609.jpg
52616,,,,,c:\Users\LEGION\Documents\jupyter_notebook\Fashion-Intelligence-System\A2_FashionDataset\FashionDataset\test\images_test\52616.jpg
52618,,,,,c:\Users\LEGION\Documents\jupyter_notebook\Fashion-Intelligence-System\A2_FashionDataset\FashionDataset\test\images_test\52618.jpg
52622,,,,,c:\Users\LEGION\Documents\jupyter_notebook\Fashion-Intelligence-System\A2_FashionDataset\FashionDataset\test\images_test\52622.jpg
52623,,,,,c:\Users\LEGION\Documents\jupyter_notebook\Fashion-Intelligence-System\A2_FashionDataset\FashionDataset\test\images_test\52623.jpg
52626,,,,,c:\Users\LEGION\Documents\jupyter_notebook\Fashion-Intelligence-System\A2_FashionDataset\FashionDataset\test\images_test\52626.jpg
52632,,,,,c:\Users\LEGION\Documents\jupyter_notebook\Fashion-Intelligence-System\A2_FashionDataset\FashionDataset\test\images_test\52632.jpg
52633,,,,,c:\Users\LEGION\Documents\jupyter_notebook\Fashion-Intelligence-System\A2_FashionDataset\FashionDataset\test\images_test\52633.jpg
52634,,,,,c:\Users\LEGION\Documents\jupyter_notebook\Fashion-Intelligence-System\A2_FashionDataset\FashionDataset\test\images_test\52634.jpg
52635,,,,,c:\Users\LEGION\Documents\jupyter_notebook\Fashion-Intelligence-System\A2_FashionDataset\FashionDataset\test\images_test\52635.jpg
52636,,,,,c:\Users\LEGION\Documents\jupyter_notebook\Fashion-Intelligence-System\A2_FashionDataset\FashionDataset\test\images_test\52636.jpg
52637,,,,,c:\Users\LEGION\Documents\jupyter_notebook\Fashion-Intelligence-System\A2_FashionDataset\FashionDataset\test\images_test\52637.jpg
52638,,,,,c:\Users\LEGION\Documents\jupyter_notebook\Fashion-Intelligence-System\A2_FashionDataset\FashionDataset\test\images_test\52638.jpg
52639,,,,,c:\Users\LEGION\Documents\jupyter_notebook\Fashion-Intelligence-System\A2_FashionDataset\FashionDataset\test\images_test\52639.jpg
52641,,,,,c:\Users\LEGION\Documents\jupyter_notebook\Fashion-Intelligence-System\A2_FashionDataset\FashionDataset\test\images_test\52641.jpg
52642,,,,,c:\Users\LEGION\Documents\jupyter_notebook\Fashion-Intelligence-System\A2_FashionDataset\FashionDataset\test\images_test\52642.jpg
52643,,,,,c:\Users\LEGION\Documents\jupyter_notebook\Fashion-Intelligence-System\A2_FashionDataset\FashionDataset\test\images_test\52643.jpg
52647,,,,,c:\Users\LEGION\Documents\jupyter_notebook\Fashion-Intelligence-System\A2_FashionDataset\FashionDataset\test\images_test\52647.jpg
52648,,,,,c:\Users\LEGION\Documents\jupyter_notebook\Fashion-Intelligence-System\A2_FashionDataset\FashionDataset\test\images_test\52648.jpg
52649,,,,,c:\Users\LEGION\Documents\jupyter_notebook\Fashion-Intelligence-System\A2_FashionDataset\FashionDataset\test\images_test\52649.jpg
52650,,,,,c:\Users\LEGION\Documents\jupyter_notebook\Fashion-Intelligence-System\A2_FashionDataset\FashionDataset\test\images_test\52650.jpg
52651,,,,,c:\Users\LEGION\Documents\jupyter_notebook\Fashion-Intelligence-System\A2_FashionDataset\FashionDataset\test\images_test\52651.jpg
52652,,,,,c:\Users\LEGION\Documents\jupyter_notebook\Fashion-Intelligence-System\A2_FashionDataset\FashionDataset\test\images_test\52652.jpg
52653,,,,,c:\Users\LEGION\Documents\jupyter_notebook\Fashion-Intelligence-System\A2_FashionDataset\FashionDataset\test\images_test\52653.jpg
52654,,,,,c:\Users\LEGION\Documents\jupyter_notebook\Fashion-Intelligence-System\A2_FashionDataset\FashionDataset\test\images_test\52654.jpg
52655,,,,,c:\Users\LEGION\Documents\jupyter_notebook\Fashion-Intelligence-System\A2_FashionDataset\FashionDataset\test\images_test\52655.jpg
52656,,,,,c:\Users\LEGION\Documents\jupyter_notebook\Fashion-Intelligence-System\A2_FashionDataset\FashionDataset\test\images_test\52656.jpg
52657,,,,,c:\Users\LEGION\Documents\jupyter_notebook\Fashion-Intelligence-System\A2_FashionDataset\FashionDataset\test\images_test\52657.jpg
52658,,,,,c:\Users\LEGION\Documents\jupyter_notebook\Fashion-Intelligence-System\A2_FashionDataset\FashionDataset\test\images_test\52658.jpg
52659,,,,,c:\Users\LEGION\Documents\jupyter_notebook\Fashion-Intelligence-System\A2_FashionDataset\FashionDataset\test\images_test\52659.jpg
52660,,,,,c:\Users\LEGION\Documents\jupyter_notebook\Fashion-Intelligence-System\A2_FashionDataset\FashionDataset\test\images_test\52660.jpg
52661,,,,,c:\Users\LEGION\Documents\jupyter_notebook\Fashion-Intelligence-System\A2_FashionDataset\FashionDataset\test\images_test\52661.jpg
52665,,,,,c:\Users\LEGION\Documents\jupyter_notebook\Fashion-Intelligence-System\A2_FashionDataset\FashionDataset\test\images_test\52665.jpg
52670,,,,,c:\Users\LEGION\Documents\jupyter_notebook\Fashion-Intelligence-System\A2_FashionDataset\FashionDataset\test\images_test\52670.jpg
52671,,,,,c:\Users\LEGION\Documents\jupyter_notebook\Fashion-Intelligence-System\A2_FashionDataset\FashionDataset\test\images_test\52671.jpg
52673,,,,,c:\Users\LEGION\Documents\jupyter_notebook\Fashion-Intelligence-System\A2_FashionDataset\FashionDataset\test\images_test\52673.jpg
52675,,,,,c:\Users\LEGION\Documents\jupyter_notebook\Fashion-Intelligence-System\A2_FashionDataset\FashionDataset\test\images_test\52675.jpg
52676,,,,,c:\Users\LEGION\Documents\jupyter_notebook\Fashion-Intelligence-System\A2_FashionDataset\FashionDataset\test\images_test\52676.jpg
52677,,,,,c:\Users\LEGION\Documents\jupyter_notebook\Fashion-Intelligence-System\A2_FashionDataset\FashionDataset\test\images_test\52677.jpg
52678,,,,,c:\Users\LEGION\Documents\jupyter_notebook\Fashion-Intelligence-System\A2_FashionDataset\FashionDataset\test\images_test\52678.jpg
52679,,,,,c:\Users\LEGION\Documents\jupyter_notebook\Fashion-Intelligence-System\A2_FashionDataset\FashionDataset\test\images_test\52679.jpg
52680,,,,,c:\Users\LEGION\Documents\jupyter_notebook\Fashion-Intelligence-System\A2_FashionDataset\FashionDataset\test\images_test\52680.jpg
52681,,,,,c:\Users\LEGION\Documents\jupyter_notebook\Fashion-Intelligence-System\A2_FashionDataset\FashionDataset\test\images_test\52681.jpg
52682,,,,,c:\Users\LEGION\Documents\jupyter_notebook\Fashion-Intelligence-System\A2_FashionDataset\FashionDataset\test\images_test\52682.jpg
52683,,,,,c:\Users\LEGION\Documents\jupyter_notebook\Fashion-Intelligence-System\A2_FashionDataset\FashionDataset\test\images_test\52683.jpg
52684,,,,,c:\Users\LEGION\Documents\jupyter_notebook\Fashion-Intelligence-System\A2_FashionDataset\FashionDataset\test\images_test\52684.jpg
52686,,,,,c:\Users\LEGION\Documents\jupyter_notebook\Fashion-Intelligence-System\A2_FashionDataset\FashionDataset\test\images_test\52686.jpg
52687,,,,,c:\Users\LEGION\Documents\jupyter_notebook\Fashion-Intelligence-System\A2_FashionDataset\FashionDataset\test\images_test\52687.jpg
52688,,,,,c:\Users\LEGION\Documents\jupyter_notebook\Fashion-Intelligence-System\A2_FashionDataset\FashionDataset\test\images_test\52688.jpg
52690,,,,,c:\Users\LEGION\Documents\jupyter_notebook\Fashion-Intelligence-System\A2_FashionDataset\FashionDataset\test\images_test\52690.jpg
52691,,,,,c:\Users\LEGION\Documents\jupyter_notebook\Fashion-Intelligence-System\A2_FashionDataset\FashionDataset\test\images_test\52691.jpg
52692,,,,,c:\Users\LEGION\Documents\jupyter_notebook\Fashion-Intelligence-System\A2_FashionDataset\FashionDataset\test\images_test\52692.jpg
52693,,,,,c:\Users\LEGION\Documents\jupyter_notebook\Fashion-Intelligence-System\A2_FashionDataset\FashionDataset\test\images_test\52693.jpg
52694,,,,,c:\Users\LEGION\Documents\jupyter_notebook\Fashion-Intelligence-System\A2_FashionDataset\FashionDataset\test\images_test\52694.jpg
52695,,,,,c:\Users\LEGION\Documents\jupyter_notebook\Fashion-Intelligence-System\A2_FashionDataset\FashionDataset\test\images_test\52695.jpg
52749,,,,,c:\Users\LEGION\Documents\jupyter_notebook\Fashion-Intelligence-System\A2_FashionDataset\FashionDataset\test\images_test\52749.jpg
52751,,,,,c:\Users\LEGION\Documents\jupyter_notebook\Fashion-Intelligence-System\A2_FashionDataset\FashionDataset\test\images_test\52751.jpg
52754,,,,,c:\Users\LEGION\Documents\jupyter_notebook\Fashion-Intelligence-System\A2_FashionDataset\FashionDataset\test\images_test\52754.jpg
52756,,,,,c:\Users\LEGION\Documents\jupyter_notebook\Fashion-Intelligence-System\A2_FashionDataset\FashionDataset\test\images_test\52756.jpg
52758,,,,,c:\Users\LEGION\Documents\jupyter_notebook\Fashion-Intelligence-System\A2_FashionDataset\FashionDataset\test\images_test\52758.jpg
52759,,,,,c:\Users\LEGION\Documents\jupyter_notebook\Fashion-Intelligence-System\A2_FashionDataset\FashionDataset\test\images_test\52759.jpg
52766,,,,,c:\Users\LEGION\Documents\jupyter_notebook\Fashion-Intelligence-System\A2_FashionDataset\FashionDataset\test\images_test\52766.jpg
52767,,,,,c:\Users\LEGION\Documents\jupyter_notebook\Fashion-Intelligence-System\A2_FashionDataset\FashionDataset\test\images_test\52767.jpg
52768,,,,,c:\Users\LEGION\Documents\jupyter_notebook\Fashion-Intelligence-System\A2_FashionDataset\FashionDataset\test\images_test\52768.jpg
52772,,,,,c:\Users\LEGION\Documents\jupyter_notebook\Fashion-Intelligence-System\A2_FashionDataset\FashionDataset\test\images_test\52772.jpg
52773,,,,,c:\Users\LEGION\Documents\jupyter_notebook\Fashion-Intelligence-System\A2_FashionDataset\FashionDataset\test\images_test\52773.jpg
52774,,,,,c:\Users\LEGION\Documents\jupyter_notebook\Fashion-Intelligence-System\A2_FashionDataset\FashionDataset\test\images_test\52774.jpg
52775,,,,,c:\Users\LEGION\Documents\jupyter_notebook\Fashion-Intelligence-System\A2_FashionDataset\FashionDataset\test\images_test\52775.jpg
52776,,,,,c:\Users\LEGION\Documents\jupyter_notebook\Fashion-Intelligence-System\A2_FashionDataset\FashionDataset\test\images_test\52776.jpg
52777,,,,,c:\Users\LEGION\Documents\jupyter_notebook\Fashion-Intelligence-System\A2_FashionDataset\FashionDataset\test\images_test\52777.jpg
52778,,,,,c:\Users\LEGION\Documents\jupyter_notebook\Fashion-Intelligence-System\A2_FashionDataset\FashionDataset\test\images_test\52778.jpg
52779,,,,,c:\Users\LEGION\Documents\jupyter_notebook\Fashion-Intelligence-System\A2_FashionDataset\FashionDataset\test\images_test\52779.jpg
52780,,,,,c:\Users\LEGION\Documents\jupyter_notebook\Fashion-Intelligence-System\A2_FashionDataset\FashionDataset\test\images_test\52780.jpg
52781,,,,,c:\Users\LEGION\Documents\jupyter_notebook\Fashion-Intelligence-System\A2_FashionDataset\FashionDataset\test\images_test\52781.jpg
52782,,,,,c:\Users\LEGION\Documents\jupyter_notebook\Fashion-Intelligence-System\A2_FashionDataset\FashionDataset\test\images_test\52782.jpg
52784,,,,,c:\Users\LEGION\Documents\jupyter_notebook\Fashion-Intelligence-System\A2_FashionDataset\FashionDataset\test\images_test\52784.jpg
52785,,,,,c:\Users\LEGION\Documents\jupyter_notebook\Fashion-Intelligence-System\A2_FashionDataset\FashionDataset\test\images_test\52785.jpg
52786,,,,,c:\Users\LEGION\Documents\jupyter_notebook\Fashion-Intelligence-System\A2_FashionDataset\FashionDataset\test\images_test\52786.jpg
52789,,,,,c:\Users\LEGION\Documents\jupyter_notebook\Fashion-Intelligence-System\A2_FashionDataset\FashionDataset\test\images_test\52789.jpg
52791,,,,,c:\Users\LEGION\Documents\jupyter_notebook\Fashion-Intelligence-System\A2_FashionDataset\FashionDataset\test\images_test\52791.jpg
52792,,,,,c:\Users\LEGION\Documents\jupyter_notebook\Fashion-Intelligence-System\A2_FashionDataset\FashionDataset\test\images_test\52792.jpg
52793,,,,,c:\Users\LEGION\Documents\jupyter_notebook\Fashion-Intelligence-System\A2_FashionDataset\FashionDataset\test\images_test\52793.jpg
52794,,,,,c:\Users\LEGION\Documents\jupyter_notebook\Fashion-Intelligence-System\A2_FashionDataset\FashionDataset\test\images_test\52794.jpg
52795,,,,,c:\Users\LEGION\Documents\jupyter_notebook\Fashion-Intelligence-System\A2_FashionDataset\FashionDataset\test\images_test\52795.jpg
52796,,,,,c:\Users\LEGION\Documents\jupyter_notebook\Fashion-Intelligence-System\A2_FashionDataset\FashionDataset\test\images_test\52796.jpg
52797,,,,,c:\Users\LEGION\Documents\jupyter_notebook\Fashion-Intelligence-System\A2_FashionDataset\FashionDataset\test\images_test\52797.jpg
52798,,,,,c:\Users\LEGION\Documents\jupyter_notebook\Fashion-Intelligence-System\A2_FashionDataset\FashionDataset\test\images_test\52798.jpg
52799,,,,,c:\Users\LEGION\Documents\jupyter_notebook\Fashion-Intelligence-System\A2_FashionDataset\FashionDataset\test\images_test\52799.jpg
52800,,,,,c:\Users\LEGION\Documents\jupyter_notebook\Fashion-Intelligence-System\A2_FashionDataset\FashionDataset\test\images_test\52800.jpg
52801,,,,,c:\Users\LEGION\Documents\jupyter_notebook\Fashion-Intelligence-System\A2_FashionDataset\FashionDataset\test\images_test\52801.jpg
52802,,,,,c:\Users\LEGION\Documents\jupyter_notebook\Fashion-Intelligence-System\A2_FashionDataset\FashionDataset\test\images_test\52802.jpg
52803,,,,,c:\Users\LEGION\Documents\jupyter_notebook\Fashion-Intelligence-System\A2_FashionDataset\FashionDataset\test\images_test\52803.jpg
52804,,,,,c:\Users\LEGION\Documents\jupyter_notebook\Fashion-Intelligence-System\A2_FashionDataset\FashionDataset\test\images_test\52804.jpg
52805,,,,,c:\Users\LEGION\Documents\jupyter_notebook\Fashion-Intelligence-System\A2_FashionDataset\FashionDataset\test\images_test\52805.jpg
52806,,,,,c:\Users\LEGION\Documents\jupyter_notebook\Fashion-Intelligence-System\A2_FashionDataset\FashionDataset\test\images_test\52806.jpg
52807,,,,,c:\Users\LEGION\Documents\jupyter_notebook\Fashion-Intelligence-System\A2_FashionDataset\FashionDataset\test\images_test\52807.jpg
52808,,,,,c:\Users\LEGION\Documents\jupyter_notebook\Fashion-Intelligence-System\A2_FashionDataset\FashionDataset\test\images_test\52808.jpg
52809,,,,,c:\Users\LEGION\Documents\jupyter_notebook\Fashion-Intelligence-System\A2_FashionDataset\FashionDataset\test\images_test\52809.jpg
52810,,,,,c:\Users\LEGION\Documents\jupyter_notebook\Fashion-Intelligence-System\A2_FashionDataset\FashionDataset\test\images_test\52810.jpg
52811,,,,,c:\Users\LEGION\Documents\jupyter_notebook\Fashion-Intelligence-System\A2_FashionDataset\FashionDataset\test\images_test\52811.jpg
52812,,,,,c:\Users\LEGION\Documents\jupyter_notebook\Fashion-Intelligence-System\A2_FashionDataset\FashionDataset\test\images_test\52812.jpg
52813,,,,,c:\Users\LEGION\Documents\jupyter_notebook\Fashion-Intelligence-System\A2_FashionDataset\FashionDataset\test\images_test\52813.jpg
52814,,,,,c:\Users\LEGION\Documents\jupyter_notebook\Fashion-Intelligence-System\A2_FashionDataset\FashionDataset\test\images_test\52814.jpg
52816,,,,,c:\Users\LEGION\Documents\jupyter_notebook\Fashion-Intelligence-System\A2_FashionDataset\FashionDataset\test\images_test\52816.jpg
52817,,,,,c:\Users\LEGION\Documents\jupyter_notebook\Fashion-Intelligence-System\A2_FashionDataset\FashionDataset\test\images_test\52817.jpg
52818,,,,,c:\Users\LEGION\Documents\jupyter_notebook\Fashion-Intelligence-System\A2_FashionDataset\FashionDataset\test\images_test\52818.jpg
52819,,,,,c:\Users\LEGION\Documents\jupyter_notebook\Fashion-Intelligence-System\A2_FashionDataset\FashionDataset\test\images_test\52819.jpg
52820,,,,,c:\Users\LEGION\Documents\jupyter_notebook\Fashion-Intelligence-System\A2_FashionDataset\FashionDataset\test\images_test\52820.jpg
52822,,,,,c:\Users\LEGION\Documents\jupyter_notebook\Fashion-Intelligence-System\A2_FashionDataset\FashionDataset\test\images_test\52822.jpg
52823,,,,,c:\Users\LEGION\Documents\jupyter_notebook\Fashion-Intelligence-System\A2_FashionDataset\FashionDataset\test\images_test\52823.jpg
52825,,,,,c:\Users\LEGION\Documents\jupyter_notebook\Fashion-Intelligence-System\A2_FashionDataset\FashionDataset\test\images_test\52825.jpg
52827,,,,,c:\Users\LEGION\Documents\jupyter_notebook\Fashion-Intelligence-System\A2_FashionDataset\FashionDataset\test\images_test\52827.jpg
52828,,,,,c:\Users\LEGION\Documents\jupyter_notebook\Fashion-Intelligence-System\A2_FashionDataset\FashionDataset\test\images_test\52828.jpg
52831,,,,,c:\Users\LEGION\Documents\jupyter_notebook\Fashion-Intelligence-System\A2_FashionDataset\FashionDataset\test\images_test\52831.jpg
52834,,,,,c:\Users\LEGION\Documents\jupyter_notebook\Fashion-Intelligence-System\A2_FashionDataset\FashionDataset\test\images_test\52834.jpg
52835,,,,,c:\Users\LEGION\Documents\jupyter_notebook\Fashion-Intelligence-System\A2_FashionDataset\FashionDataset\test\images_test\52835.jpg
52836,,,,,c:\Users\LEGION\Documents\jupyter_notebook\Fashion-Intelligence-System\A2_FashionDataset\FashionDataset\test\images_test\52836.jpg
52837,,,,,c:\Users\LEGION\Documents\jupyter_notebook\Fashion-Intelligence-System\A2_FashionDataset\FashionDataset\test\images_test\52837.jpg
52839,,,,,c:\Users\LEGION\Documents\jupyter_notebook\Fashion-Intelligence-System\A2_FashionDataset\FashionDataset\test\images_test\52839.jpg
52840,,,,,c:\Users\LEGION\Documents\jupyter_notebook\Fashion-Intelligence-System\A2_FashionDataset\FashionDataset\test\images_test\52840.jpg
52841,,,,,c:\Users\LEGION\Documents\jupyter_notebook\Fashion-Intelligence-System\A2_FashionDataset\FashionDataset\test\images_test\52841.jpg
52842,,,,,c:\Users\LEGION\Documents\jupyter_notebook\Fashion-Intelligence-System\A2_FashionDataset\FashionDataset\test\images_test\52842.jpg
52846,,,,,c:\Users\LEGION\Documents\jupyter_notebook\Fashion-Intelligence-System\A2_FashionDataset\FashionDataset\test\images_test\52846.jpg
52847,,,,,c:\Users\LEGION\Documents\jupyter_notebook\Fashion-Intelligence-System\A2_FashionDataset\FashionDataset\test\images_test\52847.jpg
52848,,,,,c:\Users\LEGION\Documents\jupyter_notebook\Fashion-Intelligence-System\A2_FashionDataset\FashionDataset\test\images_test\52848.jpg
52850,,,,,c:\Users\LEGION\Documents\jupyter_notebook\Fashion-Intelligence-System\A2_FashionDataset\FashionDataset\test\images_test\52850.jpg
52851,,,,,c:\Users\LEGION\Documents\jupyter_notebook\Fashion-Intelligence-System\A2_FashionDataset\FashionDataset\test\images_test\52851.jpg
52852,,,,,c:\Users\LEGION\Documents\jupyter_notebook\Fashion-Intelligence-System\A2_FashionDataset\FashionDataset\test\images_test\52852.jpg
52854,,,,,c:\Users\LEGION\Documents\jupyter_notebook\Fashion-Intelligence-System\A2_FashionDataset\FashionDataset\test\images_test\52854.jpg
52855,,,,,c:\Users\LEGION\Documents\jupyter_notebook\Fashion-Intelligence-System\A2_FashionDataset\FashionDataset\test\images_test\52855.jpg
52859,,,,,c:\Users\LEGION\Documents\jupyter_notebook\Fashion-Intelligence-System\A2_FashionDataset\FashionDataset\test\images_test\52859.jpg
52860,,,,,c:\Users\LEGION\Documents\jupyter_notebook\Fashion-Intelligence-System\A2_FashionDataset\FashionDataset\test\images_test\52860.jpg
52862,,,,,c:\Users\LEGION\Documents\jupyter_notebook\Fashion-Intelligence-System\A2_FashionDataset\FashionDataset\test\images_test\52862.jpg
52863,,,,,c:\Users\LEGION\Documents\jupyter_notebook\Fashion-Intelligence-System\A2_FashionDataset\FashionDataset\test\images_test\52863.jpg
52864,,,,,c:\Users\LEGION\Documents\jupyter_notebook\Fashion-Intelligence-System\A2_FashionDataset\FashionDataset\test\images_test\52864.jpg
52868,,,,,c:\Users\LEGION\Documents\jupyter_notebook\Fashion-Intelligence-System\A2_FashionDataset\FashionDataset\test\images_test\52868.jpg
52869,,,,,c:\Users\LEGION\Documents\jupyter_notebook\Fashion-Intelligence-System\A2_FashionDataset\FashionDataset\test\images_test\52869.jpg
52871,,,,,c:\Users\LEGION\Documents\jupyter_notebook\Fashion-Intelligence-System\A2_FashionDataset\FashionDataset\test\images_test\52871.jpg
52874,,,,,c:\Users\LEGION\Documents\jupyter_notebook\Fashion-Intelligence-System\A2_FashionDataset\FashionDataset\test\images_test\52874.jpg
52875,,,,,c:\Users\LEGION\Documents\jupyter_notebook\Fashion-Intelligence-System\A2_FashionDataset\FashionDataset\test\images_test\52875.jpg
52876,,,,,c:\Users\LEGION\Documents\jupyter_notebook\Fashion-Intelligence-System\A2_FashionDataset\FashionDataset\test\images_test\52876.jpg
52877,,,,,c:\Users\LEGION\Documents\jupyter_notebook\Fashion-Intelligence-System\A2_FashionDataset\FashionDataset\test\images_test\52877.jpg
52878,,,,,c:\Users\LEGION\Documents\jupyter_notebook\Fashion-Intelligence-System\A2_FashionDataset\FashionDataset\test\images_test\52878.jpg
52879,,,,,c:\Users\LEGION\Documents\jupyter_notebook\Fashion-Intelligence-System\A2_FashionDataset\FashionDataset\test\images_test\52879.jpg
52880,,,,,c:\Users\LEGION\Documents\jupyter_notebook\Fashion-Intelligence-System\A2_FashionDataset\FashionDataset\test\images_test\52880.jpg
52881,,,,,c:\Users\LEGION\Documents\jupyter_notebook\Fashion-Intelligence-System\A2_FashionDataset\FashionDataset\test\images_test\52881.jpg
52882,,,,,c:\Users\LEGION\Documents\jupyter_notebook\Fashion-Intelligence-System\A2_FashionDataset\FashionDataset\test\images_test\52882.jpg
52883,,,,,c:\Users\LEGION\Documents\jupyter_notebook\Fashion-Intelligence-System\A2_FashionDataset\FashionDataset\test\images_test\52883.jpg
52884,,,,,c:\Users\LEGION\Documents\jupyter_notebook\Fashion-Intelligence-System\A2_FashionDataset\FashionDataset\test\images_test\52884.jpg
52885,,,,,c:\Users\LEGION\Documents\jupyter_notebook\Fashion-Intelligence-System\A2_FashionDataset\FashionDataset\test\images_test\52885.jpg
52886,,,,,c:\Users\LEGION\Documents\jupyter_notebook\Fashion-Intelligence-System\A2_FashionDataset\FashionDataset\test\images_test\52886.jpg
52887,,,,,c:\Users\LEGION\Documents\jupyter_notebook\Fashion-Intelligence-System\A2_FashionDataset\FashionDataset\test\images_test\52887.jpg
52888,,,,,c:\Users\LEGION\Documents\jupyter_notebook\Fashion-Intelligence-System\A2_FashionDataset\FashionDataset\test\images_test\52888.jpg
52889,,,,,c:\Users\LEGION\Documents\jupyter_notebook\Fashion-Intelligence-System\A2_FashionDataset\FashionDataset\test\images_test\52889.jpg
52890,,,,,c:\Users\LEGION\Documents\jupyter_notebook\Fashion-Intelligence-System\A2_FashionDataset\FashionDataset\test\images_test\52890.jpg
52891,,,,,c:\Users\LEGION\Documents\jupyter_notebook\Fashion-Intelligence-System\A2_FashionDataset\FashionDataset\test\images_test\52891.jpg
52892,,,,,c:\Users\LEGION\Documents\jupyter_notebook\Fashion-Intelligence-System\A2_FashionDataset\FashionDataset\test\images_test\52892.jpg
52893,,,,,c:\Users\LEGION\Documents\jupyter_notebook\Fashion-Intelligence-System\A2_FashionDataset\FashionDataset\test\images_test\52893.jpg
52894,,,,,c:\Users\LEGION\Documents\jupyter_notebook\Fashion-Intelligence-System\A2_FashionDataset\FashionDataset\test\images_test\52894.jpg
52895,,,,,c:\Users\LEGION\Documents\jupyter_notebook\Fashion-Intelligence-System\A2_FashionDataset\FashionDataset\test\images_test\52895.jpg
52896,,,,,c:\Users\LEGION\Documents\jupyter_notebook\Fashion-Intelligence-System\A2_FashionDataset\FashionDataset\test\images_test\52896.jpg
52897,,,,,c:\Users\LEGION\Documents\jupyter_notebook\Fashion-Intelligence-System\A2_FashionDataset\FashionDataset\test\images_test\52897.jpg
52898,,,,,c:\Users\LEGION\Documents\jupyter_notebook\Fashion-Intelligence-System\A2_FashionDataset\FashionDataset\test\images_test\52898.jpg
52899,,,,,c:\Users\LEGION\Documents\jupyter_notebook\Fashion-Intelligence-System\A2_FashionDataset\FashionDataset\test\images_test\52899.jpg
52901,,,,,c:\Users\LEGION\Documents\jupyter_notebook\Fashion-Intelligence-System\A2_FashionDataset\FashionDataset\test\images_test\52901.jpg
52902,,,,,c:\Users\LEGION\Documents\jupyter_notebook\Fashion-Intelligence-System\A2_FashionDataset\FashionDataset\test\images_test\52902.jpg
52903,,,,,c:\Users\LEGION\Documents\jupyter_notebook\Fashion-Intelligence-System\A2_FashionDataset\FashionDataset\test\images_test\52903.jpg
52904,,,,,c:\Users\LEGION\Documents\jupyter_notebook\Fashion-Intelligence-System\A2_FashionDataset\FashionDataset\test\images_test\52904.jpg
52905,,,,,c:\Users\LEGION\Documents\jupyter_notebook\Fashion-Intelligence-System\A2_FashionDataset\FashionDataset\test\images_test\52905.jpg
52906,,,,,c:\Users\LEGION\Documents\jupyter_notebook\Fashion-Intelligence-System\A2_FashionDataset\FashionDataset\test\images_test\52906.jpg
52907,,,,,c:\Users\LEGION\Documents\jupyter_notebook\Fashion-Intelligence-System\A2_FashionDataset\FashionDataset\test\images_test\52907.jpg
52908,,,,,c:\Users\LEGION\Documents\jupyter_notebook\Fashion-Intelligence-System\A2_FashionDataset\FashionDataset\test\images_test\52908.jpg
52909,,,,,c:\Users\LEGION\Documents\jupyter_notebook\Fashion-Intelligence-System\A2_FashionDataset\FashionDataset\test\images_test\52909.jpg
52910,,,,,c:\Users\LEGION\Documents\jupyter_notebook\Fashion-Intelligence-System\A2_FashionDataset\FashionDataset\test\images_test\52910.jpg
52911,,,,,c:\Users\LEGION\Documents\jupyter_notebook\Fashion-Intelligence-System\A2_FashionDataset\FashionDataset\test\images_test\52911.jpg
52912,,,,,c:\Users\LEGION\Documents\jupyter_notebook\Fashion-Intelligence-System\A2_FashionDataset\FashionDataset\test\images_test\52912.jpg
52913,,,,,c:\Users\LEGION\Documents\jupyter_notebook\Fashion-Intelligence-System\A2_FashionDataset\FashionDataset\test\images_test\52913.jpg
52914,,,,,c:\Users\LEGION\Documents\jupyter_notebook\Fashion-Intelligence-System\A2_FashionDataset\FashionDataset\test\images_test\52914.jpg
52915,,,,,c:\Users\LEGION\Documents\jupyter_notebook\Fashion-Intelligence-System\A2_FashionDataset\FashionDataset\test\images_test\52915.jpg
52916,,,,,c:\Users\LEGION\Documents\jupyter_notebook\Fashion-Intelligence-System\A2_FashionDataset\FashionDataset\test\images_test\52916.jpg
52917,,,,,c:\Users\LEGION\Documents\jupyter_notebook\Fashion-Intelligence-System\A2_FashionDataset\FashionDataset\test\images_test\52917.jpg
52918,,,,,c:\Users\LEGION\Documents\jupyter_notebook\Fashion-Intelligence-System\A2_FashionDataset\FashionDataset\test\images_test\52918.jpg
52919,,,,,c:\Users\LEGION\Documents\jupyter_notebook\Fashion-Intelligence-System\A2_FashionDataset\FashionDataset\test\images_test\52919.jpg
52920,,,,,c:\Users\LEGION\Documents\jupyter_notebook\Fashion-Intelligence-System\A2_FashionDataset\FashionDataset\test\images_test\52920.jpg
52921,,,,,c:\Users\LEGION\Documents\jupyter_notebook\Fashion-Intelligence-System\A2_FashionDataset\FashionDataset\test\images_test\52921.jpg
52922,,,,,c:\Users\LEGION\Documents\jupyter_notebook\Fashion-Intelligence-System\A2_FashionDataset\FashionDataset\test\images_test\52922.jpg
52923,,,,,c:\Users\LEGION\Documents\jupyter_notebook\Fashion-Intelligence-System\A2_FashionDataset\FashionDataset\test\images_test\52923.jpg
52924,,,,,c:\Users\LEGION\Documents\jupyter_notebook\Fashion-Intelligence-System\A2_FashionDataset\FashionDataset\test\images_test\52924.jpg
52925,,,,,c:\Users\LEGION\Documents\jupyter_notebook\Fashion-Intelligence-System\A2_FashionDataset\FashionDataset\test\images_test\52925.jpg
52926,,,,,c:\Users\LEGION\Documents\jupyter_notebook\Fashion-Intelligence-System\A2_FashionDataset\FashionDataset\test\images_test\52926.jpg
52927,,,,,c:\Users\LEGION\Documents\jupyter_notebook\Fashion-Intelligence-System\A2_FashionDataset\FashionDataset\test\images_test\52927.jpg
52928,,,,,c:\Users\LEGION\Documents\jupyter_notebook\Fashion-Intelligence-System\A2_FashionDataset\FashionDataset\test\images_test\52928.jpg
52929,,,,,c:\Users\LEGION\Documents\jupyter_notebook\Fashion-Intelligence-System\A2_FashionDataset\FashionDataset\test\images_test\52929.jpg
52930,,,,,c:\Users\LEGION\Documents\jupyter_notebook\Fashion-Intelligence-System\A2_FashionDataset\FashionDataset\test\images_test\52930.jpg
52931,,,,,c:\Users\LEGION\Documents\jupyter_notebook\Fashion-Intelligence-System\A2_FashionDataset\FashionDataset\test\images_test\52931.jpg
52934,,,,,c:\Users\LEGION\Documents\jupyter_notebook\Fashion-Intelligence-System\A2_FashionDataset\FashionDataset\test\images_test\52934.jpg
52935,,,,,c:\Users\LEGION\Documents\jupyter_notebook\Fashion-Intelligence-System\A2_FashionDataset\FashionDataset\test\images_test\52935.jpg
52936,,,,,c:\Users\LEGION\Documents\jupyter_notebook\Fashion-Intelligence-System\A2_FashionDataset\FashionDataset\test\images_test\52936.jpg
52937,,,,,c:\Users\LEGION\Documents\jupyter_notebook\Fashion-Intelligence-System\A2_FashionDataset\FashionDataset\test\images_test\52937.jpg
52938,,,,,c:\Users\LEGION\Documents\jupyter_notebook\Fashion-Intelligence-System\A2_FashionDataset\FashionDataset\test\images_test\52938.jpg
52940,,,,,c:\Users\LEGION\Documents\jupyter_notebook\Fashion-Intelligence-System\A2_FashionDataset\FashionDataset\test\images_test\52940.jpg
52941,,,,,c:\Users\LEGION\Documents\jupyter_notebook\Fashion-Intelligence-System\A2_FashionDataset\FashionDataset\test\images_test\52941.jpg
52942,,,,,c:\Users\LEGION\Documents\jupyter_notebook\Fashion-Intelligence-System\A2_FashionDataset\FashionDataset\test\images_test\52942.jpg
52943,,,,,c:\Users\LEGION\Documents\jupyter_notebook\Fashion-Intelligence-System\A2_FashionDataset\FashionDataset\test\images_test\52943.jpg
52944,,,,,c:\Users\LEGION\Documents\jupyter_notebook\Fashion-Intelligence-System\A2_FashionDataset\FashionDataset\test\images_test\52944.jpg
52945,,,,,c:\Users\LEGION\Documents\jupyter_notebook\Fashion-Intelligence-System\A2_FashionDataset\FashionDataset\test\images_test\52945.jpg
52946,,,,,c:\Users\LEGION\Documents\jupyter_notebook\Fashion-Intelligence-System\A2_FashionDataset\FashionDataset\test\images_test\52946.jpg
52947,,,,,c:\Users\LEGION\Documents\jupyter_notebook\Fashion-Intelligence-System\A2_FashionDataset\FashionDataset\test\images_test\52947.jpg
52948,,,,,c:\Users\LEGION\Documents\jupyter_notebook\Fashion-Intelligence-System\A2_FashionDataset\FashionDataset\test\images_test\52948.jpg
52949,,,,,c:\Users\LEGION\Documents\jupyter_notebook\Fashion-Intelligence-System\A2_FashionDataset\FashionDataset\test\images_test\52949.jpg
52950,,,,,c:\Users\LEGION\Documents\jupyter_notebook\Fashion-Intelligence-System\A2_FashionDataset\FashionDataset\test\images_test\52950.jpg
52951,,,,,c:\Users\LEGION\Documents\jupyter_notebook\Fashion-Intelligence-System\A2_FashionDataset\FashionDataset\test\images_test\52951.jpg
52952,,,,,c:\Users\LEGION\Documents\jupyter_notebook\Fashion-Intelligence-System\A2_FashionDataset\FashionDataset\test\images_test\52952.jpg
52953,,,,,c:\Users\LEGION\Documents\jupyter_notebook\Fashion-Intelligence-System\A2_FashionDataset\FashionDataset\test\images_test\52953.jpg
52954,,,,,c:\Users\LEGION\Documents\jupyter_notebook\Fashion-Intelligence-System\A2_FashionDataset\FashionDataset\test\images_test\52954.jpg
52955,,,,,c:\Users\LEGION\Documents\jupyter_notebook\Fashion-Intelligence-System\A2_FashionDataset\FashionDataset\test\images_test\52955.jpg
52956,,,,,c:\Users\LEGION\Documents\jupyter_notebook\Fashion-Intelligence-System\A2_FashionDataset\FashionDataset\test\images_test\52956.jpg
52957,,,,,c:\Users\LEGION\Documents\jupyter_notebook\Fashion-Intelligence-System\A2_FashionDataset\FashionDataset\test\images_test\52957.jpg
52958,,,,,c:\Users\LEGION\Documents\jupyter_notebook\Fashion-Intelligence-System\A2_FashionDataset\FashionDataset\test\images_test\52958.jpg
52959,,,,,c:\Users\LEGION\Documents\jupyter_notebook\Fashion-Intelligence-System\A2_FashionDataset\FashionDataset\test\images_test\52959.jpg
52960,,,,,c:\Users\LEGION\Documents\jupyter_notebook\Fashion-Intelligence-System\A2_FashionDataset\FashionDataset\test\images_test\52960.jpg
52961,,,,,c:\Users\LEGION\Documents\jupyter_notebook\Fashion-Intelligence-System\A2_FashionDataset\FashionDataset\test\images_test\52961.jpg
52962,,,,,c:\Users\LEGION\Documents\jupyter_notebook\Fashion-Intelligence-System\A2_FashionDataset\FashionDataset\test\images_test\52962.jpg
52963,,,,,c:\Users\LEGION\Documents\jupyter_notebook\Fashion-Intelligence-System\A2_FashionDataset\FashionDataset\test\images_test\52963.jpg
52964,,,,,c:\Users\LEGION\Documents\jupyter_notebook\Fashion-Intelligence-System\A2_FashionDataset\FashionDataset\test\images_test\52964.jpg
52965,,,,,c:\Users\LEGION\Documents\jupyter_notebook\Fashion-Intelligence-System\A2_FashionDataset\FashionDataset\test\images_test\52965.jpg
52966,,,,,c:\Users\LEGION\Documents\jupyter_notebook\Fashion-Intelligence-System\A2_FashionDataset\FashionDataset\test\images_test\52966.jpg
52967,,,,,c:\Users\LEGION\Documents\jupyter_notebook\Fashion-Intelligence-System\A2_FashionDataset\FashionDataset\test\images_test\52967.jpg
52968,,,,,c:\Users\LEGION\Documents\jupyter_notebook\Fashion-Intelligence-System\A2_FashionDataset\FashionDataset\test\images_test\52968.jpg
52969,,,,,c:\Users\LEGION\Documents\jupyter_notebook\Fashion-Intelligence-System\A2_FashionDataset\FashionDataset\test\images_test\52969.jpg
52970,,,,,c:\Users\LEGION\Documents\jupyter_notebook\Fashion-Intelligence-System\A2_FashionDataset\FashionDataset\test\images_test\52970.jpg
52971,,,,,c:\Users\LEGION\Documents\jupyter_notebook\Fashion-Intelligence-System\A2_FashionDataset\FashionDataset\test\images_test\52971.jpg
52972,,,,,c:\Users\LEGION\Documents\jupyter_notebook\Fashion-Intelligence-System\A2_FashionDataset\FashionDataset\test\images_test\52972.jpg
52973,,,,,c:\Users\LEGION\Documents\jupyter_notebook\Fashion-Intelligence-System\A2_FashionDataset\FashionDataset\test\images_test\52973.jpg
52975,,,,,c:\Users\LEGION\Documents\jupyter_notebook\Fashion-Intelligence-System\A2_FashionDataset\FashionDataset\test\images_test\52975.jpg
52976,,,,,c:\Users\LEGION\Documents\jupyter_notebook\Fashion-Intelligence-System\A2_FashionDataset\FashionDataset\test\images_test\52976.jpg
52978,,,,,c:\Users\LEGION\Documents\jupyter_notebook\Fashion-Intelligence-System\A2_FashionDataset\FashionDataset\test\images_test\52978.jpg
52979,,,,,c:\Users\LEGION\Documents\jupyter_notebook\Fashion-Intelligence-System\A2_FashionDataset\FashionDataset\test\images_test\52979.jpg
52980,,,,,c:\Users\LEGION\Documents\jupyter_notebook\Fashion-Intelligence-System\A2_FashionDataset\FashionDataset\test\images_test\52980.jpg
52981,,,,,c:\Users\LEGION\Documents\jupyter_notebook\Fashion-Intelligence-System\A2_FashionDataset\FashionDataset\test\images_test\52981.jpg
52982,,,,,c:\Users\LEGION\Documents\jupyter_notebook\Fashion-Intelligence-System\A2_FashionDataset\FashionDataset\test\images_test\52982.jpg
52983,,,,,c:\Users\LEGION\Documents\jupyter_notebook\Fashion-Intelligence-System\A2_FashionDataset\FashionDataset\test\images_test\52983.jpg
52986,,,,,c:\Users\LEGION\Documents\jupyter_notebook\Fashion-Intelligence-System\A2_FashionDataset\FashionDataset\test\images_test\52986.jpg
52987,,,,,c:\Users\LEGION\Documents\jupyter_notebook\Fashion-Intelligence-System\A2_FashionDataset\FashionDataset\test\images_test\52987.jpg
52988,,,,,c:\Users\LEGION\Documents\jupyter_notebook\Fashion-Intelligence-System\A2_FashionDataset\FashionDataset\test\images_test\52988.jpg
52989,,,,,c:\Users\LEGION\Documents\jupyter_notebook\Fashion-Intelligence-System\A2_FashionDataset\FashionDataset\test\images_test\52989.jpg
52990,,,,,c:\Users\LEGION\Documents\jupyter_notebook\Fashion-Intelligence-System\A2_FashionDataset\FashionDataset\test\images_test\52990.jpg
52991,,,,,c:\Users\LEGION\Documents\jupyter_notebook\Fashion-Intelligence-System\A2_FashionDataset\FashionDataset\test\images_test\52991.jpg
52992,,,,,c:\Users\LEGION\Documents\jupyter_notebook\Fashion-Intelligence-System\A2_FashionDataset\FashionDataset\test\images_test\52992.jpg
52993,,,,,c:\Users\LEGION\Documents\jupyter_notebook\Fashion-Intelligence-System\A2_FashionDataset\FashionDataset\test\images_test\52993.jpg
52996,,,,,c:\Users\LEGION\Documents\jupyter_notebook\Fashion-Intelligence-System\A2_FashionDataset\FashionDataset\test\images_test\52996.jpg
52998,,,,,c:\Users\LEGION\Documents\jupyter_notebook\Fashion-Intelligence-System\A2_FashionDataset\FashionDataset\test\images_test\52998.jpg
52999,,,,,c:\Users\LEGION\Documents\jupyter_notebook\Fashion-Intelligence-System\A2_FashionDataset\FashionDataset\test\images_test\52999.jpg
53000,,,,,c:\Users\LEGION\Documents\jupyter_notebook\Fashion-Intelligence-System\A2_FashionDataset\FashionDataset\test\images_test\53000.jpg
53001,,,,,c:\Users\LEGION\Documents\jupyter_notebook\Fashion-Intelligence-System\A2_FashionDataset\FashionDataset\test\images_test\53001.jpg
53002,,,,,c:\Users\LEGION\Documents\jupyter_notebook\Fashion-Intelligence-System\A2_FashionDataset\FashionDataset\test\images_test\53002.jpg
53003,,,,,c:\Users\LEGION\Documents\jupyter_notebook\Fashion-Intelligence-System\A2_FashionDataset\FashionDataset\test\images_test\53003.jpg
53004,,,,,c:\Users\LEGION\Documents\jupyter_notebook\Fashion-Intelligence-System\A2_FashionDataset\FashionDataset\test\images_test\53004.jpg
53006,,,,,c:\Users\LEGION\Documents\jupyter_notebook\Fashion-Intelligence-System\A2_FashionDataset\FashionDataset\test\images_test\53006.jpg
53007,,,,,c:\Users\LEGION\Documents\jupyter_notebook\Fashion-Intelligence-System\A2_FashionDataset\FashionDataset\test\images_test\53007.jpg
53008,,,,,c:\Users\LEGION\Documents\jupyter_notebook\Fashion-Intelligence-System\A2_FashionDataset\FashionDataset\test\images_test\53008.jpg
53009,,,,,c:\Users\LEGION\Documents\jupyter_notebook\Fashion-Intelligence-System\A2_FashionDataset\FashionDataset\test\images_test\53009.jpg
53010,,,,,c:\Users\LEGION\Documents\jupyter_notebook\Fashion-Intelligence-System\A2_FashionDataset\FashionDataset\test\images_test\53010.jpg
53011,,,,,c:\Users\LEGION\Documents\jupyter_notebook\Fashion-Intelligence-System\A2_FashionDataset\FashionDataset\test\images_test\53011.jpg
53013,,,,,c:\Users\LEGION\Documents\jupyter_notebook\Fashion-Intelligence-System\A2_FashionDataset\FashionDataset\test\images_test\53013.jpg
53014,,,,,c:\Users\LEGION\Documents\jupyter_notebook\Fashion-Intelligence-System\A2_FashionDataset\FashionDataset\test\images_test\53014.jpg
53015,,,,,c:\Users\LEGION\Documents\jupyter_notebook\Fashion-Intelligence-System\A2_FashionDataset\FashionDataset\test\images_test\53015.jpg
53016,,,,,c:\Users\LEGION\Documents\jupyter_notebook\Fashion-Intelligence-System\A2_FashionDataset\FashionDataset\test\images_test\53016.jpg
53017,,,,,c:\Users\LEGION\Documents\jupyter_notebook\Fashion-Intelligence-System\A2_FashionDataset\FashionDataset\test\images_test\53017.jpg
53019,,,,,c:\Users\LEGION\Documents\jupyter_notebook\Fashion-Intelligence-System\A2_FashionDataset\FashionDataset\test\images_test\53019.jpg
53020,,,,,c:\Users\LEGION\Documents\jupyter_notebook\Fashion-Intelligence-System\A2_FashionDataset\FashionDataset\test\images_test\53020.jpg
53021,,,,,c:\Users\LEGION\Documents\jupyter_notebook\Fashion-Intelligence-System\A2_FashionDataset\FashionDataset\test\images_test\53021.jpg
53023,,,,,c:\Users\LEGION\Documents\jupyter_notebook\Fashion-Intelligence-System\A2_FashionDataset\FashionDataset\test\images_test\53023.jpg
53024,,,,,c:\Users\LEGION\Documents\jupyter_notebook\Fashion-Intelligence-System\A2_FashionDataset\FashionDataset\test\images_test\53024.jpg
53025,,,,,c:\Users\LEGION\Documents\jupyter_notebook\Fashion-Intelligence-System\A2_FashionDataset\FashionDataset\test\images_test\53025.jpg
53026,,,,,c:\Users\LEGION\Documents\jupyter_notebook\Fashion-Intelligence-System\A2_FashionDataset\FashionDataset\test\images_test\53026.jpg
53027,,,,,c:\Users\LEGION\Documents\jupyter_notebook\Fashion-Intelligence-System\A2_FashionDataset\FashionDataset\test\images_test\53027.jpg
53029,,,,,c:\Users\LEGION\Documents\jupyter_notebook\Fashion-Intelligence-System\A2_FashionDataset\FashionDataset\test\images_test\53029.jpg
53030,,,,,c:\Users\LEGION\Documents\jupyter_notebook\Fashion-Intelligence-System\A2_FashionDataset\FashionDataset\test\images_test\53030.jpg
53031,,,,,c:\Users\LEGION\Documents\jupyter_notebook\Fashion-Intelligence-System\A2_FashionDataset\FashionDataset\test\images_test\53031.jpg
53032,,,,,c:\Users\LEGION\Documents\jupyter_notebook\Fashion-Intelligence-System\A2_FashionDataset\FashionDataset\test\images_test\53032.jpg
53033,,,,,c:\Users\LEGION\Documents\jupyter_notebook\Fashion-Intelligence-System\A2_FashionDataset\FashionDataset\test\images_test\53033.jpg
53034,,,,,c:\Users\LEGION\Documents\jupyter_notebook\Fashion-Intelligence-System\A2_FashionDataset\FashionDataset\test\images_test\53034.jpg
53035,,,,,c:\Users\LEGION\Documents\jupyter_notebook\Fashion-Intelligence-System\A2_FashionDataset\FashionDataset\test\images_test\53035.jpg
53036,,,,,c:\Users\LEGION\Documents\jupyter_notebook\Fashion-Intelligence-System\A2_FashionDataset\FashionDataset\test\images_test\53036.jpg
53037,,,,,c:\Users\LEGION\Documents\jupyter_notebook\Fashion-Intelligence-System\A2_FashionDataset\FashionDataset\test\images_test\53037.jpg
53038,,,,,c:\Users\LEGION\Documents\jupyter_notebook\Fashion-Intelligence-System\A2_FashionDataset\FashionDataset\test\images_test\53038.jpg
53039,,,,,c:\Users\LEGION\Documents\jupyter_notebook\Fashion-Intelligence-System\A2_FashionDataset\FashionDataset\test\images_test\53039.jpg
53040,,,,,c:\Users\LEGION\Documents\jupyter_notebook\Fashion-Intelligence-System\A2_FashionDataset\FashionDataset\test\images_test\53040.jpg
53041,,,,,c:\Users\LEGION\Documents\jupyter_notebook\Fashion-Intelligence-System\A2_FashionDataset\FashionDataset\test\images_test\53041.jpg
53042,,,,,c:\Users\LEGION\Documents\jupyter_notebook\Fashion-Intelligence-System\A2_FashionDataset\FashionDataset\test\images_test\53042.jpg
53043,,,,,c:\Users\LEGION\Documents\jupyter_notebook\Fashion-Intelligence-System\A2_FashionDataset\FashionDataset\test\images_test\53043.jpg
53044,,,,,c:\Users\LEGION\Documents\jupyter_notebook\Fashion-Intelligence-System\A2_FashionDataset\FashionDataset\test\images_test\53044.jpg
53045,,,,,c:\Users\LEGION\Documents\jupyter_notebook\Fashion-Intelligence-System\A2_FashionDataset\FashionDataset\test\images_test\53045.jpg
53046,,,,,c:\Users\LEGION\Documents\jupyter_notebook\Fashion-Intelligence-System\A2_FashionDataset\FashionDataset\test\images_test\53046.jpg
53047,,,,,c:\Users\LEGION\Documents\jupyter_notebook\Fashion-Intelligence-System\A2_FashionDataset\FashionDataset\test\images_test\53047.jpg
53048,,,,,c:\Users\LEGION\Documents\jupyter_notebook\Fashion-Intelligence-System\A2_FashionDataset\FashionDataset\test\images_test\53048.jpg
53049,,,,,c:\Users\LEGION\Documents\jupyter_notebook\Fashion-Intelligence-System\A2_FashionDataset\FashionDataset\test\images_test\53049.jpg
53050,,,,,c:\Users\LEGION\Documents\jupyter_notebook\Fashion-Intelligence-System\A2_FashionDataset\FashionDataset\test\images_test\53050.jpg
53051,,,,,c:\Users\LEGION\Documents\jupyter_notebook\Fashion-Intelligence-System\A2_FashionDataset\FashionDataset\test\images_test\53051.jpg
53052,,,,,c:\Users\LEGION\Documents\jupyter_notebook\Fashion-Intelligence-System\A2_FashionDataset\FashionDataset\test\images_test\53052.jpg
53053,,,,,c:\Users\LEGION\Documents\jupyter_notebook\Fashion-Intelligence-System\A2_FashionDataset\FashionDataset\test\images_test\53053.jpg
53054,,,,,c:\Users\LEGION\Documents\jupyter_notebook\Fashion-Intelligence-System\A2_FashionDataset\FashionDataset\test\images_test\53054.jpg
53055,,,,,c:\Users\LEGION\Documents\jupyter_notebook\Fashion-Intelligence-System\A2_FashionDataset\FashionDataset\test\images_test\53055.jpg
53056,,,,,c:\Users\LEGION\Documents\jupyter_notebook\Fashion-Intelligence-System\A2_FashionDataset\FashionDataset\test\images_test\53056.jpg
53057,,,,,c:\Users\LEGION\Documents\jupyter_notebook\Fashion-Intelligence-System\A2_FashionDataset\FashionDataset\test\images_test\53057.jpg
53058,,,,,c:\Users\LEGION\Documents\jupyter_notebook\Fashion-Intelligence-System\A2_FashionDataset\FashionDataset\test\images_test\53058.jpg
53059,,,,,c:\Users\LEGION\Documents\jupyter_notebook\Fashion-Intelligence-System\A2_FashionDataset\FashionDataset\test\images_test\53059.jpg
53060,,,,,c:\Users\LEGION\Documents\jupyter_notebook\Fashion-Intelligence-System\A2_FashionDataset\FashionDataset\test\images_test\53060.jpg
53061,,,,,c:\Users\LEGION\Documents\jupyter_notebook\Fashion-Intelligence-System\A2_FashionDataset\FashionDataset\test\images_test\53061.jpg
53062,,,,,c:\Users\LEGION\Documents\jupyter_notebook\Fashion-Intelligence-System\A2_FashionDataset\FashionDataset\test\images_test\53062.jpg
53063,,,,,c:\Users\LEGION\Documents\jupyter_notebook\Fashion-Intelligence-System\A2_FashionDataset\FashionDataset\test\images_test\53063.jpg
53064,,,,,c:\Users\LEGION\Documents\jupyter_notebook\Fashion-Intelligence-System\A2_FashionDataset\FashionDataset\test\images_test\53064.jpg
53065,,,,,c:\Users\LEGION\Documents\jupyter_notebook\Fashion-Intelligence-System\A2_FashionDataset\FashionDataset\test\images_test\53065.jpg
53066,,,,,c:\Users\LEGION\Documents\jupyter_notebook\Fashion-Intelligence-System\A2_FashionDataset\FashionDataset\test\images_test\53066.jpg
53067,,,,,c:\Users\LEGION\Documents\jupyter_notebook\Fashion-Intelligence-System\A2_FashionDataset\FashionDataset\test\images_test\53067.jpg
53068,,,,,c:\Users\LEGION\Documents\jupyter_notebook\Fashion-Intelligence-System\A2_FashionDataset\FashionDataset\test\images_test\53068.jpg
53069,,,,,c:\Users\LEGION\Documents\jupyter_notebook\Fashion-Intelligence-System\A2_FashionDataset\FashionDataset\test\images_test\53069.jpg
53070,,,,,c:\Users\LEGION\Documents\jupyter_notebook\Fashion-Intelligence-System\A2_FashionDataset\FashionDataset\test\images_test\53070.jpg
53071,,,,,c:\Users\LEGION\Documents\jupyter_notebook\Fashion-Intelligence-System\A2_FashionDataset\FashionDataset\test\images_test\53071.jpg
53072,,,,,c:\Users\LEGION\Documents\jupyter_notebook\Fashion-Intelligence-System\A2_FashionDataset\FashionDataset\test\images_test\53072.jpg
53073,,,,,c:\Users\LEGION\Documents\jupyter_notebook\Fashion-Intelligence-System\A2_FashionDataset\FashionDataset\test\images_test\53073.jpg
53075,,,,,c:\Users\LEGION\Documents\jupyter_notebook\Fashion-Intelligence-System\A2_FashionDataset\FashionDataset\test\images_test\53075.jpg
53076,,,,,c:\Users\LEGION\Documents\jupyter_notebook\Fashion-Intelligence-System\A2_FashionDataset\FashionDataset\test\images_test\53076.jpg
53077,,,,,c:\Users\LEGION\Documents\jupyter_notebook\Fashion-Intelligence-System\A2_FashionDataset\FashionDataset\test\images_test\53077.jpg
53078,,,,,c:\Users\LEGION\Documents\jupyter_notebook\Fashion-Intelligence-System\A2_FashionDataset\FashionDataset\test\images_test\53078.jpg
53079,,,,,c:\Users\LEGION\Documents\jupyter_notebook\Fashion-Intelligence-System\A2_FashionDataset\FashionDataset\test\images_test\53079.jpg
53080,,,,,c:\Users\LEGION\Documents\jupyter_notebook\Fashion-Intelligence-System\A2_FashionDataset\FashionDataset\test\images_test\53080.jpg
53081,,,,,c:\Users\LEGION\Documents\jupyter_notebook\Fashion-Intelligence-System\A2_FashionDataset\FashionDataset\test\images_test\53081.jpg
53082,,,,,c:\Users\LEGION\Documents\jupyter_notebook\Fashion-Intelligence-System\A2_FashionDataset\FashionDataset\test\images_test\53082.jpg
53083,,,,,c:\Users\LEGION\Documents\jupyter_notebook\Fashion-Intelligence-System\A2_FashionDataset\FashionDataset\test\images_test\53083.jpg
53084,,,,,c:\Users\LEGION\Documents\jupyter_notebook\Fashion-Intelligence-System\A2_FashionDataset\FashionDataset\test\images_test\53084.jpg
53085,,,,,c:\Users\LEGION\Documents\jupyter_notebook\Fashion-Intelligence-System\A2_FashionDataset\FashionDataset\test\images_test\53085.jpg
53086,,,,,c:\Users\LEGION\Documents\jupyter_notebook\Fashion-Intelligence-System\A2_FashionDataset\FashionDataset\test\images_test\53086.jpg
53087,,,,,c:\Users\LEGION\Documents\jupyter_notebook\Fashion-Intelligence-System\A2_FashionDataset\FashionDataset\test\images_test\53087.jpg
53088,,,,,c:\Users\LEGION\Documents\jupyter_notebook\Fashion-Intelligence-System\A2_FashionDataset\FashionDataset\test\images_test\53088.jpg
53089,,,,,c:\Users\LEGION\Documents\jupyter_notebook\Fashion-Intelligence-System\A2_FashionDataset\FashionDataset\test\images_test\53089.jpg
53090,,,,,c:\Users\LEGION\Documents\jupyter_notebook\Fashion-Intelligence-System\A2_FashionDataset\FashionDataset\test\images_test\53090.jpg
53091,,,,,c:\Users\LEGION\Documents\jupyter_notebook\Fashion-Intelligence-System\A2_FashionDataset\FashionDataset\test\images_test\53091.jpg
53092,,,,,c:\Users\LEGION\Documents\jupyter_notebook\Fashion-Intelligence-System\A2_FashionDataset\FashionDataset\test\images_test\53092.jpg
53093,,,,,c:\Users\LEGION\Documents\jupyter_notebook\Fashion-Intelligence-System\A2_FashionDataset\FashionDataset\test\images_test\53093.jpg
53094,,,,,c:\Users\LEGION\Documents\jupyter_notebook\Fashion-Intelligence-System\A2_FashionDataset\FashionDataset\test\images_test\53094.jpg
53095,,,,,c:\Users\LEGION\Documents\jupyter_notebook\Fashion-Intelligence-System\A2_FashionDataset\FashionDataset\test\images_test\53095.jpg
53096,,,,,c:\Users\LEGION\Documents\jupyter_notebook\Fashion-Intelligence-System\A2_FashionDataset\FashionDataset\test\images_test\53096.jpg
53097,,,,,c:\Users\LEGION\Documents\jupyter_notebook\Fashion-Intelligence-System\A2_FashionDataset\FashionDataset\test\images_test\53097.jpg
53098,,,,,c:\Users\LEGION\Documents\jupyter_notebook\Fashion-Intelligence-System\A2_FashionDataset\FashionDataset\test\images_test\53098.jpg
53099,,,,,c:\Users\LEGION\Documents\jupyter_notebook\Fashion-Intelligence-System\A2_FashionDataset\FashionDataset\test\images_test\53099.jpg
53100,,,,,c:\Users\LEGION\Documents\jupyter_notebook\Fashion-Intelligence-System\A2_FashionDataset\FashionDataset\test\images_test\53100.jpg
53101,,,,,c:\Users\LEGION\Documents\jupyter_notebook\Fashion-Intelligence-System\A2_FashionDataset\FashionDataset\test\images_test\53101.jpg
53102,,,,,c:\Users\LEGION\Documents\jupyter_notebook\Fashion-Intelligence-System\A2_FashionDataset\FashionDataset\test\images_test\53102.jpg
53103,,,,,c:\Users\LEGION\Documents\jupyter_notebook\Fashion-Intelligence-System\A2_FashionDataset\FashionDataset\test\images_test\53103.jpg
53104,,,,,c:\Users\LEGION\Documents\jupyter_notebook\Fashion-Intelligence-System\A2_FashionDataset\FashionDataset\test\images_test\53104.jpg
53105,,,,,c:\Users\LEGION\Documents\jupyter_notebook\Fashion-Intelligence-System\A2_FashionDataset\FashionDataset\test\images_test\53105.jpg
53106,,,,,c:\Users\LEGION\Documents\jupyter_notebook\Fashion-Intelligence-System\A2_FashionDataset\FashionDataset\test\images_test\53106.jpg
53107,,,,,c:\Users\LEGION\Documents\jupyter_notebook\Fashion-Intelligence-System\A2_FashionDataset\FashionDataset\test\images_test\53107.jpg
53108,,,,,c:\Users\LEGION\Documents\jupyter_notebook\Fashion-Intelligence-System\A2_FashionDataset\FashionDataset\test\images_test\53108.jpg
53109,,,,,c:\Users\LEGION\Documents\jupyter_notebook\Fashion-Intelligence-System\A2_FashionDataset\FashionDataset\test\images_test\53109.jpg
53110,,,,,c:\Users\LEGION\Documents\jupyter_notebook\Fashion-Intelligence-System\A2_FashionDataset\FashionDataset\test\images_test\53110.jpg
53111,,,,,c:\Users\LEGION\Documents\jupyter_notebook\Fashion-Intelligence-System\A2_FashionDataset\FashionDataset\test\images_test\53111.jpg
53112,,,,,c:\Users\LEGION\Documents\jupyter_notebook\Fashion-Intelligence-System\A2_FashionDataset\FashionDataset\test\images_test\53112.jpg
53113,,,,,c:\Users\LEGION\Documents\jupyter_notebook\Fashion-Intelligence-System\A2_FashionDataset\FashionDataset\test\images_test\53113.jpg
53114,,,,,c:\Users\LEGION\Documents\jupyter_notebook\Fashion-Intelligence-System\A2_FashionDataset\FashionDataset\test\images_test\53114.jpg
53115,,,,,c:\Users\LEGION\Documents\jupyter_notebook\Fashion-Intelligence-System\A2_FashionDataset\FashionDataset\test\images_test\53115.jpg
53116,,,,,c:\Users\LEGION\Documents\jupyter_notebook\Fashion-Intelligence-System\A2_FashionDataset\FashionDataset\test\images_test\53116.jpg
53117,,,,,c:\Users\LEGION\Documents\jupyter_notebook\Fashion-Intelligence-System\A2_FashionDataset\FashionDataset\test\images_test\53117.jpg
53118,,,,,c:\Users\LEGION\Documents\jupyter_notebook\Fashion-Intelligence-System\A2_FashionDataset\FashionDataset\test\images_test\53118.jpg
53119,,,,,c:\Users\LEGION\Documents\jupyter_notebook\Fashion-Intelligence-System\A2_FashionDataset\FashionDataset\test\images_test\53119.jpg
53120,,,,,c:\Users\LEGION\Documents\jupyter_notebook\Fashion-Intelligence-System\A2_FashionDataset\FashionDataset\test\images_test\53120.jpg
53121,,,,,c:\Users\LEGION\Documents\jupyter_notebook\Fashion-Intelligence-System\A2_FashionDataset\FashionDataset\test\images_test\53121.jpg
53122,,,,,c:\Users\LEGION\Documents\jupyter_notebook\Fashion-Intelligence-System\A2_FashionDataset\FashionDataset\test\images_test\53122.jpg
53123,,,,,c:\Users\LEGION\Documents\jupyter_notebook\Fashion-Intelligence-System\A2_FashionDataset\FashionDataset\test\images_test\53123.jpg
53124,,,,,c:\Users\LEGION\Documents\jupyter_notebook\Fashion-Intelligence-System\A2_FashionDataset\FashionDataset\test\images_test\53124.jpg
53125,,,,,c:\Users\LEGION\Documents\jupyter_notebook\Fashion-Intelligence-System\A2_FashionDataset\FashionDataset\test\images_test\53125.jpg
53126,,,,,c:\Users\LEGION\Documents\jupyter_notebook\Fashion-Intelligence-System\A2_FashionDataset\FashionDataset\test\images_test\53126.jpg
53127,,,,,c:\Users\LEGION\Documents\jupyter_notebook\Fashion-Intelligence-System\A2_FashionDataset\FashionDataset\test\images_test\53127.jpg
53128,,,,,c:\Users\LEGION\Documents\jupyter_notebook\Fashion-Intelligence-System\A2_FashionDataset\FashionDataset\test\images_test\53128.jpg
53129,,,,,c:\Users\LEGION\Documents\jupyter_notebook\Fashion-Intelligence-System\A2_FashionDataset\FashionDataset\test\images_test\53129.jpg
53130,,,,,c:\Users\LEGION\Documents\jupyter_notebook\Fashion-Intelligence-System\A2_FashionDataset\FashionDataset\test\images_test\53130.jpg
53131,,,,,c:\Users\LEGION\Documents\jupyter_notebook\Fashion-Intelligence-System\A2_FashionDataset\FashionDataset\test\images_test\53131.jpg
53132,,,,,c:\Users\LEGION\Documents\jupyter_notebook\Fashion-Intelligence-System\A2_FashionDataset\FashionDataset\test\images_test\53132.jpg
53133,,,,,c:\Users\LEGION\Documents\jupyter_notebook\Fashion-Intelligence-System\A2_FashionDataset\FashionDataset\test\images_test\53133.jpg
53134,,,,,c:\Users\LEGION\Documents\jupyter_notebook\Fashion-Intelligence-System\A2_FashionDataset\FashionDataset\test\images_test\53134.jpg
53135,,,,,c:\Users\LEGION\Documents\jupyter_notebook\Fashion-Intelligence-System\A2_FashionDataset\FashionDataset\test\images_test\53135.jpg
53136,,,,,c:\Users\LEGION\Documents\jupyter_notebook\Fashion-Intelligence-System\A2_FashionDataset\FashionDataset\test\images_test\53136.jpg
53137,,,,,c:\Users\LEGION\Documents\jupyter_notebook\Fashion-Intelligence-System\A2_FashionDataset\FashionDataset\test\images_test\53137.jpg
53138,,,,,c:\Users\LEGION\Documents\jupyter_notebook\Fashion-Intelligence-System\A2_FashionDataset\FashionDataset\test\images_test\53138.jpg
53139,,,,,c:\Users\LEGION\Documents\jupyter_notebook\Fashion-Intelligence-System\A2_FashionDataset\FashionDataset\test\images_test\53139.jpg
53140,,,,,c:\Users\LEGION\Documents\jupyter_notebook\Fashion-Intelligence-System\A2_FashionDataset\FashionDataset\test\images_test\53140.jpg
53141,,,,,c:\Users\LEGION\Documents\jupyter_notebook\Fashion-Intelligence-System\A2_FashionDataset\FashionDataset\test\images_test\53141.jpg
53142,,,,,c:\Users\LEGION\Documents\jupyter_notebook\Fashion-Intelligence-System\A2_FashionDataset\FashionDataset\test\images_test\53142.jpg
53143,,,,,c:\Users\LEGION\Documents\jupyter_notebook\Fashion-Intelligence-System\A2_FashionDataset\FashionDataset\test\images_test\53143.jpg
53144,,,,,c:\Users\LEGION\Documents\jupyter_notebook\Fashion-Intelligence-System\A2_FashionDataset\FashionDataset\test\images_test\53144.jpg
53145,,,,,c:\Users\LEGION\Documents\jupyter_notebook\Fashion-Intelligence-System\A2_FashionDataset\FashionDataset\test\images_test\53145.jpg
53146,,,,,c:\Users\LEGION\Documents\jupyter_notebook\Fashion-Intelligence-System\A2_FashionDataset\FashionDataset\test\images_test\53146.jpg
53147,,,,,c:\Users\LEGION\Documents\jupyter_notebook\Fashion-Intelligence-System\A2_FashionDataset\FashionDataset\test\images_test\53147.jpg
53148,,,,,c:\Users\LEGION\Documents\jupyter_notebook\Fashion-Intelligence-System\A2_FashionDataset\FashionDataset\test\images_test\53148.jpg
53149,,,,,c:\Users\LEGION\Documents\jupyter_notebook\Fashion-Intelligence-System\A2_FashionDataset\FashionDataset\test\images_test\53149.jpg
53150,,,,,c:\Users\LEGION\Documents\jupyter_notebook\Fashion-Intelligence-System\A2_FashionDataset\FashionDataset\test\images_test\53150.jpg
53152,,,,,c:\Users\LEGION\Documents\jupyter_notebook\Fashion-Intelligence-System\A2_FashionDataset\FashionDataset\test\images_test\53152.jpg
53159,,,,,c:\Users\LEGION\Documents\jupyter_notebook\Fashion-Intelligence-System\A2_FashionDataset\FashionDataset\test\images_test\53159.jpg
53211,,,,,c:\Users\LEGION\Documents\jupyter_notebook\Fashion-Intelligence-System\A2_FashionDataset\FashionDataset\test\images_test\53211.jpg
53215,,,,,c:\Users\LEGION\Documents\jupyter_notebook\Fashion-Intelligence-System\A2_FashionDataset\FashionDataset\test\images_test\53215.jpg
53226,,,,,c:\Users\LEGION\Documents\jupyter_notebook\Fashion-Intelligence-System\A2_FashionDataset\FashionDataset\test\images_test\53226.jpg
53228,,,,,c:\Users\LEGION\Documents\jupyter_notebook\Fashion-Intelligence-System\A2_FashionDataset\FashionDataset\test\images_test\53228.jpg
53248,,,,,c:\Users\LEGION\Documents\jupyter_notebook\Fashion-Intelligence-System\A2_FashionDataset\FashionDataset\test\images_test\53248.jpg
53252,,,,,c:\Users\LEGION\Documents\jupyter_notebook\Fashion-Intelligence-System\A2_FashionDataset\FashionDataset\test\images_test\53252.jpg
53264,,,,,c:\Users\LEGION\Documents\jupyter_notebook\Fashion-Intelligence-System\A2_FashionDataset\FashionDataset\test\images_test\53264.jpg
53269,,,,,c:\Users\LEGION\Documents\jupyter_notebook\Fashion-Intelligence-System\A2_FashionDataset\FashionDataset\test\images_test\53269.jpg
53278,,,,,c:\Users\LEGION\Documents\jupyter_notebook\Fashion-Intelligence-System\A2_FashionDataset\FashionDataset\test\images_test\53278.jpg
53282,,,,,c:\Users\LEGION\Documents\jupyter_notebook\Fashion-Intelligence-System\A2_FashionDataset\FashionDataset\test\images_test\53282.jpg
53286,,,,,c:\Users\LEGION\Documents\jupyter_notebook\Fashion-Intelligence-System\A2_FashionDataset\FashionDataset\test\images_test\53286.jpg
53287,,,,,c:\Users\LEGION\Documents\jupyter_notebook\Fashion-Intelligence-System\A2_FashionDataset\FashionDataset\test\images_test\53287.jpg
53296,,,,,c:\Users\LEGION\Documents\jupyter_notebook\Fashion-Intelligence-System\A2_FashionDataset\FashionDataset\test\images_test\53296.jpg
53303,,,,,c:\Users\LEGION\Documents\jupyter_notebook\Fashion-Intelligence-System\A2_FashionDataset\FashionDataset\test\images_test\53303.jpg
53307,,,,,c:\Users\LEGION\Documents\jupyter_notebook\Fashion-Intelligence-System\A2_FashionDataset\FashionDataset\test\images_test\53307.jpg
53312,,,,,c:\Users\LEGION\Documents\jupyter_notebook\Fashion-Intelligence-System\A2_FashionDataset\FashionDataset\test\images_test\53312.jpg
53313,,,,,c:\Users\LEGION\Documents\jupyter_notebook\Fashion-Intelligence-System\A2_FashionDataset\FashionDataset\test\images_test\53313.jpg
53314,,,,,c:\Users\LEGION\Documents\jupyter_notebook\Fashion-Intelligence-System\A2_FashionDataset\FashionDataset\test\images_test\53314.jpg
53318,,,,,c:\Users\LEGION\Documents\jupyter_notebook\Fashion-Intelligence-System\A2_FashionDataset\FashionDataset\test\images_test\53318.jpg
53319,,,,,c:\Users\LEGION\Documents\jupyter_notebook\Fashion-Intelligence-System\A2_FashionDataset\FashionDataset\test\images_test\53319.jpg
53328,,,,,c:\Users\LEGION\Documents\jupyter_notebook\Fashion-Intelligence-System\A2_FashionDataset\FashionDataset\test\images_test\53328.jpg
53329,,,,,c:\Users\LEGION\Documents\jupyter_notebook\Fashion-Intelligence-System\A2_FashionDataset\FashionDataset\test\images_test\53329.jpg
53332,,,,,c:\Users\LEGION\Documents\jupyter_notebook\Fashion-Intelligence-System\A2_FashionDataset\FashionDataset\test\images_test\53332.jpg
53338,,,,,c:\Users\LEGION\Documents\jupyter_notebook\Fashion-Intelligence-System\A2_FashionDataset\FashionDataset\test\images_test\53338.jpg
53345,,,,,c:\Users\LEGION\Documents\jupyter_notebook\Fashion-Intelligence-System\A2_FashionDataset\FashionDataset\test\images_test\53345.jpg
53348,,,,,c:\Users\LEGION\Documents\jupyter_notebook\Fashion-Intelligence-System\A2_FashionDataset\FashionDataset\test\images_test\53348.jpg
53357,,,,,c:\Users\LEGION\Documents\jupyter_notebook\Fashion-Intelligence-System\A2_FashionDataset\FashionDataset\test\images_test\53357.jpg
53358,,,,,c:\Users\LEGION\Documents\jupyter_notebook\Fashion-Intelligence-System\A2_FashionDataset\FashionDataset\test\images_test\53358.jpg
53360,,,,,c:\Users\LEGION\Documents\jupyter_notebook\Fashion-Intelligence-System\A2_FashionDataset\FashionDataset\test\images_test\53360.jpg
53361,,,,,c:\Users\LEGION\Documents\jupyter_notebook\Fashion-Intelligence-System\A2_FashionDataset\FashionDataset\test\images_test\53361.jpg
53362,,,,,c:\Users\LEGION\Documents\jupyter_notebook\Fashion-Intelligence-System\A2_FashionDataset\FashionDataset\test\images_test\53362.jpg
53363,,,,,c:\Users\LEGION\Documents\jupyter_notebook\Fashion-Intelligence-System\A2_FashionDataset\FashionDataset\test\images_test\53363.jpg
53364,,,,,c:\Users\LEGION\Documents\jupyter_notebook\Fashion-Intelligence-System\A2_FashionDataset\FashionDataset\test\images_test\53364.jpg
53365,,,,,c:\Users\LEGION\Documents\jupyter_notebook\Fashion-Intelligence-System\A2_FashionDataset\FashionDataset\test\images_test\53365.jpg
53366,,,,,c:\Users\LEGION\Documents\jupyter_notebook\Fashion-Intelligence-System\A2_FashionDataset\FashionDataset\test\images_test\53366.jpg
53367,,,,,c:\Users\LEGION\Documents\jupyter_notebook\Fashion-Intelligence-System\A2_FashionDataset\FashionDataset\test\images_test\53367.jpg
53368,,,,,c:\Users\LEGION\Documents\jupyter_notebook\Fashion-Intelligence-System\A2_FashionDataset\FashionDataset\test\images_test\53368.jpg
53369,,,,,c:\Users\LEGION\Documents\jupyter_notebook\Fashion-Intelligence-System\A2_FashionDataset\FashionDataset\test\images_test\53369.jpg
53370,,,,,c:\Users\LEGION\Documents\jupyter_notebook\Fashion-Intelligence-System\A2_FashionDataset\FashionDataset\test\images_test\53370.jpg
53371,,,,,c:\Users\LEGION\Documents\jupyter_notebook\Fashion-Intelligence-System\A2_FashionDataset\FashionDataset\test\images_test\53371.jpg
53372,,,,,c:\Users\LEGION\Documents\jupyter_notebook\Fashion-Intelligence-System\A2_FashionDataset\FashionDataset\test\images_test\53372.jpg
53373,,,,,c:\Users\LEGION\Documents\jupyter_notebook\Fashion-Intelligence-System\A2_FashionDataset\FashionDataset\test\images_test\53373.jpg
53374,,,,,c:\Users\LEGION\Documents\jupyter_notebook\Fashion-Intelligence-System\A2_FashionDataset\FashionDataset\test\images_test\53374.jpg
53376,,,,,c:\Users\LEGION\Documents\jupyter_notebook\Fashion-Intelligence-System\A2_FashionDataset\FashionDataset\test\images_test\53376.jpg
53377,,,,,c:\Users\LEGION\Documents\jupyter_notebook\Fashion-Intelligence-System\A2_FashionDataset\FashionDataset\test\images_test\53377.jpg
53378,,,,,c:\Users\LEGION\Documents\jupyter_notebook\Fashion-Intelligence-System\A2_FashionDataset\FashionDataset\test\images_test\53378.jpg
53379,,,,,c:\Users\LEGION\Documents\jupyter_notebook\Fashion-Intelligence-System\A2_FashionDataset\FashionDataset\test\images_test\53379.jpg
53380,,,,,c:\Users\LEGION\Documents\jupyter_notebook\Fashion-Intelligence-System\A2_FashionDataset\FashionDataset\test\images_test\53380.jpg
53381,,,,,c:\Users\LEGION\Documents\jupyter_notebook\Fashion-Intelligence-System\A2_FashionDataset\FashionDataset\test\images_test\53381.jpg
53382,,,,,c:\Users\LEGION\Documents\jupyter_notebook\Fashion-Intelligence-System\A2_FashionDataset\FashionDataset\test\images_test\53382.jpg
53383,,,,,c:\Users\LEGION\Documents\jupyter_notebook\Fashion-Intelligence-System\A2_FashionDataset\FashionDataset\test\images_test\53383.jpg
53384,,,,,c:\Users\LEGION\Documents\jupyter_notebook\Fashion-Intelligence-System\A2_FashionDataset\FashionDataset\test\images_test\53384.jpg
53386,,,,,c:\Users\LEGION\Documents\jupyter_notebook\Fashion-Intelligence-System\A2_FashionDataset\FashionDataset\test\images_test\53386.jpg
53387,,,,,c:\Users\LEGION\Documents\jupyter_notebook\Fashion-Intelligence-System\A2_FashionDataset\FashionDataset\test\images_test\53387.jpg
53388,,,,,c:\Users\LEGION\Documents\jupyter_notebook\Fashion-Intelligence-System\A2_FashionDataset\FashionDataset\test\images_test\53388.jpg
53389,,,,,c:\Users\LEGION\Documents\jupyter_notebook\Fashion-Intelligence-System\A2_FashionDataset\FashionDataset\test\images_test\53389.jpg
53390,,,,,c:\Users\LEGION\Documents\jupyter_notebook\Fashion-Intelligence-System\A2_FashionDataset\FashionDataset\test\images_test\53390.jpg
53391,,,,,c:\Users\LEGION\Documents\jupyter_notebook\Fashion-Intelligence-System\A2_FashionDataset\FashionDataset\test\images_test\53391.jpg
53392,,,,,c:\Users\LEGION\Documents\jupyter_notebook\Fashion-Intelligence-System\A2_FashionDataset\FashionDataset\test\images_test\53392.jpg
53393,,,,,c:\Users\LEGION\Documents\jupyter_notebook\Fashion-Intelligence-System\A2_FashionDataset\FashionDataset\test\images_test\53393.jpg
53394,,,,,c:\Users\LEGION\Documents\jupyter_notebook\Fashion-Intelligence-System\A2_FashionDataset\FashionDataset\test\images_test\53394.jpg
53395,,,,,c:\Users\LEGION\Documents\jupyter_notebook\Fashion-Intelligence-System\A2_FashionDataset\FashionDataset\test\images_test\53395.jpg
53396,,,,,c:\Users\LEGION\Documents\jupyter_notebook\Fashion-Intelligence-System\A2_FashionDataset\FashionDataset\test\images_test\53396.jpg
53397,,,,,c:\Users\LEGION\Documents\jupyter_notebook\Fashion-Intelligence-System\A2_FashionDataset\FashionDataset\test\images_test\53397.jpg
53398,,,,,c:\Users\LEGION\Documents\jupyter_notebook\Fashion-Intelligence-System\A2_FashionDataset\FashionDataset\test\images_test\53398.jpg
53399,,,,,c:\Users\LEGION\Documents\jupyter_notebook\Fashion-Intelligence-System\A2_FashionDataset\FashionDataset\test\images_test\53399.jpg
53401,,,,,c:\Users\LEGION\Documents\jupyter_notebook\Fashion-Intelligence-System\A2_FashionDataset\FashionDataset\test\images_test\53401.jpg
53402,,,,,c:\Users\LEGION\Documents\jupyter_notebook\Fashion-Intelligence-System\A2_FashionDataset\FashionDataset\test\images_test\53402.jpg
53403,,,,,c:\Users\LEGION\Documents\jupyter_notebook\Fashion-Intelligence-System\A2_FashionDataset\FashionDataset\test\images_test\53403.jpg
53404,,,,,c:\Users\LEGION\Documents\jupyter_notebook\Fashion-Intelligence-System\A2_FashionDataset\FashionDataset\test\images_test\53404.jpg
53405,,,,,c:\Users\LEGION\Documents\jupyter_notebook\Fashion-Intelligence-System\A2_FashionDataset\FashionDataset\test\images_test\53405.jpg
53406,,,,,c:\Users\LEGION\Documents\jupyter_notebook\Fashion-Intelligence-System\A2_FashionDataset\FashionDataset\test\images_test\53406.jpg
53408,,,,,c:\Users\LEGION\Documents\jupyter_notebook\Fashion-Intelligence-System\A2_FashionDataset\FashionDataset\test\images_test\53408.jpg
53409,,,,,c:\Users\LEGION\Documents\jupyter_notebook\Fashion-Intelligence-System\A2_FashionDataset\FashionDataset\test\images_test\53409.jpg
53410,,,,,c:\Users\LEGION\Documents\jupyter_notebook\Fashion-Intelligence-System\A2_FashionDataset\FashionDataset\test\images_test\53410.jpg
53411,,,,,c:\Users\LEGION\Documents\jupyter_notebook\Fashion-Intelligence-System\A2_FashionDataset\FashionDataset\test\images_test\53411.jpg
53412,,,,,c:\Users\LEGION\Documents\jupyter_notebook\Fashion-Intelligence-System\A2_FashionDataset\FashionDataset\test\images_test\53412.jpg
53413,,,,,c:\Users\LEGION\Documents\jupyter_notebook\Fashion-Intelligence-System\A2_FashionDataset\FashionDataset\test\images_test\53413.jpg
53414,,,,,c:\Users\LEGION\Documents\jupyter_notebook\Fashion-Intelligence-System\A2_FashionDataset\FashionDataset\test\images_test\53414.jpg
53415,,,,,c:\Users\LEGION\Documents\jupyter_notebook\Fashion-Intelligence-System\A2_FashionDataset\FashionDataset\test\images_test\53415.jpg
53416,,,,,c:\Users\LEGION\Documents\jupyter_notebook\Fashion-Intelligence-System\A2_FashionDataset\FashionDataset\test\images_test\53416.jpg
53417,,,,,c:\Users\LEGION\Documents\jupyter_notebook\Fashion-Intelligence-System\A2_FashionDataset\FashionDataset\test\images_test\53417.jpg
53418,,,,,c:\Users\LEGION\Documents\jupyter_notebook\Fashion-Intelligence-System\A2_FashionDataset\FashionDataset\test\images_test\53418.jpg
53419,,,,,c:\Users\LEGION\Documents\jupyter_notebook\Fashion-Intelligence-System\A2_FashionDataset\FashionDataset\test\images_test\53419.jpg
53420,,,,,c:\Users\LEGION\Documents\jupyter_notebook\Fashion-Intelligence-System\A2_FashionDataset\FashionDataset\test\images_test\53420.jpg
53421,,,,,c:\Users\LEGION\Documents\jupyter_notebook\Fashion-Intelligence-System\A2_FashionDataset\FashionDataset\test\images_test\53421.jpg
53422,,,,,c:\Users\LEGION\Documents\jupyter_notebook\Fashion-Intelligence-System\A2_FashionDataset\FashionDataset\test\images_test\53422.jpg
53423,,,,,c:\Users\LEGION\Documents\jupyter_notebook\Fashion-Intelligence-System\A2_FashionDataset\FashionDataset\test\images_test\53423.jpg
53424,,,,,c:\Users\LEGION\Documents\jupyter_notebook\Fashion-Intelligence-System\A2_FashionDataset\FashionDataset\test\images_test\53424.jpg
53425,,,,,c:\Users\LEGION\Documents\jupyter_notebook\Fashion-Intelligence-System\A2_FashionDataset\FashionDataset\test\images_test\53425.jpg
53426,,,,,c:\Users\LEGION\Documents\jupyter_notebook\Fashion-Intelligence-System\A2_FashionDataset\FashionDataset\test\images_test\53426.jpg
53427,,,,,c:\Users\LEGION\Documents\jupyter_notebook\Fashion-Intelligence-System\A2_FashionDataset\FashionDataset\test\images_test\53427.jpg
53428,,,,,c:\Users\LEGION\Documents\jupyter_notebook\Fashion-Intelligence-System\A2_FashionDataset\FashionDataset\test\images_test\53428.jpg
53429,,,,,c:\Users\LEGION\Documents\jupyter_notebook\Fashion-Intelligence-System\A2_FashionDataset\FashionDataset\test\images_test\53429.jpg
53430,,,,,c:\Users\LEGION\Documents\jupyter_notebook\Fashion-Intelligence-System\A2_FashionDataset\FashionDataset\test\images_test\53430.jpg
53431,,,,,c:\Users\LEGION\Documents\jupyter_notebook\Fashion-Intelligence-System\A2_FashionDataset\FashionDataset\test\images_test\53431.jpg
53432,,,,,c:\Users\LEGION\Documents\jupyter_notebook\Fashion-Intelligence-System\A2_FashionDataset\FashionDataset\test\images_test\53432.jpg
53433,,,,,c:\Users\LEGION\Documents\jupyter_notebook\Fashion-Intelligence-System\A2_FashionDataset\FashionDataset\test\images_test\53433.jpg
53434,,,,,c:\Users\LEGION\Documents\jupyter_notebook\Fashion-Intelligence-System\A2_FashionDataset\FashionDataset\test\images_test\53434.jpg
53435,,,,,c:\Users\LEGION\Documents\jupyter_notebook\Fashion-Intelligence-System\A2_FashionDataset\FashionDataset\test\images_test\53435.jpg
53436,,,,,c:\Users\LEGION\Documents\jupyter_notebook\Fashion-Intelligence-System\A2_FashionDataset\FashionDataset\test\images_test\53436.jpg
53437,,,,,c:\Users\LEGION\Documents\jupyter_notebook\Fashion-Intelligence-System\A2_FashionDataset\FashionDataset\test\images_test\53437.jpg
53438,,,,,c:\Users\LEGION\Documents\jupyter_notebook\Fashion-Intelligence-System\A2_FashionDataset\FashionDataset\test\images_test\53438.jpg
53439,,,,,c:\Users\LEGION\Documents\jupyter_notebook\Fashion-Intelligence-System\A2_FashionDataset\FashionDataset\test\images_test\53439.jpg
53440,,,,,c:\Users\LEGION\Documents\jupyter_notebook\Fashion-Intelligence-System\A2_FashionDataset\FashionDataset\test\images_test\53440.jpg
53441,,,,,c:\Users\LEGION\Documents\jupyter_notebook\Fashion-Intelligence-System\A2_FashionDataset\FashionDataset\test\images_test\53441.jpg
53442,,,,,c:\Users\LEGION\Documents\jupyter_notebook\Fashion-Intelligence-System\A2_FashionDataset\FashionDataset\test\images_test\53442.jpg
53444,,,,,c:\Users\LEGION\Documents\jupyter_notebook\Fashion-Intelligence-System\A2_FashionDataset\FashionDataset\test\images_test\53444.jpg
53445,,,,,c:\Users\LEGION\Documents\jupyter_notebook\Fashion-Intelligence-System\A2_FashionDataset\FashionDataset\test\images_test\53445.jpg
53446,,,,,c:\Users\LEGION\Documents\jupyter_notebook\Fashion-Intelligence-System\A2_FashionDataset\FashionDataset\test\images_test\53446.jpg
53447,,,,,c:\Users\LEGION\Documents\jupyter_notebook\Fashion-Intelligence-System\A2_FashionDataset\FashionDataset\test\images_test\53447.jpg
53448,,,,,c:\Users\LEGION\Documents\jupyter_notebook\Fashion-Intelligence-System\A2_FashionDataset\FashionDataset\test\images_test\53448.jpg
53449,,,,,c:\Users\LEGION\Documents\jupyter_notebook\Fashion-Intelligence-System\A2_FashionDataset\FashionDataset\test\images_test\53449.jpg
53450,,,,,c:\Users\LEGION\Documents\jupyter_notebook\Fashion-Intelligence-System\A2_FashionDataset\FashionDataset\test\images_test\53450.jpg
53452,,,,,c:\Users\LEGION\Documents\jupyter_notebook\Fashion-Intelligence-System\A2_FashionDataset\FashionDataset\test\images_test\53452.jpg
53453,,,,,c:\Users\LEGION\Documents\jupyter_notebook\Fashion-Intelligence-System\A2_FashionDataset\FashionDataset\test\images_test\53453.jpg
53454,,,,,c:\Users\LEGION\Documents\jupyter_notebook\Fashion-Intelligence-System\A2_FashionDataset\FashionDataset\test\images_test\53454.jpg
53455,,,,,c:\Users\LEGION\Documents\jupyter_notebook\Fashion-Intelligence-System\A2_FashionDataset\FashionDataset\test\images_test\53455.jpg
53456,,,,,c:\Users\LEGION\Documents\jupyter_notebook\Fashion-Intelligence-System\A2_FashionDataset\FashionDataset\test\images_test\53456.jpg
53457,,,,,c:\Users\LEGION\Documents\jupyter_notebook\Fashion-Intelligence-System\A2_FashionDataset\FashionDataset\test\images_test\53457.jpg
53458,,,,,c:\Users\LEGION\Documents\jupyter_notebook\Fashion-Intelligence-System\A2_FashionDataset\FashionDataset\test\images_test\53458.jpg
53459,,,,,c:\Users\LEGION\Documents\jupyter_notebook\Fashion-Intelligence-System\A2_FashionDataset\FashionDataset\test\images_test\53459.jpg
53460,,,,,c:\Users\LEGION\Documents\jupyter_notebook\Fashion-Intelligence-System\A2_FashionDataset\FashionDataset\test\images_test\53460.jpg
53461,,,,,c:\Users\LEGION\Documents\jupyter_notebook\Fashion-Intelligence-System\A2_FashionDataset\FashionDataset\test\images_test\53461.jpg
53462,,,,,c:\Users\LEGION\Documents\jupyter_notebook\Fashion-Intelligence-System\A2_FashionDataset\FashionDataset\test\images_test\53462.jpg
53463,,,,,c:\Users\LEGION\Documents\jupyter_notebook\Fashion-Intelligence-System\A2_FashionDataset\FashionDataset\test\images_test\53463.jpg
53464,,,,,c:\Users\LEGION\Documents\jupyter_notebook\Fashion-Intelligence-System\A2_FashionDataset\FashionDataset\test\images_test\53464.jpg
53465,,,,,c:\Users\LEGION\Documents\jupyter_notebook\Fashion-Intelligence-System\A2_FashionDataset\FashionDataset\test\images_test\53465.jpg
53466,,,,,c:\Users\LEGION\Documents\jupyter_notebook\Fashion-Intelligence-System\A2_FashionDataset\FashionDataset\test\images_test\53466.jpg
53467,,,,,c:\Users\LEGION\Documents\jupyter_notebook\Fashion-Intelligence-System\A2_FashionDataset\FashionDataset\test\images_test\53467.jpg
53468,,,,,c:\Users\LEGION\Documents\jupyter_notebook\Fashion-Intelligence-System\A2_FashionDataset\FashionDataset\test\images_test\53468.jpg
53469,,,,,c:\Users\LEGION\Documents\jupyter_notebook\Fashion-Intelligence-System\A2_FashionDataset\FashionDataset\test\images_test\53469.jpg
53470,,,,,c:\Users\LEGION\Documents\jupyter_notebook\Fashion-Intelligence-System\A2_FashionDataset\FashionDataset\test\images_test\53470.jpg
53473,,,,,c:\Users\LEGION\Documents\jupyter_notebook\Fashion-Intelligence-System\A2_FashionDataset\FashionDataset\test\images_test\53473.jpg
53474,,,,,c:\Users\LEGION\Documents\jupyter_notebook\Fashion-Intelligence-System\A2_FashionDataset\FashionDataset\test\images_test\53474.jpg
53475,,,,,c:\Users\LEGION\Documents\jupyter_notebook\Fashion-Intelligence-System\A2_FashionDataset\FashionDataset\test\images_test\53475.jpg
53476,,,,,c:\Users\LEGION\Documents\jupyter_notebook\Fashion-Intelligence-System\A2_FashionDataset\FashionDataset\test\images_test\53476.jpg
53477,,,,,c:\Users\LEGION\Documents\jupyter_notebook\Fashion-Intelligence-System\A2_FashionDataset\FashionDataset\test\images_test\53477.jpg
53478,,,,,c:\Users\LEGION\Documents\jupyter_notebook\Fashion-Intelligence-System\A2_FashionDataset\FashionDataset\test\images_test\53478.jpg
53479,,,,,c:\Users\LEGION\Documents\jupyter_notebook\Fashion-Intelligence-System\A2_FashionDataset\FashionDataset\test\images_test\53479.jpg
53480,,,,,c:\Users\LEGION\Documents\jupyter_notebook\Fashion-Intelligence-System\A2_FashionDataset\FashionDataset\test\images_test\53480.jpg
53484,,,,,c:\Users\LEGION\Documents\jupyter_notebook\Fashion-Intelligence-System\A2_FashionDataset\FashionDataset\test\images_test\53484.jpg
53485,,,,,c:\Users\LEGION\Documents\jupyter_notebook\Fashion-Intelligence-System\A2_FashionDataset\FashionDataset\test\images_test\53485.jpg
53486,,,,,c:\Users\LEGION\Documents\jupyter_notebook\Fashion-Intelligence-System\A2_FashionDataset\FashionDataset\test\images_test\53486.jpg
53487,,,,,c:\Users\LEGION\Documents\jupyter_notebook\Fashion-Intelligence-System\A2_FashionDataset\FashionDataset\test\images_test\53487.jpg
53488,,,,,c:\Users\LEGION\Documents\jupyter_notebook\Fashion-Intelligence-System\A2_FashionDataset\FashionDataset\test\images_test\53488.jpg
53489,,,,,c:\Users\LEGION\Documents\jupyter_notebook\Fashion-Intelligence-System\A2_FashionDataset\FashionDataset\test\images_test\53489.jpg
53490,,,,,c:\Users\LEGION\Documents\jupyter_notebook\Fashion-Intelligence-System\A2_FashionDataset\FashionDataset\test\images_test\53490.jpg
53491,,,,,c:\Users\LEGION\Documents\jupyter_notebook\Fashion-Intelligence-System\A2_FashionDataset\FashionDataset\test\images_test\53491.jpg
53492,,,,,c:\Users\LEGION\Documents\jupyter_notebook\Fashion-Intelligence-System\A2_FashionDataset\FashionDataset\test\images_test\53492.jpg
53493,,,,,c:\Users\LEGION\Documents\jupyter_notebook\Fashion-Intelligence-System\A2_FashionDataset\FashionDataset\test\images_test\53493.jpg
53498,,,,,c:\Users\LEGION\Documents\jupyter_notebook\Fashion-Intelligence-System\A2_FashionDataset\FashionDataset\test\images_test\53498.jpg
53506,,,,,c:\Users\LEGION\Documents\jupyter_notebook\Fashion-Intelligence-System\A2_FashionDataset\FashionDataset\test\images_test\53506.jpg
53507,,,,,c:\Users\LEGION\Documents\jupyter_notebook\Fashion-Intelligence-System\A2_FashionDataset\FashionDataset\test\images_test\53507.jpg
53508,,,,,c:\Users\LEGION\Documents\jupyter_notebook\Fashion-Intelligence-System\A2_FashionDataset\FashionDataset\test\images_test\53508.jpg
53520,,,,,c:\Users\LEGION\Documents\jupyter_notebook\Fashion-Intelligence-System\A2_FashionDataset\FashionDataset\test\images_test\53520.jpg
53525,,,,,c:\Users\LEGION\Documents\jupyter_notebook\Fashion-Intelligence-System\A2_FashionDataset\FashionDataset\test\images_test\53525.jpg
53526,,,,,c:\Users\LEGION\Documents\jupyter_notebook\Fashion-Intelligence-System\A2_FashionDataset\FashionDataset\test\images_test\53526.jpg
53527,,,,,c:\Users\LEGION\Documents\jupyter_notebook\Fashion-Intelligence-System\A2_FashionDataset\FashionDataset\test\images_test\53527.jpg
53528,,,,,c:\Users\LEGION\Documents\jupyter_notebook\Fashion-Intelligence-System\A2_FashionDataset\FashionDataset\test\images_test\53528.jpg
53529,,,,,c:\Users\LEGION\Documents\jupyter_notebook\Fashion-Intelligence-System\A2_FashionDataset\FashionDataset\test\images_test\53529.jpg
53530,,,,,c:\Users\LEGION\Documents\jupyter_notebook\Fashion-Intelligence-System\A2_FashionDataset\FashionDataset\test\images_test\53530.jpg
53531,,,,,c:\Users\LEGION\Documents\jupyter_notebook\Fashion-Intelligence-System\A2_FashionDataset\FashionDataset\test\images_test\53531.jpg
53532,,,,,c:\Users\LEGION\Documents\jupyter_notebook\Fashion-Intelligence-System\A2_FashionDataset\FashionDataset\test\images_test\53532.jpg
53533,,,,,c:\Users\LEGION\Documents\jupyter_notebook\Fashion-Intelligence-System\A2_FashionDataset\FashionDataset\test\images_test\53533.jpg
53534,,,,,c:\Users\LEGION\Documents\jupyter_notebook\Fashion-Intelligence-System\A2_FashionDataset\FashionDataset\test\images_test\53534.jpg
53535,,,,,c:\Users\LEGION\Documents\jupyter_notebook\Fashion-Intelligence-System\A2_FashionDataset\FashionDataset\test\images_test\53535.jpg
53536,,,,,c:\Users\LEGION\Documents\jupyter_notebook\Fashion-Intelligence-System\A2_FashionDataset\FashionDataset\test\images_test\53536.jpg
53537,,,,,c:\Users\LEGION\Documents\jupyter_notebook\Fashion-Intelligence-System\A2_FashionDataset\FashionDataset\test\images_test\53537.jpg
53538,,,,,c:\Users\LEGION\Documents\jupyter_notebook\Fashion-Intelligence-System\A2_FashionDataset\FashionDataset\test\images_test\53538.jpg
53539,,,,,c:\Users\LEGION\Documents\jupyter_notebook\Fashion-Intelligence-System\A2_FashionDataset\FashionDataset\test\images_test\53539.jpg
53540,,,,,c:\Users\LEGION\Documents\jupyter_notebook\Fashion-Intelligence-System\A2_FashionDataset\FashionDataset\test\images_test\53540.jpg
53541,,,,,c:\Users\LEGION\Documents\jupyter_notebook\Fashion-Intelligence-System\A2_FashionDataset\FashionDataset\test\images_test\53541.jpg
53542,,,,,c:\Users\LEGION\Documents\jupyter_notebook\Fashion-Intelligence-System\A2_FashionDataset\FashionDataset\test\images_test\53542.jpg
53543,,,,,c:\Users\LEGION\Documents\jupyter_notebook\Fashion-Intelligence-System\A2_FashionDataset\FashionDataset\test\images_test\53543.jpg
53545,,,,,c:\Users\LEGION\Documents\jupyter_notebook\Fashion-Intelligence-System\A2_FashionDataset\FashionDataset\test\images_test\53545.jpg
53546,,,,,c:\Users\LEGION\Documents\jupyter_notebook\Fashion-Intelligence-System\A2_FashionDataset\FashionDataset\test\images_test\53546.jpg
53547,,,,,c:\Users\LEGION\Documents\jupyter_notebook\Fashion-Intelligence-System\A2_FashionDataset\FashionDataset\test\images_test\53547.jpg
53548,,,,,c:\Users\LEGION\Documents\jupyter_notebook\Fashion-Intelligence-System\A2_FashionDataset\FashionDataset\test\images_test\53548.jpg
53554,,,,,c:\Users\LEGION\Documents\jupyter_notebook\Fashion-Intelligence-System\A2_FashionDataset\FashionDataset\test\images_test\53554.jpg
53555,,,,,c:\Users\LEGION\Documents\jupyter_notebook\Fashion-Intelligence-System\A2_FashionDataset\FashionDataset\test\images_test\53555.jpg
53556,,,,,c:\Users\LEGION\Documents\jupyter_notebook\Fashion-Intelligence-System\A2_FashionDataset\FashionDataset\test\images_test\53556.jpg
53557,,,,,c:\Users\LEGION\Documents\jupyter_notebook\Fashion-Intelligence-System\A2_FashionDataset\FashionDataset\test\images_test\53557.jpg
53558,,,,,c:\Users\LEGION\Documents\jupyter_notebook\Fashion-Intelligence-System\A2_FashionDataset\FashionDataset\test\images_test\53558.jpg
53559,,,,,c:\Users\LEGION\Documents\jupyter_notebook\Fashion-Intelligence-System\A2_FashionDataset\FashionDataset\test\images_test\53559.jpg
53560,,,,,c:\Users\LEGION\Documents\jupyter_notebook\Fashion-Intelligence-System\A2_FashionDataset\FashionDataset\test\images_test\53560.jpg
53561,,,,,c:\Users\LEGION\Documents\jupyter_notebook\Fashion-Intelligence-System\A2_FashionDataset\FashionDataset\test\images_test\53561.jpg
53562,,,,,c:\Users\LEGION\Documents\jupyter_notebook\Fashion-Intelligence-System\A2_FashionDataset\FashionDataset\test\images_test\53562.jpg
53563,,,,,c:\Users\LEGION\Documents\jupyter_notebook\Fashion-Intelligence-System\A2_FashionDataset\FashionDataset\test\images_test\53563.jpg
53564,,,,,c:\Users\LEGION\Documents\jupyter_notebook\Fashion-Intelligence-System\A2_FashionDataset\FashionDataset\test\images_test\53564.jpg
53565,,,,,c:\Users\LEGION\Documents\jupyter_notebook\Fashion-Intelligence-System\A2_FashionDataset\FashionDataset\test\images_test\53565.jpg
53566,,,,,c:\Users\LEGION\Documents\jupyter_notebook\Fashion-Intelligence-System\A2_FashionDataset\FashionDataset\test\images_test\53566.jpg
53567,,,,,c:\Users\LEGION\Documents\jupyter_notebook\Fashion-Intelligence-System\A2_FashionDataset\FashionDataset\test\images_test\53567.jpg
53568,,,,,c:\Users\LEGION\Documents\jupyter_notebook\Fashion-Intelligence-System\A2_FashionDataset\FashionDataset\test\images_test\53568.jpg
53569,,,,,c:\Users\LEGION\Documents\jupyter_notebook\Fashion-Intelligence-System\A2_FashionDataset\FashionDataset\test\images_test\53569.jpg
53570,,,,,c:\Users\LEGION\Documents\jupyter_notebook\Fashion-Intelligence-System\A2_FashionDataset\FashionDataset\test\images_test\53570.jpg
53571,,,,,c:\Users\LEGION\Documents\jupyter_notebook\Fashion-Intelligence-System\A2_FashionDataset\FashionDataset\test\images_test\53571.jpg
53572,,,,,c:\Users\LEGION\Documents\jupyter_notebook\Fashion-Intelligence-System\A2_FashionDataset\FashionDataset\test\images_test\53572.jpg
53573,,,,,c:\Users\LEGION\Documents\jupyter_notebook\Fashion-Intelligence-System\A2_FashionDataset\FashionDataset\test\images_test\53573.jpg
53574,,,,,c:\Users\LEGION\Documents\jupyter_notebook\Fashion-Intelligence-System\A2_FashionDataset\FashionDataset\test\images_test\53574.jpg
53575,,,,,c:\Users\LEGION\Documents\jupyter_notebook\Fashion-Intelligence-System\A2_FashionDataset\FashionDataset\test\images_test\53575.jpg
53576,,,,,c:\Users\LEGION\Documents\jupyter_notebook\Fashion-Intelligence-System\A2_FashionDataset\FashionDataset\test\images_test\53576.jpg
53577,,,,,c:\Users\LEGION\Documents\jupyter_notebook\Fashion-Intelligence-System\A2_FashionDataset\FashionDataset\test\images_test\53577.jpg
53578,,,,,c:\Users\LEGION\Documents\jupyter_notebook\Fashion-Intelligence-System\A2_FashionDataset\FashionDataset\test\images_test\53578.jpg
53579,,,,,c:\Users\LEGION\Documents\jupyter_notebook\Fashion-Intelligence-System\A2_FashionDataset\FashionDataset\test\images_test\53579.jpg
53580,,,,,c:\Users\LEGION\Documents\jupyter_notebook\Fashion-Intelligence-System\A2_FashionDataset\FashionDataset\test\images_test\53580.jpg
53581,,,,,c:\Users\LEGION\Documents\jupyter_notebook\Fashion-Intelligence-System\A2_FashionDataset\FashionDataset\test\images_test\53581.jpg
53582,,,,,c:\Users\LEGION\Documents\jupyter_notebook\Fashion-Intelligence-System\A2_FashionDataset\FashionDataset\test\images_test\53582.jpg
53583,,,,,c:\Users\LEGION\Documents\jupyter_notebook\Fashion-Intelligence-System\A2_FashionDataset\FashionDataset\test\images_test\53583.jpg
53584,,,,,c:\Users\LEGION\Documents\jupyter_notebook\Fashion-Intelligence-System\A2_FashionDataset\FashionDataset\test\images_test\53584.jpg
53585,,,,,c:\Users\LEGION\Documents\jupyter_notebook\Fashion-Intelligence-System\A2_FashionDataset\FashionDataset\test\images_test\53585.jpg
53586,,,,,c:\Users\LEGION\Documents\jupyter_notebook\Fashion-Intelligence-System\A2_FashionDataset\FashionDataset\test\images_test\53586.jpg
53587,,,,,c:\Users\LEGION\Documents\jupyter_notebook\Fashion-Intelligence-System\A2_FashionDataset\FashionDataset\test\images_test\53587.jpg
53588,,,,,c:\Users\LEGION\Documents\jupyter_notebook\Fashion-Intelligence-System\A2_FashionDataset\FashionDataset\test\images_test\53588.jpg
53589,,,,,c:\Users\LEGION\Documents\jupyter_notebook\Fashion-Intelligence-System\A2_FashionDataset\FashionDataset\test\images_test\53589.jpg
53590,,,,,c:\Users\LEGION\Documents\jupyter_notebook\Fashion-Intelligence-System\A2_FashionDataset\FashionDataset\test\images_test\53590.jpg
53591,,,,,c:\Users\LEGION\Documents\jupyter_notebook\Fashion-Intelligence-System\A2_FashionDataset\FashionDataset\test\images_test\53591.jpg
53592,,,,,c:\Users\LEGION\Documents\jupyter_notebook\Fashion-Intelligence-System\A2_FashionDataset\FashionDataset\test\images_test\53592.jpg
53593,,,,,c:\Users\LEGION\Documents\jupyter_notebook\Fashion-Intelligence-System\A2_FashionDataset\FashionDataset\test\images_test\53593.jpg
53594,,,,,c:\Users\LEGION\Documents\jupyter_notebook\Fashion-Intelligence-System\A2_FashionDataset\FashionDataset\test\images_test\53594.jpg
53595,,,,,c:\Users\LEGION\Documents\jupyter_notebook\Fashion-Intelligence-System\A2_FashionDataset\FashionDataset\test\images_test\53595.jpg
53596,,,,,c:\Users\LEGION\Documents\jupyter_notebook\Fashion-Intelligence-System\A2_FashionDataset\FashionDataset\test\images_test\53596.jpg
53597,,,,,c:\Users\LEGION\Documents\jupyter_notebook\Fashion-Intelligence-System\A2_FashionDataset\FashionDataset\test\images_test\53597.jpg
53598,,,,,c:\Users\LEGION\Documents\jupyter_notebook\Fashion-Intelligence-System\A2_FashionDataset\FashionDataset\test\images_test\53598.jpg
53599,,,,,c:\Users\LEGION\Documents\jupyter_notebook\Fashion-Intelligence-System\A2_FashionDataset\FashionDataset\test\images_test\53599.jpg
53600,,,,,c:\Users\LEGION\Documents\jupyter_notebook\Fashion-Intelligence-System\A2_FashionDataset\FashionDataset\test\images_test\53600.jpg
53601,,,,,c:\Users\LEGION\Documents\jupyter_notebook\Fashion-Intelligence-System\A2_FashionDataset\FashionDataset\test\images_test\53601.jpg
53602,,,,,c:\Users\LEGION\Documents\jupyter_notebook\Fashion-Intelligence-System\A2_FashionDataset\FashionDataset\test\images_test\53602.jpg
53603,,,,,c:\Users\LEGION\Documents\jupyter_notebook\Fashion-Intelligence-System\A2_FashionDataset\FashionDataset\test\images_test\53603.jpg
53604,,,,,c:\Users\LEGION\Documents\jupyter_notebook\Fashion-Intelligence-System\A2_FashionDataset\FashionDataset\test\images_test\53604.jpg
53605,,,,,c:\Users\LEGION\Documents\jupyter_notebook\Fashion-Intelligence-System\A2_FashionDataset\FashionDataset\test\images_test\53605.jpg
53606,,,,,c:\Users\LEGION\Documents\jupyter_notebook\Fashion-Intelligence-System\A2_FashionDataset\FashionDataset\test\images_test\53606.jpg
53608,,,,,c:\Users\LEGION\Documents\jupyter_notebook\Fashion-Intelligence-System\A2_FashionDataset\FashionDataset\test\images_test\53608.jpg
53609,,,,,c:\Users\LEGION\Documents\jupyter_notebook\Fashion-Intelligence-System\A2_FashionDataset\FashionDataset\test\images_test\53609.jpg
53611,,,,,c:\Users\LEGION\Documents\jupyter_notebook\Fashion-Intelligence-System\A2_FashionDataset\FashionDataset\test\images_test\53611.jpg
53612,,,,,c:\Users\LEGION\Documents\jupyter_notebook\Fashion-Intelligence-System\A2_FashionDataset\FashionDataset\test\images_test\53612.jpg
53613,,,,,c:\Users\LEGION\Documents\jupyter_notebook\Fashion-Intelligence-System\A2_FashionDataset\FashionDataset\test\images_test\53613.jpg
53614,,,,,c:\Users\LEGION\Documents\jupyter_notebook\Fashion-Intelligence-System\A2_FashionDataset\FashionDataset\test\images_test\53614.jpg
53615,,,,,c:\Users\LEGION\Documents\jupyter_notebook\Fashion-Intelligence-System\A2_FashionDataset\FashionDataset\test\images_test\53615.jpg
53616,,,,,c:\Users\LEGION\Documents\jupyter_notebook\Fashion-Intelligence-System\A2_FashionDataset\FashionDataset\test\images_test\53616.jpg
53617,,,,,c:\Users\LEGION\Documents\jupyter_notebook\Fashion-Intelligence-System\A2_FashionDataset\FashionDataset\test\images_test\53617.jpg
53618,,,,,c:\Users\LEGION\Documents\jupyter_notebook\Fashion-Intelligence-System\A2_FashionDataset\FashionDataset\test\images_test\53618.jpg
53619,,,,,c:\Users\LEGION\Documents\jupyter_notebook\Fashion-Intelligence-System\A2_FashionDataset\FashionDataset\test\images_test\53619.jpg
53620,,,,,c:\Users\LEGION\Documents\jupyter_notebook\Fashion-Intelligence-System\A2_FashionDataset\FashionDataset\test\images_test\53620.jpg
53621,,,,,c:\Users\LEGION\Documents\jupyter_notebook\Fashion-Intelligence-System\A2_FashionDataset\FashionDataset\test\images_test\53621.jpg
53622,,,,,c:\Users\LEGION\Documents\jupyter_notebook\Fashion-Intelligence-System\A2_FashionDataset\FashionDataset\test\images_test\53622.jpg
53623,,,,,c:\Users\LEGION\Documents\jupyter_notebook\Fashion-Intelligence-System\A2_FashionDataset\FashionDataset\test\images_test\53623.jpg
53624,,,,,c:\Users\LEGION\Documents\jupyter_notebook\Fashion-Intelligence-System\A2_FashionDataset\FashionDataset\test\images_test\53624.jpg
53625,,,,,c:\Users\LEGION\Documents\jupyter_notebook\Fashion-Intelligence-System\A2_FashionDataset\FashionDataset\test\images_test\53625.jpg
53626,,,,,c:\Users\LEGION\Documents\jupyter_notebook\Fashion-Intelligence-System\A2_FashionDataset\FashionDataset\test\images_test\53626.jpg
53627,,,,,c:\Users\LEGION\Documents\jupyter_notebook\Fashion-Intelligence-System\A2_FashionDataset\FashionDataset\test\images_test\53627.jpg
53628,,,,,c:\Users\LEGION\Documents\jupyter_notebook\Fashion-Intelligence-System\A2_FashionDataset\FashionDataset\test\images_test\53628.jpg
53629,,,,,c:\Users\LEGION\Documents\jupyter_notebook\Fashion-Intelligence-System\A2_FashionDataset\FashionDataset\test\images_test\53629.jpg
53630,,,,,c:\Users\LEGION\Documents\jupyter_notebook\Fashion-Intelligence-System\A2_FashionDataset\FashionDataset\test\images_test\53630.jpg
53631,,,,,c:\Users\LEGION\Documents\jupyter_notebook\Fashion-Intelligence-System\A2_FashionDataset\FashionDataset\test\images_test\53631.jpg
53632,,,,,c:\Users\LEGION\Documents\jupyter_notebook\Fashion-Intelligence-System\A2_FashionDataset\FashionDataset\test\images_test\53632.jpg
53633,,,,,c:\Users\LEGION\Documents\jupyter_notebook\Fashion-Intelligence-System\A2_FashionDataset\FashionDataset\test\images_test\53633.jpg
53634,,,,,c:\Users\LEGION\Documents\jupyter_notebook\Fashion-Intelligence-System\A2_FashionDataset\FashionDataset\test\images_test\53634.jpg
53635,,,,,c:\Users\LEGION\Documents\jupyter_notebook\Fashion-Intelligence-System\A2_FashionDataset\FashionDataset\test\images_test\53635.jpg
53636,,,,,c:\Users\LEGION\Documents\jupyter_notebook\Fashion-Intelligence-System\A2_FashionDataset\FashionDataset\test\images_test\53636.jpg
53637,,,,,c:\Users\LEGION\Documents\jupyter_notebook\Fashion-Intelligence-System\A2_FashionDataset\FashionDataset\test\images_test\53637.jpg
53638,,,,,c:\Users\LEGION\Documents\jupyter_notebook\Fashion-Intelligence-System\A2_FashionDataset\FashionDataset\test\images_test\53638.jpg
53639,,,,,c:\Users\LEGION\Documents\jupyter_notebook\Fashion-Intelligence-System\A2_FashionDataset\FashionDataset\test\images_test\53639.jpg
53640,,,,,c:\Users\LEGION\Documents\jupyter_notebook\Fashion-Intelligence-System\A2_FashionDataset\FashionDataset\test\images_test\53640.jpg
53648,,,,,c:\Users\LEGION\Documents\jupyter_notebook\Fashion-Intelligence-System\A2_FashionDataset\FashionDataset\test\images_test\53648.jpg
53649,,,,,c:\Users\LEGION\Documents\jupyter_notebook\Fashion-Intelligence-System\A2_FashionDataset\FashionDataset\test\images_test\53649.jpg
53651,,,,,c:\Users\LEGION\Documents\jupyter_notebook\Fashion-Intelligence-System\A2_FashionDataset\FashionDataset\test\images_test\53651.jpg
53652,,,,,c:\Users\LEGION\Documents\jupyter_notebook\Fashion-Intelligence-System\A2_FashionDataset\FashionDataset\test\images_test\53652.jpg
53653,,,,,c:\Users\LEGION\Documents\jupyter_notebook\Fashion-Intelligence-System\A2_FashionDataset\FashionDataset\test\images_test\53653.jpg
53654,,,,,c:\Users\LEGION\Documents\jupyter_notebook\Fashion-Intelligence-System\A2_FashionDataset\FashionDataset\test\images_test\53654.jpg
53655,,,,,c:\Users\LEGION\Documents\jupyter_notebook\Fashion-Intelligence-System\A2_FashionDataset\FashionDataset\test\images_test\53655.jpg
53656,,,,,c:\Users\LEGION\Documents\jupyter_notebook\Fashion-Intelligence-System\A2_FashionDataset\FashionDataset\test\images_test\53656.jpg
53657,,,,,c:\Users\LEGION\Documents\jupyter_notebook\Fashion-Intelligence-System\A2_FashionDataset\FashionDataset\test\images_test\53657.jpg
53659,,,,,c:\Users\LEGION\Documents\jupyter_notebook\Fashion-Intelligence-System\A2_FashionDataset\FashionDataset\test\images_test\53659.jpg
53660,,,,,c:\Users\LEGION\Documents\jupyter_notebook\Fashion-Intelligence-System\A2_FashionDataset\FashionDataset\test\images_test\53660.jpg
53661,,,,,c:\Users\LEGION\Documents\jupyter_notebook\Fashion-Intelligence-System\A2_FashionDataset\FashionDataset\test\images_test\53661.jpg
53663,,,,,c:\Users\LEGION\Documents\jupyter_notebook\Fashion-Intelligence-System\A2_FashionDataset\FashionDataset\test\images_test\53663.jpg
53665,,,,,c:\Users\LEGION\Documents\jupyter_notebook\Fashion-Intelligence-System\A2_FashionDataset\FashionDataset\test\images_test\53665.jpg
53666,,,,,c:\Users\LEGION\Documents\jupyter_notebook\Fashion-Intelligence-System\A2_FashionDataset\FashionDataset\test\images_test\53666.jpg
53667,,,,,c:\Users\LEGION\Documents\jupyter_notebook\Fashion-Intelligence-System\A2_FashionDataset\FashionDataset\test\images_test\53667.jpg
53668,,,,,c:\Users\LEGION\Documents\jupyter_notebook\Fashion-Intelligence-System\A2_FashionDataset\FashionDataset\test\images_test\53668.jpg
53669,,,,,c:\Users\LEGION\Documents\jupyter_notebook\Fashion-Intelligence-System\A2_FashionDataset\FashionDataset\test\images_test\53669.jpg
53670,,,,,c:\Users\LEGION\Documents\jupyter_notebook\Fashion-Intelligence-System\A2_FashionDataset\FashionDataset\test\images_test\53670.jpg
53671,,,,,c:\Users\LEGION\Documents\jupyter_notebook\Fashion-Intelligence-System\A2_FashionDataset\FashionDataset\test\images_test\53671.jpg
53672,,,,,c:\Users\LEGION\Documents\jupyter_notebook\Fashion-Intelligence-System\A2_FashionDataset\FashionDataset\test\images_test\53672.jpg
53673,,,,,c:\Users\LEGION\Documents\jupyter_notebook\Fashion-Intelligence-System\A2_FashionDataset\FashionDataset\test\images_test\53673.jpg
53674,,,,,c:\Users\LEGION\Documents\jupyter_notebook\Fashion-Intelligence-System\A2_FashionDataset\FashionDataset\test\images_test\53674.jpg
53675,,,,,c:\Users\LEGION\Documents\jupyter_notebook\Fashion-Intelligence-System\A2_FashionDataset\FashionDataset\test\images_test\53675.jpg
53676,,,,,c:\Users\LEGION\Documents\jupyter_notebook\Fashion-Intelligence-System\A2_FashionDataset\FashionDataset\test\images_test\53676.jpg
53677,,,,,c:\Users\LEGION\Documents\jupyter_notebook\Fashion-Intelligence-System\A2_FashionDataset\FashionDataset\test\images_test\53677.jpg
53678,,,,,c:\Users\LEGION\Documents\jupyter_notebook\Fashion-Intelligence-System\A2_FashionDataset\FashionDataset\test\images_test\53678.jpg
53679,,,,,c:\Users\LEGION\Documents\jupyter_notebook\Fashion-Intelligence-System\A2_FashionDataset\FashionDataset\test\images_test\53679.jpg
53680,,,,,c:\Users\LEGION\Documents\jupyter_notebook\Fashion-Intelligence-System\A2_FashionDataset\FashionDataset\test\images_test\53680.jpg
53681,,,,,c:\Users\LEGION\Documents\jupyter_notebook\Fashion-Intelligence-System\A2_FashionDataset\FashionDataset\test\images_test\53681.jpg
53682,,,,,c:\Users\LEGION\Documents\jupyter_notebook\Fashion-Intelligence-System\A2_FashionDataset\FashionDataset\test\images_test\53682.jpg
53683,,,,,c:\Users\LEGION\Documents\jupyter_notebook\Fashion-Intelligence-System\A2_FashionDataset\FashionDataset\test\images_test\53683.jpg
53684,,,,,c:\Users\LEGION\Documents\jupyter_notebook\Fashion-Intelligence-System\A2_FashionDataset\FashionDataset\test\images_test\53684.jpg
53685,,,,,c:\Users\LEGION\Documents\jupyter_notebook\Fashion-Intelligence-System\A2_FashionDataset\FashionDataset\test\images_test\53685.jpg
53686,,,,,c:\Users\LEGION\Documents\jupyter_notebook\Fashion-Intelligence-System\A2_FashionDataset\FashionDataset\test\images_test\53686.jpg
53687,,,,,c:\Users\LEGION\Documents\jupyter_notebook\Fashion-Intelligence-System\A2_FashionDataset\FashionDataset\test\images_test\53687.jpg
53688,,,,,c:\Users\LEGION\Documents\jupyter_notebook\Fashion-Intelligence-System\A2_FashionDataset\FashionDataset\test\images_test\53688.jpg
53689,,,,,c:\Users\LEGION\Documents\jupyter_notebook\Fashion-Intelligence-System\A2_FashionDataset\FashionDataset\test\images_test\53689.jpg
53692,,,,,c:\Users\LEGION\Documents\jupyter_notebook\Fashion-Intelligence-System\A2_FashionDataset\FashionDataset\test\images_test\53692.jpg
53695,,,,,c:\Users\LEGION\Documents\jupyter_notebook\Fashion-Intelligence-System\A2_FashionDataset\FashionDataset\test\images_test\53695.jpg
53696,,,,,c:\Users\LEGION\Documents\jupyter_notebook\Fashion-Intelligence-System\A2_FashionDataset\FashionDataset\test\images_test\53696.jpg
53698,,,,,c:\Users\LEGION\Documents\jupyter_notebook\Fashion-Intelligence-System\A2_FashionDataset\FashionDataset\test\images_test\53698.jpg
53702,,,,,c:\Users\LEGION\Documents\jupyter_notebook\Fashion-Intelligence-System\A2_FashionDataset\FashionDataset\test\images_test\53702.jpg
53706,,,,,c:\Users\LEGION\Documents\jupyter_notebook\Fashion-Intelligence-System\A2_FashionDataset\FashionDataset\test\images_test\53706.jpg
53708,,,,,c:\Users\LEGION\Documents\jupyter_notebook\Fashion-Intelligence-System\A2_FashionDataset\FashionDataset\test\images_test\53708.jpg
53710,,,,,c:\Users\LEGION\Documents\jupyter_notebook\Fashion-Intelligence-System\A2_FashionDataset\FashionDataset\test\images_test\53710.jpg
53715,,,,,c:\Users\LEGION\Documents\jupyter_notebook\Fashion-Intelligence-System\A2_FashionDataset\FashionDataset\test\images_test\53715.jpg
53719,,,,,c:\Users\LEGION\Documents\jupyter_notebook\Fashion-Intelligence-System\A2_FashionDataset\FashionDataset\test\images_test\53719.jpg
53720,,,,,c:\Users\LEGION\Documents\jupyter_notebook\Fashion-Intelligence-System\A2_FashionDataset\FashionDataset\test\images_test\53720.jpg
53723,,,,,c:\Users\LEGION\Documents\jupyter_notebook\Fashion-Intelligence-System\A2_FashionDataset\FashionDataset\test\images_test\53723.jpg
53724,,,,,c:\Users\LEGION\Documents\jupyter_notebook\Fashion-Intelligence-System\A2_FashionDataset\FashionDataset\test\images_test\53724.jpg
53725,,,,,c:\Users\LEGION\Documents\jupyter_notebook\Fashion-Intelligence-System\A2_FashionDataset\FashionDataset\test\images_test\53725.jpg
53726,,,,,c:\Users\LEGION\Documents\jupyter_notebook\Fashion-Intelligence-System\A2_FashionDataset\FashionDataset\test\images_test\53726.jpg
53727,,,,,c:\Users\LEGION\Documents\jupyter_notebook\Fashion-Intelligence-System\A2_FashionDataset\FashionDataset\test\images_test\53727.jpg
53729,,,,,c:\Users\LEGION\Documents\jupyter_notebook\Fashion-Intelligence-System\A2_FashionDataset\FashionDataset\test\images_test\53729.jpg
53731,,,,,c:\Users\LEGION\Documents\jupyter_notebook\Fashion-Intelligence-System\A2_FashionDataset\FashionDataset\test\images_test\53731.jpg
53732,,,,,c:\Users\LEGION\Documents\jupyter_notebook\Fashion-Intelligence-System\A2_FashionDataset\FashionDataset\test\images_test\53732.jpg
53734,,,,,c:\Users\LEGION\Documents\jupyter_notebook\Fashion-Intelligence-System\A2_FashionDataset\FashionDataset\test\images_test\53734.jpg
53735,,,,,c:\Users\LEGION\Documents\jupyter_notebook\Fashion-Intelligence-System\A2_FashionDataset\FashionDataset\test\images_test\53735.jpg
53737,,,,,c:\Users\LEGION\Documents\jupyter_notebook\Fashion-Intelligence-System\A2_FashionDataset\FashionDataset\test\images_test\53737.jpg
53738,,,,,c:\Users\LEGION\Documents\jupyter_notebook\Fashion-Intelligence-System\A2_FashionDataset\FashionDataset\test\images_test\53738.jpg
53740,,,,,c:\Users\LEGION\Documents\jupyter_notebook\Fashion-Intelligence-System\A2_FashionDataset\FashionDataset\test\images_test\53740.jpg
53741,,,,,c:\Users\LEGION\Documents\jupyter_notebook\Fashion-Intelligence-System\A2_FashionDataset\FashionDataset\test\images_test\53741.jpg
53742,,,,,c:\Users\LEGION\Documents\jupyter_notebook\Fashion-Intelligence-System\A2_FashionDataset\FashionDataset\test\images_test\53742.jpg
53743,,,,,c:\Users\LEGION\Documents\jupyter_notebook\Fashion-Intelligence-System\A2_FashionDataset\FashionDataset\test\images_test\53743.jpg
53744,,,,,c:\Users\LEGION\Documents\jupyter_notebook\Fashion-Intelligence-System\A2_FashionDataset\FashionDataset\test\images_test\53744.jpg
53745,,,,,c:\Users\LEGION\Documents\jupyter_notebook\Fashion-Intelligence-System\A2_FashionDataset\FashionDataset\test\images_test\53745.jpg
53747,,,,,c:\Users\LEGION\Documents\jupyter_notebook\Fashion-Intelligence-System\A2_FashionDataset\FashionDataset\test\images_test\53747.jpg
53748,,,,,c:\Users\LEGION\Documents\jupyter_notebook\Fashion-Intelligence-System\A2_FashionDataset\FashionDataset\test\images_test\53748.jpg
53749,,,,,c:\Users\LEGION\Documents\jupyter_notebook\Fashion-Intelligence-System\A2_FashionDataset\FashionDataset\test\images_test\53749.jpg
53750,,,,,c:\Users\LEGION\Documents\jupyter_notebook\Fashion-Intelligence-System\A2_FashionDataset\FashionDataset\test\images_test\53750.jpg
53751,,,,,c:\Users\LEGION\Documents\jupyter_notebook\Fashion-Intelligence-System\A2_FashionDataset\FashionDataset\test\images_test\53751.jpg
53752,,,,,c:\Users\LEGION\Documents\jupyter_notebook\Fashion-Intelligence-System\A2_FashionDataset\FashionDataset\test\images_test\53752.jpg
53753,,,,,c:\Users\LEGION\Documents\jupyter_notebook\Fashion-Intelligence-System\A2_FashionDataset\FashionDataset\test\images_test\53753.jpg
53754,,,,,c:\Users\LEGION\Documents\jupyter_notebook\Fashion-Intelligence-System\A2_FashionDataset\FashionDataset\test\images_test\53754.jpg
53755,,,,,c:\Users\LEGION\Documents\jupyter_notebook\Fashion-Intelligence-System\A2_FashionDataset\FashionDataset\test\images_test\53755.jpg
53756,,,,,c:\Users\LEGION\Documents\jupyter_notebook\Fashion-Intelligence-System\A2_FashionDataset\FashionDataset\test\images_test\53756.jpg
53757,,,,,c:\Users\LEGION\Documents\jupyter_notebook\Fashion-Intelligence-System\A2_FashionDataset\FashionDataset\test\images_test\53757.jpg
53759,,,,,c:\Users\LEGION\Documents\jupyter_notebook\Fashion-Intelligence-System\A2_FashionDataset\FashionDataset\test\images_test\53759.jpg
53760,,,,,c:\Users\LEGION\Documents\jupyter_notebook\Fashion-Intelligence-System\A2_FashionDataset\FashionDataset\test\images_test\53760.jpg
53761,,,,,c:\Users\LEGION\Documents\jupyter_notebook\Fashion-Intelligence-System\A2_FashionDataset\FashionDataset\test\images_test\53761.jpg
53762,,,,,c:\Users\LEGION\Documents\jupyter_notebook\Fashion-Intelligence-System\A2_FashionDataset\FashionDataset\test\images_test\53762.jpg
53763,,,,,c:\Users\LEGION\Documents\jupyter_notebook\Fashion-Intelligence-System\A2_FashionDataset\FashionDataset\test\images_test\53763.jpg
53764,,,,,c:\Users\LEGION\Documents\jupyter_notebook\Fashion-Intelligence-System\A2_FashionDataset\FashionDataset\test\images_test\53764.jpg
53765,,,,,c:\Users\LEGION\Documents\jupyter_notebook\Fashion-Intelligence-System\A2_FashionDataset\FashionDataset\test\images_test\53765.jpg
53766,,,,,c:\Users\LEGION\Documents\jupyter_notebook\Fashion-Intelligence-System\A2_FashionDataset\FashionDataset\test\images_test\53766.jpg
53767,,,,,c:\Users\LEGION\Documents\jupyter_notebook\Fashion-Intelligence-System\A2_FashionDataset\FashionDataset\test\images_test\53767.jpg
53768,,,,,c:\Users\LEGION\Documents\jupyter_notebook\Fashion-Intelligence-System\A2_FashionDataset\FashionDataset\test\images_test\53768.jpg
53770,,,,,c:\Users\LEGION\Documents\jupyter_notebook\Fashion-Intelligence-System\A2_FashionDataset\FashionDataset\test\images_test\53770.jpg
53771,,,,,c:\Users\LEGION\Documents\jupyter_notebook\Fashion-Intelligence-System\A2_FashionDataset\FashionDataset\test\images_test\53771.jpg
53772,,,,,c:\Users\LEGION\Documents\jupyter_notebook\Fashion-Intelligence-System\A2_FashionDataset\FashionDataset\test\images_test\53772.jpg
53773,,,,,c:\Users\LEGION\Documents\jupyter_notebook\Fashion-Intelligence-System\A2_FashionDataset\FashionDataset\test\images_test\53773.jpg
53774,,,,,c:\Users\LEGION\Documents\jupyter_notebook\Fashion-Intelligence-System\A2_FashionDataset\FashionDataset\test\images_test\53774.jpg
53775,,,,,c:\Users\LEGION\Documents\jupyter_notebook\Fashion-Intelligence-System\A2_FashionDataset\FashionDataset\test\images_test\53775.jpg
53776,,,,,c:\Users\LEGION\Documents\jupyter_notebook\Fashion-Intelligence-System\A2_FashionDataset\FashionDataset\test\images_test\53776.jpg
53777,,,,,c:\Users\LEGION\Documents\jupyter_notebook\Fashion-Intelligence-System\A2_FashionDataset\FashionDataset\test\images_test\53777.jpg
53778,,,,,c:\Users\LEGION\Documents\jupyter_notebook\Fashion-Intelligence-System\A2_FashionDataset\FashionDataset\test\images_test\53778.jpg
53779,,,,,c:\Users\LEGION\Documents\jupyter_notebook\Fashion-Intelligence-System\A2_FashionDataset\FashionDataset\test\images_test\53779.jpg
53780,,,,,c:\Users\LEGION\Documents\jupyter_notebook\Fashion-Intelligence-System\A2_FashionDataset\FashionDataset\test\images_test\53780.jpg
53781,,,,,c:\Users\LEGION\Documents\jupyter_notebook\Fashion-Intelligence-System\A2_FashionDataset\FashionDataset\test\images_test\53781.jpg
53782,,,,,c:\Users\LEGION\Documents\jupyter_notebook\Fashion-Intelligence-System\A2_FashionDataset\FashionDataset\test\images_test\53782.jpg
53783,,,,,c:\Users\LEGION\Documents\jupyter_notebook\Fashion-Intelligence-System\A2_FashionDataset\FashionDataset\test\images_test\53783.jpg
53784,,,,,c:\Users\LEGION\Documents\jupyter_notebook\Fashion-Intelligence-System\A2_FashionDataset\FashionDataset\test\images_test\53784.jpg
53785,,,,,c:\Users\LEGION\Documents\jupyter_notebook\Fashion-Intelligence-System\A2_FashionDataset\FashionDataset\test\images_test\53785.jpg
53786,,,,,c:\Users\LEGION\Documents\jupyter_notebook\Fashion-Intelligence-System\A2_FashionDataset\FashionDataset\test\images_test\53786.jpg
53787,,,,,c:\Users\LEGION\Documents\jupyter_notebook\Fashion-Intelligence-System\A2_FashionDataset\FashionDataset\test\images_test\53787.jpg
53788,,,,,c:\Users\LEGION\Documents\jupyter_notebook\Fashion-Intelligence-System\A2_FashionDataset\FashionDataset\test\images_test\53788.jpg
53791,,,,,c:\Users\LEGION\Documents\jupyter_notebook\Fashion-Intelligence-System\A2_FashionDataset\FashionDataset\test\images_test\53791.jpg
53793,,,,,c:\Users\LEGION\Documents\jupyter_notebook\Fashion-Intelligence-System\A2_FashionDataset\FashionDataset\test\images_test\53793.jpg
53794,,,,,c:\Users\LEGION\Documents\jupyter_notebook\Fashion-Intelligence-System\A2_FashionDataset\FashionDataset\test\images_test\53794.jpg
53795,,,,,c:\Users\LEGION\Documents\jupyter_notebook\Fashion-Intelligence-System\A2_FashionDataset\FashionDataset\test\images_test\53795.jpg
53796,,,,,c:\Users\LEGION\Documents\jupyter_notebook\Fashion-Intelligence-System\A2_FashionDataset\FashionDataset\test\images_test\53796.jpg
53797,,,,,c:\Users\LEGION\Documents\jupyter_notebook\Fashion-Intelligence-System\A2_FashionDataset\FashionDataset\test\images_test\53797.jpg
53798,,,,,c:\Users\LEGION\Documents\jupyter_notebook\Fashion-Intelligence-System\A2_FashionDataset\FashionDataset\test\images_test\53798.jpg
53799,,,,,c:\Users\LEGION\Documents\jupyter_notebook\Fashion-Intelligence-System\A2_FashionDataset\FashionDataset\test\images_test\53799.jpg
53800,,,,,c:\Users\LEGION\Documents\jupyter_notebook\Fashion-Intelligence-System\A2_FashionDataset\FashionDataset\test\images_test\53800.jpg
53801,,,,,c:\Users\LEGION\Documents\jupyter_notebook\Fashion-Intelligence-System\A2_FashionDataset\FashionDataset\test\images_test\53801.jpg
53802,,,,,c:\Users\LEGION\Documents\jupyter_notebook\Fashion-Intelligence-System\A2_FashionDataset\FashionDataset\test\images_test\53802.jpg
53803,,,,,c:\Users\LEGION\Documents\jupyter_notebook\Fashion-Intelligence-System\A2_FashionDataset\FashionDataset\test\images_test\53803.jpg
53804,,,,,c:\Users\LEGION\Documents\jupyter_notebook\Fashion-Intelligence-System\A2_FashionDataset\FashionDataset\test\images_test\53804.jpg
53805,,,,,c:\Users\LEGION\Documents\jupyter_notebook\Fashion-Intelligence-System\A2_FashionDataset\FashionDataset\test\images_test\53805.jpg
53806,,,,,c:\Users\LEGION\Documents\jupyter_notebook\Fashion-Intelligence-System\A2_FashionDataset\FashionDataset\test\images_test\53806.jpg
53807,,,,,c:\Users\LEGION\Documents\jupyter_notebook\Fashion-Intelligence-System\A2_FashionDataset\FashionDataset\test\images_test\53807.jpg
53808,,,,,c:\Users\LEGION\Documents\jupyter_notebook\Fashion-Intelligence-System\A2_FashionDataset\FashionDataset\test\images_test\53808.jpg
53809,,,,,c:\Users\LEGION\Documents\jupyter_notebook\Fashion-Intelligence-System\A2_FashionDataset\FashionDataset\test\images_test\53809.jpg
53810,,,,,c:\Users\LEGION\Documents\jupyter_notebook\Fashion-Intelligence-System\A2_FashionDataset\FashionDataset\test\images_test\53810.jpg
53811,,,,,c:\Users\LEGION\Documents\jupyter_notebook\Fashion-Intelligence-System\A2_FashionDataset\FashionDataset\test\images_test\53811.jpg
53812,,,,,c:\Users\LEGION\Documents\jupyter_notebook\Fashion-Intelligence-System\A2_FashionDataset\FashionDataset\test\images_test\53812.jpg
53813,,,,,c:\Users\LEGION\Documents\jupyter_notebook\Fashion-Intelligence-System\A2_FashionDataset\FashionDataset\test\images_test\53813.jpg
53814,,,,,c:\Users\LEGION\Documents\jupyter_notebook\Fashion-Intelligence-System\A2_FashionDataset\FashionDataset\test\images_test\53814.jpg
53815,,,,,c:\Users\LEGION\Documents\jupyter_notebook\Fashion-Intelligence-System\A2_FashionDataset\FashionDataset\test\images_test\53815.jpg
53816,,,,,c:\Users\LEGION\Documents\jupyter_notebook\Fashion-Intelligence-System\A2_FashionDataset\FashionDataset\test\images_test\53816.jpg
53817,,,,,c:\Users\LEGION\Documents\jupyter_notebook\Fashion-Intelligence-System\A2_FashionDataset\FashionDataset\test\images_test\53817.jpg
53818,,,,,c:\Users\LEGION\Documents\jupyter_notebook\Fashion-Intelligence-System\A2_FashionDataset\FashionDataset\test\images_test\53818.jpg
53819,,,,,c:\Users\LEGION\Documents\jupyter_notebook\Fashion-Intelligence-System\A2_FashionDataset\FashionDataset\test\images_test\53819.jpg
53820,,,,,c:\Users\LEGION\Documents\jupyter_notebook\Fashion-Intelligence-System\A2_FashionDataset\FashionDataset\test\images_test\53820.jpg
53822,,,,,c:\Users\LEGION\Documents\jupyter_notebook\Fashion-Intelligence-System\A2_FashionDataset\FashionDataset\test\images_test\53822.jpg
53823,,,,,c:\Users\LEGION\Documents\jupyter_notebook\Fashion-Intelligence-System\A2_FashionDataset\FashionDataset\test\images_test\53823.jpg
53824,,,,,c:\Users\LEGION\Documents\jupyter_notebook\Fashion-Intelligence-System\A2_FashionDataset\FashionDataset\test\images_test\53824.jpg
53825,,,,,c:\Users\LEGION\Documents\jupyter_notebook\Fashion-Intelligence-System\A2_FashionDataset\FashionDataset\test\images_test\53825.jpg
53826,,,,,c:\Users\LEGION\Documents\jupyter_notebook\Fashion-Intelligence-System\A2_FashionDataset\FashionDataset\test\images_test\53826.jpg
53829,,,,,c:\Users\LEGION\Documents\jupyter_notebook\Fashion-Intelligence-System\A2_FashionDataset\FashionDataset\test\images_test\53829.jpg
53830,,,,,c:\Users\LEGION\Documents\jupyter_notebook\Fashion-Intelligence-System\A2_FashionDataset\FashionDataset\test\images_test\53830.jpg
53832,,,,,c:\Users\LEGION\Documents\jupyter_notebook\Fashion-Intelligence-System\A2_FashionDataset\FashionDataset\test\images_test\53832.jpg
53833,,,,,c:\Users\LEGION\Documents\jupyter_notebook\Fashion-Intelligence-System\A2_FashionDataset\FashionDataset\test\images_test\53833.jpg
53834,,,,,c:\Users\LEGION\Documents\jupyter_notebook\Fashion-Intelligence-System\A2_FashionDataset\FashionDataset\test\images_test\53834.jpg
53835,,,,,c:\Users\LEGION\Documents\jupyter_notebook\Fashion-Intelligence-System\A2_FashionDataset\FashionDataset\test\images_test\53835.jpg
53836,,,,,c:\Users\LEGION\Documents\jupyter_notebook\Fashion-Intelligence-System\A2_FashionDataset\FashionDataset\test\images_test\53836.jpg
53837,,,,,c:\Users\LEGION\Documents\jupyter_notebook\Fashion-Intelligence-System\A2_FashionDataset\FashionDataset\test\images_test\53837.jpg
53838,,,,,c:\Users\LEGION\Documents\jupyter_notebook\Fashion-Intelligence-System\A2_FashionDataset\FashionDataset\test\images_test\53838.jpg
53839,,,,,c:\Users\LEGION\Documents\jupyter_notebook\Fashion-Intelligence-System\A2_FashionDataset\FashionDataset\test\images_test\53839.jpg
53840,,,,,c:\Users\LEGION\Documents\jupyter_notebook\Fashion-Intelligence-System\A2_FashionDataset\FashionDataset\test\images_test\53840.jpg
53841,,,,,c:\Users\LEGION\Documents\jupyter_notebook\Fashion-Intelligence-System\A2_FashionDataset\FashionDataset\test\images_test\53841.jpg
53842,,,,,c:\Users\LEGION\Documents\jupyter_notebook\Fashion-Intelligence-System\A2_FashionDataset\FashionDataset\test\images_test\53842.jpg
53843,,,,,c:\Users\LEGION\Documents\jupyter_notebook\Fashion-Intelligence-System\A2_FashionDataset\FashionDataset\test\images_test\53843.jpg
53849,,,,,c:\Users\LEGION\Documents\jupyter_notebook\Fashion-Intelligence-System\A2_FashionDataset\FashionDataset\test\images_test\53849.jpg
53850,,,,,c:\Users\LEGION\Documents\jupyter_notebook\Fashion-Intelligence-System\A2_FashionDataset\FashionDataset\test\images_test\53850.jpg
53851,,,,,c:\Users\LEGION\Documents\jupyter_notebook\Fashion-Intelligence-System\A2_FashionDataset\FashionDataset\test\images_test\53851.jpg
53852,,,,,c:\Users\LEGION\Documents\jupyter_notebook\Fashion-Intelligence-System\A2_FashionDataset\FashionDataset\test\images_test\53852.jpg
53856,,,,,c:\Users\LEGION\Documents\jupyter_notebook\Fashion-Intelligence-System\A2_FashionDataset\FashionDataset\test\images_test\53856.jpg
53857,,,,,c:\Users\LEGION\Documents\jupyter_notebook\Fashion-Intelligence-System\A2_FashionDataset\FashionDataset\test\images_test\53857.jpg
53859,,,,,c:\Users\LEGION\Documents\jupyter_notebook\Fashion-Intelligence-System\A2_FashionDataset\FashionDataset\test\images_test\53859.jpg
53861,,,,,c:\Users\LEGION\Documents\jupyter_notebook\Fashion-Intelligence-System\A2_FashionDataset\FashionDataset\test\images_test\53861.jpg
53863,,,,,c:\Users\LEGION\Documents\jupyter_notebook\Fashion-Intelligence-System\A2_FashionDataset\FashionDataset\test\images_test\53863.jpg
53864,,,,,c:\Users\LEGION\Documents\jupyter_notebook\Fashion-Intelligence-System\A2_FashionDataset\FashionDataset\test\images_test\53864.jpg
53866,,,,,c:\Users\LEGION\Documents\jupyter_notebook\Fashion-Intelligence-System\A2_FashionDataset\FashionDataset\test\images_test\53866.jpg
53867,,,,,c:\Users\LEGION\Documents\jupyter_notebook\Fashion-Intelligence-System\A2_FashionDataset\FashionDataset\test\images_test\53867.jpg
53868,,,,,c:\Users\LEGION\Documents\jupyter_notebook\Fashion-Intelligence-System\A2_FashionDataset\FashionDataset\test\images_test\53868.jpg
53869,,,,,c:\Users\LEGION\Documents\jupyter_notebook\Fashion-Intelligence-System\A2_FashionDataset\FashionDataset\test\images_test\53869.jpg
53870,,,,,c:\Users\LEGION\Documents\jupyter_notebook\Fashion-Intelligence-System\A2_FashionDataset\FashionDataset\test\images_test\53870.jpg
53871,,,,,c:\Users\LEGION\Documents\jupyter_notebook\Fashion-Intelligence-System\A2_FashionDataset\FashionDataset\test\images_test\53871.jpg
53872,,,,,c:\Users\LEGION\Documents\jupyter_notebook\Fashion-Intelligence-System\A2_FashionDataset\FashionDataset\test\images_test\53872.jpg
53873,,,,,c:\Users\LEGION\Documents\jupyter_notebook\Fashion-Intelligence-System\A2_FashionDataset\FashionDataset\test\images_test\53873.jpg
53874,,,,,c:\Users\LEGION\Documents\jupyter_notebook\Fashion-Intelligence-System\A2_FashionDataset\FashionDataset\test\images_test\53874.jpg
53875,,,,,c:\Users\LEGION\Documents\jupyter_notebook\Fashion-Intelligence-System\A2_FashionDataset\FashionDataset\test\images_test\53875.jpg
53876,,,,,c:\Users\LEGION\Documents\jupyter_notebook\Fashion-Intelligence-System\A2_FashionDataset\FashionDataset\test\images_test\53876.jpg
53877,,,,,c:\Users\LEGION\Documents\jupyter_notebook\Fashion-Intelligence-System\A2_FashionDataset\FashionDataset\test\images_test\53877.jpg
53878,,,,,c:\Users\LEGION\Documents\jupyter_notebook\Fashion-Intelligence-System\A2_FashionDataset\FashionDataset\test\images_test\53878.jpg
53879,,,,,c:\Users\LEGION\Documents\jupyter_notebook\Fashion-Intelligence-System\A2_FashionDataset\FashionDataset\test\images_test\53879.jpg
53880,,,,,c:\Users\LEGION\Documents\jupyter_notebook\Fashion-Intelligence-System\A2_FashionDataset\FashionDataset\test\images_test\53880.jpg
53881,,,,,c:\Users\LEGION\Documents\jupyter_notebook\Fashion-Intelligence-System\A2_FashionDataset\FashionDataset\test\images_test\53881.jpg
53882,,,,,c:\Users\LEGION\Documents\jupyter_notebook\Fashion-Intelligence-System\A2_FashionDataset\FashionDataset\test\images_test\53882.jpg
53883,,,,,c:\Users\LEGION\Documents\jupyter_notebook\Fashion-Intelligence-System\A2_FashionDataset\FashionDataset\test\images_test\53883.jpg
53884,,,,,c:\Users\LEGION\Documents\jupyter_notebook\Fashion-Intelligence-System\A2_FashionDataset\FashionDataset\test\images_test\53884.jpg
53886,,,,,c:\Users\LEGION\Documents\jupyter_notebook\Fashion-Intelligence-System\A2_FashionDataset\FashionDataset\test\images_test\53886.jpg
53887,,,,,c:\Users\LEGION\Documents\jupyter_notebook\Fashion-Intelligence-System\A2_FashionDataset\FashionDataset\test\images_test\53887.jpg
53888,,,,,c:\Users\LEGION\Documents\jupyter_notebook\Fashion-Intelligence-System\A2_FashionDataset\FashionDataset\test\images_test\53888.jpg
53889,,,,,c:\Users\LEGION\Documents\jupyter_notebook\Fashion-Intelligence-System\A2_FashionDataset\FashionDataset\test\images_test\53889.jpg
53890,,,,,c:\Users\LEGION\Documents\jupyter_notebook\Fashion-Intelligence-System\A2_FashionDataset\FashionDataset\test\images_test\53890.jpg
53891,,,,,c:\Users\LEGION\Documents\jupyter_notebook\Fashion-Intelligence-System\A2_FashionDataset\FashionDataset\test\images_test\53891.jpg
53892,,,,,c:\Users\LEGION\Documents\jupyter_notebook\Fashion-Intelligence-System\A2_FashionDataset\FashionDataset\test\images_test\53892.jpg
53893,,,,,c:\Users\LEGION\Documents\jupyter_notebook\Fashion-Intelligence-System\A2_FashionDataset\FashionDataset\test\images_test\53893.jpg
53894,,,,,c:\Users\LEGION\Documents\jupyter_notebook\Fashion-Intelligence-System\A2_FashionDataset\FashionDataset\test\images_test\53894.jpg
53895,,,,,c:\Users\LEGION\Documents\jupyter_notebook\Fashion-Intelligence-System\A2_FashionDataset\FashionDataset\test\images_test\53895.jpg
53896,,,,,c:\Users\LEGION\Documents\jupyter_notebook\Fashion-Intelligence-System\A2_FashionDataset\FashionDataset\test\images_test\53896.jpg
53897,,,,,c:\Users\LEGION\Documents\jupyter_notebook\Fashion-Intelligence-System\A2_FashionDataset\FashionDataset\test\images_test\53897.jpg
53900,,,,,c:\Users\LEGION\Documents\jupyter_notebook\Fashion-Intelligence-System\A2_FashionDataset\FashionDataset\test\images_test\53900.jpg
53902,,,,,c:\Users\LEGION\Documents\jupyter_notebook\Fashion-Intelligence-System\A2_FashionDataset\FashionDataset\test\images_test\53902.jpg
53905,,,,,c:\Users\LEGION\Documents\jupyter_notebook\Fashion-Intelligence-System\A2_FashionDataset\FashionDataset\test\images_test\53905.jpg
53907,,,,,c:\Users\LEGION\Documents\jupyter_notebook\Fashion-Intelligence-System\A2_FashionDataset\FashionDataset\test\images_test\53907.jpg
53911,,,,,c:\Users\LEGION\Documents\jupyter_notebook\Fashion-Intelligence-System\A2_FashionDataset\FashionDataset\test\images_test\53911.jpg
53914,,,,,c:\Users\LEGION\Documents\jupyter_notebook\Fashion-Intelligence-System\A2_FashionDataset\FashionDataset\test\images_test\53914.jpg
53918,,,,,c:\Users\LEGION\Documents\jupyter_notebook\Fashion-Intelligence-System\A2_FashionDataset\FashionDataset\test\images_test\53918.jpg
53921,,,,,c:\Users\LEGION\Documents\jupyter_notebook\Fashion-Intelligence-System\A2_FashionDataset\FashionDataset\test\images_test\53921.jpg
53927,,,,,c:\Users\LEGION\Documents\jupyter_notebook\Fashion-Intelligence-System\A2_FashionDataset\FashionDataset\test\images_test\53927.jpg
53928,,,,,c:\Users\LEGION\Documents\jupyter_notebook\Fashion-Intelligence-System\A2_FashionDataset\FashionDataset\test\images_test\53928.jpg
53930,,,,,c:\Users\LEGION\Documents\jupyter_notebook\Fashion-Intelligence-System\A2_FashionDataset\FashionDataset\test\images_test\53930.jpg
53931,,,,,c:\Users\LEGION\Documents\jupyter_notebook\Fashion-Intelligence-System\A2_FashionDataset\FashionDataset\test\images_test\53931.jpg
53934,,,,,c:\Users\LEGION\Documents\jupyter_notebook\Fashion-Intelligence-System\A2_FashionDataset\FashionDataset\test\images_test\53934.jpg
53935,,,,,c:\Users\LEGION\Documents\jupyter_notebook\Fashion-Intelligence-System\A2_FashionDataset\FashionDataset\test\images_test\53935.jpg
53941,,,,,c:\Users\LEGION\Documents\jupyter_notebook\Fashion-Intelligence-System\A2_FashionDataset\FashionDataset\test\images_test\53941.jpg
53942,,,,,c:\Users\LEGION\Documents\jupyter_notebook\Fashion-Intelligence-System\A2_FashionDataset\FashionDataset\test\images_test\53942.jpg
53943,,,,,c:\Users\LEGION\Documents\jupyter_notebook\Fashion-Intelligence-System\A2_FashionDataset\FashionDataset\test\images_test\53943.jpg
53944,,,,,c:\Users\LEGION\Documents\jupyter_notebook\Fashion-Intelligence-System\A2_FashionDataset\FashionDataset\test\images_test\53944.jpg
53946,,,,,c:\Users\LEGION\Documents\jupyter_notebook\Fashion-Intelligence-System\A2_FashionDataset\FashionDataset\test\images_test\53946.jpg
53961,,,,,c:\Users\LEGION\Documents\jupyter_notebook\Fashion-Intelligence-System\A2_FashionDataset\FashionDataset\test\images_test\53961.jpg
53963,,,,,c:\Users\LEGION\Documents\jupyter_notebook\Fashion-Intelligence-System\A2_FashionDataset\FashionDataset\test\images_test\53963.jpg
53964,,,,,c:\Users\LEGION\Documents\jupyter_notebook\Fashion-Intelligence-System\A2_FashionDataset\FashionDataset\test\images_test\53964.jpg
53979,,,,,c:\Users\LEGION\Documents\jupyter_notebook\Fashion-Intelligence-System\A2_FashionDataset\FashionDataset\test\images_test\53979.jpg
53981,,,,,c:\Users\LEGION\Documents\jupyter_notebook\Fashion-Intelligence-System\A2_FashionDataset\FashionDataset\test\images_test\53981.jpg
53985,,,,,c:\Users\LEGION\Documents\jupyter_notebook\Fashion-Intelligence-System\A2_FashionDataset\FashionDataset\test\images_test\53985.jpg
53990,,,,,c:\Users\LEGION\Documents\jupyter_notebook\Fashion-Intelligence-System\A2_FashionDataset\FashionDataset\test\images_test\53990.jpg
53991,,,,,c:\Users\LEGION\Documents\jupyter_notebook\Fashion-Intelligence-System\A2_FashionDataset\FashionDataset\test\images_test\53991.jpg
53994,,,,,c:\Users\LEGION\Documents\jupyter_notebook\Fashion-Intelligence-System\A2_FashionDataset\FashionDataset\test\images_test\53994.jpg
53997,,,,,c:\Users\LEGION\Documents\jupyter_notebook\Fashion-Intelligence-System\A2_FashionDataset\FashionDataset\test\images_test\53997.jpg
53999,,,,,c:\Users\LEGION\Documents\jupyter_notebook\Fashion-Intelligence-System\A2_FashionDataset\FashionDataset\test\images_test\53999.jpg
54000,,,,,c:\Users\LEGION\Documents\jupyter_notebook\Fashion-Intelligence-System\A2_FashionDataset\FashionDataset\test\images_test\54000.jpg
54002,,,,,c:\Users\LEGION\Documents\jupyter_notebook\Fashion-Intelligence-System\A2_FashionDataset\FashionDataset\test\images_test\54002.jpg
54003,,,,,c:\Users\LEGION\Documents\jupyter_notebook\Fashion-Intelligence-System\A2_FashionDataset\FashionDataset\test\images_test\54003.jpg
54007,,,,,c:\Users\LEGION\Documents\jupyter_notebook\Fashion-Intelligence-System\A2_FashionDataset\FashionDataset\test\images_test\54007.jpg
54008,,,,,c:\Users\LEGION\Documents\jupyter_notebook\Fashion-Intelligence-System\A2_FashionDataset\FashionDataset\test\images_test\54008.jpg
54009,,,,,c:\Users\LEGION\Documents\jupyter_notebook\Fashion-Intelligence-System\A2_FashionDataset\FashionDataset\test\images_test\54009.jpg
54014,,,,,c:\Users\LEGION\Documents\jupyter_notebook\Fashion-Intelligence-System\A2_FashionDataset\FashionDataset\test\images_test\54014.jpg
54016,,,,,c:\Users\LEGION\Documents\jupyter_notebook\Fashion-Intelligence-System\A2_FashionDataset\FashionDataset\test\images_test\54016.jpg
54017,,,,,c:\Users\LEGION\Documents\jupyter_notebook\Fashion-Intelligence-System\A2_FashionDataset\FashionDataset\test\images_test\54017.jpg
54018,,,,,c:\Users\LEGION\Documents\jupyter_notebook\Fashion-Intelligence-System\A2_FashionDataset\FashionDataset\test\images_test\54018.jpg
54019,,,,,c:\Users\LEGION\Documents\jupyter_notebook\Fashion-Intelligence-System\A2_FashionDataset\FashionDataset\test\images_test\54019.jpg
54020,,,,,c:\Users\LEGION\Documents\jupyter_notebook\Fashion-Intelligence-System\A2_FashionDataset\FashionDataset\test\images_test\54020.jpg
54031,,,,,c:\Users\LEGION\Documents\jupyter_notebook\Fashion-Intelligence-System\A2_FashionDataset\FashionDataset\test\images_test\54031.jpg
54032,,,,,c:\Users\LEGION\Documents\jupyter_notebook\Fashion-Intelligence-System\A2_FashionDataset\FashionDataset\test\images_test\54032.jpg
54033,,,,,c:\Users\LEGION\Documents\jupyter_notebook\Fashion-Intelligence-System\A2_FashionDataset\FashionDataset\test\images_test\54033.jpg
54035,,,,,c:\Users\LEGION\Documents\jupyter_notebook\Fashion-Intelligence-System\A2_FashionDataset\FashionDataset\test\images_test\54035.jpg
54036,,,,,c:\Users\LEGION\Documents\jupyter_notebook\Fashion-Intelligence-System\A2_FashionDataset\FashionDataset\test\images_test\54036.jpg
54040,,,,,c:\Users\LEGION\Documents\jupyter_notebook\Fashion-Intelligence-System\A2_FashionDataset\FashionDataset\test\images_test\54040.jpg
54041,,,,,c:\Users\LEGION\Documents\jupyter_notebook\Fashion-Intelligence-System\A2_FashionDataset\FashionDataset\test\images_test\54041.jpg
54049,,,,,c:\Users\LEGION\Documents\jupyter_notebook\Fashion-Intelligence-System\A2_FashionDataset\FashionDataset\test\images_test\54049.jpg
54050,,,,,c:\Users\LEGION\Documents\jupyter_notebook\Fashion-Intelligence-System\A2_FashionDataset\FashionDataset\test\images_test\54050.jpg
54051,,,,,c:\Users\LEGION\Documents\jupyter_notebook\Fashion-Intelligence-System\A2_FashionDataset\FashionDataset\test\images_test\54051.jpg
54052,,,,,c:\Users\LEGION\Documents\jupyter_notebook\Fashion-Intelligence-System\A2_FashionDataset\FashionDataset\test\images_test\54052.jpg
54053,,,,,c:\Users\LEGION\Documents\jupyter_notebook\Fashion-Intelligence-System\A2_FashionDataset\FashionDataset\test\images_test\54053.jpg
54054,,,,,c:\Users\LEGION\Documents\jupyter_notebook\Fashion-Intelligence-System\A2_FashionDataset\FashionDataset\test\images_test\54054.jpg
54055,,,,,c:\Users\LEGION\Documents\jupyter_notebook\Fashion-Intelligence-System\A2_FashionDataset\FashionDataset\test\images_test\54055.jpg
54056,,,,,c:\Users\LEGION\Documents\jupyter_notebook\Fashion-Intelligence-System\A2_FashionDataset\FashionDataset\test\images_test\54056.jpg
54057,,,,,c:\Users\LEGION\Documents\jupyter_notebook\Fashion-Intelligence-System\A2_FashionDataset\FashionDataset\test\images_test\54057.jpg
54058,,,,,c:\Users\LEGION\Documents\jupyter_notebook\Fashion-Intelligence-System\A2_FashionDataset\FashionDataset\test\images_test\54058.jpg
54059,,,,,c:\Users\LEGION\Documents\jupyter_notebook\Fashion-Intelligence-System\A2_FashionDataset\FashionDataset\test\images_test\54059.jpg
54060,,,,,c:\Users\LEGION\Documents\jupyter_notebook\Fashion-Intelligence-System\A2_FashionDataset\FashionDataset\test\images_test\54060.jpg
54061,,,,,c:\Users\LEGION\Documents\jupyter_notebook\Fashion-Intelligence-System\A2_FashionDataset\FashionDataset\test\images_test\54061.jpg
54062,,,,,c:\Users\LEGION\Documents\jupyter_notebook\Fashion-Intelligence-System\A2_FashionDataset\FashionDataset\test\images_test\54062.jpg
54063,,,,,c:\Users\LEGION\Documents\jupyter_notebook\Fashion-Intelligence-System\A2_FashionDataset\FashionDataset\test\images_test\54063.jpg
54064,,,,,c:\Users\LEGION\Documents\jupyter_notebook\Fashion-Intelligence-System\A2_FashionDataset\FashionDataset\test\images_test\54064.jpg
54065,,,,,c:\Users\LEGION\Documents\jupyter_notebook\Fashion-Intelligence-System\A2_FashionDataset\FashionDataset\test\images_test\54065.jpg
54066,,,,,c:\Users\LEGION\Documents\jupyter_notebook\Fashion-Intelligence-System\A2_FashionDataset\FashionDataset\test\images_test\54066.jpg
54068,,,,,c:\Users\LEGION\Documents\jupyter_notebook\Fashion-Intelligence-System\A2_FashionDataset\FashionDataset\test\images_test\54068.jpg
54069,,,,,c:\Users\LEGION\Documents\jupyter_notebook\Fashion-Intelligence-System\A2_FashionDataset\FashionDataset\test\images_test\54069.jpg
54070,,,,,c:\Users\LEGION\Documents\jupyter_notebook\Fashion-Intelligence-System\A2_FashionDataset\FashionDataset\test\images_test\54070.jpg
54071,,,,,c:\Users\LEGION\Documents\jupyter_notebook\Fashion-Intelligence-System\A2_FashionDataset\FashionDataset\test\images_test\54071.jpg
54072,,,,,c:\Users\LEGION\Documents\jupyter_notebook\Fashion-Intelligence-System\A2_FashionDataset\FashionDataset\test\images_test\54072.jpg
54073,,,,,c:\Users\LEGION\Documents\jupyter_notebook\Fashion-Intelligence-System\A2_FashionDataset\FashionDataset\test\images_test\54073.jpg
54076,,,,,c:\Users\LEGION\Documents\jupyter_notebook\Fashion-Intelligence-System\A2_FashionDataset\FashionDataset\test\images_test\54076.jpg
54077,,,,,c:\Users\LEGION\Documents\jupyter_notebook\Fashion-Intelligence-System\A2_FashionDataset\FashionDataset\test\images_test\54077.jpg
54078,,,,,c:\Users\LEGION\Documents\jupyter_notebook\Fashion-Intelligence-System\A2_FashionDataset\FashionDataset\test\images_test\54078.jpg
54079,,,,,c:\Users\LEGION\Documents\jupyter_notebook\Fashion-Intelligence-System\A2_FashionDataset\FashionDataset\test\images_test\54079.jpg
54080,,,,,c:\Users\LEGION\Documents\jupyter_notebook\Fashion-Intelligence-System\A2_FashionDataset\FashionDataset\test\images_test\54080.jpg
54081,,,,,c:\Users\LEGION\Documents\jupyter_notebook\Fashion-Intelligence-System\A2_FashionDataset\FashionDataset\test\images_test\54081.jpg
54082,,,,,c:\Users\LEGION\Documents\jupyter_notebook\Fashion-Intelligence-System\A2_FashionDataset\FashionDataset\test\images_test\54082.jpg
54083,,,,,c:\Users\LEGION\Documents\jupyter_notebook\Fashion-Intelligence-System\A2_FashionDataset\FashionDataset\test\images_test\54083.jpg
54084,,,,,c:\Users\LEGION\Documents\jupyter_notebook\Fashion-Intelligence-System\A2_FashionDataset\FashionDataset\test\images_test\54084.jpg
54086,,,,,c:\Users\LEGION\Documents\jupyter_notebook\Fashion-Intelligence-System\A2_FashionDataset\FashionDataset\test\images_test\54086.jpg
54087,,,,,c:\Users\LEGION\Documents\jupyter_notebook\Fashion-Intelligence-System\A2_FashionDataset\FashionDataset\test\images_test\54087.jpg
54088,,,,,c:\Users\LEGION\Documents\jupyter_notebook\Fashion-Intelligence-System\A2_FashionDataset\FashionDataset\test\images_test\54088.jpg
54089,,,,,c:\Users\LEGION\Documents\jupyter_notebook\Fashion-Intelligence-System\A2_FashionDataset\FashionDataset\test\images_test\54089.jpg
54090,,,,,c:\Users\LEGION\Documents\jupyter_notebook\Fashion-Intelligence-System\A2_FashionDataset\FashionDataset\test\images_test\54090.jpg
54095,,,,,c:\Users\LEGION\Documents\jupyter_notebook\Fashion-Intelligence-System\A2_FashionDataset\FashionDataset\test\images_test\54095.jpg
54103,,,,,c:\Users\LEGION\Documents\jupyter_notebook\Fashion-Intelligence-System\A2_FashionDataset\FashionDataset\test\images_test\54103.jpg
54104,,,,,c:\Users\LEGION\Documents\jupyter_notebook\Fashion-Intelligence-System\A2_FashionDataset\FashionDataset\test\images_test\54104.jpg
54105,,,,,c:\Users\LEGION\Documents\jupyter_notebook\Fashion-Intelligence-System\A2_FashionDataset\FashionDataset\test\images_test\54105.jpg
54106,,,,,c:\Users\LEGION\Documents\jupyter_notebook\Fashion-Intelligence-System\A2_FashionDataset\FashionDataset\test\images_test\54106.jpg
54107,,,,,c:\Users\LEGION\Documents\jupyter_notebook\Fashion-Intelligence-System\A2_FashionDataset\FashionDataset\test\images_test\54107.jpg
54108,,,,,c:\Users\LEGION\Documents\jupyter_notebook\Fashion-Intelligence-System\A2_FashionDataset\FashionDataset\test\images_test\54108.jpg
54109,,,,,c:\Users\LEGION\Documents\jupyter_notebook\Fashion-Intelligence-System\A2_FashionDataset\FashionDataset\test\images_test\54109.jpg
54110,,,,,c:\Users\LEGION\Documents\jupyter_notebook\Fashion-Intelligence-System\A2_FashionDataset\FashionDataset\test\images_test\54110.jpg
54111,,,,,c:\Users\LEGION\Documents\jupyter_notebook\Fashion-Intelligence-System\A2_FashionDataset\FashionDataset\test\images_test\54111.jpg
54112,,,,,c:\Users\LEGION\Documents\jupyter_notebook\Fashion-Intelligence-System\A2_FashionDataset\FashionDataset\test\images_test\54112.jpg
54113,,,,,c:\Users\LEGION\Documents\jupyter_notebook\Fashion-Intelligence-System\A2_FashionDataset\FashionDataset\test\images_test\54113.jpg
54114,,,,,c:\Users\LEGION\Documents\jupyter_notebook\Fashion-Intelligence-System\A2_FashionDataset\FashionDataset\test\images_test\54114.jpg
54115,,,,,c:\Users\LEGION\Documents\jupyter_notebook\Fashion-Intelligence-System\A2_FashionDataset\FashionDataset\test\images_test\54115.jpg
54116,,,,,c:\Users\LEGION\Documents\jupyter_notebook\Fashion-Intelligence-System\A2_FashionDataset\FashionDataset\test\images_test\54116.jpg
54117,,,,,c:\Users\LEGION\Documents\jupyter_notebook\Fashion-Intelligence-System\A2_FashionDataset\FashionDataset\test\images_test\54117.jpg
54118,,,,,c:\Users\LEGION\Documents\jupyter_notebook\Fashion-Intelligence-System\A2_FashionDataset\FashionDataset\test\images_test\54118.jpg
54119,,,,,c:\Users\LEGION\Documents\jupyter_notebook\Fashion-Intelligence-System\A2_FashionDataset\FashionDataset\test\images_test\54119.jpg
54120,,,,,c:\Users\LEGION\Documents\jupyter_notebook\Fashion-Intelligence-System\A2_FashionDataset\FashionDataset\test\images_test\54120.jpg
54121,,,,,c:\Users\LEGION\Documents\jupyter_notebook\Fashion-Intelligence-System\A2_FashionDataset\FashionDataset\test\images_test\54121.jpg
54122,,,,,c:\Users\LEGION\Documents\jupyter_notebook\Fashion-Intelligence-System\A2_FashionDataset\FashionDataset\test\images_test\54122.jpg
54123,,,,,c:\Users\LEGION\Documents\jupyter_notebook\Fashion-Intelligence-System\A2_FashionDataset\FashionDataset\test\images_test\54123.jpg
54124,,,,,c:\Users\LEGION\Documents\jupyter_notebook\Fashion-Intelligence-System\A2_FashionDataset\FashionDataset\test\images_test\54124.jpg
54125,,,,,c:\Users\LEGION\Documents\jupyter_notebook\Fashion-Intelligence-System\A2_FashionDataset\FashionDataset\test\images_test\54125.jpg
54126,,,,,c:\Users\LEGION\Documents\jupyter_notebook\Fashion-Intelligence-System\A2_FashionDataset\FashionDataset\test\images_test\54126.jpg
54127,,,,,c:\Users\LEGION\Documents\jupyter_notebook\Fashion-Intelligence-System\A2_FashionDataset\FashionDataset\test\images_test\54127.jpg
54128,,,,,c:\Users\LEGION\Documents\jupyter_notebook\Fashion-Intelligence-System\A2_FashionDataset\FashionDataset\test\images_test\54128.jpg
54129,,,,,c:\Users\LEGION\Documents\jupyter_notebook\Fashion-Intelligence-System\A2_FashionDataset\FashionDataset\test\images_test\54129.jpg
54130,,,,,c:\Users\LEGION\Documents\jupyter_notebook\Fashion-Intelligence-System\A2_FashionDataset\FashionDataset\test\images_test\54130.jpg
54131,,,,,c:\Users\LEGION\Documents\jupyter_notebook\Fashion-Intelligence-System\A2_FashionDataset\FashionDataset\test\images_test\54131.jpg
54132,,,,,c:\Users\LEGION\Documents\jupyter_notebook\Fashion-Intelligence-System\A2_FashionDataset\FashionDataset\test\images_test\54132.jpg
54133,,,,,c:\Users\LEGION\Documents\jupyter_notebook\Fashion-Intelligence-System\A2_FashionDataset\FashionDataset\test\images_test\54133.jpg
54134,,,,,c:\Users\LEGION\Documents\jupyter_notebook\Fashion-Intelligence-System\A2_FashionDataset\FashionDataset\test\images_test\54134.jpg
54135,,,,,c:\Users\LEGION\Documents\jupyter_notebook\Fashion-Intelligence-System\A2_FashionDataset\FashionDataset\test\images_test\54135.jpg
54136,,,,,c:\Users\LEGION\Documents\jupyter_notebook\Fashion-Intelligence-System\A2_FashionDataset\FashionDataset\test\images_test\54136.jpg
54137,,,,,c:\Users\LEGION\Documents\jupyter_notebook\Fashion-Intelligence-System\A2_FashionDataset\FashionDataset\test\images_test\54137.jpg
54138,,,,,c:\Users\LEGION\Documents\jupyter_notebook\Fashion-Intelligence-System\A2_FashionDataset\FashionDataset\test\images_test\54138.jpg
54139,,,,,c:\Users\LEGION\Documents\jupyter_notebook\Fashion-Intelligence-System\A2_FashionDataset\FashionDataset\test\images_test\54139.jpg
54140,,,,,c:\Users\LEGION\Documents\jupyter_notebook\Fashion-Intelligence-System\A2_FashionDataset\FashionDataset\test\images_test\54140.jpg
54141,,,,,c:\Users\LEGION\Documents\jupyter_notebook\Fashion-Intelligence-System\A2_FashionDataset\FashionDataset\test\images_test\54141.jpg
54142,,,,,c:\Users\LEGION\Documents\jupyter_notebook\Fashion-Intelligence-System\A2_FashionDataset\FashionDataset\test\images_test\54142.jpg
54143,,,,,c:\Users\LEGION\Documents\jupyter_notebook\Fashion-Intelligence-System\A2_FashionDataset\FashionDataset\test\images_test\54143.jpg
54144,,,,,c:\Users\LEGION\Documents\jupyter_notebook\Fashion-Intelligence-System\A2_FashionDataset\FashionDataset\test\images_test\54144.jpg
54145,,,,,c:\Users\LEGION\Documents\jupyter_notebook\Fashion-Intelligence-System\A2_FashionDataset\FashionDataset\test\images_test\54145.jpg
54146,,,,,c:\Users\LEGION\Documents\jupyter_notebook\Fashion-Intelligence-System\A2_FashionDataset\FashionDataset\test\images_test\54146.jpg
54147,,,,,c:\Users\LEGION\Documents\jupyter_notebook\Fashion-Intelligence-System\A2_FashionDataset\FashionDataset\test\images_test\54147.jpg
54148,,,,,c:\Users\LEGION\Documents\jupyter_notebook\Fashion-Intelligence-System\A2_FashionDataset\FashionDataset\test\images_test\54148.jpg
54149,,,,,c:\Users\LEGION\Documents\jupyter_notebook\Fashion-Intelligence-System\A2_FashionDataset\FashionDataset\test\images_test\54149.jpg
54150,,,,,c:\Users\LEGION\Documents\jupyter_notebook\Fashion-Intelligence-System\A2_FashionDataset\FashionDataset\test\images_test\54150.jpg
54151,,,,,c:\Users\LEGION\Documents\jupyter_notebook\Fashion-Intelligence-System\A2_FashionDataset\FashionDataset\test\images_test\54151.jpg
54152,,,,,c:\Users\LEGION\Documents\jupyter_notebook\Fashion-Intelligence-System\A2_FashionDataset\FashionDataset\test\images_test\54152.jpg
54153,,,,,c:\Users\LEGION\Documents\jupyter_notebook\Fashion-Intelligence-System\A2_FashionDataset\FashionDataset\test\images_test\54153.jpg
54154,,,,,c:\Users\LEGION\Documents\jupyter_notebook\Fashion-Intelligence-System\A2_FashionDataset\FashionDataset\test\images_test\54154.jpg
54155,,,,,c:\Users\LEGION\Documents\jupyter_notebook\Fashion-Intelligence-System\A2_FashionDataset\FashionDataset\test\images_test\54155.jpg
54156,,,,,c:\Users\LEGION\Documents\jupyter_notebook\Fashion-Intelligence-System\A2_FashionDataset\FashionDataset\test\images_test\54156.jpg
54157,,,,,c:\Users\LEGION\Documents\jupyter_notebook\Fashion-Intelligence-System\A2_FashionDataset\FashionDataset\test\images_test\54157.jpg
54158,,,,,c:\Users\LEGION\Documents\jupyter_notebook\Fashion-Intelligence-System\A2_FashionDataset\FashionDataset\test\images_test\54158.jpg
54159,,,,,c:\Users\LEGION\Documents\jupyter_notebook\Fashion-Intelligence-System\A2_FashionDataset\FashionDataset\test\images_test\54159.jpg
54160,,,,,c:\Users\LEGION\Documents\jupyter_notebook\Fashion-Intelligence-System\A2_FashionDataset\FashionDataset\test\images_test\54160.jpg
54161,,,,,c:\Users\LEGION\Documents\jupyter_notebook\Fashion-Intelligence-System\A2_FashionDataset\FashionDataset\test\images_test\54161.jpg
54162,,,,,c:\Users\LEGION\Documents\jupyter_notebook\Fashion-Intelligence-System\A2_FashionDataset\FashionDataset\test\images_test\54162.jpg
54163,,,,,c:\Users\LEGION\Documents\jupyter_notebook\Fashion-Intelligence-System\A2_FashionDataset\FashionDataset\test\images_test\54163.jpg
54164,,,,,c:\Users\LEGION\Documents\jupyter_notebook\Fashion-Intelligence-System\A2_FashionDataset\FashionDataset\test\images_test\54164.jpg
54165,,,,,c:\Users\LEGION\Documents\jupyter_notebook\Fashion-Intelligence-System\A2_FashionDataset\FashionDataset\test\images_test\54165.jpg
54166,,,,,c:\Users\LEGION\Documents\jupyter_notebook\Fashion-Intelligence-System\A2_FashionDataset\FashionDataset\test\images_test\54166.jpg
54167,,,,,c:\Users\LEGION\Documents\jupyter_notebook\Fashion-Intelligence-System\A2_FashionDataset\FashionDataset\test\images_test\54167.jpg
54168,,,,,c:\Users\LEGION\Documents\jupyter_notebook\Fashion-Intelligence-System\A2_FashionDataset\FashionDataset\test\images_test\54168.jpg
54169,,,,,c:\Users\LEGION\Documents\jupyter_notebook\Fashion-Intelligence-System\A2_FashionDataset\FashionDataset\test\images_test\54169.jpg
54170,,,,,c:\Users\LEGION\Documents\jupyter_notebook\Fashion-Intelligence-System\A2_FashionDataset\FashionDataset\test\images_test\54170.jpg
54171,,,,,c:\Users\LEGION\Documents\jupyter_notebook\Fashion-Intelligence-System\A2_FashionDataset\FashionDataset\test\images_test\54171.jpg
54172,,,,,c:\Users\LEGION\Documents\jupyter_notebook\Fashion-Intelligence-System\A2_FashionDataset\FashionDataset\test\images_test\54172.jpg
54173,,,,,c:\Users\LEGION\Documents\jupyter_notebook\Fashion-Intelligence-System\A2_FashionDataset\FashionDataset\test\images_test\54173.jpg
54174,,,,,c:\Users\LEGION\Documents\jupyter_notebook\Fashion-Intelligence-System\A2_FashionDataset\FashionDataset\test\images_test\54174.jpg
54175,,,,,c:\Users\LEGION\Documents\jupyter_notebook\Fashion-Intelligence-System\A2_FashionDataset\FashionDataset\test\images_test\54175.jpg
54176,,,,,c:\Users\LEGION\Documents\jupyter_notebook\Fashion-Intelligence-System\A2_FashionDataset\FashionDataset\test\images_test\54176.jpg
54177,,,,,c:\Users\LEGION\Documents\jupyter_notebook\Fashion-Intelligence-System\A2_FashionDataset\FashionDataset\test\images_test\54177.jpg
54178,,,,,c:\Users\LEGION\Documents\jupyter_notebook\Fashion-Intelligence-System\A2_FashionDataset\FashionDataset\test\images_test\54178.jpg
54182,,,,,c:\Users\LEGION\Documents\jupyter_notebook\Fashion-Intelligence-System\A2_FashionDataset\FashionDataset\test\images_test\54182.jpg
54183,,,,,c:\Users\LEGION\Documents\jupyter_notebook\Fashion-Intelligence-System\A2_FashionDataset\FashionDataset\test\images_test\54183.jpg
54185,,,,,c:\Users\LEGION\Documents\jupyter_notebook\Fashion-Intelligence-System\A2_FashionDataset\FashionDataset\test\images_test\54185.jpg
54186,,,,,c:\Users\LEGION\Documents\jupyter_notebook\Fashion-Intelligence-System\A2_FashionDataset\FashionDataset\test\images_test\54186.jpg
54187,,,,,c:\Users\LEGION\Documents\jupyter_notebook\Fashion-Intelligence-System\A2_FashionDataset\FashionDataset\test\images_test\54187.jpg
54188,,,,,c:\Users\LEGION\Documents\jupyter_notebook\Fashion-Intelligence-System\A2_FashionDataset\FashionDataset\test\images_test\54188.jpg
54189,,,,,c:\Users\LEGION\Documents\jupyter_notebook\Fashion-Intelligence-System\A2_FashionDataset\FashionDataset\test\images_test\54189.jpg
54192,,,,,c:\Users\LEGION\Documents\jupyter_notebook\Fashion-Intelligence-System\A2_FashionDataset\FashionDataset\test\images_test\54192.jpg
54194,,,,,c:\Users\LEGION\Documents\jupyter_notebook\Fashion-Intelligence-System\A2_FashionDataset\FashionDataset\test\images_test\54194.jpg
54200,,,,,c:\Users\LEGION\Documents\jupyter_notebook\Fashion-Intelligence-System\A2_FashionDataset\FashionDataset\test\images_test\54200.jpg
54202,,,,,c:\Users\LEGION\Documents\jupyter_notebook\Fashion-Intelligence-System\A2_FashionDataset\FashionDataset\test\images_test\54202.jpg
54225,,,,,c:\Users\LEGION\Documents\jupyter_notebook\Fashion-Intelligence-System\A2_FashionDataset\FashionDataset\test\images_test\54225.jpg
54226,,,,,c:\Users\LEGION\Documents\jupyter_notebook\Fashion-Intelligence-System\A2_FashionDataset\FashionDataset\test\images_test\54226.jpg
54228,,,,,c:\Users\LEGION\Documents\jupyter_notebook\Fashion-Intelligence-System\A2_FashionDataset\FashionDataset\test\images_test\54228.jpg
54229,,,,,c:\Users\LEGION\Documents\jupyter_notebook\Fashion-Intelligence-System\A2_FashionDataset\FashionDataset\test\images_test\54229.jpg
54252,,,,,c:\Users\LEGION\Documents\jupyter_notebook\Fashion-Intelligence-System\A2_FashionDataset\FashionDataset\test\images_test\54252.jpg
54280,,,,,c:\Users\LEGION\Documents\jupyter_notebook\Fashion-Intelligence-System\A2_FashionDataset\FashionDataset\test\images_test\54280.jpg
54302,,,,,c:\Users\LEGION\Documents\jupyter_notebook\Fashion-Intelligence-System\A2_FashionDataset\FashionDataset\test\images_test\54302.jpg
54303,,,,,c:\Users\LEGION\Documents\jupyter_notebook\Fashion-Intelligence-System\A2_FashionDataset\FashionDataset\test\images_test\54303.jpg
54304,,,,,c:\Users\LEGION\Documents\jupyter_notebook\Fashion-Intelligence-System\A2_FashionDataset\FashionDataset\test\images_test\54304.jpg
54305,,,,,c:\Users\LEGION\Documents\jupyter_notebook\Fashion-Intelligence-System\A2_FashionDataset\FashionDataset\test\images_test\54305.jpg
54306,,,,,c:\Users\LEGION\Documents\jupyter_notebook\Fashion-Intelligence-System\A2_FashionDataset\FashionDataset\test\images_test\54306.jpg
54307,,,,,c:\Users\LEGION\Documents\jupyter_notebook\Fashion-Intelligence-System\A2_FashionDataset\FashionDataset\test\images_test\54307.jpg
54311,,,,,c:\Users\LEGION\Documents\jupyter_notebook\Fashion-Intelligence-System\A2_FashionDataset\FashionDataset\test\images_test\54311.jpg
54318,,,,,c:\Users\LEGION\Documents\jupyter_notebook\Fashion-Intelligence-System\A2_FashionDataset\FashionDataset\test\images_test\54318.jpg
54319,,,,,c:\Users\LEGION\Documents\jupyter_notebook\Fashion-Intelligence-System\A2_FashionDataset\FashionDataset\test\images_test\54319.jpg
54320,,,,,c:\Users\LEGION\Documents\jupyter_notebook\Fashion-Intelligence-System\A2_FashionDataset\FashionDataset\test\images_test\54320.jpg
54325,,,,,c:\Users\LEGION\Documents\jupyter_notebook\Fashion-Intelligence-System\A2_FashionDataset\FashionDataset\test\images_test\54325.jpg
54326,,,,,c:\Users\LEGION\Documents\jupyter_notebook\Fashion-Intelligence-System\A2_FashionDataset\FashionDataset\test\images_test\54326.jpg
54327,,,,,c:\Users\LEGION\Documents\jupyter_notebook\Fashion-Intelligence-System\A2_FashionDataset\FashionDataset\test\images_test\54327.jpg
54328,,,,,c:\Users\LEGION\Documents\jupyter_notebook\Fashion-Intelligence-System\A2_FashionDataset\FashionDataset\test\images_test\54328.jpg
54329,,,,,c:\Users\LEGION\Documents\jupyter_notebook\Fashion-Intelligence-System\A2_FashionDataset\FashionDataset\test\images_test\54329.jpg
54330,,,,,c:\Users\LEGION\Documents\jupyter_notebook\Fashion-Intelligence-System\A2_FashionDataset\FashionDataset\test\images_test\54330.jpg
54332,,,,,c:\Users\LEGION\Documents\jupyter_notebook\Fashion-Intelligence-System\A2_FashionDataset\FashionDataset\test\images_test\54332.jpg
54334,,,,,c:\Users\LEGION\Documents\jupyter_notebook\Fashion-Intelligence-System\A2_FashionDataset\FashionDataset\test\images_test\54334.jpg
54338,,,,,c:\Users\LEGION\Documents\jupyter_notebook\Fashion-Intelligence-System\A2_FashionDataset\FashionDataset\test\images_test\54338.jpg
54339,,,,,c:\Users\LEGION\Documents\jupyter_notebook\Fashion-Intelligence-System\A2_FashionDataset\FashionDataset\test\images_test\54339.jpg
54340,,,,,c:\Users\LEGION\Documents\jupyter_notebook\Fashion-Intelligence-System\A2_FashionDataset\FashionDataset\test\images_test\54340.jpg
54341,,,,,c:\Users\LEGION\Documents\jupyter_notebook\Fashion-Intelligence-System\A2_FashionDataset\FashionDataset\test\images_test\54341.jpg
54342,,,,,c:\Users\LEGION\Documents\jupyter_notebook\Fashion-Intelligence-System\A2_FashionDataset\FashionDataset\test\images_test\54342.jpg
54343,,,,,c:\Users\LEGION\Documents\jupyter_notebook\Fashion-Intelligence-System\A2_FashionDataset\FashionDataset\test\images_test\54343.jpg
54344,,,,,c:\Users\LEGION\Documents\jupyter_notebook\Fashion-Intelligence-System\A2_FashionDataset\FashionDataset\test\images_test\54344.jpg
54345,,,,,c:\Users\LEGION\Documents\jupyter_notebook\Fashion-Intelligence-System\A2_FashionDataset\FashionDataset\test\images_test\54345.jpg
54346,,,,,c:\Users\LEGION\Documents\jupyter_notebook\Fashion-Intelligence-System\A2_FashionDataset\FashionDataset\test\images_test\54346.jpg
54375,,,,,c:\Users\LEGION\Documents\jupyter_notebook\Fashion-Intelligence-System\A2_FashionDataset\FashionDataset\test\images_test\54375.jpg
54380,,,,,c:\Users\LEGION\Documents\jupyter_notebook\Fashion-Intelligence-System\A2_FashionDataset\FashionDataset\test\images_test\54380.jpg
54381,,,,,c:\Users\LEGION\Documents\jupyter_notebook\Fashion-Intelligence-System\A2_FashionDataset\FashionDataset\test\images_test\54381.jpg
54382,,,,,c:\Users\LEGION\Documents\jupyter_notebook\Fashion-Intelligence-System\A2_FashionDataset\FashionDataset\test\images_test\54382.jpg
54383,,,,,c:\Users\LEGION\Documents\jupyter_notebook\Fashion-Intelligence-System\A2_FashionDataset\FashionDataset\test\images_test\54383.jpg
54384,,,,,c:\Users\LEGION\Documents\jupyter_notebook\Fashion-Intelligence-System\A2_FashionDataset\FashionDataset\test\images_test\54384.jpg
54385,,,,,c:\Users\LEGION\Documents\jupyter_notebook\Fashion-Intelligence-System\A2_FashionDataset\FashionDataset\test\images_test\54385.jpg
54386,,,,,c:\Users\LEGION\Documents\jupyter_notebook\Fashion-Intelligence-System\A2_FashionDataset\FashionDataset\test\images_test\54386.jpg
54387,,,,,c:\Users\LEGION\Documents\jupyter_notebook\Fashion-Intelligence-System\A2_FashionDataset\FashionDataset\test\images_test\54387.jpg
54388,,,,,c:\Users\LEGION\Documents\jupyter_notebook\Fashion-Intelligence-System\A2_FashionDataset\FashionDataset\test\images_test\54388.jpg
54389,,,,,c:\Users\LEGION\Documents\jupyter_notebook\Fashion-Intelligence-System\A2_FashionDataset\FashionDataset\test\images_test\54389.jpg
54390,,,,,c:\Users\LEGION\Documents\jupyter_notebook\Fashion-Intelligence-System\A2_FashionDataset\FashionDataset\test\images_test\54390.jpg
54391,,,,,c:\Users\LEGION\Documents\jupyter_notebook\Fashion-Intelligence-System\A2_FashionDataset\FashionDataset\test\images_test\54391.jpg
54392,,,,,c:\Users\LEGION\Documents\jupyter_notebook\Fashion-Intelligence-System\A2_FashionDataset\FashionDataset\test\images_test\54392.jpg
54393,,,,,c:\Users\LEGION\Documents\jupyter_notebook\Fashion-Intelligence-System\A2_FashionDataset\FashionDataset\test\images_test\54393.jpg
54394,,,,,c:\Users\LEGION\Documents\jupyter_notebook\Fashion-Intelligence-System\A2_FashionDataset\FashionDataset\test\images_test\54394.jpg
54395,,,,,c:\Users\LEGION\Documents\jupyter_notebook\Fashion-Intelligence-System\A2_FashionDataset\FashionDataset\test\images_test\54395.jpg
54396,,,,,c:\Users\LEGION\Documents\jupyter_notebook\Fashion-Intelligence-System\A2_FashionDataset\FashionDataset\test\images_test\54396.jpg
54397,,,,,c:\Users\LEGION\Documents\jupyter_notebook\Fashion-Intelligence-System\A2_FashionDataset\FashionDataset\test\images_test\54397.jpg
54398,,,,,c:\Users\LEGION\Documents\jupyter_notebook\Fashion-Intelligence-System\A2_FashionDataset\FashionDataset\test\images_test\54398.jpg
54399,,,,,c:\Users\LEGION\Documents\jupyter_notebook\Fashion-Intelligence-System\A2_FashionDataset\FashionDataset\test\images_test\54399.jpg
54400,,,,,c:\Users\LEGION\Documents\jupyter_notebook\Fashion-Intelligence-System\A2_FashionDataset\FashionDataset\test\images_test\54400.jpg
54401,,,,,c:\Users\LEGION\Documents\jupyter_notebook\Fashion-Intelligence-System\A2_FashionDataset\FashionDataset\test\images_test\54401.jpg
54402,,,,,c:\Users\LEGION\Documents\jupyter_notebook\Fashion-Intelligence-System\A2_FashionDataset\FashionDataset\test\images_test\54402.jpg
54403,,,,,c:\Users\LEGION\Documents\jupyter_notebook\Fashion-Intelligence-System\A2_FashionDataset\FashionDataset\test\images_test\54403.jpg
54404,,,,,c:\Users\LEGION\Documents\jupyter_notebook\Fashion-Intelligence-System\A2_FashionDataset\FashionDataset\test\images_test\54404.jpg
54405,,,,,c:\Users\LEGION\Documents\jupyter_notebook\Fashion-Intelligence-System\A2_FashionDataset\FashionDataset\test\images_test\54405.jpg
54406,,,,,c:\Users\LEGION\Documents\jupyter_notebook\Fashion-Intelligence-System\A2_FashionDataset\FashionDataset\test\images_test\54406.jpg
54407,,,,,c:\Users\LEGION\Documents\jupyter_notebook\Fashion-Intelligence-System\A2_FashionDataset\FashionDataset\test\images_test\54407.jpg
54408,,,,,c:\Users\LEGION\Documents\jupyter_notebook\Fashion-Intelligence-System\A2_FashionDataset\FashionDataset\test\images_test\54408.jpg
54409,,,,,c:\Users\LEGION\Documents\jupyter_notebook\Fashion-Intelligence-System\A2_FashionDataset\FashionDataset\test\images_test\54409.jpg
54410,,,,,c:\Users\LEGION\Documents\jupyter_notebook\Fashion-Intelligence-System\A2_FashionDataset\FashionDataset\test\images_test\54410.jpg
54411,,,,,c:\Users\LEGION\Documents\jupyter_notebook\Fashion-Intelligence-System\A2_FashionDataset\FashionDataset\test\images_test\54411.jpg
54412,,,,,c:\Users\LEGION\Documents\jupyter_notebook\Fashion-Intelligence-System\A2_FashionDataset\FashionDataset\test\images_test\54412.jpg
54475,,,,,c:\Users\LEGION\Documents\jupyter_notebook\Fashion-Intelligence-System\A2_FashionDataset\FashionDataset\test\images_test\54475.jpg
54476,,,,,c:\Users\LEGION\Documents\jupyter_notebook\Fashion-Intelligence-System\A2_FashionDataset\FashionDataset\test\images_test\54476.jpg
54477,,,,,c:\Users\LEGION\Documents\jupyter_notebook\Fashion-Intelligence-System\A2_FashionDataset\FashionDataset\test\images_test\54477.jpg
54478,,,,,c:\Users\LEGION\Documents\jupyter_notebook\Fashion-Intelligence-System\A2_FashionDataset\FashionDataset\test\images_test\54478.jpg
54479,,,,,c:\Users\LEGION\Documents\jupyter_notebook\Fashion-Intelligence-System\A2_FashionDataset\FashionDataset\test\images_test\54479.jpg
54480,,,,,c:\Users\LEGION\Documents\jupyter_notebook\Fashion-Intelligence-System\A2_FashionDataset\FashionDataset\test\images_test\54480.jpg
54481,,,,,c:\Users\LEGION\Documents\jupyter_notebook\Fashion-Intelligence-System\A2_FashionDataset\FashionDataset\test\images_test\54481.jpg
54482,,,,,c:\Users\LEGION\Documents\jupyter_notebook\Fashion-Intelligence-System\A2_FashionDataset\FashionDataset\test\images_test\54482.jpg
54483,,,,,c:\Users\LEGION\Documents\jupyter_notebook\Fashion-Intelligence-System\A2_FashionDataset\FashionDataset\test\images_test\54483.jpg
54484,,,,,c:\Users\LEGION\Documents\jupyter_notebook\Fashion-Intelligence-System\A2_FashionDataset\FashionDataset\test\images_test\54484.jpg
54485,,,,,c:\Users\LEGION\Documents\jupyter_notebook\Fashion-Intelligence-System\A2_FashionDataset\FashionDataset\test\images_test\54485.jpg
54486,,,,,c:\Users\LEGION\Documents\jupyter_notebook\Fashion-Intelligence-System\A2_FashionDataset\FashionDataset\test\images_test\54486.jpg
54487,,,,,c:\Users\LEGION\Documents\jupyter_notebook\Fashion-Intelligence-System\A2_FashionDataset\FashionDataset\test\images_test\54487.jpg
54488,,,,,c:\Users\LEGION\Documents\jupyter_notebook\Fashion-Intelligence-System\A2_FashionDataset\FashionDataset\test\images_test\54488.jpg
54489,,,,,c:\Users\LEGION\Documents\jupyter_notebook\Fashion-Intelligence-System\A2_FashionDataset\FashionDataset\test\images_test\54489.jpg
54490,,,,,c:\Users\LEGION\Documents\jupyter_notebook\Fashion-Intelligence-System\A2_FashionDataset\FashionDataset\test\images_test\54490.jpg
54491,,,,,c:\Users\LEGION\Documents\jupyter_notebook\Fashion-Intelligence-System\A2_FashionDataset\FashionDataset\test\images_test\54491.jpg
54492,,,,,c:\Users\LEGION\Documents\jupyter_notebook\Fashion-Intelligence-System\A2_FashionDataset\FashionDataset\test\images_test\54492.jpg
54493,,,,,c:\Users\LEGION\Documents\jupyter_notebook\Fashion-Intelligence-System\A2_FashionDataset\FashionDataset\test\images_test\54493.jpg
54494,,,,,c:\Users\LEGION\Documents\jupyter_notebook\Fashion-Intelligence-System\A2_FashionDataset\FashionDataset\test\images_test\54494.jpg
54495,,,,,c:\Users\LEGION\Documents\jupyter_notebook\Fashion-Intelligence-System\A2_FashionDataset\FashionDataset\test\images_test\54495.jpg
54496,,,,,c:\Users\LEGION\Documents\jupyter_notebook\Fashion-Intelligence-System\A2_FashionDataset\FashionDataset\test\images_test\54496.jpg
54497,,,,,c:\Users\LEGION\Documents\jupyter_notebook\Fashion-Intelligence-System\A2_FashionDataset\FashionDataset\test\images_test\54497.jpg
54498,,,,,c:\Users\LEGION\Documents\jupyter_notebook\Fashion-Intelligence-System\A2_FashionDataset\FashionDataset\test\images_test\54498.jpg
54499,,,,,c:\Users\LEGION\Documents\jupyter_notebook\Fashion-Intelligence-System\A2_FashionDataset\FashionDataset\test\images_test\54499.jpg
54500,,,,,c:\Users\LEGION\Documents\jupyter_notebook\Fashion-Intelligence-System\A2_FashionDataset\FashionDataset\test\images_test\54500.jpg
54501,,,,,c:\Users\LEGION\Documents\jupyter_notebook\Fashion-Intelligence-System\A2_FashionDataset\FashionDataset\test\images_test\54501.jpg
54502,,,,,c:\Users\LEGION\Documents\jupyter_notebook\Fashion-Intelligence-System\A2_FashionDataset\FashionDataset\test\images_test\54502.jpg
54503,,,,,c:\Users\LEGION\Documents\jupyter_notebook\Fashion-Intelligence-System\A2_FashionDataset\FashionDataset\test\images_test\54503.jpg
54504,,,,,c:\Users\LEGION\Documents\jupyter_notebook\Fashion-Intelligence-System\A2_FashionDataset\FashionDataset\test\images_test\54504.jpg
54505,,,,,c:\Users\LEGION\Documents\jupyter_notebook\Fashion-Intelligence-System\A2_FashionDataset\FashionDataset\test\images_test\54505.jpg
54506,,,,,c:\Users\LEGION\Documents\jupyter_notebook\Fashion-Intelligence-System\A2_FashionDataset\FashionDataset\test\images_test\54506.jpg
54507,,,,,c:\Users\LEGION\Documents\jupyter_notebook\Fashion-Intelligence-System\A2_FashionDataset\FashionDataset\test\images_test\54507.jpg
54508,,,,,c:\Users\LEGION\Documents\jupyter_notebook\Fashion-Intelligence-System\A2_FashionDataset\FashionDataset\test\images_test\54508.jpg
54509,,,,,c:\Users\LEGION\Documents\jupyter_notebook\Fashion-Intelligence-System\A2_FashionDataset\FashionDataset\test\images_test\54509.jpg
54510,,,,,c:\Users\LEGION\Documents\jupyter_notebook\Fashion-Intelligence-System\A2_FashionDataset\FashionDataset\test\images_test\54510.jpg
54511,,,,,c:\Users\LEGION\Documents\jupyter_notebook\Fashion-Intelligence-System\A2_FashionDataset\FashionDataset\test\images_test\54511.jpg
54512,,,,,c:\Users\LEGION\Documents\jupyter_notebook\Fashion-Intelligence-System\A2_FashionDataset\FashionDataset\test\images_test\54512.jpg
54513,,,,,c:\Users\LEGION\Documents\jupyter_notebook\Fashion-Intelligence-System\A2_FashionDataset\FashionDataset\test\images_test\54513.jpg
54514,,,,,c:\Users\LEGION\Documents\jupyter_notebook\Fashion-Intelligence-System\A2_FashionDataset\FashionDataset\test\images_test\54514.jpg
54515,,,,,c:\Users\LEGION\Documents\jupyter_notebook\Fashion-Intelligence-System\A2_FashionDataset\FashionDataset\test\images_test\54515.jpg
54516,,,,,c:\Users\LEGION\Documents\jupyter_notebook\Fashion-Intelligence-System\A2_FashionDataset\FashionDataset\test\images_test\54516.jpg
54517,,,,,c:\Users\LEGION\Documents\jupyter_notebook\Fashion-Intelligence-System\A2_FashionDataset\FashionDataset\test\images_test\54517.jpg
54518,,,,,c:\Users\LEGION\Documents\jupyter_notebook\Fashion-Intelligence-System\A2_FashionDataset\FashionDataset\test\images_test\54518.jpg
54519,,,,,c:\Users\LEGION\Documents\jupyter_notebook\Fashion-Intelligence-System\A2_FashionDataset\FashionDataset\test\images_test\54519.jpg
54520,,,,,c:\Users\LEGION\Documents\jupyter_notebook\Fashion-Intelligence-System\A2_FashionDataset\FashionDataset\test\images_test\54520.jpg
54521,,,,,c:\Users\LEGION\Documents\jupyter_notebook\Fashion-Intelligence-System\A2_FashionDataset\FashionDataset\test\images_test\54521.jpg
54522,,,,,c:\Users\LEGION\Documents\jupyter_notebook\Fashion-Intelligence-System\A2_FashionDataset\FashionDataset\test\images_test\54522.jpg
54523,,,,,c:\Users\LEGION\Documents\jupyter_notebook\Fashion-Intelligence-System\A2_FashionDataset\FashionDataset\test\images_test\54523.jpg
54524,,,,,c:\Users\LEGION\Documents\jupyter_notebook\Fashion-Intelligence-System\A2_FashionDataset\FashionDataset\test\images_test\54524.jpg
54525,,,,,c:\Users\LEGION\Documents\jupyter_notebook\Fashion-Intelligence-System\A2_FashionDataset\FashionDataset\test\images_test\54525.jpg
54526,,,,,c:\Users\LEGION\Documents\jupyter_notebook\Fashion-Intelligence-System\A2_FashionDataset\FashionDataset\test\images_test\54526.jpg
54527,,,,,c:\Users\LEGION\Documents\jupyter_notebook\Fashion-Intelligence-System\A2_FashionDataset\FashionDataset\test\images_test\54527.jpg
54528,,,,,c:\Users\LEGION\Documents\jupyter_notebook\Fashion-Intelligence-System\A2_FashionDataset\FashionDataset\test\images_test\54528.jpg
54529,,,,,c:\Users\LEGION\Documents\jupyter_notebook\Fashion-Intelligence-System\A2_FashionDataset\FashionDataset\test\images_test\54529.jpg
54530,,,,,c:\Users\LEGION\Documents\jupyter_notebook\Fashion-Intelligence-System\A2_FashionDataset\FashionDataset\test\images_test\54530.jpg
54533,,,,,c:\Users\LEGION\Documents\jupyter_notebook\Fashion-Intelligence-System\A2_FashionDataset\FashionDataset\test\images_test\54533.jpg
54534,,,,,c:\Users\LEGION\Documents\jupyter_notebook\Fashion-Intelligence-System\A2_FashionDataset\FashionDataset\test\images_test\54534.jpg
54535,,,,,c:\Users\LEGION\Documents\jupyter_notebook\Fashion-Intelligence-System\A2_FashionDataset\FashionDataset\test\images_test\54535.jpg
54536,,,,,c:\Users\LEGION\Documents\jupyter_notebook\Fashion-Intelligence-System\A2_FashionDataset\FashionDataset\test\images_test\54536.jpg
54537,,,,,c:\Users\LEGION\Documents\jupyter_notebook\Fashion-Intelligence-System\A2_FashionDataset\FashionDataset\test\images_test\54537.jpg
54538,,,,,c:\Users\LEGION\Documents\jupyter_notebook\Fashion-Intelligence-System\A2_FashionDataset\FashionDataset\test\images_test\54538.jpg
54539,,,,,c:\Users\LEGION\Documents\jupyter_notebook\Fashion-Intelligence-System\A2_FashionDataset\FashionDataset\test\images_test\54539.jpg
54540,,,,,c:\Users\LEGION\Documents\jupyter_notebook\Fashion-Intelligence-System\A2_FashionDataset\FashionDataset\test\images_test\54540.jpg
54541,,,,,c:\Users\LEGION\Documents\jupyter_notebook\Fashion-Intelligence-System\A2_FashionDataset\FashionDataset\test\images_test\54541.jpg
54542,,,,,c:\Users\LEGION\Documents\jupyter_notebook\Fashion-Intelligence-System\A2_FashionDataset\FashionDataset\test\images_test\54542.jpg
54543,,,,,c:\Users\LEGION\Documents\jupyter_notebook\Fashion-Intelligence-System\A2_FashionDataset\FashionDataset\test\images_test\54543.jpg
54544,,,,,c:\Users\LEGION\Documents\jupyter_notebook\Fashion-Intelligence-System\A2_FashionDataset\FashionDataset\test\images_test\54544.jpg
54545,,,,,c:\Users\LEGION\Documents\jupyter_notebook\Fashion-Intelligence-System\A2_FashionDataset\FashionDataset\test\images_test\54545.jpg
54546,,,,,c:\Users\LEGION\Documents\jupyter_notebook\Fashion-Intelligence-System\A2_FashionDataset\FashionDataset\test\images_test\54546.jpg
54547,,,,,c:\Users\LEGION\Documents\jupyter_notebook\Fashion-Intelligence-System\A2_FashionDataset\FashionDataset\test\images_test\54547.jpg
54548,,,,,c:\Users\LEGION\Documents\jupyter_notebook\Fashion-Intelligence-System\A2_FashionDataset\FashionDataset\test\images_test\54548.jpg
54549,,,,,c:\Users\LEGION\Documents\jupyter_notebook\Fashion-Intelligence-System\A2_FashionDataset\FashionDataset\test\images_test\54549.jpg
54550,,,,,c:\Users\LEGION\Documents\jupyter_notebook\Fashion-Intelligence-System\A2_FashionDataset\FashionDataset\test\images_test\54550.jpg
54551,,,,,c:\Users\LEGION\Documents\jupyter_notebook\Fashion-Intelligence-System\A2_FashionDataset\FashionDataset\test\images_test\54551.jpg
54553,,,,,c:\Users\LEGION\Documents\jupyter_notebook\Fashion-Intelligence-System\A2_FashionDataset\FashionDataset\test\images_test\54553.jpg
54554,,,,,c:\Users\LEGION\Documents\jupyter_notebook\Fashion-Intelligence-System\A2_FashionDataset\FashionDataset\test\images_test\54554.jpg
54555,,,,,c:\Users\LEGION\Documents\jupyter_notebook\Fashion-Intelligence-System\A2_FashionDataset\FashionDataset\test\images_test\54555.jpg
54556,,,,,c:\Users\LEGION\Documents\jupyter_notebook\Fashion-Intelligence-System\A2_FashionDataset\FashionDataset\test\images_test\54556.jpg
54557,,,,,c:\Users\LEGION\Documents\jupyter_notebook\Fashion-Intelligence-System\A2_FashionDataset\FashionDataset\test\images_test\54557.jpg
54558,,,,,c:\Users\LEGION\Documents\jupyter_notebook\Fashion-Intelligence-System\A2_FashionDataset\FashionDataset\test\images_test\54558.jpg
54559,,,,,c:\Users\LEGION\Documents\jupyter_notebook\Fashion-Intelligence-System\A2_FashionDataset\FashionDataset\test\images_test\54559.jpg
54561,,,,,c:\Users\LEGION\Documents\jupyter_notebook\Fashion-Intelligence-System\A2_FashionDataset\FashionDataset\test\images_test\54561.jpg
54562,,,,,c:\Users\LEGION\Documents\jupyter_notebook\Fashion-Intelligence-System\A2_FashionDataset\FashionDataset\test\images_test\54562.jpg
54563,,,,,c:\Users\LEGION\Documents\jupyter_notebook\Fashion-Intelligence-System\A2_FashionDataset\FashionDataset\test\images_test\54563.jpg
54564,,,,,c:\Users\LEGION\Documents\jupyter_notebook\Fashion-Intelligence-System\A2_FashionDataset\FashionDataset\test\images_test\54564.jpg
54565,,,,,c:\Users\LEGION\Documents\jupyter_notebook\Fashion-Intelligence-System\A2_FashionDataset\FashionDataset\test\images_test\54565.jpg
54566,,,,,c:\Users\LEGION\Documents\jupyter_notebook\Fashion-Intelligence-System\A2_FashionDataset\FashionDataset\test\images_test\54566.jpg
54567,,,,,c:\Users\LEGION\Documents\jupyter_notebook\Fashion-Intelligence-System\A2_FashionDataset\FashionDataset\test\images_test\54567.jpg
54568,,,,,c:\Users\LEGION\Documents\jupyter_notebook\Fashion-Intelligence-System\A2_FashionDataset\FashionDataset\test\images_test\54568.jpg
54569,,,,,c:\Users\LEGION\Documents\jupyter_notebook\Fashion-Intelligence-System\A2_FashionDataset\FashionDataset\test\images_test\54569.jpg
54570,,,,,c:\Users\LEGION\Documents\jupyter_notebook\Fashion-Intelligence-System\A2_FashionDataset\FashionDataset\test\images_test\54570.jpg
54571,,,,,c:\Users\LEGION\Documents\jupyter_notebook\Fashion-Intelligence-System\A2_FashionDataset\FashionDataset\test\images_test\54571.jpg
54572,,,,,c:\Users\LEGION\Documents\jupyter_notebook\Fashion-Intelligence-System\A2_FashionDataset\FashionDataset\test\images_test\54572.jpg
54573,,,,,c:\Users\LEGION\Documents\jupyter_notebook\Fashion-Intelligence-System\A2_FashionDataset\FashionDataset\test\images_test\54573.jpg
54574,,,,,c:\Users\LEGION\Documents\jupyter_notebook\Fashion-Intelligence-System\A2_FashionDataset\FashionDataset\test\images_test\54574.jpg
54575,,,,,c:\Users\LEGION\Documents\jupyter_notebook\Fashion-Intelligence-System\A2_FashionDataset\FashionDataset\test\images_test\54575.jpg
54576,,,,,c:\Users\LEGION\Documents\jupyter_notebook\Fashion-Intelligence-System\A2_FashionDataset\FashionDataset\test\images_test\54576.jpg
54577,,,,,c:\Users\LEGION\Documents\jupyter_notebook\Fashion-Intelligence-System\A2_FashionDataset\FashionDataset\test\images_test\54577.jpg
54578,,,,,c:\Users\LEGION\Documents\jupyter_notebook\Fashion-Intelligence-System\A2_FashionDataset\FashionDataset\test\images_test\54578.jpg
54579,,,,,c:\Users\LEGION\Documents\jupyter_notebook\Fashion-Intelligence-System\A2_FashionDataset\FashionDataset\test\images_test\54579.jpg
54580,,,,,c:\Users\LEGION\Documents\jupyter_notebook\Fashion-Intelligence-System\A2_FashionDataset\FashionDataset\test\images_test\54580.jpg
54581,,,,,c:\Users\LEGION\Documents\jupyter_notebook\Fashion-Intelligence-System\A2_FashionDataset\FashionDataset\test\images_test\54581.jpg
54582,,,,,c:\Users\LEGION\Documents\jupyter_notebook\Fashion-Intelligence-System\A2_FashionDataset\FashionDataset\test\images_test\54582.jpg
54584,,,,,c:\Users\LEGION\Documents\jupyter_notebook\Fashion-Intelligence-System\A2_FashionDataset\FashionDataset\test\images_test\54584.jpg
54585,,,,,c:\Users\LEGION\Documents\jupyter_notebook\Fashion-Intelligence-System\A2_FashionDataset\FashionDataset\test\images_test\54585.jpg
54586,,,,,c:\Users\LEGION\Documents\jupyter_notebook\Fashion-Intelligence-System\A2_FashionDataset\FashionDataset\test\images_test\54586.jpg
54587,,,,,c:\Users\LEGION\Documents\jupyter_notebook\Fashion-Intelligence-System\A2_FashionDataset\FashionDataset\test\images_test\54587.jpg
54588,,,,,c:\Users\LEGION\Documents\jupyter_notebook\Fashion-Intelligence-System\A2_FashionDataset\FashionDataset\test\images_test\54588.jpg
54589,,,,,c:\Users\LEGION\Documents\jupyter_notebook\Fashion-Intelligence-System\A2_FashionDataset\FashionDataset\test\images_test\54589.jpg
54590,,,,,c:\Users\LEGION\Documents\jupyter_notebook\Fashion-Intelligence-System\A2_FashionDataset\FashionDataset\test\images_test\54590.jpg
54595,,,,,c:\Users\LEGION\Documents\jupyter_notebook\Fashion-Intelligence-System\A2_FashionDataset\FashionDataset\test\images_test\54595.jpg
54596,,,,,c:\Users\LEGION\Documents\jupyter_notebook\Fashion-Intelligence-System\A2_FashionDataset\FashionDataset\test\images_test\54596.jpg
54597,,,,,c:\Users\LEGION\Documents\jupyter_notebook\Fashion-Intelligence-System\A2_FashionDataset\FashionDataset\test\images_test\54597.jpg
54598,,,,,c:\Users\LEGION\Documents\jupyter_notebook\Fashion-Intelligence-System\A2_FashionDataset\FashionDataset\test\images_test\54598.jpg
54599,,,,,c:\Users\LEGION\Documents\jupyter_notebook\Fashion-Intelligence-System\A2_FashionDataset\FashionDataset\test\images_test\54599.jpg
54600,,,,,c:\Users\LEGION\Documents\jupyter_notebook\Fashion-Intelligence-System\A2_FashionDataset\FashionDataset\test\images_test\54600.jpg
54601,,,,,c:\Users\LEGION\Documents\jupyter_notebook\Fashion-Intelligence-System\A2_FashionDataset\FashionDataset\test\images_test\54601.jpg
54602,,,,,c:\Users\LEGION\Documents\jupyter_notebook\Fashion-Intelligence-System\A2_FashionDataset\FashionDataset\test\images_test\54602.jpg
54603,,,,,c:\Users\LEGION\Documents\jupyter_notebook\Fashion-Intelligence-System\A2_FashionDataset\FashionDataset\test\images_test\54603.jpg
54604,,,,,c:\Users\LEGION\Documents\jupyter_notebook\Fashion-Intelligence-System\A2_FashionDataset\FashionDataset\test\images_test\54604.jpg
54605,,,,,c:\Users\LEGION\Documents\jupyter_notebook\Fashion-Intelligence-System\A2_FashionDataset\FashionDataset\test\images_test\54605.jpg
54606,,,,,c:\Users\LEGION\Documents\jupyter_notebook\Fashion-Intelligence-System\A2_FashionDataset\FashionDataset\test\images_test\54606.jpg
54607,,,,,c:\Users\LEGION\Documents\jupyter_notebook\Fashion-Intelligence-System\A2_FashionDataset\FashionDataset\test\images_test\54607.jpg
54608,,,,,c:\Users\LEGION\Documents\jupyter_notebook\Fashion-Intelligence-System\A2_FashionDataset\FashionDataset\test\images_test\54608.jpg
54609,,,,,c:\Users\LEGION\Documents\jupyter_notebook\Fashion-Intelligence-System\A2_FashionDataset\FashionDataset\test\images_test\54609.jpg
54610,,,,,c:\Users\LEGION\Documents\jupyter_notebook\Fashion-Intelligence-System\A2_FashionDataset\FashionDataset\test\images_test\54610.jpg
54611,,,,,c:\Users\LEGION\Documents\jupyter_notebook\Fashion-Intelligence-System\A2_FashionDataset\FashionDataset\test\images_test\54611.jpg
54612,,,,,c:\Users\LEGION\Documents\jupyter_notebook\Fashion-Intelligence-System\A2_FashionDataset\FashionDataset\test\images_test\54612.jpg
54613,,,,,c:\Users\LEGION\Documents\jupyter_notebook\Fashion-Intelligence-System\A2_FashionDataset\FashionDataset\test\images_test\54613.jpg
54614,,,,,c:\Users\LEGION\Documents\jupyter_notebook\Fashion-Intelligence-System\A2_FashionDataset\FashionDataset\test\images_test\54614.jpg
54615,,,,,c:\Users\LEGION\Documents\jupyter_notebook\Fashion-Intelligence-System\A2_FashionDataset\FashionDataset\test\images_test\54615.jpg
54616,,,,,c:\Users\LEGION\Documents\jupyter_notebook\Fashion-Intelligence-System\A2_FashionDataset\FashionDataset\test\images_test\54616.jpg
54617,,,,,c:\Users\LEGION\Documents\jupyter_notebook\Fashion-Intelligence-System\A2_FashionDataset\FashionDataset\test\images_test\54617.jpg
54618,,,,,c:\Users\LEGION\Documents\jupyter_notebook\Fashion-Intelligence-System\A2_FashionDataset\FashionDataset\test\images_test\54618.jpg
54619,,,,,c:\Users\LEGION\Documents\jupyter_notebook\Fashion-Intelligence-System\A2_FashionDataset\FashionDataset\test\images_test\54619.jpg
54620,,,,,c:\Users\LEGION\Documents\jupyter_notebook\Fashion-Intelligence-System\A2_FashionDataset\FashionDataset\test\images_test\54620.jpg
54621,,,,,c:\Users\LEGION\Documents\jupyter_notebook\Fashion-Intelligence-System\A2_FashionDataset\FashionDataset\test\images_test\54621.jpg
54622,,,,,c:\Users\LEGION\Documents\jupyter_notebook\Fashion-Intelligence-System\A2_FashionDataset\FashionDataset\test\images_test\54622.jpg
54623,,,,,c:\Users\LEGION\Documents\jupyter_notebook\Fashion-Intelligence-System\A2_FashionDataset\FashionDataset\test\images_test\54623.jpg
54625,,,,,c:\Users\LEGION\Documents\jupyter_notebook\Fashion-Intelligence-System\A2_FashionDataset\FashionDataset\test\images_test\54625.jpg
54626,,,,,c:\Users\LEGION\Documents\jupyter_notebook\Fashion-Intelligence-System\A2_FashionDataset\FashionDataset\test\images_test\54626.jpg
54627,,,,,c:\Users\LEGION\Documents\jupyter_notebook\Fashion-Intelligence-System\A2_FashionDataset\FashionDataset\test\images_test\54627.jpg
54628,,,,,c:\Users\LEGION\Documents\jupyter_notebook\Fashion-Intelligence-System\A2_FashionDataset\FashionDataset\test\images_test\54628.jpg
54629,,,,,c:\Users\LEGION\Documents\jupyter_notebook\Fashion-Intelligence-System\A2_FashionDataset\FashionDataset\test\images_test\54629.jpg
54630,,,,,c:\Users\LEGION\Documents\jupyter_notebook\Fashion-Intelligence-System\A2_FashionDataset\FashionDataset\test\images_test\54630.jpg
54631,,,,,c:\Users\LEGION\Documents\jupyter_notebook\Fashion-Intelligence-System\A2_FashionDataset\FashionDataset\test\images_test\54631.jpg
54632,,,,,c:\Users\LEGION\Documents\jupyter_notebook\Fashion-Intelligence-System\A2_FashionDataset\FashionDataset\test\images_test\54632.jpg
54633,,,,,c:\Users\LEGION\Documents\jupyter_notebook\Fashion-Intelligence-System\A2_FashionDataset\FashionDataset\test\images_test\54633.jpg
54634,,,,,c:\Users\LEGION\Documents\jupyter_notebook\Fashion-Intelligence-System\A2_FashionDataset\FashionDataset\test\images_test\54634.jpg
54635,,,,,c:\Users\LEGION\Documents\jupyter_notebook\Fashion-Intelligence-System\A2_FashionDataset\FashionDataset\test\images_test\54635.jpg
54636,,,,,c:\Users\LEGION\Documents\jupyter_notebook\Fashion-Intelligence-System\A2_FashionDataset\FashionDataset\test\images_test\54636.jpg
54637,,,,,c:\Users\LEGION\Documents\jupyter_notebook\Fashion-Intelligence-System\A2_FashionDataset\FashionDataset\test\images_test\54637.jpg
54638,,,,,c:\Users\LEGION\Documents\jupyter_notebook\Fashion-Intelligence-System\A2_FashionDataset\FashionDataset\test\images_test\54638.jpg
54639,,,,,c:\Users\LEGION\Documents\jupyter_notebook\Fashion-Intelligence-System\A2_FashionDataset\FashionDataset\test\images_test\54639.jpg
54640,,,,,c:\Users\LEGION\Documents\jupyter_notebook\Fashion-Intelligence-System\A2_FashionDataset\FashionDataset\test\images_test\54640.jpg
54641,,,,,c:\Users\LEGION\Documents\jupyter_notebook\Fashion-Intelligence-System\A2_FashionDataset\FashionDataset\test\images_test\54641.jpg
54642,,,,,c:\Users\LEGION\Documents\jupyter_notebook\Fashion-Intelligence-System\A2_FashionDataset\FashionDataset\test\images_test\54642.jpg
54643,,,,,c:\Users\LEGION\Documents\jupyter_notebook\Fashion-Intelligence-System\A2_FashionDataset\FashionDataset\test\images_test\54643.jpg
54644,,,,,c:\Users\LEGION\Documents\jupyter_notebook\Fashion-Intelligence-System\A2_FashionDataset\FashionDataset\test\images_test\54644.jpg
54645,,,,,c:\Users\LEGION\Documents\jupyter_notebook\Fashion-Intelligence-System\A2_FashionDataset\FashionDataset\test\images_test\54645.jpg
54646,,,,,c:\Users\LEGION\Documents\jupyter_notebook\Fashion-Intelligence-System\A2_FashionDataset\FashionDataset\test\images_test\54646.jpg
54647,,,,,c:\Users\LEGION\Documents\jupyter_notebook\Fashion-Intelligence-System\A2_FashionDataset\FashionDataset\test\images_test\54647.jpg
54648,,,,,c:\Users\LEGION\Documents\jupyter_notebook\Fashion-Intelligence-System\A2_FashionDataset\FashionDataset\test\images_test\54648.jpg
54649,,,,,c:\Users\LEGION\Documents\jupyter_notebook\Fashion-Intelligence-System\A2_FashionDataset\FashionDataset\test\images_test\54649.jpg
54650,,,,,c:\Users\LEGION\Documents\jupyter_notebook\Fashion-Intelligence-System\A2_FashionDataset\FashionDataset\test\images_test\54650.jpg
54651,,,,,c:\Users\LEGION\Documents\jupyter_notebook\Fashion-Intelligence-System\A2_FashionDataset\FashionDataset\test\images_test\54651.jpg
54652,,,,,c:\Users\LEGION\Documents\jupyter_notebook\Fashion-Intelligence-System\A2_FashionDataset\FashionDataset\test\images_test\54652.jpg
54653,,,,,c:\Users\LEGION\Documents\jupyter_notebook\Fashion-Intelligence-System\A2_FashionDataset\FashionDataset\test\images_test\54653.jpg
54654,,,,,c:\Users\LEGION\Documents\jupyter_notebook\Fashion-Intelligence-System\A2_FashionDataset\FashionDataset\test\images_test\54654.jpg
54655,,,,,c:\Users\LEGION\Documents\jupyter_notebook\Fashion-Intelligence-System\A2_FashionDataset\FashionDataset\test\images_test\54655.jpg
54656,,,,,c:\Users\LEGION\Documents\jupyter_notebook\Fashion-Intelligence-System\A2_FashionDataset\FashionDataset\test\images_test\54656.jpg
54657,,,,,c:\Users\LEGION\Documents\jupyter_notebook\Fashion-Intelligence-System\A2_FashionDataset\FashionDataset\test\images_test\54657.jpg
54658,,,,,c:\Users\LEGION\Documents\jupyter_notebook\Fashion-Intelligence-System\A2_FashionDataset\FashionDataset\test\images_test\54658.jpg
54659,,,,,c:\Users\LEGION\Documents\jupyter_notebook\Fashion-Intelligence-System\A2_FashionDataset\FashionDataset\test\images_test\54659.jpg
54660,,,,,c:\Users\LEGION\Documents\jupyter_notebook\Fashion-Intelligence-System\A2_FashionDataset\FashionDataset\test\images_test\54660.jpg
54661,,,,,c:\Users\LEGION\Documents\jupyter_notebook\Fashion-Intelligence-System\A2_FashionDataset\FashionDataset\test\images_test\54661.jpg
54662,,,,,c:\Users\LEGION\Documents\jupyter_notebook\Fashion-Intelligence-System\A2_FashionDataset\FashionDataset\test\images_test\54662.jpg
54663,,,,,c:\Users\LEGION\Documents\jupyter_notebook\Fashion-Intelligence-System\A2_FashionDataset\FashionDataset\test\images_test\54663.jpg
54664,,,,,c:\Users\LEGION\Documents\jupyter_notebook\Fashion-Intelligence-System\A2_FashionDataset\FashionDataset\test\images_test\54664.jpg
54665,,,,,c:\Users\LEGION\Documents\jupyter_notebook\Fashion-Intelligence-System\A2_FashionDataset\FashionDataset\test\images_test\54665.jpg
54666,,,,,c:\Users\LEGION\Documents\jupyter_notebook\Fashion-Intelligence-System\A2_FashionDataset\FashionDataset\test\images_test\54666.jpg
54667,,,,,c:\Users\LEGION\Documents\jupyter_notebook\Fashion-Intelligence-System\A2_FashionDataset\FashionDataset\test\images_test\54667.jpg
54668,,,,,c:\Users\LEGION\Documents\jupyter_notebook\Fashion-Intelligence-System\A2_FashionDataset\FashionDataset\test\images_test\54668.jpg
54669,,,,,c:\Users\LEGION\Documents\jupyter_notebook\Fashion-Intelligence-System\A2_FashionDataset\FashionDataset\test\images_test\54669.jpg
54670,,,,,c:\Users\LEGION\Documents\jupyter_notebook\Fashion-Intelligence-System\A2_FashionDataset\FashionDataset\test\images_test\54670.jpg
54671,,,,,c:\Users\LEGION\Documents\jupyter_notebook\Fashion-Intelligence-System\A2_FashionDataset\FashionDataset\test\images_test\54671.jpg
54672,,,,,c:\Users\LEGION\Documents\jupyter_notebook\Fashion-Intelligence-System\A2_FashionDataset\FashionDataset\test\images_test\54672.jpg
54674,,,,,c:\Users\LEGION\Documents\jupyter_notebook\Fashion-Intelligence-System\A2_FashionDataset\FashionDataset\test\images_test\54674.jpg
54675,,,,,c:\Users\LEGION\Documents\jupyter_notebook\Fashion-Intelligence-System\A2_FashionDataset\FashionDataset\test\images_test\54675.jpg
54676,,,,,c:\Users\LEGION\Documents\jupyter_notebook\Fashion-Intelligence-System\A2_FashionDataset\FashionDataset\test\images_test\54676.jpg
54677,,,,,c:\Users\LEGION\Documents\jupyter_notebook\Fashion-Intelligence-System\A2_FashionDataset\FashionDataset\test\images_test\54677.jpg
54678,,,,,c:\Users\LEGION\Documents\jupyter_notebook\Fashion-Intelligence-System\A2_FashionDataset\FashionDataset\test\images_test\54678.jpg
54679,,,,,c:\Users\LEGION\Documents\jupyter_notebook\Fashion-Intelligence-System\A2_FashionDataset\FashionDataset\test\images_test\54679.jpg
54680,,,,,c:\Users\LEGION\Documents\jupyter_notebook\Fashion-Intelligence-System\A2_FashionDataset\FashionDataset\test\images_test\54680.jpg
54681,,,,,c:\Users\LEGION\Documents\jupyter_notebook\Fashion-Intelligence-System\A2_FashionDataset\FashionDataset\test\images_test\54681.jpg
54682,,,,,c:\Users\LEGION\Documents\jupyter_notebook\Fashion-Intelligence-System\A2_FashionDataset\FashionDataset\test\images_test\54682.jpg
54683,,,,,c:\Users\LEGION\Documents\jupyter_notebook\Fashion-Intelligence-System\A2_FashionDataset\FashionDataset\test\images_test\54683.jpg
54684,,,,,c:\Users\LEGION\Documents\jupyter_notebook\Fashion-Intelligence-System\A2_FashionDataset\FashionDataset\test\images_test\54684.jpg
54685,,,,,c:\Users\LEGION\Documents\jupyter_notebook\Fashion-Intelligence-System\A2_FashionDataset\FashionDataset\test\images_test\54685.jpg
54686,,,,,c:\Users\LEGION\Documents\jupyter_notebook\Fashion-Intelligence-System\A2_FashionDataset\FashionDataset\test\images_test\54686.jpg
54687,,,,,c:\Users\LEGION\Documents\jupyter_notebook\Fashion-Intelligence-System\A2_FashionDataset\FashionDataset\test\images_test\54687.jpg
54688,,,,,c:\Users\LEGION\Documents\jupyter_notebook\Fashion-Intelligence-System\A2_FashionDataset\FashionDataset\test\images_test\54688.jpg
54689,,,,,c:\Users\LEGION\Documents\jupyter_notebook\Fashion-Intelligence-System\A2_FashionDataset\FashionDataset\test\images_test\54689.jpg
54690,,,,,c:\Users\LEGION\Documents\jupyter_notebook\Fashion-Intelligence-System\A2_FashionDataset\FashionDataset\test\images_test\54690.jpg
54691,,,,,c:\Users\LEGION\Documents\jupyter_notebook\Fashion-Intelligence-System\A2_FashionDataset\FashionDataset\test\images_test\54691.jpg
54692,,,,,c:\Users\LEGION\Documents\jupyter_notebook\Fashion-Intelligence-System\A2_FashionDataset\FashionDataset\test\images_test\54692.jpg
54693,,,,,c:\Users\LEGION\Documents\jupyter_notebook\Fashion-Intelligence-System\A2_FashionDataset\FashionDataset\test\images_test\54693.jpg
54694,,,,,c:\Users\LEGION\Documents\jupyter_notebook\Fashion-Intelligence-System\A2_FashionDataset\FashionDataset\test\images_test\54694.jpg
54695,,,,,c:\Users\LEGION\Documents\jupyter_notebook\Fashion-Intelligence-System\A2_FashionDataset\FashionDataset\test\images_test\54695.jpg
54696,,,,,c:\Users\LEGION\Documents\jupyter_notebook\Fashion-Intelligence-System\A2_FashionDataset\FashionDataset\test\images_test\54696.jpg
54697,,,,,c:\Users\LEGION\Documents\jupyter_notebook\Fashion-Intelligence-System\A2_FashionDataset\FashionDataset\test\images_test\54697.jpg
54698,,,,,c:\Users\LEGION\Documents\jupyter_notebook\Fashion-Intelligence-System\A2_FashionDataset\FashionDataset\test\images_test\54698.jpg
54699,,,,,c:\Users\LEGION\Documents\jupyter_notebook\Fashion-Intelligence-System\A2_FashionDataset\FashionDataset\test\images_test\54699.jpg
54700,,,,,c:\Users\LEGION\Documents\jupyter_notebook\Fashion-Intelligence-System\A2_FashionDataset\FashionDataset\test\images_test\54700.jpg
54702,,,,,c:\Users\LEGION\Documents\jupyter_notebook\Fashion-Intelligence-System\A2_FashionDataset\FashionDataset\test\images_test\54702.jpg
54703,,,,,c:\Users\LEGION\Documents\jupyter_notebook\Fashion-Intelligence-System\A2_FashionDataset\FashionDataset\test\images_test\54703.jpg
54704,,,,,c:\Users\LEGION\Documents\jupyter_notebook\Fashion-Intelligence-System\A2_FashionDataset\FashionDataset\test\images_test\54704.jpg
54705,,,,,c:\Users\LEGION\Documents\jupyter_notebook\Fashion-Intelligence-System\A2_FashionDataset\FashionDataset\test\images_test\54705.jpg
54706,,,,,c:\Users\LEGION\Documents\jupyter_notebook\Fashion-Intelligence-System\A2_FashionDataset\FashionDataset\test\images_test\54706.jpg
54708,,,,,c:\Users\LEGION\Documents\jupyter_notebook\Fashion-Intelligence-System\A2_FashionDataset\FashionDataset\test\images_test\54708.jpg
54710,,,,,c:\Users\LEGION\Documents\jupyter_notebook\Fashion-Intelligence-System\A2_FashionDataset\FashionDataset\test\images_test\54710.jpg
54711,,,,,c:\Users\LEGION\Documents\jupyter_notebook\Fashion-Intelligence-System\A2_FashionDataset\FashionDataset\test\images_test\54711.jpg
54712,,,,,c:\Users\LEGION\Documents\jupyter_notebook\Fashion-Intelligence-System\A2_FashionDataset\FashionDataset\test\images_test\54712.jpg
54713,,,,,c:\Users\LEGION\Documents\jupyter_notebook\Fashion-Intelligence-System\A2_FashionDataset\FashionDataset\test\images_test\54713.jpg
54714,,,,,c:\Users\LEGION\Documents\jupyter_notebook\Fashion-Intelligence-System\A2_FashionDataset\FashionDataset\test\images_test\54714.jpg
54715,,,,,c:\Users\LEGION\Documents\jupyter_notebook\Fashion-Intelligence-System\A2_FashionDataset\FashionDataset\test\images_test\54715.jpg
54716,,,,,c:\Users\LEGION\Documents\jupyter_notebook\Fashion-Intelligence-System\A2_FashionDataset\FashionDataset\test\images_test\54716.jpg
54717,,,,,c:\Users\LEGION\Documents\jupyter_notebook\Fashion-Intelligence-System\A2_FashionDataset\FashionDataset\test\images_test\54717.jpg
54718,,,,,c:\Users\LEGION\Documents\jupyter_notebook\Fashion-Intelligence-System\A2_FashionDataset\FashionDataset\test\images_test\54718.jpg
54719,,,,,c:\Users\LEGION\Documents\jupyter_notebook\Fashion-Intelligence-System\A2_FashionDataset\FashionDataset\test\images_test\54719.jpg
54720,,,,,c:\Users\LEGION\Documents\jupyter_notebook\Fashion-Intelligence-System\A2_FashionDataset\FashionDataset\test\images_test\54720.jpg
54721,,,,,c:\Users\LEGION\Documents\jupyter_notebook\Fashion-Intelligence-System\A2_FashionDataset\FashionDataset\test\images_test\54721.jpg
54722,,,,,c:\Users\LEGION\Documents\jupyter_notebook\Fashion-Intelligence-System\A2_FashionDataset\FashionDataset\test\images_test\54722.jpg
54723,,,,,c:\Users\LEGION\Documents\jupyter_notebook\Fashion-Intelligence-System\A2_FashionDataset\FashionDataset\test\images_test\54723.jpg
54724,,,,,c:\Users\LEGION\Documents\jupyter_notebook\Fashion-Intelligence-System\A2_FashionDataset\FashionDataset\test\images_test\54724.jpg
54725,,,,,c:\Users\LEGION\Documents\jupyter_notebook\Fashion-Intelligence-System\A2_FashionDataset\FashionDataset\test\images_test\54725.jpg
54726,,,,,c:\Users\LEGION\Documents\jupyter_notebook\Fashion-Intelligence-System\A2_FashionDataset\FashionDataset\test\images_test\54726.jpg
54727,,,,,c:\Users\LEGION\Documents\jupyter_notebook\Fashion-Intelligence-System\A2_FashionDataset\FashionDataset\test\images_test\54727.jpg
54728,,,,,c:\Users\LEGION\Documents\jupyter_notebook\Fashion-Intelligence-System\A2_FashionDataset\FashionDataset\test\images_test\54728.jpg
54729,,,,,c:\Users\LEGION\Documents\jupyter_notebook\Fashion-Intelligence-System\A2_FashionDataset\FashionDataset\test\images_test\54729.jpg
54730,,,,,c:\Users\LEGION\Documents\jupyter_notebook\Fashion-Intelligence-System\A2_FashionDataset\FashionDataset\test\images_test\54730.jpg
54731,,,,,c:\Users\LEGION\Documents\jupyter_notebook\Fashion-Intelligence-System\A2_FashionDataset\FashionDataset\test\images_test\54731.jpg
54732,,,,,c:\Users\LEGION\Documents\jupyter_notebook\Fashion-Intelligence-System\A2_FashionDataset\FashionDataset\test\images_test\54732.jpg
54733,,,,,c:\Users\LEGION\Documents\jupyter_notebook\Fashion-Intelligence-System\A2_FashionDataset\FashionDataset\test\images_test\54733.jpg
54734,,,,,c:\Users\LEGION\Documents\jupyter_notebook\Fashion-Intelligence-System\A2_FashionDataset\FashionDataset\test\images_test\54734.jpg
54735,,,,,c:\Users\LEGION\Documents\jupyter_notebook\Fashion-Intelligence-System\A2_FashionDataset\FashionDataset\test\images_test\54735.jpg
54736,,,,,c:\Users\LEGION\Documents\jupyter_notebook\Fashion-Intelligence-System\A2_FashionDataset\FashionDataset\test\images_test\54736.jpg
54737,,,,,c:\Users\LEGION\Documents\jupyter_notebook\Fashion-Intelligence-System\A2_FashionDataset\FashionDataset\test\images_test\54737.jpg
54738,,,,,c:\Users\LEGION\Documents\jupyter_notebook\Fashion-Intelligence-System\A2_FashionDataset\FashionDataset\test\images_test\54738.jpg
54739,,,,,c:\Users\LEGION\Documents\jupyter_notebook\Fashion-Intelligence-System\A2_FashionDataset\FashionDataset\test\images_test\54739.jpg
54740,,,,,c:\Users\LEGION\Documents\jupyter_notebook\Fashion-Intelligence-System\A2_FashionDataset\FashionDataset\test\images_test\54740.jpg
54741,,,,,c:\Users\LEGION\Documents\jupyter_notebook\Fashion-Intelligence-System\A2_FashionDataset\FashionDataset\test\images_test\54741.jpg
54742,,,,,c:\Users\LEGION\Documents\jupyter_notebook\Fashion-Intelligence-System\A2_FashionDataset\FashionDataset\test\images_test\54742.jpg
54744,,,,,c:\Users\LEGION\Documents\jupyter_notebook\Fashion-Intelligence-System\A2_FashionDataset\FashionDataset\test\images_test\54744.jpg
54767,,,,,c:\Users\LEGION\Documents\jupyter_notebook\Fashion-Intelligence-System\A2_FashionDataset\FashionDataset\test\images_test\54767.jpg
54792,,,,,c:\Users\LEGION\Documents\jupyter_notebook\Fashion-Intelligence-System\A2_FashionDataset\FashionDataset\test\images_test\54792.jpg
54794,,,,,c:\Users\LEGION\Documents\jupyter_notebook\Fashion-Intelligence-System\A2_FashionDataset\FashionDataset\test\images_test\54794.jpg
54796,,,,,c:\Users\LEGION\Documents\jupyter_notebook\Fashion-Intelligence-System\A2_FashionDataset\FashionDataset\test\images_test\54796.jpg
54800,,,,,c:\Users\LEGION\Documents\jupyter_notebook\Fashion-Intelligence-System\A2_FashionDataset\FashionDataset\test\images_test\54800.jpg
54804,,,,,c:\Users\LEGION\Documents\jupyter_notebook\Fashion-Intelligence-System\A2_FashionDataset\FashionDataset\test\images_test\54804.jpg
54805,,,,,c:\Users\LEGION\Documents\jupyter_notebook\Fashion-Intelligence-System\A2_FashionDataset\FashionDataset\test\images_test\54805.jpg
54807,,,,,c:\Users\LEGION\Documents\jupyter_notebook\Fashion-Intelligence-System\A2_FashionDataset\FashionDataset\test\images_test\54807.jpg
54808,,,,,c:\Users\LEGION\Documents\jupyter_notebook\Fashion-Intelligence-System\A2_FashionDataset\FashionDataset\test\images_test\54808.jpg
54812,,,,,c:\Users\LEGION\Documents\jupyter_notebook\Fashion-Intelligence-System\A2_FashionDataset\FashionDataset\test\images_test\54812.jpg
54813,,,,,c:\Users\LEGION\Documents\jupyter_notebook\Fashion-Intelligence-System\A2_FashionDataset\FashionDataset\test\images_test\54813.jpg
54819,,,,,c:\Users\LEGION\Documents\jupyter_notebook\Fashion-Intelligence-System\A2_FashionDataset\FashionDataset\test\images_test\54819.jpg
54823,,,,,c:\Users\LEGION\Documents\jupyter_notebook\Fashion-Intelligence-System\A2_FashionDataset\FashionDataset\test\images_test\54823.jpg
54827,,,,,c:\Users\LEGION\Documents\jupyter_notebook\Fashion-Intelligence-System\A2_FashionDataset\FashionDataset\test\images_test\54827.jpg
54828,,,,,c:\Users\LEGION\Documents\jupyter_notebook\Fashion-Intelligence-System\A2_FashionDataset\FashionDataset\test\images_test\54828.jpg
54829,,,,,c:\Users\LEGION\Documents\jupyter_notebook\Fashion-Intelligence-System\A2_FashionDataset\FashionDataset\test\images_test\54829.jpg
54831,,,,,c:\Users\LEGION\Documents\jupyter_notebook\Fashion-Intelligence-System\A2_FashionDataset\FashionDataset\test\images_test\54831.jpg
54834,,,,,c:\Users\LEGION\Documents\jupyter_notebook\Fashion-Intelligence-System\A2_FashionDataset\FashionDataset\test\images_test\54834.jpg
54836,,,,,c:\Users\LEGION\Documents\jupyter_notebook\Fashion-Intelligence-System\A2_FashionDataset\FashionDataset\test\images_test\54836.jpg
54838,,,,,c:\Users\LEGION\Documents\jupyter_notebook\Fashion-Intelligence-System\A2_FashionDataset\FashionDataset\test\images_test\54838.jpg
54842,,,,,c:\Users\LEGION\Documents\jupyter_notebook\Fashion-Intelligence-System\A2_FashionDataset\FashionDataset\test\images_test\54842.jpg
54849,,,,,c:\Users\LEGION\Documents\jupyter_notebook\Fashion-Intelligence-System\A2_FashionDataset\FashionDataset\test\images_test\54849.jpg
54850,,,,,c:\Users\LEGION\Documents\jupyter_notebook\Fashion-Intelligence-System\A2_FashionDataset\FashionDataset\test\images_test\54850.jpg
54851,,,,,c:\Users\LEGION\Documents\jupyter_notebook\Fashion-Intelligence-System\A2_FashionDataset\FashionDataset\test\images_test\54851.jpg
54852,,,,,c:\Users\LEGION\Documents\jupyter_notebook\Fashion-Intelligence-System\A2_FashionDataset\FashionDataset\test\images_test\54852.jpg
54853,,,,,c:\Users\LEGION\Documents\jupyter_notebook\Fashion-Intelligence-System\A2_FashionDataset\FashionDataset\test\images_test\54853.jpg
54854,,,,,c:\Users\LEGION\Documents\jupyter_notebook\Fashion-Intelligence-System\A2_FashionDataset\FashionDataset\test\images_test\54854.jpg
54856,,,,,c:\Users\LEGION\Documents\jupyter_notebook\Fashion-Intelligence-System\A2_FashionDataset\FashionDataset\test\images_test\54856.jpg
54857,,,,,c:\Users\LEGION\Documents\jupyter_notebook\Fashion-Intelligence-System\A2_FashionDataset\FashionDataset\test\images_test\54857.jpg
54858,,,,,c:\Users\LEGION\Documents\jupyter_notebook\Fashion-Intelligence-System\A2_FashionDataset\FashionDataset\test\images_test\54858.jpg
54859,,,,,c:\Users\LEGION\Documents\jupyter_notebook\Fashion-Intelligence-System\A2_FashionDataset\FashionDataset\test\images_test\54859.jpg
54860,,,,,c:\Users\LEGION\Documents\jupyter_notebook\Fashion-Intelligence-System\A2_FashionDataset\FashionDataset\test\images_test\54860.jpg
54861,,,,,c:\Users\LEGION\Documents\jupyter_notebook\Fashion-Intelligence-System\A2_FashionDataset\FashionDataset\test\images_test\54861.jpg
54862,,,,,c:\Users\LEGION\Documents\jupyter_notebook\Fashion-Intelligence-System\A2_FashionDataset\FashionDataset\test\images_test\54862.jpg
54863,,,,,c:\Users\LEGION\Documents\jupyter_notebook\Fashion-Intelligence-System\A2_FashionDataset\FashionDataset\test\images_test\54863.jpg
54864,,,,,c:\Users\LEGION\Documents\jupyter_notebook\Fashion-Intelligence-System\A2_FashionDataset\FashionDataset\test\images_test\54864.jpg
54865,,,,,c:\Users\LEGION\Documents\jupyter_notebook\Fashion-Intelligence-System\A2_FashionDataset\FashionDataset\test\images_test\54865.jpg
54866,,,,,c:\Users\LEGION\Documents\jupyter_notebook\Fashion-Intelligence-System\A2_FashionDataset\FashionDataset\test\images_test\54866.jpg
54867,,,,,c:\Users\LEGION\Documents\jupyter_notebook\Fashion-Intelligence-System\A2_FashionDataset\FashionDataset\test\images_test\54867.jpg
54868,,,,,c:\Users\LEGION\Documents\jupyter_notebook\Fashion-Intelligence-System\A2_FashionDataset\FashionDataset\test\images_test\54868.jpg
54869,,,,,c:\Users\LEGION\Documents\jupyter_notebook\Fashion-Intelligence-System\A2_FashionDataset\FashionDataset\test\images_test\54869.jpg
54870,,,,,c:\Users\LEGION\Documents\jupyter_notebook\Fashion-Intelligence-System\A2_FashionDataset\FashionDataset\test\images_test\54870.jpg
54871,,,,,c:\Users\LEGION\Documents\jupyter_notebook\Fashion-Intelligence-System\A2_FashionDataset\FashionDataset\test\images_test\54871.jpg
54872,,,,,c:\Users\LEGION\Documents\jupyter_notebook\Fashion-Intelligence-System\A2_FashionDataset\FashionDataset\test\images_test\54872.jpg
54873,,,,,c:\Users\LEGION\Documents\jupyter_notebook\Fashion-Intelligence-System\A2_FashionDataset\FashionDataset\test\images_test\54873.jpg
54874,,,,,c:\Users\LEGION\Documents\jupyter_notebook\Fashion-Intelligence-System\A2_FashionDataset\FashionDataset\test\images_test\54874.jpg
54875,,,,,c:\Users\LEGION\Documents\jupyter_notebook\Fashion-Intelligence-System\A2_FashionDataset\FashionDataset\test\images_test\54875.jpg
54876,,,,,c:\Users\LEGION\Documents\jupyter_notebook\Fashion-Intelligence-System\A2_FashionDataset\FashionDataset\test\images_test\54876.jpg
54877,,,,,c:\Users\LEGION\Documents\jupyter_notebook\Fashion-Intelligence-System\A2_FashionDataset\FashionDataset\test\images_test\54877.jpg
54878,,,,,c:\Users\LEGION\Documents\jupyter_notebook\Fashion-Intelligence-System\A2_FashionDataset\FashionDataset\test\images_test\54878.jpg
54879,,,,,c:\Users\LEGION\Documents\jupyter_notebook\Fashion-Intelligence-System\A2_FashionDataset\FashionDataset\test\images_test\54879.jpg
54880,,,,,c:\Users\LEGION\Documents\jupyter_notebook\Fashion-Intelligence-System\A2_FashionDataset\FashionDataset\test\images_test\54880.jpg
54881,,,,,c:\Users\LEGION\Documents\jupyter_notebook\Fashion-Intelligence-System\A2_FashionDataset\FashionDataset\test\images_test\54881.jpg
54882,,,,,c:\Users\LEGION\Documents\jupyter_notebook\Fashion-Intelligence-System\A2_FashionDataset\FashionDataset\test\images_test\54882.jpg
54883,,,,,c:\Users\LEGION\Documents\jupyter_notebook\Fashion-Intelligence-System\A2_FashionDataset\FashionDataset\test\images_test\54883.jpg
54884,,,,,c:\Users\LEGION\Documents\jupyter_notebook\Fashion-Intelligence-System\A2_FashionDataset\FashionDataset\test\images_test\54884.jpg
54885,,,,,c:\Users\LEGION\Documents\jupyter_notebook\Fashion-Intelligence-System\A2_FashionDataset\FashionDataset\test\images_test\54885.jpg
54886,,,,,c:\Users\LEGION\Documents\jupyter_notebook\Fashion-Intelligence-System\A2_FashionDataset\FashionDataset\test\images_test\54886.jpg
54888,,,,,c:\Users\LEGION\Documents\jupyter_notebook\Fashion-Intelligence-System\A2_FashionDataset\FashionDataset\test\images_test\54888.jpg
54889,,,,,c:\Users\LEGION\Documents\jupyter_notebook\Fashion-Intelligence-System\A2_FashionDataset\FashionDataset\test\images_test\54889.jpg
54890,,,,,c:\Users\LEGION\Documents\jupyter_notebook\Fashion-Intelligence-System\A2_FashionDataset\FashionDataset\test\images_test\54890.jpg
54891,,,,,c:\Users\LEGION\Documents\jupyter_notebook\Fashion-Intelligence-System\A2_FashionDataset\FashionDataset\test\images_test\54891.jpg
54894,,,,,c:\Users\LEGION\Documents\jupyter_notebook\Fashion-Intelligence-System\A2_FashionDataset\FashionDataset\test\images_test\54894.jpg
54896,,,,,c:\Users\LEGION\Documents\jupyter_notebook\Fashion-Intelligence-System\A2_FashionDataset\FashionDataset\test\images_test\54896.jpg
54897,,,,,c:\Users\LEGION\Documents\jupyter_notebook\Fashion-Intelligence-System\A2_FashionDataset\FashionDataset\test\images_test\54897.jpg
54899,,,,,c:\Users\LEGION\Documents\jupyter_notebook\Fashion-Intelligence-System\A2_FashionDataset\FashionDataset\test\images_test\54899.jpg
54900,,,,,c:\Users\LEGION\Documents\jupyter_notebook\Fashion-Intelligence-System\A2_FashionDataset\FashionDataset\test\images_test\54900.jpg
54901,,,,,c:\Users\LEGION\Documents\jupyter_notebook\Fashion-Intelligence-System\A2_FashionDataset\FashionDataset\test\images_test\54901.jpg
54902,,,,,c:\Users\LEGION\Documents\jupyter_notebook\Fashion-Intelligence-System\A2_FashionDataset\FashionDataset\test\images_test\54902.jpg
54903,,,,,c:\Users\LEGION\Documents\jupyter_notebook\Fashion-Intelligence-System\A2_FashionDataset\FashionDataset\test\images_test\54903.jpg
54904,,,,,c:\Users\LEGION\Documents\jupyter_notebook\Fashion-Intelligence-System\A2_FashionDataset\FashionDataset\test\images_test\54904.jpg
54905,,,,,c:\Users\LEGION\Documents\jupyter_notebook\Fashion-Intelligence-System\A2_FashionDataset\FashionDataset\test\images_test\54905.jpg
54906,,,,,c:\Users\LEGION\Documents\jupyter_notebook\Fashion-Intelligence-System\A2_FashionDataset\FashionDataset\test\images_test\54906.jpg
54907,,,,,c:\Users\LEGION\Documents\jupyter_notebook\Fashion-Intelligence-System\A2_FashionDataset\FashionDataset\test\images_test\54907.jpg
54908,,,,,c:\Users\LEGION\Documents\jupyter_notebook\Fashion-Intelligence-System\A2_FashionDataset\FashionDataset\test\images_test\54908.jpg
54909,,,,,c:\Users\LEGION\Documents\jupyter_notebook\Fashion-Intelligence-System\A2_FashionDataset\FashionDataset\test\images_test\54909.jpg
54911,,,,,c:\Users\LEGION\Documents\jupyter_notebook\Fashion-Intelligence-System\A2_FashionDataset\FashionDataset\test\images_test\54911.jpg
54913,,,,,c:\Users\LEGION\Documents\jupyter_notebook\Fashion-Intelligence-System\A2_FashionDataset\FashionDataset\test\images_test\54913.jpg
54914,,,,,c:\Users\LEGION\Documents\jupyter_notebook\Fashion-Intelligence-System\A2_FashionDataset\FashionDataset\test\images_test\54914.jpg
54915,,,,,c:\Users\LEGION\Documents\jupyter_notebook\Fashion-Intelligence-System\A2_FashionDataset\FashionDataset\test\images_test\54915.jpg
54918,,,,,c:\Users\LEGION\Documents\jupyter_notebook\Fashion-Intelligence-System\A2_FashionDataset\FashionDataset\test\images_test\54918.jpg
54919,,,,,c:\Users\LEGION\Documents\jupyter_notebook\Fashion-Intelligence-System\A2_FashionDataset\FashionDataset\test\images_test\54919.jpg
54921,,,,,c:\Users\LEGION\Documents\jupyter_notebook\Fashion-Intelligence-System\A2_FashionDataset\FashionDataset\test\images_test\54921.jpg
54923,,,,,c:\Users\LEGION\Documents\jupyter_notebook\Fashion-Intelligence-System\A2_FashionDataset\FashionDataset\test\images_test\54923.jpg
54924,,,,,c:\Users\LEGION\Documents\jupyter_notebook\Fashion-Intelligence-System\A2_FashionDataset\FashionDataset\test\images_test\54924.jpg
54925,,,,,c:\Users\LEGION\Documents\jupyter_notebook\Fashion-Intelligence-System\A2_FashionDataset\FashionDataset\test\images_test\54925.jpg
54926,,,,,c:\Users\LEGION\Documents\jupyter_notebook\Fashion-Intelligence-System\A2_FashionDataset\FashionDataset\test\images_test\54926.jpg
54927,,,,,c:\Users\LEGION\Documents\jupyter_notebook\Fashion-Intelligence-System\A2_FashionDataset\FashionDataset\test\images_test\54927.jpg
54928,,,,,c:\Users\LEGION\Documents\jupyter_notebook\Fashion-Intelligence-System\A2_FashionDataset\FashionDataset\test\images_test\54928.jpg
54929,,,,,c:\Users\LEGION\Documents\jupyter_notebook\Fashion-Intelligence-System\A2_FashionDataset\FashionDataset\test\images_test\54929.jpg
54930,,,,,c:\Users\LEGION\Documents\jupyter_notebook\Fashion-Intelligence-System\A2_FashionDataset\FashionDataset\test\images_test\54930.jpg
54931,,,,,c:\Users\LEGION\Documents\jupyter_notebook\Fashion-Intelligence-System\A2_FashionDataset\FashionDataset\test\images_test\54931.jpg
54932,,,,,c:\Users\LEGION\Documents\jupyter_notebook\Fashion-Intelligence-System\A2_FashionDataset\FashionDataset\test\images_test\54932.jpg
54933,,,,,c:\Users\LEGION\Documents\jupyter_notebook\Fashion-Intelligence-System\A2_FashionDataset\FashionDataset\test\images_test\54933.jpg
54934,,,,,c:\Users\LEGION\Documents\jupyter_notebook\Fashion-Intelligence-System\A2_FashionDataset\FashionDataset\test\images_test\54934.jpg
54935,,,,,c:\Users\LEGION\Documents\jupyter_notebook\Fashion-Intelligence-System\A2_FashionDataset\FashionDataset\test\images_test\54935.jpg
54936,,,,,c:\Users\LEGION\Documents\jupyter_notebook\Fashion-Intelligence-System\A2_FashionDataset\FashionDataset\test\images_test\54936.jpg
54937,,,,,c:\Users\LEGION\Documents\jupyter_notebook\Fashion-Intelligence-System\A2_FashionDataset\FashionDataset\test\images_test\54937.jpg
54938,,,,,c:\Users\LEGION\Documents\jupyter_notebook\Fashion-Intelligence-System\A2_FashionDataset\FashionDataset\test\images_test\54938.jpg
54939,,,,,c:\Users\LEGION\Documents\jupyter_notebook\Fashion-Intelligence-System\A2_FashionDataset\FashionDataset\test\images_test\54939.jpg
54940,,,,,c:\Users\LEGION\Documents\jupyter_notebook\Fashion-Intelligence-System\A2_FashionDataset\FashionDataset\test\images_test\54940.jpg
54941,,,,,c:\Users\LEGION\Documents\jupyter_notebook\Fashion-Intelligence-System\A2_FashionDataset\FashionDataset\test\images_test\54941.jpg
54942,,,,,c:\Users\LEGION\Documents\jupyter_notebook\Fashion-Intelligence-System\A2_FashionDataset\FashionDataset\test\images_test\54942.jpg
54943,,,,,c:\Users\LEGION\Documents\jupyter_notebook\Fashion-Intelligence-System\A2_FashionDataset\FashionDataset\test\images_test\54943.jpg
54944,,,,,c:\Users\LEGION\Documents\jupyter_notebook\Fashion-Intelligence-System\A2_FashionDataset\FashionDataset\test\images_test\54944.jpg
54945,,,,,c:\Users\LEGION\Documents\jupyter_notebook\Fashion-Intelligence-System\A2_FashionDataset\FashionDataset\test\images_test\54945.jpg
54946,,,,,c:\Users\LEGION\Documents\jupyter_notebook\Fashion-Intelligence-System\A2_FashionDataset\FashionDataset\test\images_test\54946.jpg
54947,,,,,c:\Users\LEGION\Documents\jupyter_notebook\Fashion-Intelligence-System\A2_FashionDataset\FashionDataset\test\images_test\54947.jpg
54948,,,,,c:\Users\LEGION\Documents\jupyter_notebook\Fashion-Intelligence-System\A2_FashionDataset\FashionDataset\test\images_test\54948.jpg
54949,,,,,c:\Users\LEGION\Documents\jupyter_notebook\Fashion-Intelligence-System\A2_FashionDataset\FashionDataset\test\images_test\54949.jpg
54950,,,,,c:\Users\LEGION\Documents\jupyter_notebook\Fashion-Intelligence-System\A2_FashionDataset\FashionDataset\test\images_test\54950.jpg
54951,,,,,c:\Users\LEGION\Documents\jupyter_notebook\Fashion-Intelligence-System\A2_FashionDataset\FashionDataset\test\images_test\54951.jpg
54953,,,,,c:\Users\LEGION\Documents\jupyter_notebook\Fashion-Intelligence-System\A2_FashionDataset\FashionDataset\test\images_test\54953.jpg
54954,,,,,c:\Users\LEGION\Documents\jupyter_notebook\Fashion-Intelligence-System\A2_FashionDataset\FashionDataset\test\images_test\54954.jpg
54955,,,,,c:\Users\LEGION\Documents\jupyter_notebook\Fashion-Intelligence-System\A2_FashionDataset\FashionDataset\test\images_test\54955.jpg
54957,,,,,c:\Users\LEGION\Documents\jupyter_notebook\Fashion-Intelligence-System\A2_FashionDataset\FashionDataset\test\images_test\54957.jpg
54958,,,,,c:\Users\LEGION\Documents\jupyter_notebook\Fashion-Intelligence-System\A2_FashionDataset\FashionDataset\test\images_test\54958.jpg
54959,,,,,c:\Users\LEGION\Documents\jupyter_notebook\Fashion-Intelligence-System\A2_FashionDataset\FashionDataset\test\images_test\54959.jpg
54960,,,,,c:\Users\LEGION\Documents\jupyter_notebook\Fashion-Intelligence-System\A2_FashionDataset\FashionDataset\test\images_test\54960.jpg
54961,,,,,c:\Users\LEGION\Documents\jupyter_notebook\Fashion-Intelligence-System\A2_FashionDataset\FashionDataset\test\images_test\54961.jpg
54964,,,,,c:\Users\LEGION\Documents\jupyter_notebook\Fashion-Intelligence-System\A2_FashionDataset\FashionDataset\test\images_test\54964.jpg
54965,,,,,c:\Users\LEGION\Documents\jupyter_notebook\Fashion-Intelligence-System\A2_FashionDataset\FashionDataset\test\images_test\54965.jpg
54966,,,,,c:\Users\LEGION\Documents\jupyter_notebook\Fashion-Intelligence-System\A2_FashionDataset\FashionDataset\test\images_test\54966.jpg
54967,,,,,c:\Users\LEGION\Documents\jupyter_notebook\Fashion-Intelligence-System\A2_FashionDataset\FashionDataset\test\images_test\54967.jpg
54968,,,,,c:\Users\LEGION\Documents\jupyter_notebook\Fashion-Intelligence-System\A2_FashionDataset\FashionDataset\test\images_test\54968.jpg
54969,,,,,c:\Users\LEGION\Documents\jupyter_notebook\Fashion-Intelligence-System\A2_FashionDataset\FashionDataset\test\images_test\54969.jpg
54970,,,,,c:\Users\LEGION\Documents\jupyter_notebook\Fashion-Intelligence-System\A2_FashionDataset\FashionDataset\test\images_test\54970.jpg
54971,,,,,c:\Users\LEGION\Documents\jupyter_notebook\Fashion-Intelligence-System\A2_FashionDataset\FashionDataset\test\images_test\54971.jpg
54972,,,,,c:\Users\LEGION\Documents\jupyter_notebook\Fashion-Intelligence-System\A2_FashionDataset\FashionDataset\test\images_test\54972.jpg
54973,,,,,c:\Users\LEGION\Documents\jupyter_notebook\Fashion-Intelligence-System\A2_FashionDataset\FashionDataset\test\images_test\54973.jpg
54974,,,,,c:\Users\LEGION\Documents\jupyter_notebook\Fashion-Intelligence-System\A2_FashionDataset\FashionDataset\test\images_test\54974.jpg
54975,,,,,c:\Users\LEGION\Documents\jupyter_notebook\Fashion-Intelligence-System\A2_FashionDataset\FashionDataset\test\images_test\54975.jpg
54976,,,,,c:\Users\LEGION\Documents\jupyter_notebook\Fashion-Intelligence-System\A2_FashionDataset\FashionDataset\test\images_test\54976.jpg
54977,,,,,c:\Users\LEGION\Documents\jupyter_notebook\Fashion-Intelligence-System\A2_FashionDataset\FashionDataset\test\images_test\54977.jpg
54978,,,,,c:\Users\LEGION\Documents\jupyter_notebook\Fashion-Intelligence-System\A2_FashionDataset\FashionDataset\test\images_test\54978.jpg
54979,,,,,c:\Users\LEGION\Documents\jupyter_notebook\Fashion-Intelligence-System\A2_FashionDataset\FashionDataset\test\images_test\54979.jpg
54980,,,,,c:\Users\LEGION\Documents\jupyter_notebook\Fashion-Intelligence-System\A2_FashionDataset\FashionDataset\test\images_test\54980.jpg
54981,,,,,c:\Users\LEGION\Documents\jupyter_notebook\Fashion-Intelligence-System\A2_FashionDataset\FashionDataset\test\images_test\54981.jpg
54982,,,,,c:\Users\LEGION\Documents\jupyter_notebook\Fashion-Intelligence-System\A2_FashionDataset\FashionDataset\test\images_test\54982.jpg
54983,,,,,c:\Users\LEGION\Documents\jupyter_notebook\Fashion-Intelligence-System\A2_FashionDataset\FashionDataset\test\images_test\54983.jpg
54984,,,,,c:\Users\LEGION\Documents\jupyter_notebook\Fashion-Intelligence-System\A2_FashionDataset\FashionDataset\test\images_test\54984.jpg
54985,,,,,c:\Users\LEGION\Documents\jupyter_notebook\Fashion-Intelligence-System\A2_FashionDataset\FashionDataset\test\images_test\54985.jpg
54986,,,,,c:\Users\LEGION\Documents\jupyter_notebook\Fashion-Intelligence-System\A2_FashionDataset\FashionDataset\test\images_test\54986.jpg
54987,,,,,c:\Users\LEGION\Documents\jupyter_notebook\Fashion-Intelligence-System\A2_FashionDataset\FashionDataset\test\images_test\54987.jpg
54988,,,,,c:\Users\LEGION\Documents\jupyter_notebook\Fashion-Intelligence-System\A2_FashionDataset\FashionDataset\test\images_test\54988.jpg
54989,,,,,c:\Users\LEGION\Documents\jupyter_notebook\Fashion-Intelligence-System\A2_FashionDataset\FashionDataset\test\images_test\54989.jpg
54990,,,,,c:\Users\LEGION\Documents\jupyter_notebook\Fashion-Intelligence-System\A2_FashionDataset\FashionDataset\test\images_test\54990.jpg
54991,,,,,c:\Users\LEGION\Documents\jupyter_notebook\Fashion-Intelligence-System\A2_FashionDataset\FashionDataset\test\images_test\54991.jpg
54992,,,,,c:\Users\LEGION\Documents\jupyter_notebook\Fashion-Intelligence-System\A2_FashionDataset\FashionDataset\test\images_test\54992.jpg
54993,,,,,c:\Users\LEGION\Documents\jupyter_notebook\Fashion-Intelligence-System\A2_FashionDataset\FashionDataset\test\images_test\54993.jpg
54995,,,,,c:\Users\LEGION\Documents\jupyter_notebook\Fashion-Intelligence-System\A2_FashionDataset\FashionDataset\test\images_test\54995.jpg
54997,,,,,c:\Users\LEGION\Documents\jupyter_notebook\Fashion-Intelligence-System\A2_FashionDataset\FashionDataset\test\images_test\54997.jpg
55000,,,,,c:\Users\LEGION\Documents\jupyter_notebook\Fashion-Intelligence-System\A2_FashionDataset\FashionDataset\test\images_test\55000.jpg
55001,,,,,c:\Users\LEGION\Documents\jupyter_notebook\Fashion-Intelligence-System\A2_FashionDataset\FashionDataset\test\images_test\55001.jpg
55002,,,,,c:\Users\LEGION\Documents\jupyter_notebook\Fashion-Intelligence-System\A2_FashionDataset\FashionDataset\test\images_test\55002.jpg
55003,,,,,c:\Users\LEGION\Documents\jupyter_notebook\Fashion-Intelligence-System\A2_FashionDataset\FashionDataset\test\images_test\55003.jpg
55004,,,,,c:\Users\LEGION\Documents\jupyter_notebook\Fashion-Intelligence-System\A2_FashionDataset\FashionDataset\test\images_test\55004.jpg
55005,,,,,c:\Users\LEGION\Documents\jupyter_notebook\Fashion-Intelligence-System\A2_FashionDataset\FashionDataset\test\images_test\55005.jpg
55006,,,,,c:\Users\LEGION\Documents\jupyter_notebook\Fashion-Intelligence-System\A2_FashionDataset\FashionDataset\test\images_test\55006.jpg
55007,,,,,c:\Users\LEGION\Documents\jupyter_notebook\Fashion-Intelligence-System\A2_FashionDataset\FashionDataset\test\images_test\55007.jpg
55008,,,,,c:\Users\LEGION\Documents\jupyter_notebook\Fashion-Intelligence-System\A2_FashionDataset\FashionDataset\test\images_test\55008.jpg
55009,,,,,c:\Users\LEGION\Documents\jupyter_notebook\Fashion-Intelligence-System\A2_FashionDataset\FashionDataset\test\images_test\55009.jpg
55010,,,,,c:\Users\LEGION\Documents\jupyter_notebook\Fashion-Intelligence-System\A2_FashionDataset\FashionDataset\test\images_test\55010.jpg
55012,,,,,c:\Users\LEGION\Documents\jupyter_notebook\Fashion-Intelligence-System\A2_FashionDataset\FashionDataset\test\images_test\55012.jpg
55013,,,,,c:\Users\LEGION\Documents\jupyter_notebook\Fashion-Intelligence-System\A2_FashionDataset\FashionDataset\test\images_test\55013.jpg
55015,,,,,c:\Users\LEGION\Documents\jupyter_notebook\Fashion-Intelligence-System\A2_FashionDataset\FashionDataset\test\images_test\55015.jpg
55016,,,,,c:\Users\LEGION\Documents\jupyter_notebook\Fashion-Intelligence-System\A2_FashionDataset\FashionDataset\test\images_test\55016.jpg
55018,,,,,c:\Users\LEGION\Documents\jupyter_notebook\Fashion-Intelligence-System\A2_FashionDataset\FashionDataset\test\images_test\55018.jpg
55020,,,,,c:\Users\LEGION\Documents\jupyter_notebook\Fashion-Intelligence-System\A2_FashionDataset\FashionDataset\test\images_test\55020.jpg
55021,,,,,c:\Users\LEGION\Documents\jupyter_notebook\Fashion-Intelligence-System\A2_FashionDataset\FashionDataset\test\images_test\55021.jpg
55022,,,,,c:\Users\LEGION\Documents\jupyter_notebook\Fashion-Intelligence-System\A2_FashionDataset\FashionDataset\test\images_test\55022.jpg
55023,,,,,c:\Users\LEGION\Documents\jupyter_notebook\Fashion-Intelligence-System\A2_FashionDataset\FashionDataset\test\images_test\55023.jpg
55024,,,,,c:\Users\LEGION\Documents\jupyter_notebook\Fashion-Intelligence-System\A2_FashionDataset\FashionDataset\test\images_test\55024.jpg
55025,,,,,c:\Users\LEGION\Documents\jupyter_notebook\Fashion-Intelligence-System\A2_FashionDataset\FashionDataset\test\images_test\55025.jpg
55026,,,,,c:\Users\LEGION\Documents\jupyter_notebook\Fashion-Intelligence-System\A2_FashionDataset\FashionDataset\test\images_test\55026.jpg
55027,,,,,c:\Users\LEGION\Documents\jupyter_notebook\Fashion-Intelligence-System\A2_FashionDataset\FashionDataset\test\images_test\55027.jpg
55028,,,,,c:\Users\LEGION\Documents\jupyter_notebook\Fashion-Intelligence-System\A2_FashionDataset\FashionDataset\test\images_test\55028.jpg
55029,,,,,c:\Users\LEGION\Documents\jupyter_notebook\Fashion-Intelligence-System\A2_FashionDataset\FashionDataset\test\images_test\55029.jpg
55030,,,,,c:\Users\LEGION\Documents\jupyter_notebook\Fashion-Intelligence-System\A2_FashionDataset\FashionDataset\test\images_test\55030.jpg
55031,,,,,c:\Users\LEGION\Documents\jupyter_notebook\Fashion-Intelligence-System\A2_FashionDataset\FashionDataset\test\images_test\55031.jpg
55032,,,,,c:\Users\LEGION\Documents\jupyter_notebook\Fashion-Intelligence-System\A2_FashionDataset\FashionDataset\test\images_test\55032.jpg
55033,,,,,c:\Users\LEGION\Documents\jupyter_notebook\Fashion-Intelligence-System\A2_FashionDataset\FashionDataset\test\images_test\55033.jpg
55034,,,,,c:\Users\LEGION\Documents\jupyter_notebook\Fashion-Intelligence-System\A2_FashionDataset\FashionDataset\test\images_test\55034.jpg
55035,,,,,c:\Users\LEGION\Documents\jupyter_notebook\Fashion-Intelligence-System\A2_FashionDataset\FashionDataset\test\images_test\55035.jpg
55036,,,,,c:\Users\LEGION\Documents\jupyter_notebook\Fashion-Intelligence-System\A2_FashionDataset\FashionDataset\test\images_test\55036.jpg
55037,,,,,c:\Users\LEGION\Documents\jupyter_notebook\Fashion-Intelligence-System\A2_FashionDataset\FashionDataset\test\images_test\55037.jpg
55038,,,,,c:\Users\LEGION\Documents\jupyter_notebook\Fashion-Intelligence-System\A2_FashionDataset\FashionDataset\test\images_test\55038.jpg
55039,,,,,c:\Users\LEGION\Documents\jupyter_notebook\Fashion-Intelligence-System\A2_FashionDataset\FashionDataset\test\images_test\55039.jpg
55040,,,,,c:\Users\LEGION\Documents\jupyter_notebook\Fashion-Intelligence-System\A2_FashionDataset\FashionDataset\test\images_test\55040.jpg
55041,,,,,c:\Users\LEGION\Documents\jupyter_notebook\Fashion-Intelligence-System\A2_FashionDataset\FashionDataset\test\images_test\55041.jpg
55042,,,,,c:\Users\LEGION\Documents\jupyter_notebook\Fashion-Intelligence-System\A2_FashionDataset\FashionDataset\test\images_test\55042.jpg
55043,,,,,c:\Users\LEGION\Documents\jupyter_notebook\Fashion-Intelligence-System\A2_FashionDataset\FashionDataset\test\images_test\55043.jpg
55044,,,,,c:\Users\LEGION\Documents\jupyter_notebook\Fashion-Intelligence-System\A2_FashionDataset\FashionDataset\test\images_test\55044.jpg
55045,,,,,c:\Users\LEGION\Documents\jupyter_notebook\Fashion-Intelligence-System\A2_FashionDataset\FashionDataset\test\images_test\55045.jpg
55046,,,,,c:\Users\LEGION\Documents\jupyter_notebook\Fashion-Intelligence-System\A2_FashionDataset\FashionDataset\test\images_test\55046.jpg
55047,,,,,c:\Users\LEGION\Documents\jupyter_notebook\Fashion-Intelligence-System\A2_FashionDataset\FashionDataset\test\images_test\55047.jpg
55048,,,,,c:\Users\LEGION\Documents\jupyter_notebook\Fashion-Intelligence-System\A2_FashionDataset\FashionDataset\test\images_test\55048.jpg
55049,,,,,c:\Users\LEGION\Documents\jupyter_notebook\Fashion-Intelligence-System\A2_FashionDataset\FashionDataset\test\images_test\55049.jpg
55050,,,,,c:\Users\LEGION\Documents\jupyter_notebook\Fashion-Intelligence-System\A2_FashionDataset\FashionDataset\test\images_test\55050.jpg
55051,,,,,c:\Users\LEGION\Documents\jupyter_notebook\Fashion-Intelligence-System\A2_FashionDataset\FashionDataset\test\images_test\55051.jpg
55052,,,,,c:\Users\LEGION\Documents\jupyter_notebook\Fashion-Intelligence-System\A2_FashionDataset\FashionDataset\test\images_test\55052.jpg
55053,,,,,c:\Users\LEGION\Documents\jupyter_notebook\Fashion-Intelligence-System\A2_FashionDataset\FashionDataset\test\images_test\55053.jpg
55054,,,,,c:\Users\LEGION\Documents\jupyter_notebook\Fashion-Intelligence-System\A2_FashionDataset\FashionDataset\test\images_test\55054.jpg
55055,,,,,c:\Users\LEGION\Documents\jupyter_notebook\Fashion-Intelligence-System\A2_FashionDataset\FashionDataset\test\images_test\55055.jpg
55056,,,,,c:\Users\LEGION\Documents\jupyter_notebook\Fashion-Intelligence-System\A2_FashionDataset\FashionDataset\test\images_test\55056.jpg
55057,,,,,c:\Users\LEGION\Documents\jupyter_notebook\Fashion-Intelligence-System\A2_FashionDataset\FashionDataset\test\images_test\55057.jpg
55058,,,,,c:\Users\LEGION\Documents\jupyter_notebook\Fashion-Intelligence-System\A2_FashionDataset\FashionDataset\test\images_test\55058.jpg
55059,,,,,c:\Users\LEGION\Documents\jupyter_notebook\Fashion-Intelligence-System\A2_FashionDataset\FashionDataset\test\images_test\55059.jpg
55060,,,,,c:\Users\LEGION\Documents\jupyter_notebook\Fashion-Intelligence-System\A2_FashionDataset\FashionDataset\test\images_test\55060.jpg
55061,,,,,c:\Users\LEGION\Documents\jupyter_notebook\Fashion-Intelligence-System\A2_FashionDataset\FashionDataset\test\images_test\55061.jpg
55062,,,,,c:\Users\LEGION\Documents\jupyter_notebook\Fashion-Intelligence-System\A2_FashionDataset\FashionDataset\test\images_test\55062.jpg
55063,,,,,c:\Users\LEGION\Documents\jupyter_notebook\Fashion-Intelligence-System\A2_FashionDataset\FashionDataset\test\images_test\55063.jpg
55064,,,,,c:\Users\LEGION\Documents\jupyter_notebook\Fashion-Intelligence-System\A2_FashionDataset\FashionDataset\test\images_test\55064.jpg
55065,,,,,c:\Users\LEGION\Documents\jupyter_notebook\Fashion-Intelligence-System\A2_FashionDataset\FashionDataset\test\images_test\55065.jpg
55066,,,,,c:\Users\LEGION\Documents\jupyter_notebook\Fashion-Intelligence-System\A2_FashionDataset\FashionDataset\test\images_test\55066.jpg
55067,,,,,c:\Users\LEGION\Documents\jupyter_notebook\Fashion-Intelligence-System\A2_FashionDataset\FashionDataset\test\images_test\55067.jpg
55068,,,,,c:\Users\LEGION\Documents\jupyter_notebook\Fashion-Intelligence-System\A2_FashionDataset\FashionDataset\test\images_test\55068.jpg
55069,,,,,c:\Users\LEGION\Documents\jupyter_notebook\Fashion-Intelligence-System\A2_FashionDataset\FashionDataset\test\images_test\55069.jpg
55070,,,,,c:\Users\LEGION\Documents\jupyter_notebook\Fashion-Intelligence-System\A2_FashionDataset\FashionDataset\test\images_test\55070.jpg
55071,,,,,c:\Users\LEGION\Documents\jupyter_notebook\Fashion-Intelligence-System\A2_FashionDataset\FashionDataset\test\images_test\55071.jpg
55072,,,,,c:\Users\LEGION\Documents\jupyter_notebook\Fashion-Intelligence-System\A2_FashionDataset\FashionDataset\test\images_test\55072.jpg
55073,,,,,c:\Users\LEGION\Documents\jupyter_notebook\Fashion-Intelligence-System\A2_FashionDataset\FashionDataset\test\images_test\55073.jpg
55074,,,,,c:\Users\LEGION\Documents\jupyter_notebook\Fashion-Intelligence-System\A2_FashionDataset\FashionDataset\test\images_test\55074.jpg
55075,,,,,c:\Users\LEGION\Documents\jupyter_notebook\Fashion-Intelligence-System\A2_FashionDataset\FashionDataset\test\images_test\55075.jpg
55078,,,,,c:\Users\LEGION\Documents\jupyter_notebook\Fashion-Intelligence-System\A2_FashionDataset\FashionDataset\test\images_test\55078.jpg
55079,,,,,c:\Users\LEGION\Documents\jupyter_notebook\Fashion-Intelligence-System\A2_FashionDataset\FashionDataset\test\images_test\55079.jpg
55080,,,,,c:\Users\LEGION\Documents\jupyter_notebook\Fashion-Intelligence-System\A2_FashionDataset\FashionDataset\test\images_test\55080.jpg
55081,,,,,c:\Users\LEGION\Documents\jupyter_notebook\Fashion-Intelligence-System\A2_FashionDataset\FashionDataset\test\images_test\55081.jpg
55083,,,,,c:\Users\LEGION\Documents\jupyter_notebook\Fashion-Intelligence-System\A2_FashionDataset\FashionDataset\test\images_test\55083.jpg
55086,,,,,c:\Users\LEGION\Documents\jupyter_notebook\Fashion-Intelligence-System\A2_FashionDataset\FashionDataset\test\images_test\55086.jpg
55087,,,,,c:\Users\LEGION\Documents\jupyter_notebook\Fashion-Intelligence-System\A2_FashionDataset\FashionDataset\test\images_test\55087.jpg
55089,,,,,c:\Users\LEGION\Documents\jupyter_notebook\Fashion-Intelligence-System\A2_FashionDataset\FashionDataset\test\images_test\55089.jpg
55090,,,,,c:\Users\LEGION\Documents\jupyter_notebook\Fashion-Intelligence-System\A2_FashionDataset\FashionDataset\test\images_test\55090.jpg
55093,,,,,c:\Users\LEGION\Documents\jupyter_notebook\Fashion-Intelligence-System\A2_FashionDataset\FashionDataset\test\images_test\55093.jpg
55094,,,,,c:\Users\LEGION\Documents\jupyter_notebook\Fashion-Intelligence-System\A2_FashionDataset\FashionDataset\test\images_test\55094.jpg
55095,,,,,c:\Users\LEGION\Documents\jupyter_notebook\Fashion-Intelligence-System\A2_FashionDataset\FashionDataset\test\images_test\55095.jpg
55097,,,,,c:\Users\LEGION\Documents\jupyter_notebook\Fashion-Intelligence-System\A2_FashionDataset\FashionDataset\test\images_test\55097.jpg
55098,,,,,c:\Users\LEGION\Documents\jupyter_notebook\Fashion-Intelligence-System\A2_FashionDataset\FashionDataset\test\images_test\55098.jpg
55099,,,,,c:\Users\LEGION\Documents\jupyter_notebook\Fashion-Intelligence-System\A2_FashionDataset\FashionDataset\test\images_test\55099.jpg
55100,,,,,c:\Users\LEGION\Documents\jupyter_notebook\Fashion-Intelligence-System\A2_FashionDataset\FashionDataset\test\images_test\55100.jpg
55101,,,,,c:\Users\LEGION\Documents\jupyter_notebook\Fashion-Intelligence-System\A2_FashionDataset\FashionDataset\test\images_test\55101.jpg
55107,,,,,c:\Users\LEGION\Documents\jupyter_notebook\Fashion-Intelligence-System\A2_FashionDataset\FashionDataset\test\images_test\55107.jpg
55108,,,,,c:\Users\LEGION\Documents\jupyter_notebook\Fashion-Intelligence-System\A2_FashionDataset\FashionDataset\test\images_test\55108.jpg
55109,,,,,c:\Users\LEGION\Documents\jupyter_notebook\Fashion-Intelligence-System\A2_FashionDataset\FashionDataset\test\images_test\55109.jpg
55110,,,,,c:\Users\LEGION\Documents\jupyter_notebook\Fashion-Intelligence-System\A2_FashionDataset\FashionDataset\test\images_test\55110.jpg
55111,,,,,c:\Users\LEGION\Documents\jupyter_notebook\Fashion-Intelligence-System\A2_FashionDataset\FashionDataset\test\images_test\55111.jpg
55112,,,,,c:\Users\LEGION\Documents\jupyter_notebook\Fashion-Intelligence-System\A2_FashionDataset\FashionDataset\test\images_test\55112.jpg
55113,,,,,c:\Users\LEGION\Documents\jupyter_notebook\Fashion-Intelligence-System\A2_FashionDataset\FashionDataset\test\images_test\55113.jpg
55114,,,,,c:\Users\LEGION\Documents\jupyter_notebook\Fashion-Intelligence-System\A2_FashionDataset\FashionDataset\test\images_test\55114.jpg
55115,,,,,c:\Users\LEGION\Documents\jupyter_notebook\Fashion-Intelligence-System\A2_FashionDataset\FashionDataset\test\images_test\55115.jpg
55116,,,,,c:\Users\LEGION\Documents\jupyter_notebook\Fashion-Intelligence-System\A2_FashionDataset\FashionDataset\test\images_test\55116.jpg
55117,,,,,c:\Users\LEGION\Documents\jupyter_notebook\Fashion-Intelligence-System\A2_FashionDataset\FashionDataset\test\images_test\55117.jpg
55118,,,,,c:\Users\LEGION\Documents\jupyter_notebook\Fashion-Intelligence-System\A2_FashionDataset\FashionDataset\test\images_test\55118.jpg
55119,,,,,c:\Users\LEGION\Documents\jupyter_notebook\Fashion-Intelligence-System\A2_FashionDataset\FashionDataset\test\images_test\55119.jpg
55120,,,,,c:\Users\LEGION\Documents\jupyter_notebook\Fashion-Intelligence-System\A2_FashionDataset\FashionDataset\test\images_test\55120.jpg
55121,,,,,c:\Users\LEGION\Documents\jupyter_notebook\Fashion-Intelligence-System\A2_FashionDataset\FashionDataset\test\images_test\55121.jpg
55122,,,,,c:\Users\LEGION\Documents\jupyter_notebook\Fashion-Intelligence-System\A2_FashionDataset\FashionDataset\test\images_test\55122.jpg
55123,,,,,c:\Users\LEGION\Documents\jupyter_notebook\Fashion-Intelligence-System\A2_FashionDataset\FashionDataset\test\images_test\55123.jpg
55124,,,,,c:\Users\LEGION\Documents\jupyter_notebook\Fashion-Intelligence-System\A2_FashionDataset\FashionDataset\test\images_test\55124.jpg
55125,,,,,c:\Users\LEGION\Documents\jupyter_notebook\Fashion-Intelligence-System\A2_FashionDataset\FashionDataset\test\images_test\55125.jpg
55126,,,,,c:\Users\LEGION\Documents\jupyter_notebook\Fashion-Intelligence-System\A2_FashionDataset\FashionDataset\test\images_test\55126.jpg
55127,,,,,c:\Users\LEGION\Documents\jupyter_notebook\Fashion-Intelligence-System\A2_FashionDataset\FashionDataset\test\images_test\55127.jpg
55128,,,,,c:\Users\LEGION\Documents\jupyter_notebook\Fashion-Intelligence-System\A2_FashionDataset\FashionDataset\test\images_test\55128.jpg
55129,,,,,c:\Users\LEGION\Documents\jupyter_notebook\Fashion-Intelligence-System\A2_FashionDataset\FashionDataset\test\images_test\55129.jpg
55130,,,,,c:\Users\LEGION\Documents\jupyter_notebook\Fashion-Intelligence-System\A2_FashionDataset\FashionDataset\test\images_test\55130.jpg
55131,,,,,c:\Users\LEGION\Documents\jupyter_notebook\Fashion-Intelligence-System\A2_FashionDataset\FashionDataset\test\images_test\55131.jpg
55132,,,,,c:\Users\LEGION\Documents\jupyter_notebook\Fashion-Intelligence-System\A2_FashionDataset\FashionDataset\test\images_test\55132.jpg
55133,,,,,c:\Users\LEGION\Documents\jupyter_notebook\Fashion-Intelligence-System\A2_FashionDataset\FashionDataset\test\images_test\55133.jpg
55134,,,,,c:\Users\LEGION\Documents\jupyter_notebook\Fashion-Intelligence-System\A2_FashionDataset\FashionDataset\test\images_test\55134.jpg
55135,,,,,c:\Users\LEGION\Documents\jupyter_notebook\Fashion-Intelligence-System\A2_FashionDataset\FashionDataset\test\images_test\55135.jpg
55136,,,,,c:\Users\LEGION\Documents\jupyter_notebook\Fashion-Intelligence-System\A2_FashionDataset\FashionDataset\test\images_test\55136.jpg
55137,,,,,c:\Users\LEGION\Documents\jupyter_notebook\Fashion-Intelligence-System\A2_FashionDataset\FashionDataset\test\images_test\55137.jpg
55138,,,,,c:\Users\LEGION\Documents\jupyter_notebook\Fashion-Intelligence-System\A2_FashionDataset\FashionDataset\test\images_test\55138.jpg
55139,,,,,c:\Users\LEGION\Documents\jupyter_notebook\Fashion-Intelligence-System\A2_FashionDataset\FashionDataset\test\images_test\55139.jpg
55140,,,,,c:\Users\LEGION\Documents\jupyter_notebook\Fashion-Intelligence-System\A2_FashionDataset\FashionDataset\test\images_test\55140.jpg
55141,,,,,c:\Users\LEGION\Documents\jupyter_notebook\Fashion-Intelligence-System\A2_FashionDataset\FashionDataset\test\images_test\55141.jpg
55142,,,,,c:\Users\LEGION\Documents\jupyter_notebook\Fashion-Intelligence-System\A2_FashionDataset\FashionDataset\test\images_test\55142.jpg
55143,,,,,c:\Users\LEGION\Documents\jupyter_notebook\Fashion-Intelligence-System\A2_FashionDataset\FashionDataset\test\images_test\55143.jpg
55144,,,,,c:\Users\LEGION\Documents\jupyter_notebook\Fashion-Intelligence-System\A2_FashionDataset\FashionDataset\test\images_test\55144.jpg
55145,,,,,c:\Users\LEGION\Documents\jupyter_notebook\Fashion-Intelligence-System\A2_FashionDataset\FashionDataset\test\images_test\55145.jpg
55146,,,,,c:\Users\LEGION\Documents\jupyter_notebook\Fashion-Intelligence-System\A2_FashionDataset\FashionDataset\test\images_test\55146.jpg
55147,,,,,c:\Users\LEGION\Documents\jupyter_notebook\Fashion-Intelligence-System\A2_FashionDataset\FashionDataset\test\images_test\55147.jpg
55148,,,,,c:\Users\LEGION\Documents\jupyter_notebook\Fashion-Intelligence-System\A2_FashionDataset\FashionDataset\test\images_test\55148.jpg
55149,,,,,c:\Users\LEGION\Documents\jupyter_notebook\Fashion-Intelligence-System\A2_FashionDataset\FashionDataset\test\images_test\55149.jpg
55150,,,,,c:\Users\LEGION\Documents\jupyter_notebook\Fashion-Intelligence-System\A2_FashionDataset\FashionDataset\test\images_test\55150.jpg
55151,,,,,c:\Users\LEGION\Documents\jupyter_notebook\Fashion-Intelligence-System\A2_FashionDataset\FashionDataset\test\images_test\55151.jpg
55152,,,,,c:\Users\LEGION\Documents\jupyter_notebook\Fashion-Intelligence-System\A2_FashionDataset\FashionDataset\test\images_test\55152.jpg
55153,,,,,c:\Users\LEGION\Documents\jupyter_notebook\Fashion-Intelligence-System\A2_FashionDataset\FashionDataset\test\images_test\55153.jpg
55154,,,,,c:\Users\LEGION\Documents\jupyter_notebook\Fashion-Intelligence-System\A2_FashionDataset\FashionDataset\test\images_test\55154.jpg
55155,,,,,c:\Users\LEGION\Documents\jupyter_notebook\Fashion-Intelligence-System\A2_FashionDataset\FashionDataset\test\images_test\55155.jpg
55156,,,,,c:\Users\LEGION\Documents\jupyter_notebook\Fashion-Intelligence-System\A2_FashionDataset\FashionDataset\test\images_test\55156.jpg
55157,,,,,c:\Users\LEGION\Documents\jupyter_notebook\Fashion-Intelligence-System\A2_FashionDataset\FashionDataset\test\images_test\55157.jpg
55158,,,,,c:\Users\LEGION\Documents\jupyter_notebook\Fashion-Intelligence-System\A2_FashionDataset\FashionDataset\test\images_test\55158.jpg
55159,,,,,c:\Users\LEGION\Documents\jupyter_notebook\Fashion-Intelligence-System\A2_FashionDataset\FashionDataset\test\images_test\55159.jpg
55160,,,,,c:\Users\LEGION\Documents\jupyter_notebook\Fashion-Intelligence-System\A2_FashionDataset\FashionDataset\test\images_test\55160.jpg
55161,,,,,c:\Users\LEGION\Documents\jupyter_notebook\Fashion-Intelligence-System\A2_FashionDataset\FashionDataset\test\images_test\55161.jpg
55162,,,,,c:\Users\LEGION\Documents\jupyter_notebook\Fashion-Intelligence-System\A2_FashionDataset\FashionDataset\test\images_test\55162.jpg
55163,,,,,c:\Users\LEGION\Documents\jupyter_notebook\Fashion-Intelligence-System\A2_FashionDataset\FashionDataset\test\images_test\55163.jpg
55164,,,,,c:\Users\LEGION\Documents\jupyter_notebook\Fashion-Intelligence-System\A2_FashionDataset\FashionDataset\test\images_test\55164.jpg
55165,,,,,c:\Users\LEGION\Documents\jupyter_notebook\Fashion-Intelligence-System\A2_FashionDataset\FashionDataset\test\images_test\55165.jpg
55166,,,,,c:\Users\LEGION\Documents\jupyter_notebook\Fashion-Intelligence-System\A2_FashionDataset\FashionDataset\test\images_test\55166.jpg
55168,,,,,c:\Users\LEGION\Documents\jupyter_notebook\Fashion-Intelligence-System\A2_FashionDataset\FashionDataset\test\images_test\55168.jpg
55170,,,,,c:\Users\LEGION\Documents\jupyter_notebook\Fashion-Intelligence-System\A2_FashionDataset\FashionDataset\test\images_test\55170.jpg
55172,,,,,c:\Users\LEGION\Documents\jupyter_notebook\Fashion-Intelligence-System\A2_FashionDataset\FashionDataset\test\images_test\55172.jpg
55173,,,,,c:\Users\LEGION\Documents\jupyter_notebook\Fashion-Intelligence-System\A2_FashionDataset\FashionDataset\test\images_test\55173.jpg
55175,,,,,c:\Users\LEGION\Documents\jupyter_notebook\Fashion-Intelligence-System\A2_FashionDataset\FashionDataset\test\images_test\55175.jpg
55177,,,,,c:\Users\LEGION\Documents\jupyter_notebook\Fashion-Intelligence-System\A2_FashionDataset\FashionDataset\test\images_test\55177.jpg
55179,,,,,c:\Users\LEGION\Documents\jupyter_notebook\Fashion-Intelligence-System\A2_FashionDataset\FashionDataset\test\images_test\55179.jpg
55180,,,,,c:\Users\LEGION\Documents\jupyter_notebook\Fashion-Intelligence-System\A2_FashionDataset\FashionDataset\test\images_test\55180.jpg
55181,,,,,c:\Users\LEGION\Documents\jupyter_notebook\Fashion-Intelligence-System\A2_FashionDataset\FashionDataset\test\images_test\55181.jpg
55184,,,,,c:\Users\LEGION\Documents\jupyter_notebook\Fashion-Intelligence-System\A2_FashionDataset\FashionDataset\test\images_test\55184.jpg
55185,,,,,c:\Users\LEGION\Documents\jupyter_notebook\Fashion-Intelligence-System\A2_FashionDataset\FashionDataset\test\images_test\55185.jpg
55186,,,,,c:\Users\LEGION\Documents\jupyter_notebook\Fashion-Intelligence-System\A2_FashionDataset\FashionDataset\test\images_test\55186.jpg
55187,,,,,c:\Users\LEGION\Documents\jupyter_notebook\Fashion-Intelligence-System\A2_FashionDataset\FashionDataset\test\images_test\55187.jpg
55190,,,,,c:\Users\LEGION\Documents\jupyter_notebook\Fashion-Intelligence-System\A2_FashionDataset\FashionDataset\test\images_test\55190.jpg
55191,,,,,c:\Users\LEGION\Documents\jupyter_notebook\Fashion-Intelligence-System\A2_FashionDataset\FashionDataset\test\images_test\55191.jpg
55192,,,,,c:\Users\LEGION\Documents\jupyter_notebook\Fashion-Intelligence-System\A2_FashionDataset\FashionDataset\test\images_test\55192.jpg
55194,,,,,c:\Users\LEGION\Documents\jupyter_notebook\Fashion-Intelligence-System\A2_FashionDataset\FashionDataset\test\images_test\55194.jpg
55195,,,,,c:\Users\LEGION\Documents\jupyter_notebook\Fashion-Intelligence-System\A2_FashionDataset\FashionDataset\test\images_test\55195.jpg
55196,,,,,c:\Users\LEGION\Documents\jupyter_notebook\Fashion-Intelligence-System\A2_FashionDataset\FashionDataset\test\images_test\55196.jpg
55197,,,,,c:\Users\LEGION\Documents\jupyter_notebook\Fashion-Intelligence-System\A2_FashionDataset\FashionDataset\test\images_test\55197.jpg
55198,,,,,c:\Users\LEGION\Documents\jupyter_notebook\Fashion-Intelligence-System\A2_FashionDataset\FashionDataset\test\images_test\55198.jpg
55200,,,,,c:\Users\LEGION\Documents\jupyter_notebook\Fashion-Intelligence-System\A2_FashionDataset\FashionDataset\test\images_test\55200.jpg
55201,,,,,c:\Users\LEGION\Documents\jupyter_notebook\Fashion-Intelligence-System\A2_FashionDataset\FashionDataset\test\images_test\55201.jpg
55202,,,,,c:\Users\LEGION\Documents\jupyter_notebook\Fashion-Intelligence-System\A2_FashionDataset\FashionDataset\test\images_test\55202.jpg
55203,,,,,c:\Users\LEGION\Documents\jupyter_notebook\Fashion-Intelligence-System\A2_FashionDataset\FashionDataset\test\images_test\55203.jpg
55205,,,,,c:\Users\LEGION\Documents\jupyter_notebook\Fashion-Intelligence-System\A2_FashionDataset\FashionDataset\test\images_test\55205.jpg
55206,,,,,c:\Users\LEGION\Documents\jupyter_notebook\Fashion-Intelligence-System\A2_FashionDataset\FashionDataset\test\images_test\55206.jpg
55208,,,,,c:\Users\LEGION\Documents\jupyter_notebook\Fashion-Intelligence-System\A2_FashionDataset\FashionDataset\test\images_test\55208.jpg
55209,,,,,c:\Users\LEGION\Documents\jupyter_notebook\Fashion-Intelligence-System\A2_FashionDataset\FashionDataset\test\images_test\55209.jpg
55210,,,,,c:\Users\LEGION\Documents\jupyter_notebook\Fashion-Intelligence-System\A2_FashionDataset\FashionDataset\test\images_test\55210.jpg
55211,,,,,c:\Users\LEGION\Documents\jupyter_notebook\Fashion-Intelligence-System\A2_FashionDataset\FashionDataset\test\images_test\55211.jpg
55212,,,,,c:\Users\LEGION\Documents\jupyter_notebook\Fashion-Intelligence-System\A2_FashionDataset\FashionDataset\test\images_test\55212.jpg
55213,,,,,c:\Users\LEGION\Documents\jupyter_notebook\Fashion-Intelligence-System\A2_FashionDataset\FashionDataset\test\images_test\55213.jpg
55214,,,,,c:\Users\LEGION\Documents\jupyter_notebook\Fashion-Intelligence-System\A2_FashionDataset\FashionDataset\test\images_test\55214.jpg
55215,,,,,c:\Users\LEGION\Documents\jupyter_notebook\Fashion-Intelligence-System\A2_FashionDataset\FashionDataset\test\images_test\55215.jpg
55216,,,,,c:\Users\LEGION\Documents\jupyter_notebook\Fashion-Intelligence-System\A2_FashionDataset\FashionDataset\test\images_test\55216.jpg
55217,,,,,c:\Users\LEGION\Documents\jupyter_notebook\Fashion-Intelligence-System\A2_FashionDataset\FashionDataset\test\images_test\55217.jpg
55218,,,,,c:\Users\LEGION\Documents\jupyter_notebook\Fashion-Intelligence-System\A2_FashionDataset\FashionDataset\test\images_test\55218.jpg
55219,,,,,c:\Users\LEGION\Documents\jupyter_notebook\Fashion-Intelligence-System\A2_FashionDataset\FashionDataset\test\images_test\55219.jpg
55220,,,,,c:\Users\LEGION\Documents\jupyter_notebook\Fashion-Intelligence-System\A2_FashionDataset\FashionDataset\test\images_test\55220.jpg
55221,,,,,c:\Users\LEGION\Documents\jupyter_notebook\Fashion-Intelligence-System\A2_FashionDataset\FashionDataset\test\images_test\55221.jpg
55222,,,,,c:\Users\LEGION\Documents\jupyter_notebook\Fashion-Intelligence-System\A2_FashionDataset\FashionDataset\test\images_test\55222.jpg
55223,,,,,c:\Users\LEGION\Documents\jupyter_notebook\Fashion-Intelligence-System\A2_FashionDataset\FashionDataset\test\images_test\55223.jpg
55224,,,,,c:\Users\LEGION\Documents\jupyter_notebook\Fashion-Intelligence-System\A2_FashionDataset\FashionDataset\test\images_test\55224.jpg
55225,,,,,c:\Users\LEGION\Documents\jupyter_notebook\Fashion-Intelligence-System\A2_FashionDataset\FashionDataset\test\images_test\55225.jpg
55226,,,,,c:\Users\LEGION\Documents\jupyter_notebook\Fashion-Intelligence-System\A2_FashionDataset\FashionDataset\test\images_test\55226.jpg
55227,,,,,c:\Users\LEGION\Documents\jupyter_notebook\Fashion-Intelligence-System\A2_FashionDataset\FashionDataset\test\images_test\55227.jpg
55228,,,,,c:\Users\LEGION\Documents\jupyter_notebook\Fashion-Intelligence-System\A2_FashionDataset\FashionDataset\test\images_test\55228.jpg
55229,,,,,c:\Users\LEGION\Documents\jupyter_notebook\Fashion-Intelligence-System\A2_FashionDataset\FashionDataset\test\images_test\55229.jpg
55230,,,,,c:\Users\LEGION\Documents\jupyter_notebook\Fashion-Intelligence-System\A2_FashionDataset\FashionDataset\test\images_test\55230.jpg
55231,,,,,c:\Users\LEGION\Documents\jupyter_notebook\Fashion-Intelligence-System\A2_FashionDataset\FashionDataset\test\images_test\55231.jpg
55232,,,,,c:\Users\LEGION\Documents\jupyter_notebook\Fashion-Intelligence-System\A2_FashionDataset\FashionDataset\test\images_test\55232.jpg
55233,,,,,c:\Users\LEGION\Documents\jupyter_notebook\Fashion-Intelligence-System\A2_FashionDataset\FashionDataset\test\images_test\55233.jpg
55234,,,,,c:\Users\LEGION\Documents\jupyter_notebook\Fashion-Intelligence-System\A2_FashionDataset\FashionDataset\test\images_test\55234.jpg
55235,,,,,c:\Users\LEGION\Documents\jupyter_notebook\Fashion-Intelligence-System\A2_FashionDataset\FashionDataset\test\images_test\55235.jpg
55236,,,,,c:\Users\LEGION\Documents\jupyter_notebook\Fashion-Intelligence-System\A2_FashionDataset\FashionDataset\test\images_test\55236.jpg
55237,,,,,c:\Users\LEGION\Documents\jupyter_notebook\Fashion-Intelligence-System\A2_FashionDataset\FashionDataset\test\images_test\55237.jpg
55238,,,,,c:\Users\LEGION\Documents\jupyter_notebook\Fashion-Intelligence-System\A2_FashionDataset\FashionDataset\test\images_test\55238.jpg
55239,,,,,c:\Users\LEGION\Documents\jupyter_notebook\Fashion-Intelligence-System\A2_FashionDataset\FashionDataset\test\images_test\55239.jpg
55240,,,,,c:\Users\LEGION\Documents\jupyter_notebook\Fashion-Intelligence-System\A2_FashionDataset\FashionDataset\test\images_test\55240.jpg
55241,,,,,c:\Users\LEGION\Documents\jupyter_notebook\Fashion-Intelligence-System\A2_FashionDataset\FashionDataset\test\images_test\55241.jpg
55242,,,,,c:\Users\LEGION\Documents\jupyter_notebook\Fashion-Intelligence-System\A2_FashionDataset\FashionDataset\test\images_test\55242.jpg
55243,,,,,c:\Users\LEGION\Documents\jupyter_notebook\Fashion-Intelligence-System\A2_FashionDataset\FashionDataset\test\images_test\55243.jpg
55244,,,,,c:\Users\LEGION\Documents\jupyter_notebook\Fashion-Intelligence-System\A2_FashionDataset\FashionDataset\test\images_test\55244.jpg
55245,,,,,c:\Users\LEGION\Documents\jupyter_notebook\Fashion-Intelligence-System\A2_FashionDataset\FashionDataset\test\images_test\55245.jpg
55246,,,,,c:\Users\LEGION\Documents\jupyter_notebook\Fashion-Intelligence-System\A2_FashionDataset\FashionDataset\test\images_test\55246.jpg
55247,,,,,c:\Users\LEGION\Documents\jupyter_notebook\Fashion-Intelligence-System\A2_FashionDataset\FashionDataset\test\images_test\55247.jpg
55248,,,,,c:\Users\LEGION\Documents\jupyter_notebook\Fashion-Intelligence-System\A2_FashionDataset\FashionDataset\test\images_test\55248.jpg
55249,,,,,c:\Users\LEGION\Documents\jupyter_notebook\Fashion-Intelligence-System\A2_FashionDataset\FashionDataset\test\images_test\55249.jpg
55250,,,,,c:\Users\LEGION\Documents\jupyter_notebook\Fashion-Intelligence-System\A2_FashionDataset\FashionDataset\test\images_test\55250.jpg
55251,,,,,c:\Users\LEGION\Documents\jupyter_notebook\Fashion-Intelligence-System\A2_FashionDataset\FashionDataset\test\images_test\55251.jpg
55252,,,,,c:\Users\LEGION\Documents\jupyter_notebook\Fashion-Intelligence-System\A2_FashionDataset\FashionDataset\test\images_test\55252.jpg
55253,,,,,c:\Users\LEGION\Documents\jupyter_notebook\Fashion-Intelligence-System\A2_FashionDataset\FashionDataset\test\images_test\55253.jpg
55254,,,,,c:\Users\LEGION\Documents\jupyter_notebook\Fashion-Intelligence-System\A2_FashionDataset\FashionDataset\test\images_test\55254.jpg
55255,,,,,c:\Users\LEGION\Documents\jupyter_notebook\Fashion-Intelligence-System\A2_FashionDataset\FashionDataset\test\images_test\55255.jpg
55256,,,,,c:\Users\LEGION\Documents\jupyter_notebook\Fashion-Intelligence-System\A2_FashionDataset\FashionDataset\test\images_test\55256.jpg
55257,,,,,c:\Users\LEGION\Documents\jupyter_notebook\Fashion-Intelligence-System\A2_FashionDataset\FashionDataset\test\images_test\55257.jpg
55258,,,,,c:\Users\LEGION\Documents\jupyter_notebook\Fashion-Intelligence-System\A2_FashionDataset\FashionDataset\test\images_test\55258.jpg
55259,,,,,c:\Users\LEGION\Documents\jupyter_notebook\Fashion-Intelligence-System\A2_FashionDataset\FashionDataset\test\images_test\55259.jpg
55260,,,,,c:\Users\LEGION\Documents\jupyter_notebook\Fashion-Intelligence-System\A2_FashionDataset\FashionDataset\test\images_test\55260.jpg
55261,,,,,c:\Users\LEGION\Documents\jupyter_notebook\Fashion-Intelligence-System\A2_FashionDataset\FashionDataset\test\images_test\55261.jpg
55262,,,,,c:\Users\LEGION\Documents\jupyter_notebook\Fashion-Intelligence-System\A2_FashionDataset\FashionDataset\test\images_test\55262.jpg
55263,,,,,c:\Users\LEGION\Documents\jupyter_notebook\Fashion-Intelligence-System\A2_FashionDataset\FashionDataset\test\images_test\55263.jpg
55264,,,,,c:\Users\LEGION\Documents\jupyter_notebook\Fashion-Intelligence-System\A2_FashionDataset\FashionDataset\test\images_test\55264.jpg
55265,,,,,c:\Users\LEGION\Documents\jupyter_notebook\Fashion-Intelligence-System\A2_FashionDataset\FashionDataset\test\images_test\55265.jpg
55266,,,,,c:\Users\LEGION\Documents\jupyter_notebook\Fashion-Intelligence-System\A2_FashionDataset\FashionDataset\test\images_test\55266.jpg
55267,,,,,c:\Users\LEGION\Documents\jupyter_notebook\Fashion-Intelligence-System\A2_FashionDataset\FashionDataset\test\images_test\55267.jpg
55268,,,,,c:\Users\LEGION\Documents\jupyter_notebook\Fashion-Intelligence-System\A2_FashionDataset\FashionDataset\test\images_test\55268.jpg
55269,,,,,c:\Users\LEGION\Documents\jupyter_notebook\Fashion-Intelligence-System\A2_FashionDataset\FashionDataset\test\images_test\55269.jpg
55270,,,,,c:\Users\LEGION\Documents\jupyter_notebook\Fashion-Intelligence-System\A2_FashionDataset\FashionDataset\test\images_test\55270.jpg
55271,,,,,c:\Users\LEGION\Documents\jupyter_notebook\Fashion-Intelligence-System\A2_FashionDataset\FashionDataset\test\images_test\55271.jpg
55272,,,,,c:\Users\LEGION\Documents\jupyter_notebook\Fashion-Intelligence-System\A2_FashionDataset\FashionDataset\test\images_test\55272.jpg
55273,,,,,c:\Users\LEGION\Documents\jupyter_notebook\Fashion-Intelligence-System\A2_FashionDataset\FashionDataset\test\images_test\55273.jpg
55274,,,,,c:\Users\LEGION\Documents\jupyter_notebook\Fashion-Intelligence-System\A2_FashionDataset\FashionDataset\test\images_test\55274.jpg
55275,,,,,c:\Users\LEGION\Documents\jupyter_notebook\Fashion-Intelligence-System\A2_FashionDataset\FashionDataset\test\images_test\55275.jpg
55276,,,,,c:\Users\LEGION\Documents\jupyter_notebook\Fashion-Intelligence-System\A2_FashionDataset\FashionDataset\test\images_test\55276.jpg
55277,,,,,c:\Users\LEGION\Documents\jupyter_notebook\Fashion-Intelligence-System\A2_FashionDataset\FashionDataset\test\images_test\55277.jpg
55278,,,,,c:\Users\LEGION\Documents\jupyter_notebook\Fashion-Intelligence-System\A2_FashionDataset\FashionDataset\test\images_test\55278.jpg
55280,,,,,c:\Users\LEGION\Documents\jupyter_notebook\Fashion-Intelligence-System\A2_FashionDataset\FashionDataset\test\images_test\55280.jpg
55281,,,,,c:\Users\LEGION\Documents\jupyter_notebook\Fashion-Intelligence-System\A2_FashionDataset\FashionDataset\test\images_test\55281.jpg
55282,,,,,c:\Users\LEGION\Documents\jupyter_notebook\Fashion-Intelligence-System\A2_FashionDataset\FashionDataset\test\images_test\55282.jpg
55283,,,,,c:\Users\LEGION\Documents\jupyter_notebook\Fashion-Intelligence-System\A2_FashionDataset\FashionDataset\test\images_test\55283.jpg
55284,,,,,c:\Users\LEGION\Documents\jupyter_notebook\Fashion-Intelligence-System\A2_FashionDataset\FashionDataset\test\images_test\55284.jpg
55285,,,,,c:\Users\LEGION\Documents\jupyter_notebook\Fashion-Intelligence-System\A2_FashionDataset\FashionDataset\test\images_test\55285.jpg
55286,,,,,c:\Users\LEGION\Documents\jupyter_notebook\Fashion-Intelligence-System\A2_FashionDataset\FashionDataset\test\images_test\55286.jpg
55287,,,,,c:\Users\LEGION\Documents\jupyter_notebook\Fashion-Intelligence-System\A2_FashionDataset\FashionDataset\test\images_test\55287.jpg
55288,,,,,c:\Users\LEGION\Documents\jupyter_notebook\Fashion-Intelligence-System\A2_FashionDataset\FashionDataset\test\images_test\55288.jpg
55289,,,,,c:\Users\LEGION\Documents\jupyter_notebook\Fashion-Intelligence-System\A2_FashionDataset\FashionDataset\test\images_test\55289.jpg
55290,,,,,c:\Users\LEGION\Documents\jupyter_notebook\Fashion-Intelligence-System\A2_FashionDataset\FashionDataset\test\images_test\55290.jpg
55291,,,,,c:\Users\LEGION\Documents\jupyter_notebook\Fashion-Intelligence-System\A2_FashionDataset\FashionDataset\test\images_test\55291.jpg
55292,,,,,c:\Users\LEGION\Documents\jupyter_notebook\Fashion-Intelligence-System\A2_FashionDataset\FashionDataset\test\images_test\55292.jpg
55293,,,,,c:\Users\LEGION\Documents\jupyter_notebook\Fashion-Intelligence-System\A2_FashionDataset\FashionDataset\test\images_test\55293.jpg
55294,,,,,c:\Users\LEGION\Documents\jupyter_notebook\Fashion-Intelligence-System\A2_FashionDataset\FashionDataset\test\images_test\55294.jpg
55295,,,,,c:\Users\LEGION\Documents\jupyter_notebook\Fashion-Intelligence-System\A2_FashionDataset\FashionDataset\test\images_test\55295.jpg
55296,,,,,c:\Users\LEGION\Documents\jupyter_notebook\Fashion-Intelligence-System\A2_FashionDataset\FashionDataset\test\images_test\55296.jpg
55297,,,,,c:\Users\LEGION\Documents\jupyter_notebook\Fashion-Intelligence-System\A2_FashionDataset\FashionDataset\test\images_test\55297.jpg
55298,,,,,c:\Users\LEGION\Documents\jupyter_notebook\Fashion-Intelligence-System\A2_FashionDataset\FashionDataset\test\images_test\55298.jpg
55299,,,,,c:\Users\LEGION\Documents\jupyter_notebook\Fashion-Intelligence-System\A2_FashionDataset\FashionDataset\test\images_test\55299.jpg
55300,,,,,c:\Users\LEGION\Documents\jupyter_notebook\Fashion-Intelligence-System\A2_FashionDataset\FashionDataset\test\images_test\55300.jpg
55301,,,,,c:\Users\LEGION\Documents\jupyter_notebook\Fashion-Intelligence-System\A2_FashionDataset\FashionDataset\test\images_test\55301.jpg
55306,,,,,c:\Users\LEGION\Documents\jupyter_notebook\Fashion-Intelligence-System\A2_FashionDataset\FashionDataset\test\images_test\55306.jpg
55307,,,,,c:\Users\LEGION\Documents\jupyter_notebook\Fashion-Intelligence-System\A2_FashionDataset\FashionDataset\test\images_test\55307.jpg
55314,,,,,c:\Users\LEGION\Documents\jupyter_notebook\Fashion-Intelligence-System\A2_FashionDataset\FashionDataset\test\images_test\55314.jpg
55315,,,,,c:\Users\LEGION\Documents\jupyter_notebook\Fashion-Intelligence-System\A2_FashionDataset\FashionDataset\test\images_test\55315.jpg
55316,,,,,c:\Users\LEGION\Documents\jupyter_notebook\Fashion-Intelligence-System\A2_FashionDataset\FashionDataset\test\images_test\55316.jpg
55317,,,,,c:\Users\LEGION\Documents\jupyter_notebook\Fashion-Intelligence-System\A2_FashionDataset\FashionDataset\test\images_test\55317.jpg
55318,,,,,c:\Users\LEGION\Documents\jupyter_notebook\Fashion-Intelligence-System\A2_FashionDataset\FashionDataset\test\images_test\55318.jpg
55319,,,,,c:\Users\LEGION\Documents\jupyter_notebook\Fashion-Intelligence-System\A2_FashionDataset\FashionDataset\test\images_test\55319.jpg
55320,,,,,c:\Users\LEGION\Documents\jupyter_notebook\Fashion-Intelligence-System\A2_FashionDataset\FashionDataset\test\images_test\55320.jpg
55321,,,,,c:\Users\LEGION\Documents\jupyter_notebook\Fashion-Intelligence-System\A2_FashionDataset\FashionDataset\test\images_test\55321.jpg
55322,,,,,c:\Users\LEGION\Documents\jupyter_notebook\Fashion-Intelligence-System\A2_FashionDataset\FashionDataset\test\images_test\55322.jpg
55323,,,,,c:\Users\LEGION\Documents\jupyter_notebook\Fashion-Intelligence-System\A2_FashionDataset\FashionDataset\test\images_test\55323.jpg
55324,,,,,c:\Users\LEGION\Documents\jupyter_notebook\Fashion-Intelligence-System\A2_FashionDataset\FashionDataset\test\images_test\55324.jpg
55325,,,,,c:\Users\LEGION\Documents\jupyter_notebook\Fashion-Intelligence-System\A2_FashionDataset\FashionDataset\test\images_test\55325.jpg
55326,,,,,c:\Users\LEGION\Documents\jupyter_notebook\Fashion-Intelligence-System\A2_FashionDataset\FashionDataset\test\images_test\55326.jpg
55328,,,,,c:\Users\LEGION\Documents\jupyter_notebook\Fashion-Intelligence-System\A2_FashionDataset\FashionDataset\test\images_test\55328.jpg
55329,,,,,c:\Users\LEGION\Documents\jupyter_notebook\Fashion-Intelligence-System\A2_FashionDataset\FashionDataset\test\images_test\55329.jpg
55330,,,,,c:\Users\LEGION\Documents\jupyter_notebook\Fashion-Intelligence-System\A2_FashionDataset\FashionDataset\test\images_test\55330.jpg
55331,,,,,c:\Users\LEGION\Documents\jupyter_notebook\Fashion-Intelligence-System\A2_FashionDataset\FashionDataset\test\images_test\55331.jpg
55332,,,,,c:\Users\LEGION\Documents\jupyter_notebook\Fashion-Intelligence-System\A2_FashionDataset\FashionDataset\test\images_test\55332.jpg
55333,,,,,c:\Users\LEGION\Documents\jupyter_notebook\Fashion-Intelligence-System\A2_FashionDataset\FashionDataset\test\images_test\55333.jpg
55334,,,,,c:\Users\LEGION\Documents\jupyter_notebook\Fashion-Intelligence-System\A2_FashionDataset\FashionDataset\test\images_test\55334.jpg
55335,,,,,c:\Users\LEGION\Documents\jupyter_notebook\Fashion-Intelligence-System\A2_FashionDataset\FashionDataset\test\images_test\55335.jpg
55336,,,,,c:\Users\LEGION\Documents\jupyter_notebook\Fashion-Intelligence-System\A2_FashionDataset\FashionDataset\test\images_test\55336.jpg
55337,,,,,c:\Users\LEGION\Documents\jupyter_notebook\Fashion-Intelligence-System\A2_FashionDataset\FashionDataset\test\images_test\55337.jpg
55338,,,,,c:\Users\LEGION\Documents\jupyter_notebook\Fashion-Intelligence-System\A2_FashionDataset\FashionDataset\test\images_test\55338.jpg
55339,,,,,c:\Users\LEGION\Documents\jupyter_notebook\Fashion-Intelligence-System\A2_FashionDataset\FashionDataset\test\images_test\55339.jpg
55344,,,,,c:\Users\LEGION\Documents\jupyter_notebook\Fashion-Intelligence-System\A2_FashionDataset\FashionDataset\test\images_test\55344.jpg
55347,,,,,c:\Users\LEGION\Documents\jupyter_notebook\Fashion-Intelligence-System\A2_FashionDataset\FashionDataset\test\images_test\55347.jpg
55349,,,,,c:\Users\LEGION\Documents\jupyter_notebook\Fashion-Intelligence-System\A2_FashionDataset\FashionDataset\test\images_test\55349.jpg
55350,,,,,c:\Users\LEGION\Documents\jupyter_notebook\Fashion-Intelligence-System\A2_FashionDataset\FashionDataset\test\images_test\55350.jpg
55351,,,,,c:\Users\LEGION\Documents\jupyter_notebook\Fashion-Intelligence-System\A2_FashionDataset\FashionDataset\test\images_test\55351.jpg
55352,,,,,c:\Users\LEGION\Documents\jupyter_notebook\Fashion-Intelligence-System\A2_FashionDataset\FashionDataset\test\images_test\55352.jpg
55354,,,,,c:\Users\LEGION\Documents\jupyter_notebook\Fashion-Intelligence-System\A2_FashionDataset\FashionDataset\test\images_test\55354.jpg
55357,,,,,c:\Users\LEGION\Documents\jupyter_notebook\Fashion-Intelligence-System\A2_FashionDataset\FashionDataset\test\images_test\55357.jpg
55358,,,,,c:\Users\LEGION\Documents\jupyter_notebook\Fashion-Intelligence-System\A2_FashionDataset\FashionDataset\test\images_test\55358.jpg
55359,,,,,c:\Users\LEGION\Documents\jupyter_notebook\Fashion-Intelligence-System\A2_FashionDataset\FashionDataset\test\images_test\55359.jpg
55361,,,,,c:\Users\LEGION\Documents\jupyter_notebook\Fashion-Intelligence-System\A2_FashionDataset\FashionDataset\test\images_test\55361.jpg
55362,,,,,c:\Users\LEGION\Documents\jupyter_notebook\Fashion-Intelligence-System\A2_FashionDataset\FashionDataset\test\images_test\55362.jpg
55363,,,,,c:\Users\LEGION\Documents\jupyter_notebook\Fashion-Intelligence-System\A2_FashionDataset\FashionDataset\test\images_test\55363.jpg
55364,,,,,c:\Users\LEGION\Documents\jupyter_notebook\Fashion-Intelligence-System\A2_FashionDataset\FashionDataset\test\images_test\55364.jpg
55365,,,,,c:\Users\LEGION\Documents\jupyter_notebook\Fashion-Intelligence-System\A2_FashionDataset\FashionDataset\test\images_test\55365.jpg
55366,,,,,c:\Users\LEGION\Documents\jupyter_notebook\Fashion-Intelligence-System\A2_FashionDataset\FashionDataset\test\images_test\55366.jpg
55368,,,,,c:\Users\LEGION\Documents\jupyter_notebook\Fashion-Intelligence-System\A2_FashionDataset\FashionDataset\test\images_test\55368.jpg
55369,,,,,c:\Users\LEGION\Documents\jupyter_notebook\Fashion-Intelligence-System\A2_FashionDataset\FashionDataset\test\images_test\55369.jpg
55370,,,,,c:\Users\LEGION\Documents\jupyter_notebook\Fashion-Intelligence-System\A2_FashionDataset\FashionDataset\test\images_test\55370.jpg
55373,,,,,c:\Users\LEGION\Documents\jupyter_notebook\Fashion-Intelligence-System\A2_FashionDataset\FashionDataset\test\images_test\55373.jpg
55375,,,,,c:\Users\LEGION\Documents\jupyter_notebook\Fashion-Intelligence-System\A2_FashionDataset\FashionDataset\test\images_test\55375.jpg
55376,,,,,c:\Users\LEGION\Documents\jupyter_notebook\Fashion-Intelligence-System\A2_FashionDataset\FashionDataset\test\images_test\55376.jpg
55377,,,,,c:\Users\LEGION\Documents\jupyter_notebook\Fashion-Intelligence-System\A2_FashionDataset\FashionDataset\test\images_test\55377.jpg
55378,,,,,c:\Users\LEGION\Documents\jupyter_notebook\Fashion-Intelligence-System\A2_FashionDataset\FashionDataset\test\images_test\55378.jpg
55379,,,,,c:\Users\LEGION\Documents\jupyter_notebook\Fashion-Intelligence-System\A2_FashionDataset\FashionDataset\test\images_test\55379.jpg
55380,,,,,c:\Users\LEGION\Documents\jupyter_notebook\Fashion-Intelligence-System\A2_FashionDataset\FashionDataset\test\images_test\55380.jpg
55381,,,,,c:\Users\LEGION\Documents\jupyter_notebook\Fashion-Intelligence-System\A2_FashionDataset\FashionDataset\test\images_test\55381.jpg
55382,,,,,c:\Users\LEGION\Documents\jupyter_notebook\Fashion-Intelligence-System\A2_FashionDataset\FashionDataset\test\images_test\55382.jpg
55383,,,,,c:\Users\LEGION\Documents\jupyter_notebook\Fashion-Intelligence-System\A2_FashionDataset\FashionDataset\test\images_test\55383.jpg
55384,,,,,c:\Users\LEGION\Documents\jupyter_notebook\Fashion-Intelligence-System\A2_FashionDataset\FashionDataset\test\images_test\55384.jpg
55385,,,,,c:\Users\LEGION\Documents\jupyter_notebook\Fashion-Intelligence-System\A2_FashionDataset\FashionDataset\test\images_test\55385.jpg
55387,,,,,c:\Users\LEGION\Documents\jupyter_notebook\Fashion-Intelligence-System\A2_FashionDataset\FashionDataset\test\images_test\55387.jpg
55388,,,,,c:\Users\LEGION\Documents\jupyter_notebook\Fashion-Intelligence-System\A2_FashionDataset\FashionDataset\test\images_test\55388.jpg
55389,,,,,c:\Users\LEGION\Documents\jupyter_notebook\Fashion-Intelligence-System\A2_FashionDataset\FashionDataset\test\images_test\55389.jpg
55390,,,,,c:\Users\LEGION\Documents\jupyter_notebook\Fashion-Intelligence-System\A2_FashionDataset\FashionDataset\test\images_test\55390.jpg
55391,,,,,c:\Users\LEGION\Documents\jupyter_notebook\Fashion-Intelligence-System\A2_FashionDataset\FashionDataset\test\images_test\55391.jpg
55392,,,,,c:\Users\LEGION\Documents\jupyter_notebook\Fashion-Intelligence-System\A2_FashionDataset\FashionDataset\test\images_test\55392.jpg
55394,,,,,c:\Users\LEGION\Documents\jupyter_notebook\Fashion-Intelligence-System\A2_FashionDataset\FashionDataset\test\images_test\55394.jpg
55395,,,,,c:\Users\LEGION\Documents\jupyter_notebook\Fashion-Intelligence-System\A2_FashionDataset\FashionDataset\test\images_test\55395.jpg
55396,,,,,c:\Users\LEGION\Documents\jupyter_notebook\Fashion-Intelligence-System\A2_FashionDataset\FashionDataset\test\images_test\55396.jpg
55397,,,,,c:\Users\LEGION\Documents\jupyter_notebook\Fashion-Intelligence-System\A2_FashionDataset\FashionDataset\test\images_test\55397.jpg
55398,,,,,c:\Users\LEGION\Documents\jupyter_notebook\Fashion-Intelligence-System\A2_FashionDataset\FashionDataset\test\images_test\55398.jpg
55399,,,,,c:\Users\LEGION\Documents\jupyter_notebook\Fashion-Intelligence-System\A2_FashionDataset\FashionDataset\test\images_test\55399.jpg
55400,,,,,c:\Users\LEGION\Documents\jupyter_notebook\Fashion-Intelligence-System\A2_FashionDataset\FashionDataset\test\images_test\55400.jpg
55402,,,,,c:\Users\LEGION\Documents\jupyter_notebook\Fashion-Intelligence-System\A2_FashionDataset\FashionDataset\test\images_test\55402.jpg
55407,,,,,c:\Users\LEGION\Documents\jupyter_notebook\Fashion-Intelligence-System\A2_FashionDataset\FashionDataset\test\images_test\55407.jpg
55408,,,,,c:\Users\LEGION\Documents\jupyter_notebook\Fashion-Intelligence-System\A2_FashionDataset\FashionDataset\test\images_test\55408.jpg
55409,,,,,c:\Users\LEGION\Documents\jupyter_notebook\Fashion-Intelligence-System\A2_FashionDataset\FashionDataset\test\images_test\55409.jpg
55410,,,,,c:\Users\LEGION\Documents\jupyter_notebook\Fashion-Intelligence-System\A2_FashionDataset\FashionDataset\test\images_test\55410.jpg
55418,,,,,c:\Users\LEGION\Documents\jupyter_notebook\Fashion-Intelligence-System\A2_FashionDataset\FashionDataset\test\images_test\55418.jpg
55419,,,,,c:\Users\LEGION\Documents\jupyter_notebook\Fashion-Intelligence-System\A2_FashionDataset\FashionDataset\test\images_test\55419.jpg
55420,,,,,c:\Users\LEGION\Documents\jupyter_notebook\Fashion-Intelligence-System\A2_FashionDataset\FashionDataset\test\images_test\55420.jpg
55421,,,,,c:\Users\LEGION\Documents\jupyter_notebook\Fashion-Intelligence-System\A2_FashionDataset\FashionDataset\test\images_test\55421.jpg
55423,,,,,c:\Users\LEGION\Documents\jupyter_notebook\Fashion-Intelligence-System\A2_FashionDataset\FashionDataset\test\images_test\55423.jpg
55424,,,,,c:\Users\LEGION\Documents\jupyter_notebook\Fashion-Intelligence-System\A2_FashionDataset\FashionDataset\test\images_test\55424.jpg
55425,,,,,c:\Users\LEGION\Documents\jupyter_notebook\Fashion-Intelligence-System\A2_FashionDataset\FashionDataset\test\images_test\55425.jpg
55426,,,,,c:\Users\LEGION\Documents\jupyter_notebook\Fashion-Intelligence-System\A2_FashionDataset\FashionDataset\test\images_test\55426.jpg
55427,,,,,c:\Users\LEGION\Documents\jupyter_notebook\Fashion-Intelligence-System\A2_FashionDataset\FashionDataset\test\images_test\55427.jpg
55428,,,,,c:\Users\LEGION\Documents\jupyter_notebook\Fashion-Intelligence-System\A2_FashionDataset\FashionDataset\test\images_test\55428.jpg
55429,,,,,c:\Users\LEGION\Documents\jupyter_notebook\Fashion-Intelligence-System\A2_FashionDataset\FashionDataset\test\images_test\55429.jpg
55430,,,,,c:\Users\LEGION\Documents\jupyter_notebook\Fashion-Intelligence-System\A2_FashionDataset\FashionDataset\test\images_test\55430.jpg
55431,,,,,c:\Users\LEGION\Documents\jupyter_notebook\Fashion-Intelligence-System\A2_FashionDataset\FashionDataset\test\images_test\55431.jpg
55432,,,,,c:\Users\LEGION\Documents\jupyter_notebook\Fashion-Intelligence-System\A2_FashionDataset\FashionDataset\test\images_test\55432.jpg
55433,,,,,c:\Users\LEGION\Documents\jupyter_notebook\Fashion-Intelligence-System\A2_FashionDataset\FashionDataset\test\images_test\55433.jpg
55434,,,,,c:\Users\LEGION\Documents\jupyter_notebook\Fashion-Intelligence-System\A2_FashionDataset\FashionDataset\test\images_test\55434.jpg
55436,,,,,c:\Users\LEGION\Documents\jupyter_notebook\Fashion-Intelligence-System\A2_FashionDataset\FashionDataset\test\images_test\55436.jpg
55437,,,,,c:\Users\LEGION\Documents\jupyter_notebook\Fashion-Intelligence-System\A2_FashionDataset\FashionDataset\test\images_test\55437.jpg
55438,,,,,c:\Users\LEGION\Documents\jupyter_notebook\Fashion-Intelligence-System\A2_FashionDataset\FashionDataset\test\images_test\55438.jpg
55439,,,,,c:\Users\LEGION\Documents\jupyter_notebook\Fashion-Intelligence-System\A2_FashionDataset\FashionDataset\test\images_test\55439.jpg
55440,,,,,c:\Users\LEGION\Documents\jupyter_notebook\Fashion-Intelligence-System\A2_FashionDataset\FashionDataset\test\images_test\55440.jpg
55441,,,,,c:\Users\LEGION\Documents\jupyter_notebook\Fashion-Intelligence-System\A2_FashionDataset\FashionDataset\test\images_test\55441.jpg
55442,,,,,c:\Users\LEGION\Documents\jupyter_notebook\Fashion-Intelligence-System\A2_FashionDataset\FashionDataset\test\images_test\55442.jpg
55443,,,,,c:\Users\LEGION\Documents\jupyter_notebook\Fashion-Intelligence-System\A2_FashionDataset\FashionDataset\test\images_test\55443.jpg
55444,,,,,c:\Users\LEGION\Documents\jupyter_notebook\Fashion-Intelligence-System\A2_FashionDataset\FashionDataset\test\images_test\55444.jpg
55445,,,,,c:\Users\LEGION\Documents\jupyter_notebook\Fashion-Intelligence-System\A2_FashionDataset\FashionDataset\test\images_test\55445.jpg
55446,,,,,c:\Users\LEGION\Documents\jupyter_notebook\Fashion-Intelligence-System\A2_FashionDataset\FashionDataset\test\images_test\55446.jpg
55447,,,,,c:\Users\LEGION\Documents\jupyter_notebook\Fashion-Intelligence-System\A2_FashionDataset\FashionDataset\test\images_test\55447.jpg
55448,,,,,c:\Users\LEGION\Documents\jupyter_notebook\Fashion-Intelligence-System\A2_FashionDataset\FashionDataset\test\images_test\55448.jpg
55449,,,,,c:\Users\LEGION\Documents\jupyter_notebook\Fashion-Intelligence-System\A2_FashionDataset\FashionDataset\test\images_test\55449.jpg
55450,,,,,c:\Users\LEGION\Documents\jupyter_notebook\Fashion-Intelligence-System\A2_FashionDataset\FashionDataset\test\images_test\55450.jpg
55451,,,,,c:\Users\LEGION\Documents\jupyter_notebook\Fashion-Intelligence-System\A2_FashionDataset\FashionDataset\test\images_test\55451.jpg
55454,,,,,c:\Users\LEGION\Documents\jupyter_notebook\Fashion-Intelligence-System\A2_FashionDataset\FashionDataset\test\images_test\55454.jpg
55455,,,,,c:\Users\LEGION\Documents\jupyter_notebook\Fashion-Intelligence-System\A2_FashionDataset\FashionDataset\test\images_test\55455.jpg
55456,,,,,c:\Users\LEGION\Documents\jupyter_notebook\Fashion-Intelligence-System\A2_FashionDataset\FashionDataset\test\images_test\55456.jpg
55457,,,,,c:\Users\LEGION\Documents\jupyter_notebook\Fashion-Intelligence-System\A2_FashionDataset\FashionDataset\test\images_test\55457.jpg
55458,,,,,c:\Users\LEGION\Documents\jupyter_notebook\Fashion-Intelligence-System\A2_FashionDataset\FashionDataset\test\images_test\55458.jpg
55459,,,,,c:\Users\LEGION\Documents\jupyter_notebook\Fashion-Intelligence-System\A2_FashionDataset\FashionDataset\test\images_test\55459.jpg
55460,,,,,c:\Users\LEGION\Documents\jupyter_notebook\Fashion-Intelligence-System\A2_FashionDataset\FashionDataset\test\images_test\55460.jpg
55461,,,,,c:\Users\LEGION\Documents\jupyter_notebook\Fashion-Intelligence-System\A2_FashionDataset\FashionDataset\test\images_test\55461.jpg
55462,,,,,c:\Users\LEGION\Documents\jupyter_notebook\Fashion-Intelligence-System\A2_FashionDataset\FashionDataset\test\images_test\55462.jpg
55463,,,,,c:\Users\LEGION\Documents\jupyter_notebook\Fashion-Intelligence-System\A2_FashionDataset\FashionDataset\test\images_test\55463.jpg
55464,,,,,c:\Users\LEGION\Documents\jupyter_notebook\Fashion-Intelligence-System\A2_FashionDataset\FashionDataset\test\images_test\55464.jpg
55465,,,,,c:\Users\LEGION\Documents\jupyter_notebook\Fashion-Intelligence-System\A2_FashionDataset\FashionDataset\test\images_test\55465.jpg
55466,,,,,c:\Users\LEGION\Documents\jupyter_notebook\Fashion-Intelligence-System\A2_FashionDataset\FashionDataset\test\images_test\55466.jpg
55467,,,,,c:\Users\LEGION\Documents\jupyter_notebook\Fashion-Intelligence-System\A2_FashionDataset\FashionDataset\test\images_test\55467.jpg
55468,,,,,c:\Users\LEGION\Documents\jupyter_notebook\Fashion-Intelligence-System\A2_FashionDataset\FashionDataset\test\images_test\55468.jpg
55469,,,,,c:\Users\LEGION\Documents\jupyter_notebook\Fashion-Intelligence-System\A2_FashionDataset\FashionDataset\test\images_test\55469.jpg
55470,,,,,c:\Users\LEGION\Documents\jupyter_notebook\Fashion-Intelligence-System\A2_FashionDataset\FashionDataset\test\images_test\55470.jpg
55471,,,,,c:\Users\LEGION\Documents\jupyter_notebook\Fashion-Intelligence-System\A2_FashionDataset\FashionDataset\test\images_test\55471.jpg
55472,,,,,c:\Users\LEGION\Documents\jupyter_notebook\Fashion-Intelligence-System\A2_FashionDataset\FashionDataset\test\images_test\55472.jpg
55473,,,,,c:\Users\LEGION\Documents\jupyter_notebook\Fashion-Intelligence-System\A2_FashionDataset\FashionDataset\test\images_test\55473.jpg
55474,,,,,c:\Users\LEGION\Documents\jupyter_notebook\Fashion-Intelligence-System\A2_FashionDataset\FashionDataset\test\images_test\55474.jpg
55475,,,,,c:\Users\LEGION\Documents\jupyter_notebook\Fashion-Intelligence-System\A2_FashionDataset\FashionDataset\test\images_test\55475.jpg
55476,,,,,c:\Users\LEGION\Documents\jupyter_notebook\Fashion-Intelligence-System\A2_FashionDataset\FashionDataset\test\images_test\55476.jpg
55477,,,,,c:\Users\LEGION\Documents\jupyter_notebook\Fashion-Intelligence-System\A2_FashionDataset\FashionDataset\test\images_test\55477.jpg
55478,,,,,c:\Users\LEGION\Documents\jupyter_notebook\Fashion-Intelligence-System\A2_FashionDataset\FashionDataset\test\images_test\55478.jpg
55479,,,,,c:\Users\LEGION\Documents\jupyter_notebook\Fashion-Intelligence-System\A2_FashionDataset\FashionDataset\test\images_test\55479.jpg
55480,,,,,c:\Users\LEGION\Documents\jupyter_notebook\Fashion-Intelligence-System\A2_FashionDataset\FashionDataset\test\images_test\55480.jpg
55482,,,,,c:\Users\LEGION\Documents\jupyter_notebook\Fashion-Intelligence-System\A2_FashionDataset\FashionDataset\test\images_test\55482.jpg
55485,,,,,c:\Users\LEGION\Documents\jupyter_notebook\Fashion-Intelligence-System\A2_FashionDataset\FashionDataset\test\images_test\55485.jpg
55486,,,,,c:\Users\LEGION\Documents\jupyter_notebook\Fashion-Intelligence-System\A2_FashionDataset\FashionDataset\test\images_test\55486.jpg
55487,,,,,c:\Users\LEGION\Documents\jupyter_notebook\Fashion-Intelligence-System\A2_FashionDataset\FashionDataset\test\images_test\55487.jpg
55488,,,,,c:\Users\LEGION\Documents\jupyter_notebook\Fashion-Intelligence-System\A2_FashionDataset\FashionDataset\test\images_test\55488.jpg
55489,,,,,c:\Users\LEGION\Documents\jupyter_notebook\Fashion-Intelligence-System\A2_FashionDataset\FashionDataset\test\images_test\55489.jpg
55490,,,,,c:\Users\LEGION\Documents\jupyter_notebook\Fashion-Intelligence-System\A2_FashionDataset\FashionDataset\test\images_test\55490.jpg
55491,,,,,c:\Users\LEGION\Documents\jupyter_notebook\Fashion-Intelligence-System\A2_FashionDataset\FashionDataset\test\images_test\55491.jpg
55492,,,,,c:\Users\LEGION\Documents\jupyter_notebook\Fashion-Intelligence-System\A2_FashionDataset\FashionDataset\test\images_test\55492.jpg
55493,,,,,c:\Users\LEGION\Documents\jupyter_notebook\Fashion-Intelligence-System\A2_FashionDataset\FashionDataset\test\images_test\55493.jpg
55494,,,,,c:\Users\LEGION\Documents\jupyter_notebook\Fashion-Intelligence-System\A2_FashionDataset\FashionDataset\test\images_test\55494.jpg
55495,,,,,c:\Users\LEGION\Documents\jupyter_notebook\Fashion-Intelligence-System\A2_FashionDataset\FashionDataset\test\images_test\55495.jpg
55496,,,,,c:\Users\LEGION\Documents\jupyter_notebook\Fashion-Intelligence-System\A2_FashionDataset\FashionDataset\test\images_test\55496.jpg
55497,,,,,c:\Users\LEGION\Documents\jupyter_notebook\Fashion-Intelligence-System\A2_FashionDataset\FashionDataset\test\images_test\55497.jpg
55498,,,,,c:\Users\LEGION\Documents\jupyter_notebook\Fashion-Intelligence-System\A2_FashionDataset\FashionDataset\test\images_test\55498.jpg
55499,,,,,c:\Users\LEGION\Documents\jupyter_notebook\Fashion-Intelligence-System\A2_FashionDataset\FashionDataset\test\images_test\55499.jpg
55500,,,,,c:\Users\LEGION\Documents\jupyter_notebook\Fashion-Intelligence-System\A2_FashionDataset\FashionDataset\test\images_test\55500.jpg
55501,,,,,c:\Users\LEGION\Documents\jupyter_notebook\Fashion-Intelligence-System\A2_FashionDataset\FashionDataset\test\images_test\55501.jpg
55502,,,,,c:\Users\LEGION\Documents\jupyter_notebook\Fashion-Intelligence-System\A2_FashionDataset\FashionDataset\test\images_test\55502.jpg
55503,,,,,c:\Users\LEGION\Documents\jupyter_notebook\Fashion-Intelligence-System\A2_FashionDataset\FashionDataset\test\images_test\55503.jpg
55504,,,,,c:\Users\LEGION\Documents\jupyter_notebook\Fashion-Intelligence-System\A2_FashionDataset\FashionDataset\test\images_test\55504.jpg
55505,,,,,c:\Users\LEGION\Documents\jupyter_notebook\Fashion-Intelligence-System\A2_FashionDataset\FashionDataset\test\images_test\55505.jpg
55506,,,,,c:\Users\LEGION\Documents\jupyter_notebook\Fashion-Intelligence-System\A2_FashionDataset\FashionDataset\test\images_test\55506.jpg
55507,,,,,c:\Users\LEGION\Documents\jupyter_notebook\Fashion-Intelligence-System\A2_FashionDataset\FashionDataset\test\images_test\55507.jpg
55508,,,,,c:\Users\LEGION\Documents\jupyter_notebook\Fashion-Intelligence-System\A2_FashionDataset\FashionDataset\test\images_test\55508.jpg
55509,,,,,c:\Users\LEGION\Documents\jupyter_notebook\Fashion-Intelligence-System\A2_FashionDataset\FashionDataset\test\images_test\55509.jpg
55510,,,,,c:\Users\LEGION\Documents\jupyter_notebook\Fashion-Intelligence-System\A2_FashionDataset\FashionDataset\test\images_test\55510.jpg
55511,,,,,c:\Users\LEGION\Documents\jupyter_notebook\Fashion-Intelligence-System\A2_FashionDataset\FashionDataset\test\images_test\55511.jpg
55512,,,,,c:\Users\LEGION\Documents\jupyter_notebook\Fashion-Intelligence-System\A2_FashionDataset\FashionDataset\test\images_test\55512.jpg
55513,,,,,c:\Users\LEGION\Documents\jupyter_notebook\Fashion-Intelligence-System\A2_FashionDataset\FashionDataset\test\images_test\55513.jpg
55514,,,,,c:\Users\LEGION\Documents\jupyter_notebook\Fashion-Intelligence-System\A2_FashionDataset\FashionDataset\test\images_test\55514.jpg
55516,,,,,c:\Users\LEGION\Documents\jupyter_notebook\Fashion-Intelligence-System\A2_FashionDataset\FashionDataset\test\images_test\55516.jpg
55517,,,,,c:\Users\LEGION\Documents\jupyter_notebook\Fashion-Intelligence-System\A2_FashionDataset\FashionDataset\test\images_test\55517.jpg
55518,,,,,c:\Users\LEGION\Documents\jupyter_notebook\Fashion-Intelligence-System\A2_FashionDataset\FashionDataset\test\images_test\55518.jpg
55519,,,,,c:\Users\LEGION\Documents\jupyter_notebook\Fashion-Intelligence-System\A2_FashionDataset\FashionDataset\test\images_test\55519.jpg
55520,,,,,c:\Users\LEGION\Documents\jupyter_notebook\Fashion-Intelligence-System\A2_FashionDataset\FashionDataset\test\images_test\55520.jpg
55521,,,,,c:\Users\LEGION\Documents\jupyter_notebook\Fashion-Intelligence-System\A2_FashionDataset\FashionDataset\test\images_test\55521.jpg
55522,,,,,c:\Users\LEGION\Documents\jupyter_notebook\Fashion-Intelligence-System\A2_FashionDataset\FashionDataset\test\images_test\55522.jpg
55523,,,,,c:\Users\LEGION\Documents\jupyter_notebook\Fashion-Intelligence-System\A2_FashionDataset\FashionDataset\test\images_test\55523.jpg
55524,,,,,c:\Users\LEGION\Documents\jupyter_notebook\Fashion-Intelligence-System\A2_FashionDataset\FashionDataset\test\images_test\55524.jpg
55525,,,,,c:\Users\LEGION\Documents\jupyter_notebook\Fashion-Intelligence-System\A2_FashionDataset\FashionDataset\test\images_test\55525.jpg
55526,,,,,c:\Users\LEGION\Documents\jupyter_notebook\Fashion-Intelligence-System\A2_FashionDataset\FashionDataset\test\images_test\55526.jpg
55527,,,,,c:\Users\LEGION\Documents\jupyter_notebook\Fashion-Intelligence-System\A2_FashionDataset\FashionDataset\test\images_test\55527.jpg
55528,,,,,c:\Users\LEGION\Documents\jupyter_notebook\Fashion-Intelligence-System\A2_FashionDataset\FashionDataset\test\images_test\55528.jpg
55529,,,,,c:\Users\LEGION\Documents\jupyter_notebook\Fashion-Intelligence-System\A2_FashionDataset\FashionDataset\test\images_test\55529.jpg
55530,,,,,c:\Users\LEGION\Documents\jupyter_notebook\Fashion-Intelligence-System\A2_FashionDataset\FashionDataset\test\images_test\55530.jpg
55531,,,,,c:\Users\LEGION\Documents\jupyter_notebook\Fashion-Intelligence-System\A2_FashionDataset\FashionDataset\test\images_test\55531.jpg
55532,,,,,c:\Users\LEGION\Documents\jupyter_notebook\Fashion-Intelligence-System\A2_FashionDataset\FashionDataset\test\images_test\55532.jpg
55533,,,,,c:\Users\LEGION\Documents\jupyter_notebook\Fashion-Intelligence-System\A2_FashionDataset\FashionDataset\test\images_test\55533.jpg
55534,,,,,c:\Users\LEGION\Documents\jupyter_notebook\Fashion-Intelligence-System\A2_FashionDataset\FashionDataset\test\images_test\55534.jpg
55535,,,,,c:\Users\LEGION\Documents\jupyter_notebook\Fashion-Intelligence-System\A2_FashionDataset\FashionDataset\test\images_test\55535.jpg
55536,,,,,c:\Users\LEGION\Documents\jupyter_notebook\Fashion-Intelligence-System\A2_FashionDataset\FashionDataset\test\images_test\55536.jpg
55537,,,,,c:\Users\LEGION\Documents\jupyter_notebook\Fashion-Intelligence-System\A2_FashionDataset\FashionDataset\test\images_test\55537.jpg
55538,,,,,c:\Users\LEGION\Documents\jupyter_notebook\Fashion-Intelligence-System\A2_FashionDataset\FashionDataset\test\images_test\55538.jpg
55539,,,,,c:\Users\LEGION\Documents\jupyter_notebook\Fashion-Intelligence-System\A2_FashionDataset\FashionDataset\test\images_test\55539.jpg
55540,,,,,c:\Users\LEGION\Documents\jupyter_notebook\Fashion-Intelligence-System\A2_FashionDataset\FashionDataset\test\images_test\55540.jpg
55541,,,,,c:\Users\LEGION\Documents\jupyter_notebook\Fashion-Intelligence-System\A2_FashionDataset\FashionDataset\test\images_test\55541.jpg
55542,,,,,c:\Users\LEGION\Documents\jupyter_notebook\Fashion-Intelligence-System\A2_FashionDataset\FashionDataset\test\images_test\55542.jpg
55543,,,,,c:\Users\LEGION\Documents\jupyter_notebook\Fashion-Intelligence-System\A2_FashionDataset\FashionDataset\test\images_test\55543.jpg
55544,,,,,c:\Users\LEGION\Documents\jupyter_notebook\Fashion-Intelligence-System\A2_FashionDataset\FashionDataset\test\images_test\55544.jpg
55545,,,,,c:\Users\LEGION\Documents\jupyter_notebook\Fashion-Intelligence-System\A2_FashionDataset\FashionDataset\test\images_test\55545.jpg
55546,,,,,c:\Users\LEGION\Documents\jupyter_notebook\Fashion-Intelligence-System\A2_FashionDataset\FashionDataset\test\images_test\55546.jpg
55547,,,,,c:\Users\LEGION\Documents\jupyter_notebook\Fashion-Intelligence-System\A2_FashionDataset\FashionDataset\test\images_test\55547.jpg
55548,,,,,c:\Users\LEGION\Documents\jupyter_notebook\Fashion-Intelligence-System\A2_FashionDataset\FashionDataset\test\images_test\55548.jpg
55549,,,,,c:\Users\LEGION\Documents\jupyter_notebook\Fashion-Intelligence-System\A2_FashionDataset\FashionDataset\test\images_test\55549.jpg
55550,,,,,c:\Users\LEGION\Documents\jupyter_notebook\Fashion-Intelligence-System\A2_FashionDataset\FashionDataset\test\images_test\55550.jpg
55551,,,,,c:\Users\LEGION\Documents\jupyter_notebook\Fashion-Intelligence-System\A2_FashionDataset\FashionDataset\test\images_test\55551.jpg
55553,,,,,c:\Users\LEGION\Documents\jupyter_notebook\Fashion-Intelligence-System\A2_FashionDataset\FashionDataset\test\images_test\55553.jpg
55556,,,,,c:\Users\LEGION\Documents\jupyter_notebook\Fashion-Intelligence-System\A2_FashionDataset\FashionDataset\test\images_test\55556.jpg
55557,,,,,c:\Users\LEGION\Documents\jupyter_notebook\Fashion-Intelligence-System\A2_FashionDataset\FashionDataset\test\images_test\55557.jpg
55558,,,,,c:\Users\LEGION\Documents\jupyter_notebook\Fashion-Intelligence-System\A2_FashionDataset\FashionDataset\test\images_test\55558.jpg
55559,,,,,c:\Users\LEGION\Documents\jupyter_notebook\Fashion-Intelligence-System\A2_FashionDataset\FashionDataset\test\images_test\55559.jpg
55560,,,,,c:\Users\LEGION\Documents\jupyter_notebook\Fashion-Intelligence-System\A2_FashionDataset\FashionDataset\test\images_test\55560.jpg
55561,,,,,c:\Users\LEGION\Documents\jupyter_notebook\Fashion-Intelligence-System\A2_FashionDataset\FashionDataset\test\images_test\55561.jpg
55564,,,,,c:\Users\LEGION\Documents\jupyter_notebook\Fashion-Intelligence-System\A2_FashionDataset\FashionDataset\test\images_test\55564.jpg
55565,,,,,c:\Users\LEGION\Documents\jupyter_notebook\Fashion-Intelligence-System\A2_FashionDataset\FashionDataset\test\images_test\55565.jpg
55568,,,,,c:\Users\LEGION\Documents\jupyter_notebook\Fashion-Intelligence-System\A2_FashionDataset\FashionDataset\test\images_test\55568.jpg
55569,,,,,c:\Users\LEGION\Documents\jupyter_notebook\Fashion-Intelligence-System\A2_FashionDataset\FashionDataset\test\images_test\55569.jpg
55570,,,,,c:\Users\LEGION\Documents\jupyter_notebook\Fashion-Intelligence-System\A2_FashionDataset\FashionDataset\test\images_test\55570.jpg
55571,,,,,c:\Users\LEGION\Documents\jupyter_notebook\Fashion-Intelligence-System\A2_FashionDataset\FashionDataset\test\images_test\55571.jpg
55572,,,,,c:\Users\LEGION\Documents\jupyter_notebook\Fashion-Intelligence-System\A2_FashionDataset\FashionDataset\test\images_test\55572.jpg
55573,,,,,c:\Users\LEGION\Documents\jupyter_notebook\Fashion-Intelligence-System\A2_FashionDataset\FashionDataset\test\images_test\55573.jpg
55574,,,,,c:\Users\LEGION\Documents\jupyter_notebook\Fashion-Intelligence-System\A2_FashionDataset\FashionDataset\test\images_test\55574.jpg
55575,,,,,c:\Users\LEGION\Documents\jupyter_notebook\Fashion-Intelligence-System\A2_FashionDataset\FashionDataset\test\images_test\55575.jpg
55576,,,,,c:\Users\LEGION\Documents\jupyter_notebook\Fashion-Intelligence-System\A2_FashionDataset\FashionDataset\test\images_test\55576.jpg
55577,,,,,c:\Users\LEGION\Documents\jupyter_notebook\Fashion-Intelligence-System\A2_FashionDataset\FashionDataset\test\images_test\55577.jpg
55578,,,,,c:\Users\LEGION\Documents\jupyter_notebook\Fashion-Intelligence-System\A2_FashionDataset\FashionDataset\test\images_test\55578.jpg
55579,,,,,c:\Users\LEGION\Documents\jupyter_notebook\Fashion-Intelligence-System\A2_FashionDataset\FashionDataset\test\images_test\55579.jpg
55580,,,,,c:\Users\LEGION\Documents\jupyter_notebook\Fashion-Intelligence-System\A2_FashionDataset\FashionDataset\test\images_test\55580.jpg
55581,,,,,c:\Users\LEGION\Documents\jupyter_notebook\Fashion-Intelligence-System\A2_FashionDataset\FashionDataset\test\images_test\55581.jpg
55582,,,,,c:\Users\LEGION\Documents\jupyter_notebook\Fashion-Intelligence-System\A2_FashionDataset\FashionDataset\test\images_test\55582.jpg
55583,,,,,c:\Users\LEGION\Documents\jupyter_notebook\Fashion-Intelligence-System\A2_FashionDataset\FashionDataset\test\images_test\55583.jpg
55584,,,,,c:\Users\LEGION\Documents\jupyter_notebook\Fashion-Intelligence-System\A2_FashionDataset\FashionDataset\test\images_test\55584.jpg
55585,,,,,c:\Users\LEGION\Documents\jupyter_notebook\Fashion-Intelligence-System\A2_FashionDataset\FashionDataset\test\images_test\55585.jpg
55586,,,,,c:\Users\LEGION\Documents\jupyter_notebook\Fashion-Intelligence-System\A2_FashionDataset\FashionDataset\test\images_test\55586.jpg
55587,,,,,c:\Users\LEGION\Documents\jupyter_notebook\Fashion-Intelligence-System\A2_FashionDataset\FashionDataset\test\images_test\55587.jpg
55590,,,,,c:\Users\LEGION\Documents\jupyter_notebook\Fashion-Intelligence-System\A2_FashionDataset\FashionDataset\test\images_test\55590.jpg
55591,,,,,c:\Users\LEGION\Documents\jupyter_notebook\Fashion-Intelligence-System\A2_FashionDataset\FashionDataset\test\images_test\55591.jpg
55595,,,,,c:\Users\LEGION\Documents\jupyter_notebook\Fashion-Intelligence-System\A2_FashionDataset\FashionDataset\test\images_test\55595.jpg
55597,,,,,c:\Users\LEGION\Documents\jupyter_notebook\Fashion-Intelligence-System\A2_FashionDataset\FashionDataset\test\images_test\55597.jpg
55599,,,,,c:\Users\LEGION\Documents\jupyter_notebook\Fashion-Intelligence-System\A2_FashionDataset\FashionDataset\test\images_test\55599.jpg
55608,,,,,c:\Users\LEGION\Documents\jupyter_notebook\Fashion-Intelligence-System\A2_FashionDataset\FashionDataset\test\images_test\55608.jpg
55612,,,,,c:\Users\LEGION\Documents\jupyter_notebook\Fashion-Intelligence-System\A2_FashionDataset\FashionDataset\test\images_test\55612.jpg
55613,,,,,c:\Users\LEGION\Documents\jupyter_notebook\Fashion-Intelligence-System\A2_FashionDataset\FashionDataset\test\images_test\55613.jpg
55614,,,,,c:\Users\LEGION\Documents\jupyter_notebook\Fashion-Intelligence-System\A2_FashionDataset\FashionDataset\test\images_test\55614.jpg
55615,,,,,c:\Users\LEGION\Documents\jupyter_notebook\Fashion-Intelligence-System\A2_FashionDataset\FashionDataset\test\images_test\55615.jpg
55616,,,,,c:\Users\LEGION\Documents\jupyter_notebook\Fashion-Intelligence-System\A2_FashionDataset\FashionDataset\test\images_test\55616.jpg
55617,,,,,c:\Users\LEGION\Documents\jupyter_notebook\Fashion-Intelligence-System\A2_FashionDataset\FashionDataset\test\images_test\55617.jpg
55618,,,,,c:\Users\LEGION\Documents\jupyter_notebook\Fashion-Intelligence-System\A2_FashionDataset\FashionDataset\test\images_test\55618.jpg
55619,,,,,c:\Users\LEGION\Documents\jupyter_notebook\Fashion-Intelligence-System\A2_FashionDataset\FashionDataset\test\images_test\55619.jpg
55620,,,,,c:\Users\LEGION\Documents\jupyter_notebook\Fashion-Intelligence-System\A2_FashionDataset\FashionDataset\test\images_test\55620.jpg
55621,,,,,c:\Users\LEGION\Documents\jupyter_notebook\Fashion-Intelligence-System\A2_FashionDataset\FashionDataset\test\images_test\55621.jpg
55622,,,,,c:\Users\LEGION\Documents\jupyter_notebook\Fashion-Intelligence-System\A2_FashionDataset\FashionDataset\test\images_test\55622.jpg
55623,,,,,c:\Users\LEGION\Documents\jupyter_notebook\Fashion-Intelligence-System\A2_FashionDataset\FashionDataset\test\images_test\55623.jpg
55624,,,,,c:\Users\LEGION\Documents\jupyter_notebook\Fashion-Intelligence-System\A2_FashionDataset\FashionDataset\test\images_test\55624.jpg
55625,,,,,c:\Users\LEGION\Documents\jupyter_notebook\Fashion-Intelligence-System\A2_FashionDataset\FashionDataset\test\images_test\55625.jpg
55626,,,,,c:\Users\LEGION\Documents\jupyter_notebook\Fashion-Intelligence-System\A2_FashionDataset\FashionDataset\test\images_test\55626.jpg
55627,,,,,c:\Users\LEGION\Documents\jupyter_notebook\Fashion-Intelligence-System\A2_FashionDataset\FashionDataset\test\images_test\55627.jpg
55628,,,,,c:\Users\LEGION\Documents\jupyter_notebook\Fashion-Intelligence-System\A2_FashionDataset\FashionDataset\test\images_test\55628.jpg
55629,,,,,c:\Users\LEGION\Documents\jupyter_notebook\Fashion-Intelligence-System\A2_FashionDataset\FashionDataset\test\images_test\55629.jpg
55630,,,,,c:\Users\LEGION\Documents\jupyter_notebook\Fashion-Intelligence-System\A2_FashionDataset\FashionDataset\test\images_test\55630.jpg
55631,,,,,c:\Users\LEGION\Documents\jupyter_notebook\Fashion-Intelligence-System\A2_FashionDataset\FashionDataset\test\images_test\55631.jpg
55632,,,,,c:\Users\LEGION\Documents\jupyter_notebook\Fashion-Intelligence-System\A2_FashionDataset\FashionDataset\test\images_test\55632.jpg
55633,,,,,c:\Users\LEGION\Documents\jupyter_notebook\Fashion-Intelligence-System\A2_FashionDataset\FashionDataset\test\images_test\55633.jpg
55634,,,,,c:\Users\LEGION\Documents\jupyter_notebook\Fashion-Intelligence-System\A2_FashionDataset\FashionDataset\test\images_test\55634.jpg
55635,,,,,c:\Users\LEGION\Documents\jupyter_notebook\Fashion-Intelligence-System\A2_FashionDataset\FashionDataset\test\images_test\55635.jpg
55636,,,,,c:\Users\LEGION\Documents\jupyter_notebook\Fashion-Intelligence-System\A2_FashionDataset\FashionDataset\test\images_test\55636.jpg
55637,,,,,c:\Users\LEGION\Documents\jupyter_notebook\Fashion-Intelligence-System\A2_FashionDataset\FashionDataset\test\images_test\55637.jpg
55638,,,,,c:\Users\LEGION\Documents\jupyter_notebook\Fashion-Intelligence-System\A2_FashionDataset\FashionDataset\test\images_test\55638.jpg
55639,,,,,c:\Users\LEGION\Documents\jupyter_notebook\Fashion-Intelligence-System\A2_FashionDataset\FashionDataset\test\images_test\55639.jpg
55640,,,,,c:\Users\LEGION\Documents\jupyter_notebook\Fashion-Intelligence-System\A2_FashionDataset\FashionDataset\test\images_test\55640.jpg
55641,,,,,c:\Users\LEGION\Documents\jupyter_notebook\Fashion-Intelligence-System\A2_FashionDataset\FashionDataset\test\images_test\55641.jpg
55642,,,,,c:\Users\LEGION\Documents\jupyter_notebook\Fashion-Intelligence-System\A2_FashionDataset\FashionDataset\test\images_test\55642.jpg
55643,,,,,c:\Users\LEGION\Documents\jupyter_notebook\Fashion-Intelligence-System\A2_FashionDataset\FashionDataset\test\images_test\55643.jpg
55644,,,,,c:\Users\LEGION\Documents\jupyter_notebook\Fashion-Intelligence-System\A2_FashionDataset\FashionDataset\test\images_test\55644.jpg
55645,,,,,c:\Users\LEGION\Documents\jupyter_notebook\Fashion-Intelligence-System\A2_FashionDataset\FashionDataset\test\images_test\55645.jpg
55646,,,,,c:\Users\LEGION\Documents\jupyter_notebook\Fashion-Intelligence-System\A2_FashionDataset\FashionDataset\test\images_test\55646.jpg
55647,,,,,c:\Users\LEGION\Documents\jupyter_notebook\Fashion-Intelligence-System\A2_FashionDataset\FashionDataset\test\images_test\55647.jpg
55648,,,,,c:\Users\LEGION\Documents\jupyter_notebook\Fashion-Intelligence-System\A2_FashionDataset\FashionDataset\test\images_test\55648.jpg
55649,,,,,c:\Users\LEGION\Documents\jupyter_notebook\Fashion-Intelligence-System\A2_FashionDataset\FashionDataset\test\images_test\55649.jpg
55650,,,,,c:\Users\LEGION\Documents\jupyter_notebook\Fashion-Intelligence-System\A2_FashionDataset\FashionDataset\test\images_test\55650.jpg
55651,,,,,c:\Users\LEGION\Documents\jupyter_notebook\Fashion-Intelligence-System\A2_FashionDataset\FashionDataset\test\images_test\55651.jpg
55652,,,,,c:\Users\LEGION\Documents\jupyter_notebook\Fashion-Intelligence-System\A2_FashionDataset\FashionDataset\test\images_test\55652.jpg
55653,,,,,c:\Users\LEGION\Documents\jupyter_notebook\Fashion-Intelligence-System\A2_FashionDataset\FashionDataset\test\images_test\55653.jpg
55654,,,,,c:\Users\LEGION\Documents\jupyter_notebook\Fashion-Intelligence-System\A2_FashionDataset\FashionDataset\test\images_test\55654.jpg
55655,,,,,c:\Users\LEGION\Documents\jupyter_notebook\Fashion-Intelligence-System\A2_FashionDataset\FashionDataset\test\images_test\55655.jpg
55656,,,,,c:\Users\LEGION\Documents\jupyter_notebook\Fashion-Intelligence-System\A2_FashionDataset\FashionDataset\test\images_test\55656.jpg
55657,,,,,c:\Users\LEGION\Documents\jupyter_notebook\Fashion-Intelligence-System\A2_FashionDataset\FashionDataset\test\images_test\55657.jpg
55783,,,,,c:\Users\LEGION\Documents\jupyter_notebook\Fashion-Intelligence-System\A2_FashionDataset\FashionDataset\test\images_test\55783.jpg
55784,,,,,c:\Users\LEGION\Documents\jupyter_notebook\Fashion-Intelligence-System\A2_FashionDataset\FashionDataset\test\images_test\55784.jpg
55785,,,,,c:\Users\LEGION\Documents\jupyter_notebook\Fashion-Intelligence-System\A2_FashionDataset\FashionDataset\test\images_test\55785.jpg
55786,,,,,c:\Users\LEGION\Documents\jupyter_notebook\Fashion-Intelligence-System\A2_FashionDataset\FashionDataset\test\images_test\55786.jpg
55787,,,,,c:\Users\LEGION\Documents\jupyter_notebook\Fashion-Intelligence-System\A2_FashionDataset\FashionDataset\test\images_test\55787.jpg
55788,,,,,c:\Users\LEGION\Documents\jupyter_notebook\Fashion-Intelligence-System\A2_FashionDataset\FashionDataset\test\images_test\55788.jpg
55789,,,,,c:\Users\LEGION\Documents\jupyter_notebook\Fashion-Intelligence-System\A2_FashionDataset\FashionDataset\test\images_test\55789.jpg
55790,,,,,c:\Users\LEGION\Documents\jupyter_notebook\Fashion-Intelligence-System\A2_FashionDataset\FashionDataset\test\images_test\55790.jpg
55791,,,,,c:\Users\LEGION\Documents\jupyter_notebook\Fashion-Intelligence-System\A2_FashionDataset\FashionDataset\test\images_test\55791.jpg
55794,,,,,c:\Users\LEGION\Documents\jupyter_notebook\Fashion-Intelligence-System\A2_FashionDataset\FashionDataset\test\images_test\55794.jpg
55795,,,,,c:\Users\LEGION\Documents\jupyter_notebook\Fashion-Intelligence-System\A2_FashionDataset\FashionDataset\test\images_test\55795.jpg
55796,,,,,c:\Users\LEGION\Documents\jupyter_notebook\Fashion-Intelligence-System\A2_FashionDataset\FashionDataset\test\images_test\55796.jpg
55797,,,,,c:\Users\LEGION\Documents\jupyter_notebook\Fashion-Intelligence-System\A2_FashionDataset\FashionDataset\test\images_test\55797.jpg
55798,,,,,c:\Users\LEGION\Documents\jupyter_notebook\Fashion-Intelligence-System\A2_FashionDataset\FashionDataset\test\images_test\55798.jpg
55799,,,,,c:\Users\LEGION\Documents\jupyter_notebook\Fashion-Intelligence-System\A2_FashionDataset\FashionDataset\test\images_test\55799.jpg
55800,,,,,c:\Users\LEGION\Documents\jupyter_notebook\Fashion-Intelligence-System\A2_FashionDataset\FashionDataset\test\images_test\55800.jpg
55801,,,,,c:\Users\LEGION\Documents\jupyter_notebook\Fashion-Intelligence-System\A2_FashionDataset\FashionDataset\test\images_test\55801.jpg
55802,,,,,c:\Users\LEGION\Documents\jupyter_notebook\Fashion-Intelligence-System\A2_FashionDataset\FashionDataset\test\images_test\55802.jpg
55803,,,,,c:\Users\LEGION\Documents\jupyter_notebook\Fashion-Intelligence-System\A2_FashionDataset\FashionDataset\test\images_test\55803.jpg
55804,,,,,c:\Users\LEGION\Documents\jupyter_notebook\Fashion-Intelligence-System\A2_FashionDataset\FashionDataset\test\images_test\55804.jpg
55805,,,,,c:\Users\LEGION\Documents\jupyter_notebook\Fashion-Intelligence-System\A2_FashionDataset\FashionDataset\test\images_test\55805.jpg
55806,,,,,c:\Users\LEGION\Documents\jupyter_notebook\Fashion-Intelligence-System\A2_FashionDataset\FashionDataset\test\images_test\55806.jpg
55807,,,,,c:\Users\LEGION\Documents\jupyter_notebook\Fashion-Intelligence-System\A2_FashionDataset\FashionDataset\test\images_test\55807.jpg
55809,,,,,c:\Users\LEGION\Documents\jupyter_notebook\Fashion-Intelligence-System\A2_FashionDataset\FashionDataset\test\images_test\55809.jpg
55810,,,,,c:\Users\LEGION\Documents\jupyter_notebook\Fashion-Intelligence-System\A2_FashionDataset\FashionDataset\test\images_test\55810.jpg
55811,,,,,c:\Users\LEGION\Documents\jupyter_notebook\Fashion-Intelligence-System\A2_FashionDataset\FashionDataset\test\images_test\55811.jpg
55812,,,,,c:\Users\LEGION\Documents\jupyter_notebook\Fashion-Intelligence-System\A2_FashionDataset\FashionDataset\test\images_test\55812.jpg
55813,,,,,c:\Users\LEGION\Documents\jupyter_notebook\Fashion-Intelligence-System\A2_FashionDataset\FashionDataset\test\images_test\55813.jpg
55814,,,,,c:\Users\LEGION\Documents\jupyter_notebook\Fashion-Intelligence-System\A2_FashionDataset\FashionDataset\test\images_test\55814.jpg
55817,,,,,c:\Users\LEGION\Documents\jupyter_notebook\Fashion-Intelligence-System\A2_FashionDataset\FashionDataset\test\images_test\55817.jpg
55818,,,,,c:\Users\LEGION\Documents\jupyter_notebook\Fashion-Intelligence-System\A2_FashionDataset\FashionDataset\test\images_test\55818.jpg
55819,,,,,c:\Users\LEGION\Documents\jupyter_notebook\Fashion-Intelligence-System\A2_FashionDataset\FashionDataset\test\images_test\55819.jpg
55821,,,,,c:\Users\LEGION\Documents\jupyter_notebook\Fashion-Intelligence-System\A2_FashionDataset\FashionDataset\test\images_test\55821.jpg
55822,,,,,c:\Users\LEGION\Documents\jupyter_notebook\Fashion-Intelligence-System\A2_FashionDataset\FashionDataset\test\images_test\55822.jpg
55823,,,,,c:\Users\LEGION\Documents\jupyter_notebook\Fashion-Intelligence-System\A2_FashionDataset\FashionDataset\test\images_test\55823.jpg
55824,,,,,c:\Users\LEGION\Documents\jupyter_notebook\Fashion-Intelligence-System\A2_FashionDataset\FashionDataset\test\images_test\55824.jpg
55825,,,,,c:\Users\LEGION\Documents\jupyter_notebook\Fashion-Intelligence-System\A2_FashionDataset\FashionDataset\test\images_test\55825.jpg
55826,,,,,c:\Users\LEGION\Documents\jupyter_notebook\Fashion-Intelligence-System\A2_FashionDataset\FashionDataset\test\images_test\55826.jpg
55827,,,,,c:\Users\LEGION\Documents\jupyter_notebook\Fashion-Intelligence-System\A2_FashionDataset\FashionDataset\test\images_test\55827.jpg
55828,,,,,c:\Users\LEGION\Documents\jupyter_notebook\Fashion-Intelligence-System\A2_FashionDataset\FashionDataset\test\images_test\55828.jpg
55829,,,,,c:\Users\LEGION\Documents\jupyter_notebook\Fashion-Intelligence-System\A2_FashionDataset\FashionDataset\test\images_test\55829.jpg
55830,,,,,c:\Users\LEGION\Documents\jupyter_notebook\Fashion-Intelligence-System\A2_FashionDataset\FashionDataset\test\images_test\55830.jpg
55831,,,,,c:\Users\LEGION\Documents\jupyter_notebook\Fashion-Intelligence-System\A2_FashionDataset\FashionDataset\test\images_test\55831.jpg
55832,,,,,c:\Users\LEGION\Documents\jupyter_notebook\Fashion-Intelligence-System\A2_FashionDataset\FashionDataset\test\images_test\55832.jpg
55833,,,,,c:\Users\LEGION\Documents\jupyter_notebook\Fashion-Intelligence-System\A2_FashionDataset\FashionDataset\test\images_test\55833.jpg
55834,,,,,c:\Users\LEGION\Documents\jupyter_notebook\Fashion-Intelligence-System\A2_FashionDataset\FashionDataset\test\images_test\55834.jpg
55835,,,,,c:\Users\LEGION\Documents\jupyter_notebook\Fashion-Intelligence-System\A2_FashionDataset\FashionDataset\test\images_test\55835.jpg
55836,,,,,c:\Users\LEGION\Documents\jupyter_notebook\Fashion-Intelligence-System\A2_FashionDataset\FashionDataset\test\images_test\55836.jpg
55837,,,,,c:\Users\LEGION\Documents\jupyter_notebook\Fashion-Intelligence-System\A2_FashionDataset\FashionDataset\test\images_test\55837.jpg
55838,,,,,c:\Users\LEGION\Documents\jupyter_notebook\Fashion-Intelligence-System\A2_FashionDataset\FashionDataset\test\images_test\55838.jpg
55839,,,,,c:\Users\LEGION\Documents\jupyter_notebook\Fashion-Intelligence-System\A2_FashionDataset\FashionDataset\test\images_test\55839.jpg
55840,,,,,c:\Users\LEGION\Documents\jupyter_notebook\Fashion-Intelligence-System\A2_FashionDataset\FashionDataset\test\images_test\55840.jpg
55841,,,,,c:\Users\LEGION\Documents\jupyter_notebook\Fashion-Intelligence-System\A2_FashionDataset\FashionDataset\test\images_test\55841.jpg
55842,,,,,c:\Users\LEGION\Documents\jupyter_notebook\Fashion-Intelligence-System\A2_FashionDataset\FashionDataset\test\images_test\55842.jpg
55843,,,,,c:\Users\LEGION\Documents\jupyter_notebook\Fashion-Intelligence-System\A2_FashionDataset\FashionDataset\test\images_test\55843.jpg
55844,,,,,c:\Users\LEGION\Documents\jupyter_notebook\Fashion-Intelligence-System\A2_FashionDataset\FashionDataset\test\images_test\55844.jpg
55845,,,,,c:\Users\LEGION\Documents\jupyter_notebook\Fashion-Intelligence-System\A2_FashionDataset\FashionDataset\test\images_test\55845.jpg
55846,,,,,c:\Users\LEGION\Documents\jupyter_notebook\Fashion-Intelligence-System\A2_FashionDataset\FashionDataset\test\images_test\55846.jpg
55847,,,,,c:\Users\LEGION\Documents\jupyter_notebook\Fashion-Intelligence-System\A2_FashionDataset\FashionDataset\test\images_test\55847.jpg
55848,,,,,c:\Users\LEGION\Documents\jupyter_notebook\Fashion-Intelligence-System\A2_FashionDataset\FashionDataset\test\images_test\55848.jpg
55849,,,,,c:\Users\LEGION\Documents\jupyter_notebook\Fashion-Intelligence-System\A2_FashionDataset\FashionDataset\test\images_test\55849.jpg
55850,,,,,c:\Users\LEGION\Documents\jupyter_notebook\Fashion-Intelligence-System\A2_FashionDataset\FashionDataset\test\images_test\55850.jpg
55851,,,,,c:\Users\LEGION\Documents\jupyter_notebook\Fashion-Intelligence-System\A2_FashionDataset\FashionDataset\test\images_test\55851.jpg
55852,,,,,c:\Users\LEGION\Documents\jupyter_notebook\Fashion-Intelligence-System\A2_FashionDataset\FashionDataset\test\images_test\55852.jpg
55853,,,,,c:\Users\LEGION\Documents\jupyter_notebook\Fashion-Intelligence-System\A2_FashionDataset\FashionDataset\test\images_test\55853.jpg
55854,,,,,c:\Users\LEGION\Documents\jupyter_notebook\Fashion-Intelligence-System\A2_FashionDataset\FashionDataset\test\images_test\55854.jpg
55855,,,,,c:\Users\LEGION\Documents\jupyter_notebook\Fashion-Intelligence-System\A2_FashionDataset\FashionDataset\test\images_test\55855.jpg
55856,,,,,c:\Users\LEGION\Documents\jupyter_notebook\Fashion-Intelligence-System\A2_FashionDataset\FashionDataset\test\images_test\55856.jpg
55857,,,,,c:\Users\LEGION\Documents\jupyter_notebook\Fashion-Intelligence-System\A2_FashionDataset\FashionDataset\test\images_test\55857.jpg
55858,,,,,c:\Users\LEGION\Documents\jupyter_notebook\Fashion-Intelligence-System\A2_FashionDataset\FashionDataset\test\images_test\55858.jpg
55859,,,,,c:\Users\LEGION\Documents\jupyter_notebook\Fashion-Intelligence-System\A2_FashionDataset\FashionDataset\test\images_test\55859.jpg
55860,,,,,c:\Users\LEGION\Documents\jupyter_notebook\Fashion-Intelligence-System\A2_FashionDataset\FashionDataset\test\images_test\55860.jpg
55861,,,,,c:\Users\LEGION\Documents\jupyter_notebook\Fashion-Intelligence-System\A2_FashionDataset\FashionDataset\test\images_test\55861.jpg
55862,,,,,c:\Users\LEGION\Documents\jupyter_notebook\Fashion-Intelligence-System\A2_FashionDataset\FashionDataset\test\images_test\55862.jpg
55863,,,,,c:\Users\LEGION\Documents\jupyter_notebook\Fashion-Intelligence-System\A2_FashionDataset\FashionDataset\test\images_test\55863.jpg
55864,,,,,c:\Users\LEGION\Documents\jupyter_notebook\Fashion-Intelligence-System\A2_FashionDataset\FashionDataset\test\images_test\55864.jpg
55865,,,,,c:\Users\LEGION\Documents\jupyter_notebook\Fashion-Intelligence-System\A2_FashionDataset\FashionDataset\test\images_test\55865.jpg
55866,,,,,c:\Users\LEGION\Documents\jupyter_notebook\Fashion-Intelligence-System\A2_FashionDataset\FashionDataset\test\images_test\55866.jpg
55867,,,,,c:\Users\LEGION\Documents\jupyter_notebook\Fashion-Intelligence-System\A2_FashionDataset\FashionDataset\test\images_test\55867.jpg
55868,,,,,c:\Users\LEGION\Documents\jupyter_notebook\Fashion-Intelligence-System\A2_FashionDataset\FashionDataset\test\images_test\55868.jpg
55869,,,,,c:\Users\LEGION\Documents\jupyter_notebook\Fashion-Intelligence-System\A2_FashionDataset\FashionDataset\test\images_test\55869.jpg
55870,,,,,c:\Users\LEGION\Documents\jupyter_notebook\Fashion-Intelligence-System\A2_FashionDataset\FashionDataset\test\images_test\55870.jpg
55871,,,,,c:\Users\LEGION\Documents\jupyter_notebook\Fashion-Intelligence-System\A2_FashionDataset\FashionDataset\test\images_test\55871.jpg
55872,,,,,c:\Users\LEGION\Documents\jupyter_notebook\Fashion-Intelligence-System\A2_FashionDataset\FashionDataset\test\images_test\55872.jpg
55873,,,,,c:\Users\LEGION\Documents\jupyter_notebook\Fashion-Intelligence-System\A2_FashionDataset\FashionDataset\test\images_test\55873.jpg
55874,,,,,c:\Users\LEGION\Documents\jupyter_notebook\Fashion-Intelligence-System\A2_FashionDataset\FashionDataset\test\images_test\55874.jpg
55875,,,,,c:\Users\LEGION\Documents\jupyter_notebook\Fashion-Intelligence-System\A2_FashionDataset\FashionDataset\test\images_test\55875.jpg
55876,,,,,c:\Users\LEGION\Documents\jupyter_notebook\Fashion-Intelligence-System\A2_FashionDataset\FashionDataset\test\images_test\55876.jpg
55877,,,,,c:\Users\LEGION\Documents\jupyter_notebook\Fashion-Intelligence-System\A2_FashionDataset\FashionDataset\test\images_test\55877.jpg
55878,,,,,c:\Users\LEGION\Documents\jupyter_notebook\Fashion-Intelligence-System\A2_FashionDataset\FashionDataset\test\images_test\55878.jpg
55879,,,,,c:\Users\LEGION\Documents\jupyter_notebook\Fashion-Intelligence-System\A2_FashionDataset\FashionDataset\test\images_test\55879.jpg
55880,,,,,c:\Users\LEGION\Documents\jupyter_notebook\Fashion-Intelligence-System\A2_FashionDataset\FashionDataset\test\images_test\55880.jpg
55881,,,,,c:\Users\LEGION\Documents\jupyter_notebook\Fashion-Intelligence-System\A2_FashionDataset\FashionDataset\test\images_test\55881.jpg
55882,,,,,c:\Users\LEGION\Documents\jupyter_notebook\Fashion-Intelligence-System\A2_FashionDataset\FashionDataset\test\images_test\55882.jpg
55883,,,,,c:\Users\LEGION\Documents\jupyter_notebook\Fashion-Intelligence-System\A2_FashionDataset\FashionDataset\test\images_test\55883.jpg
55884,,,,,c:\Users\LEGION\Documents\jupyter_notebook\Fashion-Intelligence-System\A2_FashionDataset\FashionDataset\test\images_test\55884.jpg
55885,,,,,c:\Users\LEGION\Documents\jupyter_notebook\Fashion-Intelligence-System\A2_FashionDataset\FashionDataset\test\images_test\55885.jpg
55886,,,,,c:\Users\LEGION\Documents\jupyter_notebook\Fashion-Intelligence-System\A2_FashionDataset\FashionDataset\test\images_test\55886.jpg
55887,,,,,c:\Users\LEGION\Documents\jupyter_notebook\Fashion-Intelligence-System\A2_FashionDataset\FashionDataset\test\images_test\55887.jpg
55888,,,,,c:\Users\LEGION\Documents\jupyter_notebook\Fashion-Intelligence-System\A2_FashionDataset\FashionDataset\test\images_test\55888.jpg
55889,,,,,c:\Users\LEGION\Documents\jupyter_notebook\Fashion-Intelligence-System\A2_FashionDataset\FashionDataset\test\images_test\55889.jpg
55890,,,,,c:\Users\LEGION\Documents\jupyter_notebook\Fashion-Intelligence-System\A2_FashionDataset\FashionDataset\test\images_test\55890.jpg
55891,,,,,c:\Users\LEGION\Documents\jupyter_notebook\Fashion-Intelligence-System\A2_FashionDataset\FashionDataset\test\images_test\55891.jpg
55892,,,,,c:\Users\LEGION\Documents\jupyter_notebook\Fashion-Intelligence-System\A2_FashionDataset\FashionDataset\test\images_test\55892.jpg
55893,,,,,c:\Users\LEGION\Documents\jupyter_notebook\Fashion-Intelligence-System\A2_FashionDataset\FashionDataset\test\images_test\55893.jpg
55894,,,,,c:\Users\LEGION\Documents\jupyter_notebook\Fashion-Intelligence-System\A2_FashionDataset\FashionDataset\test\images_test\55894.jpg
55895,,,,,c:\Users\LEGION\Documents\jupyter_notebook\Fashion-Intelligence-System\A2_FashionDataset\FashionDataset\test\images_test\55895.jpg
55896,,,,,c:\Users\LEGION\Documents\jupyter_notebook\Fashion-Intelligence-System\A2_FashionDataset\FashionDataset\test\images_test\55896.jpg
55897,,,,,c:\Users\LEGION\Documents\jupyter_notebook\Fashion-Intelligence-System\A2_FashionDataset\FashionDataset\test\images_test\55897.jpg
55898,,,,,c:\Users\LEGION\Documents\jupyter_notebook\Fashion-Intelligence-System\A2_FashionDataset\FashionDataset\test\images_test\55898.jpg
55899,,,,,c:\Users\LEGION\Documents\jupyter_notebook\Fashion-Intelligence-System\A2_FashionDataset\FashionDataset\test\images_test\55899.jpg
55900,,,,,c:\Users\LEGION\Documents\jupyter_notebook\Fashion-Intelligence-System\A2_FashionDataset\FashionDataset\test\images_test\55900.jpg
55901,,,,,c:\Users\LEGION\Documents\jupyter_notebook\Fashion-Intelligence-System\A2_FashionDataset\FashionDataset\test\images_test\55901.jpg
55902,,,,,c:\Users\LEGION\Documents\jupyter_notebook\Fashion-Intelligence-System\A2_FashionDataset\FashionDataset\test\images_test\55902.jpg
55903,,,,,c:\Users\LEGION\Documents\jupyter_notebook\Fashion-Intelligence-System\A2_FashionDataset\FashionDataset\test\images_test\55903.jpg
55904,,,,,c:\Users\LEGION\Documents\jupyter_notebook\Fashion-Intelligence-System\A2_FashionDataset\FashionDataset\test\images_test\55904.jpg
55905,,,,,c:\Users\LEGION\Documents\jupyter_notebook\Fashion-Intelligence-System\A2_FashionDataset\FashionDataset\test\images_test\55905.jpg
55906,,,,,c:\Users\LEGION\Documents\jupyter_notebook\Fashion-Intelligence-System\A2_FashionDataset\FashionDataset\test\images_test\55906.jpg
55907,,,,,c:\Users\LEGION\Documents\jupyter_notebook\Fashion-Intelligence-System\A2_FashionDataset\FashionDataset\test\images_test\55907.jpg
55909,,,,,c:\Users\LEGION\Documents\jupyter_notebook\Fashion-Intelligence-System\A2_FashionDataset\FashionDataset\test\images_test\55909.jpg
55910,,,,,c:\Users\LEGION\Documents\jupyter_notebook\Fashion-Intelligence-System\A2_FashionDataset\FashionDataset\test\images_test\55910.jpg
55911,,,,,c:\Users\LEGION\Documents\jupyter_notebook\Fashion-Intelligence-System\A2_FashionDataset\FashionDataset\test\images_test\55911.jpg
55912,,,,,c:\Users\LEGION\Documents\jupyter_notebook\Fashion-Intelligence-System\A2_FashionDataset\FashionDataset\test\images_test\55912.jpg
55913,,,,,c:\Users\LEGION\Documents\jupyter_notebook\Fashion-Intelligence-System\A2_FashionDataset\FashionDataset\test\images_test\55913.jpg
55914,,,,,c:\Users\LEGION\Documents\jupyter_notebook\Fashion-Intelligence-System\A2_FashionDataset\FashionDataset\test\images_test\55914.jpg
55915,,,,,c:\Users\LEGION\Documents\jupyter_notebook\Fashion-Intelligence-System\A2_FashionDataset\FashionDataset\test\images_test\55915.jpg
55916,,,,,c:\Users\LEGION\Documents\jupyter_notebook\Fashion-Intelligence-System\A2_FashionDataset\FashionDataset\test\images_test\55916.jpg
55917,,,,,c:\Users\LEGION\Documents\jupyter_notebook\Fashion-Intelligence-System\A2_FashionDataset\FashionDataset\test\images_test\55917.jpg
55918,,,,,c:\Users\LEGION\Documents\jupyter_notebook\Fashion-Intelligence-System\A2_FashionDataset\FashionDataset\test\images_test\55918.jpg
55919,,,,,c:\Users\LEGION\Documents\jupyter_notebook\Fashion-Intelligence-System\A2_FashionDataset\FashionDataset\test\images_test\55919.jpg
55920,,,,,c:\Users\LEGION\Documents\jupyter_notebook\Fashion-Intelligence-System\A2_FashionDataset\FashionDataset\test\images_test\55920.jpg
55921,,,,,c:\Users\LEGION\Documents\jupyter_notebook\Fashion-Intelligence-System\A2_FashionDataset\FashionDataset\test\images_test\55921.jpg
55922,,,,,c:\Users\LEGION\Documents\jupyter_notebook\Fashion-Intelligence-System\A2_FashionDataset\FashionDataset\test\images_test\55922.jpg
55923,,,,,c:\Users\LEGION\Documents\jupyter_notebook\Fashion-Intelligence-System\A2_FashionDataset\FashionDataset\test\images_test\55923.jpg
55924,,,,,c:\Users\LEGION\Documents\jupyter_notebook\Fashion-Intelligence-System\A2_FashionDataset\FashionDataset\test\images_test\55924.jpg
55925,,,,,c:\Users\LEGION\Documents\jupyter_notebook\Fashion-Intelligence-System\A2_FashionDataset\FashionDataset\test\images_test\55925.jpg
55926,,,,,c:\Users\LEGION\Documents\jupyter_notebook\Fashion-Intelligence-System\A2_FashionDataset\FashionDataset\test\images_test\55926.jpg
55927,,,,,c:\Users\LEGION\Documents\jupyter_notebook\Fashion-Intelligence-System\A2_FashionDataset\FashionDataset\test\images_test\55927.jpg
55928,,,,,c:\Users\LEGION\Documents\jupyter_notebook\Fashion-Intelligence-System\A2_FashionDataset\FashionDataset\test\images_test\55928.jpg
55929,,,,,c:\Users\LEGION\Documents\jupyter_notebook\Fashion-Intelligence-System\A2_FashionDataset\FashionDataset\test\images_test\55929.jpg
55930,,,,,c:\Users\LEGION\Documents\jupyter_notebook\Fashion-Intelligence-System\A2_FashionDataset\FashionDataset\test\images_test\55930.jpg
55931,,,,,c:\Users\LEGION\Documents\jupyter_notebook\Fashion-Intelligence-System\A2_FashionDataset\FashionDataset\test\images_test\55931.jpg
55932,,,,,c:\Users\LEGION\Documents\jupyter_notebook\Fashion-Intelligence-System\A2_FashionDataset\FashionDataset\test\images_test\55932.jpg
55933,,,,,c:\Users\LEGION\Documents\jupyter_notebook\Fashion-Intelligence-System\A2_FashionDataset\FashionDataset\test\images_test\55933.jpg
55935,,,,,c:\Users\LEGION\Documents\jupyter_notebook\Fashion-Intelligence-System\A2_FashionDataset\FashionDataset\test\images_test\55935.jpg
55936,,,,,c:\Users\LEGION\Documents\jupyter_notebook\Fashion-Intelligence-System\A2_FashionDataset\FashionDataset\test\images_test\55936.jpg
55937,,,,,c:\Users\LEGION\Documents\jupyter_notebook\Fashion-Intelligence-System\A2_FashionDataset\FashionDataset\test\images_test\55937.jpg
55938,,,,,c:\Users\LEGION\Documents\jupyter_notebook\Fashion-Intelligence-System\A2_FashionDataset\FashionDataset\test\images_test\55938.jpg
55939,,,,,c:\Users\LEGION\Documents\jupyter_notebook\Fashion-Intelligence-System\A2_FashionDataset\FashionDataset\test\images_test\55939.jpg
55940,,,,,c:\Users\LEGION\Documents\jupyter_notebook\Fashion-Intelligence-System\A2_FashionDataset\FashionDataset\test\images_test\55940.jpg
55941,,,,,c:\Users\LEGION\Documents\jupyter_notebook\Fashion-Intelligence-System\A2_FashionDataset\FashionDataset\test\images_test\55941.jpg
55942,,,,,c:\Users\LEGION\Documents\jupyter_notebook\Fashion-Intelligence-System\A2_FashionDataset\FashionDataset\test\images_test\55942.jpg
55943,,,,,c:\Users\LEGION\Documents\jupyter_notebook\Fashion-Intelligence-System\A2_FashionDataset\FashionDataset\test\images_test\55943.jpg
55944,,,,,c:\Users\LEGION\Documents\jupyter_notebook\Fashion-Intelligence-System\A2_FashionDataset\FashionDataset\test\images_test\55944.jpg
55945,,,,,c:\Users\LEGION\Documents\jupyter_notebook\Fashion-Intelligence-System\A2_FashionDataset\FashionDataset\test\images_test\55945.jpg
55946,,,,,c:\Users\LEGION\Documents\jupyter_notebook\Fashion-Intelligence-System\A2_FashionDataset\FashionDataset\test\images_test\55946.jpg
55947,,,,,c:\Users\LEGION\Documents\jupyter_notebook\Fashion-Intelligence-System\A2_FashionDataset\FashionDataset\test\images_test\55947.jpg
55948,,,,,c:\Users\LEGION\Documents\jupyter_notebook\Fashion-Intelligence-System\A2_FashionDataset\FashionDataset\test\images_test\55948.jpg
55949,,,,,c:\Users\LEGION\Documents\jupyter_notebook\Fashion-Intelligence-System\A2_FashionDataset\FashionDataset\test\images_test\55949.jpg
55950,,,,,c:\Users\LEGION\Documents\jupyter_notebook\Fashion-Intelligence-System\A2_FashionDataset\FashionDataset\test\images_test\55950.jpg
55951,,,,,c:\Users\LEGION\Documents\jupyter_notebook\Fashion-Intelligence-System\A2_FashionDataset\FashionDataset\test\images_test\55951.jpg
55952,,,,,c:\Users\LEGION\Documents\jupyter_notebook\Fashion-Intelligence-System\A2_FashionDataset\FashionDataset\test\images_test\55952.jpg
55953,,,,,c:\Users\LEGION\Documents\jupyter_notebook\Fashion-Intelligence-System\A2_FashionDataset\FashionDataset\test\images_test\55953.jpg
55954,,,,,c:\Users\LEGION\Documents\jupyter_notebook\Fashion-Intelligence-System\A2_FashionDataset\FashionDataset\test\images_test\55954.jpg
55955,,,,,c:\Users\LEGION\Documents\jupyter_notebook\Fashion-Intelligence-System\A2_FashionDataset\FashionDataset\test\images_test\55955.jpg
55956,,,,,c:\Users\LEGION\Documents\jupyter_notebook\Fashion-Intelligence-System\A2_FashionDataset\FashionDataset\test\images_test\55956.jpg
55957,,,,,c:\Users\LEGION\Documents\jupyter_notebook\Fashion-Intelligence-System\A2_FashionDataset\FashionDataset\test\images_test\55957.jpg
55958,,,,,c:\Users\LEGION\Documents\jupyter_notebook\Fashion-Intelligence-System\A2_FashionDataset\FashionDataset\test\images_test\55958.jpg
55959,,,,,c:\Users\LEGION\Documents\jupyter_notebook\Fashion-Intelligence-System\A2_FashionDataset\FashionDataset\test\images_test\55959.jpg
55960,,,,,c:\Users\LEGION\Documents\jupyter_notebook\Fashion-Intelligence-System\A2_FashionDataset\FashionDataset\test\images_test\55960.jpg
55961,,,,,c:\Users\LEGION\Documents\jupyter_notebook\Fashion-Intelligence-System\A2_FashionDataset\FashionDataset\test\images_test\55961.jpg
55962,,,,,c:\Users\LEGION\Documents\jupyter_notebook\Fashion-Intelligence-System\A2_FashionDataset\FashionDataset\test\images_test\55962.jpg
55963,,,,,c:\Users\LEGION\Documents\jupyter_notebook\Fashion-Intelligence-System\A2_FashionDataset\FashionDataset\test\images_test\55963.jpg
55964,,,,,c:\Users\LEGION\Documents\jupyter_notebook\Fashion-Intelligence-System\A2_FashionDataset\FashionDataset\test\images_test\55964.jpg
55965,,,,,c:\Users\LEGION\Documents\jupyter_notebook\Fashion-Intelligence-System\A2_FashionDataset\FashionDataset\test\images_test\55965.jpg
55966,,,,,c:\Users\LEGION\Documents\jupyter_notebook\Fashion-Intelligence-System\A2_FashionDataset\FashionDataset\test\images_test\55966.jpg
55967,,,,,c:\Users\LEGION\Documents\jupyter_notebook\Fashion-Intelligence-System\A2_FashionDataset\FashionDataset\test\images_test\55967.jpg
55968,,,,,c:\Users\LEGION\Documents\jupyter_notebook\Fashion-Intelligence-System\A2_FashionDataset\FashionDataset\test\images_test\55968.jpg
55969,,,,,c:\Users\LEGION\Documents\jupyter_notebook\Fashion-Intelligence-System\A2_FashionDataset\FashionDataset\test\images_test\55969.jpg
55970,,,,,c:\Users\LEGION\Documents\jupyter_notebook\Fashion-Intelligence-System\A2_FashionDataset\FashionDataset\test\images_test\55970.jpg
55971,,,,,c:\Users\LEGION\Documents\jupyter_notebook\Fashion-Intelligence-System\A2_FashionDataset\FashionDataset\test\images_test\55971.jpg
55972,,,,,c:\Users\LEGION\Documents\jupyter_notebook\Fashion-Intelligence-System\A2_FashionDataset\FashionDataset\test\images_test\55972.jpg
55973,,,,,c:\Users\LEGION\Documents\jupyter_notebook\Fashion-Intelligence-System\A2_FashionDataset\FashionDataset\test\images_test\55973.jpg
55974,,,,,c:\Users\LEGION\Documents\jupyter_notebook\Fashion-Intelligence-System\A2_FashionDataset\FashionDataset\test\images_test\55974.jpg
55975,,,,,c:\Users\LEGION\Documents\jupyter_notebook\Fashion-Intelligence-System\A2_FashionDataset\FashionDataset\test\images_test\55975.jpg
55976,,,,,c:\Users\LEGION\Documents\jupyter_notebook\Fashion-Intelligence-System\A2_FashionDataset\FashionDataset\test\images_test\55976.jpg
55977,,,,,c:\Users\LEGION\Documents\jupyter_notebook\Fashion-Intelligence-System\A2_FashionDataset\FashionDataset\test\images_test\55977.jpg
55978,,,,,c:\Users\LEGION\Documents\jupyter_notebook\Fashion-Intelligence-System\A2_FashionDataset\FashionDataset\test\images_test\55978.jpg
55979,,,,,c:\Users\LEGION\Documents\jupyter_notebook\Fashion-Intelligence-System\A2_FashionDataset\FashionDataset\test\images_test\55979.jpg
55980,,,,,c:\Users\LEGION\Documents\jupyter_notebook\Fashion-Intelligence-System\A2_FashionDataset\FashionDataset\test\images_test\55980.jpg
55981,,,,,c:\Users\LEGION\Documents\jupyter_notebook\Fashion-Intelligence-System\A2_FashionDataset\FashionDataset\test\images_test\55981.jpg
55982,,,,,c:\Users\LEGION\Documents\jupyter_notebook\Fashion-Intelligence-System\A2_FashionDataset\FashionDataset\test\images_test\55982.jpg
55983,,,,,c:\Users\LEGION\Documents\jupyter_notebook\Fashion-Intelligence-System\A2_FashionDataset\FashionDataset\test\images_test\55983.jpg
55984,,,,,c:\Users\LEGION\Documents\jupyter_notebook\Fashion-Intelligence-System\A2_FashionDataset\FashionDataset\test\images_test\55984.jpg
55985,,,,,c:\Users\LEGION\Documents\jupyter_notebook\Fashion-Intelligence-System\A2_FashionDataset\FashionDataset\test\images_test\55985.jpg
55986,,,,,c:\Users\LEGION\Documents\jupyter_notebook\Fashion-Intelligence-System\A2_FashionDataset\FashionDataset\test\images_test\55986.jpg
55987,,,,,c:\Users\LEGION\Documents\jupyter_notebook\Fashion-Intelligence-System\A2_FashionDataset\FashionDataset\test\images_test\55987.jpg
55988,,,,,c:\Users\LEGION\Documents\jupyter_notebook\Fashion-Intelligence-System\A2_FashionDataset\FashionDataset\test\images_test\55988.jpg
55989,,,,,c:\Users\LEGION\Documents\jupyter_notebook\Fashion-Intelligence-System\A2_FashionDataset\FashionDataset\test\images_test\55989.jpg
55990,,,,,c:\Users\LEGION\Documents\jupyter_notebook\Fashion-Intelligence-System\A2_FashionDataset\FashionDataset\test\images_test\55990.jpg
55991,,,,,c:\Users\LEGION\Documents\jupyter_notebook\Fashion-Intelligence-System\A2_FashionDataset\FashionDataset\test\images_test\55991.jpg
55992,,,,,c:\Users\LEGION\Documents\jupyter_notebook\Fashion-Intelligence-System\A2_FashionDataset\FashionDataset\test\images_test\55992.jpg
55993,,,,,c:\Users\LEGION\Documents\jupyter_notebook\Fashion-Intelligence-System\A2_FashionDataset\FashionDataset\test\images_test\55993.jpg
55994,,,,,c:\Users\LEGION\Documents\jupyter_notebook\Fashion-Intelligence-System\A2_FashionDataset\FashionDataset\test\images_test\55994.jpg
55995,,,,,c:\Users\LEGION\Documents\jupyter_notebook\Fashion-Intelligence-System\A2_FashionDataset\FashionDataset\test\images_test\55995.jpg
55996,,,,,c:\Users\LEGION\Documents\jupyter_notebook\Fashion-Intelligence-System\A2_FashionDataset\FashionDataset\test\images_test\55996.jpg
55997,,,,,c:\Users\LEGION\Documents\jupyter_notebook\Fashion-Intelligence-System\A2_FashionDataset\FashionDataset\test\images_test\55997.jpg
55998,,,,,c:\Users\LEGION\Documents\jupyter_notebook\Fashion-Intelligence-System\A2_FashionDataset\FashionDataset\test\images_test\55998.jpg
55999,,,,,c:\Users\LEGION\Documents\jupyter_notebook\Fashion-Intelligence-System\A2_FashionDataset\FashionDataset\test\images_test\55999.jpg
56000,,,,,c:\Users\LEGION\Documents\jupyter_notebook\Fashion-Intelligence-System\A2_FashionDataset\FashionDataset\test\images_test\56000.jpg
56001,,,,,c:\Users\LEGION\Documents\jupyter_notebook\Fashion-Intelligence-System\A2_FashionDataset\FashionDataset\test\images_test\56001.jpg
56002,,,,,c:\Users\LEGION\Documents\jupyter_notebook\Fashion-Intelligence-System\A2_FashionDataset\FashionDataset\test\images_test\56002.jpg
56003,,,,,c:\Users\LEGION\Documents\jupyter_notebook\Fashion-Intelligence-System\A2_FashionDataset\FashionDataset\test\images_test\56003.jpg
56004,,,,,c:\Users\LEGION\Documents\jupyter_notebook\Fashion-Intelligence-System\A2_FashionDataset\FashionDataset\test\images_test\56004.jpg
56005,,,,,c:\Users\LEGION\Documents\jupyter_notebook\Fashion-Intelligence-System\A2_FashionDataset\FashionDataset\test\images_test\56005.jpg
56006,,,,,c:\Users\LEGION\Documents\jupyter_notebook\Fashion-Intelligence-System\A2_FashionDataset\FashionDataset\test\images_test\56006.jpg
56007,,,,,c:\Users\LEGION\Documents\jupyter_notebook\Fashion-Intelligence-System\A2_FashionDataset\FashionDataset\test\images_test\56007.jpg
56008,,,,,c:\Users\LEGION\Documents\jupyter_notebook\Fashion-Intelligence-System\A2_FashionDataset\FashionDataset\test\images_test\56008.jpg
56009,,,,,c:\Users\LEGION\Documents\jupyter_notebook\Fashion-Intelligence-System\A2_FashionDataset\FashionDataset\test\images_test\56009.jpg
56010,,,,,c:\Users\LEGION\Documents\jupyter_notebook\Fashion-Intelligence-System\A2_FashionDataset\FashionDataset\test\images_test\56010.jpg
56011,,,,,c:\Users\LEGION\Documents\jupyter_notebook\Fashion-Intelligence-System\A2_FashionDataset\FashionDataset\test\images_test\56011.jpg
56012,,,,,c:\Users\LEGION\Documents\jupyter_notebook\Fashion-Intelligence-System\A2_FashionDataset\FashionDataset\test\images_test\56012.jpg
56013,,,,,c:\Users\LEGION\Documents\jupyter_notebook\Fashion-Intelligence-System\A2_FashionDataset\FashionDataset\test\images_test\56013.jpg
56014,,,,,c:\Users\LEGION\Documents\jupyter_notebook\Fashion-Intelligence-System\A2_FashionDataset\FashionDataset\test\images_test\56014.jpg
56015,,,,,c:\Users\LEGION\Documents\jupyter_notebook\Fashion-Intelligence-System\A2_FashionDataset\FashionDataset\test\images_test\56015.jpg
56016,,,,,c:\Users\LEGION\Documents\jupyter_notebook\Fashion-Intelligence-System\A2_FashionDataset\FashionDataset\test\images_test\56016.jpg
56017,,,,,c:\Users\LEGION\Documents\jupyter_notebook\Fashion-Intelligence-System\A2_FashionDataset\FashionDataset\test\images_test\56017.jpg
56018,,,,,c:\Users\LEGION\Documents\jupyter_notebook\Fashion-Intelligence-System\A2_FashionDataset\FashionDataset\test\images_test\56018.jpg
56019,,,,,c:\Users\LEGION\Documents\jupyter_notebook\Fashion-Intelligence-System\A2_FashionDataset\FashionDataset\test\images_test\56019.jpg
56020,,,,,c:\Users\LEGION\Documents\jupyter_notebook\Fashion-Intelligence-System\A2_FashionDataset\FashionDataset\test\images_test\56020.jpg
56021,,,,,c:\Users\LEGION\Documents\jupyter_notebook\Fashion-Intelligence-System\A2_FashionDataset\FashionDataset\test\images_test\56021.jpg
56022,,,,,c:\Users\LEGION\Documents\jupyter_notebook\Fashion-Intelligence-System\A2_FashionDataset\FashionDataset\test\images_test\56022.jpg
56023,,,,,c:\Users\LEGION\Documents\jupyter_notebook\Fashion-Intelligence-System\A2_FashionDataset\FashionDataset\test\images_test\56023.jpg
56024,,,,,c:\Users\LEGION\Documents\jupyter_notebook\Fashion-Intelligence-System\A2_FashionDataset\FashionDataset\test\images_test\56024.jpg
56025,,,,,c:\Users\LEGION\Documents\jupyter_notebook\Fashion-Intelligence-System\A2_FashionDataset\FashionDataset\test\images_test\56025.jpg
56026,,,,,c:\Users\LEGION\Documents\jupyter_notebook\Fashion-Intelligence-System\A2_FashionDataset\FashionDataset\test\images_test\56026.jpg
56027,,,,,c:\Users\LEGION\Documents\jupyter_notebook\Fashion-Intelligence-System\A2_FashionDataset\FashionDataset\test\images_test\56027.jpg
56028,,,,,c:\Users\LEGION\Documents\jupyter_notebook\Fashion-Intelligence-System\A2_FashionDataset\FashionDataset\test\images_test\56028.jpg
56029,,,,,c:\Users\LEGION\Documents\jupyter_notebook\Fashion-Intelligence-System\A2_FashionDataset\FashionDataset\test\images_test\56029.jpg
56030,,,,,c:\Users\LEGION\Documents\jupyter_notebook\Fashion-Intelligence-System\A2_FashionDataset\FashionDataset\test\images_test\56030.jpg
56031,,,,,c:\Users\LEGION\Documents\jupyter_notebook\Fashion-Intelligence-System\A2_FashionDataset\FashionDataset\test\images_test\56031.jpg
56032,,,,,c:\Users\LEGION\Documents\jupyter_notebook\Fashion-Intelligence-System\A2_FashionDataset\FashionDataset\test\images_test\56032.jpg
56033,,,,,c:\Users\LEGION\Documents\jupyter_notebook\Fashion-Intelligence-System\A2_FashionDataset\FashionDataset\test\images_test\56033.jpg
56034,,,,,c:\Users\LEGION\Documents\jupyter_notebook\Fashion-Intelligence-System\A2_FashionDataset\FashionDataset\test\images_test\56034.jpg
56035,,,,,c:\Users\LEGION\Documents\jupyter_notebook\Fashion-Intelligence-System\A2_FashionDataset\FashionDataset\test\images_test\56035.jpg
56036,,,,,c:\Users\LEGION\Documents\jupyter_notebook\Fashion-Intelligence-System\A2_FashionDataset\FashionDataset\test\images_test\56036.jpg
56037,,,,,c:\Users\LEGION\Documents\jupyter_notebook\Fashion-Intelligence-System\A2_FashionDataset\FashionDataset\test\images_test\56037.jpg
56038,,,,,c:\Users\LEGION\Documents\jupyter_notebook\Fashion-Intelligence-System\A2_FashionDataset\FashionDataset\test\images_test\56038.jpg
56039,,,,,c:\Users\LEGION\Documents\jupyter_notebook\Fashion-Intelligence-System\A2_FashionDataset\FashionDataset\test\images_test\56039.jpg
56040,,,,,c:\Users\LEGION\Documents\jupyter_notebook\Fashion-Intelligence-System\A2_FashionDataset\FashionDataset\test\images_test\56040.jpg
56041,,,,,c:\Users\LEGION\Documents\jupyter_notebook\Fashion-Intelligence-System\A2_FashionDataset\FashionDataset\test\images_test\56041.jpg
56042,,,,,c:\Users\LEGION\Documents\jupyter_notebook\Fashion-Intelligence-System\A2_FashionDataset\FashionDataset\test\images_test\56042.jpg
56043,,,,,c:\Users\LEGION\Documents\jupyter_notebook\Fashion-Intelligence-System\A2_FashionDataset\FashionDataset\test\images_test\56043.jpg
56044,,,,,c:\Users\LEGION\Documents\jupyter_notebook\Fashion-Intelligence-System\A2_FashionDataset\FashionDataset\test\images_test\56044.jpg
56045,,,,,c:\Users\LEGION\Documents\jupyter_notebook\Fashion-Intelligence-System\A2_FashionDataset\FashionDataset\test\images_test\56045.jpg
56046,,,,,c:\Users\LEGION\Documents\jupyter_notebook\Fashion-Intelligence-System\A2_FashionDataset\FashionDataset\test\images_test\56046.jpg
56047,,,,,c:\Users\LEGION\Documents\jupyter_notebook\Fashion-Intelligence-System\A2_FashionDataset\FashionDataset\test\images_test\56047.jpg
56048,,,,,c:\Users\LEGION\Documents\jupyter_notebook\Fashion-Intelligence-System\A2_FashionDataset\FashionDataset\test\images_test\56048.jpg
56049,,,,,c:\Users\LEGION\Documents\jupyter_notebook\Fashion-Intelligence-System\A2_FashionDataset\FashionDataset\test\images_test\56049.jpg
56050,,,,,c:\Users\LEGION\Documents\jupyter_notebook\Fashion-Intelligence-System\A2_FashionDataset\FashionDataset\test\images_test\56050.jpg
56051,,,,,c:\Users\LEGION\Documents\jupyter_notebook\Fashion-Intelligence-System\A2_FashionDataset\FashionDataset\test\images_test\56051.jpg
56052,,,,,c:\Users\LEGION\Documents\jupyter_notebook\Fashion-Intelligence-System\A2_FashionDataset\FashionDataset\test\images_test\56052.jpg
56053,,,,,c:\Users\LEGION\Documents\jupyter_notebook\Fashion-Intelligence-System\A2_FashionDataset\FashionDataset\test\images_test\56053.jpg
56054,,,,,c:\Users\LEGION\Documents\jupyter_notebook\Fashion-Intelligence-System\A2_FashionDataset\FashionDataset\test\images_test\56054.jpg
56055,,,,,c:\Users\LEGION\Documents\jupyter_notebook\Fashion-Intelligence-System\A2_FashionDataset\FashionDataset\test\images_test\56055.jpg
56056,,,,,c:\Users\LEGION\Documents\jupyter_notebook\Fashion-Intelligence-System\A2_FashionDataset\FashionDataset\test\images_test\56056.jpg
56057,,,,,c:\Users\LEGION\Documents\jupyter_notebook\Fashion-Intelligence-System\A2_FashionDataset\FashionDataset\test\images_test\56057.jpg
56058,,,,,c:\Users\LEGION\Documents\jupyter_notebook\Fashion-Intelligence-System\A2_FashionDataset\FashionDataset\test\images_test\56058.jpg
56059,,,,,c:\Users\LEGION\Documents\jupyter_notebook\Fashion-Intelligence-System\A2_FashionDataset\FashionDataset\test\images_test\56059.jpg
56060,,,,,c:\Users\LEGION\Documents\jupyter_notebook\Fashion-Intelligence-System\A2_FashionDataset\FashionDataset\test\images_test\56060.jpg
56061,,,,,c:\Users\LEGION\Documents\jupyter_notebook\Fashion-Intelligence-System\A2_FashionDataset\FashionDataset\test\images_test\56061.jpg
56062,,,,,c:\Users\LEGION\Documents\jupyter_notebook\Fashion-Intelligence-System\A2_FashionDataset\FashionDataset\test\images_test\56062.jpg
56063,,,,,c:\Users\LEGION\Documents\jupyter_notebook\Fashion-Intelligence-System\A2_FashionDataset\FashionDataset\test\images_test\56063.jpg
56064,,,,,c:\Users\LEGION\Documents\jupyter_notebook\Fashion-Intelligence-System\A2_FashionDataset\FashionDataset\test\images_test\56064.jpg
56065,,,,,c:\Users\LEGION\Documents\jupyter_notebook\Fashion-Intelligence-System\A2_FashionDataset\FashionDataset\test\images_test\56065.jpg
56066,,,,,c:\Users\LEGION\Documents\jupyter_notebook\Fashion-Intelligence-System\A2_FashionDataset\FashionDataset\test\images_test\56066.jpg
56067,,,,,c:\Users\LEGION\Documents\jupyter_notebook\Fashion-Intelligence-System\A2_FashionDataset\FashionDataset\test\images_test\56067.jpg
56068,,,,,c:\Users\LEGION\Documents\jupyter_notebook\Fashion-Intelligence-System\A2_FashionDataset\FashionDataset\test\images_test\56068.jpg
56069,,,,,c:\Users\LEGION\Documents\jupyter_notebook\Fashion-Intelligence-System\A2_FashionDataset\FashionDataset\test\images_test\56069.jpg
56070,,,,,c:\Users\LEGION\Documents\jupyter_notebook\Fashion-Intelligence-System\A2_FashionDataset\FashionDataset\test\images_test\56070.jpg
56071,,,,,c:\Users\LEGION\Documents\jupyter_notebook\Fashion-Intelligence-System\A2_FashionDataset\FashionDataset\test\images_test\56071.jpg
56072,,,,,c:\Users\LEGION\Documents\jupyter_notebook\Fashion-Intelligence-System\A2_FashionDataset\FashionDataset\test\images_test\56072.jpg
56073,,,,,c:\Users\LEGION\Documents\jupyter_notebook\Fashion-Intelligence-System\A2_FashionDataset\FashionDataset\test\images_test\56073.jpg
56074,,,,,c:\Users\LEGION\Documents\jupyter_notebook\Fashion-Intelligence-System\A2_FashionDataset\FashionDataset\test\images_test\56074.jpg
56075,,,,,c:\Users\LEGION\Documents\jupyter_notebook\Fashion-Intelligence-System\A2_FashionDataset\FashionDataset\test\images_test\56075.jpg
56076,,,,,c:\Users\LEGION\Documents\jupyter_notebook\Fashion-Intelligence-System\A2_FashionDataset\FashionDataset\test\images_test\56076.jpg
56077,,,,,c:\Users\LEGION\Documents\jupyter_notebook\Fashion-Intelligence-System\A2_FashionDataset\FashionDataset\test\images_test\56077.jpg
56078,,,,,c:\Users\LEGION\Documents\jupyter_notebook\Fashion-Intelligence-System\A2_FashionDataset\FashionDataset\test\images_test\56078.jpg
56079,,,,,c:\Users\LEGION\Documents\jupyter_notebook\Fashion-Intelligence-System\A2_FashionDataset\FashionDataset\test\images_test\56079.jpg
56080,,,,,c:\Users\LEGION\Documents\jupyter_notebook\Fashion-Intelligence-System\A2_FashionDataset\FashionDataset\test\images_test\56080.jpg
56081,,,,,c:\Users\LEGION\Documents\jupyter_notebook\Fashion-Intelligence-System\A2_FashionDataset\FashionDataset\test\images_test\56081.jpg
56082,,,,,c:\Users\LEGION\Documents\jupyter_notebook\Fashion-Intelligence-System\A2_FashionDataset\FashionDataset\test\images_test\56082.jpg
56083,,,,,c:\Users\LEGION\Documents\jupyter_notebook\Fashion-Intelligence-System\A2_FashionDataset\FashionDataset\test\images_test\56083.jpg
56084,,,,,c:\Users\LEGION\Documents\jupyter_notebook\Fashion-Intelligence-System\A2_FashionDataset\FashionDataset\test\images_test\56084.jpg
56085,,,,,c:\Users\LEGION\Documents\jupyter_notebook\Fashion-Intelligence-System\A2_FashionDataset\FashionDataset\test\images_test\56085.jpg
56086,,,,,c:\Users\LEGION\Documents\jupyter_notebook\Fashion-Intelligence-System\A2_FashionDataset\FashionDataset\test\images_test\56086.jpg
56087,,,,,c:\Users\LEGION\Documents\jupyter_notebook\Fashion-Intelligence-System\A2_FashionDataset\FashionDataset\test\images_test\56087.jpg
56088,,,,,c:\Users\LEGION\Documents\jupyter_notebook\Fashion-Intelligence-System\A2_FashionDataset\FashionDataset\test\images_test\56088.jpg
56089,,,,,c:\Users\LEGION\Documents\jupyter_notebook\Fashion-Intelligence-System\A2_FashionDataset\FashionDataset\test\images_test\56089.jpg
56090,,,,,c:\Users\LEGION\Documents\jupyter_notebook\Fashion-Intelligence-System\A2_FashionDataset\FashionDataset\test\images_test\56090.jpg
56091,,,,,c:\Users\LEGION\Documents\jupyter_notebook\Fashion-Intelligence-System\A2_FashionDataset\FashionDataset\test\images_test\56091.jpg
56092,,,,,c:\Users\LEGION\Documents\jupyter_notebook\Fashion-Intelligence-System\A2_FashionDataset\FashionDataset\test\images_test\56092.jpg
56093,,,,,c:\Users\LEGION\Documents\jupyter_notebook\Fashion-Intelligence-System\A2_FashionDataset\FashionDataset\test\images_test\56093.jpg
56094,,,,,c:\Users\LEGION\Documents\jupyter_notebook\Fashion-Intelligence-System\A2_FashionDataset\FashionDataset\test\images_test\56094.jpg
56095,,,,,c:\Users\LEGION\Documents\jupyter_notebook\Fashion-Intelligence-System\A2_FashionDataset\FashionDataset\test\images_test\56095.jpg
56096,,,,,c:\Users\LEGION\Documents\jupyter_notebook\Fashion-Intelligence-System\A2_FashionDataset\FashionDataset\test\images_test\56096.jpg
56097,,,,,c:\Users\LEGION\Documents\jupyter_notebook\Fashion-Intelligence-System\A2_FashionDataset\FashionDataset\test\images_test\56097.jpg
56098,,,,,c:\Users\LEGION\Documents\jupyter_notebook\Fashion-Intelligence-System\A2_FashionDataset\FashionDataset\test\images_test\56098.jpg
56099,,,,,c:\Users\LEGION\Documents\jupyter_notebook\Fashion-Intelligence-System\A2_FashionDataset\FashionDataset\test\images_test\56099.jpg
56100,,,,,c:\Users\LEGION\Documents\jupyter_notebook\Fashion-Intelligence-System\A2_FashionDataset\FashionDataset\test\images_test\56100.jpg
56101,,,,,c:\Users\LEGION\Documents\jupyter_notebook\Fashion-Intelligence-System\A2_FashionDataset\FashionDataset\test\images_test\56101.jpg
56102,,,,,c:\Users\LEGION\Documents\jupyter_notebook\Fashion-Intelligence-System\A2_FashionDataset\FashionDataset\test\images_test\56102.jpg
56103,,,,,c:\Users\LEGION\Documents\jupyter_notebook\Fashion-Intelligence-System\A2_FashionDataset\FashionDataset\test\images_test\56103.jpg
56104,,,,,c:\Users\LEGION\Documents\jupyter_notebook\Fashion-Intelligence-System\A2_FashionDataset\FashionDataset\test\images_test\56104.jpg
56105,,,,,c:\Users\LEGION\Documents\jupyter_notebook\Fashion-Intelligence-System\A2_FashionDataset\FashionDataset\test\images_test\56105.jpg
56106,,,,,c:\Users\LEGION\Documents\jupyter_notebook\Fashion-Intelligence-System\A2_FashionDataset\FashionDataset\test\images_test\56106.jpg
56107,,,,,c:\Users\LEGION\Documents\jupyter_notebook\Fashion-Intelligence-System\A2_FashionDataset\FashionDataset\test\images_test\56107.jpg
56108,,,,,c:\Users\LEGION\Documents\jupyter_notebook\Fashion-Intelligence-System\A2_FashionDataset\FashionDataset\test\images_test\56108.jpg
56109,,,,,c:\Users\LEGION\Documents\jupyter_notebook\Fashion-Intelligence-System\A2_FashionDataset\FashionDataset\test\images_test\56109.jpg
56110,,,,,c:\Users\LEGION\Documents\jupyter_notebook\Fashion-Intelligence-System\A2_FashionDataset\FashionDataset\test\images_test\56110.jpg
56111,,,,,c:\Users\LEGION\Documents\jupyter_notebook\Fashion-Intelligence-System\A2_FashionDataset\FashionDataset\test\images_test\56111.jpg
56112,,,,,c:\Users\LEGION\Documents\jupyter_notebook\Fashion-Intelligence-System\A2_FashionDataset\FashionDataset\test\images_test\56112.jpg
56113,,,,,c:\Users\LEGION\Documents\jupyter_notebook\Fashion-Intelligence-System\A2_FashionDataset\FashionDataset\test\images_test\56113.jpg
56114,,,,,c:\Users\LEGION\Documents\jupyter_notebook\Fashion-Intelligence-System\A2_FashionDataset\FashionDataset\test\images_test\56114.jpg
56115,,,,,c:\Users\LEGION\Documents\jupyter_notebook\Fashion-Intelligence-System\A2_FashionDataset\FashionDataset\test\images_test\56115.jpg
56116,,,,,c:\Users\LEGION\Documents\jupyter_notebook\Fashion-Intelligence-System\A2_FashionDataset\FashionDataset\test\images_test\56116.jpg
56117,,,,,c:\Users\LEGION\Documents\jupyter_notebook\Fashion-Intelligence-System\A2_FashionDataset\FashionDataset\test\images_test\56117.jpg
56118,,,,,c:\Users\LEGION\Documents\jupyter_notebook\Fashion-Intelligence-System\A2_FashionDataset\FashionDataset\test\images_test\56118.jpg
56119,,,,,c:\Users\LEGION\Documents\jupyter_notebook\Fashion-Intelligence-System\A2_FashionDataset\FashionDataset\test\images_test\56119.jpg
56120,,,,,c:\Users\LEGION\Documents\jupyter_notebook\Fashion-Intelligence-System\A2_FashionDataset\FashionDataset\test\images_test\56120.jpg
56121,,,,,c:\Users\LEGION\Documents\jupyter_notebook\Fashion-Intelligence-System\A2_FashionDataset\FashionDataset\test\images_test\56121.jpg
56122,,,,,c:\Users\LEGION\Documents\jupyter_notebook\Fashion-Intelligence-System\A2_FashionDataset\FashionDataset\test\images_test\56122.jpg
56123,,,,,c:\Users\LEGION\Documents\jupyter_notebook\Fashion-Intelligence-System\A2_FashionDataset\FashionDataset\test\images_test\56123.jpg
56124,,,,,c:\Users\LEGION\Documents\jupyter_notebook\Fashion-Intelligence-System\A2_FashionDataset\FashionDataset\test\images_test\56124.jpg
56125,,,,,c:\Users\LEGION\Documents\jupyter_notebook\Fashion-Intelligence-System\A2_FashionDataset\FashionDataset\test\images_test\56125.jpg
56126,,,,,c:\Users\LEGION\Documents\jupyter_notebook\Fashion-Intelligence-System\A2_FashionDataset\FashionDataset\test\images_test\56126.jpg
56127,,,,,c:\Users\LEGION\Documents\jupyter_notebook\Fashion-Intelligence-System\A2_FashionDataset\FashionDataset\test\images_test\56127.jpg
56128,,,,,c:\Users\LEGION\Documents\jupyter_notebook\Fashion-Intelligence-System\A2_FashionDataset\FashionDataset\test\images_test\56128.jpg
56129,,,,,c:\Users\LEGION\Documents\jupyter_notebook\Fashion-Intelligence-System\A2_FashionDataset\FashionDataset\test\images_test\56129.jpg
56133,,,,,c:\Users\LEGION\Documents\jupyter_notebook\Fashion-Intelligence-System\A2_FashionDataset\FashionDataset\test\images_test\56133.jpg
56134,,,,,c:\Users\LEGION\Documents\jupyter_notebook\Fashion-Intelligence-System\A2_FashionDataset\FashionDataset\test\images_test\56134.jpg
56135,,,,,c:\Users\LEGION\Documents\jupyter_notebook\Fashion-Intelligence-System\A2_FashionDataset\FashionDataset\test\images_test\56135.jpg
56136,,,,,c:\Users\LEGION\Documents\jupyter_notebook\Fashion-Intelligence-System\A2_FashionDataset\FashionDataset\test\images_test\56136.jpg
56137,,,,,c:\Users\LEGION\Documents\jupyter_notebook\Fashion-Intelligence-System\A2_FashionDataset\FashionDataset\test\images_test\56137.jpg
56138,,,,,c:\Users\LEGION\Documents\jupyter_notebook\Fashion-Intelligence-System\A2_FashionDataset\FashionDataset\test\images_test\56138.jpg
56139,,,,,c:\Users\LEGION\Documents\jupyter_notebook\Fashion-Intelligence-System\A2_FashionDataset\FashionDataset\test\images_test\56139.jpg
56140,,,,,c:\Users\LEGION\Documents\jupyter_notebook\Fashion-Intelligence-System\A2_FashionDataset\FashionDataset\test\images_test\56140.jpg
56141,,,,,c:\Users\LEGION\Documents\jupyter_notebook\Fashion-Intelligence-System\A2_FashionDataset\FashionDataset\test\images_test\56141.jpg
56142,,,,,c:\Users\LEGION\Documents\jupyter_notebook\Fashion-Intelligence-System\A2_FashionDataset\FashionDataset\test\images_test\56142.jpg
56143,,,,,c:\Users\LEGION\Documents\jupyter_notebook\Fashion-Intelligence-System\A2_FashionDataset\FashionDataset\test\images_test\56143.jpg
56144,,,,,c:\Users\LEGION\Documents\jupyter_notebook\Fashion-Intelligence-System\A2_FashionDataset\FashionDataset\test\images_test\56144.jpg
56145,,,,,c:\Users\LEGION\Documents\jupyter_notebook\Fashion-Intelligence-System\A2_FashionDataset\FashionDataset\test\images_test\56145.jpg
56146,,,,,c:\Users\LEGION\Documents\jupyter_notebook\Fashion-Intelligence-System\A2_FashionDataset\FashionDataset\test\images_test\56146.jpg
56147,,,,,c:\Users\LEGION\Documents\jupyter_notebook\Fashion-Intelligence-System\A2_FashionDataset\FashionDataset\test\images_test\56147.jpg
56148,,,,,c:\Users\LEGION\Documents\jupyter_notebook\Fashion-Intelligence-System\A2_FashionDataset\FashionDataset\test\images_test\56148.jpg
56149,,,,,c:\Users\LEGION\Documents\jupyter_notebook\Fashion-Intelligence-System\A2_FashionDataset\FashionDataset\test\images_test\56149.jpg
56150,,,,,c:\Users\LEGION\Documents\jupyter_notebook\Fashion-Intelligence-System\A2_FashionDataset\FashionDataset\test\images_test\56150.jpg
56151,,,,,c:\Users\LEGION\Documents\jupyter_notebook\Fashion-Intelligence-System\A2_FashionDataset\FashionDataset\test\images_test\56151.jpg
56152,,,,,c:\Users\LEGION\Documents\jupyter_notebook\Fashion-Intelligence-System\A2_FashionDataset\FashionDataset\test\images_test\56152.jpg
56153,,,,,c:\Users\LEGION\Documents\jupyter_notebook\Fashion-Intelligence-System\A2_FashionDataset\FashionDataset\test\images_test\56153.jpg
56154,,,,,c:\Users\LEGION\Documents\jupyter_notebook\Fashion-Intelligence-System\A2_FashionDataset\FashionDataset\test\images_test\56154.jpg
56155,,,,,c:\Users\LEGION\Documents\jupyter_notebook\Fashion-Intelligence-System\A2_FashionDataset\FashionDataset\test\images_test\56155.jpg
56156,,,,,c:\Users\LEGION\Documents\jupyter_notebook\Fashion-Intelligence-System\A2_FashionDataset\FashionDataset\test\images_test\56156.jpg
56157,,,,,c:\Users\LEGION\Documents\jupyter_notebook\Fashion-Intelligence-System\A2_FashionDataset\FashionDataset\test\images_test\56157.jpg
56158,,,,,c:\Users\LEGION\Documents\jupyter_notebook\Fashion-Intelligence-System\A2_FashionDataset\FashionDataset\test\images_test\56158.jpg
56159,,,,,c:\Users\LEGION\Documents\jupyter_notebook\Fashion-Intelligence-System\A2_FashionDataset\FashionDataset\test\images_test\56159.jpg
56160,,,,,c:\Users\LEGION\Documents\jupyter_notebook\Fashion-Intelligence-System\A2_FashionDataset\FashionDataset\test\images_test\56160.jpg
56161,,,,,c:\Users\LEGION\Documents\jupyter_notebook\Fashion-Intelligence-System\A2_FashionDataset\FashionDataset\test\images_test\56161.jpg
56162,,,,,c:\Users\LEGION\Documents\jupyter_notebook\Fashion-Intelligence-System\A2_FashionDataset\FashionDataset\test\images_test\56162.jpg
56164,,,,,c:\Users\LEGION\Documents\jupyter_notebook\Fashion-Intelligence-System\A2_FashionDataset\FashionDataset\test\images_test\56164.jpg
56165,,,,,c:\Users\LEGION\Documents\jupyter_notebook\Fashion-Intelligence-System\A2_FashionDataset\FashionDataset\test\images_test\56165.jpg
56166,,,,,c:\Users\LEGION\Documents\jupyter_notebook\Fashion-Intelligence-System\A2_FashionDataset\FashionDataset\test\images_test\56166.jpg
56167,,,,,c:\Users\LEGION\Documents\jupyter_notebook\Fashion-Intelligence-System\A2_FashionDataset\FashionDataset\test\images_test\56167.jpg
56168,,,,,c:\Users\LEGION\Documents\jupyter_notebook\Fashion-Intelligence-System\A2_FashionDataset\FashionDataset\test\images_test\56168.jpg
56170,,,,,c:\Users\LEGION\Documents\jupyter_notebook\Fashion-Intelligence-System\A2_FashionDataset\FashionDataset\test\images_test\56170.jpg
56171,,,,,c:\Users\LEGION\Documents\jupyter_notebook\Fashion-Intelligence-System\A2_FashionDataset\FashionDataset\test\images_test\56171.jpg
56172,,,,,c:\Users\LEGION\Documents\jupyter_notebook\Fashion-Intelligence-System\A2_FashionDataset\FashionDataset\test\images_test\56172.jpg
56173,,,,,c:\Users\LEGION\Documents\jupyter_notebook\Fashion-Intelligence-System\A2_FashionDataset\FashionDataset\test\images_test\56173.jpg
56174,,,,,c:\Users\LEGION\Documents\jupyter_notebook\Fashion-Intelligence-System\A2_FashionDataset\FashionDataset\test\images_test\56174.jpg
56175,,,,,c:\Users\LEGION\Documents\jupyter_notebook\Fashion-Intelligence-System\A2_FashionDataset\FashionDataset\test\images_test\56175.jpg
56176,,,,,c:\Users\LEGION\Documents\jupyter_notebook\Fashion-Intelligence-System\A2_FashionDataset\FashionDataset\test\images_test\56176.jpg
56177,,,,,c:\Users\LEGION\Documents\jupyter_notebook\Fashion-Intelligence-System\A2_FashionDataset\FashionDataset\test\images_test\56177.jpg
56178,,,,,c:\Users\LEGION\Documents\jupyter_notebook\Fashion-Intelligence-System\A2_FashionDataset\FashionDataset\test\images_test\56178.jpg
56179,,,,,c:\Users\LEGION\Documents\jupyter_notebook\Fashion-Intelligence-System\A2_FashionDataset\FashionDataset\test\images_test\56179.jpg
56180,,,,,c:\Users\LEGION\Documents\jupyter_notebook\Fashion-Intelligence-System\A2_FashionDataset\FashionDataset\test\images_test\56180.jpg
56181,,,,,c:\Users\LEGION\Documents\jupyter_notebook\Fashion-Intelligence-System\A2_FashionDataset\FashionDataset\test\images_test\56181.jpg
56182,,,,,c:\Users\LEGION\Documents\jupyter_notebook\Fashion-Intelligence-System\A2_FashionDataset\FashionDataset\test\images_test\56182.jpg
56183,,,,,c:\Users\LEGION\Documents\jupyter_notebook\Fashion-Intelligence-System\A2_FashionDataset\FashionDataset\test\images_test\56183.jpg
56184,,,,,c:\Users\LEGION\Documents\jupyter_notebook\Fashion-Intelligence-System\A2_FashionDataset\FashionDataset\test\images_test\56184.jpg
56185,,,,,c:\Users\LEGION\Documents\jupyter_notebook\Fashion-Intelligence-System\A2_FashionDataset\FashionDataset\test\images_test\56185.jpg
56186,,,,,c:\Users\LEGION\Documents\jupyter_notebook\Fashion-Intelligence-System\A2_FashionDataset\FashionDataset\test\images_test\56186.jpg
56187,,,,,c:\Users\LEGION\Documents\jupyter_notebook\Fashion-Intelligence-System\A2_FashionDataset\FashionDataset\test\images_test\56187.jpg
56188,,,,,c:\Users\LEGION\Documents\jupyter_notebook\Fashion-Intelligence-System\A2_FashionDataset\FashionDataset\test\images_test\56188.jpg
56189,,,,,c:\Users\LEGION\Documents\jupyter_notebook\Fashion-Intelligence-System\A2_FashionDataset\FashionDataset\test\images_test\56189.jpg
56190,,,,,c:\Users\LEGION\Documents\jupyter_notebook\Fashion-Intelligence-System\A2_FashionDataset\FashionDataset\test\images_test\56190.jpg
56191,,,,,c:\Users\LEGION\Documents\jupyter_notebook\Fashion-Intelligence-System\A2_FashionDataset\FashionDataset\test\images_test\56191.jpg
56192,,,,,c:\Users\LEGION\Documents\jupyter_notebook\Fashion-Intelligence-System\A2_FashionDataset\FashionDataset\test\images_test\56192.jpg
56193,,,,,c:\Users\LEGION\Documents\jupyter_notebook\Fashion-Intelligence-System\A2_FashionDataset\FashionDataset\test\images_test\56193.jpg
56194,,,,,c:\Users\LEGION\Documents\jupyter_notebook\Fashion-Intelligence-System\A2_FashionDataset\FashionDataset\test\images_test\56194.jpg
56195,,,,,c:\Users\LEGION\Documents\jupyter_notebook\Fashion-Intelligence-System\A2_FashionDataset\FashionDataset\test\images_test\56195.jpg
56196,,,,,c:\Users\LEGION\Documents\jupyter_notebook\Fashion-Intelligence-System\A2_FashionDataset\FashionDataset\test\images_test\56196.jpg
56198,,,,,c:\Users\LEGION\Documents\jupyter_notebook\Fashion-Intelligence-System\A2_FashionDataset\FashionDataset\test\images_test\56198.jpg
56199,,,,,c:\Users\LEGION\Documents\jupyter_notebook\Fashion-Intelligence-System\A2_FashionDataset\FashionDataset\test\images_test\56199.jpg
56201,,,,,c:\Users\LEGION\Documents\jupyter_notebook\Fashion-Intelligence-System\A2_FashionDataset\FashionDataset\test\images_test\56201.jpg
56202,,,,,c:\Users\LEGION\Documents\jupyter_notebook\Fashion-Intelligence-System\A2_FashionDataset\FashionDataset\test\images_test\56202.jpg
56203,,,,,c:\Users\LEGION\Documents\jupyter_notebook\Fashion-Intelligence-System\A2_FashionDataset\FashionDataset\test\images_test\56203.jpg
56205,,,,,c:\Users\LEGION\Documents\jupyter_notebook\Fashion-Intelligence-System\A2_FashionDataset\FashionDataset\test\images_test\56205.jpg
56206,,,,,c:\Users\LEGION\Documents\jupyter_notebook\Fashion-Intelligence-System\A2_FashionDataset\FashionDataset\test\images_test\56206.jpg
56207,,,,,c:\Users\LEGION\Documents\jupyter_notebook\Fashion-Intelligence-System\A2_FashionDataset\FashionDataset\test\images_test\56207.jpg
56208,,,,,c:\Users\LEGION\Documents\jupyter_notebook\Fashion-Intelligence-System\A2_FashionDataset\FashionDataset\test\images_test\56208.jpg
56209,,,,,c:\Users\LEGION\Documents\jupyter_notebook\Fashion-Intelligence-System\A2_FashionDataset\FashionDataset\test\images_test\56209.jpg
56210,,,,,c:\Users\LEGION\Documents\jupyter_notebook\Fashion-Intelligence-System\A2_FashionDataset\FashionDataset\test\images_test\56210.jpg
56211,,,,,c:\Users\LEGION\Documents\jupyter_notebook\Fashion-Intelligence-System\A2_FashionDataset\FashionDataset\test\images_test\56211.jpg
56212,,,,,c:\Users\LEGION\Documents\jupyter_notebook\Fashion-Intelligence-System\A2_FashionDataset\FashionDataset\test\images_test\56212.jpg
56213,,,,,c:\Users\LEGION\Documents\jupyter_notebook\Fashion-Intelligence-System\A2_FashionDataset\FashionDataset\test\images_test\56213.jpg
56214,,,,,c:\Users\LEGION\Documents\jupyter_notebook\Fashion-Intelligence-System\A2_FashionDataset\FashionDataset\test\images_test\56214.jpg
56215,,,,,c:\Users\LEGION\Documents\jupyter_notebook\Fashion-Intelligence-System\A2_FashionDataset\FashionDataset\test\images_test\56215.jpg
56216,,,,,c:\Users\LEGION\Documents\jupyter_notebook\Fashion-Intelligence-System\A2_FashionDataset\FashionDataset\test\images_test\56216.jpg
56217,,,,,c:\Users\LEGION\Documents\jupyter_notebook\Fashion-Intelligence-System\A2_FashionDataset\FashionDataset\test\images_test\56217.jpg
56218,,,,,c:\Users\LEGION\Documents\jupyter_notebook\Fashion-Intelligence-System\A2_FashionDataset\FashionDataset\test\images_test\56218.jpg
56219,,,,,c:\Users\LEGION\Documents\jupyter_notebook\Fashion-Intelligence-System\A2_FashionDataset\FashionDataset\test\images_test\56219.jpg
56220,,,,,c:\Users\LEGION\Documents\jupyter_notebook\Fashion-Intelligence-System\A2_FashionDataset\FashionDataset\test\images_test\56220.jpg
56221,,,,,c:\Users\LEGION\Documents\jupyter_notebook\Fashion-Intelligence-System\A2_FashionDataset\FashionDataset\test\images_test\56221.jpg
56222,,,,,c:\Users\LEGION\Documents\jupyter_notebook\Fashion-Intelligence-System\A2_FashionDataset\FashionDataset\test\images_test\56222.jpg
56223,,,,,c:\Users\LEGION\Documents\jupyter_notebook\Fashion-Intelligence-System\A2_FashionDataset\FashionDataset\test\images_test\56223.jpg
56224,,,,,c:\Users\LEGION\Documents\jupyter_notebook\Fashion-Intelligence-System\A2_FashionDataset\FashionDataset\test\images_test\56224.jpg
56225,,,,,c:\Users\LEGION\Documents\jupyter_notebook\Fashion-Intelligence-System\A2_FashionDataset\FashionDataset\test\images_test\56225.jpg
56226,,,,,c:\Users\LEGION\Documents\jupyter_notebook\Fashion-Intelligence-System\A2_FashionDataset\FashionDataset\test\images_test\56226.jpg
56227,,,,,c:\Users\LEGION\Documents\jupyter_notebook\Fashion-Intelligence-System\A2_FashionDataset\FashionDataset\test\images_test\56227.jpg
56228,,,,,c:\Users\LEGION\Documents\jupyter_notebook\Fashion-Intelligence-System\A2_FashionDataset\FashionDataset\test\images_test\56228.jpg
56229,,,,,c:\Users\LEGION\Documents\jupyter_notebook\Fashion-Intelligence-System\A2_FashionDataset\FashionDataset\test\images_test\56229.jpg
56230,,,,,c:\Users\LEGION\Documents\jupyter_notebook\Fashion-Intelligence-System\A2_FashionDataset\FashionDataset\test\images_test\56230.jpg
56231,,,,,c:\Users\LEGION\Documents\jupyter_notebook\Fashion-Intelligence-System\A2_FashionDataset\FashionDataset\test\images_test\56231.jpg
56232,,,,,c:\Users\LEGION\Documents\jupyter_notebook\Fashion-Intelligence-System\A2_FashionDataset\FashionDataset\test\images_test\56232.jpg
56233,,,,,c:\Users\LEGION\Documents\jupyter_notebook\Fashion-Intelligence-System\A2_FashionDataset\FashionDataset\test\images_test\56233.jpg
56234,,,,,c:\Users\LEGION\Documents\jupyter_notebook\Fashion-Intelligence-System\A2_FashionDataset\FashionDataset\test\images_test\56234.jpg
56235,,,,,c:\Users\LEGION\Documents\jupyter_notebook\Fashion-Intelligence-System\A2_FashionDataset\FashionDataset\test\images_test\56235.jpg
56236,,,,,c:\Users\LEGION\Documents\jupyter_notebook\Fashion-Intelligence-System\A2_FashionDataset\FashionDataset\test\images_test\56236.jpg
56237,,,,,c:\Users\LEGION\Documents\jupyter_notebook\Fashion-Intelligence-System\A2_FashionDataset\FashionDataset\test\images_test\56237.jpg
56238,,,,,c:\Users\LEGION\Documents\jupyter_notebook\Fashion-Intelligence-System\A2_FashionDataset\FashionDataset\test\images_test\56238.jpg
56239,,,,,c:\Users\LEGION\Documents\jupyter_notebook\Fashion-Intelligence-System\A2_FashionDataset\FashionDataset\test\images_test\56239.jpg
56240,,,,,c:\Users\LEGION\Documents\jupyter_notebook\Fashion-Intelligence-System\A2_FashionDataset\FashionDataset\test\images_test\56240.jpg
56241,,,,,c:\Users\LEGION\Documents\jupyter_notebook\Fashion-Intelligence-System\A2_FashionDataset\FashionDataset\test\images_test\56241.jpg
56243,,,,,c:\Users\LEGION\Documents\jupyter_notebook\Fashion-Intelligence-System\A2_FashionDataset\FashionDataset\test\images_test\56243.jpg
56244,,,,,c:\Users\LEGION\Documents\jupyter_notebook\Fashion-Intelligence-System\A2_FashionDataset\FashionDataset\test\images_test\56244.jpg
56245,,,,,c:\Users\LEGION\Documents\jupyter_notebook\Fashion-Intelligence-System\A2_FashionDataset\FashionDataset\test\images_test\56245.jpg
56247,,,,,c:\Users\LEGION\Documents\jupyter_notebook\Fashion-Intelligence-System\A2_FashionDataset\FashionDataset\test\images_test\56247.jpg
56248,,,,,c:\Users\LEGION\Documents\jupyter_notebook\Fashion-Intelligence-System\A2_FashionDataset\FashionDataset\test\images_test\56248.jpg
56249,,,,,c:\Users\LEGION\Documents\jupyter_notebook\Fashion-Intelligence-System\A2_FashionDataset\FashionDataset\test\images_test\56249.jpg
56250,,,,,c:\Users\LEGION\Documents\jupyter_notebook\Fashion-Intelligence-System\A2_FashionDataset\FashionDataset\test\images_test\56250.jpg
56251,,,,,c:\Users\LEGION\Documents\jupyter_notebook\Fashion-Intelligence-System\A2_FashionDataset\FashionDataset\test\images_test\56251.jpg
56252,,,,,c:\Users\LEGION\Documents\jupyter_notebook\Fashion-Intelligence-System\A2_FashionDataset\FashionDataset\test\images_test\56252.jpg
56253,,,,,c:\Users\LEGION\Documents\jupyter_notebook\Fashion-Intelligence-System\A2_FashionDataset\FashionDataset\test\images_test\56253.jpg
56254,,,,,c:\Users\LEGION\Documents\jupyter_notebook\Fashion-Intelligence-System\A2_FashionDataset\FashionDataset\test\images_test\56254.jpg
56255,,,,,c:\Users\LEGION\Documents\jupyter_notebook\Fashion-Intelligence-System\A2_FashionDataset\FashionDataset\test\images_test\56255.jpg
56256,,,,,c:\Users\LEGION\Documents\jupyter_notebook\Fashion-Intelligence-System\A2_FashionDataset\FashionDataset\test\images_test\56256.jpg
56257,,,,,c:\Users\LEGION\Documents\jupyter_notebook\Fashion-Intelligence-System\A2_FashionDataset\FashionDataset\test\images_test\56257.jpg
56258,,,,,c:\Users\LEGION\Documents\jupyter_notebook\Fashion-Intelligence-System\A2_FashionDataset\FashionDataset\test\images_test\56258.jpg
56260,,,,,c:\Users\LEGION\Documents\jupyter_notebook\Fashion-Intelligence-System\A2_FashionDataset\FashionDataset\test\images_test\56260.jpg
56261,,,,,c:\Users\LEGION\Documents\jupyter_notebook\Fashion-Intelligence-System\A2_FashionDataset\FashionDataset\test\images_test\56261.jpg
56262,,,,,c:\Users\LEGION\Documents\jupyter_notebook\Fashion-Intelligence-System\A2_FashionDataset\FashionDataset\test\images_test\56262.jpg
56263,,,,,c:\Users\LEGION\Documents\jupyter_notebook\Fashion-Intelligence-System\A2_FashionDataset\FashionDataset\test\images_test\56263.jpg
56265,,,,,c:\Users\LEGION\Documents\jupyter_notebook\Fashion-Intelligence-System\A2_FashionDataset\FashionDataset\test\images_test\56265.jpg
56266,,,,,c:\Users\LEGION\Documents\jupyter_notebook\Fashion-Intelligence-System\A2_FashionDataset\FashionDataset\test\images_test\56266.jpg
56267,,,,,c:\Users\LEGION\Documents\jupyter_notebook\Fashion-Intelligence-System\A2_FashionDataset\FashionDataset\test\images_test\56267.jpg
56268,,,,,c:\Users\LEGION\Documents\jupyter_notebook\Fashion-Intelligence-System\A2_FashionDataset\FashionDataset\test\images_test\56268.jpg
56269,,,,,c:\Users\LEGION\Documents\jupyter_notebook\Fashion-Intelligence-System\A2_FashionDataset\FashionDataset\test\images_test\56269.jpg
56270,,,,,c:\Users\LEGION\Documents\jupyter_notebook\Fashion-Intelligence-System\A2_FashionDataset\FashionDataset\test\images_test\56270.jpg
56271,,,,,c:\Users\LEGION\Documents\jupyter_notebook\Fashion-Intelligence-System\A2_FashionDataset\FashionDataset\test\images_test\56271.jpg
56272,,,,,c:\Users\LEGION\Documents\jupyter_notebook\Fashion-Intelligence-System\A2_FashionDataset\FashionDataset\test\images_test\56272.jpg
56273,,,,,c:\Users\LEGION\Documents\jupyter_notebook\Fashion-Intelligence-System\A2_FashionDataset\FashionDataset\test\images_test\56273.jpg
56274,,,,,c:\Users\LEGION\Documents\jupyter_notebook\Fashion-Intelligence-System\A2_FashionDataset\FashionDataset\test\images_test\56274.jpg
56275,,,,,c:\Users\LEGION\Documents\jupyter_notebook\Fashion-Intelligence-System\A2_FashionDataset\FashionDataset\test\images_test\56275.jpg
56276,,,,,c:\Users\LEGION\Documents\jupyter_notebook\Fashion-Intelligence-System\A2_FashionDataset\FashionDataset\test\images_test\56276.jpg
56277,,,,,c:\Users\LEGION\Documents\jupyter_notebook\Fashion-Intelligence-System\A2_FashionDataset\FashionDataset\test\images_test\56277.jpg
56278,,,,,c:\Users\LEGION\Documents\jupyter_notebook\Fashion-Intelligence-System\A2_FashionDataset\FashionDataset\test\images_test\56278.jpg
56279,,,,,c:\Users\LEGION\Documents\jupyter_notebook\Fashion-Intelligence-System\A2_FashionDataset\FashionDataset\test\images_test\56279.jpg
56280,,,,,c:\Users\LEGION\Documents\jupyter_notebook\Fashion-Intelligence-System\A2_FashionDataset\FashionDataset\test\images_test\56280.jpg
56281,,,,,c:\Users\LEGION\Documents\jupyter_notebook\Fashion-Intelligence-System\A2_FashionDataset\FashionDataset\test\images_test\56281.jpg
56282,,,,,c:\Users\LEGION\Documents\jupyter_notebook\Fashion-Intelligence-System\A2_FashionDataset\FashionDataset\test\images_test\56282.jpg
56283,,,,,c:\Users\LEGION\Documents\jupyter_notebook\Fashion-Intelligence-System\A2_FashionDataset\FashionDataset\test\images_test\56283.jpg
56284,,,,,c:\Users\LEGION\Documents\jupyter_notebook\Fashion-Intelligence-System\A2_FashionDataset\FashionDataset\test\images_test\56284.jpg
56285,,,,,c:\Users\LEGION\Documents\jupyter_notebook\Fashion-Intelligence-System\A2_FashionDataset\FashionDataset\test\images_test\56285.jpg
56286,,,,,c:\Users\LEGION\Documents\jupyter_notebook\Fashion-Intelligence-System\A2_FashionDataset\FashionDataset\test\images_test\56286.jpg
56287,,,,,c:\Users\LEGION\Documents\jupyter_notebook\Fashion-Intelligence-System\A2_FashionDataset\FashionDataset\test\images_test\56287.jpg
56288,,,,,c:\Users\LEGION\Documents\jupyter_notebook\Fashion-Intelligence-System\A2_FashionDataset\FashionDataset\test\images_test\56288.jpg
56289,,,,,c:\Users\LEGION\Documents\jupyter_notebook\Fashion-Intelligence-System\A2_FashionDataset\FashionDataset\test\images_test\56289.jpg
56290,,,,,c:\Users\LEGION\Documents\jupyter_notebook\Fashion-Intelligence-System\A2_FashionDataset\FashionDataset\test\images_test\56290.jpg
56291,,,,,c:\Users\LEGION\Documents\jupyter_notebook\Fashion-Intelligence-System\A2_FashionDataset\FashionDataset\test\images_test\56291.jpg
56292,,,,,c:\Users\LEGION\Documents\jupyter_notebook\Fashion-Intelligence-System\A2_FashionDataset\FashionDataset\test\images_test\56292.jpg
56293,,,,,c:\Users\LEGION\Documents\jupyter_notebook\Fashion-Intelligence-System\A2_FashionDataset\FashionDataset\test\images_test\56293.jpg
56294,,,,,c:\Users\LEGION\Documents\jupyter_notebook\Fashion-Intelligence-System\A2_FashionDataset\FashionDataset\test\images_test\56294.jpg
56295,,,,,c:\Users\LEGION\Documents\jupyter_notebook\Fashion-Intelligence-System\A2_FashionDataset\FashionDataset\test\images_test\56295.jpg
56296,,,,,c:\Users\LEGION\Documents\jupyter_notebook\Fashion-Intelligence-System\A2_FashionDataset\FashionDataset\test\images_test\56296.jpg
56297,,,,,c:\Users\LEGION\Documents\jupyter_notebook\Fashion-Intelligence-System\A2_FashionDataset\FashionDataset\test\images_test\56297.jpg
56298,,,,,c:\Users\LEGION\Documents\jupyter_notebook\Fashion-Intelligence-System\A2_FashionDataset\FashionDataset\test\images_test\56298.jpg
56299,,,,,c:\Users\LEGION\Documents\jupyter_notebook\Fashion-Intelligence-System\A2_FashionDataset\FashionDataset\test\images_test\56299.jpg
56300,,,,,c:\Users\LEGION\Documents\jupyter_notebook\Fashion-Intelligence-System\A2_FashionDataset\FashionDataset\test\images_test\56300.jpg
56301,,,,,c:\Users\LEGION\Documents\jupyter_notebook\Fashion-Intelligence-System\A2_FashionDataset\FashionDataset\test\images_test\56301.jpg
56302,,,,,c:\Users\LEGION\Documents\jupyter_notebook\Fashion-Intelligence-System\A2_FashionDataset\FashionDataset\test\images_test\56302.jpg
56303,,,,,c:\Users\LEGION\Documents\jupyter_notebook\Fashion-Intelligence-System\A2_FashionDataset\FashionDataset\test\images_test\56303.jpg
56304,,,,,c:\Users\LEGION\Documents\jupyter_notebook\Fashion-Intelligence-System\A2_FashionDataset\FashionDataset\test\images_test\56304.jpg
56305,,,,,c:\Users\LEGION\Documents\jupyter_notebook\Fashion-Intelligence-System\A2_FashionDataset\FashionDataset\test\images_test\56305.jpg
56306,,,,,c:\Users\LEGION\Documents\jupyter_notebook\Fashion-Intelligence-System\A2_FashionDataset\FashionDataset\test\images_test\56306.jpg
56307,,,,,c:\Users\LEGION\Documents\jupyter_notebook\Fashion-Intelligence-System\A2_FashionDataset\FashionDataset\test\images_test\56307.jpg
56308,,,,,c:\Users\LEGION\Documents\jupyter_notebook\Fashion-Intelligence-System\A2_FashionDataset\FashionDataset\test\images_test\56308.jpg
56309,,,,,c:\Users\LEGION\Documents\jupyter_notebook\Fashion-Intelligence-System\A2_FashionDataset\FashionDataset\test\images_test\56309.jpg
56310,,,,,c:\Users\LEGION\Documents\jupyter_notebook\Fashion-Intelligence-System\A2_FashionDataset\FashionDataset\test\images_test\56310.jpg
56311,,,,,c:\Users\LEGION\Documents\jupyter_notebook\Fashion-Intelligence-System\A2_FashionDataset\FashionDataset\test\images_test\56311.jpg
56312,,,,,c:\Users\LEGION\Documents\jupyter_notebook\Fashion-Intelligence-System\A2_FashionDataset\FashionDataset\test\images_test\56312.jpg
56313,,,,,c:\Users\LEGION\Documents\jupyter_notebook\Fashion-Intelligence-System\A2_FashionDataset\FashionDataset\test\images_test\56313.jpg
56314,,,,,c:\Users\LEGION\Documents\jupyter_notebook\Fashion-Intelligence-System\A2_FashionDataset\FashionDataset\test\images_test\56314.jpg
56315,,,,,c:\Users\LEGION\Documents\jupyter_notebook\Fashion-Intelligence-System\A2_FashionDataset\FashionDataset\test\images_test\56315.jpg
56316,,,,,c:\Users\LEGION\Documents\jupyter_notebook\Fashion-Intelligence-System\A2_FashionDataset\FashionDataset\test\images_test\56316.jpg
56317,,,,,c:\Users\LEGION\Documents\jupyter_notebook\Fashion-Intelligence-System\A2_FashionDataset\FashionDataset\test\images_test\56317.jpg
56318,,,,,c:\Users\LEGION\Documents\jupyter_notebook\Fashion-Intelligence-System\A2_FashionDataset\FashionDataset\test\images_test\56318.jpg
56319,,,,,c:\Users\LEGION\Documents\jupyter_notebook\Fashion-Intelligence-System\A2_FashionDataset\FashionDataset\test\images_test\56319.jpg
56320,,,,,c:\Users\LEGION\Documents\jupyter_notebook\Fashion-Intelligence-System\A2_FashionDataset\FashionDataset\test\images_test\56320.jpg
56321,,,,,c:\Users\LEGION\Documents\jupyter_notebook\Fashion-Intelligence-System\A2_FashionDataset\FashionDataset\test\images_test\56321.jpg
56322,,,,,c:\Users\LEGION\Documents\jupyter_notebook\Fashion-Intelligence-System\A2_FashionDataset\FashionDataset\test\images_test\56322.jpg
56323,,,,,c:\Users\LEGION\Documents\jupyter_notebook\Fashion-Intelligence-System\A2_FashionDataset\FashionDataset\test\images_test\56323.jpg
56324,,,,,c:\Users\LEGION\Documents\jupyter_notebook\Fashion-Intelligence-System\A2_FashionDataset\FashionDataset\test\images_test\56324.jpg
56326,,,,,c:\Users\LEGION\Documents\jupyter_notebook\Fashion-Intelligence-System\A2_FashionDataset\FashionDataset\test\images_test\56326.jpg
56327,,,,,c:\Users\LEGION\Documents\jupyter_notebook\Fashion-Intelligence-System\A2_FashionDataset\FashionDataset\test\images_test\56327.jpg
56329,,,,,c:\Users\LEGION\Documents\jupyter_notebook\Fashion-Intelligence-System\A2_FashionDataset\FashionDataset\test\images_test\56329.jpg
56330,,,,,c:\Users\LEGION\Documents\jupyter_notebook\Fashion-Intelligence-System\A2_FashionDataset\FashionDataset\test\images_test\56330.jpg
56331,,,,,c:\Users\LEGION\Documents\jupyter_notebook\Fashion-Intelligence-System\A2_FashionDataset\FashionDataset\test\images_test\56331.jpg
56332,,,,,c:\Users\LEGION\Documents\jupyter_notebook\Fashion-Intelligence-System\A2_FashionDataset\FashionDataset\test\images_test\56332.jpg
56333,,,,,c:\Users\LEGION\Documents\jupyter_notebook\Fashion-Intelligence-System\A2_FashionDataset\FashionDataset\test\images_test\56333.jpg
56335,,,,,c:\Users\LEGION\Documents\jupyter_notebook\Fashion-Intelligence-System\A2_FashionDataset\FashionDataset\test\images_test\56335.jpg
56336,,,,,c:\Users\LEGION\Documents\jupyter_notebook\Fashion-Intelligence-System\A2_FashionDataset\FashionDataset\test\images_test\56336.jpg
56337,,,,,c:\Users\LEGION\Documents\jupyter_notebook\Fashion-Intelligence-System\A2_FashionDataset\FashionDataset\test\images_test\56337.jpg
56338,,,,,c:\Users\LEGION\Documents\jupyter_notebook\Fashion-Intelligence-System\A2_FashionDataset\FashionDataset\test\images_test\56338.jpg
56339,,,,,c:\Users\LEGION\Documents\jupyter_notebook\Fashion-Intelligence-System\A2_FashionDataset\FashionDataset\test\images_test\56339.jpg
56340,,,,,c:\Users\LEGION\Documents\jupyter_notebook\Fashion-Intelligence-System\A2_FashionDataset\FashionDataset\test\images_test\56340.jpg
56341,,,,,c:\Users\LEGION\Documents\jupyter_notebook\Fashion-Intelligence-System\A2_FashionDataset\FashionDataset\test\images_test\56341.jpg
56342,,,,,c:\Users\LEGION\Documents\jupyter_notebook\Fashion-Intelligence-System\A2_FashionDataset\FashionDataset\test\images_test\56342.jpg
56343,,,,,c:\Users\LEGION\Documents\jupyter_notebook\Fashion-Intelligence-System\A2_FashionDataset\FashionDataset\test\images_test\56343.jpg
56344,,,,,c:\Users\LEGION\Documents\jupyter_notebook\Fashion-Intelligence-System\A2_FashionDataset\FashionDataset\test\images_test\56344.jpg
56346,,,,,c:\Users\LEGION\Documents\jupyter_notebook\Fashion-Intelligence-System\A2_FashionDataset\FashionDataset\test\images_test\56346.jpg
56348,,,,,c:\Users\LEGION\Documents\jupyter_notebook\Fashion-Intelligence-System\A2_FashionDataset\FashionDataset\test\images_test\56348.jpg
56349,,,,,c:\Users\LEGION\Documents\jupyter_notebook\Fashion-Intelligence-System\A2_FashionDataset\FashionDataset\test\images_test\56349.jpg
56351,,,,,c:\Users\LEGION\Documents\jupyter_notebook\Fashion-Intelligence-System\A2_FashionDataset\FashionDataset\test\images_test\56351.jpg
56352,,,,,c:\Users\LEGION\Documents\jupyter_notebook\Fashion-Intelligence-System\A2_FashionDataset\FashionDataset\test\images_test\56352.jpg
56353,,,,,c:\Users\LEGION\Documents\jupyter_notebook\Fashion-Intelligence-System\A2_FashionDataset\FashionDataset\test\images_test\56353.jpg
56354,,,,,c:\Users\LEGION\Documents\jupyter_notebook\Fashion-Intelligence-System\A2_FashionDataset\FashionDataset\test\images_test\56354.jpg
56355,,,,,c:\Users\LEGION\Documents\jupyter_notebook\Fashion-Intelligence-System\A2_FashionDataset\FashionDataset\test\images_test\56355.jpg
56356,,,,,c:\Users\LEGION\Documents\jupyter_notebook\Fashion-Intelligence-System\A2_FashionDataset\FashionDataset\test\images_test\56356.jpg
56359,,,,,c:\Users\LEGION\Documents\jupyter_notebook\Fashion-Intelligence-System\A2_FashionDataset\FashionDataset\test\images_test\56359.jpg
56360,,,,,c:\Users\LEGION\Documents\jupyter_notebook\Fashion-Intelligence-System\A2_FashionDataset\FashionDataset\test\images_test\56360.jpg
56361,,,,,c:\Users\LEGION\Documents\jupyter_notebook\Fashion-Intelligence-System\A2_FashionDataset\FashionDataset\test\images_test\56361.jpg
56362,,,,,c:\Users\LEGION\Documents\jupyter_notebook\Fashion-Intelligence-System\A2_FashionDataset\FashionDataset\test\images_test\56362.jpg
56363,,,,,c:\Users\LEGION\Documents\jupyter_notebook\Fashion-Intelligence-System\A2_FashionDataset\FashionDataset\test\images_test\56363.jpg
56364,,,,,c:\Users\LEGION\Documents\jupyter_notebook\Fashion-Intelligence-System\A2_FashionDataset\FashionDataset\test\images_test\56364.jpg
56365,,,,,c:\Users\LEGION\Documents\jupyter_notebook\Fashion-Intelligence-System\A2_FashionDataset\FashionDataset\test\images_test\56365.jpg
56366,,,,,c:\Users\LEGION\Documents\jupyter_notebook\Fashion-Intelligence-System\A2_FashionDataset\FashionDataset\test\images_test\56366.jpg
56367,,,,,c:\Users\LEGION\Documents\jupyter_notebook\Fashion-Intelligence-System\A2_FashionDataset\FashionDataset\test\images_test\56367.jpg
56368,,,,,c:\Users\LEGION\Documents\jupyter_notebook\Fashion-Intelligence-System\A2_FashionDataset\FashionDataset\test\images_test\56368.jpg
56375,,,,,c:\Users\LEGION\Documents\jupyter_notebook\Fashion-Intelligence-System\A2_FashionDataset\FashionDataset\test\images_test\56375.jpg
56376,,,,,c:\Users\LEGION\Documents\jupyter_notebook\Fashion-Intelligence-System\A2_FashionDataset\FashionDataset\test\images_test\56376.jpg
56377,,,,,c:\Users\LEGION\Documents\jupyter_notebook\Fashion-Intelligence-System\A2_FashionDataset\FashionDataset\test\images_test\56377.jpg
56378,,,,,c:\Users\LEGION\Documents\jupyter_notebook\Fashion-Intelligence-System\A2_FashionDataset\FashionDataset\test\images_test\56378.jpg
56379,,,,,c:\Users\LEGION\Documents\jupyter_notebook\Fashion-Intelligence-System\A2_FashionDataset\FashionDataset\test\images_test\56379.jpg
56380,,,,,c:\Users\LEGION\Documents\jupyter_notebook\Fashion-Intelligence-System\A2_FashionDataset\FashionDataset\test\images_test\56380.jpg
56381,,,,,c:\Users\LEGION\Documents\jupyter_notebook\Fashion-Intelligence-System\A2_FashionDataset\FashionDataset\test\images_test\56381.jpg
56385,,,,,c:\Users\LEGION\Documents\jupyter_notebook\Fashion-Intelligence-System\A2_FashionDataset\FashionDataset\test\images_test\56385.jpg
56386,,,,,c:\Users\LEGION\Documents\jupyter_notebook\Fashion-Intelligence-System\A2_FashionDataset\FashionDataset\test\images_test\56386.jpg
56388,,,,,c:\Users\LEGION\Documents\jupyter_notebook\Fashion-Intelligence-System\A2_FashionDataset\FashionDataset\test\images_test\56388.jpg
56389,,,,,c:\Users\LEGION\Documents\jupyter_notebook\Fashion-Intelligence-System\A2_FashionDataset\FashionDataset\test\images_test\56389.jpg
56390,,,,,c:\Users\LEGION\Documents\jupyter_notebook\Fashion-Intelligence-System\A2_FashionDataset\FashionDataset\test\images_test\56390.jpg
56391,,,,,c:\Users\LEGION\Documents\jupyter_notebook\Fashion-Intelligence-System\A2_FashionDataset\FashionDataset\test\images_test\56391.jpg
56392,,,,,c:\Users\LEGION\Documents\jupyter_notebook\Fashion-Intelligence-System\A2_FashionDataset\FashionDataset\test\images_test\56392.jpg
56393,,,,,c:\Users\LEGION\Documents\jupyter_notebook\Fashion-Intelligence-System\A2_FashionDataset\FashionDataset\test\images_test\56393.jpg
56394,,,,,c:\Users\LEGION\Documents\jupyter_notebook\Fashion-Intelligence-System\A2_FashionDataset\FashionDataset\test\images_test\56394.jpg
56395,,,,,c:\Users\LEGION\Documents\jupyter_notebook\Fashion-Intelligence-System\A2_FashionDataset\FashionDataset\test\images_test\56395.jpg
56402,,,,,c:\Users\LEGION\Documents\jupyter_notebook\Fashion-Intelligence-System\A2_FashionDataset\FashionDataset\test\images_test\56402.jpg
56403,,,,,c:\Users\LEGION\Documents\jupyter_notebook\Fashion-Intelligence-System\A2_FashionDataset\FashionDataset\test\images_test\56403.jpg
56404,,,,,c:\Users\LEGION\Documents\jupyter_notebook\Fashion-Intelligence-System\A2_FashionDataset\FashionDataset\test\images_test\56404.jpg
56405,,,,,c:\Users\LEGION\Documents\jupyter_notebook\Fashion-Intelligence-System\A2_FashionDataset\FashionDataset\test\images_test\56405.jpg
56406,,,,,c:\Users\LEGION\Documents\jupyter_notebook\Fashion-Intelligence-System\A2_FashionDataset\FashionDataset\test\images_test\56406.jpg
56407,,,,,c:\Users\LEGION\Documents\jupyter_notebook\Fashion-Intelligence-System\A2_FashionDataset\FashionDataset\test\images_test\56407.jpg
56410,,,,,c:\Users\LEGION\Documents\jupyter_notebook\Fashion-Intelligence-System\A2_FashionDataset\FashionDataset\test\images_test\56410.jpg
56411,,,,,c:\Users\LEGION\Documents\jupyter_notebook\Fashion-Intelligence-System\A2_FashionDataset\FashionDataset\test\images_test\56411.jpg
56412,,,,,c:\Users\LEGION\Documents\jupyter_notebook\Fashion-Intelligence-System\A2_FashionDataset\FashionDataset\test\images_test\56412.jpg
56413,,,,,c:\Users\LEGION\Documents\jupyter_notebook\Fashion-Intelligence-System\A2_FashionDataset\FashionDataset\test\images_test\56413.jpg
56414,,,,,c:\Users\LEGION\Documents\jupyter_notebook\Fashion-Intelligence-System\A2_FashionDataset\FashionDataset\test\images_test\56414.jpg
56415,,,,,c:\Users\LEGION\Documents\jupyter_notebook\Fashion-Intelligence-System\A2_FashionDataset\FashionDataset\test\images_test\56415.jpg
56416,,,,,c:\Users\LEGION\Documents\jupyter_notebook\Fashion-Intelligence-System\A2_FashionDataset\FashionDataset\test\images_test\56416.jpg
56417,,,,,c:\Users\LEGION\Documents\jupyter_notebook\Fashion-Intelligence-System\A2_FashionDataset\FashionDataset\test\images_test\56417.jpg
56418,,,,,c:\Users\LEGION\Documents\jupyter_notebook\Fashion-Intelligence-System\A2_FashionDataset\FashionDataset\test\images_test\56418.jpg
56419,,,,,c:\Users\LEGION\Documents\jupyter_notebook\Fashion-Intelligence-System\A2_FashionDataset\FashionDataset\test\images_test\56419.jpg
56420,,,,,c:\Users\LEGION\Documents\jupyter_notebook\Fashion-Intelligence-System\A2_FashionDataset\FashionDataset\test\images_test\56420.jpg
56421,,,,,c:\Users\LEGION\Documents\jupyter_notebook\Fashion-Intelligence-System\A2_FashionDataset\FashionDataset\test\images_test\56421.jpg
56422,,,,,c:\Users\LEGION\Documents\jupyter_notebook\Fashion-Intelligence-System\A2_FashionDataset\FashionDataset\test\images_test\56422.jpg
56423,,,,,c:\Users\LEGION\Documents\jupyter_notebook\Fashion-Intelligence-System\A2_FashionDataset\FashionDataset\test\images_test\56423.jpg
56424,,,,,c:\Users\LEGION\Documents\jupyter_notebook\Fashion-Intelligence-System\A2_FashionDataset\FashionDataset\test\images_test\56424.jpg
56425,,,,,c:\Users\LEGION\Documents\jupyter_notebook\Fashion-Intelligence-System\A2_FashionDataset\FashionDataset\test\images_test\56425.jpg
56427,,,,,c:\Users\LEGION\Documents\jupyter_notebook\Fashion-Intelligence-System\A2_FashionDataset\FashionDataset\test\images_test\56427.jpg
56428,,,,,c:\Users\LEGION\Documents\jupyter_notebook\Fashion-Intelligence-System\A2_FashionDataset\FashionDataset\test\images_test\56428.jpg
56429,,,,,c:\Users\LEGION\Documents\jupyter_notebook\Fashion-Intelligence-System\A2_FashionDataset\FashionDataset\test\images_test\56429.jpg
56432,,,,,c:\Users\LEGION\Documents\jupyter_notebook\Fashion-Intelligence-System\A2_FashionDataset\FashionDataset\test\images_test\56432.jpg
56436,,,,,c:\Users\LEGION\Documents\jupyter_notebook\Fashion-Intelligence-System\A2_FashionDataset\FashionDataset\test\images_test\56436.jpg
56440,,,,,c:\Users\LEGION\Documents\jupyter_notebook\Fashion-Intelligence-System\A2_FashionDataset\FashionDataset\test\images_test\56440.jpg
56443,,,,,c:\Users\LEGION\Documents\jupyter_notebook\Fashion-Intelligence-System\A2_FashionDataset\FashionDataset\test\images_test\56443.jpg
56444,,,,,c:\Users\LEGION\Documents\jupyter_notebook\Fashion-Intelligence-System\A2_FashionDataset\FashionDataset\test\images_test\56444.jpg
56446,,,,,c:\Users\LEGION\Documents\jupyter_notebook\Fashion-Intelligence-System\A2_FashionDataset\FashionDataset\test\images_test\56446.jpg
56447,,,,,c:\Users\LEGION\Documents\jupyter_notebook\Fashion-Intelligence-System\A2_FashionDataset\FashionDataset\test\images_test\56447.jpg
56448,,,,,c:\Users\LEGION\Documents\jupyter_notebook\Fashion-Intelligence-System\A2_FashionDataset\FashionDataset\test\images_test\56448.jpg
56450,,,,,c:\Users\LEGION\Documents\jupyter_notebook\Fashion-Intelligence-System\A2_FashionDataset\FashionDataset\test\images_test\56450.jpg
56451,,,,,c:\Users\LEGION\Documents\jupyter_notebook\Fashion-Intelligence-System\A2_FashionDataset\FashionDataset\test\images_test\56451.jpg
56452,,,,,c:\Users\LEGION\Documents\jupyter_notebook\Fashion-Intelligence-System\A2_FashionDataset\FashionDataset\test\images_test\56452.jpg
56454,,,,,c:\Users\LEGION\Documents\jupyter_notebook\Fashion-Intelligence-System\A2_FashionDataset\FashionDataset\test\images_test\56454.jpg
56455,,,,,c:\Users\LEGION\Documents\jupyter_notebook\Fashion-Intelligence-System\A2_FashionDataset\FashionDataset\test\images_test\56455.jpg
56456,,,,,c:\Users\LEGION\Documents\jupyter_notebook\Fashion-Intelligence-System\A2_FashionDataset\FashionDataset\test\images_test\56456.jpg
56458,,,,,c:\Users\LEGION\Documents\jupyter_notebook\Fashion-Intelligence-System\A2_FashionDataset\FashionDataset\test\images_test\56458.jpg
56460,,,,,c:\Users\LEGION\Documents\jupyter_notebook\Fashion-Intelligence-System\A2_FashionDataset\FashionDataset\test\images_test\56460.jpg
56461,,,,,c:\Users\LEGION\Documents\jupyter_notebook\Fashion-Intelligence-System\A2_FashionDataset\FashionDataset\test\images_test\56461.jpg
56462,,,,,c:\Users\LEGION\Documents\jupyter_notebook\Fashion-Intelligence-System\A2_FashionDataset\FashionDataset\test\images_test\56462.jpg
56463,,,,,c:\Users\LEGION\Documents\jupyter_notebook\Fashion-Intelligence-System\A2_FashionDataset\FashionDataset\test\images_test\56463.jpg
56464,,,,,c:\Users\LEGION\Documents\jupyter_notebook\Fashion-Intelligence-System\A2_FashionDataset\FashionDataset\test\images_test\56464.jpg
56465,,,,,c:\Users\LEGION\Documents\jupyter_notebook\Fashion-Intelligence-System\A2_FashionDataset\FashionDataset\test\images_test\56465.jpg
56466,,,,,c:\Users\LEGION\Documents\jupyter_notebook\Fashion-Intelligence-System\A2_FashionDataset\FashionDataset\test\images_test\56466.jpg
56467,,,,,c:\Users\LEGION\Documents\jupyter_notebook\Fashion-Intelligence-System\A2_FashionDataset\FashionDataset\test\images_test\56467.jpg
56468,,,,,c:\Users\LEGION\Documents\jupyter_notebook\Fashion-Intelligence-System\A2_FashionDataset\FashionDataset\test\images_test\56468.jpg
56469,,,,,c:\Users\LEGION\Documents\jupyter_notebook\Fashion-Intelligence-System\A2_FashionDataset\FashionDataset\test\images_test\56469.jpg
56470,,,,,c:\Users\LEGION\Documents\jupyter_notebook\Fashion-Intelligence-System\A2_FashionDataset\FashionDataset\test\images_test\56470.jpg
56471,,,,,c:\Users\LEGION\Documents\jupyter_notebook\Fashion-Intelligence-System\A2_FashionDataset\FashionDataset\test\images_test\56471.jpg
56472,,,,,c:\Users\LEGION\Documents\jupyter_notebook\Fashion-Intelligence-System\A2_FashionDataset\FashionDataset\test\images_test\56472.jpg
56473,,,,,c:\Users\LEGION\Documents\jupyter_notebook\Fashion-Intelligence-System\A2_FashionDataset\FashionDataset\test\images_test\56473.jpg
56474,,,,,c:\Users\LEGION\Documents\jupyter_notebook\Fashion-Intelligence-System\A2_FashionDataset\FashionDataset\test\images_test\56474.jpg
56475,,,,,c:\Users\LEGION\Documents\jupyter_notebook\Fashion-Intelligence-System\A2_FashionDataset\FashionDataset\test\images_test\56475.jpg
56476,,,,,c:\Users\LEGION\Documents\jupyter_notebook\Fashion-Intelligence-System\A2_FashionDataset\FashionDataset\test\images_test\56476.jpg
56477,,,,,c:\Users\LEGION\Documents\jupyter_notebook\Fashion-Intelligence-System\A2_FashionDataset\FashionDataset\test\images_test\56477.jpg
56478,,,,,c:\Users\LEGION\Documents\jupyter_notebook\Fashion-Intelligence-System\A2_FashionDataset\FashionDataset\test\images_test\56478.jpg
56479,,,,,c:\Users\LEGION\Documents\jupyter_notebook\Fashion-Intelligence-System\A2_FashionDataset\FashionDataset\test\images_test\56479.jpg
56480,,,,,c:\Users\LEGION\Documents\jupyter_notebook\Fashion-Intelligence-System\A2_FashionDataset\FashionDataset\test\images_test\56480.jpg
56481,,,,,c:\Users\LEGION\Documents\jupyter_notebook\Fashion-Intelligence-System\A2_FashionDataset\FashionDataset\test\images_test\56481.jpg
56482,,,,,c:\Users\LEGION\Documents\jupyter_notebook\Fashion-Intelligence-System\A2_FashionDataset\FashionDataset\test\images_test\56482.jpg
56483,,,,,c:\Users\LEGION\Documents\jupyter_notebook\Fashion-Intelligence-System\A2_FashionDataset\FashionDataset\test\images_test\56483.jpg
56484,,,,,c:\Users\LEGION\Documents\jupyter_notebook\Fashion-Intelligence-System\A2_FashionDataset\FashionDataset\test\images_test\56484.jpg
56485,,,,,c:\Users\LEGION\Documents\jupyter_notebook\Fashion-Intelligence-System\A2_FashionDataset\FashionDataset\test\images_test\56485.jpg
56486,,,,,c:\Users\LEGION\Documents\jupyter_notebook\Fashion-Intelligence-System\A2_FashionDataset\FashionDataset\test\images_test\56486.jpg
56488,,,,,c:\Users\LEGION\Documents\jupyter_notebook\Fashion-Intelligence-System\A2_FashionDataset\FashionDataset\test\images_test\56488.jpg
56489,,,,,c:\Users\LEGION\Documents\jupyter_notebook\Fashion-Intelligence-System\A2_FashionDataset\FashionDataset\test\images_test\56489.jpg
56490,,,,,c:\Users\LEGION\Documents\jupyter_notebook\Fashion-Intelligence-System\A2_FashionDataset\FashionDataset\test\images_test\56490.jpg
56491,,,,,c:\Users\LEGION\Documents\jupyter_notebook\Fashion-Intelligence-System\A2_FashionDataset\FashionDataset\test\images_test\56491.jpg
56492,,,,,c:\Users\LEGION\Documents\jupyter_notebook\Fashion-Intelligence-System\A2_FashionDataset\FashionDataset\test\images_test\56492.jpg
56493,,,,,c:\Users\LEGION\Documents\jupyter_notebook\Fashion-Intelligence-System\A2_FashionDataset\FashionDataset\test\images_test\56493.jpg
56494,,,,,c:\Users\LEGION\Documents\jupyter_notebook\Fashion-Intelligence-System\A2_FashionDataset\FashionDataset\test\images_test\56494.jpg
56495,,,,,c:\Users\LEGION\Documents\jupyter_notebook\Fashion-Intelligence-System\A2_FashionDataset\FashionDataset\test\images_test\56495.jpg
56496,,,,,c:\Users\LEGION\Documents\jupyter_notebook\Fashion-Intelligence-System\A2_FashionDataset\FashionDataset\test\images_test\56496.jpg
56497,,,,,c:\Users\LEGION\Documents\jupyter_notebook\Fashion-Intelligence-System\A2_FashionDataset\FashionDataset\test\images_test\56497.jpg
56498,,,,,c:\Users\LEGION\Documents\jupyter_notebook\Fashion-Intelligence-System\A2_FashionDataset\FashionDataset\test\images_test\56498.jpg
56499,,,,,c:\Users\LEGION\Documents\jupyter_notebook\Fashion-Intelligence-System\A2_FashionDataset\FashionDataset\test\images_test\56499.jpg
56500,,,,,c:\Users\LEGION\Documents\jupyter_notebook\Fashion-Intelligence-System\A2_FashionDataset\FashionDataset\test\images_test\56500.jpg
56501,,,,,c:\Users\LEGION\Documents\jupyter_notebook\Fashion-Intelligence-System\A2_FashionDataset\FashionDataset\test\images_test\56501.jpg
56502,,,,,c:\Users\LEGION\Documents\jupyter_notebook\Fashion-Intelligence-System\A2_FashionDataset\FashionDataset\test\images_test\56502.jpg
56503,,,,,c:\Users\LEGION\Documents\jupyter_notebook\Fashion-Intelligence-System\A2_FashionDataset\FashionDataset\test\images_test\56503.jpg
56504,,,,,c:\Users\LEGION\Documents\jupyter_notebook\Fashion-Intelligence-System\A2_FashionDataset\FashionDataset\test\images_test\56504.jpg
56505,,,,,c:\Users\LEGION\Documents\jupyter_notebook\Fashion-Intelligence-System\A2_FashionDataset\FashionDataset\test\images_test\56505.jpg
56506,,,,,c:\Users\LEGION\Documents\jupyter_notebook\Fashion-Intelligence-System\A2_FashionDataset\FashionDataset\test\images_test\56506.jpg
56507,,,,,c:\Users\LEGION\Documents\jupyter_notebook\Fashion-Intelligence-System\A2_FashionDataset\FashionDataset\test\images_test\56507.jpg
56508,,,,,c:\Users\LEGION\Documents\jupyter_notebook\Fashion-Intelligence-System\A2_FashionDataset\FashionDataset\test\images_test\56508.jpg
56509,,,,,c:\Users\LEGION\Documents\jupyter_notebook\Fashion-Intelligence-System\A2_FashionDataset\FashionDataset\test\images_test\56509.jpg
56511,,,,,c:\Users\LEGION\Documents\jupyter_notebook\Fashion-Intelligence-System\A2_FashionDataset\FashionDataset\test\images_test\56511.jpg
56512,,,,,c:\Users\LEGION\Documents\jupyter_notebook\Fashion-Intelligence-System\A2_FashionDataset\FashionDataset\test\images_test\56512.jpg
56513,,,,,c:\Users\LEGION\Documents\jupyter_notebook\Fashion-Intelligence-System\A2_FashionDataset\FashionDataset\test\images_test\56513.jpg
56515,,,,,c:\Users\LEGION\Documents\jupyter_notebook\Fashion-Intelligence-System\A2_FashionDataset\FashionDataset\test\images_test\56515.jpg
56516,,,,,c:\Users\LEGION\Documents\jupyter_notebook\Fashion-Intelligence-System\A2_FashionDataset\FashionDataset\test\images_test\56516.jpg
56517,,,,,c:\Users\LEGION\Documents\jupyter_notebook\Fashion-Intelligence-System\A2_FashionDataset\FashionDataset\test\images_test\56517.jpg
56518,,,,,c:\Users\LEGION\Documents\jupyter_notebook\Fashion-Intelligence-System\A2_FashionDataset\FashionDataset\test\images_test\56518.jpg
56519,,,,,c:\Users\LEGION\Documents\jupyter_notebook\Fashion-Intelligence-System\A2_FashionDataset\FashionDataset\test\images_test\56519.jpg
56520,,,,,c:\Users\LEGION\Documents\jupyter_notebook\Fashion-Intelligence-System\A2_FashionDataset\FashionDataset\test\images_test\56520.jpg
56521,,,,,c:\Users\LEGION\Documents\jupyter_notebook\Fashion-Intelligence-System\A2_FashionDataset\FashionDataset\test\images_test\56521.jpg
56522,,,,,c:\Users\LEGION\Documents\jupyter_notebook\Fashion-Intelligence-System\A2_FashionDataset\FashionDataset\test\images_test\56522.jpg
56523,,,,,c:\Users\LEGION\Documents\jupyter_notebook\Fashion-Intelligence-System\A2_FashionDataset\FashionDataset\test\images_test\56523.jpg
56524,,,,,c:\Users\LEGION\Documents\jupyter_notebook\Fashion-Intelligence-System\A2_FashionDataset\FashionDataset\test\images_test\56524.jpg
56525,,,,,c:\Users\LEGION\Documents\jupyter_notebook\Fashion-Intelligence-System\A2_FashionDataset\FashionDataset\test\images_test\56525.jpg
56526,,,,,c:\Users\LEGION\Documents\jupyter_notebook\Fashion-Intelligence-System\A2_FashionDataset\FashionDataset\test\images_test\56526.jpg
56527,,,,,c:\Users\LEGION\Documents\jupyter_notebook\Fashion-Intelligence-System\A2_FashionDataset\FashionDataset\test\images_test\56527.jpg
56528,,,,,c:\Users\LEGION\Documents\jupyter_notebook\Fashion-Intelligence-System\A2_FashionDataset\FashionDataset\test\images_test\56528.jpg
56529,,,,,c:\Users\LEGION\Documents\jupyter_notebook\Fashion-Intelligence-System\A2_FashionDataset\FashionDataset\test\images_test\56529.jpg
56530,,,,,c:\Users\LEGION\Documents\jupyter_notebook\Fashion-Intelligence-System\A2_FashionDataset\FashionDataset\test\images_test\56530.jpg
56531,,,,,c:\Users\LEGION\Documents\jupyter_notebook\Fashion-Intelligence-System\A2_FashionDataset\FashionDataset\test\images_test\56531.jpg
56532,,,,,c:\Users\LEGION\Documents\jupyter_notebook\Fashion-Intelligence-System\A2_FashionDataset\FashionDataset\test\images_test\56532.jpg
56533,,,,,c:\Users\LEGION\Documents\jupyter_notebook\Fashion-Intelligence-System\A2_FashionDataset\FashionDataset\test\images_test\56533.jpg
56534,,,,,c:\Users\LEGION\Documents\jupyter_notebook\Fashion-Intelligence-System\A2_FashionDataset\FashionDataset\test\images_test\56534.jpg
56535,,,,,c:\Users\LEGION\Documents\jupyter_notebook\Fashion-Intelligence-System\A2_FashionDataset\FashionDataset\test\images_test\56535.jpg
56536,,,,,c:\Users\LEGION\Documents\jupyter_notebook\Fashion-Intelligence-System\A2_FashionDataset\FashionDataset\test\images_test\56536.jpg
56537,,,,,c:\Users\LEGION\Documents\jupyter_notebook\Fashion-Intelligence-System\A2_FashionDataset\FashionDataset\test\images_test\56537.jpg
56539,,,,,c:\Users\LEGION\Documents\jupyter_notebook\Fashion-Intelligence-System\A2_FashionDataset\FashionDataset\test\images_test\56539.jpg
56540,,,,,c:\Users\LEGION\Documents\jupyter_notebook\Fashion-Intelligence-System\A2_FashionDataset\FashionDataset\test\images_test\56540.jpg
56541,,,,,c:\Users\LEGION\Documents\jupyter_notebook\Fashion-Intelligence-System\A2_FashionDataset\FashionDataset\test\images_test\56541.jpg
56542,,,,,c:\Users\LEGION\Documents\jupyter_notebook\Fashion-Intelligence-System\A2_FashionDataset\FashionDataset\test\images_test\56542.jpg
56543,,,,,c:\Users\LEGION\Documents\jupyter_notebook\Fashion-Intelligence-System\A2_FashionDataset\FashionDataset\test\images_test\56543.jpg
56544,,,,,c:\Users\LEGION\Documents\jupyter_notebook\Fashion-Intelligence-System\A2_FashionDataset\FashionDataset\test\images_test\56544.jpg
56545,,,,,c:\Users\LEGION\Documents\jupyter_notebook\Fashion-Intelligence-System\A2_FashionDataset\FashionDataset\test\images_test\56545.jpg
56546,,,,,c:\Users\LEGION\Documents\jupyter_notebook\Fashion-Intelligence-System\A2_FashionDataset\FashionDataset\test\images_test\56546.jpg
56547,,,,,c:\Users\LEGION\Documents\jupyter_notebook\Fashion-Intelligence-System\A2_FashionDataset\FashionDataset\test\images_test\56547.jpg
56548,,,,,c:\Users\LEGION\Documents\jupyter_notebook\Fashion-Intelligence-System\A2_FashionDataset\FashionDataset\test\images_test\56548.jpg
56549,,,,,c:\Users\LEGION\Documents\jupyter_notebook\Fashion-Intelligence-System\A2_FashionDataset\FashionDataset\test\images_test\56549.jpg
56550,,,,,c:\Users\LEGION\Documents\jupyter_notebook\Fashion-Intelligence-System\A2_FashionDataset\FashionDataset\test\images_test\56550.jpg
56551,,,,,c:\Users\LEGION\Documents\jupyter_notebook\Fashion-Intelligence-System\A2_FashionDataset\FashionDataset\test\images_test\56551.jpg
56553,,,,,c:\Users\LEGION\Documents\jupyter_notebook\Fashion-Intelligence-System\A2_FashionDataset\FashionDataset\test\images_test\56553.jpg
56554,,,,,c:\Users\LEGION\Documents\jupyter_notebook\Fashion-Intelligence-System\A2_FashionDataset\FashionDataset\test\images_test\56554.jpg
56555,,,,,c:\Users\LEGION\Documents\jupyter_notebook\Fashion-Intelligence-System\A2_FashionDataset\FashionDataset\test\images_test\56555.jpg
56556,,,,,c:\Users\LEGION\Documents\jupyter_notebook\Fashion-Intelligence-System\A2_FashionDataset\FashionDataset\test\images_test\56556.jpg
56558,,,,,c:\Users\LEGION\Documents\jupyter_notebook\Fashion-Intelligence-System\A2_FashionDataset\FashionDataset\test\images_test\56558.jpg
56559,,,,,c:\Users\LEGION\Documents\jupyter_notebook\Fashion-Intelligence-System\A2_FashionDataset\FashionDataset\test\images_test\56559.jpg
56560,,,,,c:\Users\LEGION\Documents\jupyter_notebook\Fashion-Intelligence-System\A2_FashionDataset\FashionDataset\test\images_test\56560.jpg
56561,,,,,c:\Users\LEGION\Documents\jupyter_notebook\Fashion-Intelligence-System\A2_FashionDataset\FashionDataset\test\images_test\56561.jpg
56562,,,,,c:\Users\LEGION\Documents\jupyter_notebook\Fashion-Intelligence-System\A2_FashionDataset\FashionDataset\test\images_test\56562.jpg
56563,,,,,c:\Users\LEGION\Documents\jupyter_notebook\Fashion-Intelligence-System\A2_FashionDataset\FashionDataset\test\images_test\56563.jpg
56564,,,,,c:\Users\LEGION\Documents\jupyter_notebook\Fashion-Intelligence-System\A2_FashionDataset\FashionDataset\test\images_test\56564.jpg
56565,,,,,c:\Users\LEGION\Documents\jupyter_notebook\Fashion-Intelligence-System\A2_FashionDataset\FashionDataset\test\images_test\56565.jpg
56566,,,,,c:\Users\LEGION\Documents\jupyter_notebook\Fashion-Intelligence-System\A2_FashionDataset\FashionDataset\test\images_test\56566.jpg
56568,,,,,c:\Users\LEGION\Documents\jupyter_notebook\Fashion-Intelligence-System\A2_FashionDataset\FashionDataset\test\images_test\56568.jpg
56569,,,,,c:\Users\LEGION\Documents\jupyter_notebook\Fashion-Intelligence-System\A2_FashionDataset\FashionDataset\test\images_test\56569.jpg
56570,,,,,c:\Users\LEGION\Documents\jupyter_notebook\Fashion-Intelligence-System\A2_FashionDataset\FashionDataset\test\images_test\56570.jpg
56571,,,,,c:\Users\LEGION\Documents\jupyter_notebook\Fashion-Intelligence-System\A2_FashionDataset\FashionDataset\test\images_test\56571.jpg
56572,,,,,c:\Users\LEGION\Documents\jupyter_notebook\Fashion-Intelligence-System\A2_FashionDataset\FashionDataset\test\images_test\56572.jpg
56573,,,,,c:\Users\LEGION\Documents\jupyter_notebook\Fashion-Intelligence-System\A2_FashionDataset\FashionDataset\test\images_test\56573.jpg
56574,,,,,c:\Users\LEGION\Documents\jupyter_notebook\Fashion-Intelligence-System\A2_FashionDataset\FashionDataset\test\images_test\56574.jpg
56575,,,,,c:\Users\LEGION\Documents\jupyter_notebook\Fashion-Intelligence-System\A2_FashionDataset\FashionDataset\test\images_test\56575.jpg
56576,,,,,c:\Users\LEGION\Documents\jupyter_notebook\Fashion-Intelligence-System\A2_FashionDataset\FashionDataset\test\images_test\56576.jpg
56579,,,,,c:\Users\LEGION\Documents\jupyter_notebook\Fashion-Intelligence-System\A2_FashionDataset\FashionDataset\test\images_test\56579.jpg
56580,,,,,c:\Users\LEGION\Documents\jupyter_notebook\Fashion-Intelligence-System\A2_FashionDataset\FashionDataset\test\images_test\56580.jpg
56581,,,,,c:\Users\LEGION\Documents\jupyter_notebook\Fashion-Intelligence-System\A2_FashionDataset\FashionDataset\test\images_test\56581.jpg
56582,,,,,c:\Users\LEGION\Documents\jupyter_notebook\Fashion-Intelligence-System\A2_FashionDataset\FashionDataset\test\images_test\56582.jpg
56583,,,,,c:\Users\LEGION\Documents\jupyter_notebook\Fashion-Intelligence-System\A2_FashionDataset\FashionDataset\test\images_test\56583.jpg
56584,,,,,c:\Users\LEGION\Documents\jupyter_notebook\Fashion-Intelligence-System\A2_FashionDataset\FashionDataset\test\images_test\56584.jpg
56585,,,,,c:\Users\LEGION\Documents\jupyter_notebook\Fashion-Intelligence-System\A2_FashionDataset\FashionDataset\test\images_test\56585.jpg
56588,,,,,c:\Users\LEGION\Documents\jupyter_notebook\Fashion-Intelligence-System\A2_FashionDataset\FashionDataset\test\images_test\56588.jpg
56590,,,,,c:\Users\LEGION\Documents\jupyter_notebook\Fashion-Intelligence-System\A2_FashionDataset\FashionDataset\test\images_test\56590.jpg
56591,,,,,c:\Users\LEGION\Documents\jupyter_notebook\Fashion-Intelligence-System\A2_FashionDataset\FashionDataset\test\images_test\56591.jpg
56592,,,,,c:\Users\LEGION\Documents\jupyter_notebook\Fashion-Intelligence-System\A2_FashionDataset\FashionDataset\test\images_test\56592.jpg
56593,,,,,c:\Users\LEGION\Documents\jupyter_notebook\Fashion-Intelligence-System\A2_FashionDataset\FashionDataset\test\images_test\56593.jpg
56594,,,,,c:\Users\LEGION\Documents\jupyter_notebook\Fashion-Intelligence-System\A2_FashionDataset\FashionDataset\test\images_test\56594.jpg
56597,,,,,c:\Users\LEGION\Documents\jupyter_notebook\Fashion-Intelligence-System\A2_FashionDataset\FashionDataset\test\images_test\56597.jpg
56598,,,,,c:\Users\LEGION\Documents\jupyter_notebook\Fashion-Intelligence-System\A2_FashionDataset\FashionDataset\test\images_test\56598.jpg
56599,,,,,c:\Users\LEGION\Documents\jupyter_notebook\Fashion-Intelligence-System\A2_FashionDataset\FashionDataset\test\images_test\56599.jpg
56600,,,,,c:\Users\LEGION\Documents\jupyter_notebook\Fashion-Intelligence-System\A2_FashionDataset\FashionDataset\test\images_test\56600.jpg
56601,,,,,c:\Users\LEGION\Documents\jupyter_notebook\Fashion-Intelligence-System\A2_FashionDataset\FashionDataset\test\images_test\56601.jpg
56602,,,,,c:\Users\LEGION\Documents\jupyter_notebook\Fashion-Intelligence-System\A2_FashionDataset\FashionDataset\test\images_test\56602.jpg
56603,,,,,c:\Users\LEGION\Documents\jupyter_notebook\Fashion-Intelligence-System\A2_FashionDataset\FashionDataset\test\images_test\56603.jpg
56604,,,,,c:\Users\LEGION\Documents\jupyter_notebook\Fashion-Intelligence-System\A2_FashionDataset\FashionDataset\test\images_test\56604.jpg
56605,,,,,c:\Users\LEGION\Documents\jupyter_notebook\Fashion-Intelligence-System\A2_FashionDataset\FashionDataset\test\images_test\56605.jpg
56606,,,,,c:\Users\LEGION\Documents\jupyter_notebook\Fashion-Intelligence-System\A2_FashionDataset\FashionDataset\test\images_test\56606.jpg
56607,,,,,c:\Users\LEGION\Documents\jupyter_notebook\Fashion-Intelligence-System\A2_FashionDataset\FashionDataset\test\images_test\56607.jpg
56608,,,,,c:\Users\LEGION\Documents\jupyter_notebook\Fashion-Intelligence-System\A2_FashionDataset\FashionDataset\test\images_test\56608.jpg
56609,,,,,c:\Users\LEGION\Documents\jupyter_notebook\Fashion-Intelligence-System\A2_FashionDataset\FashionDataset\test\images_test\56609.jpg
56610,,,,,c:\Users\LEGION\Documents\jupyter_notebook\Fashion-Intelligence-System\A2_FashionDataset\FashionDataset\test\images_test\56610.jpg
56611,,,,,c:\Users\LEGION\Documents\jupyter_notebook\Fashion-Intelligence-System\A2_FashionDataset\FashionDataset\test\images_test\56611.jpg
56612,,,,,c:\Users\LEGION\Documents\jupyter_notebook\Fashion-Intelligence-System\A2_FashionDataset\FashionDataset\test\images_test\56612.jpg
56613,,,,,c:\Users\LEGION\Documents\jupyter_notebook\Fashion-Intelligence-System\A2_FashionDataset\FashionDataset\test\images_test\56613.jpg
56614,,,,,c:\Users\LEGION\Documents\jupyter_notebook\Fashion-Intelligence-System\A2_FashionDataset\FashionDataset\test\images_test\56614.jpg
56615,,,,,c:\Users\LEGION\Documents\jupyter_notebook\Fashion-Intelligence-System\A2_FashionDataset\FashionDataset\test\images_test\56615.jpg
56616,,,,,c:\Users\LEGION\Documents\jupyter_notebook\Fashion-Intelligence-System\A2_FashionDataset\FashionDataset\test\images_test\56616.jpg
56617,,,,,c:\Users\LEGION\Documents\jupyter_notebook\Fashion-Intelligence-System\A2_FashionDataset\FashionDataset\test\images_test\56617.jpg
56618,,,,,c:\Users\LEGION\Documents\jupyter_notebook\Fashion-Intelligence-System\A2_FashionDataset\FashionDataset\test\images_test\56618.jpg
56619,,,,,c:\Users\LEGION\Documents\jupyter_notebook\Fashion-Intelligence-System\A2_FashionDataset\FashionDataset\test\images_test\56619.jpg
56620,,,,,c:\Users\LEGION\Documents\jupyter_notebook\Fashion-Intelligence-System\A2_FashionDataset\FashionDataset\test\images_test\56620.jpg
56622,,,,,c:\Users\LEGION\Documents\jupyter_notebook\Fashion-Intelligence-System\A2_FashionDataset\FashionDataset\test\images_test\56622.jpg
56624,,,,,c:\Users\LEGION\Documents\jupyter_notebook\Fashion-Intelligence-System\A2_FashionDataset\FashionDataset\test\images_test\56624.jpg
56626,,,,,c:\Users\LEGION\Documents\jupyter_notebook\Fashion-Intelligence-System\A2_FashionDataset\FashionDataset\test\images_test\56626.jpg
56627,,,,,c:\Users\LEGION\Documents\jupyter_notebook\Fashion-Intelligence-System\A2_FashionDataset\FashionDataset\test\images_test\56627.jpg
56631,,,,,c:\Users\LEGION\Documents\jupyter_notebook\Fashion-Intelligence-System\A2_FashionDataset\FashionDataset\test\images_test\56631.jpg
56632,,,,,c:\Users\LEGION\Documents\jupyter_notebook\Fashion-Intelligence-System\A2_FashionDataset\FashionDataset\test\images_test\56632.jpg
56634,,,,,c:\Users\LEGION\Documents\jupyter_notebook\Fashion-Intelligence-System\A2_FashionDataset\FashionDataset\test\images_test\56634.jpg
56638,,,,,c:\Users\LEGION\Documents\jupyter_notebook\Fashion-Intelligence-System\A2_FashionDataset\FashionDataset\test\images_test\56638.jpg
56639,,,,,c:\Users\LEGION\Documents\jupyter_notebook\Fashion-Intelligence-System\A2_FashionDataset\FashionDataset\test\images_test\56639.jpg
56640,,,,,c:\Users\LEGION\Documents\jupyter_notebook\Fashion-Intelligence-System\A2_FashionDataset\FashionDataset\test\images_test\56640.jpg
56642,,,,,c:\Users\LEGION\Documents\jupyter_notebook\Fashion-Intelligence-System\A2_FashionDataset\FashionDataset\test\images_test\56642.jpg
56643,,,,,c:\Users\LEGION\Documents\jupyter_notebook\Fashion-Intelligence-System\A2_FashionDataset\FashionDataset\test\images_test\56643.jpg
56646,,,,,c:\Users\LEGION\Documents\jupyter_notebook\Fashion-Intelligence-System\A2_FashionDataset\FashionDataset\test\images_test\56646.jpg
56647,,,,,c:\Users\LEGION\Documents\jupyter_notebook\Fashion-Intelligence-System\A2_FashionDataset\FashionDataset\test\images_test\56647.jpg
56649,,,,,c:\Users\LEGION\Documents\jupyter_notebook\Fashion-Intelligence-System\A2_FashionDataset\FashionDataset\test\images_test\56649.jpg
56650,,,,,c:\Users\LEGION\Documents\jupyter_notebook\Fashion-Intelligence-System\A2_FashionDataset\FashionDataset\test\images_test\56650.jpg
56651,,,,,c:\Users\LEGION\Documents\jupyter_notebook\Fashion-Intelligence-System\A2_FashionDataset\FashionDataset\test\images_test\56651.jpg
56652,,,,,c:\Users\LEGION\Documents\jupyter_notebook\Fashion-Intelligence-System\A2_FashionDataset\FashionDataset\test\images_test\56652.jpg
56653,,,,,c:\Users\LEGION\Documents\jupyter_notebook\Fashion-Intelligence-System\A2_FashionDataset\FashionDataset\test\images_test\56653.jpg
56654,,,,,c:\Users\LEGION\Documents\jupyter_notebook\Fashion-Intelligence-System\A2_FashionDataset\FashionDataset\test\images_test\56654.jpg
56655,,,,,c:\Users\LEGION\Documents\jupyter_notebook\Fashion-Intelligence-System\A2_FashionDataset\FashionDataset\test\images_test\56655.jpg
56656,,,,,c:\Users\LEGION\Documents\jupyter_notebook\Fashion-Intelligence-System\A2_FashionDataset\FashionDataset\test\images_test\56656.jpg
56657,,,,,c:\Users\LEGION\Documents\jupyter_notebook\Fashion-Intelligence-System\A2_FashionDataset\FashionDataset\test\images_test\56657.jpg
56658,,,,,c:\Users\LEGION\Documents\jupyter_notebook\Fashion-Intelligence-System\A2_FashionDataset\FashionDataset\test\images_test\56658.jpg
56659,,,,,c:\Users\LEGION\Documents\jupyter_notebook\Fashion-Intelligence-System\A2_FashionDataset\FashionDataset\test\images_test\56659.jpg
56660,,,,,c:\Users\LEGION\Documents\jupyter_notebook\Fashion-Intelligence-System\A2_FashionDataset\FashionDataset\test\images_test\56660.jpg
56661,,,,,c:\Users\LEGION\Documents\jupyter_notebook\Fashion-Intelligence-System\A2_FashionDataset\FashionDataset\test\images_test\56661.jpg
56662,,,,,c:\Users\LEGION\Documents\jupyter_notebook\Fashion-Intelligence-System\A2_FashionDataset\FashionDataset\test\images_test\56662.jpg
56663,,,,,c:\Users\LEGION\Documents\jupyter_notebook\Fashion-Intelligence-System\A2_FashionDataset\FashionDataset\test\images_test\56663.jpg
56664,,,,,c:\Users\LEGION\Documents\jupyter_notebook\Fashion-Intelligence-System\A2_FashionDataset\FashionDataset\test\images_test\56664.jpg
56665,,,,,c:\Users\LEGION\Documents\jupyter_notebook\Fashion-Intelligence-System\A2_FashionDataset\FashionDataset\test\images_test\56665.jpg
56666,,,,,c:\Users\LEGION\Documents\jupyter_notebook\Fashion-Intelligence-System\A2_FashionDataset\FashionDataset\test\images_test\56666.jpg
56667,,,,,c:\Users\LEGION\Documents\jupyter_notebook\Fashion-Intelligence-System\A2_FashionDataset\FashionDataset\test\images_test\56667.jpg
56668,,,,,c:\Users\LEGION\Documents\jupyter_notebook\Fashion-Intelligence-System\A2_FashionDataset\FashionDataset\test\images_test\56668.jpg
56669,,,,,c:\Users\LEGION\Documents\jupyter_notebook\Fashion-Intelligence-System\A2_FashionDataset\FashionDataset\test\images_test\56669.jpg
56670,,,,,c:\Users\LEGION\Documents\jupyter_notebook\Fashion-Intelligence-System\A2_FashionDataset\FashionDataset\test\images_test\56670.jpg
56671,,,,,c:\Users\LEGION\Documents\jupyter_notebook\Fashion-Intelligence-System\A2_FashionDataset\FashionDataset\test\images_test\56671.jpg
56672,,,,,c:\Users\LEGION\Documents\jupyter_notebook\Fashion-Intelligence-System\A2_FashionDataset\FashionDataset\test\images_test\56672.jpg
56673,,,,,c:\Users\LEGION\Documents\jupyter_notebook\Fashion-Intelligence-System\A2_FashionDataset\FashionDataset\test\images_test\56673.jpg
56674,,,,,c:\Users\LEGION\Documents\jupyter_notebook\Fashion-Intelligence-System\A2_FashionDataset\FashionDataset\test\images_test\56674.jpg
56675,,,,,c:\Users\LEGION\Documents\jupyter_notebook\Fashion-Intelligence-System\A2_FashionDataset\FashionDataset\test\images_test\56675.jpg
56676,,,,,c:\Users\LEGION\Documents\jupyter_notebook\Fashion-Intelligence-System\A2_FashionDataset\FashionDataset\test\images_test\56676.jpg
56677,,,,,c:\Users\LEGION\Documents\jupyter_notebook\Fashion-Intelligence-System\A2_FashionDataset\FashionDataset\test\images_test\56677.jpg
56678,,,,,c:\Users\LEGION\Documents\jupyter_notebook\Fashion-Intelligence-System\A2_FashionDataset\FashionDataset\test\images_test\56678.jpg
56679,,,,,c:\Users\LEGION\Documents\jupyter_notebook\Fashion-Intelligence-System\A2_FashionDataset\FashionDataset\test\images_test\56679.jpg
56680,,,,,c:\Users\LEGION\Documents\jupyter_notebook\Fashion-Intelligence-System\A2_FashionDataset\FashionDataset\test\images_test\56680.jpg
56681,,,,,c:\Users\LEGION\Documents\jupyter_notebook\Fashion-Intelligence-System\A2_FashionDataset\FashionDataset\test\images_test\56681.jpg
56682,,,,,c:\Users\LEGION\Documents\jupyter_notebook\Fashion-Intelligence-System\A2_FashionDataset\FashionDataset\test\images_test\56682.jpg
56684,,,,,c:\Users\LEGION\Documents\jupyter_notebook\Fashion-Intelligence-System\A2_FashionDataset\FashionDataset\test\images_test\56684.jpg
56685,,,,,c:\Users\LEGION\Documents\jupyter_notebook\Fashion-Intelligence-System\A2_FashionDataset\FashionDataset\test\images_test\56685.jpg
56686,,,,,c:\Users\LEGION\Documents\jupyter_notebook\Fashion-Intelligence-System\A2_FashionDataset\FashionDataset\test\images_test\56686.jpg
56687,,,,,c:\Users\LEGION\Documents\jupyter_notebook\Fashion-Intelligence-System\A2_FashionDataset\FashionDataset\test\images_test\56687.jpg
56688,,,,,c:\Users\LEGION\Documents\jupyter_notebook\Fashion-Intelligence-System\A2_FashionDataset\FashionDataset\test\images_test\56688.jpg
56689,,,,,c:\Users\LEGION\Documents\jupyter_notebook\Fashion-Intelligence-System\A2_FashionDataset\FashionDataset\test\images_test\56689.jpg
56691,,,,,c:\Users\LEGION\Documents\jupyter_notebook\Fashion-Intelligence-System\A2_FashionDataset\FashionDataset\test\images_test\56691.jpg
56692,,,,,c:\Users\LEGION\Documents\jupyter_notebook\Fashion-Intelligence-System\A2_FashionDataset\FashionDataset\test\images_test\56692.jpg
56693,,,,,c:\Users\LEGION\Documents\jupyter_notebook\Fashion-Intelligence-System\A2_FashionDataset\FashionDataset\test\images_test\56693.jpg
56694,,,,,c:\Users\LEGION\Documents\jupyter_notebook\Fashion-Intelligence-System\A2_FashionDataset\FashionDataset\test\images_test\56694.jpg
56695,,,,,c:\Users\LEGION\Documents\jupyter_notebook\Fashion-Intelligence-System\A2_FashionDataset\FashionDataset\test\images_test\56695.jpg
56696,,,,,c:\Users\LEGION\Documents\jupyter_notebook\Fashion-Intelligence-System\A2_FashionDataset\FashionDataset\test\images_test\56696.jpg
56697,,,,,c:\Users\LEGION\Documents\jupyter_notebook\Fashion-Intelligence-System\A2_FashionDataset\FashionDataset\test\images_test\56697.jpg
56698,,,,,c:\Users\LEGION\Documents\jupyter_notebook\Fashion-Intelligence-System\A2_FashionDataset\FashionDataset\test\images_test\56698.jpg
56699,,,,,c:\Users\LEGION\Documents\jupyter_notebook\Fashion-Intelligence-System\A2_FashionDataset\FashionDataset\test\images_test\56699.jpg
56700,,,,,c:\Users\LEGION\Documents\jupyter_notebook\Fashion-Intelligence-System\A2_FashionDataset\FashionDataset\test\images_test\56700.jpg
56701,,,,,c:\Users\LEGION\Documents\jupyter_notebook\Fashion-Intelligence-System\A2_FashionDataset\FashionDataset\test\images_test\56701.jpg
56702,,,,,c:\Users\LEGION\Documents\jupyter_notebook\Fashion-Intelligence-System\A2_FashionDataset\FashionDataset\test\images_test\56702.jpg
56703,,,,,c:\Users\LEGION\Documents\jupyter_notebook\Fashion-Intelligence-System\A2_FashionDataset\FashionDataset\test\images_test\56703.jpg
56704,,,,,c:\Users\LEGION\Documents\jupyter_notebook\Fashion-Intelligence-System\A2_FashionDataset\FashionDataset\test\images_test\56704.jpg
56705,,,,,c:\Users\LEGION\Documents\jupyter_notebook\Fashion-Intelligence-System\A2_FashionDataset\FashionDataset\test\images_test\56705.jpg
56709,,,,,c:\Users\LEGION\Documents\jupyter_notebook\Fashion-Intelligence-System\A2_FashionDataset\FashionDataset\test\images_test\56709.jpg
56711,,,,,c:\Users\LEGION\Documents\jupyter_notebook\Fashion-Intelligence-System\A2_FashionDataset\FashionDataset\test\images_test\56711.jpg
56713,,,,,c:\Users\LEGION\Documents\jupyter_notebook\Fashion-Intelligence-System\A2_FashionDataset\FashionDataset\test\images_test\56713.jpg
56714,,,,,c:\Users\LEGION\Documents\jupyter_notebook\Fashion-Intelligence-System\A2_FashionDataset\FashionDataset\test\images_test\56714.jpg
56715,,,,,c:\Users\LEGION\Documents\jupyter_notebook\Fashion-Intelligence-System\A2_FashionDataset\FashionDataset\test\images_test\56715.jpg
56718,,,,,c:\Users\LEGION\Documents\jupyter_notebook\Fashion-Intelligence-System\A2_FashionDataset\FashionDataset\test\images_test\56718.jpg
56720,,,,,c:\Users\LEGION\Documents\jupyter_notebook\Fashion-Intelligence-System\A2_FashionDataset\FashionDataset\test\images_test\56720.jpg
56721,,,,,c:\Users\LEGION\Documents\jupyter_notebook\Fashion-Intelligence-System\A2_FashionDataset\FashionDataset\test\images_test\56721.jpg
56722,,,,,c:\Users\LEGION\Documents\jupyter_notebook\Fashion-Intelligence-System\A2_FashionDataset\FashionDataset\test\images_test\56722.jpg
56723,,,,,c:\Users\LEGION\Documents\jupyter_notebook\Fashion-Intelligence-System\A2_FashionDataset\FashionDataset\test\images_test\56723.jpg
56724,,,,,c:\Users\LEGION\Documents\jupyter_notebook\Fashion-Intelligence-System\A2_FashionDataset\FashionDataset\test\images_test\56724.jpg
56725,,,,,c:\Users\LEGION\Documents\jupyter_notebook\Fashion-Intelligence-System\A2_FashionDataset\FashionDataset\test\images_test\56725.jpg
56733,,,,,c:\Users\LEGION\Documents\jupyter_notebook\Fashion-Intelligence-System\A2_FashionDataset\FashionDataset\test\images_test\56733.jpg
56734,,,,,c:\Users\LEGION\Documents\jupyter_notebook\Fashion-Intelligence-System\A2_FashionDataset\FashionDataset\test\images_test\56734.jpg
56736,,,,,c:\Users\LEGION\Documents\jupyter_notebook\Fashion-Intelligence-System\A2_FashionDataset\FashionDataset\test\images_test\56736.jpg
56752,,,,,c:\Users\LEGION\Documents\jupyter_notebook\Fashion-Intelligence-System\A2_FashionDataset\FashionDataset\test\images_test\56752.jpg
56753,,,,,c:\Users\LEGION\Documents\jupyter_notebook\Fashion-Intelligence-System\A2_FashionDataset\FashionDataset\test\images_test\56753.jpg
56765,,,,,c:\Users\LEGION\Documents\jupyter_notebook\Fashion-Intelligence-System\A2_FashionDataset\FashionDataset\test\images_test\56765.jpg
56769,,,,,c:\Users\LEGION\Documents\jupyter_notebook\Fashion-Intelligence-System\A2_FashionDataset\FashionDataset\test\images_test\56769.jpg
56770,,,,,c:\Users\LEGION\Documents\jupyter_notebook\Fashion-Intelligence-System\A2_FashionDataset\FashionDataset\test\images_test\56770.jpg
56771,,,,,c:\Users\LEGION\Documents\jupyter_notebook\Fashion-Intelligence-System\A2_FashionDataset\FashionDataset\test\images_test\56771.jpg
56787,,,,,c:\Users\LEGION\Documents\jupyter_notebook\Fashion-Intelligence-System\A2_FashionDataset\FashionDataset\test\images_test\56787.jpg
56795,,,,,c:\Users\LEGION\Documents\jupyter_notebook\Fashion-Intelligence-System\A2_FashionDataset\FashionDataset\test\images_test\56795.jpg
56798,,,,,c:\Users\LEGION\Documents\jupyter_notebook\Fashion-Intelligence-System\A2_FashionDataset\FashionDataset\test\images_test\56798.jpg
56805,,,,,c:\Users\LEGION\Documents\jupyter_notebook\Fashion-Intelligence-System\A2_FashionDataset\FashionDataset\test\images_test\56805.jpg
56806,,,,,c:\Users\LEGION\Documents\jupyter_notebook\Fashion-Intelligence-System\A2_FashionDataset\FashionDataset\test\images_test\56806.jpg
56807,,,,,c:\Users\LEGION\Documents\jupyter_notebook\Fashion-Intelligence-System\A2_FashionDataset\FashionDataset\test\images_test\56807.jpg
56808,,,,,c:\Users\LEGION\Documents\jupyter_notebook\Fashion-Intelligence-System\A2_FashionDataset\FashionDataset\test\images_test\56808.jpg
56809,,,,,c:\Users\LEGION\Documents\jupyter_notebook\Fashion-Intelligence-System\A2_FashionDataset\FashionDataset\test\images_test\56809.jpg
56810,,,,,c:\Users\LEGION\Documents\jupyter_notebook\Fashion-Intelligence-System\A2_FashionDataset\FashionDataset\test\images_test\56810.jpg
56811,,,,,c:\Users\LEGION\Documents\jupyter_notebook\Fashion-Intelligence-System\A2_FashionDataset\FashionDataset\test\images_test\56811.jpg
56812,,,,,c:\Users\LEGION\Documents\jupyter_notebook\Fashion-Intelligence-System\A2_FashionDataset\FashionDataset\test\images_test\56812.jpg
56813,,,,,c:\Users\LEGION\Documents\jupyter_notebook\Fashion-Intelligence-System\A2_FashionDataset\FashionDataset\test\images_test\56813.jpg
56814,,,,,c:\Users\LEGION\Documents\jupyter_notebook\Fashion-Intelligence-System\A2_FashionDataset\FashionDataset\test\images_test\56814.jpg
56815,,,,,c:\Users\LEGION\Documents\jupyter_notebook\Fashion-Intelligence-System\A2_FashionDataset\FashionDataset\test\images_test\56815.jpg
56816,,,,,c:\Users\LEGION\Documents\jupyter_notebook\Fashion-Intelligence-System\A2_FashionDataset\FashionDataset\test\images_test\56816.jpg
56817,,,,,c:\Users\LEGION\Documents\jupyter_notebook\Fashion-Intelligence-System\A2_FashionDataset\FashionDataset\test\images_test\56817.jpg
56818,,,,,c:\Users\LEGION\Documents\jupyter_notebook\Fashion-Intelligence-System\A2_FashionDataset\FashionDataset\test\images_test\56818.jpg
56819,,,,,c:\Users\LEGION\Documents\jupyter_notebook\Fashion-Intelligence-System\A2_FashionDataset\FashionDataset\test\images_test\56819.jpg
56820,,,,,c:\Users\LEGION\Documents\jupyter_notebook\Fashion-Intelligence-System\A2_FashionDataset\FashionDataset\test\images_test\56820.jpg
56821,,,,,c:\Users\LEGION\Documents\jupyter_notebook\Fashion-Intelligence-System\A2_FashionDataset\FashionDataset\test\images_test\56821.jpg
56822,,,,,c:\Users\LEGION\Documents\jupyter_notebook\Fashion-Intelligence-System\A2_FashionDataset\FashionDataset\test\images_test\56822.jpg
56825,,,,,c:\Users\LEGION\Documents\jupyter_notebook\Fashion-Intelligence-System\A2_FashionDataset\FashionDataset\test\images_test\56825.jpg
56827,,,,,c:\Users\LEGION\Documents\jupyter_notebook\Fashion-Intelligence-System\A2_FashionDataset\FashionDataset\test\images_test\56827.jpg
56828,,,,,c:\Users\LEGION\Documents\jupyter_notebook\Fashion-Intelligence-System\A2_FashionDataset\FashionDataset\test\images_test\56828.jpg
56829,,,,,c:\Users\LEGION\Documents\jupyter_notebook\Fashion-Intelligence-System\A2_FashionDataset\FashionDataset\test\images_test\56829.jpg
56843,,,,,c:\Users\LEGION\Documents\jupyter_notebook\Fashion-Intelligence-System\A2_FashionDataset\FashionDataset\test\images_test\56843.jpg
56844,,,,,c:\Users\LEGION\Documents\jupyter_notebook\Fashion-Intelligence-System\A2_FashionDataset\FashionDataset\test\images_test\56844.jpg
56845,,,,,c:\Users\LEGION\Documents\jupyter_notebook\Fashion-Intelligence-System\A2_FashionDataset\FashionDataset\test\images_test\56845.jpg
56846,,,,,c:\Users\LEGION\Documents\jupyter_notebook\Fashion-Intelligence-System\A2_FashionDataset\FashionDataset\test\images_test\56846.jpg
56847,,,,,c:\Users\LEGION\Documents\jupyter_notebook\Fashion-Intelligence-System\A2_FashionDataset\FashionDataset\test\images_test\56847.jpg
56849,,,,,c:\Users\LEGION\Documents\jupyter_notebook\Fashion-Intelligence-System\A2_FashionDataset\FashionDataset\test\images_test\56849.jpg
56850,,,,,c:\Users\LEGION\Documents\jupyter_notebook\Fashion-Intelligence-System\A2_FashionDataset\FashionDataset\test\images_test\56850.jpg
56852,,,,,c:\Users\LEGION\Documents\jupyter_notebook\Fashion-Intelligence-System\A2_FashionDataset\FashionDataset\test\images_test\56852.jpg
56854,,,,,c:\Users\LEGION\Documents\jupyter_notebook\Fashion-Intelligence-System\A2_FashionDataset\FashionDataset\test\images_test\56854.jpg
56855,,,,,c:\Users\LEGION\Documents\jupyter_notebook\Fashion-Intelligence-System\A2_FashionDataset\FashionDataset\test\images_test\56855.jpg
56856,,,,,c:\Users\LEGION\Documents\jupyter_notebook\Fashion-Intelligence-System\A2_FashionDataset\FashionDataset\test\images_test\56856.jpg
56857,,,,,c:\Users\LEGION\Documents\jupyter_notebook\Fashion-Intelligence-System\A2_FashionDataset\FashionDataset\test\images_test\56857.jpg
56858,,,,,c:\Users\LEGION\Documents\jupyter_notebook\Fashion-Intelligence-System\A2_FashionDataset\FashionDataset\test\images_test\56858.jpg
56859,,,,,c:\Users\LEGION\Documents\jupyter_notebook\Fashion-Intelligence-System\A2_FashionDataset\FashionDataset\test\images_test\56859.jpg
56860,,,,,c:\Users\LEGION\Documents\jupyter_notebook\Fashion-Intelligence-System\A2_FashionDataset\FashionDataset\test\images_test\56860.jpg
56861,,,,,c:\Users\LEGION\Documents\jupyter_notebook\Fashion-Intelligence-System\A2_FashionDataset\FashionDataset\test\images_test\56861.jpg
56862,,,,,c:\Users\LEGION\Documents\jupyter_notebook\Fashion-Intelligence-System\A2_FashionDataset\FashionDataset\test\images_test\56862.jpg
56863,,,,,c:\Users\LEGION\Documents\jupyter_notebook\Fashion-Intelligence-System\A2_FashionDataset\FashionDataset\test\images_test\56863.jpg
56864,,,,,c:\Users\LEGION\Documents\jupyter_notebook\Fashion-Intelligence-System\A2_FashionDataset\FashionDataset\test\images_test\56864.jpg
56865,,,,,c:\Users\LEGION\Documents\jupyter_notebook\Fashion-Intelligence-System\A2_FashionDataset\FashionDataset\test\images_test\56865.jpg
56866,,,,,c:\Users\LEGION\Documents\jupyter_notebook\Fashion-Intelligence-System\A2_FashionDataset\FashionDataset\test\images_test\56866.jpg
56867,,,,,c:\Users\LEGION\Documents\jupyter_notebook\Fashion-Intelligence-System\A2_FashionDataset\FashionDataset\test\images_test\56867.jpg
56868,,,,,c:\Users\LEGION\Documents\jupyter_notebook\Fashion-Intelligence-System\A2_FashionDataset\FashionDataset\test\images_test\56868.jpg
56869,,,,,c:\Users\LEGION\Documents\jupyter_notebook\Fashion-Intelligence-System\A2_FashionDataset\FashionDataset\test\images_test\56869.jpg
56870,,,,,c:\Users\LEGION\Documents\jupyter_notebook\Fashion-Intelligence-System\A2_FashionDataset\FashionDataset\test\images_test\56870.jpg
56871,,,,,c:\Users\LEGION\Documents\jupyter_notebook\Fashion-Intelligence-System\A2_FashionDataset\FashionDataset\test\images_test\56871.jpg
56872,,,,,c:\Users\LEGION\Documents\jupyter_notebook\Fashion-Intelligence-System\A2_FashionDataset\FashionDataset\test\images_test\56872.jpg
56873,,,,,c:\Users\LEGION\Documents\jupyter_notebook\Fashion-Intelligence-System\A2_FashionDataset\FashionDataset\test\images_test\56873.jpg
56874,,,,,c:\Users\LEGION\Documents\jupyter_notebook\Fashion-Intelligence-System\A2_FashionDataset\FashionDataset\test\images_test\56874.jpg
56875,,,,,c:\Users\LEGION\Documents\jupyter_notebook\Fashion-Intelligence-System\A2_FashionDataset\FashionDataset\test\images_test\56875.jpg
56876,,,,,c:\Users\LEGION\Documents\jupyter_notebook\Fashion-Intelligence-System\A2_FashionDataset\FashionDataset\test\images_test\56876.jpg
56877,,,,,c:\Users\LEGION\Documents\jupyter_notebook\Fashion-Intelligence-System\A2_FashionDataset\FashionDataset\test\images_test\56877.jpg
56878,,,,,c:\Users\LEGION\Documents\jupyter_notebook\Fashion-Intelligence-System\A2_FashionDataset\FashionDataset\test\images_test\56878.jpg
56879,,,,,c:\Users\LEGION\Documents\jupyter_notebook\Fashion-Intelligence-System\A2_FashionDataset\FashionDataset\test\images_test\56879.jpg
56880,,,,,c:\Users\LEGION\Documents\jupyter_notebook\Fashion-Intelligence-System\A2_FashionDataset\FashionDataset\test\images_test\56880.jpg
56881,,,,,c:\Users\LEGION\Documents\jupyter_notebook\Fashion-Intelligence-System\A2_FashionDataset\FashionDataset\test\images_test\56881.jpg
56882,,,,,c:\Users\LEGION\Documents\jupyter_notebook\Fashion-Intelligence-System\A2_FashionDataset\FashionDataset\test\images_test\56882.jpg
56883,,,,,c:\Users\LEGION\Documents\jupyter_notebook\Fashion-Intelligence-System\A2_FashionDataset\FashionDataset\test\images_test\56883.jpg
56884,,,,,c:\Users\LEGION\Documents\jupyter_notebook\Fashion-Intelligence-System\A2_FashionDataset\FashionDataset\test\images_test\56884.jpg
56885,,,,,c:\Users\LEGION\Documents\jupyter_notebook\Fashion-Intelligence-System\A2_FashionDataset\FashionDataset\test\images_test\56885.jpg
56886,,,,,c:\Users\LEGION\Documents\jupyter_notebook\Fashion-Intelligence-System\A2_FashionDataset\FashionDataset\test\images_test\56886.jpg
56887,,,,,c:\Users\LEGION\Documents\jupyter_notebook\Fashion-Intelligence-System\A2_FashionDataset\FashionDataset\test\images_test\56887.jpg
56888,,,,,c:\Users\LEGION\Documents\jupyter_notebook\Fashion-Intelligence-System\A2_FashionDataset\FashionDataset\test\images_test\56888.jpg
56889,,,,,c:\Users\LEGION\Documents\jupyter_notebook\Fashion-Intelligence-System\A2_FashionDataset\FashionDataset\test\images_test\56889.jpg
56890,,,,,c:\Users\LEGION\Documents\jupyter_notebook\Fashion-Intelligence-System\A2_FashionDataset\FashionDataset\test\images_test\56890.jpg
56891,,,,,c:\Users\LEGION\Documents\jupyter_notebook\Fashion-Intelligence-System\A2_FashionDataset\FashionDataset\test\images_test\56891.jpg
56893,,,,,c:\Users\LEGION\Documents\jupyter_notebook\Fashion-Intelligence-System\A2_FashionDataset\FashionDataset\test\images_test\56893.jpg
56894,,,,,c:\Users\LEGION\Documents\jupyter_notebook\Fashion-Intelligence-System\A2_FashionDataset\FashionDataset\test\images_test\56894.jpg
56895,,,,,c:\Users\LEGION\Documents\jupyter_notebook\Fashion-Intelligence-System\A2_FashionDataset\FashionDataset\test\images_test\56895.jpg
56896,,,,,c:\Users\LEGION\Documents\jupyter_notebook\Fashion-Intelligence-System\A2_FashionDataset\FashionDataset\test\images_test\56896.jpg
56897,,,,,c:\Users\LEGION\Documents\jupyter_notebook\Fashion-Intelligence-System\A2_FashionDataset\FashionDataset\test\images_test\56897.jpg
56898,,,,,c:\Users\LEGION\Documents\jupyter_notebook\Fashion-Intelligence-System\A2_FashionDataset\FashionDataset\test\images_test\56898.jpg
56899,,,,,c:\Users\LEGION\Documents\jupyter_notebook\Fashion-Intelligence-System\A2_FashionDataset\FashionDataset\test\images_test\56899.jpg
56900,,,,,c:\Users\LEGION\Documents\jupyter_notebook\Fashion-Intelligence-System\A2_FashionDataset\FashionDataset\test\images_test\56900.jpg
56901,,,,,c:\Users\LEGION\Documents\jupyter_notebook\Fashion-Intelligence-System\A2_FashionDataset\FashionDataset\test\images_test\56901.jpg
56902,,,,,c:\Users\LEGION\Documents\jupyter_notebook\Fashion-Intelligence-System\A2_FashionDataset\FashionDataset\test\images_test\56902.jpg
56903,,,,,c:\Users\LEGION\Documents\jupyter_notebook\Fashion-Intelligence-System\A2_FashionDataset\FashionDataset\test\images_test\56903.jpg
56904,,,,,c:\Users\LEGION\Documents\jupyter_notebook\Fashion-Intelligence-System\A2_FashionDataset\FashionDataset\test\images_test\56904.jpg
56905,,,,,c:\Users\LEGION\Documents\jupyter_notebook\Fashion-Intelligence-System\A2_FashionDataset\FashionDataset\test\images_test\56905.jpg
56906,,,,,c:\Users\LEGION\Documents\jupyter_notebook\Fashion-Intelligence-System\A2_FashionDataset\FashionDataset\test\images_test\56906.jpg
56907,,,,,c:\Users\LEGION\Documents\jupyter_notebook\Fashion-Intelligence-System\A2_FashionDataset\FashionDataset\test\images_test\56907.jpg
56908,,,,,c:\Users\LEGION\Documents\jupyter_notebook\Fashion-Intelligence-System\A2_FashionDataset\FashionDataset\test\images_test\56908.jpg
56909,,,,,c:\Users\LEGION\Documents\jupyter_notebook\Fashion-Intelligence-System\A2_FashionDataset\FashionDataset\test\images_test\56909.jpg
56910,,,,,c:\Users\LEGION\Documents\jupyter_notebook\Fashion-Intelligence-System\A2_FashionDataset\FashionDataset\test\images_test\56910.jpg
56911,,,,,c:\Users\LEGION\Documents\jupyter_notebook\Fashion-Intelligence-System\A2_FashionDataset\FashionDataset\test\images_test\56911.jpg
56912,,,,,c:\Users\LEGION\Documents\jupyter_notebook\Fashion-Intelligence-System\A2_FashionDataset\FashionDataset\test\images_test\56912.jpg
56913,,,,,c:\Users\LEGION\Documents\jupyter_notebook\Fashion-Intelligence-System\A2_FashionDataset\FashionDataset\test\images_test\56913.jpg
56914,,,,,c:\Users\LEGION\Documents\jupyter_notebook\Fashion-Intelligence-System\A2_FashionDataset\FashionDataset\test\images_test\56914.jpg
56915,,,,,c:\Users\LEGION\Documents\jupyter_notebook\Fashion-Intelligence-System\A2_FashionDataset\FashionDataset\test\images_test\56915.jpg
56916,,,,,c:\Users\LEGION\Documents\jupyter_notebook\Fashion-Intelligence-System\A2_FashionDataset\FashionDataset\test\images_test\56916.jpg
56917,,,,,c:\Users\LEGION\Documents\jupyter_notebook\Fashion-Intelligence-System\A2_FashionDataset\FashionDataset\test\images_test\56917.jpg
56918,,,,,c:\Users\LEGION\Documents\jupyter_notebook\Fashion-Intelligence-System\A2_FashionDataset\FashionDataset\test\images_test\56918.jpg
56919,,,,,c:\Users\LEGION\Documents\jupyter_notebook\Fashion-Intelligence-System\A2_FashionDataset\FashionDataset\test\images_test\56919.jpg
56920,,,,,c:\Users\LEGION\Documents\jupyter_notebook\Fashion-Intelligence-System\A2_FashionDataset\FashionDataset\test\images_test\56920.jpg
56921,,,,,c:\Users\LEGION\Documents\jupyter_notebook\Fashion-Intelligence-System\A2_FashionDataset\FashionDataset\test\images_test\56921.jpg
56922,,,,,c:\Users\LEGION\Documents\jupyter_notebook\Fashion-Intelligence-System\A2_FashionDataset\FashionDataset\test\images_test\56922.jpg
56923,,,,,c:\Users\LEGION\Documents\jupyter_notebook\Fashion-Intelligence-System\A2_FashionDataset\FashionDataset\test\images_test\56923.jpg
56924,,,,,c:\Users\LEGION\Documents\jupyter_notebook\Fashion-Intelligence-System\A2_FashionDataset\FashionDataset\test\images_test\56924.jpg
56925,,,,,c:\Users\LEGION\Documents\jupyter_notebook\Fashion-Intelligence-System\A2_FashionDataset\FashionDataset\test\images_test\56925.jpg
56926,,,,,c:\Users\LEGION\Documents\jupyter_notebook\Fashion-Intelligence-System\A2_FashionDataset\FashionDataset\test\images_test\56926.jpg
56927,,,,,c:\Users\LEGION\Documents\jupyter_notebook\Fashion-Intelligence-System\A2_FashionDataset\FashionDataset\test\images_test\56927.jpg
56928,,,,,c:\Users\LEGION\Documents\jupyter_notebook\Fashion-Intelligence-System\A2_FashionDataset\FashionDataset\test\images_test\56928.jpg
56929,,,,,c:\Users\LEGION\Documents\jupyter_notebook\Fashion-Intelligence-System\A2_FashionDataset\FashionDataset\test\images_test\56929.jpg
56930,,,,,c:\Users\LEGION\Documents\jupyter_notebook\Fashion-Intelligence-System\A2_FashionDataset\FashionDataset\test\images_test\56930.jpg
56931,,,,,c:\Users\LEGION\Documents\jupyter_notebook\Fashion-Intelligence-System\A2_FashionDataset\FashionDataset\test\images_test\56931.jpg
56932,,,,,c:\Users\LEGION\Documents\jupyter_notebook\Fashion-Intelligence-System\A2_FashionDataset\FashionDataset\test\images_test\56932.jpg
56933,,,,,c:\Users\LEGION\Documents\jupyter_notebook\Fashion-Intelligence-System\A2_FashionDataset\FashionDataset\test\images_test\56933.jpg
56934,,,,,c:\Users\LEGION\Documents\jupyter_notebook\Fashion-Intelligence-System\A2_FashionDataset\FashionDataset\test\images_test\56934.jpg
56935,,,,,c:\Users\LEGION\Documents\jupyter_notebook\Fashion-Intelligence-System\A2_FashionDataset\FashionDataset\test\images_test\56935.jpg
56936,,,,,c:\Users\LEGION\Documents\jupyter_notebook\Fashion-Intelligence-System\A2_FashionDataset\FashionDataset\test\images_test\56936.jpg
56937,,,,,c:\Users\LEGION\Documents\jupyter_notebook\Fashion-Intelligence-System\A2_FashionDataset\FashionDataset\test\images_test\56937.jpg
56938,,,,,c:\Users\LEGION\Documents\jupyter_notebook\Fashion-Intelligence-System\A2_FashionDataset\FashionDataset\test\images_test\56938.jpg
56939,,,,,c:\Users\LEGION\Documents\jupyter_notebook\Fashion-Intelligence-System\A2_FashionDataset\FashionDataset\test\images_test\56939.jpg
56940,,,,,c:\Users\LEGION\Documents\jupyter_notebook\Fashion-Intelligence-System\A2_FashionDataset\FashionDataset\test\images_test\56940.jpg
56941,,,,,c:\Users\LEGION\Documents\jupyter_notebook\Fashion-Intelligence-System\A2_FashionDataset\FashionDataset\test\images_test\56941.jpg
56942,,,,,c:\Users\LEGION\Documents\jupyter_notebook\Fashion-Intelligence-System\A2_FashionDataset\FashionDataset\test\images_test\56942.jpg
56943,,,,,c:\Users\LEGION\Documents\jupyter_notebook\Fashion-Intelligence-System\A2_FashionDataset\FashionDataset\test\images_test\56943.jpg
56944,,,,,c:\Users\LEGION\Documents\jupyter_notebook\Fashion-Intelligence-System\A2_FashionDataset\FashionDataset\test\images_test\56944.jpg
56945,,,,,c:\Users\LEGION\Documents\jupyter_notebook\Fashion-Intelligence-System\A2_FashionDataset\FashionDataset\test\images_test\56945.jpg
56946,,,,,c:\Users\LEGION\Documents\jupyter_notebook\Fashion-Intelligence-System\A2_FashionDataset\FashionDataset\test\images_test\56946.jpg
56947,,,,,c:\Users\LEGION\Documents\jupyter_notebook\Fashion-Intelligence-System\A2_FashionDataset\FashionDataset\test\images_test\56947.jpg
56948,,,,,c:\Users\LEGION\Documents\jupyter_notebook\Fashion-Intelligence-System\A2_FashionDataset\FashionDataset\test\images_test\56948.jpg
56949,,,,,c:\Users\LEGION\Documents\jupyter_notebook\Fashion-Intelligence-System\A2_FashionDataset\FashionDataset\test\images_test\56949.jpg
56950,,,,,c:\Users\LEGION\Documents\jupyter_notebook\Fashion-Intelligence-System\A2_FashionDataset\FashionDataset\test\images_test\56950.jpg
56951,,,,,c:\Users\LEGION\Documents\jupyter_notebook\Fashion-Intelligence-System\A2_FashionDataset\FashionDataset\test\images_test\56951.jpg
56952,,,,,c:\Users\LEGION\Documents\jupyter_notebook\Fashion-Intelligence-System\A2_FashionDataset\FashionDataset\test\images_test\56952.jpg
56953,,,,,c:\Users\LEGION\Documents\jupyter_notebook\Fashion-Intelligence-System\A2_FashionDataset\FashionDataset\test\images_test\56953.jpg
56954,,,,,c:\Users\LEGION\Documents\jupyter_notebook\Fashion-Intelligence-System\A2_FashionDataset\FashionDataset\test\images_test\56954.jpg
56955,,,,,c:\Users\LEGION\Documents\jupyter_notebook\Fashion-Intelligence-System\A2_FashionDataset\FashionDataset\test\images_test\56955.jpg
56956,,,,,c:\Users\LEGION\Documents\jupyter_notebook\Fashion-Intelligence-System\A2_FashionDataset\FashionDataset\test\images_test\56956.jpg
56957,,,,,c:\Users\LEGION\Documents\jupyter_notebook\Fashion-Intelligence-System\A2_FashionDataset\FashionDataset\test\images_test\56957.jpg
56958,,,,,c:\Users\LEGION\Documents\jupyter_notebook\Fashion-Intelligence-System\A2_FashionDataset\FashionDataset\test\images_test\56958.jpg
56959,,,,,c:\Users\LEGION\Documents\jupyter_notebook\Fashion-Intelligence-System\A2_FashionDataset\FashionDataset\test\images_test\56959.jpg
56960,,,,,c:\Users\LEGION\Documents\jupyter_notebook\Fashion-Intelligence-System\A2_FashionDataset\FashionDataset\test\images_test\56960.jpg
56961,,,,,c:\Users\LEGION\Documents\jupyter_notebook\Fashion-Intelligence-System\A2_FashionDataset\FashionDataset\test\images_test\56961.jpg
56962,,,,,c:\Users\LEGION\Documents\jupyter_notebook\Fashion-Intelligence-System\A2_FashionDataset\FashionDataset\test\images_test\56962.jpg
56963,,,,,c:\Users\LEGION\Documents\jupyter_notebook\Fashion-Intelligence-System\A2_FashionDataset\FashionDataset\test\images_test\56963.jpg
56964,,,,,c:\Users\LEGION\Documents\jupyter_notebook\Fashion-Intelligence-System\A2_FashionDataset\FashionDataset\test\images_test\56964.jpg
56965,,,,,c:\Users\LEGION\Documents\jupyter_notebook\Fashion-Intelligence-System\A2_FashionDataset\FashionDataset\test\images_test\56965.jpg
56966,,,,,c:\Users\LEGION\Documents\jupyter_notebook\Fashion-Intelligence-System\A2_FashionDataset\FashionDataset\test\images_test\56966.jpg
56967,,,,,c:\Users\LEGION\Documents\jupyter_notebook\Fashion-Intelligence-System\A2_FashionDataset\FashionDataset\test\images_test\56967.jpg
56968,,,,,c:\Users\LEGION\Documents\jupyter_notebook\Fashion-Intelligence-System\A2_FashionDataset\FashionDataset\test\images_test\56968.jpg
56969,,,,,c:\Users\LEGION\Documents\jupyter_notebook\Fashion-Intelligence-System\A2_FashionDataset\FashionDataset\test\images_test\56969.jpg
56970,,,,,c:\Users\LEGION\Documents\jupyter_notebook\Fashion-Intelligence-System\A2_FashionDataset\FashionDataset\test\images_test\56970.jpg
56971,,,,,c:\Users\LEGION\Documents\jupyter_notebook\Fashion-Intelligence-System\A2_FashionDataset\FashionDataset\test\images_test\56971.jpg
56972,,,,,c:\Users\LEGION\Documents\jupyter_notebook\Fashion-Intelligence-System\A2_FashionDataset\FashionDataset\test\images_test\56972.jpg
56973,,,,,c:\Users\LEGION\Documents\jupyter_notebook\Fashion-Intelligence-System\A2_FashionDataset\FashionDataset\test\images_test\56973.jpg
56974,,,,,c:\Users\LEGION\Documents\jupyter_notebook\Fashion-Intelligence-System\A2_FashionDataset\FashionDataset\test\images_test\56974.jpg
56975,,,,,c:\Users\LEGION\Documents\jupyter_notebook\Fashion-Intelligence-System\A2_FashionDataset\FashionDataset\test\images_test\56975.jpg
56976,,,,,c:\Users\LEGION\Documents\jupyter_notebook\Fashion-Intelligence-System\A2_FashionDataset\FashionDataset\test\images_test\56976.jpg
56977,,,,,c:\Users\LEGION\Documents\jupyter_notebook\Fashion-Intelligence-System\A2_FashionDataset\FashionDataset\test\images_test\56977.jpg
56978,,,,,c:\Users\LEGION\Documents\jupyter_notebook\Fashion-Intelligence-System\A2_FashionDataset\FashionDataset\test\images_test\56978.jpg
56979,,,,,c:\Users\LEGION\Documents\jupyter_notebook\Fashion-Intelligence-System\A2_FashionDataset\FashionDataset\test\images_test\56979.jpg
56980,,,,,c:\Users\LEGION\Documents\jupyter_notebook\Fashion-Intelligence-System\A2_FashionDataset\FashionDataset\test\images_test\56980.jpg
56981,,,,,c:\Users\LEGION\Documents\jupyter_notebook\Fashion-Intelligence-System\A2_FashionDataset\FashionDataset\test\images_test\56981.jpg
56982,,,,,c:\Users\LEGION\Documents\jupyter_notebook\Fashion-Intelligence-System\A2_FashionDataset\FashionDataset\test\images_test\56982.jpg
56983,,,,,c:\Users\LEGION\Documents\jupyter_notebook\Fashion-Intelligence-System\A2_FashionDataset\FashionDataset\test\images_test\56983.jpg
56984,,,,,c:\Users\LEGION\Documents\jupyter_notebook\Fashion-Intelligence-System\A2_FashionDataset\FashionDataset\test\images_test\56984.jpg
56985,,,,,c:\Users\LEGION\Documents\jupyter_notebook\Fashion-Intelligence-System\A2_FashionDataset\FashionDataset\test\images_test\56985.jpg
56986,,,,,c:\Users\LEGION\Documents\jupyter_notebook\Fashion-Intelligence-System\A2_FashionDataset\FashionDataset\test\images_test\56986.jpg
56987,,,,,c:\Users\LEGION\Documents\jupyter_notebook\Fashion-Intelligence-System\A2_FashionDataset\FashionDataset\test\images_test\56987.jpg
56988,,,,,c:\Users\LEGION\Documents\jupyter_notebook\Fashion-Intelligence-System\A2_FashionDataset\FashionDataset\test\images_test\56988.jpg
56989,,,,,c:\Users\LEGION\Documents\jupyter_notebook\Fashion-Intelligence-System\A2_FashionDataset\FashionDataset\test\images_test\56989.jpg
56990,,,,,c:\Users\LEGION\Documents\jupyter_notebook\Fashion-Intelligence-System\A2_FashionDataset\FashionDataset\test\images_test\56990.jpg
56991,,,,,c:\Users\LEGION\Documents\jupyter_notebook\Fashion-Intelligence-System\A2_FashionDataset\FashionDataset\test\images_test\56991.jpg
56992,,,,,c:\Users\LEGION\Documents\jupyter_notebook\Fashion-Intelligence-System\A2_FashionDataset\FashionDataset\test\images_test\56992.jpg
56993,,,,,c:\Users\LEGION\Documents\jupyter_notebook\Fashion-Intelligence-System\A2_FashionDataset\FashionDataset\test\images_test\56993.jpg
56994,,,,,c:\Users\LEGION\Documents\jupyter_notebook\Fashion-Intelligence-System\A2_FashionDataset\FashionDataset\test\images_test\56994.jpg
56995,,,,,c:\Users\LEGION\Documents\jupyter_notebook\Fashion-Intelligence-System\A2_FashionDataset\FashionDataset\test\images_test\56995.jpg
56996,,,,,c:\Users\LEGION\Documents\jupyter_notebook\Fashion-Intelligence-System\A2_FashionDataset\FashionDataset\test\images_test\56996.jpg
56997,,,,,c:\Users\LEGION\Documents\jupyter_notebook\Fashion-Intelligence-System\A2_FashionDataset\FashionDataset\test\images_test\56997.jpg
56998,,,,,c:\Users\LEGION\Documents\jupyter_notebook\Fashion-Intelligence-System\A2_FashionDataset\FashionDataset\test\images_test\56998.jpg
56999,,,,,c:\Users\LEGION\Documents\jupyter_notebook\Fashion-Intelligence-System\A2_FashionDataset\FashionDataset\test\images_test\56999.jpg
57000,,,,,c:\Users\LEGION\Documents\jupyter_notebook\Fashion-Intelligence-System\A2_FashionDataset\FashionDataset\test\images_test\57000.jpg
57001,,,,,c:\Users\LEGION\Documents\jupyter_notebook\Fashion-Intelligence-System\A2_FashionDataset\FashionDataset\test\images_test\57001.jpg
57002,,,,,c:\Users\LEGION\Documents\jupyter_notebook\Fashion-Intelligence-System\A2_FashionDataset\FashionDataset\test\images_test\57002.jpg
57003,,,,,c:\Users\LEGION\Documents\jupyter_notebook\Fashion-Intelligence-System\A2_FashionDataset\FashionDataset\test\images_test\57003.jpg
57004,,,,,c:\Users\LEGION\Documents\jupyter_notebook\Fashion-Intelligence-System\A2_FashionDataset\FashionDataset\test\images_test\57004.jpg
57005,,,,,c:\Users\LEGION\Documents\jupyter_notebook\Fashion-Intelligence-System\A2_FashionDataset\FashionDataset\test\images_test\57005.jpg
57006,,,,,c:\Users\LEGION\Documents\jupyter_notebook\Fashion-Intelligence-System\A2_FashionDataset\FashionDataset\test\images_test\57006.jpg
57007,,,,,c:\Users\LEGION\Documents\jupyter_notebook\Fashion-Intelligence-System\A2_FashionDataset\FashionDataset\test\images_test\57007.jpg
57008,,,,,c:\Users\LEGION\Documents\jupyter_notebook\Fashion-Intelligence-System\A2_FashionDataset\FashionDataset\test\images_test\57008.jpg
57009,,,,,c:\Users\LEGION\Documents\jupyter_notebook\Fashion-Intelligence-System\A2_FashionDataset\FashionDataset\test\images_test\57009.jpg
57010,,,,,c:\Users\LEGION\Documents\jupyter_notebook\Fashion-Intelligence-System\A2_FashionDataset\FashionDataset\test\images_test\57010.jpg
57011,,,,,c:\Users\LEGION\Documents\jupyter_notebook\Fashion-Intelligence-System\A2_FashionDataset\FashionDataset\test\images_test\57011.jpg
57012,,,,,c:\Users\LEGION\Documents\jupyter_notebook\Fashion-Intelligence-System\A2_FashionDataset\FashionDataset\test\images_test\57012.jpg
57013,,,,,c:\Users\LEGION\Documents\jupyter_notebook\Fashion-Intelligence-System\A2_FashionDataset\FashionDataset\test\images_test\57013.jpg
57014,,,,,c:\Users\LEGION\Documents\jupyter_notebook\Fashion-Intelligence-System\A2_FashionDataset\FashionDataset\test\images_test\57014.jpg
57015,,,,,c:\Users\LEGION\Documents\jupyter_notebook\Fashion-Intelligence-System\A2_FashionDataset\FashionDataset\test\images_test\57015.jpg
57016,,,,,c:\Users\LEGION\Documents\jupyter_notebook\Fashion-Intelligence-System\A2_FashionDataset\FashionDataset\test\images_test\57016.jpg
57017,,,,,c:\Users\LEGION\Documents\jupyter_notebook\Fashion-Intelligence-System\A2_FashionDataset\FashionDataset\test\images_test\57017.jpg
57018,,,,,c:\Users\LEGION\Documents\jupyter_notebook\Fashion-Intelligence-System\A2_FashionDataset\FashionDataset\test\images_test\57018.jpg
57019,,,,,c:\Users\LEGION\Documents\jupyter_notebook\Fashion-Intelligence-System\A2_FashionDataset\FashionDataset\test\images_test\57019.jpg
57021,,,,,c:\Users\LEGION\Documents\jupyter_notebook\Fashion-Intelligence-System\A2_FashionDataset\FashionDataset\test\images_test\57021.jpg
57022,,,,,c:\Users\LEGION\Documents\jupyter_notebook\Fashion-Intelligence-System\A2_FashionDataset\FashionDataset\test\images_test\57022.jpg
57023,,,,,c:\Users\LEGION\Documents\jupyter_notebook\Fashion-Intelligence-System\A2_FashionDataset\FashionDataset\test\images_test\57023.jpg
57024,,,,,c:\Users\LEGION\Documents\jupyter_notebook\Fashion-Intelligence-System\A2_FashionDataset\FashionDataset\test\images_test\57024.jpg
57025,,,,,c:\Users\LEGION\Documents\jupyter_notebook\Fashion-Intelligence-System\A2_FashionDataset\FashionDataset\test\images_test\57025.jpg
57026,,,,,c:\Users\LEGION\Documents\jupyter_notebook\Fashion-Intelligence-System\A2_FashionDataset\FashionDataset\test\images_test\57026.jpg
57027,,,,,c:\Users\LEGION\Documents\jupyter_notebook\Fashion-Intelligence-System\A2_FashionDataset\FashionDataset\test\images_test\57027.jpg
57028,,,,,c:\Users\LEGION\Documents\jupyter_notebook\Fashion-Intelligence-System\A2_FashionDataset\FashionDataset\test\images_test\57028.jpg
57029,,,,,c:\Users\LEGION\Documents\jupyter_notebook\Fashion-Intelligence-System\A2_FashionDataset\FashionDataset\test\images_test\57029.jpg
57030,,,,,c:\Users\LEGION\Documents\jupyter_notebook\Fashion-Intelligence-System\A2_FashionDataset\FashionDataset\test\images_test\57030.jpg
57031,,,,,c:\Users\LEGION\Documents\jupyter_notebook\Fashion-Intelligence-System\A2_FashionDataset\FashionDataset\test\images_test\57031.jpg
57032,,,,,c:\Users\LEGION\Documents\jupyter_notebook\Fashion-Intelligence-System\A2_FashionDataset\FashionDataset\test\images_test\57032.jpg
57033,,,,,c:\Users\LEGION\Documents\jupyter_notebook\Fashion-Intelligence-System\A2_FashionDataset\FashionDataset\test\images_test\57033.jpg
57034,,,,,c:\Users\LEGION\Documents\jupyter_notebook\Fashion-Intelligence-System\A2_FashionDataset\FashionDataset\test\images_test\57034.jpg
57035,,,,,c:\Users\LEGION\Documents\jupyter_notebook\Fashion-Intelligence-System\A2_FashionDataset\FashionDataset\test\images_test\57035.jpg
57036,,,,,c:\Users\LEGION\Documents\jupyter_notebook\Fashion-Intelligence-System\A2_FashionDataset\FashionDataset\test\images_test\57036.jpg
57037,,,,,c:\Users\LEGION\Documents\jupyter_notebook\Fashion-Intelligence-System\A2_FashionDataset\FashionDataset\test\images_test\57037.jpg
57038,,,,,c:\Users\LEGION\Documents\jupyter_notebook\Fashion-Intelligence-System\A2_FashionDataset\FashionDataset\test\images_test\57038.jpg
57039,,,,,c:\Users\LEGION\Documents\jupyter_notebook\Fashion-Intelligence-System\A2_FashionDataset\FashionDataset\test\images_test\57039.jpg
57040,,,,,c:\Users\LEGION\Documents\jupyter_notebook\Fashion-Intelligence-System\A2_FashionDataset\FashionDataset\test\images_test\57040.jpg
57041,,,,,c:\Users\LEGION\Documents\jupyter_notebook\Fashion-Intelligence-System\A2_FashionDataset\FashionDataset\test\images_test\57041.jpg
57042,,,,,c:\Users\LEGION\Documents\jupyter_notebook\Fashion-Intelligence-System\A2_FashionDataset\FashionDataset\test\images_test\57042.jpg
57043,,,,,c:\Users\LEGION\Documents\jupyter_notebook\Fashion-Intelligence-System\A2_FashionDataset\FashionDataset\test\images_test\57043.jpg
57044,,,,,c:\Users\LEGION\Documents\jupyter_notebook\Fashion-Intelligence-System\A2_FashionDataset\FashionDataset\test\images_test\57044.jpg
57045,,,,,c:\Users\LEGION\Documents\jupyter_notebook\Fashion-Intelligence-System\A2_FashionDataset\FashionDataset\test\images_test\57045.jpg
57046,,,,,c:\Users\LEGION\Documents\jupyter_notebook\Fashion-Intelligence-System\A2_FashionDataset\FashionDataset\test\images_test\57046.jpg
57047,,,,,c:\Users\LEGION\Documents\jupyter_notebook\Fashion-Intelligence-System\A2_FashionDataset\FashionDataset\test\images_test\57047.jpg
57048,,,,,c:\Users\LEGION\Documents\jupyter_notebook\Fashion-Intelligence-System\A2_FashionDataset\FashionDataset\test\images_test\57048.jpg
57049,,,,,c:\Users\LEGION\Documents\jupyter_notebook\Fashion-Intelligence-System\A2_FashionDataset\FashionDataset\test\images_test\57049.jpg
57050,,,,,c:\Users\LEGION\Documents\jupyter_notebook\Fashion-Intelligence-System\A2_FashionDataset\FashionDataset\test\images_test\57050.jpg
57051,,,,,c:\Users\LEGION\Documents\jupyter_notebook\Fashion-Intelligence-System\A2_FashionDataset\FashionDataset\test\images_test\57051.jpg
57052,,,,,c:\Users\LEGION\Documents\jupyter_notebook\Fashion-Intelligence-System\A2_FashionDataset\FashionDataset\test\images_test\57052.jpg
57053,,,,,c:\Users\LEGION\Documents\jupyter_notebook\Fashion-Intelligence-System\A2_FashionDataset\FashionDataset\test\images_test\57053.jpg
57054,,,,,c:\Users\LEGION\Documents\jupyter_notebook\Fashion-Intelligence-System\A2_FashionDataset\FashionDataset\test\images_test\57054.jpg
57055,,,,,c:\Users\LEGION\Documents\jupyter_notebook\Fashion-Intelligence-System\A2_FashionDataset\FashionDataset\test\images_test\57055.jpg
57056,,,,,c:\Users\LEGION\Documents\jupyter_notebook\Fashion-Intelligence-System\A2_FashionDataset\FashionDataset\test\images_test\57056.jpg
57057,,,,,c:\Users\LEGION\Documents\jupyter_notebook\Fashion-Intelligence-System\A2_FashionDataset\FashionDataset\test\images_test\57057.jpg
57058,,,,,c:\Users\LEGION\Documents\jupyter_notebook\Fashion-Intelligence-System\A2_FashionDataset\FashionDataset\test\images_test\57058.jpg
57059,,,,,c:\Users\LEGION\Documents\jupyter_notebook\Fashion-Intelligence-System\A2_FashionDataset\FashionDataset\test\images_test\57059.jpg
57060,,,,,c:\Users\LEGION\Documents\jupyter_notebook\Fashion-Intelligence-System\A2_FashionDataset\FashionDataset\test\images_test\57060.jpg
57061,,,,,c:\Users\LEGION\Documents\jupyter_notebook\Fashion-Intelligence-System\A2_FashionDataset\FashionDataset\test\images_test\57061.jpg
57062,,,,,c:\Users\LEGION\Documents\jupyter_notebook\Fashion-Intelligence-System\A2_FashionDataset\FashionDataset\test\images_test\57062.jpg
57063,,,,,c:\Users\LEGION\Documents\jupyter_notebook\Fashion-Intelligence-System\A2_FashionDataset\FashionDataset\test\images_test\57063.jpg
57064,,,,,c:\Users\LEGION\Documents\jupyter_notebook\Fashion-Intelligence-System\A2_FashionDataset\FashionDataset\test\images_test\57064.jpg
57065,,,,,c:\Users\LEGION\Documents\jupyter_notebook\Fashion-Intelligence-System\A2_FashionDataset\FashionDataset\test\images_test\57065.jpg
57066,,,,,c:\Users\LEGION\Documents\jupyter_notebook\Fashion-Intelligence-System\A2_FashionDataset\FashionDataset\test\images_test\57066.jpg
57067,,,,,c:\Users\LEGION\Documents\jupyter_notebook\Fashion-Intelligence-System\A2_FashionDataset\FashionDataset\test\images_test\57067.jpg
57068,,,,,c:\Users\LEGION\Documents\jupyter_notebook\Fashion-Intelligence-System\A2_FashionDataset\FashionDataset\test\images_test\57068.jpg
57069,,,,,c:\Users\LEGION\Documents\jupyter_notebook\Fashion-Intelligence-System\A2_FashionDataset\FashionDataset\test\images_test\57069.jpg
57070,,,,,c:\Users\LEGION\Documents\jupyter_notebook\Fashion-Intelligence-System\A2_FashionDataset\FashionDataset\test\images_test\57070.jpg
57071,,,,,c:\Users\LEGION\Documents\jupyter_notebook\Fashion-Intelligence-System\A2_FashionDataset\FashionDataset\test\images_test\57071.jpg
57072,,,,,c:\Users\LEGION\Documents\jupyter_notebook\Fashion-Intelligence-System\A2_FashionDataset\FashionDataset\test\images_test\57072.jpg
57073,,,,,c:\Users\LEGION\Documents\jupyter_notebook\Fashion-Intelligence-System\A2_FashionDataset\FashionDataset\test\images_test\57073.jpg
57074,,,,,c:\Users\LEGION\Documents\jupyter_notebook\Fashion-Intelligence-System\A2_FashionDataset\FashionDataset\test\images_test\57074.jpg
57075,,,,,c:\Users\LEGION\Documents\jupyter_notebook\Fashion-Intelligence-System\A2_FashionDataset\FashionDataset\test\images_test\57075.jpg
57076,,,,,c:\Users\LEGION\Documents\jupyter_notebook\Fashion-Intelligence-System\A2_FashionDataset\FashionDataset\test\images_test\57076.jpg
57077,,,,,c:\Users\LEGION\Documents\jupyter_notebook\Fashion-Intelligence-System\A2_FashionDataset\FashionDataset\test\images_test\57077.jpg
57078,,,,,c:\Users\LEGION\Documents\jupyter_notebook\Fashion-Intelligence-System\A2_FashionDataset\FashionDataset\test\images_test\57078.jpg
57079,,,,,c:\Users\LEGION\Documents\jupyter_notebook\Fashion-Intelligence-System\A2_FashionDataset\FashionDataset\test\images_test\57079.jpg
57080,,,,,c:\Users\LEGION\Documents\jupyter_notebook\Fashion-Intelligence-System\A2_FashionDataset\FashionDataset\test\images_test\57080.jpg
57081,,,,,c:\Users\LEGION\Documents\jupyter_notebook\Fashion-Intelligence-System\A2_FashionDataset\FashionDataset\test\images_test\57081.jpg
57082,,,,,c:\Users\LEGION\Documents\jupyter_notebook\Fashion-Intelligence-System\A2_FashionDataset\FashionDataset\test\images_test\57082.jpg
57083,,,,,c:\Users\LEGION\Documents\jupyter_notebook\Fashion-Intelligence-System\A2_FashionDataset\FashionDataset\test\images_test\57083.jpg
57084,,,,,c:\Users\LEGION\Documents\jupyter_notebook\Fashion-Intelligence-System\A2_FashionDataset\FashionDataset\test\images_test\57084.jpg
57085,,,,,c:\Users\LEGION\Documents\jupyter_notebook\Fashion-Intelligence-System\A2_FashionDataset\FashionDataset\test\images_test\57085.jpg
57086,,,,,c:\Users\LEGION\Documents\jupyter_notebook\Fashion-Intelligence-System\A2_FashionDataset\FashionDataset\test\images_test\57086.jpg
57087,,,,,c:\Users\LEGION\Documents\jupyter_notebook\Fashion-Intelligence-System\A2_FashionDataset\FashionDataset\test\images_test\57087.jpg
57088,,,,,c:\Users\LEGION\Documents\jupyter_notebook\Fashion-Intelligence-System\A2_FashionDataset\FashionDataset\test\images_test\57088.jpg
57089,,,,,c:\Users\LEGION\Documents\jupyter_notebook\Fashion-Intelligence-System\A2_FashionDataset\FashionDataset\test\images_test\57089.jpg
57090,,,,,c:\Users\LEGION\Documents\jupyter_notebook\Fashion-Intelligence-System\A2_FashionDataset\FashionDataset\test\images_test\57090.jpg
57091,,,,,c:\Users\LEGION\Documents\jupyter_notebook\Fashion-Intelligence-System\A2_FashionDataset\FashionDataset\test\images_test\57091.jpg
57092,,,,,c:\Users\LEGION\Documents\jupyter_notebook\Fashion-Intelligence-System\A2_FashionDataset\FashionDataset\test\images_test\57092.jpg
57093,,,,,c:\Users\LEGION\Documents\jupyter_notebook\Fashion-Intelligence-System\A2_FashionDataset\FashionDataset\test\images_test\57093.jpg
57094,,,,,c:\Users\LEGION\Documents\jupyter_notebook\Fashion-Intelligence-System\A2_FashionDataset\FashionDataset\test\images_test\57094.jpg
57095,,,,,c:\Users\LEGION\Documents\jupyter_notebook\Fashion-Intelligence-System\A2_FashionDataset\FashionDataset\test\images_test\57095.jpg
57096,,,,,c:\Users\LEGION\Documents\jupyter_notebook\Fashion-Intelligence-System\A2_FashionDataset\FashionDataset\test\images_test\57096.jpg
57097,,,,,c:\Users\LEGION\Documents\jupyter_notebook\Fashion-Intelligence-System\A2_FashionDataset\FashionDataset\test\images_test\57097.jpg
57099,,,,,c:\Users\LEGION\Documents\jupyter_notebook\Fashion-Intelligence-System\A2_FashionDataset\FashionDataset\test\images_test\57099.jpg
57100,,,,,c:\Users\LEGION\Documents\jupyter_notebook\Fashion-Intelligence-System\A2_FashionDataset\FashionDataset\test\images_test\57100.jpg
57101,,,,,c:\Users\LEGION\Documents\jupyter_notebook\Fashion-Intelligence-System\A2_FashionDataset\FashionDataset\test\images_test\57101.jpg
57102,,,,,c:\Users\LEGION\Documents\jupyter_notebook\Fashion-Intelligence-System\A2_FashionDataset\FashionDataset\test\images_test\57102.jpg
57103,,,,,c:\Users\LEGION\Documents\jupyter_notebook\Fashion-Intelligence-System\A2_FashionDataset\FashionDataset\test\images_test\57103.jpg
57104,,,,,c:\Users\LEGION\Documents\jupyter_notebook\Fashion-Intelligence-System\A2_FashionDataset\FashionDataset\test\images_test\57104.jpg
57105,,,,,c:\Users\LEGION\Documents\jupyter_notebook\Fashion-Intelligence-System\A2_FashionDataset\FashionDataset\test\images_test\57105.jpg
57106,,,,,c:\Users\LEGION\Documents\jupyter_notebook\Fashion-Intelligence-System\A2_FashionDataset\FashionDataset\test\images_test\57106.jpg
57107,,,,,c:\Users\LEGION\Documents\jupyter_notebook\Fashion-Intelligence-System\A2_FashionDataset\FashionDataset\test\images_test\57107.jpg
57108,,,,,c:\Users\LEGION\Documents\jupyter_notebook\Fashion-Intelligence-System\A2_FashionDataset\FashionDataset\test\images_test\57108.jpg
57109,,,,,c:\Users\LEGION\Documents\jupyter_notebook\Fashion-Intelligence-System\A2_FashionDataset\FashionDataset\test\images_test\57109.jpg
57110,,,,,c:\Users\LEGION\Documents\jupyter_notebook\Fashion-Intelligence-System\A2_FashionDataset\FashionDataset\test\images_test\57110.jpg
57111,,,,,c:\Users\LEGION\Documents\jupyter_notebook\Fashion-Intelligence-System\A2_FashionDataset\FashionDataset\test\images_test\57111.jpg
57112,,,,,c:\Users\LEGION\Documents\jupyter_notebook\Fashion-Intelligence-System\A2_FashionDataset\FashionDataset\test\images_test\57112.jpg
57114,,,,,c:\Users\LEGION\Documents\jupyter_notebook\Fashion-Intelligence-System\A2_FashionDataset\FashionDataset\test\images_test\57114.jpg
57115,,,,,c:\Users\LEGION\Documents\jupyter_notebook\Fashion-Intelligence-System\A2_FashionDataset\FashionDataset\test\images_test\57115.jpg
57116,,,,,c:\Users\LEGION\Documents\jupyter_notebook\Fashion-Intelligence-System\A2_FashionDataset\FashionDataset\test\images_test\57116.jpg
57117,,,,,c:\Users\LEGION\Documents\jupyter_notebook\Fashion-Intelligence-System\A2_FashionDataset\FashionDataset\test\images_test\57117.jpg
57118,,,,,c:\Users\LEGION\Documents\jupyter_notebook\Fashion-Intelligence-System\A2_FashionDataset\FashionDataset\test\images_test\57118.jpg
57119,,,,,c:\Users\LEGION\Documents\jupyter_notebook\Fashion-Intelligence-System\A2_FashionDataset\FashionDataset\test\images_test\57119.jpg
57120,,,,,c:\Users\LEGION\Documents\jupyter_notebook\Fashion-Intelligence-System\A2_FashionDataset\FashionDataset\test\images_test\57120.jpg
57121,,,,,c:\Users\LEGION\Documents\jupyter_notebook\Fashion-Intelligence-System\A2_FashionDataset\FashionDataset\test\images_test\57121.jpg
57122,,,,,c:\Users\LEGION\Documents\jupyter_notebook\Fashion-Intelligence-System\A2_FashionDataset\FashionDataset\test\images_test\57122.jpg
57123,,,,,c:\Users\LEGION\Documents\jupyter_notebook\Fashion-Intelligence-System\A2_FashionDataset\FashionDataset\test\images_test\57123.jpg
57124,,,,,c:\Users\LEGION\Documents\jupyter_notebook\Fashion-Intelligence-System\A2_FashionDataset\FashionDataset\test\images_test\57124.jpg
57125,,,,,c:\Users\LEGION\Documents\jupyter_notebook\Fashion-Intelligence-System\A2_FashionDataset\FashionDataset\test\images_test\57125.jpg
57126,,,,,c:\Users\LEGION\Documents\jupyter_notebook\Fashion-Intelligence-System\A2_FashionDataset\FashionDataset\test\images_test\57126.jpg
57127,,,,,c:\Users\LEGION\Documents\jupyter_notebook\Fashion-Intelligence-System\A2_FashionDataset\FashionDataset\test\images_test\57127.jpg
57128,,,,,c:\Users\LEGION\Documents\jupyter_notebook\Fashion-Intelligence-System\A2_FashionDataset\FashionDataset\test\images_test\57128.jpg
57129,,,,,c:\Users\LEGION\Documents\jupyter_notebook\Fashion-Intelligence-System\A2_FashionDataset\FashionDataset\test\images_test\57129.jpg
57130,,,,,c:\Users\LEGION\Documents\jupyter_notebook\Fashion-Intelligence-System\A2_FashionDataset\FashionDataset\test\images_test\57130.jpg
57131,,,,,c:\Users\LEGION\Documents\jupyter_notebook\Fashion-Intelligence-System\A2_FashionDataset\FashionDataset\test\images_test\57131.jpg
57132,,,,,c:\Users\LEGION\Documents\jupyter_notebook\Fashion-Intelligence-System\A2_FashionDataset\FashionDataset\test\images_test\57132.jpg
57133,,,,,c:\Users\LEGION\Documents\jupyter_notebook\Fashion-Intelligence-System\A2_FashionDataset\FashionDataset\test\images_test\57133.jpg
57134,,,,,c:\Users\LEGION\Documents\jupyter_notebook\Fashion-Intelligence-System\A2_FashionDataset\FashionDataset\test\images_test\57134.jpg
57135,,,,,c:\Users\LEGION\Documents\jupyter_notebook\Fashion-Intelligence-System\A2_FashionDataset\FashionDataset\test\images_test\57135.jpg
57136,,,,,c:\Users\LEGION\Documents\jupyter_notebook\Fashion-Intelligence-System\A2_FashionDataset\FashionDataset\test\images_test\57136.jpg
57137,,,,,c:\Users\LEGION\Documents\jupyter_notebook\Fashion-Intelligence-System\A2_FashionDataset\FashionDataset\test\images_test\57137.jpg
57138,,,,,c:\Users\LEGION\Documents\jupyter_notebook\Fashion-Intelligence-System\A2_FashionDataset\FashionDataset\test\images_test\57138.jpg
57139,,,,,c:\Users\LEGION\Documents\jupyter_notebook\Fashion-Intelligence-System\A2_FashionDataset\FashionDataset\test\images_test\57139.jpg
57140,,,,,c:\Users\LEGION\Documents\jupyter_notebook\Fashion-Intelligence-System\A2_FashionDataset\FashionDataset\test\images_test\57140.jpg
57141,,,,,c:\Users\LEGION\Documents\jupyter_notebook\Fashion-Intelligence-System\A2_FashionDataset\FashionDataset\test\images_test\57141.jpg
57142,,,,,c:\Users\LEGION\Documents\jupyter_notebook\Fashion-Intelligence-System\A2_FashionDataset\FashionDataset\test\images_test\57142.jpg
57143,,,,,c:\Users\LEGION\Documents\jupyter_notebook\Fashion-Intelligence-System\A2_FashionDataset\FashionDataset\test\images_test\57143.jpg
57144,,,,,c:\Users\LEGION\Documents\jupyter_notebook\Fashion-Intelligence-System\A2_FashionDataset\FashionDataset\test\images_test\57144.jpg
57145,,,,,c:\Users\LEGION\Documents\jupyter_notebook\Fashion-Intelligence-System\A2_FashionDataset\FashionDataset\test\images_test\57145.jpg
57146,,,,,c:\Users\LEGION\Documents\jupyter_notebook\Fashion-Intelligence-System\A2_FashionDataset\FashionDataset\test\images_test\57146.jpg
57147,,,,,c:\Users\LEGION\Documents\jupyter_notebook\Fashion-Intelligence-System\A2_FashionDataset\FashionDataset\test\images_test\57147.jpg
57148,,,,,c:\Users\LEGION\Documents\jupyter_notebook\Fashion-Intelligence-System\A2_FashionDataset\FashionDataset\test\images_test\57148.jpg
57149,,,,,c:\Users\LEGION\Documents\jupyter_notebook\Fashion-Intelligence-System\A2_FashionDataset\FashionDataset\test\images_test\57149.jpg
57150,,,,,c:\Users\LEGION\Documents\jupyter_notebook\Fashion-Intelligence-System\A2_FashionDataset\FashionDataset\test\images_test\57150.jpg
57151,,,,,c:\Users\LEGION\Documents\jupyter_notebook\Fashion-Intelligence-System\A2_FashionDataset\FashionDataset\test\images_test\57151.jpg
57152,,,,,c:\Users\LEGION\Documents\jupyter_notebook\Fashion-Intelligence-System\A2_FashionDataset\FashionDataset\test\images_test\57152.jpg
57153,,,,,c:\Users\LEGION\Documents\jupyter_notebook\Fashion-Intelligence-System\A2_FashionDataset\FashionDataset\test\images_test\57153.jpg
57154,,,,,c:\Users\LEGION\Documents\jupyter_notebook\Fashion-Intelligence-System\A2_FashionDataset\FashionDataset\test\images_test\57154.jpg
57155,,,,,c:\Users\LEGION\Documents\jupyter_notebook\Fashion-Intelligence-System\A2_FashionDataset\FashionDataset\test\images_test\57155.jpg
57156,,,,,c:\Users\LEGION\Documents\jupyter_notebook\Fashion-Intelligence-System\A2_FashionDataset\FashionDataset\test\images_test\57156.jpg
57157,,,,,c:\Users\LEGION\Documents\jupyter_notebook\Fashion-Intelligence-System\A2_FashionDataset\FashionDataset\test\images_test\57157.jpg
57158,,,,,c:\Users\LEGION\Documents\jupyter_notebook\Fashion-Intelligence-System\A2_FashionDataset\FashionDataset\test\images_test\57158.jpg
57159,,,,,c:\Users\LEGION\Documents\jupyter_notebook\Fashion-Intelligence-System\A2_FashionDataset\FashionDataset\test\images_test\57159.jpg
57160,,,,,c:\Users\LEGION\Documents\jupyter_notebook\Fashion-Intelligence-System\A2_FashionDataset\FashionDataset\test\images_test\57160.jpg
57161,,,,,c:\Users\LEGION\Documents\jupyter_notebook\Fashion-Intelligence-System\A2_FashionDataset\FashionDataset\test\images_test\57161.jpg
57162,,,,,c:\Users\LEGION\Documents\jupyter_notebook\Fashion-Intelligence-System\A2_FashionDataset\FashionDataset\test\images_test\57162.jpg
57163,,,,,c:\Users\LEGION\Documents\jupyter_notebook\Fashion-Intelligence-System\A2_FashionDataset\FashionDataset\test\images_test\57163.jpg
57164,,,,,c:\Users\LEGION\Documents\jupyter_notebook\Fashion-Intelligence-System\A2_FashionDataset\FashionDataset\test\images_test\57164.jpg
57165,,,,,c:\Users\LEGION\Documents\jupyter_notebook\Fashion-Intelligence-System\A2_FashionDataset\FashionDataset\test\images_test\57165.jpg
57166,,,,,c:\Users\LEGION\Documents\jupyter_notebook\Fashion-Intelligence-System\A2_FashionDataset\FashionDataset\test\images_test\57166.jpg
57167,,,,,c:\Users\LEGION\Documents\jupyter_notebook\Fashion-Intelligence-System\A2_FashionDataset\FashionDataset\test\images_test\57167.jpg
57168,,,,,c:\Users\LEGION\Documents\jupyter_notebook\Fashion-Intelligence-System\A2_FashionDataset\FashionDataset\test\images_test\57168.jpg
57169,,,,,c:\Users\LEGION\Documents\jupyter_notebook\Fashion-Intelligence-System\A2_FashionDataset\FashionDataset\test\images_test\57169.jpg
57170,,,,,c:\Users\LEGION\Documents\jupyter_notebook\Fashion-Intelligence-System\A2_FashionDataset\FashionDataset\test\images_test\57170.jpg
57171,,,,,c:\Users\LEGION\Documents\jupyter_notebook\Fashion-Intelligence-System\A2_FashionDataset\FashionDataset\test\images_test\57171.jpg
57172,,,,,c:\Users\LEGION\Documents\jupyter_notebook\Fashion-Intelligence-System\A2_FashionDataset\FashionDataset\test\images_test\57172.jpg
57173,,,,,c:\Users\LEGION\Documents\jupyter_notebook\Fashion-Intelligence-System\A2_FashionDataset\FashionDataset\test\images_test\57173.jpg
57174,,,,,c:\Users\LEGION\Documents\jupyter_notebook\Fashion-Intelligence-System\A2_FashionDataset\FashionDataset\test\images_test\57174.jpg
57175,,,,,c:\Users\LEGION\Documents\jupyter_notebook\Fashion-Intelligence-System\A2_FashionDataset\FashionDataset\test\images_test\57175.jpg
57176,,,,,c:\Users\LEGION\Documents\jupyter_notebook\Fashion-Intelligence-System\A2_FashionDataset\FashionDataset\test\images_test\57176.jpg
57177,,,,,c:\Users\LEGION\Documents\jupyter_notebook\Fashion-Intelligence-System\A2_FashionDataset\FashionDataset\test\images_test\57177.jpg
57178,,,,,c:\Users\LEGION\Documents\jupyter_notebook\Fashion-Intelligence-System\A2_FashionDataset\FashionDataset\test\images_test\57178.jpg
57179,,,,,c:\Users\LEGION\Documents\jupyter_notebook\Fashion-Intelligence-System\A2_FashionDataset\FashionDataset\test\images_test\57179.jpg
57180,,,,,c:\Users\LEGION\Documents\jupyter_notebook\Fashion-Intelligence-System\A2_FashionDataset\FashionDataset\test\images_test\57180.jpg
57181,,,,,c:\Users\LEGION\Documents\jupyter_notebook\Fashion-Intelligence-System\A2_FashionDataset\FashionDataset\test\images_test\57181.jpg
57182,,,,,c:\Users\LEGION\Documents\jupyter_notebook\Fashion-Intelligence-System\A2_FashionDataset\FashionDataset\test\images_test\57182.jpg
57183,,,,,c:\Users\LEGION\Documents\jupyter_notebook\Fashion-Intelligence-System\A2_FashionDataset\FashionDataset\test\images_test\57183.jpg
57184,,,,,c:\Users\LEGION\Documents\jupyter_notebook\Fashion-Intelligence-System\A2_FashionDataset\FashionDataset\test\images_test\57184.jpg
57185,,,,,c:\Users\LEGION\Documents\jupyter_notebook\Fashion-Intelligence-System\A2_FashionDataset\FashionDataset\test\images_test\57185.jpg
57186,,,,,c:\Users\LEGION\Documents\jupyter_notebook\Fashion-Intelligence-System\A2_FashionDataset\FashionDataset\test\images_test\57186.jpg
57187,,,,,c:\Users\LEGION\Documents\jupyter_notebook\Fashion-Intelligence-System\A2_FashionDataset\FashionDataset\test\images_test\57187.jpg
57188,,,,,c:\Users\LEGION\Documents\jupyter_notebook\Fashion-Intelligence-System\A2_FashionDataset\FashionDataset\test\images_test\57188.jpg
57189,,,,,c:\Users\LEGION\Documents\jupyter_notebook\Fashion-Intelligence-System\A2_FashionDataset\FashionDataset\test\images_test\57189.jpg
57190,,,,,c:\Users\LEGION\Documents\jupyter_notebook\Fashion-Intelligence-System\A2_FashionDataset\FashionDataset\test\images_test\57190.jpg
57191,,,,,c:\Users\LEGION\Documents\jupyter_notebook\Fashion-Intelligence-System\A2_FashionDataset\FashionDataset\test\images_test\57191.jpg
57192,,,,,c:\Users\LEGION\Documents\jupyter_notebook\Fashion-Intelligence-System\A2_FashionDataset\FashionDataset\test\images_test\57192.jpg
57193,,,,,c:\Users\LEGION\Documents\jupyter_notebook\Fashion-Intelligence-System\A2_FashionDataset\FashionDataset\test\images_test\57193.jpg
57194,,,,,c:\Users\LEGION\Documents\jupyter_notebook\Fashion-Intelligence-System\A2_FashionDataset\FashionDataset\test\images_test\57194.jpg
57195,,,,,c:\Users\LEGION\Documents\jupyter_notebook\Fashion-Intelligence-System\A2_FashionDataset\FashionDataset\test\images_test\57195.jpg
57196,,,,,c:\Users\LEGION\Documents\jupyter_notebook\Fashion-Intelligence-System\A2_FashionDataset\FashionDataset\test\images_test\57196.jpg
57197,,,,,c:\Users\LEGION\Documents\jupyter_notebook\Fashion-Intelligence-System\A2_FashionDataset\FashionDataset\test\images_test\57197.jpg
57198,,,,,c:\Users\LEGION\Documents\jupyter_notebook\Fashion-Intelligence-System\A2_FashionDataset\FashionDataset\test\images_test\57198.jpg
57199,,,,,c:\Users\LEGION\Documents\jupyter_notebook\Fashion-Intelligence-System\A2_FashionDataset\FashionDataset\test\images_test\57199.jpg
57200,,,,,c:\Users\LEGION\Documents\jupyter_notebook\Fashion-Intelligence-System\A2_FashionDataset\FashionDataset\test\images_test\57200.jpg
57201,,,,,c:\Users\LEGION\Documents\jupyter_notebook\Fashion-Intelligence-System\A2_FashionDataset\FashionDataset\test\images_test\57201.jpg
57202,,,,,c:\Users\LEGION\Documents\jupyter_notebook\Fashion-Intelligence-System\A2_FashionDataset\FashionDataset\test\images_test\57202.jpg
57203,,,,,c:\Users\LEGION\Documents\jupyter_notebook\Fashion-Intelligence-System\A2_FashionDataset\FashionDataset\test\images_test\57203.jpg
57204,,,,,c:\Users\LEGION\Documents\jupyter_notebook\Fashion-Intelligence-System\A2_FashionDataset\FashionDataset\test\images_test\57204.jpg
57205,,,,,c:\Users\LEGION\Documents\jupyter_notebook\Fashion-Intelligence-System\A2_FashionDataset\FashionDataset\test\images_test\57205.jpg
57207,,,,,c:\Users\LEGION\Documents\jupyter_notebook\Fashion-Intelligence-System\A2_FashionDataset\FashionDataset\test\images_test\57207.jpg
57208,,,,,c:\Users\LEGION\Documents\jupyter_notebook\Fashion-Intelligence-System\A2_FashionDataset\FashionDataset\test\images_test\57208.jpg
57209,,,,,c:\Users\LEGION\Documents\jupyter_notebook\Fashion-Intelligence-System\A2_FashionDataset\FashionDataset\test\images_test\57209.jpg
57210,,,,,c:\Users\LEGION\Documents\jupyter_notebook\Fashion-Intelligence-System\A2_FashionDataset\FashionDataset\test\images_test\57210.jpg
57211,,,,,c:\Users\LEGION\Documents\jupyter_notebook\Fashion-Intelligence-System\A2_FashionDataset\FashionDataset\test\images_test\57211.jpg
57212,,,,,c:\Users\LEGION\Documents\jupyter_notebook\Fashion-Intelligence-System\A2_FashionDataset\FashionDataset\test\images_test\57212.jpg
57213,,,,,c:\Users\LEGION\Documents\jupyter_notebook\Fashion-Intelligence-System\A2_FashionDataset\FashionDataset\test\images_test\57213.jpg
57214,,,,,c:\Users\LEGION\Documents\jupyter_notebook\Fashion-Intelligence-System\A2_FashionDataset\FashionDataset\test\images_test\57214.jpg
57215,,,,,c:\Users\LEGION\Documents\jupyter_notebook\Fashion-Intelligence-System\A2_FashionDataset\FashionDataset\test\images_test\57215.jpg
57216,,,,,c:\Users\LEGION\Documents\jupyter_notebook\Fashion-Intelligence-System\A2_FashionDataset\FashionDataset\test\images_test\57216.jpg
57217,,,,,c:\Users\LEGION\Documents\jupyter_notebook\Fashion-Intelligence-System\A2_FashionDataset\FashionDataset\test\images_test\57217.jpg
57218,,,,,c:\Users\LEGION\Documents\jupyter_notebook\Fashion-Intelligence-System\A2_FashionDataset\FashionDataset\test\images_test\57218.jpg
57225,,,,,c:\Users\LEGION\Documents\jupyter_notebook\Fashion-Intelligence-System\A2_FashionDataset\FashionDataset\test\images_test\57225.jpg
57226,,,,,c:\Users\LEGION\Documents\jupyter_notebook\Fashion-Intelligence-System\A2_FashionDataset\FashionDataset\test\images_test\57226.jpg
57229,,,,,c:\Users\LEGION\Documents\jupyter_notebook\Fashion-Intelligence-System\A2_FashionDataset\FashionDataset\test\images_test\57229.jpg
57230,,,,,c:\Users\LEGION\Documents\jupyter_notebook\Fashion-Intelligence-System\A2_FashionDataset\FashionDataset\test\images_test\57230.jpg
57231,,,,,c:\Users\LEGION\Documents\jupyter_notebook\Fashion-Intelligence-System\A2_FashionDataset\FashionDataset\test\images_test\57231.jpg
57235,,,,,c:\Users\LEGION\Documents\jupyter_notebook\Fashion-Intelligence-System\A2_FashionDataset\FashionDataset\test\images_test\57235.jpg
57236,,,,,c:\Users\LEGION\Documents\jupyter_notebook\Fashion-Intelligence-System\A2_FashionDataset\FashionDataset\test\images_test\57236.jpg
57237,,,,,c:\Users\LEGION\Documents\jupyter_notebook\Fashion-Intelligence-System\A2_FashionDataset\FashionDataset\test\images_test\57237.jpg
57238,,,,,c:\Users\LEGION\Documents\jupyter_notebook\Fashion-Intelligence-System\A2_FashionDataset\FashionDataset\test\images_test\57238.jpg
57239,,,,,c:\Users\LEGION\Documents\jupyter_notebook\Fashion-Intelligence-System\A2_FashionDataset\FashionDataset\test\images_test\57239.jpg
57240,,,,,c:\Users\LEGION\Documents\jupyter_notebook\Fashion-Intelligence-System\A2_FashionDataset\FashionDataset\test\images_test\57240.jpg
57241,,,,,c:\Users\LEGION\Documents\jupyter_notebook\Fashion-Intelligence-System\A2_FashionDataset\FashionDataset\test\images_test\57241.jpg
57242,,,,,c:\Users\LEGION\Documents\jupyter_notebook\Fashion-Intelligence-System\A2_FashionDataset\FashionDataset\test\images_test\57242.jpg
57243,,,,,c:\Users\LEGION\Documents\jupyter_notebook\Fashion-Intelligence-System\A2_FashionDataset\FashionDataset\test\images_test\57243.jpg
57244,,,,,c:\Users\LEGION\Documents\jupyter_notebook\Fashion-Intelligence-System\A2_FashionDataset\FashionDataset\test\images_test\57244.jpg
57246,,,,,c:\Users\LEGION\Documents\jupyter_notebook\Fashion-Intelligence-System\A2_FashionDataset\FashionDataset\test\images_test\57246.jpg
57247,,,,,c:\Users\LEGION\Documents\jupyter_notebook\Fashion-Intelligence-System\A2_FashionDataset\FashionDataset\test\images_test\57247.jpg
57252,,,,,c:\Users\LEGION\Documents\jupyter_notebook\Fashion-Intelligence-System\A2_FashionDataset\FashionDataset\test\images_test\57252.jpg
57253,,,,,c:\Users\LEGION\Documents\jupyter_notebook\Fashion-Intelligence-System\A2_FashionDataset\FashionDataset\test\images_test\57253.jpg
57254,,,,,c:\Users\LEGION\Documents\jupyter_notebook\Fashion-Intelligence-System\A2_FashionDataset\FashionDataset\test\images_test\57254.jpg
57255,,,,,c:\Users\LEGION\Documents\jupyter_notebook\Fashion-Intelligence-System\A2_FashionDataset\FashionDataset\test\images_test\57255.jpg
57256,,,,,c:\Users\LEGION\Documents\jupyter_notebook\Fashion-Intelligence-System\A2_FashionDataset\FashionDataset\test\images_test\57256.jpg
57258,,,,,c:\Users\LEGION\Documents\jupyter_notebook\Fashion-Intelligence-System\A2_FashionDataset\FashionDataset\test\images_test\57258.jpg
57259,,,,,c:\Users\LEGION\Documents\jupyter_notebook\Fashion-Intelligence-System\A2_FashionDataset\FashionDataset\test\images_test\57259.jpg
57261,,,,,c:\Users\LEGION\Documents\jupyter_notebook\Fashion-Intelligence-System\A2_FashionDataset\FashionDataset\test\images_test\57261.jpg
57262,,,,,c:\Users\LEGION\Documents\jupyter_notebook\Fashion-Intelligence-System\A2_FashionDataset\FashionDataset\test\images_test\57262.jpg
57263,,,,,c:\Users\LEGION\Documents\jupyter_notebook\Fashion-Intelligence-System\A2_FashionDataset\FashionDataset\test\images_test\57263.jpg
57264,,,,,c:\Users\LEGION\Documents\jupyter_notebook\Fashion-Intelligence-System\A2_FashionDataset\FashionDataset\test\images_test\57264.jpg
57266,,,,,c:\Users\LEGION\Documents\jupyter_notebook\Fashion-Intelligence-System\A2_FashionDataset\FashionDataset\test\images_test\57266.jpg
57268,,,,,c:\Users\LEGION\Documents\jupyter_notebook\Fashion-Intelligence-System\A2_FashionDataset\FashionDataset\test\images_test\57268.jpg
57273,,,,,c:\Users\LEGION\Documents\jupyter_notebook\Fashion-Intelligence-System\A2_FashionDataset\FashionDataset\test\images_test\57273.jpg
57274,,,,,c:\Users\LEGION\Documents\jupyter_notebook\Fashion-Intelligence-System\A2_FashionDataset\FashionDataset\test\images_test\57274.jpg
57275,,,,,c:\Users\LEGION\Documents\jupyter_notebook\Fashion-Intelligence-System\A2_FashionDataset\FashionDataset\test\images_test\57275.jpg
57276,,,,,c:\Users\LEGION\Documents\jupyter_notebook\Fashion-Intelligence-System\A2_FashionDataset\FashionDataset\test\images_test\57276.jpg
57277,,,,,c:\Users\LEGION\Documents\jupyter_notebook\Fashion-Intelligence-System\A2_FashionDataset\FashionDataset\test\images_test\57277.jpg
57280,,,,,c:\Users\LEGION\Documents\jupyter_notebook\Fashion-Intelligence-System\A2_FashionDataset\FashionDataset\test\images_test\57280.jpg
57281,,,,,c:\Users\LEGION\Documents\jupyter_notebook\Fashion-Intelligence-System\A2_FashionDataset\FashionDataset\test\images_test\57281.jpg
57282,,,,,c:\Users\LEGION\Documents\jupyter_notebook\Fashion-Intelligence-System\A2_FashionDataset\FashionDataset\test\images_test\57282.jpg
57283,,,,,c:\Users\LEGION\Documents\jupyter_notebook\Fashion-Intelligence-System\A2_FashionDataset\FashionDataset\test\images_test\57283.jpg
57284,,,,,c:\Users\LEGION\Documents\jupyter_notebook\Fashion-Intelligence-System\A2_FashionDataset\FashionDataset\test\images_test\57284.jpg
57285,,,,,c:\Users\LEGION\Documents\jupyter_notebook\Fashion-Intelligence-System\A2_FashionDataset\FashionDataset\test\images_test\57285.jpg
57286,,,,,c:\Users\LEGION\Documents\jupyter_notebook\Fashion-Intelligence-System\A2_FashionDataset\FashionDataset\test\images_test\57286.jpg
57287,,,,,c:\Users\LEGION\Documents\jupyter_notebook\Fashion-Intelligence-System\A2_FashionDataset\FashionDataset\test\images_test\57287.jpg
57288,,,,,c:\Users\LEGION\Documents\jupyter_notebook\Fashion-Intelligence-System\A2_FashionDataset\FashionDataset\test\images_test\57288.jpg
57289,,,,,c:\Users\LEGION\Documents\jupyter_notebook\Fashion-Intelligence-System\A2_FashionDataset\FashionDataset\test\images_test\57289.jpg
57290,,,,,c:\Users\LEGION\Documents\jupyter_notebook\Fashion-Intelligence-System\A2_FashionDataset\FashionDataset\test\images_test\57290.jpg
57291,,,,,c:\Users\LEGION\Documents\jupyter_notebook\Fashion-Intelligence-System\A2_FashionDataset\FashionDataset\test\images_test\57291.jpg
57292,,,,,c:\Users\LEGION\Documents\jupyter_notebook\Fashion-Intelligence-System\A2_FashionDataset\FashionDataset\test\images_test\57292.jpg
57293,,,,,c:\Users\LEGION\Documents\jupyter_notebook\Fashion-Intelligence-System\A2_FashionDataset\FashionDataset\test\images_test\57293.jpg
57294,,,,,c:\Users\LEGION\Documents\jupyter_notebook\Fashion-Intelligence-System\A2_FashionDataset\FashionDataset\test\images_test\57294.jpg
57295,,,,,c:\Users\LEGION\Documents\jupyter_notebook\Fashion-Intelligence-System\A2_FashionDataset\FashionDataset\test\images_test\57295.jpg
57296,,,,,c:\Users\LEGION\Documents\jupyter_notebook\Fashion-Intelligence-System\A2_FashionDataset\FashionDataset\test\images_test\57296.jpg
57297,,,,,c:\Users\LEGION\Documents\jupyter_notebook\Fashion-Intelligence-System\A2_FashionDataset\FashionDataset\test\images_test\57297.jpg
57298,,,,,c:\Users\LEGION\Documents\jupyter_notebook\Fashion-Intelligence-System\A2_FashionDataset\FashionDataset\test\images_test\57298.jpg
57299,,,,,c:\Users\LEGION\Documents\jupyter_notebook\Fashion-Intelligence-System\A2_FashionDataset\FashionDataset\test\images_test\57299.jpg
57300,,,,,c:\Users\LEGION\Documents\jupyter_notebook\Fashion-Intelligence-System\A2_FashionDataset\FashionDataset\test\images_test\57300.jpg
57301,,,,,c:\Users\LEGION\Documents\jupyter_notebook\Fashion-Intelligence-System\A2_FashionDataset\FashionDataset\test\images_test\57301.jpg
57302,,,,,c:\Users\LEGION\Documents\jupyter_notebook\Fashion-Intelligence-System\A2_FashionDataset\FashionDataset\test\images_test\57302.jpg
57303,,,,,c:\Users\LEGION\Documents\jupyter_notebook\Fashion-Intelligence-System\A2_FashionDataset\FashionDataset\test\images_test\57303.jpg
57304,,,,,c:\Users\LEGION\Documents\jupyter_notebook\Fashion-Intelligence-System\A2_FashionDataset\FashionDataset\test\images_test\57304.jpg
57305,,,,,c:\Users\LEGION\Documents\jupyter_notebook\Fashion-Intelligence-System\A2_FashionDataset\FashionDataset\test\images_test\57305.jpg
57306,,,,,c:\Users\LEGION\Documents\jupyter_notebook\Fashion-Intelligence-System\A2_FashionDataset\FashionDataset\test\images_test\57306.jpg
57307,,,,,c:\Users\LEGION\Documents\jupyter_notebook\Fashion-Intelligence-System\A2_FashionDataset\FashionDataset\test\images_test\57307.jpg
57308,,,,,c:\Users\LEGION\Documents\jupyter_notebook\Fashion-Intelligence-System\A2_FashionDataset\FashionDataset\test\images_test\57308.jpg
57309,,,,,c:\Users\LEGION\Documents\jupyter_notebook\Fashion-Intelligence-System\A2_FashionDataset\FashionDataset\test\images_test\57309.jpg
57310,,,,,c:\Users\LEGION\Documents\jupyter_notebook\Fashion-Intelligence-System\A2_FashionDataset\FashionDataset\test\images_test\57310.jpg
57311,,,,,c:\Users\LEGION\Documents\jupyter_notebook\Fashion-Intelligence-System\A2_FashionDataset\FashionDataset\test\images_test\57311.jpg
57312,,,,,c:\Users\LEGION\Documents\jupyter_notebook\Fashion-Intelligence-System\A2_FashionDataset\FashionDataset\test\images_test\57312.jpg
57313,,,,,c:\Users\LEGION\Documents\jupyter_notebook\Fashion-Intelligence-System\A2_FashionDataset\FashionDataset\test\images_test\57313.jpg
57316,,,,,c:\Users\LEGION\Documents\jupyter_notebook\Fashion-Intelligence-System\A2_FashionDataset\FashionDataset\test\images_test\57316.jpg
57318,,,,,c:\Users\LEGION\Documents\jupyter_notebook\Fashion-Intelligence-System\A2_FashionDataset\FashionDataset\test\images_test\57318.jpg
57319,,,,,c:\Users\LEGION\Documents\jupyter_notebook\Fashion-Intelligence-System\A2_FashionDataset\FashionDataset\test\images_test\57319.jpg
57320,,,,,c:\Users\LEGION\Documents\jupyter_notebook\Fashion-Intelligence-System\A2_FashionDataset\FashionDataset\test\images_test\57320.jpg
57321,,,,,c:\Users\LEGION\Documents\jupyter_notebook\Fashion-Intelligence-System\A2_FashionDataset\FashionDataset\test\images_test\57321.jpg
57322,,,,,c:\Users\LEGION\Documents\jupyter_notebook\Fashion-Intelligence-System\A2_FashionDataset\FashionDataset\test\images_test\57322.jpg
57323,,,,,c:\Users\LEGION\Documents\jupyter_notebook\Fashion-Intelligence-System\A2_FashionDataset\FashionDataset\test\images_test\57323.jpg
57324,,,,,c:\Users\LEGION\Documents\jupyter_notebook\Fashion-Intelligence-System\A2_FashionDataset\FashionDataset\test\images_test\57324.jpg
57325,,,,,c:\Users\LEGION\Documents\jupyter_notebook\Fashion-Intelligence-System\A2_FashionDataset\FashionDataset\test\images_test\57325.jpg
57326,,,,,c:\Users\LEGION\Documents\jupyter_notebook\Fashion-Intelligence-System\A2_FashionDataset\FashionDataset\test\images_test\57326.jpg
57327,,,,,c:\Users\LEGION\Documents\jupyter_notebook\Fashion-Intelligence-System\A2_FashionDataset\FashionDataset\test\images_test\57327.jpg
57328,,,,,c:\Users\LEGION\Documents\jupyter_notebook\Fashion-Intelligence-System\A2_FashionDataset\FashionDataset\test\images_test\57328.jpg
57329,,,,,c:\Users\LEGION\Documents\jupyter_notebook\Fashion-Intelligence-System\A2_FashionDataset\FashionDataset\test\images_test\57329.jpg
57330,,,,,c:\Users\LEGION\Documents\jupyter_notebook\Fashion-Intelligence-System\A2_FashionDataset\FashionDataset\test\images_test\57330.jpg
57331,,,,,c:\Users\LEGION\Documents\jupyter_notebook\Fashion-Intelligence-System\A2_FashionDataset\FashionDataset\test\images_test\57331.jpg
57333,,,,,c:\Users\LEGION\Documents\jupyter_notebook\Fashion-Intelligence-System\A2_FashionDataset\FashionDataset\test\images_test\57333.jpg
57334,,,,,c:\Users\LEGION\Documents\jupyter_notebook\Fashion-Intelligence-System\A2_FashionDataset\FashionDataset\test\images_test\57334.jpg
57335,,,,,c:\Users\LEGION\Documents\jupyter_notebook\Fashion-Intelligence-System\A2_FashionDataset\FashionDataset\test\images_test\57335.jpg
57336,,,,,c:\Users\LEGION\Documents\jupyter_notebook\Fashion-Intelligence-System\A2_FashionDataset\FashionDataset\test\images_test\57336.jpg
57338,,,,,c:\Users\LEGION\Documents\jupyter_notebook\Fashion-Intelligence-System\A2_FashionDataset\FashionDataset\test\images_test\57338.jpg
57339,,,,,c:\Users\LEGION\Documents\jupyter_notebook\Fashion-Intelligence-System\A2_FashionDataset\FashionDataset\test\images_test\57339.jpg
57340,,,,,c:\Users\LEGION\Documents\jupyter_notebook\Fashion-Intelligence-System\A2_FashionDataset\FashionDataset\test\images_test\57340.jpg
57342,,,,,c:\Users\LEGION\Documents\jupyter_notebook\Fashion-Intelligence-System\A2_FashionDataset\FashionDataset\test\images_test\57342.jpg
57343,,,,,c:\Users\LEGION\Documents\jupyter_notebook\Fashion-Intelligence-System\A2_FashionDataset\FashionDataset\test\images_test\57343.jpg
57344,,,,,c:\Users\LEGION\Documents\jupyter_notebook\Fashion-Intelligence-System\A2_FashionDataset\FashionDataset\test\images_test\57344.jpg
57345,,,,,c:\Users\LEGION\Documents\jupyter_notebook\Fashion-Intelligence-System\A2_FashionDataset\FashionDataset\test\images_test\57345.jpg
57346,,,,,c:\Users\LEGION\Documents\jupyter_notebook\Fashion-Intelligence-System\A2_FashionDataset\FashionDataset\test\images_test\57346.jpg
57347,,,,,c:\Users\LEGION\Documents\jupyter_notebook\Fashion-Intelligence-System\A2_FashionDataset\FashionDataset\test\images_test\57347.jpg
57348,,,,,c:\Users\LEGION\Documents\jupyter_notebook\Fashion-Intelligence-System\A2_FashionDataset\FashionDataset\test\images_test\57348.jpg
57349,,,,,c:\Users\LEGION\Documents\jupyter_notebook\Fashion-Intelligence-System\A2_FashionDataset\FashionDataset\test\images_test\57349.jpg
57350,,,,,c:\Users\LEGION\Documents\jupyter_notebook\Fashion-Intelligence-System\A2_FashionDataset\FashionDataset\test\images_test\57350.jpg
57351,,,,,c:\Users\LEGION\Documents\jupyter_notebook\Fashion-Intelligence-System\A2_FashionDataset\FashionDataset\test\images_test\57351.jpg
57352,,,,,c:\Users\LEGION\Documents\jupyter_notebook\Fashion-Intelligence-System\A2_FashionDataset\FashionDataset\test\images_test\57352.jpg
57353,,,,,c:\Users\LEGION\Documents\jupyter_notebook\Fashion-Intelligence-System\A2_FashionDataset\FashionDataset\test\images_test\57353.jpg
57354,,,,,c:\Users\LEGION\Documents\jupyter_notebook\Fashion-Intelligence-System\A2_FashionDataset\FashionDataset\test\images_test\57354.jpg
57355,,,,,c:\Users\LEGION\Documents\jupyter_notebook\Fashion-Intelligence-System\A2_FashionDataset\FashionDataset\test\images_test\57355.jpg
57356,,,,,c:\Users\LEGION\Documents\jupyter_notebook\Fashion-Intelligence-System\A2_FashionDataset\FashionDataset\test\images_test\57356.jpg
57357,,,,,c:\Users\LEGION\Documents\jupyter_notebook\Fashion-Intelligence-System\A2_FashionDataset\FashionDataset\test\images_test\57357.jpg
57358,,,,,c:\Users\LEGION\Documents\jupyter_notebook\Fashion-Intelligence-System\A2_FashionDataset\FashionDataset\test\images_test\57358.jpg
57359,,,,,c:\Users\LEGION\Documents\jupyter_notebook\Fashion-Intelligence-System\A2_FashionDataset\FashionDataset\test\images_test\57359.jpg
57360,,,,,c:\Users\LEGION\Documents\jupyter_notebook\Fashion-Intelligence-System\A2_FashionDataset\FashionDataset\test\images_test\57360.jpg
57361,,,,,c:\Users\LEGION\Documents\jupyter_notebook\Fashion-Intelligence-System\A2_FashionDataset\FashionDataset\test\images_test\57361.jpg
57362,,,,,c:\Users\LEGION\Documents\jupyter_notebook\Fashion-Intelligence-System\A2_FashionDataset\FashionDataset\test\images_test\57362.jpg
57363,,,,,c:\Users\LEGION\Documents\jupyter_notebook\Fashion-Intelligence-System\A2_FashionDataset\FashionDataset\test\images_test\57363.jpg
57365,,,,,c:\Users\LEGION\Documents\jupyter_notebook\Fashion-Intelligence-System\A2_FashionDataset\FashionDataset\test\images_test\57365.jpg
57366,,,,,c:\Users\LEGION\Documents\jupyter_notebook\Fashion-Intelligence-System\A2_FashionDataset\FashionDataset\test\images_test\57366.jpg
57367,,,,,c:\Users\LEGION\Documents\jupyter_notebook\Fashion-Intelligence-System\A2_FashionDataset\FashionDataset\test\images_test\57367.jpg
57368,,,,,c:\Users\LEGION\Documents\jupyter_notebook\Fashion-Intelligence-System\A2_FashionDataset\FashionDataset\test\images_test\57368.jpg
57369,,,,,c:\Users\LEGION\Documents\jupyter_notebook\Fashion-Intelligence-System\A2_FashionDataset\FashionDataset\test\images_test\57369.jpg
57370,,,,,c:\Users\LEGION\Documents\jupyter_notebook\Fashion-Intelligence-System\A2_FashionDataset\FashionDataset\test\images_test\57370.jpg
57371,,,,,c:\Users\LEGION\Documents\jupyter_notebook\Fashion-Intelligence-System\A2_FashionDataset\FashionDataset\test\images_test\57371.jpg
57372,,,,,c:\Users\LEGION\Documents\jupyter_notebook\Fashion-Intelligence-System\A2_FashionDataset\FashionDataset\test\images_test\57372.jpg
57373,,,,,c:\Users\LEGION\Documents\jupyter_notebook\Fashion-Intelligence-System\A2_FashionDataset\FashionDataset\test\images_test\57373.jpg
57374,,,,,c:\Users\LEGION\Documents\jupyter_notebook\Fashion-Intelligence-System\A2_FashionDataset\FashionDataset\test\images_test\57374.jpg
57375,,,,,c:\Users\LEGION\Documents\jupyter_notebook\Fashion-Intelligence-System\A2_FashionDataset\FashionDataset\test\images_test\57375.jpg
57376,,,,,c:\Users\LEGION\Documents\jupyter_notebook\Fashion-Intelligence-System\A2_FashionDataset\FashionDataset\test\images_test\57376.jpg
57378,,,,,c:\Users\LEGION\Documents\jupyter_notebook\Fashion-Intelligence-System\A2_FashionDataset\FashionDataset\test\images_test\57378.jpg
57379,,,,,c:\Users\LEGION\Documents\jupyter_notebook\Fashion-Intelligence-System\A2_FashionDataset\FashionDataset\test\images_test\57379.jpg
57380,,,,,c:\Users\LEGION\Documents\jupyter_notebook\Fashion-Intelligence-System\A2_FashionDataset\FashionDataset\test\images_test\57380.jpg
57382,,,,,c:\Users\LEGION\Documents\jupyter_notebook\Fashion-Intelligence-System\A2_FashionDataset\FashionDataset\test\images_test\57382.jpg
57383,,,,,c:\Users\LEGION\Documents\jupyter_notebook\Fashion-Intelligence-System\A2_FashionDataset\FashionDataset\test\images_test\57383.jpg
57384,,,,,c:\Users\LEGION\Documents\jupyter_notebook\Fashion-Intelligence-System\A2_FashionDataset\FashionDataset\test\images_test\57384.jpg
57388,,,,,c:\Users\LEGION\Documents\jupyter_notebook\Fashion-Intelligence-System\A2_FashionDataset\FashionDataset\test\images_test\57388.jpg
57389,,,,,c:\Users\LEGION\Documents\jupyter_notebook\Fashion-Intelligence-System\A2_FashionDataset\FashionDataset\test\images_test\57389.jpg
57390,,,,,c:\Users\LEGION\Documents\jupyter_notebook\Fashion-Intelligence-System\A2_FashionDataset\FashionDataset\test\images_test\57390.jpg
57391,,,,,c:\Users\LEGION\Documents\jupyter_notebook\Fashion-Intelligence-System\A2_FashionDataset\FashionDataset\test\images_test\57391.jpg
57392,,,,,c:\Users\LEGION\Documents\jupyter_notebook\Fashion-Intelligence-System\A2_FashionDataset\FashionDataset\test\images_test\57392.jpg
57393,,,,,c:\Users\LEGION\Documents\jupyter_notebook\Fashion-Intelligence-System\A2_FashionDataset\FashionDataset\test\images_test\57393.jpg
57395,,,,,c:\Users\LEGION\Documents\jupyter_notebook\Fashion-Intelligence-System\A2_FashionDataset\FashionDataset\test\images_test\57395.jpg
57397,,,,,c:\Users\LEGION\Documents\jupyter_notebook\Fashion-Intelligence-System\A2_FashionDataset\FashionDataset\test\images_test\57397.jpg
57398,,,,,c:\Users\LEGION\Documents\jupyter_notebook\Fashion-Intelligence-System\A2_FashionDataset\FashionDataset\test\images_test\57398.jpg
57399,,,,,c:\Users\LEGION\Documents\jupyter_notebook\Fashion-Intelligence-System\A2_FashionDataset\FashionDataset\test\images_test\57399.jpg
57400,,,,,c:\Users\LEGION\Documents\jupyter_notebook\Fashion-Intelligence-System\A2_FashionDataset\FashionDataset\test\images_test\57400.jpg
57401,,,,,c:\Users\LEGION\Documents\jupyter_notebook\Fashion-Intelligence-System\A2_FashionDataset\FashionDataset\test\images_test\57401.jpg
57402,,,,,c:\Users\LEGION\Documents\jupyter_notebook\Fashion-Intelligence-System\A2_FashionDataset\FashionDataset\test\images_test\57402.jpg
57403,,,,,c:\Users\LEGION\Documents\jupyter_notebook\Fashion-Intelligence-System\A2_FashionDataset\FashionDataset\test\images_test\57403.jpg
57404,,,,,c:\Users\LEGION\Documents\jupyter_notebook\Fashion-Intelligence-System\A2_FashionDataset\FashionDataset\test\images_test\57404.jpg
57405,,,,,c:\Users\LEGION\Documents\jupyter_notebook\Fashion-Intelligence-System\A2_FashionDataset\FashionDataset\test\images_test\57405.jpg
57406,,,,,c:\Users\LEGION\Documents\jupyter_notebook\Fashion-Intelligence-System\A2_FashionDataset\FashionDataset\test\images_test\57406.jpg
57407,,,,,c:\Users\LEGION\Documents\jupyter_notebook\Fashion-Intelligence-System\A2_FashionDataset\FashionDataset\test\images_test\57407.jpg
57408,,,,,c:\Users\LEGION\Documents\jupyter_notebook\Fashion-Intelligence-System\A2_FashionDataset\FashionDataset\test\images_test\57408.jpg
57409,,,,,c:\Users\LEGION\Documents\jupyter_notebook\Fashion-Intelligence-System\A2_FashionDataset\FashionDataset\test\images_test\57409.jpg
57410,,,,,c:\Users\LEGION\Documents\jupyter_notebook\Fashion-Intelligence-System\A2_FashionDataset\FashionDataset\test\images_test\57410.jpg
57411,,,,,c:\Users\LEGION\Documents\jupyter_notebook\Fashion-Intelligence-System\A2_FashionDataset\FashionDataset\test\images_test\57411.jpg
57412,,,,,c:\Users\LEGION\Documents\jupyter_notebook\Fashion-Intelligence-System\A2_FashionDataset\FashionDataset\test\images_test\57412.jpg
57413,,,,,c:\Users\LEGION\Documents\jupyter_notebook\Fashion-Intelligence-System\A2_FashionDataset\FashionDataset\test\images_test\57413.jpg
57414,,,,,c:\Users\LEGION\Documents\jupyter_notebook\Fashion-Intelligence-System\A2_FashionDataset\FashionDataset\test\images_test\57414.jpg
57415,,,,,c:\Users\LEGION\Documents\jupyter_notebook\Fashion-Intelligence-System\A2_FashionDataset\FashionDataset\test\images_test\57415.jpg
57416,,,,,c:\Users\LEGION\Documents\jupyter_notebook\Fashion-Intelligence-System\A2_FashionDataset\FashionDataset\test\images_test\57416.jpg
57418,,,,,c:\Users\LEGION\Documents\jupyter_notebook\Fashion-Intelligence-System\A2_FashionDataset\FashionDataset\test\images_test\57418.jpg
57419,,,,,c:\Users\LEGION\Documents\jupyter_notebook\Fashion-Intelligence-System\A2_FashionDataset\FashionDataset\test\images_test\57419.jpg
57420,,,,,c:\Users\LEGION\Documents\jupyter_notebook\Fashion-Intelligence-System\A2_FashionDataset\FashionDataset\test\images_test\57420.jpg
57421,,,,,c:\Users\LEGION\Documents\jupyter_notebook\Fashion-Intelligence-System\A2_FashionDataset\FashionDataset\test\images_test\57421.jpg
57422,,,,,c:\Users\LEGION\Documents\jupyter_notebook\Fashion-Intelligence-System\A2_FashionDataset\FashionDataset\test\images_test\57422.jpg
57423,,,,,c:\Users\LEGION\Documents\jupyter_notebook\Fashion-Intelligence-System\A2_FashionDataset\FashionDataset\test\images_test\57423.jpg
57424,,,,,c:\Users\LEGION\Documents\jupyter_notebook\Fashion-Intelligence-System\A2_FashionDataset\FashionDataset\test\images_test\57424.jpg
57425,,,,,c:\Users\LEGION\Documents\jupyter_notebook\Fashion-Intelligence-System\A2_FashionDataset\FashionDataset\test\images_test\57425.jpg
57426,,,,,c:\Users\LEGION\Documents\jupyter_notebook\Fashion-Intelligence-System\A2_FashionDataset\FashionDataset\test\images_test\57426.jpg
57427,,,,,c:\Users\LEGION\Documents\jupyter_notebook\Fashion-Intelligence-System\A2_FashionDataset\FashionDataset\test\images_test\57427.jpg
57428,,,,,c:\Users\LEGION\Documents\jupyter_notebook\Fashion-Intelligence-System\A2_FashionDataset\FashionDataset\test\images_test\57428.jpg
57429,,,,,c:\Users\LEGION\Documents\jupyter_notebook\Fashion-Intelligence-System\A2_FashionDataset\FashionDataset\test\images_test\57429.jpg
57430,,,,,c:\Users\LEGION\Documents\jupyter_notebook\Fashion-Intelligence-System\A2_FashionDataset\FashionDataset\test\images_test\57430.jpg
57431,,,,,c:\Users\LEGION\Documents\jupyter_notebook\Fashion-Intelligence-System\A2_FashionDataset\FashionDataset\test\images_test\57431.jpg
57432,,,,,c:\Users\LEGION\Documents\jupyter_notebook\Fashion-Intelligence-System\A2_FashionDataset\FashionDataset\test\images_test\57432.jpg
57433,,,,,c:\Users\LEGION\Documents\jupyter_notebook\Fashion-Intelligence-System\A2_FashionDataset\FashionDataset\test\images_test\57433.jpg
57434,,,,,c:\Users\LEGION\Documents\jupyter_notebook\Fashion-Intelligence-System\A2_FashionDataset\FashionDataset\test\images_test\57434.jpg
57435,,,,,c:\Users\LEGION\Documents\jupyter_notebook\Fashion-Intelligence-System\A2_FashionDataset\FashionDataset\test\images_test\57435.jpg
57436,,,,,c:\Users\LEGION\Documents\jupyter_notebook\Fashion-Intelligence-System\A2_FashionDataset\FashionDataset\test\images_test\57436.jpg
57437,,,,,c:\Users\LEGION\Documents\jupyter_notebook\Fashion-Intelligence-System\A2_FashionDataset\FashionDataset\test\images_test\57437.jpg
57438,,,,,c:\Users\LEGION\Documents\jupyter_notebook\Fashion-Intelligence-System\A2_FashionDataset\FashionDataset\test\images_test\57438.jpg
57439,,,,,c:\Users\LEGION\Documents\jupyter_notebook\Fashion-Intelligence-System\A2_FashionDataset\FashionDataset\test\images_test\57439.jpg
57440,,,,,c:\Users\LEGION\Documents\jupyter_notebook\Fashion-Intelligence-System\A2_FashionDataset\FashionDataset\test\images_test\57440.jpg
57441,,,,,c:\Users\LEGION\Documents\jupyter_notebook\Fashion-Intelligence-System\A2_FashionDataset\FashionDataset\test\images_test\57441.jpg
57442,,,,,c:\Users\LEGION\Documents\jupyter_notebook\Fashion-Intelligence-System\A2_FashionDataset\FashionDataset\test\images_test\57442.jpg
57443,,,,,c:\Users\LEGION\Documents\jupyter_notebook\Fashion-Intelligence-System\A2_FashionDataset\FashionDataset\test\images_test\57443.jpg
57444,,,,,c:\Users\LEGION\Documents\jupyter_notebook\Fashion-Intelligence-System\A2_FashionDataset\FashionDataset\test\images_test\57444.jpg
57445,,,,,c:\Users\LEGION\Documents\jupyter_notebook\Fashion-Intelligence-System\A2_FashionDataset\FashionDataset\test\images_test\57445.jpg
57446,,,,,c:\Users\LEGION\Documents\jupyter_notebook\Fashion-Intelligence-System\A2_FashionDataset\FashionDataset\test\images_test\57446.jpg
57447,,,,,c:\Users\LEGION\Documents\jupyter_notebook\Fashion-Intelligence-System\A2_FashionDataset\FashionDataset\test\images_test\57447.jpg
57448,,,,,c:\Users\LEGION\Documents\jupyter_notebook\Fashion-Intelligence-System\A2_FashionDataset\FashionDataset\test\images_test\57448.jpg
57449,,,,,c:\Users\LEGION\Documents\jupyter_notebook\Fashion-Intelligence-System\A2_FashionDataset\FashionDataset\test\images_test\57449.jpg
57450,,,,,c:\Users\LEGION\Documents\jupyter_notebook\Fashion-Intelligence-System\A2_FashionDataset\FashionDataset\test\images_test\57450.jpg
57457,,,,,c:\Users\LEGION\Documents\jupyter_notebook\Fashion-Intelligence-System\A2_FashionDataset\FashionDataset\test\images_test\57457.jpg
57458,,,,,c:\Users\LEGION\Documents\jupyter_notebook\Fashion-Intelligence-System\A2_FashionDataset\FashionDataset\test\images_test\57458.jpg
57459,,,,,c:\Users\LEGION\Documents\jupyter_notebook\Fashion-Intelligence-System\A2_FashionDataset\FashionDataset\test\images_test\57459.jpg
57462,,,,,c:\Users\LEGION\Documents\jupyter_notebook\Fashion-Intelligence-System\A2_FashionDataset\FashionDataset\test\images_test\57462.jpg
57463,,,,,c:\Users\LEGION\Documents\jupyter_notebook\Fashion-Intelligence-System\A2_FashionDataset\FashionDataset\test\images_test\57463.jpg
57466,,,,,c:\Users\LEGION\Documents\jupyter_notebook\Fashion-Intelligence-System\A2_FashionDataset\FashionDataset\test\images_test\57466.jpg
57467,,,,,c:\Users\LEGION\Documents\jupyter_notebook\Fashion-Intelligence-System\A2_FashionDataset\FashionDataset\test\images_test\57467.jpg
57468,,,,,c:\Users\LEGION\Documents\jupyter_notebook\Fashion-Intelligence-System\A2_FashionDataset\FashionDataset\test\images_test\57468.jpg
57469,,,,,c:\Users\LEGION\Documents\jupyter_notebook\Fashion-Intelligence-System\A2_FashionDataset\FashionDataset\test\images_test\57469.jpg
57470,,,,,c:\Users\LEGION\Documents\jupyter_notebook\Fashion-Intelligence-System\A2_FashionDataset\FashionDataset\test\images_test\57470.jpg
57471,,,,,c:\Users\LEGION\Documents\jupyter_notebook\Fashion-Intelligence-System\A2_FashionDataset\FashionDataset\test\images_test\57471.jpg
57475,,,,,c:\Users\LEGION\Documents\jupyter_notebook\Fashion-Intelligence-System\A2_FashionDataset\FashionDataset\test\images_test\57475.jpg
57476,,,,,c:\Users\LEGION\Documents\jupyter_notebook\Fashion-Intelligence-System\A2_FashionDataset\FashionDataset\test\images_test\57476.jpg
57477,,,,,c:\Users\LEGION\Documents\jupyter_notebook\Fashion-Intelligence-System\A2_FashionDataset\FashionDataset\test\images_test\57477.jpg
57478,,,,,c:\Users\LEGION\Documents\jupyter_notebook\Fashion-Intelligence-System\A2_FashionDataset\FashionDataset\test\images_test\57478.jpg
57479,,,,,c:\Users\LEGION\Documents\jupyter_notebook\Fashion-Intelligence-System\A2_FashionDataset\FashionDataset\test\images_test\57479.jpg
57480,,,,,c:\Users\LEGION\Documents\jupyter_notebook\Fashion-Intelligence-System\A2_FashionDataset\FashionDataset\test\images_test\57480.jpg
57481,,,,,c:\Users\LEGION\Documents\jupyter_notebook\Fashion-Intelligence-System\A2_FashionDataset\FashionDataset\test\images_test\57481.jpg
57482,,,,,c:\Users\LEGION\Documents\jupyter_notebook\Fashion-Intelligence-System\A2_FashionDataset\FashionDataset\test\images_test\57482.jpg
57483,,,,,c:\Users\LEGION\Documents\jupyter_notebook\Fashion-Intelligence-System\A2_FashionDataset\FashionDataset\test\images_test\57483.jpg
57484,,,,,c:\Users\LEGION\Documents\jupyter_notebook\Fashion-Intelligence-System\A2_FashionDataset\FashionDataset\test\images_test\57484.jpg
57487,,,,,c:\Users\LEGION\Documents\jupyter_notebook\Fashion-Intelligence-System\A2_FashionDataset\FashionDataset\test\images_test\57487.jpg
57488,,,,,c:\Users\LEGION\Documents\jupyter_notebook\Fashion-Intelligence-System\A2_FashionDataset\FashionDataset\test\images_test\57488.jpg
57489,,,,,c:\Users\LEGION\Documents\jupyter_notebook\Fashion-Intelligence-System\A2_FashionDataset\FashionDataset\test\images_test\57489.jpg
57490,,,,,c:\Users\LEGION\Documents\jupyter_notebook\Fashion-Intelligence-System\A2_FashionDataset\FashionDataset\test\images_test\57490.jpg
57491,,,,,c:\Users\LEGION\Documents\jupyter_notebook\Fashion-Intelligence-System\A2_FashionDataset\FashionDataset\test\images_test\57491.jpg
57492,,,,,c:\Users\LEGION\Documents\jupyter_notebook\Fashion-Intelligence-System\A2_FashionDataset\FashionDataset\test\images_test\57492.jpg
57493,,,,,c:\Users\LEGION\Documents\jupyter_notebook\Fashion-Intelligence-System\A2_FashionDataset\FashionDataset\test\images_test\57493.jpg
57494,,,,,c:\Users\LEGION\Documents\jupyter_notebook\Fashion-Intelligence-System\A2_FashionDataset\FashionDataset\test\images_test\57494.jpg
57495,,,,,c:\Users\LEGION\Documents\jupyter_notebook\Fashion-Intelligence-System\A2_FashionDataset\FashionDataset\test\images_test\57495.jpg
57496,,,,,c:\Users\LEGION\Documents\jupyter_notebook\Fashion-Intelligence-System\A2_FashionDataset\FashionDataset\test\images_test\57496.jpg
57497,,,,,c:\Users\LEGION\Documents\jupyter_notebook\Fashion-Intelligence-System\A2_FashionDataset\FashionDataset\test\images_test\57497.jpg
57498,,,,,c:\Users\LEGION\Documents\jupyter_notebook\Fashion-Intelligence-System\A2_FashionDataset\FashionDataset\test\images_test\57498.jpg
57499,,,,,c:\Users\LEGION\Documents\jupyter_notebook\Fashion-Intelligence-System\A2_FashionDataset\FashionDataset\test\images_test\57499.jpg
57500,,,,,c:\Users\LEGION\Documents\jupyter_notebook\Fashion-Intelligence-System\A2_FashionDataset\FashionDataset\test\images_test\57500.jpg
57501,,,,,c:\Users\LEGION\Documents\jupyter_notebook\Fashion-Intelligence-System\A2_FashionDataset\FashionDataset\test\images_test\57501.jpg
57502,,,,,c:\Users\LEGION\Documents\jupyter_notebook\Fashion-Intelligence-System\A2_FashionDataset\FashionDataset\test\images_test\57502.jpg
57503,,,,,c:\Users\LEGION\Documents\jupyter_notebook\Fashion-Intelligence-System\A2_FashionDataset\FashionDataset\test\images_test\57503.jpg
57504,,,,,c:\Users\LEGION\Documents\jupyter_notebook\Fashion-Intelligence-System\A2_FashionDataset\FashionDataset\test\images_test\57504.jpg
57505,,,,,c:\Users\LEGION\Documents\jupyter_notebook\Fashion-Intelligence-System\A2_FashionDataset\FashionDataset\test\images_test\57505.jpg
57506,,,,,c:\Users\LEGION\Documents\jupyter_notebook\Fashion-Intelligence-System\A2_FashionDataset\FashionDataset\test\images_test\57506.jpg
57507,,,,,c:\Users\LEGION\Documents\jupyter_notebook\Fashion-Intelligence-System\A2_FashionDataset\FashionDataset\test\images_test\57507.jpg
57508,,,,,c:\Users\LEGION\Documents\jupyter_notebook\Fashion-Intelligence-System\A2_FashionDataset\FashionDataset\test\images_test\57508.jpg
57509,,,,,c:\Users\LEGION\Documents\jupyter_notebook\Fashion-Intelligence-System\A2_FashionDataset\FashionDataset\test\images_test\57509.jpg
57510,,,,,c:\Users\LEGION\Documents\jupyter_notebook\Fashion-Intelligence-System\A2_FashionDataset\FashionDataset\test\images_test\57510.jpg
57511,,,,,c:\Users\LEGION\Documents\jupyter_notebook\Fashion-Intelligence-System\A2_FashionDataset\FashionDataset\test\images_test\57511.jpg
57512,,,,,c:\Users\LEGION\Documents\jupyter_notebook\Fashion-Intelligence-System\A2_FashionDataset\FashionDataset\test\images_test\57512.jpg
57513,,,,,c:\Users\LEGION\Documents\jupyter_notebook\Fashion-Intelligence-System\A2_FashionDataset\FashionDataset\test\images_test\57513.jpg
57514,,,,,c:\Users\LEGION\Documents\jupyter_notebook\Fashion-Intelligence-System\A2_FashionDataset\FashionDataset\test\images_test\57514.jpg
57515,,,,,c:\Users\LEGION\Documents\jupyter_notebook\Fashion-Intelligence-System\A2_FashionDataset\FashionDataset\test\images_test\57515.jpg
57516,,,,,c:\Users\LEGION\Documents\jupyter_notebook\Fashion-Intelligence-System\A2_FashionDataset\FashionDataset\test\images_test\57516.jpg
57517,,,,,c:\Users\LEGION\Documents\jupyter_notebook\Fashion-Intelligence-System\A2_FashionDataset\FashionDataset\test\images_test\57517.jpg
57518,,,,,c:\Users\LEGION\Documents\jupyter_notebook\Fashion-Intelligence-System\A2_FashionDataset\FashionDataset\test\images_test\57518.jpg
57519,,,,,c:\Users\LEGION\Documents\jupyter_notebook\Fashion-Intelligence-System\A2_FashionDataset\FashionDataset\test\images_test\57519.jpg
57520,,,,,c:\Users\LEGION\Documents\jupyter_notebook\Fashion-Intelligence-System\A2_FashionDataset\FashionDataset\test\images_test\57520.jpg
57521,,,,,c:\Users\LEGION\Documents\jupyter_notebook\Fashion-Intelligence-System\A2_FashionDataset\FashionDataset\test\images_test\57521.jpg
57522,,,,,c:\Users\LEGION\Documents\jupyter_notebook\Fashion-Intelligence-System\A2_FashionDataset\FashionDataset\test\images_test\57522.jpg
57523,,,,,c:\Users\LEGION\Documents\jupyter_notebook\Fashion-Intelligence-System\A2_FashionDataset\FashionDataset\test\images_test\57523.jpg
57524,,,,,c:\Users\LEGION\Documents\jupyter_notebook\Fashion-Intelligence-System\A2_FashionDataset\FashionDataset\test\images_test\57524.jpg
57525,,,,,c:\Users\LEGION\Documents\jupyter_notebook\Fashion-Intelligence-System\A2_FashionDataset\FashionDataset\test\images_test\57525.jpg
57526,,,,,c:\Users\LEGION\Documents\jupyter_notebook\Fashion-Intelligence-System\A2_FashionDataset\FashionDataset\test\images_test\57526.jpg
57527,,,,,c:\Users\LEGION\Documents\jupyter_notebook\Fashion-Intelligence-System\A2_FashionDataset\FashionDataset\test\images_test\57527.jpg
57528,,,,,c:\Users\LEGION\Documents\jupyter_notebook\Fashion-Intelligence-System\A2_FashionDataset\FashionDataset\test\images_test\57528.jpg
57529,,,,,c:\Users\LEGION\Documents\jupyter_notebook\Fashion-Intelligence-System\A2_FashionDataset\FashionDataset\test\images_test\57529.jpg
57530,,,,,c:\Users\LEGION\Documents\jupyter_notebook\Fashion-Intelligence-System\A2_FashionDataset\FashionDataset\test\images_test\57530.jpg
57531,,,,,c:\Users\LEGION\Documents\jupyter_notebook\Fashion-Intelligence-System\A2_FashionDataset\FashionDataset\test\images_test\57531.jpg
57532,,,,,c:\Users\LEGION\Documents\jupyter_notebook\Fashion-Intelligence-System\A2_FashionDataset\FashionDataset\test\images_test\57532.jpg
57533,,,,,c:\Users\LEGION\Documents\jupyter_notebook\Fashion-Intelligence-System\A2_FashionDataset\FashionDataset\test\images_test\57533.jpg
57534,,,,,c:\Users\LEGION\Documents\jupyter_notebook\Fashion-Intelligence-System\A2_FashionDataset\FashionDataset\test\images_test\57534.jpg
57536,,,,,c:\Users\LEGION\Documents\jupyter_notebook\Fashion-Intelligence-System\A2_FashionDataset\FashionDataset\test\images_test\57536.jpg
57539,,,,,c:\Users\LEGION\Documents\jupyter_notebook\Fashion-Intelligence-System\A2_FashionDataset\FashionDataset\test\images_test\57539.jpg
57543,,,,,c:\Users\LEGION\Documents\jupyter_notebook\Fashion-Intelligence-System\A2_FashionDataset\FashionDataset\test\images_test\57543.jpg
57544,,,,,c:\Users\LEGION\Documents\jupyter_notebook\Fashion-Intelligence-System\A2_FashionDataset\FashionDataset\test\images_test\57544.jpg
57545,,,,,c:\Users\LEGION\Documents\jupyter_notebook\Fashion-Intelligence-System\A2_FashionDataset\FashionDataset\test\images_test\57545.jpg
57547,,,,,c:\Users\LEGION\Documents\jupyter_notebook\Fashion-Intelligence-System\A2_FashionDataset\FashionDataset\test\images_test\57547.jpg
57548,,,,,c:\Users\LEGION\Documents\jupyter_notebook\Fashion-Intelligence-System\A2_FashionDataset\FashionDataset\test\images_test\57548.jpg
57549,,,,,c:\Users\LEGION\Documents\jupyter_notebook\Fashion-Intelligence-System\A2_FashionDataset\FashionDataset\test\images_test\57549.jpg
57550,,,,,c:\Users\LEGION\Documents\jupyter_notebook\Fashion-Intelligence-System\A2_FashionDataset\FashionDataset\test\images_test\57550.jpg
57552,,,,,c:\Users\LEGION\Documents\jupyter_notebook\Fashion-Intelligence-System\A2_FashionDataset\FashionDataset\test\images_test\57552.jpg
57553,,,,,c:\Users\LEGION\Documents\jupyter_notebook\Fashion-Intelligence-System\A2_FashionDataset\FashionDataset\test\images_test\57553.jpg
57554,,,,,c:\Users\LEGION\Documents\jupyter_notebook\Fashion-Intelligence-System\A2_FashionDataset\FashionDataset\test\images_test\57554.jpg
57555,,,,,c:\Users\LEGION\Documents\jupyter_notebook\Fashion-Intelligence-System\A2_FashionDataset\FashionDataset\test\images_test\57555.jpg
57556,,,,,c:\Users\LEGION\Documents\jupyter_notebook\Fashion-Intelligence-System\A2_FashionDataset\FashionDataset\test\images_test\57556.jpg
57557,,,,,c:\Users\LEGION\Documents\jupyter_notebook\Fashion-Intelligence-System\A2_FashionDataset\FashionDataset\test\images_test\57557.jpg
57558,,,,,c:\Users\LEGION\Documents\jupyter_notebook\Fashion-Intelligence-System\A2_FashionDataset\FashionDataset\test\images_test\57558.jpg
57559,,,,,c:\Users\LEGION\Documents\jupyter_notebook\Fashion-Intelligence-System\A2_FashionDataset\FashionDataset\test\images_test\57559.jpg
57560,,,,,c:\Users\LEGION\Documents\jupyter_notebook\Fashion-Intelligence-System\A2_FashionDataset\FashionDataset\test\images_test\57560.jpg
57561,,,,,c:\Users\LEGION\Documents\jupyter_notebook\Fashion-Intelligence-System\A2_FashionDataset\FashionDataset\test\images_test\57561.jpg
57562,,,,,c:\Users\LEGION\Documents\jupyter_notebook\Fashion-Intelligence-System\A2_FashionDataset\FashionDataset\test\images_test\57562.jpg
57563,,,,,c:\Users\LEGION\Documents\jupyter_notebook\Fashion-Intelligence-System\A2_FashionDataset\FashionDataset\test\images_test\57563.jpg
57566,,,,,c:\Users\LEGION\Documents\jupyter_notebook\Fashion-Intelligence-System\A2_FashionDataset\FashionDataset\test\images_test\57566.jpg
57567,,,,,c:\Users\LEGION\Documents\jupyter_notebook\Fashion-Intelligence-System\A2_FashionDataset\FashionDataset\test\images_test\57567.jpg
57568,,,,,c:\Users\LEGION\Documents\jupyter_notebook\Fashion-Intelligence-System\A2_FashionDataset\FashionDataset\test\images_test\57568.jpg
57569,,,,,c:\Users\LEGION\Documents\jupyter_notebook\Fashion-Intelligence-System\A2_FashionDataset\FashionDataset\test\images_test\57569.jpg
57570,,,,,c:\Users\LEGION\Documents\jupyter_notebook\Fashion-Intelligence-System\A2_FashionDataset\FashionDataset\test\images_test\57570.jpg
57571,,,,,c:\Users\LEGION\Documents\jupyter_notebook\Fashion-Intelligence-System\A2_FashionDataset\FashionDataset\test\images_test\57571.jpg
57572,,,,,c:\Users\LEGION\Documents\jupyter_notebook\Fashion-Intelligence-System\A2_FashionDataset\FashionDataset\test\images_test\57572.jpg
57573,,,,,c:\Users\LEGION\Documents\jupyter_notebook\Fashion-Intelligence-System\A2_FashionDataset\FashionDataset\test\images_test\57573.jpg
57574,,,,,c:\Users\LEGION\Documents\jupyter_notebook\Fashion-Intelligence-System\A2_FashionDataset\FashionDataset\test\images_test\57574.jpg
57575,,,,,c:\Users\LEGION\Documents\jupyter_notebook\Fashion-Intelligence-System\A2_FashionDataset\FashionDataset\test\images_test\57575.jpg
57576,,,,,c:\Users\LEGION\Documents\jupyter_notebook\Fashion-Intelligence-System\A2_FashionDataset\FashionDataset\test\images_test\57576.jpg
57577,,,,,c:\Users\LEGION\Documents\jupyter_notebook\Fashion-Intelligence-System\A2_FashionDataset\FashionDataset\test\images_test\57577.jpg
57578,,,,,c:\Users\LEGION\Documents\jupyter_notebook\Fashion-Intelligence-System\A2_FashionDataset\FashionDataset\test\images_test\57578.jpg
57579,,,,,c:\Users\LEGION\Documents\jupyter_notebook\Fashion-Intelligence-System\A2_FashionDataset\FashionDataset\test\images_test\57579.jpg
57580,,,,,c:\Users\LEGION\Documents\jupyter_notebook\Fashion-Intelligence-System\A2_FashionDataset\FashionDataset\test\images_test\57580.jpg
57581,,,,,c:\Users\LEGION\Documents\jupyter_notebook\Fashion-Intelligence-System\A2_FashionDataset\FashionDataset\test\images_test\57581.jpg
57582,,,,,c:\Users\LEGION\Documents\jupyter_notebook\Fashion-Intelligence-System\A2_FashionDataset\FashionDataset\test\images_test\57582.jpg
57583,,,,,c:\Users\LEGION\Documents\jupyter_notebook\Fashion-Intelligence-System\A2_FashionDataset\FashionDataset\test\images_test\57583.jpg
57584,,,,,c:\Users\LEGION\Documents\jupyter_notebook\Fashion-Intelligence-System\A2_FashionDataset\FashionDataset\test\images_test\57584.jpg
57586,,,,,c:\Users\LEGION\Documents\jupyter_notebook\Fashion-Intelligence-System\A2_FashionDataset\FashionDataset\test\images_test\57586.jpg
57587,,,,,c:\Users\LEGION\Documents\jupyter_notebook\Fashion-Intelligence-System\A2_FashionDataset\FashionDataset\test\images_test\57587.jpg
57588,,,,,c:\Users\LEGION\Documents\jupyter_notebook\Fashion-Intelligence-System\A2_FashionDataset\FashionDataset\test\images_test\57588.jpg
57589,,,,,c:\Users\LEGION\Documents\jupyter_notebook\Fashion-Intelligence-System\A2_FashionDataset\FashionDataset\test\images_test\57589.jpg
57591,,,,,c:\Users\LEGION\Documents\jupyter_notebook\Fashion-Intelligence-System\A2_FashionDataset\FashionDataset\test\images_test\57591.jpg
57592,,,,,c:\Users\LEGION\Documents\jupyter_notebook\Fashion-Intelligence-System\A2_FashionDataset\FashionDataset\test\images_test\57592.jpg
57593,,,,,c:\Users\LEGION\Documents\jupyter_notebook\Fashion-Intelligence-System\A2_FashionDataset\FashionDataset\test\images_test\57593.jpg
57594,,,,,c:\Users\LEGION\Documents\jupyter_notebook\Fashion-Intelligence-System\A2_FashionDataset\FashionDataset\test\images_test\57594.jpg
57595,,,,,c:\Users\LEGION\Documents\jupyter_notebook\Fashion-Intelligence-System\A2_FashionDataset\FashionDataset\test\images_test\57595.jpg
57596,,,,,c:\Users\LEGION\Documents\jupyter_notebook\Fashion-Intelligence-System\A2_FashionDataset\FashionDataset\test\images_test\57596.jpg
57597,,,,,c:\Users\LEGION\Documents\jupyter_notebook\Fashion-Intelligence-System\A2_FashionDataset\FashionDataset\test\images_test\57597.jpg
57598,,,,,c:\Users\LEGION\Documents\jupyter_notebook\Fashion-Intelligence-System\A2_FashionDataset\FashionDataset\test\images_test\57598.jpg
57599,,,,,c:\Users\LEGION\Documents\jupyter_notebook\Fashion-Intelligence-System\A2_FashionDataset\FashionDataset\test\images_test\57599.jpg
57600,,,,,c:\Users\LEGION\Documents\jupyter_notebook\Fashion-Intelligence-System\A2_FashionDataset\FashionDataset\test\images_test\57600.jpg
57601,,,,,c:\Users\LEGION\Documents\jupyter_notebook\Fashion-Intelligence-System\A2_FashionDataset\FashionDataset\test\images_test\57601.jpg
57603,,,,,c:\Users\LEGION\Documents\jupyter_notebook\Fashion-Intelligence-System\A2_FashionDataset\FashionDataset\test\images_test\57603.jpg
57604,,,,,c:\Users\LEGION\Documents\jupyter_notebook\Fashion-Intelligence-System\A2_FashionDataset\FashionDataset\test\images_test\57604.jpg
57605,,,,,c:\Users\LEGION\Documents\jupyter_notebook\Fashion-Intelligence-System\A2_FashionDataset\FashionDataset\test\images_test\57605.jpg
57606,,,,,c:\Users\LEGION\Documents\jupyter_notebook\Fashion-Intelligence-System\A2_FashionDataset\FashionDataset\test\images_test\57606.jpg
57607,,,,,c:\Users\LEGION\Documents\jupyter_notebook\Fashion-Intelligence-System\A2_FashionDataset\FashionDataset\test\images_test\57607.jpg
57608,,,,,c:\Users\LEGION\Documents\jupyter_notebook\Fashion-Intelligence-System\A2_FashionDataset\FashionDataset\test\images_test\57608.jpg
57609,,,,,c:\Users\LEGION\Documents\jupyter_notebook\Fashion-Intelligence-System\A2_FashionDataset\FashionDataset\test\images_test\57609.jpg
57610,,,,,c:\Users\LEGION\Documents\jupyter_notebook\Fashion-Intelligence-System\A2_FashionDataset\FashionDataset\test\images_test\57610.jpg
57611,,,,,c:\Users\LEGION\Documents\jupyter_notebook\Fashion-Intelligence-System\A2_FashionDataset\FashionDataset\test\images_test\57611.jpg
57613,,,,,c:\Users\LEGION\Documents\jupyter_notebook\Fashion-Intelligence-System\A2_FashionDataset\FashionDataset\test\images_test\57613.jpg
57614,,,,,c:\Users\LEGION\Documents\jupyter_notebook\Fashion-Intelligence-System\A2_FashionDataset\FashionDataset\test\images_test\57614.jpg
57615,,,,,c:\Users\LEGION\Documents\jupyter_notebook\Fashion-Intelligence-System\A2_FashionDataset\FashionDataset\test\images_test\57615.jpg
57616,,,,,c:\Users\LEGION\Documents\jupyter_notebook\Fashion-Intelligence-System\A2_FashionDataset\FashionDataset\test\images_test\57616.jpg
57617,,,,,c:\Users\LEGION\Documents\jupyter_notebook\Fashion-Intelligence-System\A2_FashionDataset\FashionDataset\test\images_test\57617.jpg
57619,,,,,c:\Users\LEGION\Documents\jupyter_notebook\Fashion-Intelligence-System\A2_FashionDataset\FashionDataset\test\images_test\57619.jpg
57620,,,,,c:\Users\LEGION\Documents\jupyter_notebook\Fashion-Intelligence-System\A2_FashionDataset\FashionDataset\test\images_test\57620.jpg
57621,,,,,c:\Users\LEGION\Documents\jupyter_notebook\Fashion-Intelligence-System\A2_FashionDataset\FashionDataset\test\images_test\57621.jpg
57622,,,,,c:\Users\LEGION\Documents\jupyter_notebook\Fashion-Intelligence-System\A2_FashionDataset\FashionDataset\test\images_test\57622.jpg
57623,,,,,c:\Users\LEGION\Documents\jupyter_notebook\Fashion-Intelligence-System\A2_FashionDataset\FashionDataset\test\images_test\57623.jpg
57624,,,,,c:\Users\LEGION\Documents\jupyter_notebook\Fashion-Intelligence-System\A2_FashionDataset\FashionDataset\test\images_test\57624.jpg
57625,,,,,c:\Users\LEGION\Documents\jupyter_notebook\Fashion-Intelligence-System\A2_FashionDataset\FashionDataset\test\images_test\57625.jpg
57627,,,,,c:\Users\LEGION\Documents\jupyter_notebook\Fashion-Intelligence-System\A2_FashionDataset\FashionDataset\test\images_test\57627.jpg
57628,,,,,c:\Users\LEGION\Documents\jupyter_notebook\Fashion-Intelligence-System\A2_FashionDataset\FashionDataset\test\images_test\57628.jpg
57629,,,,,c:\Users\LEGION\Documents\jupyter_notebook\Fashion-Intelligence-System\A2_FashionDataset\FashionDataset\test\images_test\57629.jpg
57630,,,,,c:\Users\LEGION\Documents\jupyter_notebook\Fashion-Intelligence-System\A2_FashionDataset\FashionDataset\test\images_test\57630.jpg
57631,,,,,c:\Users\LEGION\Documents\jupyter_notebook\Fashion-Intelligence-System\A2_FashionDataset\FashionDataset\test\images_test\57631.jpg
57632,,,,,c:\Users\LEGION\Documents\jupyter_notebook\Fashion-Intelligence-System\A2_FashionDataset\FashionDataset\test\images_test\57632.jpg
57633,,,,,c:\Users\LEGION\Documents\jupyter_notebook\Fashion-Intelligence-System\A2_FashionDataset\FashionDataset\test\images_test\57633.jpg
57634,,,,,c:\Users\LEGION\Documents\jupyter_notebook\Fashion-Intelligence-System\A2_FashionDataset\FashionDataset\test\images_test\57634.jpg
57635,,,,,c:\Users\LEGION\Documents\jupyter_notebook\Fashion-Intelligence-System\A2_FashionDataset\FashionDataset\test\images_test\57635.jpg
57636,,,,,c:\Users\LEGION\Documents\jupyter_notebook\Fashion-Intelligence-System\A2_FashionDataset\FashionDataset\test\images_test\57636.jpg
57637,,,,,c:\Users\LEGION\Documents\jupyter_notebook\Fashion-Intelligence-System\A2_FashionDataset\FashionDataset\test\images_test\57637.jpg
57638,,,,,c:\Users\LEGION\Documents\jupyter_notebook\Fashion-Intelligence-System\A2_FashionDataset\FashionDataset\test\images_test\57638.jpg
57639,,,,,c:\Users\LEGION\Documents\jupyter_notebook\Fashion-Intelligence-System\A2_FashionDataset\FashionDataset\test\images_test\57639.jpg
57640,,,,,c:\Users\LEGION\Documents\jupyter_notebook\Fashion-Intelligence-System\A2_FashionDataset\FashionDataset\test\images_test\57640.jpg
57642,,,,,c:\Users\LEGION\Documents\jupyter_notebook\Fashion-Intelligence-System\A2_FashionDataset\FashionDataset\test\images_test\57642.jpg
57643,,,,,c:\Users\LEGION\Documents\jupyter_notebook\Fashion-Intelligence-System\A2_FashionDataset\FashionDataset\test\images_test\57643.jpg
57644,,,,,c:\Users\LEGION\Documents\jupyter_notebook\Fashion-Intelligence-System\A2_FashionDataset\FashionDataset\test\images_test\57644.jpg
57645,,,,,c:\Users\LEGION\Documents\jupyter_notebook\Fashion-Intelligence-System\A2_FashionDataset\FashionDataset\test\images_test\57645.jpg
57646,,,,,c:\Users\LEGION\Documents\jupyter_notebook\Fashion-Intelligence-System\A2_FashionDataset\FashionDataset\test\images_test\57646.jpg
57647,,,,,c:\Users\LEGION\Documents\jupyter_notebook\Fashion-Intelligence-System\A2_FashionDataset\FashionDataset\test\images_test\57647.jpg
57649,,,,,c:\Users\LEGION\Documents\jupyter_notebook\Fashion-Intelligence-System\A2_FashionDataset\FashionDataset\test\images_test\57649.jpg
57650,,,,,c:\Users\LEGION\Documents\jupyter_notebook\Fashion-Intelligence-System\A2_FashionDataset\FashionDataset\test\images_test\57650.jpg
57651,,,,,c:\Users\LEGION\Documents\jupyter_notebook\Fashion-Intelligence-System\A2_FashionDataset\FashionDataset\test\images_test\57651.jpg
57652,,,,,c:\Users\LEGION\Documents\jupyter_notebook\Fashion-Intelligence-System\A2_FashionDataset\FashionDataset\test\images_test\57652.jpg
57653,,,,,c:\Users\LEGION\Documents\jupyter_notebook\Fashion-Intelligence-System\A2_FashionDataset\FashionDataset\test\images_test\57653.jpg
57654,,,,,c:\Users\LEGION\Documents\jupyter_notebook\Fashion-Intelligence-System\A2_FashionDataset\FashionDataset\test\images_test\57654.jpg
57655,,,,,c:\Users\LEGION\Documents\jupyter_notebook\Fashion-Intelligence-System\A2_FashionDataset\FashionDataset\test\images_test\57655.jpg
57656,,,,,c:\Users\LEGION\Documents\jupyter_notebook\Fashion-Intelligence-System\A2_FashionDataset\FashionDataset\test\images_test\57656.jpg
57657,,,,,c:\Users\LEGION\Documents\jupyter_notebook\Fashion-Intelligence-System\A2_FashionDataset\FashionDataset\test\images_test\57657.jpg
57658,,,,,c:\Users\LEGION\Documents\jupyter_notebook\Fashion-Intelligence-System\A2_FashionDataset\FashionDataset\test\images_test\57658.jpg
57660,,,,,c:\Users\LEGION\Documents\jupyter_notebook\Fashion-Intelligence-System\A2_FashionDataset\FashionDataset\test\images_test\57660.jpg
57661,,,,,c:\Users\LEGION\Documents\jupyter_notebook\Fashion-Intelligence-System\A2_FashionDataset\FashionDataset\test\images_test\57661.jpg
57662,,,,,c:\Users\LEGION\Documents\jupyter_notebook\Fashion-Intelligence-System\A2_FashionDataset\FashionDataset\test\images_test\57662.jpg
57664,,,,,c:\Users\LEGION\Documents\jupyter_notebook\Fashion-Intelligence-System\A2_FashionDataset\FashionDataset\test\images_test\57664.jpg
57667,,,,,c:\Users\LEGION\Documents\jupyter_notebook\Fashion-Intelligence-System\A2_FashionDataset\FashionDataset\test\images_test\57667.jpg
57668,,,,,c:\Users\LEGION\Documents\jupyter_notebook\Fashion-Intelligence-System\A2_FashionDataset\FashionDataset\test\images_test\57668.jpg
57669,,,,,c:\Users\LEGION\Documents\jupyter_notebook\Fashion-Intelligence-System\A2_FashionDataset\FashionDataset\test\images_test\57669.jpg
57670,,,,,c:\Users\LEGION\Documents\jupyter_notebook\Fashion-Intelligence-System\A2_FashionDataset\FashionDataset\test\images_test\57670.jpg
57671,,,,,c:\Users\LEGION\Documents\jupyter_notebook\Fashion-Intelligence-System\A2_FashionDataset\FashionDataset\test\images_test\57671.jpg
57672,,,,,c:\Users\LEGION\Documents\jupyter_notebook\Fashion-Intelligence-System\A2_FashionDataset\FashionDataset\test\images_test\57672.jpg
57673,,,,,c:\Users\LEGION\Documents\jupyter_notebook\Fashion-Intelligence-System\A2_FashionDataset\FashionDataset\test\images_test\57673.jpg
57674,,,,,c:\Users\LEGION\Documents\jupyter_notebook\Fashion-Intelligence-System\A2_FashionDataset\FashionDataset\test\images_test\57674.jpg
57675,,,,,c:\Users\LEGION\Documents\jupyter_notebook\Fashion-Intelligence-System\A2_FashionDataset\FashionDataset\test\images_test\57675.jpg
57676,,,,,c:\Users\LEGION\Documents\jupyter_notebook\Fashion-Intelligence-System\A2_FashionDataset\FashionDataset\test\images_test\57676.jpg
57677,,,,,c:\Users\LEGION\Documents\jupyter_notebook\Fashion-Intelligence-System\A2_FashionDataset\FashionDataset\test\images_test\57677.jpg
57678,,,,,c:\Users\LEGION\Documents\jupyter_notebook\Fashion-Intelligence-System\A2_FashionDataset\FashionDataset\test\images_test\57678.jpg
57679,,,,,c:\Users\LEGION\Documents\jupyter_notebook\Fashion-Intelligence-System\A2_FashionDataset\FashionDataset\test\images_test\57679.jpg
57681,,,,,c:\Users\LEGION\Documents\jupyter_notebook\Fashion-Intelligence-System\A2_FashionDataset\FashionDataset\test\images_test\57681.jpg
57683,,,,,c:\Users\LEGION\Documents\jupyter_notebook\Fashion-Intelligence-System\A2_FashionDataset\FashionDataset\test\images_test\57683.jpg
57685,,,,,c:\Users\LEGION\Documents\jupyter_notebook\Fashion-Intelligence-System\A2_FashionDataset\FashionDataset\test\images_test\57685.jpg
57687,,,,,c:\Users\LEGION\Documents\jupyter_notebook\Fashion-Intelligence-System\A2_FashionDataset\FashionDataset\test\images_test\57687.jpg
57689,,,,,c:\Users\LEGION\Documents\jupyter_notebook\Fashion-Intelligence-System\A2_FashionDataset\FashionDataset\test\images_test\57689.jpg
57690,,,,,c:\Users\LEGION\Documents\jupyter_notebook\Fashion-Intelligence-System\A2_FashionDataset\FashionDataset\test\images_test\57690.jpg
57691,,,,,c:\Users\LEGION\Documents\jupyter_notebook\Fashion-Intelligence-System\A2_FashionDataset\FashionDataset\test\images_test\57691.jpg
57692,,,,,c:\Users\LEGION\Documents\jupyter_notebook\Fashion-Intelligence-System\A2_FashionDataset\FashionDataset\test\images_test\57692.jpg
57694,,,,,c:\Users\LEGION\Documents\jupyter_notebook\Fashion-Intelligence-System\A2_FashionDataset\FashionDataset\test\images_test\57694.jpg
57696,,,,,c:\Users\LEGION\Documents\jupyter_notebook\Fashion-Intelligence-System\A2_FashionDataset\FashionDataset\test\images_test\57696.jpg
57697,,,,,c:\Users\LEGION\Documents\jupyter_notebook\Fashion-Intelligence-System\A2_FashionDataset\FashionDataset\test\images_test\57697.jpg
57698,,,,,c:\Users\LEGION\Documents\jupyter_notebook\Fashion-Intelligence-System\A2_FashionDataset\FashionDataset\test\images_test\57698.jpg
57699,,,,,c:\Users\LEGION\Documents\jupyter_notebook\Fashion-Intelligence-System\A2_FashionDataset\FashionDataset\test\images_test\57699.jpg
57700,,,,,c:\Users\LEGION\Documents\jupyter_notebook\Fashion-Intelligence-System\A2_FashionDataset\FashionDataset\test\images_test\57700.jpg
57701,,,,,c:\Users\LEGION\Documents\jupyter_notebook\Fashion-Intelligence-System\A2_FashionDataset\FashionDataset\test\images_test\57701.jpg
57702,,,,,c:\Users\LEGION\Documents\jupyter_notebook\Fashion-Intelligence-System\A2_FashionDataset\FashionDataset\test\images_test\57702.jpg
57703,,,,,c:\Users\LEGION\Documents\jupyter_notebook\Fashion-Intelligence-System\A2_FashionDataset\FashionDataset\test\images_test\57703.jpg
57704,,,,,c:\Users\LEGION\Documents\jupyter_notebook\Fashion-Intelligence-System\A2_FashionDataset\FashionDataset\test\images_test\57704.jpg
57705,,,,,c:\Users\LEGION\Documents\jupyter_notebook\Fashion-Intelligence-System\A2_FashionDataset\FashionDataset\test\images_test\57705.jpg
57706,,,,,c:\Users\LEGION\Documents\jupyter_notebook\Fashion-Intelligence-System\A2_FashionDataset\FashionDataset\test\images_test\57706.jpg
57707,,,,,c:\Users\LEGION\Documents\jupyter_notebook\Fashion-Intelligence-System\A2_FashionDataset\FashionDataset\test\images_test\57707.jpg
57708,,,,,c:\Users\LEGION\Documents\jupyter_notebook\Fashion-Intelligence-System\A2_FashionDataset\FashionDataset\test\images_test\57708.jpg
57709,,,,,c:\Users\LEGION\Documents\jupyter_notebook\Fashion-Intelligence-System\A2_FashionDataset\FashionDataset\test\images_test\57709.jpg
57710,,,,,c:\Users\LEGION\Documents\jupyter_notebook\Fashion-Intelligence-System\A2_FashionDataset\FashionDataset\test\images_test\57710.jpg
57711,,,,,c:\Users\LEGION\Documents\jupyter_notebook\Fashion-Intelligence-System\A2_FashionDataset\FashionDataset\test\images_test\57711.jpg
57712,,,,,c:\Users\LEGION\Documents\jupyter_notebook\Fashion-Intelligence-System\A2_FashionDataset\FashionDataset\test\images_test\57712.jpg
57713,,,,,c:\Users\LEGION\Documents\jupyter_notebook\Fashion-Intelligence-System\A2_FashionDataset\FashionDataset\test\images_test\57713.jpg
57714,,,,,c:\Users\LEGION\Documents\jupyter_notebook\Fashion-Intelligence-System\A2_FashionDataset\FashionDataset\test\images_test\57714.jpg
57715,,,,,c:\Users\LEGION\Documents\jupyter_notebook\Fashion-Intelligence-System\A2_FashionDataset\FashionDataset\test\images_test\57715.jpg
57716,,,,,c:\Users\LEGION\Documents\jupyter_notebook\Fashion-Intelligence-System\A2_FashionDataset\FashionDataset\test\images_test\57716.jpg
57717,,,,,c:\Users\LEGION\Documents\jupyter_notebook\Fashion-Intelligence-System\A2_FashionDataset\FashionDataset\test\images_test\57717.jpg
57718,,,,,c:\Users\LEGION\Documents\jupyter_notebook\Fashion-Intelligence-System\A2_FashionDataset\FashionDataset\test\images_test\57718.jpg
57719,,,,,c:\Users\LEGION\Documents\jupyter_notebook\Fashion-Intelligence-System\A2_FashionDataset\FashionDataset\test\images_test\57719.jpg
57720,,,,,c:\Users\LEGION\Documents\jupyter_notebook\Fashion-Intelligence-System\A2_FashionDataset\FashionDataset\test\images_test\57720.jpg
57721,,,,,c:\Users\LEGION\Documents\jupyter_notebook\Fashion-Intelligence-System\A2_FashionDataset\FashionDataset\test\images_test\57721.jpg
57724,,,,,c:\Users\LEGION\Documents\jupyter_notebook\Fashion-Intelligence-System\A2_FashionDataset\FashionDataset\test\images_test\57724.jpg
57725,,,,,c:\Users\LEGION\Documents\jupyter_notebook\Fashion-Intelligence-System\A2_FashionDataset\FashionDataset\test\images_test\57725.jpg
57727,,,,,c:\Users\LEGION\Documents\jupyter_notebook\Fashion-Intelligence-System\A2_FashionDataset\FashionDataset\test\images_test\57727.jpg
57728,,,,,c:\Users\LEGION\Documents\jupyter_notebook\Fashion-Intelligence-System\A2_FashionDataset\FashionDataset\test\images_test\57728.jpg
57729,,,,,c:\Users\LEGION\Documents\jupyter_notebook\Fashion-Intelligence-System\A2_FashionDataset\FashionDataset\test\images_test\57729.jpg
57730,,,,,c:\Users\LEGION\Documents\jupyter_notebook\Fashion-Intelligence-System\A2_FashionDataset\FashionDataset\test\images_test\57730.jpg
57731,,,,,c:\Users\LEGION\Documents\jupyter_notebook\Fashion-Intelligence-System\A2_FashionDataset\FashionDataset\test\images_test\57731.jpg
57732,,,,,c:\Users\LEGION\Documents\jupyter_notebook\Fashion-Intelligence-System\A2_FashionDataset\FashionDataset\test\images_test\57732.jpg
57733,,,,,c:\Users\LEGION\Documents\jupyter_notebook\Fashion-Intelligence-System\A2_FashionDataset\FashionDataset\test\images_test\57733.jpg
57734,,,,,c:\Users\LEGION\Documents\jupyter_notebook\Fashion-Intelligence-System\A2_FashionDataset\FashionDataset\test\images_test\57734.jpg
57735,,,,,c:\Users\LEGION\Documents\jupyter_notebook\Fashion-Intelligence-System\A2_FashionDataset\FashionDataset\test\images_test\57735.jpg
57736,,,,,c:\Users\LEGION\Documents\jupyter_notebook\Fashion-Intelligence-System\A2_FashionDataset\FashionDataset\test\images_test\57736.jpg
57737,,,,,c:\Users\LEGION\Documents\jupyter_notebook\Fashion-Intelligence-System\A2_FashionDataset\FashionDataset\test\images_test\57737.jpg
57738,,,,,c:\Users\LEGION\Documents\jupyter_notebook\Fashion-Intelligence-System\A2_FashionDataset\FashionDataset\test\images_test\57738.jpg
57739,,,,,c:\Users\LEGION\Documents\jupyter_notebook\Fashion-Intelligence-System\A2_FashionDataset\FashionDataset\test\images_test\57739.jpg
57740,,,,,c:\Users\LEGION\Documents\jupyter_notebook\Fashion-Intelligence-System\A2_FashionDataset\FashionDataset\test\images_test\57740.jpg
57741,,,,,c:\Users\LEGION\Documents\jupyter_notebook\Fashion-Intelligence-System\A2_FashionDataset\FashionDataset\test\images_test\57741.jpg
57742,,,,,c:\Users\LEGION\Documents\jupyter_notebook\Fashion-Intelligence-System\A2_FashionDataset\FashionDataset\test\images_test\57742.jpg
57743,,,,,c:\Users\LEGION\Documents\jupyter_notebook\Fashion-Intelligence-System\A2_FashionDataset\FashionDataset\test\images_test\57743.jpg
57744,,,,,c:\Users\LEGION\Documents\jupyter_notebook\Fashion-Intelligence-System\A2_FashionDataset\FashionDataset\test\images_test\57744.jpg
57745,,,,,c:\Users\LEGION\Documents\jupyter_notebook\Fashion-Intelligence-System\A2_FashionDataset\FashionDataset\test\images_test\57745.jpg
57746,,,,,c:\Users\LEGION\Documents\jupyter_notebook\Fashion-Intelligence-System\A2_FashionDataset\FashionDataset\test\images_test\57746.jpg
57747,,,,,c:\Users\LEGION\Documents\jupyter_notebook\Fashion-Intelligence-System\A2_FashionDataset\FashionDataset\test\images_test\57747.jpg
57749,,,,,c:\Users\LEGION\Documents\jupyter_notebook\Fashion-Intelligence-System\A2_FashionDataset\FashionDataset\test\images_test\57749.jpg
57750,,,,,c:\Users\LEGION\Documents\jupyter_notebook\Fashion-Intelligence-System\A2_FashionDataset\FashionDataset\test\images_test\57750.jpg
57752,,,,,c:\Users\LEGION\Documents\jupyter_notebook\Fashion-Intelligence-System\A2_FashionDataset\FashionDataset\test\images_test\57752.jpg
57753,,,,,c:\Users\LEGION\Documents\jupyter_notebook\Fashion-Intelligence-System\A2_FashionDataset\FashionDataset\test\images_test\57753.jpg
57754,,,,,c:\Users\LEGION\Documents\jupyter_notebook\Fashion-Intelligence-System\A2_FashionDataset\FashionDataset\test\images_test\57754.jpg
57755,,,,,c:\Users\LEGION\Documents\jupyter_notebook\Fashion-Intelligence-System\A2_FashionDataset\FashionDataset\test\images_test\57755.jpg
57756,,,,,c:\Users\LEGION\Documents\jupyter_notebook\Fashion-Intelligence-System\A2_FashionDataset\FashionDataset\test\images_test\57756.jpg
57757,,,,,c:\Users\LEGION\Documents\jupyter_notebook\Fashion-Intelligence-System\A2_FashionDataset\FashionDataset\test\images_test\57757.jpg
57758,,,,,c:\Users\LEGION\Documents\jupyter_notebook\Fashion-Intelligence-System\A2_FashionDataset\FashionDataset\test\images_test\57758.jpg
57759,,,,,c:\Users\LEGION\Documents\jupyter_notebook\Fashion-Intelligence-System\A2_FashionDataset\FashionDataset\test\images_test\57759.jpg
57760,,,,,c:\Users\LEGION\Documents\jupyter_notebook\Fashion-Intelligence-System\A2_FashionDataset\FashionDataset\test\images_test\57760.jpg
57761,,,,,c:\Users\LEGION\Documents\jupyter_notebook\Fashion-Intelligence-System\A2_FashionDataset\FashionDataset\test\images_test\57761.jpg
57762,,,,,c:\Users\LEGION\Documents\jupyter_notebook\Fashion-Intelligence-System\A2_FashionDataset\FashionDataset\test\images_test\57762.jpg
57763,,,,,c:\Users\LEGION\Documents\jupyter_notebook\Fashion-Intelligence-System\A2_FashionDataset\FashionDataset\test\images_test\57763.jpg
57764,,,,,c:\Users\LEGION\Documents\jupyter_notebook\Fashion-Intelligence-System\A2_FashionDataset\FashionDataset\test\images_test\57764.jpg
57765,,,,,c:\Users\LEGION\Documents\jupyter_notebook\Fashion-Intelligence-System\A2_FashionDataset\FashionDataset\test\images_test\57765.jpg
57766,,,,,c:\Users\LEGION\Documents\jupyter_notebook\Fashion-Intelligence-System\A2_FashionDataset\FashionDataset\test\images_test\57766.jpg
57767,,,,,c:\Users\LEGION\Documents\jupyter_notebook\Fashion-Intelligence-System\A2_FashionDataset\FashionDataset\test\images_test\57767.jpg
57768,,,,,c:\Users\LEGION\Documents\jupyter_notebook\Fashion-Intelligence-System\A2_FashionDataset\FashionDataset\test\images_test\57768.jpg
57770,,,,,c:\Users\LEGION\Documents\jupyter_notebook\Fashion-Intelligence-System\A2_FashionDataset\FashionDataset\test\images_test\57770.jpg
57771,,,,,c:\Users\LEGION\Documents\jupyter_notebook\Fashion-Intelligence-System\A2_FashionDataset\FashionDataset\test\images_test\57771.jpg
57772,,,,,c:\Users\LEGION\Documents\jupyter_notebook\Fashion-Intelligence-System\A2_FashionDataset\FashionDataset\test\images_test\57772.jpg
57773,,,,,c:\Users\LEGION\Documents\jupyter_notebook\Fashion-Intelligence-System\A2_FashionDataset\FashionDataset\test\images_test\57773.jpg
57774,,,,,c:\Users\LEGION\Documents\jupyter_notebook\Fashion-Intelligence-System\A2_FashionDataset\FashionDataset\test\images_test\57774.jpg
57776,,,,,c:\Users\LEGION\Documents\jupyter_notebook\Fashion-Intelligence-System\A2_FashionDataset\FashionDataset\test\images_test\57776.jpg
57777,,,,,c:\Users\LEGION\Documents\jupyter_notebook\Fashion-Intelligence-System\A2_FashionDataset\FashionDataset\test\images_test\57777.jpg
57778,,,,,c:\Users\LEGION\Documents\jupyter_notebook\Fashion-Intelligence-System\A2_FashionDataset\FashionDataset\test\images_test\57778.jpg
57779,,,,,c:\Users\LEGION\Documents\jupyter_notebook\Fashion-Intelligence-System\A2_FashionDataset\FashionDataset\test\images_test\57779.jpg
57780,,,,,c:\Users\LEGION\Documents\jupyter_notebook\Fashion-Intelligence-System\A2_FashionDataset\FashionDataset\test\images_test\57780.jpg
57781,,,,,c:\Users\LEGION\Documents\jupyter_notebook\Fashion-Intelligence-System\A2_FashionDataset\FashionDataset\test\images_test\57781.jpg
57782,,,,,c:\Users\LEGION\Documents\jupyter_notebook\Fashion-Intelligence-System\A2_FashionDataset\FashionDataset\test\images_test\57782.jpg
57783,,,,,c:\Users\LEGION\Documents\jupyter_notebook\Fashion-Intelligence-System\A2_FashionDataset\FashionDataset\test\images_test\57783.jpg
57784,,,,,c:\Users\LEGION\Documents\jupyter_notebook\Fashion-Intelligence-System\A2_FashionDataset\FashionDataset\test\images_test\57784.jpg
57785,,,,,c:\Users\LEGION\Documents\jupyter_notebook\Fashion-Intelligence-System\A2_FashionDataset\FashionDataset\test\images_test\57785.jpg
57786,,,,,c:\Users\LEGION\Documents\jupyter_notebook\Fashion-Intelligence-System\A2_FashionDataset\FashionDataset\test\images_test\57786.jpg
57787,,,,,c:\Users\LEGION\Documents\jupyter_notebook\Fashion-Intelligence-System\A2_FashionDataset\FashionDataset\test\images_test\57787.jpg
57788,,,,,c:\Users\LEGION\Documents\jupyter_notebook\Fashion-Intelligence-System\A2_FashionDataset\FashionDataset\test\images_test\57788.jpg
57789,,,,,c:\Users\LEGION\Documents\jupyter_notebook\Fashion-Intelligence-System\A2_FashionDataset\FashionDataset\test\images_test\57789.jpg
57790,,,,,c:\Users\LEGION\Documents\jupyter_notebook\Fashion-Intelligence-System\A2_FashionDataset\FashionDataset\test\images_test\57790.jpg
57791,,,,,c:\Users\LEGION\Documents\jupyter_notebook\Fashion-Intelligence-System\A2_FashionDataset\FashionDataset\test\images_test\57791.jpg
57792,,,,,c:\Users\LEGION\Documents\jupyter_notebook\Fashion-Intelligence-System\A2_FashionDataset\FashionDataset\test\images_test\57792.jpg
57793,,,,,c:\Users\LEGION\Documents\jupyter_notebook\Fashion-Intelligence-System\A2_FashionDataset\FashionDataset\test\images_test\57793.jpg
57794,,,,,c:\Users\LEGION\Documents\jupyter_notebook\Fashion-Intelligence-System\A2_FashionDataset\FashionDataset\test\images_test\57794.jpg
57795,,,,,c:\Users\LEGION\Documents\jupyter_notebook\Fashion-Intelligence-System\A2_FashionDataset\FashionDataset\test\images_test\57795.jpg
57796,,,,,c:\Users\LEGION\Documents\jupyter_notebook\Fashion-Intelligence-System\A2_FashionDataset\FashionDataset\test\images_test\57796.jpg
57798,,,,,c:\Users\LEGION\Documents\jupyter_notebook\Fashion-Intelligence-System\A2_FashionDataset\FashionDataset\test\images_test\57798.jpg
57800,,,,,c:\Users\LEGION\Documents\jupyter_notebook\Fashion-Intelligence-System\A2_FashionDataset\FashionDataset\test\images_test\57800.jpg
57801,,,,,c:\Users\LEGION\Documents\jupyter_notebook\Fashion-Intelligence-System\A2_FashionDataset\FashionDataset\test\images_test\57801.jpg
57802,,,,,c:\Users\LEGION\Documents\jupyter_notebook\Fashion-Intelligence-System\A2_FashionDataset\FashionDataset\test\images_test\57802.jpg
57803,,,,,c:\Users\LEGION\Documents\jupyter_notebook\Fashion-Intelligence-System\A2_FashionDataset\FashionDataset\test\images_test\57803.jpg
57804,,,,,c:\Users\LEGION\Documents\jupyter_notebook\Fashion-Intelligence-System\A2_FashionDataset\FashionDataset\test\images_test\57804.jpg
57805,,,,,c:\Users\LEGION\Documents\jupyter_notebook\Fashion-Intelligence-System\A2_FashionDataset\FashionDataset\test\images_test\57805.jpg
57810,,,,,c:\Users\LEGION\Documents\jupyter_notebook\Fashion-Intelligence-System\A2_FashionDataset\FashionDataset\test\images_test\57810.jpg
57811,,,,,c:\Users\LEGION\Documents\jupyter_notebook\Fashion-Intelligence-System\A2_FashionDataset\FashionDataset\test\images_test\57811.jpg
57812,,,,,c:\Users\LEGION\Documents\jupyter_notebook\Fashion-Intelligence-System\A2_FashionDataset\FashionDataset\test\images_test\57812.jpg
57815,,,,,c:\Users\LEGION\Documents\jupyter_notebook\Fashion-Intelligence-System\A2_FashionDataset\FashionDataset\test\images_test\57815.jpg
57816,,,,,c:\Users\LEGION\Documents\jupyter_notebook\Fashion-Intelligence-System\A2_FashionDataset\FashionDataset\test\images_test\57816.jpg
57817,,,,,c:\Users\LEGION\Documents\jupyter_notebook\Fashion-Intelligence-System\A2_FashionDataset\FashionDataset\test\images_test\57817.jpg
57818,,,,,c:\Users\LEGION\Documents\jupyter_notebook\Fashion-Intelligence-System\A2_FashionDataset\FashionDataset\test\images_test\57818.jpg
57819,,,,,c:\Users\LEGION\Documents\jupyter_notebook\Fashion-Intelligence-System\A2_FashionDataset\FashionDataset\test\images_test\57819.jpg
57820,,,,,c:\Users\LEGION\Documents\jupyter_notebook\Fashion-Intelligence-System\A2_FashionDataset\FashionDataset\test\images_test\57820.jpg
57823,,,,,c:\Users\LEGION\Documents\jupyter_notebook\Fashion-Intelligence-System\A2_FashionDataset\FashionDataset\test\images_test\57823.jpg
57824,,,,,c:\Users\LEGION\Documents\jupyter_notebook\Fashion-Intelligence-System\A2_FashionDataset\FashionDataset\test\images_test\57824.jpg
57832,,,,,c:\Users\LEGION\Documents\jupyter_notebook\Fashion-Intelligence-System\A2_FashionDataset\FashionDataset\test\images_test\57832.jpg
57833,,,,,c:\Users\LEGION\Documents\jupyter_notebook\Fashion-Intelligence-System\A2_FashionDataset\FashionDataset\test\images_test\57833.jpg
57834,,,,,c:\Users\LEGION\Documents\jupyter_notebook\Fashion-Intelligence-System\A2_FashionDataset\FashionDataset\test\images_test\57834.jpg
57835,,,,,c:\Users\LEGION\Documents\jupyter_notebook\Fashion-Intelligence-System\A2_FashionDataset\FashionDataset\test\images_test\57835.jpg
57836,,,,,c:\Users\LEGION\Documents\jupyter_notebook\Fashion-Intelligence-System\A2_FashionDataset\FashionDataset\test\images_test\57836.jpg
57837,,,,,c:\Users\LEGION\Documents\jupyter_notebook\Fashion-Intelligence-System\A2_FashionDataset\FashionDataset\test\images_test\57837.jpg
57838,,,,,c:\Users\LEGION\Documents\jupyter_notebook\Fashion-Intelligence-System\A2_FashionDataset\FashionDataset\test\images_test\57838.jpg
57845,,,,,c:\Users\LEGION\Documents\jupyter_notebook\Fashion-Intelligence-System\A2_FashionDataset\FashionDataset\test\images_test\57845.jpg
57846,,,,,c:\Users\LEGION\Documents\jupyter_notebook\Fashion-Intelligence-System\A2_FashionDataset\FashionDataset\test\images_test\57846.jpg
57847,,,,,c:\Users\LEGION\Documents\jupyter_notebook\Fashion-Intelligence-System\A2_FashionDataset\FashionDataset\test\images_test\57847.jpg
57849,,,,,c:\Users\LEGION\Documents\jupyter_notebook\Fashion-Intelligence-System\A2_FashionDataset\FashionDataset\test\images_test\57849.jpg
57850,,,,,c:\Users\LEGION\Documents\jupyter_notebook\Fashion-Intelligence-System\A2_FashionDataset\FashionDataset\test\images_test\57850.jpg
57851,,,,,c:\Users\LEGION\Documents\jupyter_notebook\Fashion-Intelligence-System\A2_FashionDataset\FashionDataset\test\images_test\57851.jpg
57852,,,,,c:\Users\LEGION\Documents\jupyter_notebook\Fashion-Intelligence-System\A2_FashionDataset\FashionDataset\test\images_test\57852.jpg
57853,,,,,c:\Users\LEGION\Documents\jupyter_notebook\Fashion-Intelligence-System\A2_FashionDataset\FashionDataset\test\images_test\57853.jpg
57854,,,,,c:\Users\LEGION\Documents\jupyter_notebook\Fashion-Intelligence-System\A2_FashionDataset\FashionDataset\test\images_test\57854.jpg
57855,,,,,c:\Users\LEGION\Documents\jupyter_notebook\Fashion-Intelligence-System\A2_FashionDataset\FashionDataset\test\images_test\57855.jpg
57856,,,,,c:\Users\LEGION\Documents\jupyter_notebook\Fashion-Intelligence-System\A2_FashionDataset\FashionDataset\test\images_test\57856.jpg
57857,,,,,c:\Users\LEGION\Documents\jupyter_notebook\Fashion-Intelligence-System\A2_FashionDataset\FashionDataset\test\images_test\57857.jpg
57858,,,,,c:\Users\LEGION\Documents\jupyter_notebook\Fashion-Intelligence-System\A2_FashionDataset\FashionDataset\test\images_test\57858.jpg
57859,,,,,c:\Users\LEGION\Documents\jupyter_notebook\Fashion-Intelligence-System\A2_FashionDataset\FashionDataset\test\images_test\57859.jpg
57860,,,,,c:\Users\LEGION\Documents\jupyter_notebook\Fashion-Intelligence-System\A2_FashionDataset\FashionDataset\test\images_test\57860.jpg
57861,,,,,c:\Users\LEGION\Documents\jupyter_notebook\Fashion-Intelligence-System\A2_FashionDataset\FashionDataset\test\images_test\57861.jpg
57862,,,,,c:\Users\LEGION\Documents\jupyter_notebook\Fashion-Intelligence-System\A2_FashionDataset\FashionDataset\test\images_test\57862.jpg
57863,,,,,c:\Users\LEGION\Documents\jupyter_notebook\Fashion-Intelligence-System\A2_FashionDataset\FashionDataset\test\images_test\57863.jpg
57864,,,,,c:\Users\LEGION\Documents\jupyter_notebook\Fashion-Intelligence-System\A2_FashionDataset\FashionDataset\test\images_test\57864.jpg
57865,,,,,c:\Users\LEGION\Documents\jupyter_notebook\Fashion-Intelligence-System\A2_FashionDataset\FashionDataset\test\images_test\57865.jpg
57866,,,,,c:\Users\LEGION\Documents\jupyter_notebook\Fashion-Intelligence-System\A2_FashionDataset\FashionDataset\test\images_test\57866.jpg
57867,,,,,c:\Users\LEGION\Documents\jupyter_notebook\Fashion-Intelligence-System\A2_FashionDataset\FashionDataset\test\images_test\57867.jpg
57868,,,,,c:\Users\LEGION\Documents\jupyter_notebook\Fashion-Intelligence-System\A2_FashionDataset\FashionDataset\test\images_test\57868.jpg
57869,,,,,c:\Users\LEGION\Documents\jupyter_notebook\Fashion-Intelligence-System\A2_FashionDataset\FashionDataset\test\images_test\57869.jpg
57870,,,,,c:\Users\LEGION\Documents\jupyter_notebook\Fashion-Intelligence-System\A2_FashionDataset\FashionDataset\test\images_test\57870.jpg
57871,,,,,c:\Users\LEGION\Documents\jupyter_notebook\Fashion-Intelligence-System\A2_FashionDataset\FashionDataset\test\images_test\57871.jpg
57872,,,,,c:\Users\LEGION\Documents\jupyter_notebook\Fashion-Intelligence-System\A2_FashionDataset\FashionDataset\test\images_test\57872.jpg
57873,,,,,c:\Users\LEGION\Documents\jupyter_notebook\Fashion-Intelligence-System\A2_FashionDataset\FashionDataset\test\images_test\57873.jpg
57874,,,,,c:\Users\LEGION\Documents\jupyter_notebook\Fashion-Intelligence-System\A2_FashionDataset\FashionDataset\test\images_test\57874.jpg
57875,,,,,c:\Users\LEGION\Documents\jupyter_notebook\Fashion-Intelligence-System\A2_FashionDataset\FashionDataset\test\images_test\57875.jpg
57876,,,,,c:\Users\LEGION\Documents\jupyter_notebook\Fashion-Intelligence-System\A2_FashionDataset\FashionDataset\test\images_test\57876.jpg
57877,,,,,c:\Users\LEGION\Documents\jupyter_notebook\Fashion-Intelligence-System\A2_FashionDataset\FashionDataset\test\images_test\57877.jpg
57878,,,,,c:\Users\LEGION\Documents\jupyter_notebook\Fashion-Intelligence-System\A2_FashionDataset\FashionDataset\test\images_test\57878.jpg
57879,,,,,c:\Users\LEGION\Documents\jupyter_notebook\Fashion-Intelligence-System\A2_FashionDataset\FashionDataset\test\images_test\57879.jpg
57880,,,,,c:\Users\LEGION\Documents\jupyter_notebook\Fashion-Intelligence-System\A2_FashionDataset\FashionDataset\test\images_test\57880.jpg
57881,,,,,c:\Users\LEGION\Documents\jupyter_notebook\Fashion-Intelligence-System\A2_FashionDataset\FashionDataset\test\images_test\57881.jpg
57883,,,,,c:\Users\LEGION\Documents\jupyter_notebook\Fashion-Intelligence-System\A2_FashionDataset\FashionDataset\test\images_test\57883.jpg
57884,,,,,c:\Users\LEGION\Documents\jupyter_notebook\Fashion-Intelligence-System\A2_FashionDataset\FashionDataset\test\images_test\57884.jpg
57885,,,,,c:\Users\LEGION\Documents\jupyter_notebook\Fashion-Intelligence-System\A2_FashionDataset\FashionDataset\test\images_test\57885.jpg
57886,,,,,c:\Users\LEGION\Documents\jupyter_notebook\Fashion-Intelligence-System\A2_FashionDataset\FashionDataset\test\images_test\57886.jpg
57887,,,,,c:\Users\LEGION\Documents\jupyter_notebook\Fashion-Intelligence-System\A2_FashionDataset\FashionDataset\test\images_test\57887.jpg
57888,,,,,c:\Users\LEGION\Documents\jupyter_notebook\Fashion-Intelligence-System\A2_FashionDataset\FashionDataset\test\images_test\57888.jpg
57889,,,,,c:\Users\LEGION\Documents\jupyter_notebook\Fashion-Intelligence-System\A2_FashionDataset\FashionDataset\test\images_test\57889.jpg
57890,,,,,c:\Users\LEGION\Documents\jupyter_notebook\Fashion-Intelligence-System\A2_FashionDataset\FashionDataset\test\images_test\57890.jpg
57891,,,,,c:\Users\LEGION\Documents\jupyter_notebook\Fashion-Intelligence-System\A2_FashionDataset\FashionDataset\test\images_test\57891.jpg
57892,,,,,c:\Users\LEGION\Documents\jupyter_notebook\Fashion-Intelligence-System\A2_FashionDataset\FashionDataset\test\images_test\57892.jpg
57893,,,,,c:\Users\LEGION\Documents\jupyter_notebook\Fashion-Intelligence-System\A2_FashionDataset\FashionDataset\test\images_test\57893.jpg
57894,,,,,c:\Users\LEGION\Documents\jupyter_notebook\Fashion-Intelligence-System\A2_FashionDataset\FashionDataset\test\images_test\57894.jpg
57895,,,,,c:\Users\LEGION\Documents\jupyter_notebook\Fashion-Intelligence-System\A2_FashionDataset\FashionDataset\test\images_test\57895.jpg
57896,,,,,c:\Users\LEGION\Documents\jupyter_notebook\Fashion-Intelligence-System\A2_FashionDataset\FashionDataset\test\images_test\57896.jpg
57897,,,,,c:\Users\LEGION\Documents\jupyter_notebook\Fashion-Intelligence-System\A2_FashionDataset\FashionDataset\test\images_test\57897.jpg
57898,,,,,c:\Users\LEGION\Documents\jupyter_notebook\Fashion-Intelligence-System\A2_FashionDataset\FashionDataset\test\images_test\57898.jpg
57899,,,,,c:\Users\LEGION\Documents\jupyter_notebook\Fashion-Intelligence-System\A2_FashionDataset\FashionDataset\test\images_test\57899.jpg
57906,,,,,c:\Users\LEGION\Documents\jupyter_notebook\Fashion-Intelligence-System\A2_FashionDataset\FashionDataset\test\images_test\57906.jpg
57907,,,,,c:\Users\LEGION\Documents\jupyter_notebook\Fashion-Intelligence-System\A2_FashionDataset\FashionDataset\test\images_test\57907.jpg
57908,,,,,c:\Users\LEGION\Documents\jupyter_notebook\Fashion-Intelligence-System\A2_FashionDataset\FashionDataset\test\images_test\57908.jpg
57909,,,,,c:\Users\LEGION\Documents\jupyter_notebook\Fashion-Intelligence-System\A2_FashionDataset\FashionDataset\test\images_test\57909.jpg
57910,,,,,c:\Users\LEGION\Documents\jupyter_notebook\Fashion-Intelligence-System\A2_FashionDataset\FashionDataset\test\images_test\57910.jpg
57911,,,,,c:\Users\LEGION\Documents\jupyter_notebook\Fashion-Intelligence-System\A2_FashionDataset\FashionDataset\test\images_test\57911.jpg
57912,,,,,c:\Users\LEGION\Documents\jupyter_notebook\Fashion-Intelligence-System\A2_FashionDataset\FashionDataset\test\images_test\57912.jpg
57913,,,,,c:\Users\LEGION\Documents\jupyter_notebook\Fashion-Intelligence-System\A2_FashionDataset\FashionDataset\test\images_test\57913.jpg
57914,,,,,c:\Users\LEGION\Documents\jupyter_notebook\Fashion-Intelligence-System\A2_FashionDataset\FashionDataset\test\images_test\57914.jpg
57915,,,,,c:\Users\LEGION\Documents\jupyter_notebook\Fashion-Intelligence-System\A2_FashionDataset\FashionDataset\test\images_test\57915.jpg
57916,,,,,c:\Users\LEGION\Documents\jupyter_notebook\Fashion-Intelligence-System\A2_FashionDataset\FashionDataset\test\images_test\57916.jpg
57917,,,,,c:\Users\LEGION\Documents\jupyter_notebook\Fashion-Intelligence-System\A2_FashionDataset\FashionDataset\test\images_test\57917.jpg
57918,,,,,c:\Users\LEGION\Documents\jupyter_notebook\Fashion-Intelligence-System\A2_FashionDataset\FashionDataset\test\images_test\57918.jpg
57919,,,,,c:\Users\LEGION\Documents\jupyter_notebook\Fashion-Intelligence-System\A2_FashionDataset\FashionDataset\test\images_test\57919.jpg
57920,,,,,c:\Users\LEGION\Documents\jupyter_notebook\Fashion-Intelligence-System\A2_FashionDataset\FashionDataset\test\images_test\57920.jpg
57921,,,,,c:\Users\LEGION\Documents\jupyter_notebook\Fashion-Intelligence-System\A2_FashionDataset\FashionDataset\test\images_test\57921.jpg
57922,,,,,c:\Users\LEGION\Documents\jupyter_notebook\Fashion-Intelligence-System\A2_FashionDataset\FashionDataset\test\images_test\57922.jpg
57923,,,,,c:\Users\LEGION\Documents\jupyter_notebook\Fashion-Intelligence-System\A2_FashionDataset\FashionDataset\test\images_test\57923.jpg
57924,,,,,c:\Users\LEGION\Documents\jupyter_notebook\Fashion-Intelligence-System\A2_FashionDataset\FashionDataset\test\images_test\57924.jpg
57925,,,,,c:\Users\LEGION\Documents\jupyter_notebook\Fashion-Intelligence-System\A2_FashionDataset\FashionDataset\test\images_test\57925.jpg
57930,,,,,c:\Users\LEGION\Documents\jupyter_notebook\Fashion-Intelligence-System\A2_FashionDataset\FashionDataset\test\images_test\57930.jpg
57931,,,,,c:\Users\LEGION\Documents\jupyter_notebook\Fashion-Intelligence-System\A2_FashionDataset\FashionDataset\test\images_test\57931.jpg
57932,,,,,c:\Users\LEGION\Documents\jupyter_notebook\Fashion-Intelligence-System\A2_FashionDataset\FashionDataset\test\images_test\57932.jpg
57933,,,,,c:\Users\LEGION\Documents\jupyter_notebook\Fashion-Intelligence-System\A2_FashionDataset\FashionDataset\test\images_test\57933.jpg
57934,,,,,c:\Users\LEGION\Documents\jupyter_notebook\Fashion-Intelligence-System\A2_FashionDataset\FashionDataset\test\images_test\57934.jpg
57935,,,,,c:\Users\LEGION\Documents\jupyter_notebook\Fashion-Intelligence-System\A2_FashionDataset\FashionDataset\test\images_test\57935.jpg
57936,,,,,c:\Users\LEGION\Documents\jupyter_notebook\Fashion-Intelligence-System\A2_FashionDataset\FashionDataset\test\images_test\57936.jpg
57937,,,,,c:\Users\LEGION\Documents\jupyter_notebook\Fashion-Intelligence-System\A2_FashionDataset\FashionDataset\test\images_test\57937.jpg
57938,,,,,c:\Users\LEGION\Documents\jupyter_notebook\Fashion-Intelligence-System\A2_FashionDataset\FashionDataset\test\images_test\57938.jpg
57939,,,,,c:\Users\LEGION\Documents\jupyter_notebook\Fashion-Intelligence-System\A2_FashionDataset\FashionDataset\test\images_test\57939.jpg
57940,,,,,c:\Users\LEGION\Documents\jupyter_notebook\Fashion-Intelligence-System\A2_FashionDataset\FashionDataset\test\images_test\57940.jpg
57941,,,,,c:\Users\LEGION\Documents\jupyter_notebook\Fashion-Intelligence-System\A2_FashionDataset\FashionDataset\test\images_test\57941.jpg
57942,,,,,c:\Users\LEGION\Documents\jupyter_notebook\Fashion-Intelligence-System\A2_FashionDataset\FashionDataset\test\images_test\57942.jpg
57943,,,,,c:\Users\LEGION\Documents\jupyter_notebook\Fashion-Intelligence-System\A2_FashionDataset\FashionDataset\test\images_test\57943.jpg
57944,,,,,c:\Users\LEGION\Documents\jupyter_notebook\Fashion-Intelligence-System\A2_FashionDataset\FashionDataset\test\images_test\57944.jpg
57945,,,,,c:\Users\LEGION\Documents\jupyter_notebook\Fashion-Intelligence-System\A2_FashionDataset\FashionDataset\test\images_test\57945.jpg
57946,,,,,c:\Users\LEGION\Documents\jupyter_notebook\Fashion-Intelligence-System\A2_FashionDataset\FashionDataset\test\images_test\57946.jpg
57947,,,,,c:\Users\LEGION\Documents\jupyter_notebook\Fashion-Intelligence-System\A2_FashionDataset\FashionDataset\test\images_test\57947.jpg
57948,,,,,c:\Users\LEGION\Documents\jupyter_notebook\Fashion-Intelligence-System\A2_FashionDataset\FashionDataset\test\images_test\57948.jpg
57949,,,,,c:\Users\LEGION\Documents\jupyter_notebook\Fashion-Intelligence-System\A2_FashionDataset\FashionDataset\test\images_test\57949.jpg
57950,,,,,c:\Users\LEGION\Documents\jupyter_notebook\Fashion-Intelligence-System\A2_FashionDataset\FashionDataset\test\images_test\57950.jpg
57952,,,,,c:\Users\LEGION\Documents\jupyter_notebook\Fashion-Intelligence-System\A2_FashionDataset\FashionDataset\test\images_test\57952.jpg
57953,,,,,c:\Users\LEGION\Documents\jupyter_notebook\Fashion-Intelligence-System\A2_FashionDataset\FashionDataset\test\images_test\57953.jpg
57954,,,,,c:\Users\LEGION\Documents\jupyter_notebook\Fashion-Intelligence-System\A2_FashionDataset\FashionDataset\test\images_test\57954.jpg
57956,,,,,c:\Users\LEGION\Documents\jupyter_notebook\Fashion-Intelligence-System\A2_FashionDataset\FashionDataset\test\images_test\57956.jpg
57957,,,,,c:\Users\LEGION\Documents\jupyter_notebook\Fashion-Intelligence-System\A2_FashionDataset\FashionDataset\test\images_test\57957.jpg
57958,,,,,c:\Users\LEGION\Documents\jupyter_notebook\Fashion-Intelligence-System\A2_FashionDataset\FashionDataset\test\images_test\57958.jpg
57959,,,,,c:\Users\LEGION\Documents\jupyter_notebook\Fashion-Intelligence-System\A2_FashionDataset\FashionDataset\test\images_test\57959.jpg
57960,,,,,c:\Users\LEGION\Documents\jupyter_notebook\Fashion-Intelligence-System\A2_FashionDataset\FashionDataset\test\images_test\57960.jpg
57961,,,,,c:\Users\LEGION\Documents\jupyter_notebook\Fashion-Intelligence-System\A2_FashionDataset\FashionDataset\test\images_test\57961.jpg
57962,,,,,c:\Users\LEGION\Documents\jupyter_notebook\Fashion-Intelligence-System\A2_FashionDataset\FashionDataset\test\images_test\57962.jpg
57963,,,,,c:\Users\LEGION\Documents\jupyter_notebook\Fashion-Intelligence-System\A2_FashionDataset\FashionDataset\test\images_test\57963.jpg
57964,,,,,c:\Users\LEGION\Documents\jupyter_notebook\Fashion-Intelligence-System\A2_FashionDataset\FashionDataset\test\images_test\57964.jpg
57965,,,,,c:\Users\LEGION\Documents\jupyter_notebook\Fashion-Intelligence-System\A2_FashionDataset\FashionDataset\test\images_test\57965.jpg
57966,,,,,c:\Users\LEGION\Documents\jupyter_notebook\Fashion-Intelligence-System\A2_FashionDataset\FashionDataset\test\images_test\57966.jpg
57967,,,,,c:\Users\LEGION\Documents\jupyter_notebook\Fashion-Intelligence-System\A2_FashionDataset\FashionDataset\test\images_test\57967.jpg
57968,,,,,c:\Users\LEGION\Documents\jupyter_notebook\Fashion-Intelligence-System\A2_FashionDataset\FashionDataset\test\images_test\57968.jpg
57969,,,,,c:\Users\LEGION\Documents\jupyter_notebook\Fashion-Intelligence-System\A2_FashionDataset\FashionDataset\test\images_test\57969.jpg
57970,,,,,c:\Users\LEGION\Documents\jupyter_notebook\Fashion-Intelligence-System\A2_FashionDataset\FashionDataset\test\images_test\57970.jpg
57971,,,,,c:\Users\LEGION\Documents\jupyter_notebook\Fashion-Intelligence-System\A2_FashionDataset\FashionDataset\test\images_test\57971.jpg
57972,,,,,c:\Users\LEGION\Documents\jupyter_notebook\Fashion-Intelligence-System\A2_FashionDataset\FashionDataset\test\images_test\57972.jpg
57973,,,,,c:\Users\LEGION\Documents\jupyter_notebook\Fashion-Intelligence-System\A2_FashionDataset\FashionDataset\test\images_test\57973.jpg
57974,,,,,c:\Users\LEGION\Documents\jupyter_notebook\Fashion-Intelligence-System\A2_FashionDataset\FashionDataset\test\images_test\57974.jpg
57975,,,,,c:\Users\LEGION\Documents\jupyter_notebook\Fashion-Intelligence-System\A2_FashionDataset\FashionDataset\test\images_test\57975.jpg
57976,,,,,c:\Users\LEGION\Documents\jupyter_notebook\Fashion-Intelligence-System\A2_FashionDataset\FashionDataset\test\images_test\57976.jpg
57980,,,,,c:\Users\LEGION\Documents\jupyter_notebook\Fashion-Intelligence-System\A2_FashionDataset\FashionDataset\test\images_test\57980.jpg
57981,,,,,c:\Users\LEGION\Documents\jupyter_notebook\Fashion-Intelligence-System\A2_FashionDataset\FashionDataset\test\images_test\57981.jpg
57982,,,,,c:\Users\LEGION\Documents\jupyter_notebook\Fashion-Intelligence-System\A2_FashionDataset\FashionDataset\test\images_test\57982.jpg
57983,,,,,c:\Users\LEGION\Documents\jupyter_notebook\Fashion-Intelligence-System\A2_FashionDataset\FashionDataset\test\images_test\57983.jpg
57985,,,,,c:\Users\LEGION\Documents\jupyter_notebook\Fashion-Intelligence-System\A2_FashionDataset\FashionDataset\test\images_test\57985.jpg
57986,,,,,c:\Users\LEGION\Documents\jupyter_notebook\Fashion-Intelligence-System\A2_FashionDataset\FashionDataset\test\images_test\57986.jpg
57987,,,,,c:\Users\LEGION\Documents\jupyter_notebook\Fashion-Intelligence-System\A2_FashionDataset\FashionDataset\test\images_test\57987.jpg
57988,,,,,c:\Users\LEGION\Documents\jupyter_notebook\Fashion-Intelligence-System\A2_FashionDataset\FashionDataset\test\images_test\57988.jpg
57989,,,,,c:\Users\LEGION\Documents\jupyter_notebook\Fashion-Intelligence-System\A2_FashionDataset\FashionDataset\test\images_test\57989.jpg
57990,,,,,c:\Users\LEGION\Documents\jupyter_notebook\Fashion-Intelligence-System\A2_FashionDataset\FashionDataset\test\images_test\57990.jpg
57991,,,,,c:\Users\LEGION\Documents\jupyter_notebook\Fashion-Intelligence-System\A2_FashionDataset\FashionDataset\test\images_test\57991.jpg
57992,,,,,c:\Users\LEGION\Documents\jupyter_notebook\Fashion-Intelligence-System\A2_FashionDataset\FashionDataset\test\images_test\57992.jpg
57993,,,,,c:\Users\LEGION\Documents\jupyter_notebook\Fashion-Intelligence-System\A2_FashionDataset\FashionDataset\test\images_test\57993.jpg
57994,,,,,c:\Users\LEGION\Documents\jupyter_notebook\Fashion-Intelligence-System\A2_FashionDataset\FashionDataset\test\images_test\57994.jpg
57995,,,,,c:\Users\LEGION\Documents\jupyter_notebook\Fashion-Intelligence-System\A2_FashionDataset\FashionDataset\test\images_test\57995.jpg
57996,,,,,c:\Users\LEGION\Documents\jupyter_notebook\Fashion-Intelligence-System\A2_FashionDataset\FashionDataset\test\images_test\57996.jpg
57997,,,,,c:\Users\LEGION\Documents\jupyter_notebook\Fashion-Intelligence-System\A2_FashionDataset\FashionDataset\test\images_test\57997.jpg
57998,,,,,c:\Users\LEGION\Documents\jupyter_notebook\Fashion-Intelligence-System\A2_FashionDataset\FashionDataset\test\images_test\57998.jpg
57999,,,,,c:\Users\LEGION\Documents\jupyter_notebook\Fashion-Intelligence-System\A2_FashionDataset\FashionDataset\test\images_test\57999.jpg
58000,,,,,c:\Users\LEGION\Documents\jupyter_notebook\Fashion-Intelligence-System\A2_FashionDataset\FashionDataset\test\images_test\58000.jpg
58001,,,,,c:\Users\LEGION\Documents\jupyter_notebook\Fashion-Intelligence-System\A2_FashionDataset\FashionDataset\test\images_test\58001.jpg
58002,,,,,c:\Users\LEGION\Documents\jupyter_notebook\Fashion-Intelligence-System\A2_FashionDataset\FashionDataset\test\images_test\58002.jpg
58003,,,,,c:\Users\LEGION\Documents\jupyter_notebook\Fashion-Intelligence-System\A2_FashionDataset\FashionDataset\test\images_test\58003.jpg
58004,,,,,c:\Users\LEGION\Documents\jupyter_notebook\Fashion-Intelligence-System\A2_FashionDataset\FashionDataset\test\images_test\58004.jpg
58005,,,,,c:\Users\LEGION\Documents\jupyter_notebook\Fashion-Intelligence-System\A2_FashionDataset\FashionDataset\test\images_test\58005.jpg
58006,,,,,c:\Users\LEGION\Documents\jupyter_notebook\Fashion-Intelligence-System\A2_FashionDataset\FashionDataset\test\images_test\58006.jpg
58007,,,,,c:\Users\LEGION\Documents\jupyter_notebook\Fashion-Intelligence-System\A2_FashionDataset\FashionDataset\test\images_test\58007.jpg
58008,,,,,c:\Users\LEGION\Documents\jupyter_notebook\Fashion-Intelligence-System\A2_FashionDataset\FashionDataset\test\images_test\58008.jpg
58009,,,,,c:\Users\LEGION\Documents\jupyter_notebook\Fashion-Intelligence-System\A2_FashionDataset\FashionDataset\test\images_test\58009.jpg
58010,,,,,c:\Users\LEGION\Documents\jupyter_notebook\Fashion-Intelligence-System\A2_FashionDataset\FashionDataset\test\images_test\58010.jpg
58011,,,,,c:\Users\LEGION\Documents\jupyter_notebook\Fashion-Intelligence-System\A2_FashionDataset\FashionDataset\test\images_test\58011.jpg
58012,,,,,c:\Users\LEGION\Documents\jupyter_notebook\Fashion-Intelligence-System\A2_FashionDataset\FashionDataset\test\images_test\58012.jpg
58013,,,,,c:\Users\LEGION\Documents\jupyter_notebook\Fashion-Intelligence-System\A2_FashionDataset\FashionDataset\test\images_test\58013.jpg
58014,,,,,c:\Users\LEGION\Documents\jupyter_notebook\Fashion-Intelligence-System\A2_FashionDataset\FashionDataset\test\images_test\58014.jpg
58015,,,,,c:\Users\LEGION\Documents\jupyter_notebook\Fashion-Intelligence-System\A2_FashionDataset\FashionDataset\test\images_test\58015.jpg
58016,,,,,c:\Users\LEGION\Documents\jupyter_notebook\Fashion-Intelligence-System\A2_FashionDataset\FashionDataset\test\images_test\58016.jpg
58017,,,,,c:\Users\LEGION\Documents\jupyter_notebook\Fashion-Intelligence-System\A2_FashionDataset\FashionDataset\test\images_test\58017.jpg
58018,,,,,c:\Users\LEGION\Documents\jupyter_notebook\Fashion-Intelligence-System\A2_FashionDataset\FashionDataset\test\images_test\58018.jpg
58020,,,,,c:\Users\LEGION\Documents\jupyter_notebook\Fashion-Intelligence-System\A2_FashionDataset\FashionDataset\test\images_test\58020.jpg
58022,,,,,c:\Users\LEGION\Documents\jupyter_notebook\Fashion-Intelligence-System\A2_FashionDataset\FashionDataset\test\images_test\58022.jpg
58023,,,,,c:\Users\LEGION\Documents\jupyter_notebook\Fashion-Intelligence-System\A2_FashionDataset\FashionDataset\test\images_test\58023.jpg
58024,,,,,c:\Users\LEGION\Documents\jupyter_notebook\Fashion-Intelligence-System\A2_FashionDataset\FashionDataset\test\images_test\58024.jpg
58027,,,,,c:\Users\LEGION\Documents\jupyter_notebook\Fashion-Intelligence-System\A2_FashionDataset\FashionDataset\test\images_test\58027.jpg
58028,,,,,c:\Users\LEGION\Documents\jupyter_notebook\Fashion-Intelligence-System\A2_FashionDataset\FashionDataset\test\images_test\58028.jpg
58030,,,,,c:\Users\LEGION\Documents\jupyter_notebook\Fashion-Intelligence-System\A2_FashionDataset\FashionDataset\test\images_test\58030.jpg
58032,,,,,c:\Users\LEGION\Documents\jupyter_notebook\Fashion-Intelligence-System\A2_FashionDataset\FashionDataset\test\images_test\58032.jpg
58035,,,,,c:\Users\LEGION\Documents\jupyter_notebook\Fashion-Intelligence-System\A2_FashionDataset\FashionDataset\test\images_test\58035.jpg
58037,,,,,c:\Users\LEGION\Documents\jupyter_notebook\Fashion-Intelligence-System\A2_FashionDataset\FashionDataset\test\images_test\58037.jpg
58039,,,,,c:\Users\LEGION\Documents\jupyter_notebook\Fashion-Intelligence-System\A2_FashionDataset\FashionDataset\test\images_test\58039.jpg
58041,,,,,c:\Users\LEGION\Documents\jupyter_notebook\Fashion-Intelligence-System\A2_FashionDataset\FashionDataset\test\images_test\58041.jpg
58042,,,,,c:\Users\LEGION\Documents\jupyter_notebook\Fashion-Intelligence-System\A2_FashionDataset\FashionDataset\test\images_test\58042.jpg
58044,,,,,c:\Users\LEGION\Documents\jupyter_notebook\Fashion-Intelligence-System\A2_FashionDataset\FashionDataset\test\images_test\58044.jpg
58045,,,,,c:\Users\LEGION\Documents\jupyter_notebook\Fashion-Intelligence-System\A2_FashionDataset\FashionDataset\test\images_test\58045.jpg
58046,,,,,c:\Users\LEGION\Documents\jupyter_notebook\Fashion-Intelligence-System\A2_FashionDataset\FashionDataset\test\images_test\58046.jpg
58049,,,,,c:\Users\LEGION\Documents\jupyter_notebook\Fashion-Intelligence-System\A2_FashionDataset\FashionDataset\test\images_test\58049.jpg
58050,,,,,c:\Users\LEGION\Documents\jupyter_notebook\Fashion-Intelligence-System\A2_FashionDataset\FashionDataset\test\images_test\58050.jpg
58051,,,,,c:\Users\LEGION\Documents\jupyter_notebook\Fashion-Intelligence-System\A2_FashionDataset\FashionDataset\test\images_test\58051.jpg
58052,,,,,c:\Users\LEGION\Documents\jupyter_notebook\Fashion-Intelligence-System\A2_FashionDataset\FashionDataset\test\images_test\58052.jpg
58053,,,,,c:\Users\LEGION\Documents\jupyter_notebook\Fashion-Intelligence-System\A2_FashionDataset\FashionDataset\test\images_test\58053.jpg
58057,,,,,c:\Users\LEGION\Documents\jupyter_notebook\Fashion-Intelligence-System\A2_FashionDataset\FashionDataset\test\images_test\58057.jpg
58058,,,,,c:\Users\LEGION\Documents\jupyter_notebook\Fashion-Intelligence-System\A2_FashionDataset\FashionDataset\test\images_test\58058.jpg
58059,,,,,c:\Users\LEGION\Documents\jupyter_notebook\Fashion-Intelligence-System\A2_FashionDataset\FashionDataset\test\images_test\58059.jpg
58060,,,,,c:\Users\LEGION\Documents\jupyter_notebook\Fashion-Intelligence-System\A2_FashionDataset\FashionDataset\test\images_test\58060.jpg
58061,,,,,c:\Users\LEGION\Documents\jupyter_notebook\Fashion-Intelligence-System\A2_FashionDataset\FashionDataset\test\images_test\58061.jpg
58062,,,,,c:\Users\LEGION\Documents\jupyter_notebook\Fashion-Intelligence-System\A2_FashionDataset\FashionDataset\test\images_test\58062.jpg
58063,,,,,c:\Users\LEGION\Documents\jupyter_notebook\Fashion-Intelligence-System\A2_FashionDataset\FashionDataset\test\images_test\58063.jpg
58071,,,,,c:\Users\LEGION\Documents\jupyter_notebook\Fashion-Intelligence-System\A2_FashionDataset\FashionDataset\test\images_test\58071.jpg
58072,,,,,c:\Users\LEGION\Documents\jupyter_notebook\Fashion-Intelligence-System\A2_FashionDataset\FashionDataset\test\images_test\58072.jpg
58073,,,,,c:\Users\LEGION\Documents\jupyter_notebook\Fashion-Intelligence-System\A2_FashionDataset\FashionDataset\test\images_test\58073.jpg
58074,,,,,c:\Users\LEGION\Documents\jupyter_notebook\Fashion-Intelligence-System\A2_FashionDataset\FashionDataset\test\images_test\58074.jpg
58075,,,,,c:\Users\LEGION\Documents\jupyter_notebook\Fashion-Intelligence-System\A2_FashionDataset\FashionDataset\test\images_test\58075.jpg
58076,,,,,c:\Users\LEGION\Documents\jupyter_notebook\Fashion-Intelligence-System\A2_FashionDataset\FashionDataset\test\images_test\58076.jpg
58078,,,,,c:\Users\LEGION\Documents\jupyter_notebook\Fashion-Intelligence-System\A2_FashionDataset\FashionDataset\test\images_test\58078.jpg
58085,,,,,c:\Users\LEGION\Documents\jupyter_notebook\Fashion-Intelligence-System\A2_FashionDataset\FashionDataset\test\images_test\58085.jpg
58086,,,,,c:\Users\LEGION\Documents\jupyter_notebook\Fashion-Intelligence-System\A2_FashionDataset\FashionDataset\test\images_test\58086.jpg
58087,,,,,c:\Users\LEGION\Documents\jupyter_notebook\Fashion-Intelligence-System\A2_FashionDataset\FashionDataset\test\images_test\58087.jpg
58093,,,,,c:\Users\LEGION\Documents\jupyter_notebook\Fashion-Intelligence-System\A2_FashionDataset\FashionDataset\test\images_test\58093.jpg
58096,,,,,c:\Users\LEGION\Documents\jupyter_notebook\Fashion-Intelligence-System\A2_FashionDataset\FashionDataset\test\images_test\58096.jpg
58097,,,,,c:\Users\LEGION\Documents\jupyter_notebook\Fashion-Intelligence-System\A2_FashionDataset\FashionDataset\test\images_test\58097.jpg
58098,,,,,c:\Users\LEGION\Documents\jupyter_notebook\Fashion-Intelligence-System\A2_FashionDataset\FashionDataset\test\images_test\58098.jpg
58099,,,,,c:\Users\LEGION\Documents\jupyter_notebook\Fashion-Intelligence-System\A2_FashionDataset\FashionDataset\test\images_test\58099.jpg
58100,,,,,c:\Users\LEGION\Documents\jupyter_notebook\Fashion-Intelligence-System\A2_FashionDataset\FashionDataset\test\images_test\58100.jpg
58104,,,,,c:\Users\LEGION\Documents\jupyter_notebook\Fashion-Intelligence-System\A2_FashionDataset\FashionDataset\test\images_test\58104.jpg
58107,,,,,c:\Users\LEGION\Documents\jupyter_notebook\Fashion-Intelligence-System\A2_FashionDataset\FashionDataset\test\images_test\58107.jpg
58108,,,,,c:\Users\LEGION\Documents\jupyter_notebook\Fashion-Intelligence-System\A2_FashionDataset\FashionDataset\test\images_test\58108.jpg
58109,,,,,c:\Users\LEGION\Documents\jupyter_notebook\Fashion-Intelligence-System\A2_FashionDataset\FashionDataset\test\images_test\58109.jpg
58110,,,,,c:\Users\LEGION\Documents\jupyter_notebook\Fashion-Intelligence-System\A2_FashionDataset\FashionDataset\test\images_test\58110.jpg
58111,,,,,c:\Users\LEGION\Documents\jupyter_notebook\Fashion-Intelligence-System\A2_FashionDataset\FashionDataset\test\images_test\58111.jpg
58112,,,,,c:\Users\LEGION\Documents\jupyter_notebook\Fashion-Intelligence-System\A2_FashionDataset\FashionDataset\test\images_test\58112.jpg
58115,,,,,c:\Users\LEGION\Documents\jupyter_notebook\Fashion-Intelligence-System\A2_FashionDataset\FashionDataset\test\images_test\58115.jpg
58116,,,,,c:\Users\LEGION\Documents\jupyter_notebook\Fashion-Intelligence-System\A2_FashionDataset\FashionDataset\test\images_test\58116.jpg
58117,,,,,c:\Users\LEGION\Documents\jupyter_notebook\Fashion-Intelligence-System\A2_FashionDataset\FashionDataset\test\images_test\58117.jpg
58118,,,,,c:\Users\LEGION\Documents\jupyter_notebook\Fashion-Intelligence-System\A2_FashionDataset\FashionDataset\test\images_test\58118.jpg
58121,,,,,c:\Users\LEGION\Documents\jupyter_notebook\Fashion-Intelligence-System\A2_FashionDataset\FashionDataset\test\images_test\58121.jpg
58123,,,,,c:\Users\LEGION\Documents\jupyter_notebook\Fashion-Intelligence-System\A2_FashionDataset\FashionDataset\test\images_test\58123.jpg
58128,,,,,c:\Users\LEGION\Documents\jupyter_notebook\Fashion-Intelligence-System\A2_FashionDataset\FashionDataset\test\images_test\58128.jpg
58129,,,,,c:\Users\LEGION\Documents\jupyter_notebook\Fashion-Intelligence-System\A2_FashionDataset\FashionDataset\test\images_test\58129.jpg
58131,,,,,c:\Users\LEGION\Documents\jupyter_notebook\Fashion-Intelligence-System\A2_FashionDataset\FashionDataset\test\images_test\58131.jpg
58132,,,,,c:\Users\LEGION\Documents\jupyter_notebook\Fashion-Intelligence-System\A2_FashionDataset\FashionDataset\test\images_test\58132.jpg
58133,,,,,c:\Users\LEGION\Documents\jupyter_notebook\Fashion-Intelligence-System\A2_FashionDataset\FashionDataset\test\images_test\58133.jpg
58135,,,,,c:\Users\LEGION\Documents\jupyter_notebook\Fashion-Intelligence-System\A2_FashionDataset\FashionDataset\test\images_test\58135.jpg
58136,,,,,c:\Users\LEGION\Documents\jupyter_notebook\Fashion-Intelligence-System\A2_FashionDataset\FashionDataset\test\images_test\58136.jpg
58137,,,,,c:\Users\LEGION\Documents\jupyter_notebook\Fashion-Intelligence-System\A2_FashionDataset\FashionDataset\test\images_test\58137.jpg
58138,,,,,c:\Users\LEGION\Documents\jupyter_notebook\Fashion-Intelligence-System\A2_FashionDataset\FashionDataset\test\images_test\58138.jpg
58139,,,,,c:\Users\LEGION\Documents\jupyter_notebook\Fashion-Intelligence-System\A2_FashionDataset\FashionDataset\test\images_test\58139.jpg
58140,,,,,c:\Users\LEGION\Documents\jupyter_notebook\Fashion-Intelligence-System\A2_FashionDataset\FashionDataset\test\images_test\58140.jpg
58141,,,,,c:\Users\LEGION\Documents\jupyter_notebook\Fashion-Intelligence-System\A2_FashionDataset\FashionDataset\test\images_test\58141.jpg
58143,,,,,c:\Users\LEGION\Documents\jupyter_notebook\Fashion-Intelligence-System\A2_FashionDataset\FashionDataset\test\images_test\58143.jpg
58144,,,,,c:\Users\LEGION\Documents\jupyter_notebook\Fashion-Intelligence-System\A2_FashionDataset\FashionDataset\test\images_test\58144.jpg
58145,,,,,c:\Users\LEGION\Documents\jupyter_notebook\Fashion-Intelligence-System\A2_FashionDataset\FashionDataset\test\images_test\58145.jpg
58146,,,,,c:\Users\LEGION\Documents\jupyter_notebook\Fashion-Intelligence-System\A2_FashionDataset\FashionDataset\test\images_test\58146.jpg
58147,,,,,c:\Users\LEGION\Documents\jupyter_notebook\Fashion-Intelligence-System\A2_FashionDataset\FashionDataset\test\images_test\58147.jpg
58148,,,,,c:\Users\LEGION\Documents\jupyter_notebook\Fashion-Intelligence-System\A2_FashionDataset\FashionDataset\test\images_test\58148.jpg
58149,,,,,c:\Users\LEGION\Documents\jupyter_notebook\Fashion-Intelligence-System\A2_FashionDataset\FashionDataset\test\images_test\58149.jpg
58150,,,,,c:\Users\LEGION\Documents\jupyter_notebook\Fashion-Intelligence-System\A2_FashionDataset\FashionDataset\test\images_test\58150.jpg
58151,,,,,c:\Users\LEGION\Documents\jupyter_notebook\Fashion-Intelligence-System\A2_FashionDataset\FashionDataset\test\images_test\58151.jpg
58152,,,,,c:\Users\LEGION\Documents\jupyter_notebook\Fashion-Intelligence-System\A2_FashionDataset\FashionDataset\test\images_test\58152.jpg
58153,,,,,c:\Users\LEGION\Documents\jupyter_notebook\Fashion-Intelligence-System\A2_FashionDataset\FashionDataset\test\images_test\58153.jpg
58154,,,,,c:\Users\LEGION\Documents\jupyter_notebook\Fashion-Intelligence-System\A2_FashionDataset\FashionDataset\test\images_test\58154.jpg
58155,,,,,c:\Users\LEGION\Documents\jupyter_notebook\Fashion-Intelligence-System\A2_FashionDataset\FashionDataset\test\images_test\58155.jpg
58156,,,,,c:\Users\LEGION\Documents\jupyter_notebook\Fashion-Intelligence-System\A2_FashionDataset\FashionDataset\test\images_test\58156.jpg
58157,,,,,c:\Users\LEGION\Documents\jupyter_notebook\Fashion-Intelligence-System\A2_FashionDataset\FashionDataset\test\images_test\58157.jpg
58158,,,,,c:\Users\LEGION\Documents\jupyter_notebook\Fashion-Intelligence-System\A2_FashionDataset\FashionDataset\test\images_test\58158.jpg
58159,,,,,c:\Users\LEGION\Documents\jupyter_notebook\Fashion-Intelligence-System\A2_FashionDataset\FashionDataset\test\images_test\58159.jpg
58160,,,,,c:\Users\LEGION\Documents\jupyter_notebook\Fashion-Intelligence-System\A2_FashionDataset\FashionDataset\test\images_test\58160.jpg
58161,,,,,c:\Users\LEGION\Documents\jupyter_notebook\Fashion-Intelligence-System\A2_FashionDataset\FashionDataset\test\images_test\58161.jpg
58162,,,,,c:\Users\LEGION\Documents\jupyter_notebook\Fashion-Intelligence-System\A2_FashionDataset\FashionDataset\test\images_test\58162.jpg
58163,,,,,c:\Users\LEGION\Documents\jupyter_notebook\Fashion-Intelligence-System\A2_FashionDataset\FashionDataset\test\images_test\58163.jpg
58164,,,,,c:\Users\LEGION\Documents\jupyter_notebook\Fashion-Intelligence-System\A2_FashionDataset\FashionDataset\test\images_test\58164.jpg
58165,,,,,c:\Users\LEGION\Documents\jupyter_notebook\Fashion-Intelligence-System\A2_FashionDataset\FashionDataset\test\images_test\58165.jpg
58166,,,,,c:\Users\LEGION\Documents\jupyter_notebook\Fashion-Intelligence-System\A2_FashionDataset\FashionDataset\test\images_test\58166.jpg
58167,,,,,c:\Users\LEGION\Documents\jupyter_notebook\Fashion-Intelligence-System\A2_FashionDataset\FashionDataset\test\images_test\58167.jpg
58168,,,,,c:\Users\LEGION\Documents\jupyter_notebook\Fashion-Intelligence-System\A2_FashionDataset\FashionDataset\test\images_test\58168.jpg
58169,,,,,c:\Users\LEGION\Documents\jupyter_notebook\Fashion-Intelligence-System\A2_FashionDataset\FashionDataset\test\images_test\58169.jpg
58170,,,,,c:\Users\LEGION\Documents\jupyter_notebook\Fashion-Intelligence-System\A2_FashionDataset\FashionDataset\test\images_test\58170.jpg
58171,,,,,c:\Users\LEGION\Documents\jupyter_notebook\Fashion-Intelligence-System\A2_FashionDataset\FashionDataset\test\images_test\58171.jpg
58172,,,,,c:\Users\LEGION\Documents\jupyter_notebook\Fashion-Intelligence-System\A2_FashionDataset\FashionDataset\test\images_test\58172.jpg
58173,,,,,c:\Users\LEGION\Documents\jupyter_notebook\Fashion-Intelligence-System\A2_FashionDataset\FashionDataset\test\images_test\58173.jpg
58174,,,,,c:\Users\LEGION\Documents\jupyter_notebook\Fashion-Intelligence-System\A2_FashionDataset\FashionDataset\test\images_test\58174.jpg
58175,,,,,c:\Users\LEGION\Documents\jupyter_notebook\Fashion-Intelligence-System\A2_FashionDataset\FashionDataset\test\images_test\58175.jpg
58176,,,,,c:\Users\LEGION\Documents\jupyter_notebook\Fashion-Intelligence-System\A2_FashionDataset\FashionDataset\test\images_test\58176.jpg
58177,,,,,c:\Users\LEGION\Documents\jupyter_notebook\Fashion-Intelligence-System\A2_FashionDataset\FashionDataset\test\images_test\58177.jpg
58178,,,,,c:\Users\LEGION\Documents\jupyter_notebook\Fashion-Intelligence-System\A2_FashionDataset\FashionDataset\test\images_test\58178.jpg
58179,,,,,c:\Users\LEGION\Documents\jupyter_notebook\Fashion-Intelligence-System\A2_FashionDataset\FashionDataset\test\images_test\58179.jpg
58180,,,,,c:\Users\LEGION\Documents\jupyter_notebook\Fashion-Intelligence-System\A2_FashionDataset\FashionDataset\test\images_test\58180.jpg
58181,,,,,c:\Users\LEGION\Documents\jupyter_notebook\Fashion-Intelligence-System\A2_FashionDataset\FashionDataset\test\images_test\58181.jpg
58182,,,,,c:\Users\LEGION\Documents\jupyter_notebook\Fashion-Intelligence-System\A2_FashionDataset\FashionDataset\test\images_test\58182.jpg
58183,,,,,c:\Users\LEGION\Documents\jupyter_notebook\Fashion-Intelligence-System\A2_FashionDataset\FashionDataset\test\images_test\58183.jpg
58184,,,,,c:\Users\LEGION\Documents\jupyter_notebook\Fashion-Intelligence-System\A2_FashionDataset\FashionDataset\test\images_test\58184.jpg
58185,,,,,c:\Users\LEGION\Documents\jupyter_notebook\Fashion-Intelligence-System\A2_FashionDataset\FashionDataset\test\images_test\58185.jpg
58186,,,,,c:\Users\LEGION\Documents\jupyter_notebook\Fashion-Intelligence-System\A2_FashionDataset\FashionDataset\test\images_test\58186.jpg
58187,,,,,c:\Users\LEGION\Documents\jupyter_notebook\Fashion-Intelligence-System\A2_FashionDataset\FashionDataset\test\images_test\58187.jpg
58188,,,,,c:\Users\LEGION\Documents\jupyter_notebook\Fashion-Intelligence-System\A2_FashionDataset\FashionDataset\test\images_test\58188.jpg
58189,,,,,c:\Users\LEGION\Documents\jupyter_notebook\Fashion-Intelligence-System\A2_FashionDataset\FashionDataset\test\images_test\58189.jpg
58190,,,,,c:\Users\LEGION\Documents\jupyter_notebook\Fashion-Intelligence-System\A2_FashionDataset\FashionDataset\test\images_test\58190.jpg
58191,,,,,c:\Users\LEGION\Documents\jupyter_notebook\Fashion-Intelligence-System\A2_FashionDataset\FashionDataset\test\images_test\58191.jpg
58194,,,,,c:\Users\LEGION\Documents\jupyter_notebook\Fashion-Intelligence-System\A2_FashionDataset\FashionDataset\test\images_test\58194.jpg
58195,,,,,c:\Users\LEGION\Documents\jupyter_notebook\Fashion-Intelligence-System\A2_FashionDataset\FashionDataset\test\images_test\58195.jpg
58196,,,,,c:\Users\LEGION\Documents\jupyter_notebook\Fashion-Intelligence-System\A2_FashionDataset\FashionDataset\test\images_test\58196.jpg
58200,,,,,c:\Users\LEGION\Documents\jupyter_notebook\Fashion-Intelligence-System\A2_FashionDataset\FashionDataset\test\images_test\58200.jpg
58201,,,,,c:\Users\LEGION\Documents\jupyter_notebook\Fashion-Intelligence-System\A2_FashionDataset\FashionDataset\test\images_test\58201.jpg
58202,,,,,c:\Users\LEGION\Documents\jupyter_notebook\Fashion-Intelligence-System\A2_FashionDataset\FashionDataset\test\images_test\58202.jpg
58203,,,,,c:\Users\LEGION\Documents\jupyter_notebook\Fashion-Intelligence-System\A2_FashionDataset\FashionDataset\test\images_test\58203.jpg
58204,,,,,c:\Users\LEGION\Documents\jupyter_notebook\Fashion-Intelligence-System\A2_FashionDataset\FashionDataset\test\images_test\58204.jpg
58205,,,,,c:\Users\LEGION\Documents\jupyter_notebook\Fashion-Intelligence-System\A2_FashionDataset\FashionDataset\test\images_test\58205.jpg
58206,,,,,c:\Users\LEGION\Documents\jupyter_notebook\Fashion-Intelligence-System\A2_FashionDataset\FashionDataset\test\images_test\58206.jpg
58207,,,,,c:\Users\LEGION\Documents\jupyter_notebook\Fashion-Intelligence-System\A2_FashionDataset\FashionDataset\test\images_test\58207.jpg
58208,,,,,c:\Users\LEGION\Documents\jupyter_notebook\Fashion-Intelligence-System\A2_FashionDataset\FashionDataset\test\images_test\58208.jpg
58209,,,,,c:\Users\LEGION\Documents\jupyter_notebook\Fashion-Intelligence-System\A2_FashionDataset\FashionDataset\test\images_test\58209.jpg
58210,,,,,c:\Users\LEGION\Documents\jupyter_notebook\Fashion-Intelligence-System\A2_FashionDataset\FashionDataset\test\images_test\58210.jpg
58211,,,,,c:\Users\LEGION\Documents\jupyter_notebook\Fashion-Intelligence-System\A2_FashionDataset\FashionDataset\test\images_test\58211.jpg
58212,,,,,c:\Users\LEGION\Documents\jupyter_notebook\Fashion-Intelligence-System\A2_FashionDataset\FashionDataset\test\images_test\58212.jpg
58213,,,,,c:\Users\LEGION\Documents\jupyter_notebook\Fashion-Intelligence-System\A2_FashionDataset\FashionDataset\test\images_test\58213.jpg
58214,,,,,c:\Users\LEGION\Documents\jupyter_notebook\Fashion-Intelligence-System\A2_FashionDataset\FashionDataset\test\images_test\58214.jpg
58215,,,,,c:\Users\LEGION\Documents\jupyter_notebook\Fashion-Intelligence-System\A2_FashionDataset\FashionDataset\test\images_test\58215.jpg
58216,,,,,c:\Users\LEGION\Documents\jupyter_notebook\Fashion-Intelligence-System\A2_FashionDataset\FashionDataset\test\images_test\58216.jpg
58218,,,,,c:\Users\LEGION\Documents\jupyter_notebook\Fashion-Intelligence-System\A2_FashionDataset\FashionDataset\test\images_test\58218.jpg
58220,,,,,c:\Users\LEGION\Documents\jupyter_notebook\Fashion-Intelligence-System\A2_FashionDataset\FashionDataset\test\images_test\58220.jpg
58222,,,,,c:\Users\LEGION\Documents\jupyter_notebook\Fashion-Intelligence-System\A2_FashionDataset\FashionDataset\test\images_test\58222.jpg
58225,,,,,c:\Users\LEGION\Documents\jupyter_notebook\Fashion-Intelligence-System\A2_FashionDataset\FashionDataset\test\images_test\58225.jpg
58226,,,,,c:\Users\LEGION\Documents\jupyter_notebook\Fashion-Intelligence-System\A2_FashionDataset\FashionDataset\test\images_test\58226.jpg
58227,,,,,c:\Users\LEGION\Documents\jupyter_notebook\Fashion-Intelligence-System\A2_FashionDataset\FashionDataset\test\images_test\58227.jpg
58229,,,,,c:\Users\LEGION\Documents\jupyter_notebook\Fashion-Intelligence-System\A2_FashionDataset\FashionDataset\test\images_test\58229.jpg
58231,,,,,c:\Users\LEGION\Documents\jupyter_notebook\Fashion-Intelligence-System\A2_FashionDataset\FashionDataset\test\images_test\58231.jpg
58232,,,,,c:\Users\LEGION\Documents\jupyter_notebook\Fashion-Intelligence-System\A2_FashionDataset\FashionDataset\test\images_test\58232.jpg
58233,,,,,c:\Users\LEGION\Documents\jupyter_notebook\Fashion-Intelligence-System\A2_FashionDataset\FashionDataset\test\images_test\58233.jpg
58234,,,,,c:\Users\LEGION\Documents\jupyter_notebook\Fashion-Intelligence-System\A2_FashionDataset\FashionDataset\test\images_test\58234.jpg
58235,,,,,c:\Users\LEGION\Documents\jupyter_notebook\Fashion-Intelligence-System\A2_FashionDataset\FashionDataset\test\images_test\58235.jpg
58236,,,,,c:\Users\LEGION\Documents\jupyter_notebook\Fashion-Intelligence-System\A2_FashionDataset\FashionDataset\test\images_test\58236.jpg
58237,,,,,c:\Users\LEGION\Documents\jupyter_notebook\Fashion-Intelligence-System\A2_FashionDataset\FashionDataset\test\images_test\58237.jpg
58238,,,,,c:\Users\LEGION\Documents\jupyter_notebook\Fashion-Intelligence-System\A2_FashionDataset\FashionDataset\test\images_test\58238.jpg
58239,,,,,c:\Users\LEGION\Documents\jupyter_notebook\Fashion-Intelligence-System\A2_FashionDataset\FashionDataset\test\images_test\58239.jpg
58240,,,,,c:\Users\LEGION\Documents\jupyter_notebook\Fashion-Intelligence-System\A2_FashionDataset\FashionDataset\test\images_test\58240.jpg
58241,,,,,c:\Users\LEGION\Documents\jupyter_notebook\Fashion-Intelligence-System\A2_FashionDataset\FashionDataset\test\images_test\58241.jpg
58242,,,,,c:\Users\LEGION\Documents\jupyter_notebook\Fashion-Intelligence-System\A2_FashionDataset\FashionDataset\test\images_test\58242.jpg
58243,,,,,c:\Users\LEGION\Documents\jupyter_notebook\Fashion-Intelligence-System\A2_FashionDataset\FashionDataset\test\images_test\58243.jpg
58244,,,,,c:\Users\LEGION\Documents\jupyter_notebook\Fashion-Intelligence-System\A2_FashionDataset\FashionDataset\test\images_test\58244.jpg
58245,,,,,c:\Users\LEGION\Documents\jupyter_notebook\Fashion-Intelligence-System\A2_FashionDataset\FashionDataset\test\images_test\58245.jpg
58246,,,,,c:\Users\LEGION\Documents\jupyter_notebook\Fashion-Intelligence-System\A2_FashionDataset\FashionDataset\test\images_test\58246.jpg
58247,,,,,c:\Users\LEGION\Documents\jupyter_notebook\Fashion-Intelligence-System\A2_FashionDataset\FashionDataset\test\images_test\58247.jpg
58248,,,,,c:\Users\LEGION\Documents\jupyter_notebook\Fashion-Intelligence-System\A2_FashionDataset\FashionDataset\test\images_test\58248.jpg
58249,,,,,c:\Users\LEGION\Documents\jupyter_notebook\Fashion-Intelligence-System\A2_FashionDataset\FashionDataset\test\images_test\58249.jpg
58250,,,,,c:\Users\LEGION\Documents\jupyter_notebook\Fashion-Intelligence-System\A2_FashionDataset\FashionDataset\test\images_test\58250.jpg
58251,,,,,c:\Users\LEGION\Documents\jupyter_notebook\Fashion-Intelligence-System\A2_FashionDataset\FashionDataset\test\images_test\58251.jpg
58252,,,,,c:\Users\LEGION\Documents\jupyter_notebook\Fashion-Intelligence-System\A2_FashionDataset\FashionDataset\test\images_test\58252.jpg
58253,,,,,c:\Users\LEGION\Documents\jupyter_notebook\Fashion-Intelligence-System\A2_FashionDataset\FashionDataset\test\images_test\58253.jpg
58254,,,,,c:\Users\LEGION\Documents\jupyter_notebook\Fashion-Intelligence-System\A2_FashionDataset\FashionDataset\test\images_test\58254.jpg
58255,,,,,c:\Users\LEGION\Documents\jupyter_notebook\Fashion-Intelligence-System\A2_FashionDataset\FashionDataset\test\images_test\58255.jpg
58256,,,,,c:\Users\LEGION\Documents\jupyter_notebook\Fashion-Intelligence-System\A2_FashionDataset\FashionDataset\test\images_test\58256.jpg
58257,,,,,c:\Users\LEGION\Documents\jupyter_notebook\Fashion-Intelligence-System\A2_FashionDataset\FashionDataset\test\images_test\58257.jpg
58258,,,,,c:\Users\LEGION\Documents\jupyter_notebook\Fashion-Intelligence-System\A2_FashionDataset\FashionDataset\test\images_test\58258.jpg
58259,,,,,c:\Users\LEGION\Documents\jupyter_notebook\Fashion-Intelligence-System\A2_FashionDataset\FashionDataset\test\images_test\58259.jpg
58260,,,,,c:\Users\LEGION\Documents\jupyter_notebook\Fashion-Intelligence-System\A2_FashionDataset\FashionDataset\test\images_test\58260.jpg
58261,,,,,c:\Users\LEGION\Documents\jupyter_notebook\Fashion-Intelligence-System\A2_FashionDataset\FashionDataset\test\images_test\58261.jpg
58262,,,,,c:\Users\LEGION\Documents\jupyter_notebook\Fashion-Intelligence-System\A2_FashionDataset\FashionDataset\test\images_test\58262.jpg
58263,,,,,c:\Users\LEGION\Documents\jupyter_notebook\Fashion-Intelligence-System\A2_FashionDataset\FashionDataset\test\images_test\58263.jpg
58264,,,,,c:\Users\LEGION\Documents\jupyter_notebook\Fashion-Intelligence-System\A2_FashionDataset\FashionDataset\test\images_test\58264.jpg
58265,,,,,c:\Users\LEGION\Documents\jupyter_notebook\Fashion-Intelligence-System\A2_FashionDataset\FashionDataset\test\images_test\58265.jpg
58266,,,,,c:\Users\LEGION\Documents\jupyter_notebook\Fashion-Intelligence-System\A2_FashionDataset\FashionDataset\test\images_test\58266.jpg
58267,,,,,c:\Users\LEGION\Documents\jupyter_notebook\Fashion-Intelligence-System\A2_FashionDataset\FashionDataset\test\images_test\58267.jpg
58268,,,,,c:\Users\LEGION\Documents\jupyter_notebook\Fashion-Intelligence-System\A2_FashionDataset\FashionDataset\test\images_test\58268.jpg
58269,,,,,c:\Users\LEGION\Documents\jupyter_notebook\Fashion-Intelligence-System\A2_FashionDataset\FashionDataset\test\images_test\58269.jpg
58270,,,,,c:\Users\LEGION\Documents\jupyter_notebook\Fashion-Intelligence-System\A2_FashionDataset\FashionDataset\test\images_test\58270.jpg
58271,,,,,c:\Users\LEGION\Documents\jupyter_notebook\Fashion-Intelligence-System\A2_FashionDataset\FashionDataset\test\images_test\58271.jpg
58272,,,,,c:\Users\LEGION\Documents\jupyter_notebook\Fashion-Intelligence-System\A2_FashionDataset\FashionDataset\test\images_test\58272.jpg
58273,,,,,c:\Users\LEGION\Documents\jupyter_notebook\Fashion-Intelligence-System\A2_FashionDataset\FashionDataset\test\images_test\58273.jpg
58274,,,,,c:\Users\LEGION\Documents\jupyter_notebook\Fashion-Intelligence-System\A2_FashionDataset\FashionDataset\test\images_test\58274.jpg
58275,,,,,c:\Users\LEGION\Documents\jupyter_notebook\Fashion-Intelligence-System\A2_FashionDataset\FashionDataset\test\images_test\58275.jpg
58276,,,,,c:\Users\LEGION\Documents\jupyter_notebook\Fashion-Intelligence-System\A2_FashionDataset\FashionDataset\test\images_test\58276.jpg
58277,,,,,c:\Users\LEGION\Documents\jupyter_notebook\Fashion-Intelligence-System\A2_FashionDataset\FashionDataset\test\images_test\58277.jpg
58278,,,,,c:\Users\LEGION\Documents\jupyter_notebook\Fashion-Intelligence-System\A2_FashionDataset\FashionDataset\test\images_test\58278.jpg
58279,,,,,c:\Users\LEGION\Documents\jupyter_notebook\Fashion-Intelligence-System\A2_FashionDataset\FashionDataset\test\images_test\58279.jpg
58280,,,,,c:\Users\LEGION\Documents\jupyter_notebook\Fashion-Intelligence-System\A2_FashionDataset\FashionDataset\test\images_test\58280.jpg
58281,,,,,c:\Users\LEGION\Documents\jupyter_notebook\Fashion-Intelligence-System\A2_FashionDataset\FashionDataset\test\images_test\58281.jpg
58282,,,,,c:\Users\LEGION\Documents\jupyter_notebook\Fashion-Intelligence-System\A2_FashionDataset\FashionDataset\test\images_test\58282.jpg
58283,,,,,c:\Users\LEGION\Documents\jupyter_notebook\Fashion-Intelligence-System\A2_FashionDataset\FashionDataset\test\images_test\58283.jpg
58284,,,,,c:\Users\LEGION\Documents\jupyter_notebook\Fashion-Intelligence-System\A2_FashionDataset\FashionDataset\test\images_test\58284.jpg
58286,,,,,c:\Users\LEGION\Documents\jupyter_notebook\Fashion-Intelligence-System\A2_FashionDataset\FashionDataset\test\images_test\58286.jpg
58291,,,,,c:\Users\LEGION\Documents\jupyter_notebook\Fashion-Intelligence-System\A2_FashionDataset\FashionDataset\test\images_test\58291.jpg
58292,,,,,c:\Users\LEGION\Documents\jupyter_notebook\Fashion-Intelligence-System\A2_FashionDataset\FashionDataset\test\images_test\58292.jpg
58293,,,,,c:\Users\LEGION\Documents\jupyter_notebook\Fashion-Intelligence-System\A2_FashionDataset\FashionDataset\test\images_test\58293.jpg
58294,,,,,c:\Users\LEGION\Documents\jupyter_notebook\Fashion-Intelligence-System\A2_FashionDataset\FashionDataset\test\images_test\58294.jpg
58295,,,,,c:\Users\LEGION\Documents\jupyter_notebook\Fashion-Intelligence-System\A2_FashionDataset\FashionDataset\test\images_test\58295.jpg
58296,,,,,c:\Users\LEGION\Documents\jupyter_notebook\Fashion-Intelligence-System\A2_FashionDataset\FashionDataset\test\images_test\58296.jpg
58297,,,,,c:\Users\LEGION\Documents\jupyter_notebook\Fashion-Intelligence-System\A2_FashionDataset\FashionDataset\test\images_test\58297.jpg
58298,,,,,c:\Users\LEGION\Documents\jupyter_notebook\Fashion-Intelligence-System\A2_FashionDataset\FashionDataset\test\images_test\58298.jpg
58299,,,,,c:\Users\LEGION\Documents\jupyter_notebook\Fashion-Intelligence-System\A2_FashionDataset\FashionDataset\test\images_test\58299.jpg
58300,,,,,c:\Users\LEGION\Documents\jupyter_notebook\Fashion-Intelligence-System\A2_FashionDataset\FashionDataset\test\images_test\58300.jpg
58301,,,,,c:\Users\LEGION\Documents\jupyter_notebook\Fashion-Intelligence-System\A2_FashionDataset\FashionDataset\test\images_test\58301.jpg
58304,,,,,c:\Users\LEGION\Documents\jupyter_notebook\Fashion-Intelligence-System\A2_FashionDataset\FashionDataset\test\images_test\58304.jpg
58305,,,,,c:\Users\LEGION\Documents\jupyter_notebook\Fashion-Intelligence-System\A2_FashionDataset\FashionDataset\test\images_test\58305.jpg
58306,,,,,c:\Users\LEGION\Documents\jupyter_notebook\Fashion-Intelligence-System\A2_FashionDataset\FashionDataset\test\images_test\58306.jpg
58307,,,,,c:\Users\LEGION\Documents\jupyter_notebook\Fashion-Intelligence-System\A2_FashionDataset\FashionDataset\test\images_test\58307.jpg
58308,,,,,c:\Users\LEGION\Documents\jupyter_notebook\Fashion-Intelligence-System\A2_FashionDataset\FashionDataset\test\images_test\58308.jpg
58309,,,,,c:\Users\LEGION\Documents\jupyter_notebook\Fashion-Intelligence-System\A2_FashionDataset\FashionDataset\test\images_test\58309.jpg
58310,,,,,c:\Users\LEGION\Documents\jupyter_notebook\Fashion-Intelligence-System\A2_FashionDataset\FashionDataset\test\images_test\58310.jpg
58311,,,,,c:\Users\LEGION\Documents\jupyter_notebook\Fashion-Intelligence-System\A2_FashionDataset\FashionDataset\test\images_test\58311.jpg
58312,,,,,c:\Users\LEGION\Documents\jupyter_notebook\Fashion-Intelligence-System\A2_FashionDataset\FashionDataset\test\images_test\58312.jpg
58313,,,,,c:\Users\LEGION\Documents\jupyter_notebook\Fashion-Intelligence-System\A2_FashionDataset\FashionDataset\test\images_test\58313.jpg
58314,,,,,c:\Users\LEGION\Documents\jupyter_notebook\Fashion-Intelligence-System\A2_FashionDataset\FashionDataset\test\images_test\58314.jpg
58315,,,,,c:\Users\LEGION\Documents\jupyter_notebook\Fashion-Intelligence-System\A2_FashionDataset\FashionDataset\test\images_test\58315.jpg
58316,,,,,c:\Users\LEGION\Documents\jupyter_notebook\Fashion-Intelligence-System\A2_FashionDataset\FashionDataset\test\images_test\58316.jpg
58317,,,,,c:\Users\LEGION\Documents\jupyter_notebook\Fashion-Intelligence-System\A2_FashionDataset\FashionDataset\test\images_test\58317.jpg
58318,,,,,c:\Users\LEGION\Documents\jupyter_notebook\Fashion-Intelligence-System\A2_FashionDataset\FashionDataset\test\images_test\58318.jpg
58319,,,,,c:\Users\LEGION\Documents\jupyter_notebook\Fashion-Intelligence-System\A2_FashionDataset\FashionDataset\test\images_test\58319.jpg
58320,,,,,c:\Users\LEGION\Documents\jupyter_notebook\Fashion-Intelligence-System\A2_FashionDataset\FashionDataset\test\images_test\58320.jpg
58321,,,,,c:\Users\LEGION\Documents\jupyter_notebook\Fashion-Intelligence-System\A2_FashionDataset\FashionDataset\test\images_test\58321.jpg
58322,,,,,c:\Users\LEGION\Documents\jupyter_notebook\Fashion-Intelligence-System\A2_FashionDataset\FashionDataset\test\images_test\58322.jpg
58323,,,,,c:\Users\LEGION\Documents\jupyter_notebook\Fashion-Intelligence-System\A2_FashionDataset\FashionDataset\test\images_test\58323.jpg
58324,,,,,c:\Users\LEGION\Documents\jupyter_notebook\Fashion-Intelligence-System\A2_FashionDataset\FashionDataset\test\images_test\58324.jpg
58325,,,,,c:\Users\LEGION\Documents\jupyter_notebook\Fashion-Intelligence-System\A2_FashionDataset\FashionDataset\test\images_test\58325.jpg
58326,,,,,c:\Users\LEGION\Documents\jupyter_notebook\Fashion-Intelligence-System\A2_FashionDataset\FashionDataset\test\images_test\58326.jpg
58327,,,,,c:\Users\LEGION\Documents\jupyter_notebook\Fashion-Intelligence-System\A2_FashionDataset\FashionDataset\test\images_test\58327.jpg
58328,,,,,c:\Users\LEGION\Documents\jupyter_notebook\Fashion-Intelligence-System\A2_FashionDataset\FashionDataset\test\images_test\58328.jpg
58329,,,,,c:\Users\LEGION\Documents\jupyter_notebook\Fashion-Intelligence-System\A2_FashionDataset\FashionDataset\test\images_test\58329.jpg
58330,,,,,c:\Users\LEGION\Documents\jupyter_notebook\Fashion-Intelligence-System\A2_FashionDataset\FashionDataset\test\images_test\58330.jpg
58331,,,,,c:\Users\LEGION\Documents\jupyter_notebook\Fashion-Intelligence-System\A2_FashionDataset\FashionDataset\test\images_test\58331.jpg
58332,,,,,c:\Users\LEGION\Documents\jupyter_notebook\Fashion-Intelligence-System\A2_FashionDataset\FashionDataset\test\images_test\58332.jpg
58333,,,,,c:\Users\LEGION\Documents\jupyter_notebook\Fashion-Intelligence-System\A2_FashionDataset\FashionDataset\test\images_test\58333.jpg
58334,,,,,c:\Users\LEGION\Documents\jupyter_notebook\Fashion-Intelligence-System\A2_FashionDataset\FashionDataset\test\images_test\58334.jpg
58335,,,,,c:\Users\LEGION\Documents\jupyter_notebook\Fashion-Intelligence-System\A2_FashionDataset\FashionDataset\test\images_test\58335.jpg
58336,,,,,c:\Users\LEGION\Documents\jupyter_notebook\Fashion-Intelligence-System\A2_FashionDataset\FashionDataset\test\images_test\58336.jpg
58337,,,,,c:\Users\LEGION\Documents\jupyter_notebook\Fashion-Intelligence-System\A2_FashionDataset\FashionDataset\test\images_test\58337.jpg
58338,,,,,c:\Users\LEGION\Documents\jupyter_notebook\Fashion-Intelligence-System\A2_FashionDataset\FashionDataset\test\images_test\58338.jpg
58339,,,,,c:\Users\LEGION\Documents\jupyter_notebook\Fashion-Intelligence-System\A2_FashionDataset\FashionDataset\test\images_test\58339.jpg
58340,,,,,c:\Users\LEGION\Documents\jupyter_notebook\Fashion-Intelligence-System\A2_FashionDataset\FashionDataset\test\images_test\58340.jpg
58349,,,,,c:\Users\LEGION\Documents\jupyter_notebook\Fashion-Intelligence-System\A2_FashionDataset\FashionDataset\test\images_test\58349.jpg
58351,,,,,c:\Users\LEGION\Documents\jupyter_notebook\Fashion-Intelligence-System\A2_FashionDataset\FashionDataset\test\images_test\58351.jpg
58357,,,,,c:\Users\LEGION\Documents\jupyter_notebook\Fashion-Intelligence-System\A2_FashionDataset\FashionDataset\test\images_test\58357.jpg
58358,,,,,c:\Users\LEGION\Documents\jupyter_notebook\Fashion-Intelligence-System\A2_FashionDataset\FashionDataset\test\images_test\58358.jpg
58372,,,,,c:\Users\LEGION\Documents\jupyter_notebook\Fashion-Intelligence-System\A2_FashionDataset\FashionDataset\test\images_test\58372.jpg
58375,,,,,c:\Users\LEGION\Documents\jupyter_notebook\Fashion-Intelligence-System\A2_FashionDataset\FashionDataset\test\images_test\58375.jpg
58381,,,,,c:\Users\LEGION\Documents\jupyter_notebook\Fashion-Intelligence-System\A2_FashionDataset\FashionDataset\test\images_test\58381.jpg
58385,,,,,c:\Users\LEGION\Documents\jupyter_notebook\Fashion-Intelligence-System\A2_FashionDataset\FashionDataset\test\images_test\58385.jpg
58394,,,,,c:\Users\LEGION\Documents\jupyter_notebook\Fashion-Intelligence-System\A2_FashionDataset\FashionDataset\test\images_test\58394.jpg
58395,,,,,c:\Users\LEGION\Documents\jupyter_notebook\Fashion-Intelligence-System\A2_FashionDataset\FashionDataset\test\images_test\58395.jpg
58411,,,,,c:\Users\LEGION\Documents\jupyter_notebook\Fashion-Intelligence-System\A2_FashionDataset\FashionDataset\test\images_test\58411.jpg
58418,,,,,c:\Users\LEGION\Documents\jupyter_notebook\Fashion-Intelligence-System\A2_FashionDataset\FashionDataset\test\images_test\58418.jpg
58425,,,,,c:\Users\LEGION\Documents\jupyter_notebook\Fashion-Intelligence-System\A2_FashionDataset\FashionDataset\test\images_test\58425.jpg
58439,,,,,c:\Users\LEGION\Documents\jupyter_notebook\Fashion-Intelligence-System\A2_FashionDataset\FashionDataset\test\images_test\58439.jpg
58444,,,,,c:\Users\LEGION\Documents\jupyter_notebook\Fashion-Intelligence-System\A2_FashionDataset\FashionDataset\test\images_test\58444.jpg
58445,,,,,c:\Users\LEGION\Documents\jupyter_notebook\Fashion-Intelligence-System\A2_FashionDataset\FashionDataset\test\images_test\58445.jpg
58446,,,,,c:\Users\LEGION\Documents\jupyter_notebook\Fashion-Intelligence-System\A2_FashionDataset\FashionDataset\test\images_test\58446.jpg
58447,,,,,c:\Users\LEGION\Documents\jupyter_notebook\Fashion-Intelligence-System\A2_FashionDataset\FashionDataset\test\images_test\58447.jpg
58448,,,,,c:\Users\LEGION\Documents\jupyter_notebook\Fashion-Intelligence-System\A2_FashionDataset\FashionDataset\test\images_test\58448.jpg
58449,,,,,c:\Users\LEGION\Documents\jupyter_notebook\Fashion-Intelligence-System\A2_FashionDataset\FashionDataset\test\images_test\58449.jpg
58450,,,,,c:\Users\LEGION\Documents\jupyter_notebook\Fashion-Intelligence-System\A2_FashionDataset\FashionDataset\test\images_test\58450.jpg
58451,,,,,c:\Users\LEGION\Documents\jupyter_notebook\Fashion-Intelligence-System\A2_FashionDataset\FashionDataset\test\images_test\58451.jpg
58452,,,,,c:\Users\LEGION\Documents\jupyter_notebook\Fashion-Intelligence-System\A2_FashionDataset\FashionDataset\test\images_test\58452.jpg
58453,,,,,c:\Users\LEGION\Documents\jupyter_notebook\Fashion-Intelligence-System\A2_FashionDataset\FashionDataset\test\images_test\58453.jpg
58454,,,,,c:\Users\LEGION\Documents\jupyter_notebook\Fashion-Intelligence-System\A2_FashionDataset\FashionDataset\test\images_test\58454.jpg
58455,,,,,c:\Users\LEGION\Documents\jupyter_notebook\Fashion-Intelligence-System\A2_FashionDataset\FashionDataset\test\images_test\58455.jpg
58456,,,,,c:\Users\LEGION\Documents\jupyter_notebook\Fashion-Intelligence-System\A2_FashionDataset\FashionDataset\test\images_test\58456.jpg
58458,,,,,c:\Users\LEGION\Documents\jupyter_notebook\Fashion-Intelligence-System\A2_FashionDataset\FashionDataset\test\images_test\58458.jpg
58459,,,,,c:\Users\LEGION\Documents\jupyter_notebook\Fashion-Intelligence-System\A2_FashionDataset\FashionDataset\test\images_test\58459.jpg
58460,,,,,c:\Users\LEGION\Documents\jupyter_notebook\Fashion-Intelligence-System\A2_FashionDataset\FashionDataset\test\images_test\58460.jpg
58463,,,,,c:\Users\LEGION\Documents\jupyter_notebook\Fashion-Intelligence-System\A2_FashionDataset\FashionDataset\test\images_test\58463.jpg
58464,,,,,c:\Users\LEGION\Documents\jupyter_notebook\Fashion-Intelligence-System\A2_FashionDataset\FashionDataset\test\images_test\58464.jpg
58465,,,,,c:\Users\LEGION\Documents\jupyter_notebook\Fashion-Intelligence-System\A2_FashionDataset\FashionDataset\test\images_test\58465.jpg
58466,,,,,c:\Users\LEGION\Documents\jupyter_notebook\Fashion-Intelligence-System\A2_FashionDataset\FashionDataset\test\images_test\58466.jpg
58467,,,,,c:\Users\LEGION\Documents\jupyter_notebook\Fashion-Intelligence-System\A2_FashionDataset\FashionDataset\test\images_test\58467.jpg
58468,,,,,c:\Users\LEGION\Documents\jupyter_notebook\Fashion-Intelligence-System\A2_FashionDataset\FashionDataset\test\images_test\58468.jpg
58470,,,,,c:\Users\LEGION\Documents\jupyter_notebook\Fashion-Intelligence-System\A2_FashionDataset\FashionDataset\test\images_test\58470.jpg
58471,,,,,c:\Users\LEGION\Documents\jupyter_notebook\Fashion-Intelligence-System\A2_FashionDataset\FashionDataset\test\images_test\58471.jpg
58472,,,,,c:\Users\LEGION\Documents\jupyter_notebook\Fashion-Intelligence-System\A2_FashionDataset\FashionDataset\test\images_test\58472.jpg
58473,,,,,c:\Users\LEGION\Documents\jupyter_notebook\Fashion-Intelligence-System\A2_FashionDataset\FashionDataset\test\images_test\58473.jpg
58474,,,,,c:\Users\LEGION\Documents\jupyter_notebook\Fashion-Intelligence-System\A2_FashionDataset\FashionDataset\test\images_test\58474.jpg
58475,,,,,c:\Users\LEGION\Documents\jupyter_notebook\Fashion-Intelligence-System\A2_FashionDataset\FashionDataset\test\images_test\58475.jpg
58476,,,,,c:\Users\LEGION\Documents\jupyter_notebook\Fashion-Intelligence-System\A2_FashionDataset\FashionDataset\test\images_test\58476.jpg
58477,,,,,c:\Users\LEGION\Documents\jupyter_notebook\Fashion-Intelligence-System\A2_FashionDataset\FashionDataset\test\images_test\58477.jpg
58478,,,,,c:\Users\LEGION\Documents\jupyter_notebook\Fashion-Intelligence-System\A2_FashionDataset\FashionDataset\test\images_test\58478.jpg
58479,,,,,c:\Users\LEGION\Documents\jupyter_notebook\Fashion-Intelligence-System\A2_FashionDataset\FashionDataset\test\images_test\58479.jpg
58480,,,,,c:\Users\LEGION\Documents\jupyter_notebook\Fashion-Intelligence-System\A2_FashionDataset\FashionDataset\test\images_test\58480.jpg
58481,,,,,c:\Users\LEGION\Documents\jupyter_notebook\Fashion-Intelligence-System\A2_FashionDataset\FashionDataset\test\images_test\58481.jpg
58482,,,,,c:\Users\LEGION\Documents\jupyter_notebook\Fashion-Intelligence-System\A2_FashionDataset\FashionDataset\test\images_test\58482.jpg
58483,,,,,c:\Users\LEGION\Documents\jupyter_notebook\Fashion-Intelligence-System\A2_FashionDataset\FashionDataset\test\images_test\58483.jpg
58484,,,,,c:\Users\LEGION\Documents\jupyter_notebook\Fashion-Intelligence-System\A2_FashionDataset\FashionDataset\test\images_test\58484.jpg
58485,,,,,c:\Users\LEGION\Documents\jupyter_notebook\Fashion-Intelligence-System\A2_FashionDataset\FashionDataset\test\images_test\58485.jpg
58486,,,,,c:\Users\LEGION\Documents\jupyter_notebook\Fashion-Intelligence-System\A2_FashionDataset\FashionDataset\test\images_test\58486.jpg
58487,,,,,c:\Users\LEGION\Documents\jupyter_notebook\Fashion-Intelligence-System\A2_FashionDataset\FashionDataset\test\images_test\58487.jpg
58488,,,,,c:\Users\LEGION\Documents\jupyter_notebook\Fashion-Intelligence-System\A2_FashionDataset\FashionDataset\test\images_test\58488.jpg
58489,,,,,c:\Users\LEGION\Documents\jupyter_notebook\Fashion-Intelligence-System\A2_FashionDataset\FashionDataset\test\images_test\58489.jpg
58490,,,,,c:\Users\LEGION\Documents\jupyter_notebook\Fashion-Intelligence-System\A2_FashionDataset\FashionDataset\test\images_test\58490.jpg
58491,,,,,c:\Users\LEGION\Documents\jupyter_notebook\Fashion-Intelligence-System\A2_FashionDataset\FashionDataset\test\images_test\58491.jpg
58492,,,,,c:\Users\LEGION\Documents\jupyter_notebook\Fashion-Intelligence-System\A2_FashionDataset\FashionDataset\test\images_test\58492.jpg
58493,,,,,c:\Users\LEGION\Documents\jupyter_notebook\Fashion-Intelligence-System\A2_FashionDataset\FashionDataset\test\images_test\58493.jpg
58494,,,,,c:\Users\LEGION\Documents\jupyter_notebook\Fashion-Intelligence-System\A2_FashionDataset\FashionDataset\test\images_test\58494.jpg
58495,,,,,c:\Users\LEGION\Documents\jupyter_notebook\Fashion-Intelligence-System\A2_FashionDataset\FashionDataset\test\images_test\58495.jpg
58496,,,,,c:\Users\LEGION\Documents\jupyter_notebook\Fashion-Intelligence-System\A2_FashionDataset\FashionDataset\test\images_test\58496.jpg
58497,,,,,c:\Users\LEGION\Documents\jupyter_notebook\Fashion-Intelligence-System\A2_FashionDataset\FashionDataset\test\images_test\58497.jpg
58498,,,,,c:\Users\LEGION\Documents\jupyter_notebook\Fashion-Intelligence-System\A2_FashionDataset\FashionDataset\test\images_test\58498.jpg
58499,,,,,c:\Users\LEGION\Documents\jupyter_notebook\Fashion-Intelligence-System\A2_FashionDataset\FashionDataset\test\images_test\58499.jpg
58500,,,,,c:\Users\LEGION\Documents\jupyter_notebook\Fashion-Intelligence-System\A2_FashionDataset\FashionDataset\test\images_test\58500.jpg
58501,,,,,c:\Users\LEGION\Documents\jupyter_notebook\Fashion-Intelligence-System\A2_FashionDataset\FashionDataset\test\images_test\58501.jpg
58502,,,,,c:\Users\LEGION\Documents\jupyter_notebook\Fashion-Intelligence-System\A2_FashionDataset\FashionDataset\test\images_test\58502.jpg
58503,,,,,c:\Users\LEGION\Documents\jupyter_notebook\Fashion-Intelligence-System\A2_FashionDataset\FashionDataset\test\images_test\58503.jpg
58504,,,,,c:\Users\LEGION\Documents\jupyter_notebook\Fashion-Intelligence-System\A2_FashionDataset\FashionDataset\test\images_test\58504.jpg
58505,,,,,c:\Users\LEGION\Documents\jupyter_notebook\Fashion-Intelligence-System\A2_FashionDataset\FashionDataset\test\images_test\58505.jpg
58506,,,,,c:\Users\LEGION\Documents\jupyter_notebook\Fashion-Intelligence-System\A2_FashionDataset\FashionDataset\test\images_test\58506.jpg
58507,,,,,c:\Users\LEGION\Documents\jupyter_notebook\Fashion-Intelligence-System\A2_FashionDataset\FashionDataset\test\images_test\58507.jpg
58508,,,,,c:\Users\LEGION\Documents\jupyter_notebook\Fashion-Intelligence-System\A2_FashionDataset\FashionDataset\test\images_test\58508.jpg
58509,,,,,c:\Users\LEGION\Documents\jupyter_notebook\Fashion-Intelligence-System\A2_FashionDataset\FashionDataset\test\images_test\58509.jpg
58510,,,,,c:\Users\LEGION\Documents\jupyter_notebook\Fashion-Intelligence-System\A2_FashionDataset\FashionDataset\test\images_test\58510.jpg
58511,,,,,c:\Users\LEGION\Documents\jupyter_notebook\Fashion-Intelligence-System\A2_FashionDataset\FashionDataset\test\images_test\58511.jpg
58512,,,,,c:\Users\LEGION\Documents\jupyter_notebook\Fashion-Intelligence-System\A2_FashionDataset\FashionDataset\test\images_test\58512.jpg
58513,,,,,c:\Users\LEGION\Documents\jupyter_notebook\Fashion-Intelligence-System\A2_FashionDataset\FashionDataset\test\images_test\58513.jpg
58514,,,,,c:\Users\LEGION\Documents\jupyter_notebook\Fashion-Intelligence-System\A2_FashionDataset\FashionDataset\test\images_test\58514.jpg
58515,,,,,c:\Users\LEGION\Documents\jupyter_notebook\Fashion-Intelligence-System\A2_FashionDataset\FashionDataset\test\images_test\58515.jpg
58516,,,,,c:\Users\LEGION\Documents\jupyter_notebook\Fashion-Intelligence-System\A2_FashionDataset\FashionDataset\test\images_test\58516.jpg
58517,,,,,c:\Users\LEGION\Documents\jupyter_notebook\Fashion-Intelligence-System\A2_FashionDataset\FashionDataset\test\images_test\58517.jpg
58518,,,,,c:\Users\LEGION\Documents\jupyter_notebook\Fashion-Intelligence-System\A2_FashionDataset\FashionDataset\test\images_test\58518.jpg
58519,,,,,c:\Users\LEGION\Documents\jupyter_notebook\Fashion-Intelligence-System\A2_FashionDataset\FashionDataset\test\images_test\58519.jpg
58520,,,,,c:\Users\LEGION\Documents\jupyter_notebook\Fashion-Intelligence-System\A2_FashionDataset\FashionDataset\test\images_test\58520.jpg
58521,,,,,c:\Users\LEGION\Documents\jupyter_notebook\Fashion-Intelligence-System\A2_FashionDataset\FashionDataset\test\images_test\58521.jpg
58522,,,,,c:\Users\LEGION\Documents\jupyter_notebook\Fashion-Intelligence-System\A2_FashionDataset\FashionDataset\test\images_test\58522.jpg
58523,,,,,c:\Users\LEGION\Documents\jupyter_notebook\Fashion-Intelligence-System\A2_FashionDataset\FashionDataset\test\images_test\58523.jpg
58524,,,,,c:\Users\LEGION\Documents\jupyter_notebook\Fashion-Intelligence-System\A2_FashionDataset\FashionDataset\test\images_test\58524.jpg
58525,,,,,c:\Users\LEGION\Documents\jupyter_notebook\Fashion-Intelligence-System\A2_FashionDataset\FashionDataset\test\images_test\58525.jpg
58526,,,,,c:\Users\LEGION\Documents\jupyter_notebook\Fashion-Intelligence-System\A2_FashionDataset\FashionDataset\test\images_test\58526.jpg
58527,,,,,c:\Users\LEGION\Documents\jupyter_notebook\Fashion-Intelligence-System\A2_FashionDataset\FashionDataset\test\images_test\58527.jpg
58528,,,,,c:\Users\LEGION\Documents\jupyter_notebook\Fashion-Intelligence-System\A2_FashionDataset\FashionDataset\test\images_test\58528.jpg
58529,,,,,c:\Users\LEGION\Documents\jupyter_notebook\Fashion-Intelligence-System\A2_FashionDataset\FashionDataset\test\images_test\58529.jpg
58530,,,,,c:\Users\LEGION\Documents\jupyter_notebook\Fashion-Intelligence-System\A2_FashionDataset\FashionDataset\test\images_test\58530.jpg
58531,,,,,c:\Users\LEGION\Documents\jupyter_notebook\Fashion-Intelligence-System\A2_FashionDataset\FashionDataset\test\images_test\58531.jpg
58532,,,,,c:\Users\LEGION\Documents\jupyter_notebook\Fashion-Intelligence-System\A2_FashionDataset\FashionDataset\test\images_test\58532.jpg
58533,,,,,c:\Users\LEGION\Documents\jupyter_notebook\Fashion-Intelligence-System\A2_FashionDataset\FashionDataset\test\images_test\58533.jpg
58534,,,,,c:\Users\LEGION\Documents\jupyter_notebook\Fashion-Intelligence-System\A2_FashionDataset\FashionDataset\test\images_test\58534.jpg
58535,,,,,c:\Users\LEGION\Documents\jupyter_notebook\Fashion-Intelligence-System\A2_FashionDataset\FashionDataset\test\images_test\58535.jpg
58536,,,,,c:\Users\LEGION\Documents\jupyter_notebook\Fashion-Intelligence-System\A2_FashionDataset\FashionDataset\test\images_test\58536.jpg
58537,,,,,c:\Users\LEGION\Documents\jupyter_notebook\Fashion-Intelligence-System\A2_FashionDataset\FashionDataset\test\images_test\58537.jpg
58538,,,,,c:\Users\LEGION\Documents\jupyter_notebook\Fashion-Intelligence-System\A2_FashionDataset\FashionDataset\test\images_test\58538.jpg
58539,,,,,c:\Users\LEGION\Documents\jupyter_notebook\Fashion-Intelligence-System\A2_FashionDataset\FashionDataset\test\images_test\58539.jpg
58540,,,,,c:\Users\LEGION\Documents\jupyter_notebook\Fashion-Intelligence-System\A2_FashionDataset\FashionDataset\test\images_test\58540.jpg
58541,,,,,c:\Users\LEGION\Documents\jupyter_notebook\Fashion-Intelligence-System\A2_FashionDataset\FashionDataset\test\images_test\58541.jpg
58542,,,,,c:\Users\LEGION\Documents\jupyter_notebook\Fashion-Intelligence-System\A2_FashionDataset\FashionDataset\test\images_test\58542.jpg
58543,,,,,c:\Users\LEGION\Documents\jupyter_notebook\Fashion-Intelligence-System\A2_FashionDataset\FashionDataset\test\images_test\58543.jpg
58544,,,,,c:\Users\LEGION\Documents\jupyter_notebook\Fashion-Intelligence-System\A2_FashionDataset\FashionDataset\test\images_test\58544.jpg
58545,,,,,c:\Users\LEGION\Documents\jupyter_notebook\Fashion-Intelligence-System\A2_FashionDataset\FashionDataset\test\images_test\58545.jpg
58546,,,,,c:\Users\LEGION\Documents\jupyter_notebook\Fashion-Intelligence-System\A2_FashionDataset\FashionDataset\test\images_test\58546.jpg
58547,,,,,c:\Users\LEGION\Documents\jupyter_notebook\Fashion-Intelligence-System\A2_FashionDataset\FashionDataset\test\images_test\58547.jpg
58548,,,,,c:\Users\LEGION\Documents\jupyter_notebook\Fashion-Intelligence-System\A2_FashionDataset\FashionDataset\test\images_test\58548.jpg
58549,,,,,c:\Users\LEGION\Documents\jupyter_notebook\Fashion-Intelligence-System\A2_FashionDataset\FashionDataset\test\images_test\58549.jpg
58550,,,,,c:\Users\LEGION\Documents\jupyter_notebook\Fashion-Intelligence-System\A2_FashionDataset\FashionDataset\test\images_test\58550.jpg
58551,,,,,c:\Users\LEGION\Documents\jupyter_notebook\Fashion-Intelligence-System\A2_FashionDataset\FashionDataset\test\images_test\58551.jpg
58552,,,,,c:\Users\LEGION\Documents\jupyter_notebook\Fashion-Intelligence-System\A2_FashionDataset\FashionDataset\test\images_test\58552.jpg
58553,,,,,c:\Users\LEGION\Documents\jupyter_notebook\Fashion-Intelligence-System\A2_FashionDataset\FashionDataset\test\images_test\58553.jpg
58555,,,,,c:\Users\LEGION\Documents\jupyter_notebook\Fashion-Intelligence-System\A2_FashionDataset\FashionDataset\test\images_test\58555.jpg
58559,,,,,c:\Users\LEGION\Documents\jupyter_notebook\Fashion-Intelligence-System\A2_FashionDataset\FashionDataset\test\images_test\58559.jpg
58560,,,,,c:\Users\LEGION\Documents\jupyter_notebook\Fashion-Intelligence-System\A2_FashionDataset\FashionDataset\test\images_test\58560.jpg
58561,,,,,c:\Users\LEGION\Documents\jupyter_notebook\Fashion-Intelligence-System\A2_FashionDataset\FashionDataset\test\images_test\58561.jpg
58562,,,,,c:\Users\LEGION\Documents\jupyter_notebook\Fashion-Intelligence-System\A2_FashionDataset\FashionDataset\test\images_test\58562.jpg
58563,,,,,c:\Users\LEGION\Documents\jupyter_notebook\Fashion-Intelligence-System\A2_FashionDataset\FashionDataset\test\images_test\58563.jpg
58565,,,,,c:\Users\LEGION\Documents\jupyter_notebook\Fashion-Intelligence-System\A2_FashionDataset\FashionDataset\test\images_test\58565.jpg
58566,,,,,c:\Users\LEGION\Documents\jupyter_notebook\Fashion-Intelligence-System\A2_FashionDataset\FashionDataset\test\images_test\58566.jpg
58567,,,,,c:\Users\LEGION\Documents\jupyter_notebook\Fashion-Intelligence-System\A2_FashionDataset\FashionDataset\test\images_test\58567.jpg
58569,,,,,c:\Users\LEGION\Documents\jupyter_notebook\Fashion-Intelligence-System\A2_FashionDataset\FashionDataset\test\images_test\58569.jpg
58570,,,,,c:\Users\LEGION\Documents\jupyter_notebook\Fashion-Intelligence-System\A2_FashionDataset\FashionDataset\test\images_test\58570.jpg
58571,,,,,c:\Users\LEGION\Documents\jupyter_notebook\Fashion-Intelligence-System\A2_FashionDataset\FashionDataset\test\images_test\58571.jpg
58573,,,,,c:\Users\LEGION\Documents\jupyter_notebook\Fashion-Intelligence-System\A2_FashionDataset\FashionDataset\test\images_test\58573.jpg
58574,,,,,c:\Users\LEGION\Documents\jupyter_notebook\Fashion-Intelligence-System\A2_FashionDataset\FashionDataset\test\images_test\58574.jpg
58576,,,,,c:\Users\LEGION\Documents\jupyter_notebook\Fashion-Intelligence-System\A2_FashionDataset\FashionDataset\test\images_test\58576.jpg
58577,,,,,c:\Users\LEGION\Documents\jupyter_notebook\Fashion-Intelligence-System\A2_FashionDataset\FashionDataset\test\images_test\58577.jpg
58581,,,,,c:\Users\LEGION\Documents\jupyter_notebook\Fashion-Intelligence-System\A2_FashionDataset\FashionDataset\test\images_test\58581.jpg
58586,,,,,c:\Users\LEGION\Documents\jupyter_notebook\Fashion-Intelligence-System\A2_FashionDataset\FashionDataset\test\images_test\58586.jpg
58588,,,,,c:\Users\LEGION\Documents\jupyter_notebook\Fashion-Intelligence-System\A2_FashionDataset\FashionDataset\test\images_test\58588.jpg
58589,,,,,c:\Users\LEGION\Documents\jupyter_notebook\Fashion-Intelligence-System\A2_FashionDataset\FashionDataset\test\images_test\58589.jpg
58590,,,,,c:\Users\LEGION\Documents\jupyter_notebook\Fashion-Intelligence-System\A2_FashionDataset\FashionDataset\test\images_test\58590.jpg
58591,,,,,c:\Users\LEGION\Documents\jupyter_notebook\Fashion-Intelligence-System\A2_FashionDataset\FashionDataset\test\images_test\58591.jpg
58600,,,,,c:\Users\LEGION\Documents\jupyter_notebook\Fashion-Intelligence-System\A2_FashionDataset\FashionDataset\test\images_test\58600.jpg
58603,,,,,c:\Users\LEGION\Documents\jupyter_notebook\Fashion-Intelligence-System\A2_FashionDataset\FashionDataset\test\images_test\58603.jpg
58605,,,,,c:\Users\LEGION\Documents\jupyter_notebook\Fashion-Intelligence-System\A2_FashionDataset\FashionDataset\test\images_test\58605.jpg
58606,,,,,c:\Users\LEGION\Documents\jupyter_notebook\Fashion-Intelligence-System\A2_FashionDataset\FashionDataset\test\images_test\58606.jpg
58607,,,,,c:\Users\LEGION\Documents\jupyter_notebook\Fashion-Intelligence-System\A2_FashionDataset\FashionDataset\test\images_test\58607.jpg
58608,,,,,c:\Users\LEGION\Documents\jupyter_notebook\Fashion-Intelligence-System\A2_FashionDataset\FashionDataset\test\images_test\58608.jpg
58609,,,,,c:\Users\LEGION\Documents\jupyter_notebook\Fashion-Intelligence-System\A2_FashionDataset\FashionDataset\test\images_test\58609.jpg
58610,,,,,c:\Users\LEGION\Documents\jupyter_notebook\Fashion-Intelligence-System\A2_FashionDataset\FashionDataset\test\images_test\58610.jpg
58611,,,,,c:\Users\LEGION\Documents\jupyter_notebook\Fashion-Intelligence-System\A2_FashionDataset\FashionDataset\test\images_test\58611.jpg
58612,,,,,c:\Users\LEGION\Documents\jupyter_notebook\Fashion-Intelligence-System\A2_FashionDataset\FashionDataset\test\images_test\58612.jpg
58614,,,,,c:\Users\LEGION\Documents\jupyter_notebook\Fashion-Intelligence-System\A2_FashionDataset\FashionDataset\test\images_test\58614.jpg
58615,,,,,c:\Users\LEGION\Documents\jupyter_notebook\Fashion-Intelligence-System\A2_FashionDataset\FashionDataset\test\images_test\58615.jpg
58616,,,,,c:\Users\LEGION\Documents\jupyter_notebook\Fashion-Intelligence-System\A2_FashionDataset\FashionDataset\test\images_test\58616.jpg
58618,,,,,c:\Users\LEGION\Documents\jupyter_notebook\Fashion-Intelligence-System\A2_FashionDataset\FashionDataset\test\images_test\58618.jpg
58619,,,,,c:\Users\LEGION\Documents\jupyter_notebook\Fashion-Intelligence-System\A2_FashionDataset\FashionDataset\test\images_test\58619.jpg
58620,,,,,c:\Users\LEGION\Documents\jupyter_notebook\Fashion-Intelligence-System\A2_FashionDataset\FashionDataset\test\images_test\58620.jpg
58621,,,,,c:\Users\LEGION\Documents\jupyter_notebook\Fashion-Intelligence-System\A2_FashionDataset\FashionDataset\test\images_test\58621.jpg
58622,,,,,c:\Users\LEGION\Documents\jupyter_notebook\Fashion-Intelligence-System\A2_FashionDataset\FashionDataset\test\images_test\58622.jpg
58624,,,,,c:\Users\LEGION\Documents\jupyter_notebook\Fashion-Intelligence-System\A2_FashionDataset\FashionDataset\test\images_test\58624.jpg
58625,,,,,c:\Users\LEGION\Documents\jupyter_notebook\Fashion-Intelligence-System\A2_FashionDataset\FashionDataset\test\images_test\58625.jpg
58626,,,,,c:\Users\LEGION\Documents\jupyter_notebook\Fashion-Intelligence-System\A2_FashionDataset\FashionDataset\test\images_test\58626.jpg
58627,,,,,c:\Users\LEGION\Documents\jupyter_notebook\Fashion-Intelligence-System\A2_FashionDataset\FashionDataset\test\images_test\58627.jpg
58628,,,,,c:\Users\LEGION\Documents\jupyter_notebook\Fashion-Intelligence-System\A2_FashionDataset\FashionDataset\test\images_test\58628.jpg
58629,,,,,c:\Users\LEGION\Documents\jupyter_notebook\Fashion-Intelligence-System\A2_FashionDataset\FashionDataset\test\images_test\58629.jpg
58634,,,,,c:\Users\LEGION\Documents\jupyter_notebook\Fashion-Intelligence-System\A2_FashionDataset\FashionDataset\test\images_test\58634.jpg
58635,,,,,c:\Users\LEGION\Documents\jupyter_notebook\Fashion-Intelligence-System\A2_FashionDataset\FashionDataset\test\images_test\58635.jpg
58636,,,,,c:\Users\LEGION\Documents\jupyter_notebook\Fashion-Intelligence-System\A2_FashionDataset\FashionDataset\test\images_test\58636.jpg
58637,,,,,c:\Users\LEGION\Documents\jupyter_notebook\Fashion-Intelligence-System\A2_FashionDataset\FashionDataset\test\images_test\58637.jpg
58638,,,,,c:\Users\LEGION\Documents\jupyter_notebook\Fashion-Intelligence-System\A2_FashionDataset\FashionDataset\test\images_test\58638.jpg
58639,,,,,c:\Users\LEGION\Documents\jupyter_notebook\Fashion-Intelligence-System\A2_FashionDataset\FashionDataset\test\images_test\58639.jpg
58640,,,,,c:\Users\LEGION\Documents\jupyter_notebook\Fashion-Intelligence-System\A2_FashionDataset\FashionDataset\test\images_test\58640.jpg
58641,,,,,c:\Users\LEGION\Documents\jupyter_notebook\Fashion-Intelligence-System\A2_FashionDataset\FashionDataset\test\images_test\58641.jpg
58642,,,,,c:\Users\LEGION\Documents\jupyter_notebook\Fashion-Intelligence-System\A2_FashionDataset\FashionDataset\test\images_test\58642.jpg
58643,,,,,c:\Users\LEGION\Documents\jupyter_notebook\Fashion-Intelligence-System\A2_FashionDataset\FashionDataset\test\images_test\58643.jpg
58644,,,,,c:\Users\LEGION\Documents\jupyter_notebook\Fashion-Intelligence-System\A2_FashionDataset\FashionDataset\test\images_test\58644.jpg
58645,,,,,c:\Users\LEGION\Documents\jupyter_notebook\Fashion-Intelligence-System\A2_FashionDataset\FashionDataset\test\images_test\58645.jpg
58646,,,,,c:\Users\LEGION\Documents\jupyter_notebook\Fashion-Intelligence-System\A2_FashionDataset\FashionDataset\test\images_test\58646.jpg
58647,,,,,c:\Users\LEGION\Documents\jupyter_notebook\Fashion-Intelligence-System\A2_FashionDataset\FashionDataset\test\images_test\58647.jpg
58648,,,,,c:\Users\LEGION\Documents\jupyter_notebook\Fashion-Intelligence-System\A2_FashionDataset\FashionDataset\test\images_test\58648.jpg
58652,,,,,c:\Users\LEGION\Documents\jupyter_notebook\Fashion-Intelligence-System\A2_FashionDataset\FashionDataset\test\images_test\58652.jpg
58653,,,,,c:\Users\LEGION\Documents\jupyter_notebook\Fashion-Intelligence-System\A2_FashionDataset\FashionDataset\test\images_test\58653.jpg
58654,,,,,c:\Users\LEGION\Documents\jupyter_notebook\Fashion-Intelligence-System\A2_FashionDataset\FashionDataset\test\images_test\58654.jpg
58655,,,,,c:\Users\LEGION\Documents\jupyter_notebook\Fashion-Intelligence-System\A2_FashionDataset\FashionDataset\test\images_test\58655.jpg
58656,,,,,c:\Users\LEGION\Documents\jupyter_notebook\Fashion-Intelligence-System\A2_FashionDataset\FashionDataset\test\images_test\58656.jpg
58657,,,,,c:\Users\LEGION\Documents\jupyter_notebook\Fashion-Intelligence-System\A2_FashionDataset\FashionDataset\test\images_test\58657.jpg
58658,,,,,c:\Users\LEGION\Documents\jupyter_notebook\Fashion-Intelligence-System\A2_FashionDataset\FashionDataset\test\images_test\58658.jpg
58659,,,,,c:\Users\LEGION\Documents\jupyter_notebook\Fashion-Intelligence-System\A2_FashionDataset\FashionDataset\test\images_test\58659.jpg
58660,,,,,c:\Users\LEGION\Documents\jupyter_notebook\Fashion-Intelligence-System\A2_FashionDataset\FashionDataset\test\images_test\58660.jpg
58661,,,,,c:\Users\LEGION\Documents\jupyter_notebook\Fashion-Intelligence-System\A2_FashionDataset\FashionDataset\test\images_test\58661.jpg
58662,,,,,c:\Users\LEGION\Documents\jupyter_notebook\Fashion-Intelligence-System\A2_FashionDataset\FashionDataset\test\images_test\58662.jpg
58663,,,,,c:\Users\LEGION\Documents\jupyter_notebook\Fashion-Intelligence-System\A2_FashionDataset\FashionDataset\test\images_test\58663.jpg
58664,,,,,c:\Users\LEGION\Documents\jupyter_notebook\Fashion-Intelligence-System\A2_FashionDataset\FashionDataset\test\images_test\58664.jpg
58666,,,,,c:\Users\LEGION\Documents\jupyter_notebook\Fashion-Intelligence-System\A2_FashionDataset\FashionDataset\test\images_test\58666.jpg
58667,,,,,c:\Users\LEGION\Documents\jupyter_notebook\Fashion-Intelligence-System\A2_FashionDataset\FashionDataset\test\images_test\58667.jpg
58668,,,,,c:\Users\LEGION\Documents\jupyter_notebook\Fashion-Intelligence-System\A2_FashionDataset\FashionDataset\test\images_test\58668.jpg
58669,,,,,c:\Users\LEGION\Documents\jupyter_notebook\Fashion-Intelligence-System\A2_FashionDataset\FashionDataset\test\images_test\58669.jpg
58670,,,,,c:\Users\LEGION\Documents\jupyter_notebook\Fashion-Intelligence-System\A2_FashionDataset\FashionDataset\test\images_test\58670.jpg
58671,,,,,c:\Users\LEGION\Documents\jupyter_notebook\Fashion-Intelligence-System\A2_FashionDataset\FashionDataset\test\images_test\58671.jpg
58672,,,,,c:\Users\LEGION\Documents\jupyter_notebook\Fashion-Intelligence-System\A2_FashionDataset\FashionDataset\test\images_test\58672.jpg
58673,,,,,c:\Users\LEGION\Documents\jupyter_notebook\Fashion-Intelligence-System\A2_FashionDataset\FashionDataset\test\images_test\58673.jpg
58674,,,,,c:\Users\LEGION\Documents\jupyter_notebook\Fashion-Intelligence-System\A2_FashionDataset\FashionDataset\test\images_test\58674.jpg
58675,,,,,c:\Users\LEGION\Documents\jupyter_notebook\Fashion-Intelligence-System\A2_FashionDataset\FashionDataset\test\images_test\58675.jpg
58676,,,,,c:\Users\LEGION\Documents\jupyter_notebook\Fashion-Intelligence-System\A2_FashionDataset\FashionDataset\test\images_test\58676.jpg
58677,,,,,c:\Users\LEGION\Documents\jupyter_notebook\Fashion-Intelligence-System\A2_FashionDataset\FashionDataset\test\images_test\58677.jpg
58678,,,,,c:\Users\LEGION\Documents\jupyter_notebook\Fashion-Intelligence-System\A2_FashionDataset\FashionDataset\test\images_test\58678.jpg
58680,,,,,c:\Users\LEGION\Documents\jupyter_notebook\Fashion-Intelligence-System\A2_FashionDataset\FashionDataset\test\images_test\58680.jpg
58681,,,,,c:\Users\LEGION\Documents\jupyter_notebook\Fashion-Intelligence-System\A2_FashionDataset\FashionDataset\test\images_test\58681.jpg
58682,,,,,c:\Users\LEGION\Documents\jupyter_notebook\Fashion-Intelligence-System\A2_FashionDataset\FashionDataset\test\images_test\58682.jpg
58683,,,,,c:\Users\LEGION\Documents\jupyter_notebook\Fashion-Intelligence-System\A2_FashionDataset\FashionDataset\test\images_test\58683.jpg
58684,,,,,c:\Users\LEGION\Documents\jupyter_notebook\Fashion-Intelligence-System\A2_FashionDataset\FashionDataset\test\images_test\58684.jpg
58685,,,,,c:\Users\LEGION\Documents\jupyter_notebook\Fashion-Intelligence-System\A2_FashionDataset\FashionDataset\test\images_test\58685.jpg
58686,,,,,c:\Users\LEGION\Documents\jupyter_notebook\Fashion-Intelligence-System\A2_FashionDataset\FashionDataset\test\images_test\58686.jpg
58687,,,,,c:\Users\LEGION\Documents\jupyter_notebook\Fashion-Intelligence-System\A2_FashionDataset\FashionDataset\test\images_test\58687.jpg
58689,,,,,c:\Users\LEGION\Documents\jupyter_notebook\Fashion-Intelligence-System\A2_FashionDataset\FashionDataset\test\images_test\58689.jpg
58690,,,,,c:\Users\LEGION\Documents\jupyter_notebook\Fashion-Intelligence-System\A2_FashionDataset\FashionDataset\test\images_test\58690.jpg
58691,,,,,c:\Users\LEGION\Documents\jupyter_notebook\Fashion-Intelligence-System\A2_FashionDataset\FashionDataset\test\images_test\58691.jpg
58692,,,,,c:\Users\LEGION\Documents\jupyter_notebook\Fashion-Intelligence-System\A2_FashionDataset\FashionDataset\test\images_test\58692.jpg
58693,,,,,c:\Users\LEGION\Documents\jupyter_notebook\Fashion-Intelligence-System\A2_FashionDataset\FashionDataset\test\images_test\58693.jpg
58694,,,,,c:\Users\LEGION\Documents\jupyter_notebook\Fashion-Intelligence-System\A2_FashionDataset\FashionDataset\test\images_test\58694.jpg
58695,,,,,c:\Users\LEGION\Documents\jupyter_notebook\Fashion-Intelligence-System\A2_FashionDataset\FashionDataset\test\images_test\58695.jpg
58696,,,,,c:\Users\LEGION\Documents\jupyter_notebook\Fashion-Intelligence-System\A2_FashionDataset\FashionDataset\test\images_test\58696.jpg
58698,,,,,c:\Users\LEGION\Documents\jupyter_notebook\Fashion-Intelligence-System\A2_FashionDataset\FashionDataset\test\images_test\58698.jpg
58700,,,,,c:\Users\LEGION\Documents\jupyter_notebook\Fashion-Intelligence-System\A2_FashionDataset\FashionDataset\test\images_test\58700.jpg
58701,,,,,c:\Users\LEGION\Documents\jupyter_notebook\Fashion-Intelligence-System\A2_FashionDataset\FashionDataset\test\images_test\58701.jpg
58702,,,,,c:\Users\LEGION\Documents\jupyter_notebook\Fashion-Intelligence-System\A2_FashionDataset\FashionDataset\test\images_test\58702.jpg
58703,,,,,c:\Users\LEGION\Documents\jupyter_notebook\Fashion-Intelligence-System\A2_FashionDataset\FashionDataset\test\images_test\58703.jpg
58718,,,,,c:\Users\LEGION\Documents\jupyter_notebook\Fashion-Intelligence-System\A2_FashionDataset\FashionDataset\test\images_test\58718.jpg
58719,,,,,c:\Users\LEGION\Documents\jupyter_notebook\Fashion-Intelligence-System\A2_FashionDataset\FashionDataset\test\images_test\58719.jpg
58720,,,,,c:\Users\LEGION\Documents\jupyter_notebook\Fashion-Intelligence-System\A2_FashionDataset\FashionDataset\test\images_test\58720.jpg
58722,,,,,c:\Users\LEGION\Documents\jupyter_notebook\Fashion-Intelligence-System\A2_FashionDataset\FashionDataset\test\images_test\58722.jpg
58723,,,,,c:\Users\LEGION\Documents\jupyter_notebook\Fashion-Intelligence-System\A2_FashionDataset\FashionDataset\test\images_test\58723.jpg
58724,,,,,c:\Users\LEGION\Documents\jupyter_notebook\Fashion-Intelligence-System\A2_FashionDataset\FashionDataset\test\images_test\58724.jpg
58725,,,,,c:\Users\LEGION\Documents\jupyter_notebook\Fashion-Intelligence-System\A2_FashionDataset\FashionDataset\test\images_test\58725.jpg
58726,,,,,c:\Users\LEGION\Documents\jupyter_notebook\Fashion-Intelligence-System\A2_FashionDataset\FashionDataset\test\images_test\58726.jpg
58727,,,,,c:\Users\LEGION\Documents\jupyter_notebook\Fashion-Intelligence-System\A2_FashionDataset\FashionDataset\test\images_test\58727.jpg
58728,,,,,c:\Users\LEGION\Documents\jupyter_notebook\Fashion-Intelligence-System\A2_FashionDataset\FashionDataset\test\images_test\58728.jpg
58729,,,,,c:\Users\LEGION\Documents\jupyter_notebook\Fashion-Intelligence-System\A2_FashionDataset\FashionDataset\test\images_test\58729.jpg
58730,,,,,c:\Users\LEGION\Documents\jupyter_notebook\Fashion-Intelligence-System\A2_FashionDataset\FashionDataset\test\images_test\58730.jpg
58731,,,,,c:\Users\LEGION\Documents\jupyter_notebook\Fashion-Intelligence-System\A2_FashionDataset\FashionDataset\test\images_test\58731.jpg
58732,,,,,c:\Users\LEGION\Documents\jupyter_notebook\Fashion-Intelligence-System\A2_FashionDataset\FashionDataset\test\images_test\58732.jpg
58734,,,,,c:\Users\LEGION\Documents\jupyter_notebook\Fashion-Intelligence-System\A2_FashionDataset\FashionDataset\test\images_test\58734.jpg
58735,,,,,c:\Users\LEGION\Documents\jupyter_notebook\Fashion-Intelligence-System\A2_FashionDataset\FashionDataset\test\images_test\58735.jpg
58736,,,,,c:\Users\LEGION\Documents\jupyter_notebook\Fashion-Intelligence-System\A2_FashionDataset\FashionDataset\test\images_test\58736.jpg
58737,,,,,c:\Users\LEGION\Documents\jupyter_notebook\Fashion-Intelligence-System\A2_FashionDataset\FashionDataset\test\images_test\58737.jpg
58738,,,,,c:\Users\LEGION\Documents\jupyter_notebook\Fashion-Intelligence-System\A2_FashionDataset\FashionDataset\test\images_test\58738.jpg
58740,,,,,c:\Users\LEGION\Documents\jupyter_notebook\Fashion-Intelligence-System\A2_FashionDataset\FashionDataset\test\images_test\58740.jpg
58741,,,,,c:\Users\LEGION\Documents\jupyter_notebook\Fashion-Intelligence-System\A2_FashionDataset\FashionDataset\test\images_test\58741.jpg
58742,,,,,c:\Users\LEGION\Documents\jupyter_notebook\Fashion-Intelligence-System\A2_FashionDataset\FashionDataset\test\images_test\58742.jpg
58743,,,,,c:\Users\LEGION\Documents\jupyter_notebook\Fashion-Intelligence-System\A2_FashionDataset\FashionDataset\test\images_test\58743.jpg
58744,,,,,c:\Users\LEGION\Documents\jupyter_notebook\Fashion-Intelligence-System\A2_FashionDataset\FashionDataset\test\images_test\58744.jpg
58745,,,,,c:\Users\LEGION\Documents\jupyter_notebook\Fashion-Intelligence-System\A2_FashionDataset\FashionDataset\test\images_test\58745.jpg
58765,,,,,c:\Users\LEGION\Documents\jupyter_notebook\Fashion-Intelligence-System\A2_FashionDataset\FashionDataset\test\images_test\58765.jpg
58770,,,,,c:\Users\LEGION\Documents\jupyter_notebook\Fashion-Intelligence-System\A2_FashionDataset\FashionDataset\test\images_test\58770.jpg
58793,,,,,c:\Users\LEGION\Documents\jupyter_notebook\Fashion-Intelligence-System\A2_FashionDataset\FashionDataset\test\images_test\58793.jpg
58794,,,,,c:\Users\LEGION\Documents\jupyter_notebook\Fashion-Intelligence-System\A2_FashionDataset\FashionDataset\test\images_test\58794.jpg
58795,,,,,c:\Users\LEGION\Documents\jupyter_notebook\Fashion-Intelligence-System\A2_FashionDataset\FashionDataset\test\images_test\58795.jpg
58796,,,,,c:\Users\LEGION\Documents\jupyter_notebook\Fashion-Intelligence-System\A2_FashionDataset\FashionDataset\test\images_test\58796.jpg
58797,,,,,c:\Users\LEGION\Documents\jupyter_notebook\Fashion-Intelligence-System\A2_FashionDataset\FashionDataset\test\images_test\58797.jpg
58798,,,,,c:\Users\LEGION\Documents\jupyter_notebook\Fashion-Intelligence-System\A2_FashionDataset\FashionDataset\test\images_test\58798.jpg
58800,,,,,c:\Users\LEGION\Documents\jupyter_notebook\Fashion-Intelligence-System\A2_FashionDataset\FashionDataset\test\images_test\58800.jpg
58801,,,,,c:\Users\LEGION\Documents\jupyter_notebook\Fashion-Intelligence-System\A2_FashionDataset\FashionDataset\test\images_test\58801.jpg
58802,,,,,c:\Users\LEGION\Documents\jupyter_notebook\Fashion-Intelligence-System\A2_FashionDataset\FashionDataset\test\images_test\58802.jpg
58805,,,,,c:\Users\LEGION\Documents\jupyter_notebook\Fashion-Intelligence-System\A2_FashionDataset\FashionDataset\test\images_test\58805.jpg
58807,,,,,c:\Users\LEGION\Documents\jupyter_notebook\Fashion-Intelligence-System\A2_FashionDataset\FashionDataset\test\images_test\58807.jpg
58808,,,,,c:\Users\LEGION\Documents\jupyter_notebook\Fashion-Intelligence-System\A2_FashionDataset\FashionDataset\test\images_test\58808.jpg
58809,,,,,c:\Users\LEGION\Documents\jupyter_notebook\Fashion-Intelligence-System\A2_FashionDataset\FashionDataset\test\images_test\58809.jpg
58810,,,,,c:\Users\LEGION\Documents\jupyter_notebook\Fashion-Intelligence-System\A2_FashionDataset\FashionDataset\test\images_test\58810.jpg
58815,,,,,c:\Users\LEGION\Documents\jupyter_notebook\Fashion-Intelligence-System\A2_FashionDataset\FashionDataset\test\images_test\58815.jpg
58816,,,,,c:\Users\LEGION\Documents\jupyter_notebook\Fashion-Intelligence-System\A2_FashionDataset\FashionDataset\test\images_test\58816.jpg
58817,,,,,c:\Users\LEGION\Documents\jupyter_notebook\Fashion-Intelligence-System\A2_FashionDataset\FashionDataset\test\images_test\58817.jpg
58818,,,,,c:\Users\LEGION\Documents\jupyter_notebook\Fashion-Intelligence-System\A2_FashionDataset\FashionDataset\test\images_test\58818.jpg
58819,,,,,c:\Users\LEGION\Documents\jupyter_notebook\Fashion-Intelligence-System\A2_FashionDataset\FashionDataset\test\images_test\58819.jpg
58820,,,,,c:\Users\LEGION\Documents\jupyter_notebook\Fashion-Intelligence-System\A2_FashionDataset\FashionDataset\test\images_test\58820.jpg
58821,,,,,c:\Users\LEGION\Documents\jupyter_notebook\Fashion-Intelligence-System\A2_FashionDataset\FashionDataset\test\images_test\58821.jpg
58822,,,,,c:\Users\LEGION\Documents\jupyter_notebook\Fashion-Intelligence-System\A2_FashionDataset\FashionDataset\test\images_test\58822.jpg
58823,,,,,c:\Users\LEGION\Documents\jupyter_notebook\Fashion-Intelligence-System\A2_FashionDataset\FashionDataset\test\images_test\58823.jpg
58825,,,,,c:\Users\LEGION\Documents\jupyter_notebook\Fashion-Intelligence-System\A2_FashionDataset\FashionDataset\test\images_test\58825.jpg
58827,,,,,c:\Users\LEGION\Documents\jupyter_notebook\Fashion-Intelligence-System\A2_FashionDataset\FashionDataset\test\images_test\58827.jpg
58828,,,,,c:\Users\LEGION\Documents\jupyter_notebook\Fashion-Intelligence-System\A2_FashionDataset\FashionDataset\test\images_test\58828.jpg
58829,,,,,c:\Users\LEGION\Documents\jupyter_notebook\Fashion-Intelligence-System\A2_FashionDataset\FashionDataset\test\images_test\58829.jpg
58830,,,,,c:\Users\LEGION\Documents\jupyter_notebook\Fashion-Intelligence-System\A2_FashionDataset\FashionDataset\test\images_test\58830.jpg
58831,,,,,c:\Users\LEGION\Documents\jupyter_notebook\Fashion-Intelligence-System\A2_FashionDataset\FashionDataset\test\images_test\58831.jpg
58832,,,,,c:\Users\LEGION\Documents\jupyter_notebook\Fashion-Intelligence-System\A2_FashionDataset\FashionDataset\test\images_test\58832.jpg
58833,,,,,c:\Users\LEGION\Documents\jupyter_notebook\Fashion-Intelligence-System\A2_FashionDataset\FashionDataset\test\images_test\58833.jpg
58834,,,,,c:\Users\LEGION\Documents\jupyter_notebook\Fashion-Intelligence-System\A2_FashionDataset\FashionDataset\test\images_test\58834.jpg
58835,,,,,c:\Users\LEGION\Documents\jupyter_notebook\Fashion-Intelligence-System\A2_FashionDataset\FashionDataset\test\images_test\58835.jpg
58836,,,,,c:\Users\LEGION\Documents\jupyter_notebook\Fashion-Intelligence-System\A2_FashionDataset\FashionDataset\test\images_test\58836.jpg
58837,,,,,c:\Users\LEGION\Documents\jupyter_notebook\Fashion-Intelligence-System\A2_FashionDataset\FashionDataset\test\images_test\58837.jpg
58838,,,,,c:\Users\LEGION\Documents\jupyter_notebook\Fashion-Intelligence-System\A2_FashionDataset\FashionDataset\test\images_test\58838.jpg
58839,,,,,c:\Users\LEGION\Documents\jupyter_notebook\Fashion-Intelligence-System\A2_FashionDataset\FashionDataset\test\images_test\58839.jpg
58840,,,,,c:\Users\LEGION\Documents\jupyter_notebook\Fashion-Intelligence-System\A2_FashionDataset\FashionDataset\test\images_test\58840.jpg
58841,,,,,c:\Users\LEGION\Documents\jupyter_notebook\Fashion-Intelligence-System\A2_FashionDataset\FashionDataset\test\images_test\58841.jpg
58842,,,,,c:\Users\LEGION\Documents\jupyter_notebook\Fashion-Intelligence-System\A2_FashionDataset\FashionDataset\test\images_test\58842.jpg
58843,,,,,c:\Users\LEGION\Documents\jupyter_notebook\Fashion-Intelligence-System\A2_FashionDataset\FashionDataset\test\images_test\58843.jpg
58844,,,,,c:\Users\LEGION\Documents\jupyter_notebook\Fashion-Intelligence-System\A2_FashionDataset\FashionDataset\test\images_test\58844.jpg
58845,,,,,c:\Users\LEGION\Documents\jupyter_notebook\Fashion-Intelligence-System\A2_FashionDataset\FashionDataset\test\images_test\58845.jpg
58846,,,,,c:\Users\LEGION\Documents\jupyter_notebook\Fashion-Intelligence-System\A2_FashionDataset\FashionDataset\test\images_test\58846.jpg
58847,,,,,c:\Users\LEGION\Documents\jupyter_notebook\Fashion-Intelligence-System\A2_FashionDataset\FashionDataset\test\images_test\58847.jpg
58848,,,,,c:\Users\LEGION\Documents\jupyter_notebook\Fashion-Intelligence-System\A2_FashionDataset\FashionDataset\test\images_test\58848.jpg
58849,,,,,c:\Users\LEGION\Documents\jupyter_notebook\Fashion-Intelligence-System\A2_FashionDataset\FashionDataset\test\images_test\58849.jpg
58850,,,,,c:\Users\LEGION\Documents\jupyter_notebook\Fashion-Intelligence-System\A2_FashionDataset\FashionDataset\test\images_test\58850.jpg
58851,,,,,c:\Users\LEGION\Documents\jupyter_notebook\Fashion-Intelligence-System\A2_FashionDataset\FashionDataset\test\images_test\58851.jpg
58852,,,,,c:\Users\LEGION\Documents\jupyter_notebook\Fashion-Intelligence-System\A2_FashionDataset\FashionDataset\test\images_test\58852.jpg
58853,,,,,c:\Users\LEGION\Documents\jupyter_notebook\Fashion-Intelligence-System\A2_FashionDataset\FashionDataset\test\images_test\58853.jpg
58854,,,,,c:\Users\LEGION\Documents\jupyter_notebook\Fashion-Intelligence-System\A2_FashionDataset\FashionDataset\test\images_test\58854.jpg
58855,,,,,c:\Users\LEGION\Documents\jupyter_notebook\Fashion-Intelligence-System\A2_FashionDataset\FashionDataset\test\images_test\58855.jpg
58856,,,,,c:\Users\LEGION\Documents\jupyter_notebook\Fashion-Intelligence-System\A2_FashionDataset\FashionDataset\test\images_test\58856.jpg
58857,,,,,c:\Users\LEGION\Documents\jupyter_notebook\Fashion-Intelligence-System\A2_FashionDataset\FashionDataset\test\images_test\58857.jpg
58858,,,,,c:\Users\LEGION\Documents\jupyter_notebook\Fashion-Intelligence-System\A2_FashionDataset\FashionDataset\test\images_test\58858.jpg
58859,,,,,c:\Users\LEGION\Documents\jupyter_notebook\Fashion-Intelligence-System\A2_FashionDataset\FashionDataset\test\images_test\58859.jpg
58860,,,,,c:\Users\LEGION\Documents\jupyter_notebook\Fashion-Intelligence-System\A2_FashionDataset\FashionDataset\test\images_test\58860.jpg
58861,,,,,c:\Users\LEGION\Documents\jupyter_notebook\Fashion-Intelligence-System\A2_FashionDataset\FashionDataset\test\images_test\58861.jpg
58862,,,,,c:\Users\LEGION\Documents\jupyter_notebook\Fashion-Intelligence-System\A2_FashionDataset\FashionDataset\test\images_test\58862.jpg
58863,,,,,c:\Users\LEGION\Documents\jupyter_notebook\Fashion-Intelligence-System\A2_FashionDataset\FashionDataset\test\images_test\58863.jpg
58864,,,,,c:\Users\LEGION\Documents\jupyter_notebook\Fashion-Intelligence-System\A2_FashionDataset\FashionDataset\test\images_test\58864.jpg
58865,,,,,c:\Users\LEGION\Documents\jupyter_notebook\Fashion-Intelligence-System\A2_FashionDataset\FashionDataset\test\images_test\58865.jpg
58867,,,,,c:\Users\LEGION\Documents\jupyter_notebook\Fashion-Intelligence-System\A2_FashionDataset\FashionDataset\test\images_test\58867.jpg
58868,,,,,c:\Users\LEGION\Documents\jupyter_notebook\Fashion-Intelligence-System\A2_FashionDataset\FashionDataset\test\images_test\58868.jpg
58869,,,,,c:\Users\LEGION\Documents\jupyter_notebook\Fashion-Intelligence-System\A2_FashionDataset\FashionDataset\test\images_test\58869.jpg
58870,,,,,c:\Users\LEGION\Documents\jupyter_notebook\Fashion-Intelligence-System\A2_FashionDataset\FashionDataset\test\images_test\58870.jpg
58871,,,,,c:\Users\LEGION\Documents\jupyter_notebook\Fashion-Intelligence-System\A2_FashionDataset\FashionDataset\test\images_test\58871.jpg
58872,,,,,c:\Users\LEGION\Documents\jupyter_notebook\Fashion-Intelligence-System\A2_FashionDataset\FashionDataset\test\images_test\58872.jpg
58873,,,,,c:\Users\LEGION\Documents\jupyter_notebook\Fashion-Intelligence-System\A2_FashionDataset\FashionDataset\test\images_test\58873.jpg
58874,,,,,c:\Users\LEGION\Documents\jupyter_notebook\Fashion-Intelligence-System\A2_FashionDataset\FashionDataset\test\images_test\58874.jpg
58875,,,,,c:\Users\LEGION\Documents\jupyter_notebook\Fashion-Intelligence-System\A2_FashionDataset\FashionDataset\test\images_test\58875.jpg
58876,,,,,c:\Users\LEGION\Documents\jupyter_notebook\Fashion-Intelligence-System\A2_FashionDataset\FashionDataset\test\images_test\58876.jpg
58877,,,,,c:\Users\LEGION\Documents\jupyter_notebook\Fashion-Intelligence-System\A2_FashionDataset\FashionDataset\test\images_test\58877.jpg
58878,,,,,c:\Users\LEGION\Documents\jupyter_notebook\Fashion-Intelligence-System\A2_FashionDataset\FashionDataset\test\images_test\58878.jpg
58879,,,,,c:\Users\LEGION\Documents\jupyter_notebook\Fashion-Intelligence-System\A2_FashionDataset\FashionDataset\test\images_test\58879.jpg
58880,,,,,c:\Users\LEGION\Documents\jupyter_notebook\Fashion-Intelligence-System\A2_FashionDataset\FashionDataset\test\images_test\58880.jpg
58881,,,,,c:\Users\LEGION\Documents\jupyter_notebook\Fashion-Intelligence-System\A2_FashionDataset\FashionDataset\test\images_test\58881.jpg
58882,,,,,c:\Users\LEGION\Documents\jupyter_notebook\Fashion-Intelligence-System\A2_FashionDataset\FashionDataset\test\images_test\58882.jpg
58883,,,,,c:\Users\LEGION\Documents\jupyter_notebook\Fashion-Intelligence-System\A2_FashionDataset\FashionDataset\test\images_test\58883.jpg
58884,,,,,c:\Users\LEGION\Documents\jupyter_notebook\Fashion-Intelligence-System\A2_FashionDataset\FashionDataset\test\images_test\58884.jpg
58885,,,,,c:\Users\LEGION\Documents\jupyter_notebook\Fashion-Intelligence-System\A2_FashionDataset\FashionDataset\test\images_test\58885.jpg
58886,,,,,c:\Users\LEGION\Documents\jupyter_notebook\Fashion-Intelligence-System\A2_FashionDataset\FashionDataset\test\images_test\58886.jpg
58887,,,,,c:\Users\LEGION\Documents\jupyter_notebook\Fashion-Intelligence-System\A2_FashionDataset\FashionDataset\test\images_test\58887.jpg
58888,,,,,c:\Users\LEGION\Documents\jupyter_notebook\Fashion-Intelligence-System\A2_FashionDataset\FashionDataset\test\images_test\58888.jpg
58889,,,,,c:\Users\LEGION\Documents\jupyter_notebook\Fashion-Intelligence-System\A2_FashionDataset\FashionDataset\test\images_test\58889.jpg
58890,,,,,c:\Users\LEGION\Documents\jupyter_notebook\Fashion-Intelligence-System\A2_FashionDataset\FashionDataset\test\images_test\58890.jpg
58891,,,,,c:\Users\LEGION\Documents\jupyter_notebook\Fashion-Intelligence-System\A2_FashionDataset\FashionDataset\test\images_test\58891.jpg
58892,,,,,c:\Users\LEGION\Documents\jupyter_notebook\Fashion-Intelligence-System\A2_FashionDataset\FashionDataset\test\images_test\58892.jpg
58893,,,,,c:\Users\LEGION\Documents\jupyter_notebook\Fashion-Intelligence-System\A2_FashionDataset\FashionDataset\test\images_test\58893.jpg
58894,,,,,c:\Users\LEGION\Documents\jupyter_notebook\Fashion-Intelligence-System\A2_FashionDataset\FashionDataset\test\images_test\58894.jpg
58895,,,,,c:\Users\LEGION\Documents\jupyter_notebook\Fashion-Intelligence-System\A2_FashionDataset\FashionDataset\test\images_test\58895.jpg
58896,,,,,c:\Users\LEGION\Documents\jupyter_notebook\Fashion-Intelligence-System\A2_FashionDataset\FashionDataset\test\images_test\58896.jpg
58897,,,,,c:\Users\LEGION\Documents\jupyter_notebook\Fashion-Intelligence-System\A2_FashionDataset\FashionDataset\test\images_test\58897.jpg
58898,,,,,c:\Users\LEGION\Documents\jupyter_notebook\Fashion-Intelligence-System\A2_FashionDataset\FashionDataset\test\images_test\58898.jpg
58899,,,,,c:\Users\LEGION\Documents\jupyter_notebook\Fashion-Intelligence-System\A2_FashionDataset\FashionDataset\test\images_test\58899.jpg
58900,,,,,c:\Users\LEGION\Documents\jupyter_notebook\Fashion-Intelligence-System\A2_FashionDataset\FashionDataset\test\images_test\58900.jpg
58901,,,,,c:\Users\LEGION\Documents\jupyter_notebook\Fashion-Intelligence-System\A2_FashionDataset\FashionDataset\test\images_test\58901.jpg
58902,,,,,c:\Users\LEGION\Documents\jupyter_notebook\Fashion-Intelligence-System\A2_FashionDataset\FashionDataset\test\images_test\58902.jpg
58903,,,,,c:\Users\LEGION\Documents\jupyter_notebook\Fashion-Intelligence-System\A2_FashionDataset\FashionDataset\test\images_test\58903.jpg
58904,,,,,c:\Users\LEGION\Documents\jupyter_notebook\Fashion-Intelligence-System\A2_FashionDataset\FashionDataset\test\images_test\58904.jpg
58905,,,,,c:\Users\LEGION\Documents\jupyter_notebook\Fashion-Intelligence-System\A2_FashionDataset\FashionDataset\test\images_test\58905.jpg
58906,,,,,c:\Users\LEGION\Documents\jupyter_notebook\Fashion-Intelligence-System\A2_FashionDataset\FashionDataset\test\images_test\58906.jpg
58907,,,,,c:\Users\LEGION\Documents\jupyter_notebook\Fashion-Intelligence-System\A2_FashionDataset\FashionDataset\test\images_test\58907.jpg
58908,,,,,c:\Users\LEGION\Documents\jupyter_notebook\Fashion-Intelligence-System\A2_FashionDataset\FashionDataset\test\images_test\58908.jpg
58909,,,,,c:\Users\LEGION\Documents\jupyter_notebook\Fashion-Intelligence-System\A2_FashionDataset\FashionDataset\test\images_test\58909.jpg
58910,,,,,c:\Users\LEGION\Documents\jupyter_notebook\Fashion-Intelligence-System\A2_FashionDataset\FashionDataset\test\images_test\58910.jpg
58911,,,,,c:\Users\LEGION\Documents\jupyter_notebook\Fashion-Intelligence-System\A2_FashionDataset\FashionDataset\test\images_test\58911.jpg
58912,,,,,c:\Users\LEGION\Documents\jupyter_notebook\Fashion-Intelligence-System\A2_FashionDataset\FashionDataset\test\images_test\58912.jpg
58913,,,,,c:\Users\LEGION\Documents\jupyter_notebook\Fashion-Intelligence-System\A2_FashionDataset\FashionDataset\test\images_test\58913.jpg
58914,,,,,c:\Users\LEGION\Documents\jupyter_notebook\Fashion-Intelligence-System\A2_FashionDataset\FashionDataset\test\images_test\58914.jpg
58915,,,,,c:\Users\LEGION\Documents\jupyter_notebook\Fashion-Intelligence-System\A2_FashionDataset\FashionDataset\test\images_test\58915.jpg
58916,,,,,c:\Users\LEGION\Documents\jupyter_notebook\Fashion-Intelligence-System\A2_FashionDataset\FashionDataset\test\images_test\58916.jpg
58917,,,,,c:\Users\LEGION\Documents\jupyter_notebook\Fashion-Intelligence-System\A2_FashionDataset\FashionDataset\test\images_test\58917.jpg
58918,,,,,c:\Users\LEGION\Documents\jupyter_notebook\Fashion-Intelligence-System\A2_FashionDataset\FashionDataset\test\images_test\58918.jpg
58919,,,,,c:\Users\LEGION\Documents\jupyter_notebook\Fashion-Intelligence-System\A2_FashionDataset\FashionDataset\test\images_test\58919.jpg
58920,,,,,c:\Users\LEGION\Documents\jupyter_notebook\Fashion-Intelligence-System\A2_FashionDataset\FashionDataset\test\images_test\58920.jpg
58921,,,,,c:\Users\LEGION\Documents\jupyter_notebook\Fashion-Intelligence-System\A2_FashionDataset\FashionDataset\test\images_test\58921.jpg
58922,,,,,c:\Users\LEGION\Documents\jupyter_notebook\Fashion-Intelligence-System\A2_FashionDataset\FashionDataset\test\images_test\58922.jpg
58923,,,,,c:\Users\LEGION\Documents\jupyter_notebook\Fashion-Intelligence-System\A2_FashionDataset\FashionDataset\test\images_test\58923.jpg
58924,,,,,c:\Users\LEGION\Documents\jupyter_notebook\Fashion-Intelligence-System\A2_FashionDataset\FashionDataset\test\images_test\58924.jpg
58925,,,,,c:\Users\LEGION\Documents\jupyter_notebook\Fashion-Intelligence-System\A2_FashionDataset\FashionDataset\test\images_test\58925.jpg
58926,,,,,c:\Users\LEGION\Documents\jupyter_notebook\Fashion-Intelligence-System\A2_FashionDataset\FashionDataset\test\images_test\58926.jpg
58928,,,,,c:\Users\LEGION\Documents\jupyter_notebook\Fashion-Intelligence-System\A2_FashionDataset\FashionDataset\test\images_test\58928.jpg
58931,,,,,c:\Users\LEGION\Documents\jupyter_notebook\Fashion-Intelligence-System\A2_FashionDataset\FashionDataset\test\images_test\58931.jpg
58932,,,,,c:\Users\LEGION\Documents\jupyter_notebook\Fashion-Intelligence-System\A2_FashionDataset\FashionDataset\test\images_test\58932.jpg
58934,,,,,c:\Users\LEGION\Documents\jupyter_notebook\Fashion-Intelligence-System\A2_FashionDataset\FashionDataset\test\images_test\58934.jpg
58935,,,,,c:\Users\LEGION\Documents\jupyter_notebook\Fashion-Intelligence-System\A2_FashionDataset\FashionDataset\test\images_test\58935.jpg
58937,,,,,c:\Users\LEGION\Documents\jupyter_notebook\Fashion-Intelligence-System\A2_FashionDataset\FashionDataset\test\images_test\58937.jpg
58939,,,,,c:\Users\LEGION\Documents\jupyter_notebook\Fashion-Intelligence-System\A2_FashionDataset\FashionDataset\test\images_test\58939.jpg
58940,,,,,c:\Users\LEGION\Documents\jupyter_notebook\Fashion-Intelligence-System\A2_FashionDataset\FashionDataset\test\images_test\58940.jpg
58941,,,,,c:\Users\LEGION\Documents\jupyter_notebook\Fashion-Intelligence-System\A2_FashionDataset\FashionDataset\test\images_test\58941.jpg
58942,,,,,c:\Users\LEGION\Documents\jupyter_notebook\Fashion-Intelligence-System\A2_FashionDataset\FashionDataset\test\images_test\58942.jpg
58943,,,,,c:\Users\LEGION\Documents\jupyter_notebook\Fashion-Intelligence-System\A2_FashionDataset\FashionDataset\test\images_test\58943.jpg
58944,,,,,c:\Users\LEGION\Documents\jupyter_notebook\Fashion-Intelligence-System\A2_FashionDataset\FashionDataset\test\images_test\58944.jpg
58945,,,,,c:\Users\LEGION\Documents\jupyter_notebook\Fashion-Intelligence-System\A2_FashionDataset\FashionDataset\test\images_test\58945.jpg
58946,,,,,c:\Users\LEGION\Documents\jupyter_notebook\Fashion-Intelligence-System\A2_FashionDataset\FashionDataset\test\images_test\58946.jpg
58947,,,,,c:\Users\LEGION\Documents\jupyter_notebook\Fashion-Intelligence-System\A2_FashionDataset\FashionDataset\test\images_test\58947.jpg
58948,,,,,c:\Users\LEGION\Documents\jupyter_notebook\Fashion-Intelligence-System\A2_FashionDataset\FashionDataset\test\images_test\58948.jpg
58949,,,,,c:\Users\LEGION\Documents\jupyter_notebook\Fashion-Intelligence-System\A2_FashionDataset\FashionDataset\test\images_test\58949.jpg
58950,,,,,c:\Users\LEGION\Documents\jupyter_notebook\Fashion-Intelligence-System\A2_FashionDataset\FashionDataset\test\images_test\58950.jpg
58951,,,,,c:\Users\LEGION\Documents\jupyter_notebook\Fashion-Intelligence-System\A2_FashionDataset\FashionDataset\test\images_test\58951.jpg
58952,,,,,c:\Users\LEGION\Documents\jupyter_notebook\Fashion-Intelligence-System\A2_FashionDataset\FashionDataset\test\images_test\58952.jpg
58954,,,,,c:\Users\LEGION\Documents\jupyter_notebook\Fashion-Intelligence-System\A2_FashionDataset\FashionDataset\test\images_test\58954.jpg
58955,,,,,c:\Users\LEGION\Documents\jupyter_notebook\Fashion-Intelligence-System\A2_FashionDataset\FashionDataset\test\images_test\58955.jpg
58956,,,,,c:\Users\LEGION\Documents\jupyter_notebook\Fashion-Intelligence-System\A2_FashionDataset\FashionDataset\test\images_test\58956.jpg
58958,,,,,c:\Users\LEGION\Documents\jupyter_notebook\Fashion-Intelligence-System\A2_FashionDataset\FashionDataset\test\images_test\58958.jpg
58959,,,,,c:\Users\LEGION\Documents\jupyter_notebook\Fashion-Intelligence-System\A2_FashionDataset\FashionDataset\test\images_test\58959.jpg
58960,,,,,c:\Users\LEGION\Documents\jupyter_notebook\Fashion-Intelligence-System\A2_FashionDataset\FashionDataset\test\images_test\58960.jpg
58961,,,,,c:\Users\LEGION\Documents\jupyter_notebook\Fashion-Intelligence-System\A2_FashionDataset\FashionDataset\test\images_test\58961.jpg
58962,,,,,c:\Users\LEGION\Documents\jupyter_notebook\Fashion-Intelligence-System\A2_FashionDataset\FashionDataset\test\images_test\58962.jpg
58963,,,,,c:\Users\LEGION\Documents\jupyter_notebook\Fashion-Intelligence-System\A2_FashionDataset\FashionDataset\test\images_test\58963.jpg
58964,,,,,c:\Users\LEGION\Documents\jupyter_notebook\Fashion-Intelligence-System\A2_FashionDataset\FashionDataset\test\images_test\58964.jpg
58965,,,,,c:\Users\LEGION\Documents\jupyter_notebook\Fashion-Intelligence-System\A2_FashionDataset\FashionDataset\test\images_test\58965.jpg
58966,,,,,c:\Users\LEGION\Documents\jupyter_notebook\Fashion-Intelligence-System\A2_FashionDataset\FashionDataset\test\images_test\58966.jpg
58967,,,,,c:\Users\LEGION\Documents\jupyter_notebook\Fashion-Intelligence-System\A2_FashionDataset\FashionDataset\test\images_test\58967.jpg
58968,,,,,c:\Users\LEGION\Documents\jupyter_notebook\Fashion-Intelligence-System\A2_FashionDataset\FashionDataset\test\images_test\58968.jpg
58969,,,,,c:\Users\LEGION\Documents\jupyter_notebook\Fashion-Intelligence-System\A2_FashionDataset\FashionDataset\test\images_test\58969.jpg
58970,,,,,c:\Users\LEGION\Documents\jupyter_notebook\Fashion-Intelligence-System\A2_FashionDataset\FashionDataset\test\images_test\58970.jpg
58971,,,,,c:\Users\LEGION\Documents\jupyter_notebook\Fashion-Intelligence-System\A2_FashionDataset\FashionDataset\test\images_test\58971.jpg
58972,,,,,c:\Users\LEGION\Documents\jupyter_notebook\Fashion-Intelligence-System\A2_FashionDataset\FashionDataset\test\images_test\58972.jpg
58973,,,,,c:\Users\LEGION\Documents\jupyter_notebook\Fashion-Intelligence-System\A2_FashionDataset\FashionDataset\test\images_test\58973.jpg
58974,,,,,c:\Users\LEGION\Documents\jupyter_notebook\Fashion-Intelligence-System\A2_FashionDataset\FashionDataset\test\images_test\58974.jpg
58975,,,,,c:\Users\LEGION\Documents\jupyter_notebook\Fashion-Intelligence-System\A2_FashionDataset\FashionDataset\test\images_test\58975.jpg
58976,,,,,c:\Users\LEGION\Documents\jupyter_notebook\Fashion-Intelligence-System\A2_FashionDataset\FashionDataset\test\images_test\58976.jpg
58977,,,,,c:\Users\LEGION\Documents\jupyter_notebook\Fashion-Intelligence-System\A2_FashionDataset\FashionDataset\test\images_test\58977.jpg
58978,,,,,c:\Users\LEGION\Documents\jupyter_notebook\Fashion-Intelligence-System\A2_FashionDataset\FashionDataset\test\images_test\58978.jpg
58979,,,,,c:\Users\LEGION\Documents\jupyter_notebook\Fashion-Intelligence-System\A2_FashionDataset\FashionDataset\test\images_test\58979.jpg
58980,,,,,c:\Users\LEGION\Documents\jupyter_notebook\Fashion-Intelligence-System\A2_FashionDataset\FashionDataset\test\images_test\58980.jpg
58981,,,,,c:\Users\LEGION\Documents\jupyter_notebook\Fashion-Intelligence-System\A2_FashionDataset\FashionDataset\test\images_test\58981.jpg
58982,,,,,c:\Users\LEGION\Documents\jupyter_notebook\Fashion-Intelligence-System\A2_FashionDataset\FashionDataset\test\images_test\58982.jpg
58983,,,,,c:\Users\LEGION\Documents\jupyter_notebook\Fashion-Intelligence-System\A2_FashionDataset\FashionDataset\test\images_test\58983.jpg
58984,,,,,c:\Users\LEGION\Documents\jupyter_notebook\Fashion-Intelligence-System\A2_FashionDataset\FashionDataset\test\images_test\58984.jpg
58985,,,,,c:\Users\LEGION\Documents\jupyter_notebook\Fashion-Intelligence-System\A2_FashionDataset\FashionDataset\test\images_test\58985.jpg
58986,,,,,c:\Users\LEGION\Documents\jupyter_notebook\Fashion-Intelligence-System\A2_FashionDataset\FashionDataset\test\images_test\58986.jpg
58987,,,,,c:\Users\LEGION\Documents\jupyter_notebook\Fashion-Intelligence-System\A2_FashionDataset\FashionDataset\test\images_test\58987.jpg
58988,,,,,c:\Users\LEGION\Documents\jupyter_notebook\Fashion-Intelligence-System\A2_FashionDataset\FashionDataset\test\images_test\58988.jpg
58989,,,,,c:\Users\LEGION\Documents\jupyter_notebook\Fashion-Intelligence-System\A2_FashionDataset\FashionDataset\test\images_test\58989.jpg
58990,,,,,c:\Users\LEGION\Documents\jupyter_notebook\Fashion-Intelligence-System\A2_FashionDataset\FashionDataset\test\images_test\58990.jpg
58991,,,,,c:\Users\LEGION\Documents\jupyter_notebook\Fashion-Intelligence-System\A2_FashionDataset\FashionDataset\test\images_test\58991.jpg
58992,,,,,c:\Users\LEGION\Documents\jupyter_notebook\Fashion-Intelligence-System\A2_FashionDataset\FashionDataset\test\images_test\58992.jpg
59002,,,,,c:\Users\LEGION\Documents\jupyter_notebook\Fashion-Intelligence-System\A2_FashionDataset\FashionDataset\test\images_test\59002.jpg
59003,,,,,c:\Users\LEGION\Documents\jupyter_notebook\Fashion-Intelligence-System\A2_FashionDataset\FashionDataset\test\images_test\59003.jpg
59004,,,,,c:\Users\LEGION\Documents\jupyter_notebook\Fashion-Intelligence-System\A2_FashionDataset\FashionDataset\test\images_test\59004.jpg
59005,,,,,c:\Users\LEGION\Documents\jupyter_notebook\Fashion-Intelligence-System\A2_FashionDataset\FashionDataset\test\images_test\59005.jpg
59006,,,,,c:\Users\LEGION\Documents\jupyter_notebook\Fashion-Intelligence-System\A2_FashionDataset\FashionDataset\test\images_test\59006.jpg
59008,,,,,c:\Users\LEGION\Documents\jupyter_notebook\Fashion-Intelligence-System\A2_FashionDataset\FashionDataset\test\images_test\59008.jpg
59010,,,,,c:\Users\LEGION\Documents\jupyter_notebook\Fashion-Intelligence-System\A2_FashionDataset\FashionDataset\test\images_test\59010.jpg
59011,,,,,c:\Users\LEGION\Documents\jupyter_notebook\Fashion-Intelligence-System\A2_FashionDataset\FashionDataset\test\images_test\59011.jpg
59012,,,,,c:\Users\LEGION\Documents\jupyter_notebook\Fashion-Intelligence-System\A2_FashionDataset\FashionDataset\test\images_test\59012.jpg
59013,,,,,c:\Users\LEGION\Documents\jupyter_notebook\Fashion-Intelligence-System\A2_FashionDataset\FashionDataset\test\images_test\59013.jpg
59014,,,,,c:\Users\LEGION\Documents\jupyter_notebook\Fashion-Intelligence-System\A2_FashionDataset\FashionDataset\test\images_test\59014.jpg
59015,,,,,c:\Users\LEGION\Documents\jupyter_notebook\Fashion-Intelligence-System\A2_FashionDataset\FashionDataset\test\images_test\59015.jpg
59016,,,,,c:\Users\LEGION\Documents\jupyter_notebook\Fashion-Intelligence-System\A2_FashionDataset\FashionDataset\test\images_test\59016.jpg
59017,,,,,c:\Users\LEGION\Documents\jupyter_notebook\Fashion-Intelligence-System\A2_FashionDataset\FashionDataset\test\images_test\59017.jpg
59018,,,,,c:\Users\LEGION\Documents\jupyter_notebook\Fashion-Intelligence-System\A2_FashionDataset\FashionDataset\test\images_test\59018.jpg
59019,,,,,c:\Users\LEGION\Documents\jupyter_notebook\Fashion-Intelligence-System\A2_FashionDataset\FashionDataset\test\images_test\59019.jpg
59020,,,,,c:\Users\LEGION\Documents\jupyter_notebook\Fashion-Intelligence-System\A2_FashionDataset\FashionDataset\test\images_test\59020.jpg
59021,,,,,c:\Users\LEGION\Documents\jupyter_notebook\Fashion-Intelligence-System\A2_FashionDataset\FashionDataset\test\images_test\59021.jpg
59022,,,,,c:\Users\LEGION\Documents\jupyter_notebook\Fashion-Intelligence-System\A2_FashionDataset\FashionDataset\test\images_test\59022.jpg
59023,,,,,c:\Users\LEGION\Documents\jupyter_notebook\Fashion-Intelligence-System\A2_FashionDataset\FashionDataset\test\images_test\59023.jpg
59024,,,,,c:\Users\LEGION\Documents\jupyter_notebook\Fashion-Intelligence-System\A2_FashionDataset\FashionDataset\test\images_test\59024.jpg
59025,,,,,c:\Users\LEGION\Documents\jupyter_notebook\Fashion-Intelligence-System\A2_FashionDataset\FashionDataset\test\images_test\59025.jpg
59026,,,,,c:\Users\LEGION\Documents\jupyter_notebook\Fashion-Intelligence-System\A2_FashionDataset\FashionDataset\test\images_test\59026.jpg
59027,,,,,c:\Users\LEGION\Documents\jupyter_notebook\Fashion-Intelligence-System\A2_FashionDataset\FashionDataset\test\images_test\59027.jpg
59028,,,,,c:\Users\LEGION\Documents\jupyter_notebook\Fashion-Intelligence-System\A2_FashionDataset\FashionDataset\test\images_test\59028.jpg
59029,,,,,c:\Users\LEGION\Documents\jupyter_notebook\Fashion-Intelligence-System\A2_FashionDataset\FashionDataset\test\images_test\59029.jpg
59030,,,,,c:\Users\LEGION\Documents\jupyter_notebook\Fashion-Intelligence-System\A2_FashionDataset\FashionDataset\test\images_test\59030.jpg
59031,,,,,c:\Users\LEGION\Documents\jupyter_notebook\Fashion-Intelligence-System\A2_FashionDataset\FashionDataset\test\images_test\59031.jpg
59032,,,,,c:\Users\LEGION\Documents\jupyter_notebook\Fashion-Intelligence-System\A2_FashionDataset\FashionDataset\test\images_test\59032.jpg
59033,,,,,c:\Users\LEGION\Documents\jupyter_notebook\Fashion-Intelligence-System\A2_FashionDataset\FashionDataset\test\images_test\59033.jpg
59034,,,,,c:\Users\LEGION\Documents\jupyter_notebook\Fashion-Intelligence-System\A2_FashionDataset\FashionDataset\test\images_test\59034.jpg
59035,,,,,c:\Users\LEGION\Documents\jupyter_notebook\Fashion-Intelligence-System\A2_FashionDataset\FashionDataset\test\images_test\59035.jpg
59036,,,,,c:\Users\LEGION\Documents\jupyter_notebook\Fashion-Intelligence-System\A2_FashionDataset\FashionDataset\test\images_test\59036.jpg
59037,,,,,c:\Users\LEGION\Documents\jupyter_notebook\Fashion-Intelligence-System\A2_FashionDataset\FashionDataset\test\images_test\59037.jpg
59038,,,,,c:\Users\LEGION\Documents\jupyter_notebook\Fashion-Intelligence-System\A2_FashionDataset\FashionDataset\test\images_test\59038.jpg
59039,,,,,c:\Users\LEGION\Documents\jupyter_notebook\Fashion-Intelligence-System\A2_FashionDataset\FashionDataset\test\images_test\59039.jpg
59040,,,,,c:\Users\LEGION\Documents\jupyter_notebook\Fashion-Intelligence-System\A2_FashionDataset\FashionDataset\test\images_test\59040.jpg
59042,,,,,c:\Users\LEGION\Documents\jupyter_notebook\Fashion-Intelligence-System\A2_FashionDataset\FashionDataset\test\images_test\59042.jpg
59043,,,,,c:\Users\LEGION\Documents\jupyter_notebook\Fashion-Intelligence-System\A2_FashionDataset\FashionDataset\test\images_test\59043.jpg
59044,,,,,c:\Users\LEGION\Documents\jupyter_notebook\Fashion-Intelligence-System\A2_FashionDataset\FashionDataset\test\images_test\59044.jpg
59045,,,,,c:\Users\LEGION\Documents\jupyter_notebook\Fashion-Intelligence-System\A2_FashionDataset\FashionDataset\test\images_test\59045.jpg
59046,,,,,c:\Users\LEGION\Documents\jupyter_notebook\Fashion-Intelligence-System\A2_FashionDataset\FashionDataset\test\images_test\59046.jpg
59047,,,,,c:\Users\LEGION\Documents\jupyter_notebook\Fashion-Intelligence-System\A2_FashionDataset\FashionDataset\test\images_test\59047.jpg
59048,,,,,c:\Users\LEGION\Documents\jupyter_notebook\Fashion-Intelligence-System\A2_FashionDataset\FashionDataset\test\images_test\59048.jpg
59049,,,,,c:\Users\LEGION\Documents\jupyter_notebook\Fashion-Intelligence-System\A2_FashionDataset\FashionDataset\test\images_test\59049.jpg
59050,,,,,c:\Users\LEGION\Documents\jupyter_notebook\Fashion-Intelligence-System\A2_FashionDataset\FashionDataset\test\images_test\59050.jpg
59051,,,,,c:\Users\LEGION\Documents\jupyter_notebook\Fashion-Intelligence-System\A2_FashionDataset\FashionDataset\test\images_test\59051.jpg
59052,,,,,c:\Users\LEGION\Documents\jupyter_notebook\Fashion-Intelligence-System\A2_FashionDataset\FashionDataset\test\images_test\59052.jpg
59053,,,,,c:\Users\LEGION\Documents\jupyter_notebook\Fashion-Intelligence-System\A2_FashionDataset\FashionDataset\test\images_test\59053.jpg
59054,,,,,c:\Users\LEGION\Documents\jupyter_notebook\Fashion-Intelligence-System\A2_FashionDataset\FashionDataset\test\images_test\59054.jpg
59055,,,,,c:\Users\LEGION\Documents\jupyter_notebook\Fashion-Intelligence-System\A2_FashionDataset\FashionDataset\test\images_test\59055.jpg
59056,,,,,c:\Users\LEGION\Documents\jupyter_notebook\Fashion-Intelligence-System\A2_FashionDataset\FashionDataset\test\images_test\59056.jpg
59058,,,,,c:\Users\LEGION\Documents\jupyter_notebook\Fashion-Intelligence-System\A2_FashionDataset\FashionDataset\test\images_test\59058.jpg
59059,,,,,c:\Users\LEGION\Documents\jupyter_notebook\Fashion-Intelligence-System\A2_FashionDataset\FashionDataset\test\images_test\59059.jpg
59060,,,,,c:\Users\LEGION\Documents\jupyter_notebook\Fashion-Intelligence-System\A2_FashionDataset\FashionDataset\test\images_test\59060.jpg
59061,,,,,c:\Users\LEGION\Documents\jupyter_notebook\Fashion-Intelligence-System\A2_FashionDataset\FashionDataset\test\images_test\59061.jpg
59062,,,,,c:\Users\LEGION\Documents\jupyter_notebook\Fashion-Intelligence-System\A2_FashionDataset\FashionDataset\test\images_test\59062.jpg
59063,,,,,c:\Users\LEGION\Documents\jupyter_notebook\Fashion-Intelligence-System\A2_FashionDataset\FashionDataset\test\images_test\59063.jpg
59064,,,,,c:\Users\LEGION\Documents\jupyter_notebook\Fashion-Intelligence-System\A2_FashionDataset\FashionDataset\test\images_test\59064.jpg
59065,,,,,c:\Users\LEGION\Documents\jupyter_notebook\Fashion-Intelligence-System\A2_FashionDataset\FashionDataset\test\images_test\59065.jpg
59066,,,,,c:\Users\LEGION\Documents\jupyter_notebook\Fashion-Intelligence-System\A2_FashionDataset\FashionDataset\test\images_test\59066.jpg
59067,,,,,c:\Users\LEGION\Documents\jupyter_notebook\Fashion-Intelligence-System\A2_FashionDataset\FashionDataset\test\images_test\59067.jpg
59068,,,,,c:\Users\LEGION\Documents\jupyter_notebook\Fashion-Intelligence-System\A2_FashionDataset\FashionDataset\test\images_test\59068.jpg
59069,,,,,c:\Users\LEGION\Documents\jupyter_notebook\Fashion-Intelligence-System\A2_FashionDataset\FashionDataset\test\images_test\59069.jpg
59070,,,,,c:\Users\LEGION\Documents\jupyter_notebook\Fashion-Intelligence-System\A2_FashionDataset\FashionDataset\test\images_test\59070.jpg
59071,,,,,c:\Users\LEGION\Documents\jupyter_notebook\Fashion-Intelligence-System\A2_FashionDataset\FashionDataset\test\images_test\59071.jpg
59072,,,,,c:\Users\LEGION\Documents\jupyter_notebook\Fashion-Intelligence-System\A2_FashionDataset\FashionDataset\test\images_test\59072.jpg
59073,,,,,c:\Users\LEGION\Documents\jupyter_notebook\Fashion-Intelligence-System\A2_FashionDataset\FashionDataset\test\images_test\59073.jpg
59074,,,,,c:\Users\LEGION\Documents\jupyter_notebook\Fashion-Intelligence-System\A2_FashionDataset\FashionDataset\test\images_test\59074.jpg
59075,,,,,c:\Users\LEGION\Documents\jupyter_notebook\Fashion-Intelligence-System\A2_FashionDataset\FashionDataset\test\images_test\59075.jpg
59076,,,,,c:\Users\LEGION\Documents\jupyter_notebook\Fashion-Intelligence-System\A2_FashionDataset\FashionDataset\test\images_test\59076.jpg
59077,,,,,c:\Users\LEGION\Documents\jupyter_notebook\Fashion-Intelligence-System\A2_FashionDataset\FashionDataset\test\images_test\59077.jpg
59078,,,,,c:\Users\LEGION\Documents\jupyter_notebook\Fashion-Intelligence-System\A2_FashionDataset\FashionDataset\test\images_test\59078.jpg
59079,,,,,c:\Users\LEGION\Documents\jupyter_notebook\Fashion-Intelligence-System\A2_FashionDataset\FashionDataset\test\images_test\59079.jpg
59080,,,,,c:\Users\LEGION\Documents\jupyter_notebook\Fashion-Intelligence-System\A2_FashionDataset\FashionDataset\test\images_test\59080.jpg
59081,,,,,c:\Users\LEGION\Documents\jupyter_notebook\Fashion-Intelligence-System\A2_FashionDataset\FashionDataset\test\images_test\59081.jpg
59082,,,,,c:\Users\LEGION\Documents\jupyter_notebook\Fashion-Intelligence-System\A2_FashionDataset\FashionDataset\test\images_test\59082.jpg
59083,,,,,c:\Users\LEGION\Documents\jupyter_notebook\Fashion-Intelligence-System\A2_FashionDataset\FashionDataset\test\images_test\59083.jpg
59084,,,,,c:\Users\LEGION\Documents\jupyter_notebook\Fashion-Intelligence-System\A2_FashionDataset\FashionDataset\test\images_test\59084.jpg
59085,,,,,c:\Users\LEGION\Documents\jupyter_notebook\Fashion-Intelligence-System\A2_FashionDataset\FashionDataset\test\images_test\59085.jpg
59086,,,,,c:\Users\LEGION\Documents\jupyter_notebook\Fashion-Intelligence-System\A2_FashionDataset\FashionDataset\test\images_test\59086.jpg
59087,,,,,c:\Users\LEGION\Documents\jupyter_notebook\Fashion-Intelligence-System\A2_FashionDataset\FashionDataset\test\images_test\59087.jpg
59088,,,,,c:\Users\LEGION\Documents\jupyter_notebook\Fashion-Intelligence-System\A2_FashionDataset\FashionDataset\test\images_test\59088.jpg
59089,,,,,c:\Users\LEGION\Documents\jupyter_notebook\Fashion-Intelligence-System\A2_FashionDataset\FashionDataset\test\images_test\59089.jpg
59090,,,,,c:\Users\LEGION\Documents\jupyter_notebook\Fashion-Intelligence-System\A2_FashionDataset\FashionDataset\test\images_test\59090.jpg
59091,,,,,c:\Users\LEGION\Documents\jupyter_notebook\Fashion-Intelligence-System\A2_FashionDataset\FashionDataset\test\images_test\59091.jpg
59092,,,,,c:\Users\LEGION\Documents\jupyter_notebook\Fashion-Intelligence-System\A2_FashionDataset\FashionDataset\test\images_test\59092.jpg
59093,,,,,c:\Users\LEGION\Documents\jupyter_notebook\Fashion-Intelligence-System\A2_FashionDataset\FashionDataset\test\images_test\59093.jpg
59094,,,,,c:\Users\LEGION\Documents\jupyter_notebook\Fashion-Intelligence-System\A2_FashionDataset\FashionDataset\test\images_test\59094.jpg
59095,,,,,c:\Users\LEGION\Documents\jupyter_notebook\Fashion-Intelligence-System\A2_FashionDataset\FashionDataset\test\images_test\59095.jpg
59096,,,,,c:\Users\LEGION\Documents\jupyter_notebook\Fashion-Intelligence-System\A2_FashionDataset\FashionDataset\test\images_test\59096.jpg
59097,,,,,c:\Users\LEGION\Documents\jupyter_notebook\Fashion-Intelligence-System\A2_FashionDataset\FashionDataset\test\images_test\59097.jpg
59098,,,,,c:\Users\LEGION\Documents\jupyter_notebook\Fashion-Intelligence-System\A2_FashionDataset\FashionDataset\test\images_test\59098.jpg
59099,,,,,c:\Users\LEGION\Documents\jupyter_notebook\Fashion-Intelligence-System\A2_FashionDataset\FashionDataset\test\images_test\59099.jpg
59100,,,,,c:\Users\LEGION\Documents\jupyter_notebook\Fashion-Intelligence-System\A2_FashionDataset\FashionDataset\test\images_test\59100.jpg
59101,,,,,c:\Users\LEGION\Documents\jupyter_notebook\Fashion-Intelligence-System\A2_FashionDataset\FashionDataset\test\images_test\59101.jpg
59102,,,,,c:\Users\LEGION\Documents\jupyter_notebook\Fashion-Intelligence-System\A2_FashionDataset\FashionDataset\test\images_test\59102.jpg
59103,,,,,c:\Users\LEGION\Documents\jupyter_notebook\Fashion-Intelligence-System\A2_FashionDataset\FashionDataset\test\images_test\59103.jpg
59104,,,,,c:\Users\LEGION\Documents\jupyter_notebook\Fashion-Intelligence-System\A2_FashionDataset\FashionDataset\test\images_test\59104.jpg
59105,,,,,c:\Users\LEGION\Documents\jupyter_notebook\Fashion-Intelligence-System\A2_FashionDataset\FashionDataset\test\images_test\59105.jpg
59106,,,,,c:\Users\LEGION\Documents\jupyter_notebook\Fashion-Intelligence-System\A2_FashionDataset\FashionDataset\test\images_test\59106.jpg
59112,,,,,c:\Users\LEGION\Documents\jupyter_notebook\Fashion-Intelligence-System\A2_FashionDataset\FashionDataset\test\images_test\59112.jpg
59115,,,,,c:\Users\LEGION\Documents\jupyter_notebook\Fashion-Intelligence-System\A2_FashionDataset\FashionDataset\test\images_test\59115.jpg
59116,,,,,c:\Users\LEGION\Documents\jupyter_notebook\Fashion-Intelligence-System\A2_FashionDataset\FashionDataset\test\images_test\59116.jpg
59117,,,,,c:\Users\LEGION\Documents\jupyter_notebook\Fashion-Intelligence-System\A2_FashionDataset\FashionDataset\test\images_test\59117.jpg
59118,,,,,c:\Users\LEGION\Documents\jupyter_notebook\Fashion-Intelligence-System\A2_FashionDataset\FashionDataset\test\images_test\59118.jpg
59119,,,,,c:\Users\LEGION\Documents\jupyter_notebook\Fashion-Intelligence-System\A2_FashionDataset\FashionDataset\test\images_test\59119.jpg
59120,,,,,c:\Users\LEGION\Documents\jupyter_notebook\Fashion-Intelligence-System\A2_FashionDataset\FashionDataset\test\images_test\59120.jpg
59121,,,,,c:\Users\LEGION\Documents\jupyter_notebook\Fashion-Intelligence-System\A2_FashionDataset\FashionDataset\test\images_test\59121.jpg
59122,,,,,c:\Users\LEGION\Documents\jupyter_notebook\Fashion-Intelligence-System\A2_FashionDataset\FashionDataset\test\images_test\59122.jpg
59123,,,,,c:\Users\LEGION\Documents\jupyter_notebook\Fashion-Intelligence-System\A2_FashionDataset\FashionDataset\test\images_test\59123.jpg
59124,,,,,c:\Users\LEGION\Documents\jupyter_notebook\Fashion-Intelligence-System\A2_FashionDataset\FashionDataset\test\images_test\59124.jpg
59126,,,,,c:\Users\LEGION\Documents\jupyter_notebook\Fashion-Intelligence-System\A2_FashionDataset\FashionDataset\test\images_test\59126.jpg
59127,,,,,c:\Users\LEGION\Documents\jupyter_notebook\Fashion-Intelligence-System\A2_FashionDataset\FashionDataset\test\images_test\59127.jpg
59128,,,,,c:\Users\LEGION\Documents\jupyter_notebook\Fashion-Intelligence-System\A2_FashionDataset\FashionDataset\test\images_test\59128.jpg
59129,,,,,c:\Users\LEGION\Documents\jupyter_notebook\Fashion-Intelligence-System\A2_FashionDataset\FashionDataset\test\images_test\59129.jpg
59130,,,,,c:\Users\LEGION\Documents\jupyter_notebook\Fashion-Intelligence-System\A2_FashionDataset\FashionDataset\test\images_test\59130.jpg
59131,,,,,c:\Users\LEGION\Documents\jupyter_notebook\Fashion-Intelligence-System\A2_FashionDataset\FashionDataset\test\images_test\59131.jpg
59132,,,,,c:\Users\LEGION\Documents\jupyter_notebook\Fashion-Intelligence-System\A2_FashionDataset\FashionDataset\test\images_test\59132.jpg
59133,,,,,c:\Users\LEGION\Documents\jupyter_notebook\Fashion-Intelligence-System\A2_FashionDataset\FashionDataset\test\images_test\59133.jpg
59142,,,,,c:\Users\LEGION\Documents\jupyter_notebook\Fashion-Intelligence-System\A2_FashionDataset\FashionDataset\test\images_test\59142.jpg
59143,,,,,c:\Users\LEGION\Documents\jupyter_notebook\Fashion-Intelligence-System\A2_FashionDataset\FashionDataset\test\images_test\59143.jpg
59144,,,,,c:\Users\LEGION\Documents\jupyter_notebook\Fashion-Intelligence-System\A2_FashionDataset\FashionDataset\test\images_test\59144.jpg
59145,,,,,c:\Users\LEGION\Documents\jupyter_notebook\Fashion-Intelligence-System\A2_FashionDataset\FashionDataset\test\images_test\59145.jpg
59146,,,,,c:\Users\LEGION\Documents\jupyter_notebook\Fashion-Intelligence-System\A2_FashionDataset\FashionDataset\test\images_test\59146.jpg
59147,,,,,c:\Users\LEGION\Documents\jupyter_notebook\Fashion-Intelligence-System\A2_FashionDataset\FashionDataset\test\images_test\59147.jpg
59149,,,,,c:\Users\LEGION\Documents\jupyter_notebook\Fashion-Intelligence-System\A2_FashionDataset\FashionDataset\test\images_test\59149.jpg
59160,,,,,c:\Users\LEGION\Documents\jupyter_notebook\Fashion-Intelligence-System\A2_FashionDataset\FashionDataset\test\images_test\59160.jpg
59161,,,,,c:\Users\LEGION\Documents\jupyter_notebook\Fashion-Intelligence-System\A2_FashionDataset\FashionDataset\test\images_test\59161.jpg
59165,,,,,c:\Users\LEGION\Documents\jupyter_notebook\Fashion-Intelligence-System\A2_FashionDataset\FashionDataset\test\images_test\59165.jpg
59166,,,,,c:\Users\LEGION\Documents\jupyter_notebook\Fashion-Intelligence-System\A2_FashionDataset\FashionDataset\test\images_test\59166.jpg
59167,,,,,c:\Users\LEGION\Documents\jupyter_notebook\Fashion-Intelligence-System\A2_FashionDataset\FashionDataset\test\images_test\59167.jpg
59172,,,,,c:\Users\LEGION\Documents\jupyter_notebook\Fashion-Intelligence-System\A2_FashionDataset\FashionDataset\test\images_test\59172.jpg
59173,,,,,c:\Users\LEGION\Documents\jupyter_notebook\Fashion-Intelligence-System\A2_FashionDataset\FashionDataset\test\images_test\59173.jpg
59174,,,,,c:\Users\LEGION\Documents\jupyter_notebook\Fashion-Intelligence-System\A2_FashionDataset\FashionDataset\test\images_test\59174.jpg
59175,,,,,c:\Users\LEGION\Documents\jupyter_notebook\Fashion-Intelligence-System\A2_FashionDataset\FashionDataset\test\images_test\59175.jpg
59176,,,,,c:\Users\LEGION\Documents\jupyter_notebook\Fashion-Intelligence-System\A2_FashionDataset\FashionDataset\test\images_test\59176.jpg
59177,,,,,c:\Users\LEGION\Documents\jupyter_notebook\Fashion-Intelligence-System\A2_FashionDataset\FashionDataset\test\images_test\59177.jpg
59178,,,,,c:\Users\LEGION\Documents\jupyter_notebook\Fashion-Intelligence-System\A2_FashionDataset\FashionDataset\test\images_test\59178.jpg
59181,,,,,c:\Users\LEGION\Documents\jupyter_notebook\Fashion-Intelligence-System\A2_FashionDataset\FashionDataset\test\images_test\59181.jpg
59185,,,,,c:\Users\LEGION\Documents\jupyter_notebook\Fashion-Intelligence-System\A2_FashionDataset\FashionDataset\test\images_test\59185.jpg
59187,,,,,c:\Users\LEGION\Documents\jupyter_notebook\Fashion-Intelligence-System\A2_FashionDataset\FashionDataset\test\images_test\59187.jpg
59188,,,,,c:\Users\LEGION\Documents\jupyter_notebook\Fashion-Intelligence-System\A2_FashionDataset\FashionDataset\test\images_test\59188.jpg
59190,,,,,c:\Users\LEGION\Documents\jupyter_notebook\Fashion-Intelligence-System\A2_FashionDataset\FashionDataset\test\images_test\59190.jpg
59212,,,,,c:\Users\LEGION\Documents\jupyter_notebook\Fashion-Intelligence-System\A2_FashionDataset\FashionDataset\test\images_test\59212.jpg
59213,,,,,c:\Users\LEGION\Documents\jupyter_notebook\Fashion-Intelligence-System\A2_FashionDataset\FashionDataset\test\images_test\59213.jpg
59214,,,,,c:\Users\LEGION\Documents\jupyter_notebook\Fashion-Intelligence-System\A2_FashionDataset\FashionDataset\test\images_test\59214.jpg
59215,,,,,c:\Users\LEGION\Documents\jupyter_notebook\Fashion-Intelligence-System\A2_FashionDataset\FashionDataset\test\images_test\59215.jpg
59216,,,,,c:\Users\LEGION\Documents\jupyter_notebook\Fashion-Intelligence-System\A2_FashionDataset\FashionDataset\test\images_test\59216.jpg
59217,,,,,c:\Users\LEGION\Documents\jupyter_notebook\Fashion-Intelligence-System\A2_FashionDataset\FashionDataset\test\images_test\59217.jpg
59218,,,,,c:\Users\LEGION\Documents\jupyter_notebook\Fashion-Intelligence-System\A2_FashionDataset\FashionDataset\test\images_test\59218.jpg
59219,,,,,c:\Users\LEGION\Documents\jupyter_notebook\Fashion-Intelligence-System\A2_FashionDataset\FashionDataset\test\images_test\59219.jpg
59220,,,,,c:\Users\LEGION\Documents\jupyter_notebook\Fashion-Intelligence-System\A2_FashionDataset\FashionDataset\test\images_test\59220.jpg
59221,,,,,c:\Users\LEGION\Documents\jupyter_notebook\Fashion-Intelligence-System\A2_FashionDataset\FashionDataset\test\images_test\59221.jpg
59222,,,,,c:\Users\LEGION\Documents\jupyter_notebook\Fashion-Intelligence-System\A2_FashionDataset\FashionDataset\test\images_test\59222.jpg
59223,,,,,c:\Users\LEGION\Documents\jupyter_notebook\Fashion-Intelligence-System\A2_FashionDataset\FashionDataset\test\images_test\59223.jpg
59224,,,,,c:\Users\LEGION\Documents\jupyter_notebook\Fashion-Intelligence-System\A2_FashionDataset\FashionDataset\test\images_test\59224.jpg
59225,,,,,c:\Users\LEGION\Documents\jupyter_notebook\Fashion-Intelligence-System\A2_FashionDataset\FashionDataset\test\images_test\59225.jpg
59226,,,,,c:\Users\LEGION\Documents\jupyter_notebook\Fashion-Intelligence-System\A2_FashionDataset\FashionDataset\test\images_test\59226.jpg
59227,,,,,c:\Users\LEGION\Documents\jupyter_notebook\Fashion-Intelligence-System\A2_FashionDataset\FashionDataset\test\images_test\59227.jpg
59228,,,,,c:\Users\LEGION\Documents\jupyter_notebook\Fashion-Intelligence-System\A2_FashionDataset\FashionDataset\test\images_test\59228.jpg
59229,,,,,c:\Users\LEGION\Documents\jupyter_notebook\Fashion-Intelligence-System\A2_FashionDataset\FashionDataset\test\images_test\59229.jpg
59230,,,,,c:\Users\LEGION\Documents\jupyter_notebook\Fashion-Intelligence-System\A2_FashionDataset\FashionDataset\test\images_test\59230.jpg
59231,,,,,c:\Users\LEGION\Documents\jupyter_notebook\Fashion-Intelligence-System\A2_FashionDataset\FashionDataset\test\images_test\59231.jpg
59232,,,,,c:\Users\LEGION\Documents\jupyter_notebook\Fashion-Intelligence-System\A2_FashionDataset\FashionDataset\test\images_test\59232.jpg
59233,,,,,c:\Users\LEGION\Documents\jupyter_notebook\Fashion-Intelligence-System\A2_FashionDataset\FashionDataset\test\images_test\59233.jpg
59235,,,,,c:\Users\LEGION\Documents\jupyter_notebook\Fashion-Intelligence-System\A2_FashionDataset\FashionDataset\test\images_test\59235.jpg
59236,,,,,c:\Users\LEGION\Documents\jupyter_notebook\Fashion-Intelligence-System\A2_FashionDataset\FashionDataset\test\images_test\59236.jpg
59237,,,,,c:\Users\LEGION\Documents\jupyter_notebook\Fashion-Intelligence-System\A2_FashionDataset\FashionDataset\test\images_test\59237.jpg
59238,,,,,c:\Users\LEGION\Documents\jupyter_notebook\Fashion-Intelligence-System\A2_FashionDataset\FashionDataset\test\images_test\59238.jpg
59239,,,,,c:\Users\LEGION\Documents\jupyter_notebook\Fashion-Intelligence-System\A2_FashionDataset\FashionDataset\test\images_test\59239.jpg
59240,,,,,c:\Users\LEGION\Documents\jupyter_notebook\Fashion-Intelligence-System\A2_FashionDataset\FashionDataset\test\images_test\59240.jpg
59241,,,,,c:\Users\LEGION\Documents\jupyter_notebook\Fashion-Intelligence-System\A2_FashionDataset\FashionDataset\test\images_test\59241.jpg
59242,,,,,c:\Users\LEGION\Documents\jupyter_notebook\Fashion-Intelligence-System\A2_FashionDataset\FashionDataset\test\images_test\59242.jpg
59243,,,,,c:\Users\LEGION\Documents\jupyter_notebook\Fashion-Intelligence-System\A2_FashionDataset\FashionDataset\test\images_test\59243.jpg
59244,,,,,c:\Users\LEGION\Documents\jupyter_notebook\Fashion-Intelligence-System\A2_FashionDataset\FashionDataset\test\images_test\59244.jpg
59245,,,,,c:\Users\LEGION\Documents\jupyter_notebook\Fashion-Intelligence-System\A2_FashionDataset\FashionDataset\test\images_test\59245.jpg
59246,,,,,c:\Users\LEGION\Documents\jupyter_notebook\Fashion-Intelligence-System\A2_FashionDataset\FashionDataset\test\images_test\59246.jpg
59247,,,,,c:\Users\LEGION\Documents\jupyter_notebook\Fashion-Intelligence-System\A2_FashionDataset\FashionDataset\test\images_test\59247.jpg
59248,,,,,c:\Users\LEGION\Documents\jupyter_notebook\Fashion-Intelligence-System\A2_FashionDataset\FashionDataset\test\images_test\59248.jpg
59249,,,,,c:\Users\LEGION\Documents\jupyter_notebook\Fashion-Intelligence-System\A2_FashionDataset\FashionDataset\test\images_test\59249.jpg
59250,,,,,c:\Users\LEGION\Documents\jupyter_notebook\Fashion-Intelligence-System\A2_FashionDataset\FashionDataset\test\images_test\59250.jpg
59251,,,,,c:\Users\LEGION\Documents\jupyter_notebook\Fashion-Intelligence-System\A2_FashionDataset\FashionDataset\test\images_test\59251.jpg
59252,,,,,c:\Users\LEGION\Documents\jupyter_notebook\Fashion-Intelligence-System\A2_FashionDataset\FashionDataset\test\images_test\59252.jpg
59253,,,,,c:\Users\LEGION\Documents\jupyter_notebook\Fashion-Intelligence-System\A2_FashionDataset\FashionDataset\test\images_test\59253.jpg
59254,,,,,c:\Users\LEGION\Documents\jupyter_notebook\Fashion-Intelligence-System\A2_FashionDataset\FashionDataset\test\images_test\59254.jpg
59255,,,,,c:\Users\LEGION\Documents\jupyter_notebook\Fashion-Intelligence-System\A2_FashionDataset\FashionDataset\test\images_test\59255.jpg
59256,,,,,c:\Users\LEGION\Documents\jupyter_notebook\Fashion-Intelligence-System\A2_FashionDataset\FashionDataset\test\images_test\59256.jpg
59257,,,,,c:\Users\LEGION\Documents\jupyter_notebook\Fashion-Intelligence-System\A2_FashionDataset\FashionDataset\test\images_test\59257.jpg
59258,,,,,c:\Users\LEGION\Documents\jupyter_notebook\Fashion-Intelligence-System\A2_FashionDataset\FashionDataset\test\images_test\59258.jpg
59259,,,,,c:\Users\LEGION\Documents\jupyter_notebook\Fashion-Intelligence-System\A2_FashionDataset\FashionDataset\test\images_test\59259.jpg
59260,,,,,c:\Users\LEGION\Documents\jupyter_notebook\Fashion-Intelligence-System\A2_FashionDataset\FashionDataset\test\images_test\59260.jpg
59261,,,,,c:\Users\LEGION\Documents\jupyter_notebook\Fashion-Intelligence-System\A2_FashionDataset\FashionDataset\test\images_test\59261.jpg
59262,,,,,c:\Users\LEGION\Documents\jupyter_notebook\Fashion-Intelligence-System\A2_FashionDataset\FashionDataset\test\images_test\59262.jpg
59263,,,,,c:\Users\LEGION\Documents\jupyter_notebook\Fashion-Intelligence-System\A2_FashionDataset\FashionDataset\test\images_test\59263.jpg
59264,,,,,c:\Users\LEGION\Documents\jupyter_notebook\Fashion-Intelligence-System\A2_FashionDataset\FashionDataset\test\images_test\59264.jpg
59265,,,,,c:\Users\LEGION\Documents\jupyter_notebook\Fashion-Intelligence-System\A2_FashionDataset\FashionDataset\test\images_test\59265.jpg
59266,,,,,c:\Users\LEGION\Documents\jupyter_notebook\Fashion-Intelligence-System\A2_FashionDataset\FashionDataset\test\images_test\59266.jpg
59267,,,,,c:\Users\LEGION\Documents\jupyter_notebook\Fashion-Intelligence-System\A2_FashionDataset\FashionDataset\test\images_test\59267.jpg
59268,,,,,c:\Users\LEGION\Documents\jupyter_notebook\Fashion-Intelligence-System\A2_FashionDataset\FashionDataset\test\images_test\59268.jpg
59269,,,,,c:\Users\LEGION\Documents\jupyter_notebook\Fashion-Intelligence-System\A2_FashionDataset\FashionDataset\test\images_test\59269.jpg
59270,,,,,c:\Users\LEGION\Documents\jupyter_notebook\Fashion-Intelligence-System\A2_FashionDataset\FashionDataset\test\images_test\59270.jpg
59271,,,,,c:\Users\LEGION\Documents\jupyter_notebook\Fashion-Intelligence-System\A2_FashionDataset\FashionDataset\test\images_test\59271.jpg
59272,,,,,c:\Users\LEGION\Documents\jupyter_notebook\Fashion-Intelligence-System\A2_FashionDataset\FashionDataset\test\images_test\59272.jpg
59273,,,,,c:\Users\LEGION\Documents\jupyter_notebook\Fashion-Intelligence-System\A2_FashionDataset\FashionDataset\test\images_test\59273.jpg
59274,,,,,c:\Users\LEGION\Documents\jupyter_notebook\Fashion-Intelligence-System\A2_FashionDataset\FashionDataset\test\images_test\59274.jpg
59275,,,,,c:\Users\LEGION\Documents\jupyter_notebook\Fashion-Intelligence-System\A2_FashionDataset\FashionDataset\test\images_test\59275.jpg
59276,,,,,c:\Users\LEGION\Documents\jupyter_notebook\Fashion-Intelligence-System\A2_FashionDataset\FashionDataset\test\images_test\59276.jpg
59277,,,,,c:\Users\LEGION\Documents\jupyter_notebook\Fashion-Intelligence-System\A2_FashionDataset\FashionDataset\test\images_test\59277.jpg
59278,,,,,c:\Users\LEGION\Documents\jupyter_notebook\Fashion-Intelligence-System\A2_FashionDataset\FashionDataset\test\images_test\59278.jpg
59279,,,,,c:\Users\LEGION\Documents\jupyter_notebook\Fashion-Intelligence-System\A2_FashionDataset\FashionDataset\test\images_test\59279.jpg
59280,,,,,c:\Users\LEGION\Documents\jupyter_notebook\Fashion-Intelligence-System\A2_FashionDataset\FashionDataset\test\images_test\59280.jpg
59281,,,,,c:\Users\LEGION\Documents\jupyter_notebook\Fashion-Intelligence-System\A2_FashionDataset\FashionDataset\test\images_test\59281.jpg
59282,,,,,c:\Users\LEGION\Documents\jupyter_notebook\Fashion-Intelligence-System\A2_FashionDataset\FashionDataset\test\images_test\59282.jpg
59283,,,,,c:\Users\LEGION\Documents\jupyter_notebook\Fashion-Intelligence-System\A2_FashionDataset\FashionDataset\test\images_test\59283.jpg
59284,,,,,c:\Users\LEGION\Documents\jupyter_notebook\Fashion-Intelligence-System\A2_FashionDataset\FashionDataset\test\images_test\59284.jpg
59286,,,,,c:\Users\LEGION\Documents\jupyter_notebook\Fashion-Intelligence-System\A2_FashionDataset\FashionDataset\test\images_test\59286.jpg
59287,,,,,c:\Users\LEGION\Documents\jupyter_notebook\Fashion-Intelligence-System\A2_FashionDataset\FashionDataset\test\images_test\59287.jpg
59290,,,,,c:\Users\LEGION\Documents\jupyter_notebook\Fashion-Intelligence-System\A2_FashionDataset\FashionDataset\test\images_test\59290.jpg
59291,,,,,c:\Users\LEGION\Documents\jupyter_notebook\Fashion-Intelligence-System\A2_FashionDataset\FashionDataset\test\images_test\59291.jpg
59292,,,,,c:\Users\LEGION\Documents\jupyter_notebook\Fashion-Intelligence-System\A2_FashionDataset\FashionDataset\test\images_test\59292.jpg
59293,,,,,c:\Users\LEGION\Documents\jupyter_notebook\Fashion-Intelligence-System\A2_FashionDataset\FashionDataset\test\images_test\59293.jpg
59294,,,,,c:\Users\LEGION\Documents\jupyter_notebook\Fashion-Intelligence-System\A2_FashionDataset\FashionDataset\test\images_test\59294.jpg
59295,,,,,c:\Users\LEGION\Documents\jupyter_notebook\Fashion-Intelligence-System\A2_FashionDataset\FashionDataset\test\images_test\59295.jpg
59296,,,,,c:\Users\LEGION\Documents\jupyter_notebook\Fashion-Intelligence-System\A2_FashionDataset\FashionDataset\test\images_test\59296.jpg
59297,,,,,c:\Users\LEGION\Documents\jupyter_notebook\Fashion-Intelligence-System\A2_FashionDataset\FashionDataset\test\images_test\59297.jpg
59298,,,,,c:\Users\LEGION\Documents\jupyter_notebook\Fashion-Intelligence-System\A2_FashionDataset\FashionDataset\test\images_test\59298.jpg
59299,,,,,c:\Users\LEGION\Documents\jupyter_notebook\Fashion-Intelligence-System\A2_FashionDataset\FashionDataset\test\images_test\59299.jpg
59300,,,,,c:\Users\LEGION\Documents\jupyter_notebook\Fashion-Intelligence-System\A2_FashionDataset\FashionDataset\test\images_test\59300.jpg
59301,,,,,c:\Users\LEGION\Documents\jupyter_notebook\Fashion-Intelligence-System\A2_FashionDataset\FashionDataset\test\images_test\59301.jpg
59302,,,,,c:\Users\LEGION\Documents\jupyter_notebook\Fashion-Intelligence-System\A2_FashionDataset\FashionDataset\test\images_test\59302.jpg
59303,,,,,c:\Users\LEGION\Documents\jupyter_notebook\Fashion-Intelligence-System\A2_FashionDataset\FashionDataset\test\images_test\59303.jpg
59304,,,,,c:\Users\LEGION\Documents\jupyter_notebook\Fashion-Intelligence-System\A2_FashionDataset\FashionDataset\test\images_test\59304.jpg
59305,,,,,c:\Users\LEGION\Documents\jupyter_notebook\Fashion-Intelligence-System\A2_FashionDataset\FashionDataset\test\images_test\59305.jpg
59306,,,,,c:\Users\LEGION\Documents\jupyter_notebook\Fashion-Intelligence-System\A2_FashionDataset\FashionDataset\test\images_test\59306.jpg
59311,,,,,c:\Users\LEGION\Documents\jupyter_notebook\Fashion-Intelligence-System\A2_FashionDataset\FashionDataset\test\images_test\59311.jpg
59312,,,,,c:\Users\LEGION\Documents\jupyter_notebook\Fashion-Intelligence-System\A2_FashionDataset\FashionDataset\test\images_test\59312.jpg
59315,,,,,c:\Users\LEGION\Documents\jupyter_notebook\Fashion-Intelligence-System\A2_FashionDataset\FashionDataset\test\images_test\59315.jpg
59323,,,,,c:\Users\LEGION\Documents\jupyter_notebook\Fashion-Intelligence-System\A2_FashionDataset\FashionDataset\test\images_test\59323.jpg
59324,,,,,c:\Users\LEGION\Documents\jupyter_notebook\Fashion-Intelligence-System\A2_FashionDataset\FashionDataset\test\images_test\59324.jpg
59326,,,,,c:\Users\LEGION\Documents\jupyter_notebook\Fashion-Intelligence-System\A2_FashionDataset\FashionDataset\test\images_test\59326.jpg
59329,,,,,c:\Users\LEGION\Documents\jupyter_notebook\Fashion-Intelligence-System\A2_FashionDataset\FashionDataset\test\images_test\59329.jpg
59330,,,,,c:\Users\LEGION\Documents\jupyter_notebook\Fashion-Intelligence-System\A2_FashionDataset\FashionDataset\test\images_test\59330.jpg
59338,,,,,c:\Users\LEGION\Documents\jupyter_notebook\Fashion-Intelligence-System\A2_FashionDataset\FashionDataset\test\images_test\59338.jpg
59342,,,,,c:\Users\LEGION\Documents\jupyter_notebook\Fashion-Intelligence-System\A2_FashionDataset\FashionDataset\test\images_test\59342.jpg
59349,,,,,c:\Users\LEGION\Documents\jupyter_notebook\Fashion-Intelligence-System\A2_FashionDataset\FashionDataset\test\images_test\59349.jpg
59352,,,,,c:\Users\LEGION\Documents\jupyter_notebook\Fashion-Intelligence-System\A2_FashionDataset\FashionDataset\test\images_test\59352.jpg
59353,,,,,c:\Users\LEGION\Documents\jupyter_notebook\Fashion-Intelligence-System\A2_FashionDataset\FashionDataset\test\images_test\59353.jpg
59354,,,,,c:\Users\LEGION\Documents\jupyter_notebook\Fashion-Intelligence-System\A2_FashionDataset\FashionDataset\test\images_test\59354.jpg
59355,,,,,c:\Users\LEGION\Documents\jupyter_notebook\Fashion-Intelligence-System\A2_FashionDataset\FashionDataset\test\images_test\59355.jpg
59356,,,,,c:\Users\LEGION\Documents\jupyter_notebook\Fashion-Intelligence-System\A2_FashionDataset\FashionDataset\test\images_test\59356.jpg
59357,,,,,c:\Users\LEGION\Documents\jupyter_notebook\Fashion-Intelligence-System\A2_FashionDataset\FashionDataset\test\images_test\59357.jpg
59358,,,,,c:\Users\LEGION\Documents\jupyter_notebook\Fashion-Intelligence-System\A2_FashionDataset\FashionDataset\test\images_test\59358.jpg
59359,,,,,c:\Users\LEGION\Documents\jupyter_notebook\Fashion-Intelligence-System\A2_FashionDataset\FashionDataset\test\images_test\59359.jpg
59360,,,,,c:\Users\LEGION\Documents\jupyter_notebook\Fashion-Intelligence-System\A2_FashionDataset\FashionDataset\test\images_test\59360.jpg
59361,,,,,c:\Users\LEGION\Documents\jupyter_notebook\Fashion-Intelligence-System\A2_FashionDataset\FashionDataset\test\images_test\59361.jpg
59362,,,,,c:\Users\LEGION\Documents\jupyter_notebook\Fashion-Intelligence-System\A2_FashionDataset\FashionDataset\test\images_test\59362.jpg
59363,,,,,c:\Users\LEGION\Documents\jupyter_notebook\Fashion-Intelligence-System\A2_FashionDataset\FashionDataset\test\images_test\59363.jpg
59364,,,,,c:\Users\LEGION\Documents\jupyter_notebook\Fashion-Intelligence-System\A2_FashionDataset\FashionDataset\test\images_test\59364.jpg
59365,,,,,c:\Users\LEGION\Documents\jupyter_notebook\Fashion-Intelligence-System\A2_FashionDataset\FashionDataset\test\images_test\59365.jpg
59366,,,,,c:\Users\LEGION\Documents\jupyter_notebook\Fashion-Intelligence-System\A2_FashionDataset\FashionDataset\test\images_test\59366.jpg
59367,,,,,c:\Users\LEGION\Documents\jupyter_notebook\Fashion-Intelligence-System\A2_FashionDataset\FashionDataset\test\images_test\59367.jpg
59368,,,,,c:\Users\LEGION\Documents\jupyter_notebook\Fashion-Intelligence-System\A2_FashionDataset\FashionDataset\test\images_test\59368.jpg
59369,,,,,c:\Users\LEGION\Documents\jupyter_notebook\Fashion-Intelligence-System\A2_FashionDataset\FashionDataset\test\images_test\59369.jpg
59370,,,,,c:\Users\LEGION\Documents\jupyter_notebook\Fashion-Intelligence-System\A2_FashionDataset\FashionDataset\test\images_test\59370.jpg
59371,,,,,c:\Users\LEGION\Documents\jupyter_notebook\Fashion-Intelligence-System\A2_FashionDataset\FashionDataset\test\images_test\59371.jpg
59372,,,,,c:\Users\LEGION\Documents\jupyter_notebook\Fashion-Intelligence-System\A2_FashionDataset\FashionDataset\test\images_test\59372.jpg
59373,,,,,c:\Users\LEGION\Documents\jupyter_notebook\Fashion-Intelligence-System\A2_FashionDataset\FashionDataset\test\images_test\59373.jpg
59374,,,,,c:\Users\LEGION\Documents\jupyter_notebook\Fashion-Intelligence-System\A2_FashionDataset\FashionDataset\test\images_test\59374.jpg
59375,,,,,c:\Users\LEGION\Documents\jupyter_notebook\Fashion-Intelligence-System\A2_FashionDataset\FashionDataset\test\images_test\59375.jpg
59376,,,,,c:\Users\LEGION\Documents\jupyter_notebook\Fashion-Intelligence-System\A2_FashionDataset\FashionDataset\test\images_test\59376.jpg
59377,,,,,c:\Users\LEGION\Documents\jupyter_notebook\Fashion-Intelligence-System\A2_FashionDataset\FashionDataset\test\images_test\59377.jpg
59378,,,,,c:\Users\LEGION\Documents\jupyter_notebook\Fashion-Intelligence-System\A2_FashionDataset\FashionDataset\test\images_test\59378.jpg
59379,,,,,c:\Users\LEGION\Documents\jupyter_notebook\Fashion-Intelligence-System\A2_FashionDataset\FashionDataset\test\images_test\59379.jpg
59380,,,,,c:\Users\LEGION\Documents\jupyter_notebook\Fashion-Intelligence-System\A2_FashionDataset\FashionDataset\test\images_test\59380.jpg
59381,,,,,c:\Users\LEGION\Documents\jupyter_notebook\Fashion-Intelligence-System\A2_FashionDataset\FashionDataset\test\images_test\59381.jpg
59382,,,,,c:\Users\LEGION\Documents\jupyter_notebook\Fashion-Intelligence-System\A2_FashionDataset\FashionDataset\test\images_test\59382.jpg
59383,,,,,c:\Users\LEGION\Documents\jupyter_notebook\Fashion-Intelligence-System\A2_FashionDataset\FashionDataset\test\images_test\59383.jpg
59387,,,,,c:\Users\LEGION\Documents\jupyter_notebook\Fashion-Intelligence-System\A2_FashionDataset\FashionDataset\test\images_test\59387.jpg
59388,,,,,c:\Users\LEGION\Documents\jupyter_notebook\Fashion-Intelligence-System\A2_FashionDataset\FashionDataset\test\images_test\59388.jpg
59390,,,,,c:\Users\LEGION\Documents\jupyter_notebook\Fashion-Intelligence-System\A2_FashionDataset\FashionDataset\test\images_test\59390.jpg
59396,,,,,c:\Users\LEGION\Documents\jupyter_notebook\Fashion-Intelligence-System\A2_FashionDataset\FashionDataset\test\images_test\59396.jpg
59399,,,,,c:\Users\LEGION\Documents\jupyter_notebook\Fashion-Intelligence-System\A2_FashionDataset\FashionDataset\test\images_test\59399.jpg
59400,,,,,c:\Users\LEGION\Documents\jupyter_notebook\Fashion-Intelligence-System\A2_FashionDataset\FashionDataset\test\images_test\59400.jpg
59403,,,,,c:\Users\LEGION\Documents\jupyter_notebook\Fashion-Intelligence-System\A2_FashionDataset\FashionDataset\test\images_test\59403.jpg
59404,,,,,c:\Users\LEGION\Documents\jupyter_notebook\Fashion-Intelligence-System\A2_FashionDataset\FashionDataset\test\images_test\59404.jpg
59405,,,,,c:\Users\LEGION\Documents\jupyter_notebook\Fashion-Intelligence-System\A2_FashionDataset\FashionDataset\test\images_test\59405.jpg
59407,,,,,c:\Users\LEGION\Documents\jupyter_notebook\Fashion-Intelligence-System\A2_FashionDataset\FashionDataset\test\images_test\59407.jpg
59410,,,,,c:\Users\LEGION\Documents\jupyter_notebook\Fashion-Intelligence-System\A2_FashionDataset\FashionDataset\test\images_test\59410.jpg
59413,,,,,c:\Users\LEGION\Documents\jupyter_notebook\Fashion-Intelligence-System\A2_FashionDataset\FashionDataset\test\images_test\59413.jpg
59418,,,,,c:\Users\LEGION\Documents\jupyter_notebook\Fashion-Intelligence-System\A2_FashionDataset\FashionDataset\test\images_test\59418.jpg
59421,,,,,c:\Users\LEGION\Documents\jupyter_notebook\Fashion-Intelligence-System\A2_FashionDataset\FashionDataset\test\images_test\59421.jpg
59422,,,,,c:\Users\LEGION\Documents\jupyter_notebook\Fashion-Intelligence-System\A2_FashionDataset\FashionDataset\test\images_test\59422.jpg
59428,,,,,c:\Users\LEGION\Documents\jupyter_notebook\Fashion-Intelligence-System\A2_FashionDataset\FashionDataset\test\images_test\59428.jpg
59430,,,,,c:\Users\LEGION\Documents\jupyter_notebook\Fashion-Intelligence-System\A2_FashionDataset\FashionDataset\test\images_test\59430.jpg
59432,,,,,c:\Users\LEGION\Documents\jupyter_notebook\Fashion-Intelligence-System\A2_FashionDataset\FashionDataset\test\images_test\59432.jpg
59433,,,,,c:\Users\LEGION\Documents\jupyter_notebook\Fashion-Intelligence-System\A2_FashionDataset\FashionDataset\test\images_test\59433.jpg
59435,,,,,c:\Users\LEGION\Documents\jupyter_notebook\Fashion-Intelligence-System\A2_FashionDataset\FashionDataset\test\images_test\59435.jpg
59436,,,,,c:\Users\LEGION\Documents\jupyter_notebook\Fashion-Intelligence-System\A2_FashionDataset\FashionDataset\test\images_test\59436.jpg
59437,,,,,c:\Users\LEGION\Documents\jupyter_notebook\Fashion-Intelligence-System\A2_FashionDataset\FashionDataset\test\images_test\59437.jpg
59439,,,,,c:\Users\LEGION\Documents\jupyter_notebook\Fashion-Intelligence-System\A2_FashionDataset\FashionDataset\test\images_test\59439.jpg
59440,,,,,c:\Users\LEGION\Documents\jupyter_notebook\Fashion-Intelligence-System\A2_FashionDataset\FashionDataset\test\images_test\59440.jpg
59441,,,,,c:\Users\LEGION\Documents\jupyter_notebook\Fashion-Intelligence-System\A2_FashionDataset\FashionDataset\test\images_test\59441.jpg
59442,,,,,c:\Users\LEGION\Documents\jupyter_notebook\Fashion-Intelligence-System\A2_FashionDataset\FashionDataset\test\images_test\59442.jpg
59443,,,,,c:\Users\LEGION\Documents\jupyter_notebook\Fashion-Intelligence-System\A2_FashionDataset\FashionDataset\test\images_test\59443.jpg
59444,,,,,c:\Users\LEGION\Documents\jupyter_notebook\Fashion-Intelligence-System\A2_FashionDataset\FashionDataset\test\images_test\59444.jpg
59445,,,,,c:\Users\LEGION\Documents\jupyter_notebook\Fashion-Intelligence-System\A2_FashionDataset\FashionDataset\test\images_test\59445.jpg
59446,,,,,c:\Users\LEGION\Documents\jupyter_notebook\Fashion-Intelligence-System\A2_FashionDataset\FashionDataset\test\images_test\59446.jpg
59448,,,,,c:\Users\LEGION\Documents\jupyter_notebook\Fashion-Intelligence-System\A2_FashionDataset\FashionDataset\test\images_test\59448.jpg
59451,,,,,c:\Users\LEGION\Documents\jupyter_notebook\Fashion-Intelligence-System\A2_FashionDataset\FashionDataset\test\images_test\59451.jpg
59452,,,,,c:\Users\LEGION\Documents\jupyter_notebook\Fashion-Intelligence-System\A2_FashionDataset\FashionDataset\test\images_test\59452.jpg
59453,,,,,c:\Users\LEGION\Documents\jupyter_notebook\Fashion-Intelligence-System\A2_FashionDataset\FashionDataset\test\images_test\59453.jpg
59454,,,,,c:\Users\LEGION\Documents\jupyter_notebook\Fashion-Intelligence-System\A2_FashionDataset\FashionDataset\test\images_test\59454.jpg
59455,,,,,c:\Users\LEGION\Documents\jupyter_notebook\Fashion-Intelligence-System\A2_FashionDataset\FashionDataset\test\images_test\59455.jpg
59456,,,,,c:\Users\LEGION\Documents\jupyter_notebook\Fashion-Intelligence-System\A2_FashionDataset\FashionDataset\test\images_test\59456.jpg
59457,,,,,c:\Users\LEGION\Documents\jupyter_notebook\Fashion-Intelligence-System\A2_FashionDataset\FashionDataset\test\images_test\59457.jpg
59458,,,,,c:\Users\LEGION\Documents\jupyter_notebook\Fashion-Intelligence-System\A2_FashionDataset\FashionDataset\test\images_test\59458.jpg
59459,,,,,c:\Users\LEGION\Documents\jupyter_notebook\Fashion-Intelligence-System\A2_FashionDataset\FashionDataset\test\images_test\59459.jpg
59460,,,,,c:\Users\LEGION\Documents\jupyter_notebook\Fashion-Intelligence-System\A2_FashionDataset\FashionDataset\test\images_test\59460.jpg
59461,,,,,c:\Users\LEGION\Documents\jupyter_notebook\Fashion-Intelligence-System\A2_FashionDataset\FashionDataset\test\images_test\59461.jpg
59462,,,,,c:\Users\LEGION\Documents\jupyter_notebook\Fashion-Intelligence-System\A2_FashionDataset\FashionDataset\test\images_test\59462.jpg
59463,,,,,c:\Users\LEGION\Documents\jupyter_notebook\Fashion-Intelligence-System\A2_FashionDataset\FashionDataset\test\images_test\59463.jpg
59464,,,,,c:\Users\LEGION\Documents\jupyter_notebook\Fashion-Intelligence-System\A2_FashionDataset\FashionDataset\test\images_test\59464.jpg
59465,,,,,c:\Users\LEGION\Documents\jupyter_notebook\Fashion-Intelligence-System\A2_FashionDataset\FashionDataset\test\images_test\59465.jpg
59466,,,,,c:\Users\LEGION\Documents\jupyter_notebook\Fashion-Intelligence-System\A2_FashionDataset\FashionDataset\test\images_test\59466.jpg
59467,,,,,c:\Users\LEGION\Documents\jupyter_notebook\Fashion-Intelligence-System\A2_FashionDataset\FashionDataset\test\images_test\59467.jpg
59468,,,,,c:\Users\LEGION\Documents\jupyter_notebook\Fashion-Intelligence-System\A2_FashionDataset\FashionDataset\test\images_test\59468.jpg
59469,,,,,c:\Users\LEGION\Documents\jupyter_notebook\Fashion-Intelligence-System\A2_FashionDataset\FashionDataset\test\images_test\59469.jpg
59470,,,,,c:\Users\LEGION\Documents\jupyter_notebook\Fashion-Intelligence-System\A2_FashionDataset\FashionDataset\test\images_test\59470.jpg
59471,,,,,c:\Users\LEGION\Documents\jupyter_notebook\Fashion-Intelligence-System\A2_FashionDataset\FashionDataset\test\images_test\59471.jpg
59474,,,,,c:\Users\LEGION\Documents\jupyter_notebook\Fashion-Intelligence-System\A2_FashionDataset\FashionDataset\test\images_test\59474.jpg
59481,,,,,c:\Users\LEGION\Documents\jupyter_notebook\Fashion-Intelligence-System\A2_FashionDataset\FashionDataset\test\images_test\59481.jpg
59484,,,,,c:\Users\LEGION\Documents\jupyter_notebook\Fashion-Intelligence-System\A2_FashionDataset\FashionDataset\test\images_test\59484.jpg
59498,,,,,c:\Users\LEGION\Documents\jupyter_notebook\Fashion-Intelligence-System\A2_FashionDataset\FashionDataset\test\images_test\59498.jpg
59499,,,,,c:\Users\LEGION\Documents\jupyter_notebook\Fashion-Intelligence-System\A2_FashionDataset\FashionDataset\test\images_test\59499.jpg
59501,,,,,c:\Users\LEGION\Documents\jupyter_notebook\Fashion-Intelligence-System\A2_FashionDataset\FashionDataset\test\images_test\59501.jpg
59502,,,,,c:\Users\LEGION\Documents\jupyter_notebook\Fashion-Intelligence-System\A2_FashionDataset\FashionDataset\test\images_test\59502.jpg
59503,,,,,c:\Users\LEGION\Documents\jupyter_notebook\Fashion-Intelligence-System\A2_FashionDataset\FashionDataset\test\images_test\59503.jpg
59504,,,,,c:\Users\LEGION\Documents\jupyter_notebook\Fashion-Intelligence-System\A2_FashionDataset\FashionDataset\test\images_test\59504.jpg
59505,,,,,c:\Users\LEGION\Documents\jupyter_notebook\Fashion-Intelligence-System\A2_FashionDataset\FashionDataset\test\images_test\59505.jpg
59507,,,,,c:\Users\LEGION\Documents\jupyter_notebook\Fashion-Intelligence-System\A2_FashionDataset\FashionDataset\test\images_test\59507.jpg
59508,,,,,c:\Users\LEGION\Documents\jupyter_notebook\Fashion-Intelligence-System\A2_FashionDataset\FashionDataset\test\images_test\59508.jpg
59509,,,,,c:\Users\LEGION\Documents\jupyter_notebook\Fashion-Intelligence-System\A2_FashionDataset\FashionDataset\test\images_test\59509.jpg
59510,,,,,c:\Users\LEGION\Documents\jupyter_notebook\Fashion-Intelligence-System\A2_FashionDataset\FashionDataset\test\images_test\59510.jpg
59511,,,,,c:\Users\LEGION\Documents\jupyter_notebook\Fashion-Intelligence-System\A2_FashionDataset\FashionDataset\test\images_test\59511.jpg
59512,,,,,c:\Users\LEGION\Documents\jupyter_notebook\Fashion-Intelligence-System\A2_FashionDataset\FashionDataset\test\images_test\59512.jpg
59513,,,,,c:\Users\LEGION\Documents\jupyter_notebook\Fashion-Intelligence-System\A2_FashionDataset\FashionDataset\test\images_test\59513.jpg
59514,,,,,c:\Users\LEGION\Documents\jupyter_notebook\Fashion-Intelligence-System\A2_FashionDataset\FashionDataset\test\images_test\59514.jpg
59515,,,,,c:\Users\LEGION\Documents\jupyter_notebook\Fashion-Intelligence-System\A2_FashionDataset\FashionDataset\test\images_test\59515.jpg
59516,,,,,c:\Users\LEGION\Documents\jupyter_notebook\Fashion-Intelligence-System\A2_FashionDataset\FashionDataset\test\images_test\59516.jpg
59518,,,,,c:\Users\LEGION\Documents\jupyter_notebook\Fashion-Intelligence-System\A2_FashionDataset\FashionDataset\test\images_test\59518.jpg
59519,,,,,c:\Users\LEGION\Documents\jupyter_notebook\Fashion-Intelligence-System\A2_FashionDataset\FashionDataset\test\images_test\59519.jpg
59520,,,,,c:\Users\LEGION\Documents\jupyter_notebook\Fashion-Intelligence-System\A2_FashionDataset\FashionDataset\test\images_test\59520.jpg
59521,,,,,c:\Users\LEGION\Documents\jupyter_notebook\Fashion-Intelligence-System\A2_FashionDataset\FashionDataset\test\images_test\59521.jpg
59522,,,,,c:\Users\LEGION\Documents\jupyter_notebook\Fashion-Intelligence-System\A2_FashionDataset\FashionDataset\test\images_test\59522.jpg
59523,,,,,c:\Users\LEGION\Documents\jupyter_notebook\Fashion-Intelligence-System\A2_FashionDataset\FashionDataset\test\images_test\59523.jpg
59524,,,,,c:\Users\LEGION\Documents\jupyter_notebook\Fashion-Intelligence-System\A2_FashionDataset\FashionDataset\test\images_test\59524.jpg
59525,,,,,c:\Users\LEGION\Documents\jupyter_notebook\Fashion-Intelligence-System\A2_FashionDataset\FashionDataset\test\images_test\59525.jpg
59526,,,,,c:\Users\LEGION\Documents\jupyter_notebook\Fashion-Intelligence-System\A2_FashionDataset\FashionDataset\test\images_test\59526.jpg
59527,,,,,c:\Users\LEGION\Documents\jupyter_notebook\Fashion-Intelligence-System\A2_FashionDataset\FashionDataset\test\images_test\59527.jpg
59528,,,,,c:\Users\LEGION\Documents\jupyter_notebook\Fashion-Intelligence-System\A2_FashionDataset\FashionDataset\test\images_test\59528.jpg
59529,,,,,c:\Users\LEGION\Documents\jupyter_notebook\Fashion-Intelligence-System\A2_FashionDataset\FashionDataset\test\images_test\59529.jpg
59530,,,,,c:\Users\LEGION\Documents\jupyter_notebook\Fashion-Intelligence-System\A2_FashionDataset\FashionDataset\test\images_test\59530.jpg
59531,,,,,c:\Users\LEGION\Documents\jupyter_notebook\Fashion-Intelligence-System\A2_FashionDataset\FashionDataset\test\images_test\59531.jpg
59532,,,,,c:\Users\LEGION\Documents\jupyter_notebook\Fashion-Intelligence-System\A2_FashionDataset\FashionDataset\test\images_test\59532.jpg
59533,,,,,c:\Users\LEGION\Documents\jupyter_notebook\Fashion-Intelligence-System\A2_FashionDataset\FashionDataset\test\images_test\59533.jpg
59534,,,,,c:\Users\LEGION\Documents\jupyter_notebook\Fashion-Intelligence-System\A2_FashionDataset\FashionDataset\test\images_test\59534.jpg
59535,,,,,c:\Users\LEGION\Documents\jupyter_notebook\Fashion-Intelligence-System\A2_FashionDataset\FashionDataset\test\images_test\59535.jpg
59537,,,,,c:\Users\LEGION\Documents\jupyter_notebook\Fashion-Intelligence-System\A2_FashionDataset\FashionDataset\test\images_test\59537.jpg
59541,,,,,c:\Users\LEGION\Documents\jupyter_notebook\Fashion-Intelligence-System\A2_FashionDataset\FashionDataset\test\images_test\59541.jpg
59543,,,,,c:\Users\LEGION\Documents\jupyter_notebook\Fashion-Intelligence-System\A2_FashionDataset\FashionDataset\test\images_test\59543.jpg
59544,,,,,c:\Users\LEGION\Documents\jupyter_notebook\Fashion-Intelligence-System\A2_FashionDataset\FashionDataset\test\images_test\59544.jpg
59545,,,,,c:\Users\LEGION\Documents\jupyter_notebook\Fashion-Intelligence-System\A2_FashionDataset\FashionDataset\test\images_test\59545.jpg
59546,,,,,c:\Users\LEGION\Documents\jupyter_notebook\Fashion-Intelligence-System\A2_FashionDataset\FashionDataset\test\images_test\59546.jpg
59547,,,,,c:\Users\LEGION\Documents\jupyter_notebook\Fashion-Intelligence-System\A2_FashionDataset\FashionDataset\test\images_test\59547.jpg
59550,,,,,c:\Users\LEGION\Documents\jupyter_notebook\Fashion-Intelligence-System\A2_FashionDataset\FashionDataset\test\images_test\59550.jpg
59551,,,,,c:\Users\LEGION\Documents\jupyter_notebook\Fashion-Intelligence-System\A2_FashionDataset\FashionDataset\test\images_test\59551.jpg
59552,,,,,c:\Users\LEGION\Documents\jupyter_notebook\Fashion-Intelligence-System\A2_FashionDataset\FashionDataset\test\images_test\59552.jpg
59553,,,,,c:\Users\LEGION\Documents\jupyter_notebook\Fashion-Intelligence-System\A2_FashionDataset\FashionDataset\test\images_test\59553.jpg
59554,,,,,c:\Users\LEGION\Documents\jupyter_notebook\Fashion-Intelligence-System\A2_FashionDataset\FashionDataset\test\images_test\59554.jpg
59555,,,,,c:\Users\LEGION\Documents\jupyter_notebook\Fashion-Intelligence-System\A2_FashionDataset\FashionDataset\test\images_test\59555.jpg
59556,,,,,c:\Users\LEGION\Documents\jupyter_notebook\Fashion-Intelligence-System\A2_FashionDataset\FashionDataset\test\images_test\59556.jpg
59557,,,,,c:\Users\LEGION\Documents\jupyter_notebook\Fashion-Intelligence-System\A2_FashionDataset\FashionDataset\test\images_test\59557.jpg
59558,,,,,c:\Users\LEGION\Documents\jupyter_notebook\Fashion-Intelligence-System\A2_FashionDataset\FashionDataset\test\images_test\59558.jpg
59559,,,,,c:\Users\LEGION\Documents\jupyter_notebook\Fashion-Intelligence-System\A2_FashionDataset\FashionDataset\test\images_test\59559.jpg
59560,,,,,c:\Users\LEGION\Documents\jupyter_notebook\Fashion-Intelligence-System\A2_FashionDataset\FashionDataset\test\images_test\59560.jpg
59561,,,,,c:\Users\LEGION\Documents\jupyter_notebook\Fashion-Intelligence-System\A2_FashionDataset\FashionDataset\test\images_test\59561.jpg
59563,,,,,c:\Users\LEGION\Documents\jupyter_notebook\Fashion-Intelligence-System\A2_FashionDataset\FashionDataset\test\images_test\59563.jpg
59564,,,,,c:\Users\LEGION\Documents\jupyter_notebook\Fashion-Intelligence-System\A2_FashionDataset\FashionDataset\test\images_test\59564.jpg
59565,,,,,c:\Users\LEGION\Documents\jupyter_notebook\Fashion-Intelligence-System\A2_FashionDataset\FashionDataset\test\images_test\59565.jpg
59566,,,,,c:\Users\LEGION\Documents\jupyter_notebook\Fashion-Intelligence-System\A2_FashionDataset\FashionDataset\test\images_test\59566.jpg
59567,,,,,c:\Users\LEGION\Documents\jupyter_notebook\Fashion-Intelligence-System\A2_FashionDataset\FashionDataset\test\images_test\59567.jpg
59568,,,,,c:\Users\LEGION\Documents\jupyter_notebook\Fashion-Intelligence-System\A2_FashionDataset\FashionDataset\test\images_test\59568.jpg
59569,,,,,c:\Users\LEGION\Documents\jupyter_notebook\Fashion-Intelligence-System\A2_FashionDataset\FashionDataset\test\images_test\59569.jpg
59570,,,,,c:\Users\LEGION\Documents\jupyter_notebook\Fashion-Intelligence-System\A2_FashionDataset\FashionDataset\test\images_test\59570.jpg
59571,,,,,c:\Users\LEGION\Documents\jupyter_notebook\Fashion-Intelligence-System\A2_FashionDataset\FashionDataset\test\images_test\59571.jpg
59572,,,,,c:\Users\LEGION\Documents\jupyter_notebook\Fashion-Intelligence-System\A2_FashionDataset\FashionDataset\test\images_test\59572.jpg
59573,,,,,c:\Users\LEGION\Documents\jupyter_notebook\Fashion-Intelligence-System\A2_FashionDataset\FashionDataset\test\images_test\59573.jpg
59574,,,,,c:\Users\LEGION\Documents\jupyter_notebook\Fashion-Intelligence-System\A2_FashionDataset\FashionDataset\test\images_test\59574.jpg
59575,,,,,c:\Users\LEGION\Documents\jupyter_notebook\Fashion-Intelligence-System\A2_FashionDataset\FashionDataset\test\images_test\59575.jpg
59576,,,,,c:\Users\LEGION\Documents\jupyter_notebook\Fashion-Intelligence-System\A2_FashionDataset\FashionDataset\test\images_test\59576.jpg
59577,,,,,c:\Users\LEGION\Documents\jupyter_notebook\Fashion-Intelligence-System\A2_FashionDataset\FashionDataset\test\images_test\59577.jpg
59578,,,,,c:\Users\LEGION\Documents\jupyter_notebook\Fashion-Intelligence-System\A2_FashionDataset\FashionDataset\test\images_test\59578.jpg
59579,,,,,c:\Users\LEGION\Documents\jupyter_notebook\Fashion-Intelligence-System\A2_FashionDataset\FashionDataset\test\images_test\59579.jpg
59580,,,,,c:\Users\LEGION\Documents\jupyter_notebook\Fashion-Intelligence-System\A2_FashionDataset\FashionDataset\test\images_test\59580.jpg
59581,,,,,c:\Users\LEGION\Documents\jupyter_notebook\Fashion-Intelligence-System\A2_FashionDataset\FashionDataset\test\images_test\59581.jpg
59582,,,,,c:\Users\LEGION\Documents\jupyter_notebook\Fashion-Intelligence-System\A2_FashionDataset\FashionDataset\test\images_test\59582.jpg
59583,,,,,c:\Users\LEGION\Documents\jupyter_notebook\Fashion-Intelligence-System\A2_FashionDataset\FashionDataset\test\images_test\59583.jpg
59584,,,,,c:\Users\LEGION\Documents\jupyter_notebook\Fashion-Intelligence-System\A2_FashionDataset\FashionDataset\test\images_test\59584.jpg
59585,,,,,c:\Users\LEGION\Documents\jupyter_notebook\Fashion-Intelligence-System\A2_FashionDataset\FashionDataset\test\images_test\59585.jpg
59586,,,,,c:\Users\LEGION\Documents\jupyter_notebook\Fashion-Intelligence-System\A2_FashionDataset\FashionDataset\test\images_test\59586.jpg
59587,,,,,c:\Users\LEGION\Documents\jupyter_notebook\Fashion-Intelligence-System\A2_FashionDataset\FashionDataset\test\images_test\59587.jpg
59589,,,,,c:\Users\LEGION\Documents\jupyter_notebook\Fashion-Intelligence-System\A2_FashionDataset\FashionDataset\test\images_test\59589.jpg
59590,,,,,c:\Users\LEGION\Documents\jupyter_notebook\Fashion-Intelligence-System\A2_FashionDataset\FashionDataset\test\images_test\59590.jpg
59591,,,,,c:\Users\LEGION\Documents\jupyter_notebook\Fashion-Intelligence-System\A2_FashionDataset\FashionDataset\test\images_test\59591.jpg
59592,,,,,c:\Users\LEGION\Documents\jupyter_notebook\Fashion-Intelligence-System\A2_FashionDataset\FashionDataset\test\images_test\59592.jpg
59593,,,,,c:\Users\LEGION\Documents\jupyter_notebook\Fashion-Intelligence-System\A2_FashionDataset\FashionDataset\test\images_test\59593.jpg
59594,,,,,c:\Users\LEGION\Documents\jupyter_notebook\Fashion-Intelligence-System\A2_FashionDataset\FashionDataset\test\images_test\59594.jpg
59595,,,,,c:\Users\LEGION\Documents\jupyter_notebook\Fashion-Intelligence-System\A2_FashionDataset\FashionDataset\test\images_test\59595.jpg
59596,,,,,c:\Users\LEGION\Documents\jupyter_notebook\Fashion-Intelligence-System\A2_FashionDataset\FashionDataset\test\images_test\59596.jpg
59597,,,,,c:\Users\LEGION\Documents\jupyter_notebook\Fashion-Intelligence-System\A2_FashionDataset\FashionDataset\test\images_test\59597.jpg
59598,,,,,c:\Users\LEGION\Documents\jupyter_notebook\Fashion-Intelligence-System\A2_FashionDataset\FashionDataset\test\images_test\59598.jpg
59599,,,,,c:\Users\LEGION\Documents\jupyter_notebook\Fashion-Intelligence-System\A2_FashionDataset\FashionDataset\test\images_test\59599.jpg
59600,,,,,c:\Users\LEGION\Documents\jupyter_notebook\Fashion-Intelligence-System\A2_FashionDataset\FashionDataset\test\images_test\59600.jpg
59601,,,,,c:\Users\LEGION\Documents\jupyter_notebook\Fashion-Intelligence-System\A2_FashionDataset\FashionDataset\test\images_test\59601.jpg
59603,,,,,c:\Users\LEGION\Documents\jupyter_notebook\Fashion-Intelligence-System\A2_FashionDataset\FashionDataset\test\images_test\59603.jpg
59604,,,,,c:\Users\LEGION\Documents\jupyter_notebook\Fashion-Intelligence-System\A2_FashionDataset\FashionDataset\test\images_test\59604.jpg
59606,,,,,c:\Users\LEGION\Documents\jupyter_notebook\Fashion-Intelligence-System\A2_FashionDataset\FashionDataset\test\images_test\59606.jpg
59607,,,,,c:\Users\LEGION\Documents\jupyter_notebook\Fashion-Intelligence-System\A2_FashionDataset\FashionDataset\test\images_test\59607.jpg
59608,,,,,c:\Users\LEGION\Documents\jupyter_notebook\Fashion-Intelligence-System\A2_FashionDataset\FashionDataset\test\images_test\59608.jpg
59609,,,,,c:\Users\LEGION\Documents\jupyter_notebook\Fashion-Intelligence-System\A2_FashionDataset\FashionDataset\test\images_test\59609.jpg
59610,,,,,c:\Users\LEGION\Documents\jupyter_notebook\Fashion-Intelligence-System\A2_FashionDataset\FashionDataset\test\images_test\59610.jpg
59611,,,,,c:\Users\LEGION\Documents\jupyter_notebook\Fashion-Intelligence-System\A2_FashionDataset\FashionDataset\test\images_test\59611.jpg
59612,,,,,c:\Users\LEGION\Documents\jupyter_notebook\Fashion-Intelligence-System\A2_FashionDataset\FashionDataset\test\images_test\59612.jpg
59613,,,,,c:\Users\LEGION\Documents\jupyter_notebook\Fashion-Intelligence-System\A2_FashionDataset\FashionDataset\test\images_test\59613.jpg
59614,,,,,c:\Users\LEGION\Documents\jupyter_notebook\Fashion-Intelligence-System\A2_FashionDataset\FashionDataset\test\images_test\59614.jpg
59615,,,,,c:\Users\LEGION\Documents\jupyter_notebook\Fashion-Intelligence-System\A2_FashionDataset\FashionDataset\test\images_test\59615.jpg
59616,,,,,c:\Users\LEGION\Documents\jupyter_notebook\Fashion-Intelligence-System\A2_FashionDataset\FashionDataset\test\images_test\59616.jpg
59618,,,,,c:\Users\LEGION\Documents\jupyter_notebook\Fashion-Intelligence-System\A2_FashionDataset\FashionDataset\test\images_test\59618.jpg
59619,,,,,c:\Users\LEGION\Documents\jupyter_notebook\Fashion-Intelligence-System\A2_FashionDataset\FashionDataset\test\images_test\59619.jpg
59620,,,,,c:\Users\LEGION\Documents\jupyter_notebook\Fashion-Intelligence-System\A2_FashionDataset\FashionDataset\test\images_test\59620.jpg
59621,,,,,c:\Users\LEGION\Documents\jupyter_notebook\Fashion-Intelligence-System\A2_FashionDataset\FashionDataset\test\images_test\59621.jpg
59622,,,,,c:\Users\LEGION\Documents\jupyter_notebook\Fashion-Intelligence-System\A2_FashionDataset\FashionDataset\test\images_test\59622.jpg
59623,,,,,c:\Users\LEGION\Documents\jupyter_notebook\Fashion-Intelligence-System\A2_FashionDataset\FashionDataset\test\images_test\59623.jpg
59624,,,,,c:\Users\LEGION\Documents\jupyter_notebook\Fashion-Intelligence-System\A2_FashionDataset\FashionDataset\test\images_test\59624.jpg
59625,,,,,c:\Users\LEGION\Documents\jupyter_notebook\Fashion-Intelligence-System\A2_FashionDataset\FashionDataset\test\images_test\59625.jpg
59626,,,,,c:\Users\LEGION\Documents\jupyter_notebook\Fashion-Intelligence-System\A2_FashionDataset\FashionDataset\test\images_test\59626.jpg
59628,,,,,c:\Users\LEGION\Documents\jupyter_notebook\Fashion-Intelligence-System\A2_FashionDataset\FashionDataset\test\images_test\59628.jpg
59630,,,,,c:\Users\LEGION\Documents\jupyter_notebook\Fashion-Intelligence-System\A2_FashionDataset\FashionDataset\test\images_test\59630.jpg
59631,,,,,c:\Users\LEGION\Documents\jupyter_notebook\Fashion-Intelligence-System\A2_FashionDataset\FashionDataset\test\images_test\59631.jpg
59632,,,,,c:\Users\LEGION\Documents\jupyter_notebook\Fashion-Intelligence-System\A2_FashionDataset\FashionDataset\test\images_test\59632.jpg
59633,,,,,c:\Users\LEGION\Documents\jupyter_notebook\Fashion-Intelligence-System\A2_FashionDataset\FashionDataset\test\images_test\59633.jpg
59634,,,,,c:\Users\LEGION\Documents\jupyter_notebook\Fashion-Intelligence-System\A2_FashionDataset\FashionDataset\test\images_test\59634.jpg
59635,,,,,c:\Users\LEGION\Documents\jupyter_notebook\Fashion-Intelligence-System\A2_FashionDataset\FashionDataset\test\images_test\59635.jpg
59636,,,,,c:\Users\LEGION\Documents\jupyter_notebook\Fashion-Intelligence-System\A2_FashionDataset\FashionDataset\test\images_test\59636.jpg
59637,,,,,c:\Users\LEGION\Documents\jupyter_notebook\Fashion-Intelligence-System\A2_FashionDataset\FashionDataset\test\images_test\59637.jpg
59638,,,,,c:\Users\LEGION\Documents\jupyter_notebook\Fashion-Intelligence-System\A2_FashionDataset\FashionDataset\test\images_test\59638.jpg
59639,,,,,c:\Users\LEGION\Documents\jupyter_notebook\Fashion-Intelligence-System\A2_FashionDataset\FashionDataset\test\images_test\59639.jpg
59640,,,,,c:\Users\LEGION\Documents\jupyter_notebook\Fashion-Intelligence-System\A2_FashionDataset\FashionDataset\test\images_test\59640.jpg
59641,,,,,c:\Users\LEGION\Documents\jupyter_notebook\Fashion-Intelligence-System\A2_FashionDataset\FashionDataset\test\images_test\59641.jpg
59642,,,,,c:\Users\LEGION\Documents\jupyter_notebook\Fashion-Intelligence-System\A2_FashionDataset\FashionDataset\test\images_test\59642.jpg
59643,,,,,c:\Users\LEGION\Documents\jupyter_notebook\Fashion-Intelligence-System\A2_FashionDataset\FashionDataset\test\images_test\59643.jpg
59644,,,,,c:\Users\LEGION\Documents\jupyter_notebook\Fashion-Intelligence-System\A2_FashionDataset\FashionDataset\test\images_test\59644.jpg
59645,,,,,c:\Users\LEGION\Documents\jupyter_notebook\Fashion-Intelligence-System\A2_FashionDataset\FashionDataset\test\images_test\59645.jpg
59646,,,,,c:\Users\LEGION\Documents\jupyter_notebook\Fashion-Intelligence-System\A2_FashionDataset\FashionDataset\test\images_test\59646.jpg
59647,,,,,c:\Users\LEGION\Documents\jupyter_notebook\Fashion-Intelligence-System\A2_FashionDataset\FashionDataset\test\images_test\59647.jpg
59648,,,,,c:\Users\LEGION\Documents\jupyter_notebook\Fashion-Intelligence-System\A2_FashionDataset\FashionDataset\test\images_test\59648.jpg
59649,,,,,c:\Users\LEGION\Documents\jupyter_notebook\Fashion-Intelligence-System\A2_FashionDataset\FashionDataset\test\images_test\59649.jpg
59650,,,,,c:\Users\LEGION\Documents\jupyter_notebook\Fashion-Intelligence-System\A2_FashionDataset\FashionDataset\test\images_test\59650.jpg
59651,,,,,c:\Users\LEGION\Documents\jupyter_notebook\Fashion-Intelligence-System\A2_FashionDataset\FashionDataset\test\images_test\59651.jpg
59652,,,,,c:\Users\LEGION\Documents\jupyter_notebook\Fashion-Intelligence-System\A2_FashionDataset\FashionDataset\test\images_test\59652.jpg
59653,,,,,c:\Users\LEGION\Documents\jupyter_notebook\Fashion-Intelligence-System\A2_FashionDataset\FashionDataset\test\images_test\59653.jpg
59654,,,,,c:\Users\LEGION\Documents\jupyter_notebook\Fashion-Intelligence-System\A2_FashionDataset\FashionDataset\test\images_test\59654.jpg
59655,,,,,c:\Users\LEGION\Documents\jupyter_notebook\Fashion-Intelligence-System\A2_FashionDataset\FashionDataset\test\images_test\59655.jpg
59656,,,,,c:\Users\LEGION\Documents\jupyter_notebook\Fashion-Intelligence-System\A2_FashionDataset\FashionDataset\test\images_test\59656.jpg
59657,,,,,c:\Users\LEGION\Documents\jupyter_notebook\Fashion-Intelligence-System\A2_FashionDataset\FashionDataset\test\images_test\59657.jpg
59658,,,,,c:\Users\LEGION\Documents\jupyter_notebook\Fashion-Intelligence-System\A2_FashionDataset\FashionDataset\test\images_test\59658.jpg
59659,,,,,c:\Users\LEGION\Documents\jupyter_notebook\Fashion-Intelligence-System\A2_FashionDataset\FashionDataset\test\images_test\59659.jpg
59660,,,,,c:\Users\LEGION\Documents\jupyter_notebook\Fashion-Intelligence-System\A2_FashionDataset\FashionDataset\test\images_test\59660.jpg
59661,,,,,c:\Users\LEGION\Documents\jupyter_notebook\Fashion-Intelligence-System\A2_FashionDataset\FashionDataset\test\images_test\59661.jpg
59662,,,,,c:\Users\LEGION\Documents\jupyter_notebook\Fashion-Intelligence-System\A2_FashionDataset\FashionDataset\test\images_test\59662.jpg
59663,,,,,c:\Users\LEGION\Documents\jupyter_notebook\Fashion-Intelligence-System\A2_FashionDataset\FashionDataset\test\images_test\59663.jpg
59664,,,,,c:\Users\LEGION\Documents\jupyter_notebook\Fashion-Intelligence-System\A2_FashionDataset\FashionDataset\test\images_test\59664.jpg
59665,,,,,c:\Users\LEGION\Documents\jupyter_notebook\Fashion-Intelligence-System\A2_FashionDataset\FashionDataset\test\images_test\59665.jpg
59666,,,,,c:\Users\LEGION\Documents\jupyter_notebook\Fashion-Intelligence-System\A2_FashionDataset\FashionDataset\test\images_test\59666.jpg
59667,,,,,c:\Users\LEGION\Documents\jupyter_notebook\Fashion-Intelligence-System\A2_FashionDataset\FashionDataset\test\images_test\59667.jpg
59668,,,,,c:\Users\LEGION\Documents\jupyter_notebook\Fashion-Intelligence-System\A2_FashionDataset\FashionDataset\test\images_test\59668.jpg
59669,,,,,c:\Users\LEGION\Documents\jupyter_notebook\Fashion-Intelligence-System\A2_FashionDataset\FashionDataset\test\images_test\59669.jpg
59670,,,,,c:\Users\LEGION\Documents\jupyter_notebook\Fashion-Intelligence-System\A2_FashionDataset\FashionDataset\test\images_test\59670.jpg
59672,,,,,c:\Users\LEGION\Documents\jupyter_notebook\Fashion-Intelligence-System\A2_FashionDataset\FashionDataset\test\images_test\59672.jpg
59673,,,,,c:\Users\LEGION\Documents\jupyter_notebook\Fashion-Intelligence-System\A2_FashionDataset\FashionDataset\test\images_test\59673.jpg
59674,,,,,c:\Users\LEGION\Documents\jupyter_notebook\Fashion-Intelligence-System\A2_FashionDataset\FashionDataset\test\images_test\59674.jpg
59675,,,,,c:\Users\LEGION\Documents\jupyter_notebook\Fashion-Intelligence-System\A2_FashionDataset\FashionDataset\test\images_test\59675.jpg
59676,,,,,c:\Users\LEGION\Documents\jupyter_notebook\Fashion-Intelligence-System\A2_FashionDataset\FashionDataset\test\images_test\59676.jpg
59677,,,,,c:\Users\LEGION\Documents\jupyter_notebook\Fashion-Intelligence-System\A2_FashionDataset\FashionDataset\test\images_test\59677.jpg
59678,,,,,c:\Users\LEGION\Documents\jupyter_notebook\Fashion-Intelligence-System\A2_FashionDataset\FashionDataset\test\images_test\59678.jpg
59679,,,,,c:\Users\LEGION\Documents\jupyter_notebook\Fashion-Intelligence-System\A2_FashionDataset\FashionDataset\test\images_test\59679.jpg
59680,,,,,c:\Users\LEGION\Documents\jupyter_notebook\Fashion-Intelligence-System\A2_FashionDataset\FashionDataset\test\images_test\59680.jpg
59681,,,,,c:\Users\LEGION\Documents\jupyter_notebook\Fashion-Intelligence-System\A2_FashionDataset\FashionDataset\test\images_test\59681.jpg
59682,,,,,c:\Users\LEGION\Documents\jupyter_notebook\Fashion-Intelligence-System\A2_FashionDataset\FashionDataset\test\images_test\59682.jpg
59683,,,,,c:\Users\LEGION\Documents\jupyter_notebook\Fashion-Intelligence-System\A2_FashionDataset\FashionDataset\test\images_test\59683.jpg
59684,,,,,c:\Users\LEGION\Documents\jupyter_notebook\Fashion-Intelligence-System\A2_FashionDataset\FashionDataset\test\images_test\59684.jpg
59685,,,,,c:\Users\LEGION\Documents\jupyter_notebook\Fashion-Intelligence-System\A2_FashionDataset\FashionDataset\test\images_test\59685.jpg
59686,,,,,c:\Users\LEGION\Documents\jupyter_notebook\Fashion-Intelligence-System\A2_FashionDataset\FashionDataset\test\images_test\59686.jpg
59687,,,,,c:\Users\LEGION\Documents\jupyter_notebook\Fashion-Intelligence-System\A2_FashionDataset\FashionDataset\test\images_test\59687.jpg
59688,,,,,c:\Users\LEGION\Documents\jupyter_notebook\Fashion-Intelligence-System\A2_FashionDataset\FashionDataset\test\images_test\59688.jpg
59689,,,,,c:\Users\LEGION\Documents\jupyter_notebook\Fashion-Intelligence-System\A2_FashionDataset\FashionDataset\test\images_test\59689.jpg
59690,,,,,c:\Users\LEGION\Documents\jupyter_notebook\Fashion-Intelligence-System\A2_FashionDataset\FashionDataset\test\images_test\59690.jpg
59691,,,,,c:\Users\LEGION\Documents\jupyter_notebook\Fashion-Intelligence-System\A2_FashionDataset\FashionDataset\test\images_test\59691.jpg
59692,,,,,c:\Users\LEGION\Documents\jupyter_notebook\Fashion-Intelligence-System\A2_FashionDataset\FashionDataset\test\images_test\59692.jpg
59693,,,,,c:\Users\LEGION\Documents\jupyter_notebook\Fashion-Intelligence-System\A2_FashionDataset\FashionDataset\test\images_test\59693.jpg
59694,,,,,c:\Users\LEGION\Documents\jupyter_notebook\Fashion-Intelligence-System\A2_FashionDataset\FashionDataset\test\images_test\59694.jpg
59695,,,,,c:\Users\LEGION\Documents\jupyter_notebook\Fashion-Intelligence-System\A2_FashionDataset\FashionDataset\test\images_test\59695.jpg
59696,,,,,c:\Users\LEGION\Documents\jupyter_notebook\Fashion-Intelligence-System\A2_FashionDataset\FashionDataset\test\images_test\59696.jpg
59697,,,,,c:\Users\LEGION\Documents\jupyter_notebook\Fashion-Intelligence-System\A2_FashionDataset\FashionDataset\test\images_test\59697.jpg
59698,,,,,c:\Users\LEGION\Documents\jupyter_notebook\Fashion-Intelligence-System\A2_FashionDataset\FashionDataset\test\images_test\59698.jpg
59699,,,,,c:\Users\LEGION\Documents\jupyter_notebook\Fashion-Intelligence-System\A2_FashionDataset\FashionDataset\test\images_test\59699.jpg
59700,,,,,c:\Users\LEGION\Documents\jupyter_notebook\Fashion-Intelligence-System\A2_FashionDataset\FashionDataset\test\images_test\59700.jpg
59701,,,,,c:\Users\LEGION\Documents\jupyter_notebook\Fashion-Intelligence-System\A2_FashionDataset\FashionDataset\test\images_test\59701.jpg
59702,,,,,c:\Users\LEGION\Documents\jupyter_notebook\Fashion-Intelligence-System\A2_FashionDataset\FashionDataset\test\images_test\59702.jpg
59703,,,,,c:\Users\LEGION\Documents\jupyter_notebook\Fashion-Intelligence-System\A2_FashionDataset\FashionDataset\test\images_test\59703.jpg
59704,,,,,c:\Users\LEGION\Documents\jupyter_notebook\Fashion-Intelligence-System\A2_FashionDataset\FashionDataset\test\images_test\59704.jpg
59705,,,,,c:\Users\LEGION\Documents\jupyter_notebook\Fashion-Intelligence-System\A2_FashionDataset\FashionDataset\test\images_test\59705.jpg
59706,,,,,c:\Users\LEGION\Documents\jupyter_notebook\Fashion-Intelligence-System\A2_FashionDataset\FashionDataset\test\images_test\59706.jpg
59707,,,,,c:\Users\LEGION\Documents\jupyter_notebook\Fashion-Intelligence-System\A2_FashionDataset\FashionDataset\test\images_test\59707.jpg
59708,,,,,c:\Users\LEGION\Documents\jupyter_notebook\Fashion-Intelligence-System\A2_FashionDataset\FashionDataset\test\images_test\59708.jpg
59709,,,,,c:\Users\LEGION\Documents\jupyter_notebook\Fashion-Intelligence-System\A2_FashionDataset\FashionDataset\test\images_test\59709.jpg
59710,,,,,c:\Users\LEGION\Documents\jupyter_notebook\Fashion-Intelligence-System\A2_FashionDataset\FashionDataset\test\images_test\59710.jpg
59711,,,,,c:\Users\LEGION\Documents\jupyter_notebook\Fashion-Intelligence-System\A2_FashionDataset\FashionDataset\test\images_test\59711.jpg
59712,,,,,c:\Users\LEGION\Documents\jupyter_notebook\Fashion-Intelligence-System\A2_FashionDataset\FashionDataset\test\images_test\59712.jpg
59713,,,,,c:\Users\LEGION\Documents\jupyter_notebook\Fashion-Intelligence-System\A2_FashionDataset\FashionDataset\test\images_test\59713.jpg
59714,,,,,c:\Users\LEGION\Documents\jupyter_notebook\Fashion-Intelligence-System\A2_FashionDataset\FashionDataset\test\images_test\59714.jpg
59715,,,,,c:\Users\LEGION\Documents\jupyter_notebook\Fashion-Intelligence-System\A2_FashionDataset\FashionDataset\test\images_test\59715.jpg
59716,,,,,c:\Users\LEGION\Documents\jupyter_notebook\Fashion-Intelligence-System\A2_FashionDataset\FashionDataset\test\images_test\59716.jpg
59717,,,,,c:\Users\LEGION\Documents\jupyter_notebook\Fashion-Intelligence-System\A2_FashionDataset\FashionDataset\test\images_test\59717.jpg
59718,,,,,c:\Users\LEGION\Documents\jupyter_notebook\Fashion-Intelligence-System\A2_FashionDataset\FashionDataset\test\images_test\59718.jpg
59719,,,,,c:\Users\LEGION\Documents\jupyter_notebook\Fashion-Intelligence-System\A2_FashionDataset\FashionDataset\test\images_test\59719.jpg
59720,,,,,c:\Users\LEGION\Documents\jupyter_notebook\Fashion-Intelligence-System\A2_FashionDataset\FashionDataset\test\images_test\59720.jpg
59721,,,,,c:\Users\LEGION\Documents\jupyter_notebook\Fashion-Intelligence-System\A2_FashionDataset\FashionDataset\test\images_test\59721.jpg
59722,,,,,c:\Users\LEGION\Documents\jupyter_notebook\Fashion-Intelligence-System\A2_FashionDataset\FashionDataset\test\images_test\59722.jpg
59723,,,,,c:\Users\LEGION\Documents\jupyter_notebook\Fashion-Intelligence-System\A2_FashionDataset\FashionDataset\test\images_test\59723.jpg
59724,,,,,c:\Users\LEGION\Documents\jupyter_notebook\Fashion-Intelligence-System\A2_FashionDataset\FashionDataset\test\images_test\59724.jpg
59725,,,,,c:\Users\LEGION\Documents\jupyter_notebook\Fashion-Intelligence-System\A2_FashionDataset\FashionDataset\test\images_test\59725.jpg
59726,,,,,c:\Users\LEGION\Documents\jupyter_notebook\Fashion-Intelligence-System\A2_FashionDataset\FashionDataset\test\images_test\59726.jpg
59727,,,,,c:\Users\LEGION\Documents\jupyter_notebook\Fashion-Intelligence-System\A2_FashionDataset\FashionDataset\test\images_test\59727.jpg
59728,,,,,c:\Users\LEGION\Documents\jupyter_notebook\Fashion-Intelligence-System\A2_FashionDataset\FashionDataset\test\images_test\59728.jpg
59729,,,,,c:\Users\LEGION\Documents\jupyter_notebook\Fashion-Intelligence-System\A2_FashionDataset\FashionDataset\test\images_test\59729.jpg
59730,,,,,c:\Users\LEGION\Documents\jupyter_notebook\Fashion-Intelligence-System\A2_FashionDataset\FashionDataset\test\images_test\59730.jpg
59731,,,,,c:\Users\LEGION\Documents\jupyter_notebook\Fashion-Intelligence-System\A2_FashionDataset\FashionDataset\test\images_test\59731.jpg
59732,,,,,c:\Users\LEGION\Documents\jupyter_notebook\Fashion-Intelligence-System\A2_FashionDataset\FashionDataset\test\images_test\59732.jpg
59733,,,,,c:\Users\LEGION\Documents\jupyter_notebook\Fashion-Intelligence-System\A2_FashionDataset\FashionDataset\test\images_test\59733.jpg
59734,,,,,c:\Users\LEGION\Documents\jupyter_notebook\Fashion-Intelligence-System\A2_FashionDataset\FashionDataset\test\images_test\59734.jpg
59735,,,,,c:\Users\LEGION\Documents\jupyter_notebook\Fashion-Intelligence-System\A2_FashionDataset\FashionDataset\test\images_test\59735.jpg
59736,,,,,c:\Users\LEGION\Documents\jupyter_notebook\Fashion-Intelligence-System\A2_FashionDataset\FashionDataset\test\images_test\59736.jpg
59739,,,,,c:\Users\LEGION\Documents\jupyter_notebook\Fashion-Intelligence-System\A2_FashionDataset\FashionDataset\test\images_test\59739.jpg
59740,,,,,c:\Users\LEGION\Documents\jupyter_notebook\Fashion-Intelligence-System\A2_FashionDataset\FashionDataset\test\images_test\59740.jpg
59741,,,,,c:\Users\LEGION\Documents\jupyter_notebook\Fashion-Intelligence-System\A2_FashionDataset\FashionDataset\test\images_test\59741.jpg
59742,,,,,c:\Users\LEGION\Documents\jupyter_notebook\Fashion-Intelligence-System\A2_FashionDataset\FashionDataset\test\images_test\59742.jpg
59743,,,,,c:\Users\LEGION\Documents\jupyter_notebook\Fashion-Intelligence-System\A2_FashionDataset\FashionDataset\test\images_test\59743.jpg
59744,,,,,c:\Users\LEGION\Documents\jupyter_notebook\Fashion-Intelligence-System\A2_FashionDataset\FashionDataset\test\images_test\59744.jpg
59745,,,,,c:\Users\LEGION\Documents\jupyter_notebook\Fashion-Intelligence-System\A2_FashionDataset\FashionDataset\test\images_test\59745.jpg
59746,,,,,c:\Users\LEGION\Documents\jupyter_notebook\Fashion-Intelligence-System\A2_FashionDataset\FashionDataset\test\images_test\59746.jpg
59747,,,,,c:\Users\LEGION\Documents\jupyter_notebook\Fashion-Intelligence-System\A2_FashionDataset\FashionDataset\test\images_test\59747.jpg
59748,,,,,c:\Users\LEGION\Documents\jupyter_notebook\Fashion-Intelligence-System\A2_FashionDataset\FashionDataset\test\images_test\59748.jpg
59749,,,,,c:\Users\LEGION\Documents\jupyter_notebook\Fashion-Intelligence-System\A2_FashionDataset\FashionDataset\test\images_test\59749.jpg
59750,,,,,c:\Users\LEGION\Documents\jupyter_notebook\Fashion-Intelligence-System\A2_FashionDataset\FashionDataset\test\images_test\59750.jpg
59751,,,,,c:\Users\LEGION\Documents\jupyter_notebook\Fashion-Intelligence-System\A2_FashionDataset\FashionDataset\test\images_test\59751.jpg
59752,,,,,c:\Users\LEGION\Documents\jupyter_notebook\Fashion-Intelligence-System\A2_FashionDataset\FashionDataset\test\images_test\59752.jpg
59753,,,,,c:\Users\LEGION\Documents\jupyter_notebook\Fashion-Intelligence-System\A2_FashionDataset\FashionDataset\test\images_test\59753.jpg
59754,,,,,c:\Users\LEGION\Documents\jupyter_notebook\Fashion-Intelligence-System\A2_FashionDataset\FashionDataset\test\images_test\59754.jpg
59755,,,,,c:\Users\LEGION\Documents\jupyter_notebook\Fashion-Intelligence-System\A2_FashionDataset\FashionDataset\test\images_test\59755.jpg
59756,,,,,c:\Users\LEGION\Documents\jupyter_notebook\Fashion-Intelligence-System\A2_FashionDataset\FashionDataset\test\images_test\59756.jpg
59757,,,,,c:\Users\LEGION\Documents\jupyter_notebook\Fashion-Intelligence-System\A2_FashionDataset\FashionDataset\test\images_test\59757.jpg
59758,,,,,c:\Users\LEGION\Documents\jupyter_notebook\Fashion-Intelligence-System\A2_FashionDataset\FashionDataset\test\images_test\59758.jpg
59759,,,,,c:\Users\LEGION\Documents\jupyter_notebook\Fashion-Intelligence-System\A2_FashionDataset\FashionDataset\test\images_test\59759.jpg
59760,,,,,c:\Users\LEGION\Documents\jupyter_notebook\Fashion-Intelligence-System\A2_FashionDataset\FashionDataset\test\images_test\59760.jpg
59761,,,,,c:\Users\LEGION\Documents\jupyter_notebook\Fashion-Intelligence-System\A2_FashionDataset\FashionDataset\test\images_test\59761.jpg
59762,,,,,c:\Users\LEGION\Documents\jupyter_notebook\Fashion-Intelligence-System\A2_FashionDataset\FashionDataset\test\images_test\59762.jpg
59763,,,,,c:\Users\LEGION\Documents\jupyter_notebook\Fashion-Intelligence-System\A2_FashionDataset\FashionDataset\test\images_test\59763.jpg
59764,,,,,c:\Users\LEGION\Documents\jupyter_notebook\Fashion-Intelligence-System\A2_FashionDataset\FashionDataset\test\images_test\59764.jpg
59765,,,,,c:\Users\LEGION\Documents\jupyter_notebook\Fashion-Intelligence-System\A2_FashionDataset\FashionDataset\test\images_test\59765.jpg
59766,,,,,c:\Users\LEGION\Documents\jupyter_notebook\Fashion-Intelligence-System\A2_FashionDataset\FashionDataset\test\images_test\59766.jpg
59767,,,,,c:\Users\LEGION\Documents\jupyter_notebook\Fashion-Intelligence-System\A2_FashionDataset\FashionDataset\test\images_test\59767.jpg
59768,,,,,c:\Users\LEGION\Documents\jupyter_notebook\Fashion-Intelligence-System\A2_FashionDataset\FashionDataset\test\images_test\59768.jpg
59769,,,,,c:\Users\LEGION\Documents\jupyter_notebook\Fashion-Intelligence-System\A2_FashionDataset\FashionDataset\test\images_test\59769.jpg
59770,,,,,c:\Users\LEGION\Documents\jupyter_notebook\Fashion-Intelligence-System\A2_FashionDataset\FashionDataset\test\images_test\59770.jpg
59771,,,,,c:\Users\LEGION\Documents\jupyter_notebook\Fashion-Intelligence-System\A2_FashionDataset\FashionDataset\test\images_test\59771.jpg
59772,,,,,c:\Users\LEGION\Documents\jupyter_notebook\Fashion-Intelligence-System\A2_FashionDataset\FashionDataset\test\images_test\59772.jpg
59773,,,,,c:\Users\LEGION\Documents\jupyter_notebook\Fashion-Intelligence-System\A2_FashionDataset\FashionDataset\test\images_test\59773.jpg
59774,,,,,c:\Users\LEGION\Documents\jupyter_notebook\Fashion-Intelligence-System\A2_FashionDataset\FashionDataset\test\images_test\59774.jpg
59775,,,,,c:\Users\LEGION\Documents\jupyter_notebook\Fashion-Intelligence-System\A2_FashionDataset\FashionDataset\test\images_test\59775.jpg
59776,,,,,c:\Users\LEGION\Documents\jupyter_notebook\Fashion-Intelligence-System\A2_FashionDataset\FashionDataset\test\images_test\59776.jpg
59777,,,,,c:\Users\LEGION\Documents\jupyter_notebook\Fashion-Intelligence-System\A2_FashionDataset\FashionDataset\test\images_test\59777.jpg
59778,,,,,c:\Users\LEGION\Documents\jupyter_notebook\Fashion-Intelligence-System\A2_FashionDataset\FashionDataset\test\images_test\59778.jpg
59779,,,,,c:\Users\LEGION\Documents\jupyter_notebook\Fashion-Intelligence-System\A2_FashionDataset\FashionDataset\test\images_test\59779.jpg
59780,,,,,c:\Users\LEGION\Documents\jupyter_notebook\Fashion-Intelligence-System\A2_FashionDataset\FashionDataset\test\images_test\59780.jpg
59781,,,,,c:\Users\LEGION\Documents\jupyter_notebook\Fashion-Intelligence-System\A2_FashionDataset\FashionDataset\test\images_test\59781.jpg
59782,,,,,c:\Users\LEGION\Documents\jupyter_notebook\Fashion-Intelligence-System\A2_FashionDataset\FashionDataset\test\images_test\59782.jpg
59783,,,,,c:\Users\LEGION\Documents\jupyter_notebook\Fashion-Intelligence-System\A2_FashionDataset\FashionDataset\test\images_test\59783.jpg
59784,,,,,c:\Users\LEGION\Documents\jupyter_notebook\Fashion-Intelligence-System\A2_FashionDataset\FashionDataset\test\images_test\59784.jpg
59794,,,,,c:\Users\LEGION\Documents\jupyter_notebook\Fashion-Intelligence-System\A2_FashionDataset\FashionDataset\test\images_test\59794.jpg
59795,,,,,c:\Users\LEGION\Documents\jupyter_notebook\Fashion-Intelligence-System\A2_FashionDataset\FashionDataset\test\images_test\59795.jpg
59796,,,,,c:\Users\LEGION\Documents\jupyter_notebook\Fashion-Intelligence-System\A2_FashionDataset\FashionDataset\test\images_test\59796.jpg
59797,,,,,c:\Users\LEGION\Documents\jupyter_notebook\Fashion-Intelligence-System\A2_FashionDataset\FashionDataset\test\images_test\59797.jpg
59810,,,,,c:\Users\LEGION\Documents\jupyter_notebook\Fashion-Intelligence-System\A2_FashionDataset\FashionDataset\test\images_test\59810.jpg
59811,,,,,c:\Users\LEGION\Documents\jupyter_notebook\Fashion-Intelligence-System\A2_FashionDataset\FashionDataset\test\images_test\59811.jpg
59813,,,,,c:\Users\LEGION\Documents\jupyter_notebook\Fashion-Intelligence-System\A2_FashionDataset\FashionDataset\test\images_test\59813.jpg
59814,,,,,c:\Users\LEGION\Documents\jupyter_notebook\Fashion-Intelligence-System\A2_FashionDataset\FashionDataset\test\images_test\59814.jpg
59819,,,,,c:\Users\LEGION\Documents\jupyter_notebook\Fashion-Intelligence-System\A2_FashionDataset\FashionDataset\test\images_test\59819.jpg
59824,,,,,c:\Users\LEGION\Documents\jupyter_notebook\Fashion-Intelligence-System\A2_FashionDataset\FashionDataset\test\images_test\59824.jpg
59826,,,,,c:\Users\LEGION\Documents\jupyter_notebook\Fashion-Intelligence-System\A2_FashionDataset\FashionDataset\test\images_test\59826.jpg
59827,,,,,c:\Users\LEGION\Documents\jupyter_notebook\Fashion-Intelligence-System\A2_FashionDataset\FashionDataset\test\images_test\59827.jpg
59832,,,,,c:\Users\LEGION\Documents\jupyter_notebook\Fashion-Intelligence-System\A2_FashionDataset\FashionDataset\test\images_test\59832.jpg
59833,,,,,c:\Users\LEGION\Documents\jupyter_notebook\Fashion-Intelligence-System\A2_FashionDataset\FashionDataset\test\images_test\59833.jpg
59834,,,,,c:\Users\LEGION\Documents\jupyter_notebook\Fashion-Intelligence-System\A2_FashionDataset\FashionDataset\test\images_test\59834.jpg
59838,,,,,c:\Users\LEGION\Documents\jupyter_notebook\Fashion-Intelligence-System\A2_FashionDataset\FashionDataset\test\images_test\59838.jpg
59839,,,,,c:\Users\LEGION\Documents\jupyter_notebook\Fashion-Intelligence-System\A2_FashionDataset\FashionDataset\test\images_test\59839.jpg
59851,,,,,c:\Users\LEGION\Documents\jupyter_notebook\Fashion-Intelligence-System\A2_FashionDataset\FashionDataset\test\images_test\59851.jpg
59853,,,,,c:\Users\LEGION\Documents\jupyter_notebook\Fashion-Intelligence-System\A2_FashionDataset\FashionDataset\test\images_test\59853.jpg
59856,,,,,c:\Users\LEGION\Documents\jupyter_notebook\Fashion-Intelligence-System\A2_FashionDataset\FashionDataset\test\images_test\59856.jpg
59858,,,,,c:\Users\LEGION\Documents\jupyter_notebook\Fashion-Intelligence-System\A2_FashionDataset\FashionDataset\test\images_test\59858.jpg
59859,,,,,c:\Users\LEGION\Documents\jupyter_notebook\Fashion-Intelligence-System\A2_FashionDataset\FashionDataset\test\images_test\59859.jpg
59860,,,,,c:\Users\LEGION\Documents\jupyter_notebook\Fashion-Intelligence-System\A2_FashionDataset\FashionDataset\test\images_test\59860.jpg
59862,,,,,c:\Users\LEGION\Documents\jupyter_notebook\Fashion-Intelligence-System\A2_FashionDataset\FashionDataset\test\images_test\59862.jpg
59863,,,,,c:\Users\LEGION\Documents\jupyter_notebook\Fashion-Intelligence-System\A2_FashionDataset\FashionDataset\test\images_test\59863.jpg
59866,,,,,c:\Users\LEGION\Documents\jupyter_notebook\Fashion-Intelligence-System\A2_FashionDataset\FashionDataset\test\images_test\59866.jpg
59872,,,,,c:\Users\LEGION\Documents\jupyter_notebook\Fashion-Intelligence-System\A2_FashionDataset\FashionDataset\test\images_test\59872.jpg
59873,,,,,c:\Users\LEGION\Documents\jupyter_notebook\Fashion-Intelligence-System\A2_FashionDataset\FashionDataset\test\images_test\59873.jpg
59874,,,,,c:\Users\LEGION\Documents\jupyter_notebook\Fashion-Intelligence-System\A2_FashionDataset\FashionDataset\test\images_test\59874.jpg
59875,,,,,c:\Users\LEGION\Documents\jupyter_notebook\Fashion-Intelligence-System\A2_FashionDataset\FashionDataset\test\images_test\59875.jpg
59876,,,,,c:\Users\LEGION\Documents\jupyter_notebook\Fashion-Intelligence-System\A2_FashionDataset\FashionDataset\test\images_test\59876.jpg
59877,,,,,c:\Users\LEGION\Documents\jupyter_notebook\Fashion-Intelligence-System\A2_FashionDataset\FashionDataset\test\images_test\59877.jpg
59878,,,,,c:\Users\LEGION\Documents\jupyter_notebook\Fashion-Intelligence-System\A2_FashionDataset\FashionDataset\test\images_test\59878.jpg
59879,,,,,c:\Users\LEGION\Documents\jupyter_notebook\Fashion-Intelligence-System\A2_FashionDataset\FashionDataset\test\images_test\59879.jpg
59880,,,,,c:\Users\LEGION\Documents\jupyter_notebook\Fashion-Intelligence-System\A2_FashionDataset\FashionDataset\test\images_test\59880.jpg
59881,,,,,c:\Users\LEGION\Documents\jupyter_notebook\Fashion-Intelligence-System\A2_FashionDataset\FashionDataset\test\images_test\59881.jpg
59882,,,,,c:\Users\LEGION\Documents\jupyter_notebook\Fashion-Intelligence-System\A2_FashionDataset\FashionDataset\test\images_test\59882.jpg
59883,,,,,c:\Users\LEGION\Documents\jupyter_notebook\Fashion-Intelligence-System\A2_FashionDataset\FashionDataset\test\images_test\59883.jpg
59884,,,,,c:\Users\LEGION\Documents\jupyter_notebook\Fashion-Intelligence-System\A2_FashionDataset\FashionDataset\test\images_test\59884.jpg
59885,,,,,c:\Users\LEGION\Documents\jupyter_notebook\Fashion-Intelligence-System\A2_FashionDataset\FashionDataset\test\images_test\59885.jpg
59886,,,,,c:\Users\LEGION\Documents\jupyter_notebook\Fashion-Intelligence-System\A2_FashionDataset\FashionDataset\test\images_test\59886.jpg
59887,,,,,c:\Users\LEGION\Documents\jupyter_notebook\Fashion-Intelligence-System\A2_FashionDataset\FashionDataset\test\images_test\59887.jpg
59888,,,,,c:\Users\LEGION\Documents\jupyter_notebook\Fashion-Intelligence-System\A2_FashionDataset\FashionDataset\test\images_test\59888.jpg
59889,,,,,c:\Users\LEGION\Documents\jupyter_notebook\Fashion-Intelligence-System\A2_FashionDataset\FashionDataset\test\images_test\59889.jpg
59890,,,,,c:\Users\LEGION\Documents\jupyter_notebook\Fashion-Intelligence-System\A2_FashionDataset\FashionDataset\test\images_test\59890.jpg
59891,,,,,c:\Users\LEGION\Documents\jupyter_notebook\Fashion-Intelligence-System\A2_FashionDataset\FashionDataset\test\images_test\59891.jpg
59892,,,,,c:\Users\LEGION\Documents\jupyter_notebook\Fashion-Intelligence-System\A2_FashionDataset\FashionDataset\test\images_test\59892.jpg
59893,,,,,c:\Users\LEGION\Documents\jupyter_notebook\Fashion-Intelligence-System\A2_FashionDataset\FashionDataset\test\images_test\59893.jpg
59894,,,,,c:\Users\LEGION\Documents\jupyter_notebook\Fashion-Intelligence-System\A2_FashionDataset\FashionDataset\test\images_test\59894.jpg
59895,,,,,c:\Users\LEGION\Documents\jupyter_notebook\Fashion-Intelligence-System\A2_FashionDataset\FashionDataset\test\images_test\59895.jpg
59896,,,,,c:\Users\LEGION\Documents\jupyter_notebook\Fashion-Intelligence-System\A2_FashionDataset\FashionDataset\test\images_test\59896.jpg
59897,,,,,c:\Users\LEGION\Documents\jupyter_notebook\Fashion-Intelligence-System\A2_FashionDataset\FashionDataset\test\images_test\59897.jpg
59898,,,,,c:\Users\LEGION\Documents\jupyter_notebook\Fashion-Intelligence-System\A2_FashionDataset\FashionDataset\test\images_test\59898.jpg
59900,,,,,c:\Users\LEGION\Documents\jupyter_notebook\Fashion-Intelligence-System\A2_FashionDataset\FashionDataset\test\images_test\59900.jpg
59901,,,,,c:\Users\LEGION\Documents\jupyter_notebook\Fashion-Intelligence-System\A2_FashionDataset\FashionDataset\test\images_test\59901.jpg
59902,,,,,c:\Users\LEGION\Documents\jupyter_notebook\Fashion-Intelligence-System\A2_FashionDataset\FashionDataset\test\images_test\59902.jpg
59903,,,,,c:\Users\LEGION\Documents\jupyter_notebook\Fashion-Intelligence-System\A2_FashionDataset\FashionDataset\test\images_test\59903.jpg
59904,,,,,c:\Users\LEGION\Documents\jupyter_notebook\Fashion-Intelligence-System\A2_FashionDataset\FashionDataset\test\images_test\59904.jpg
59905,,,,,c:\Users\LEGION\Documents\jupyter_notebook\Fashion-Intelligence-System\A2_FashionDataset\FashionDataset\test\images_test\59905.jpg
59906,,,,,c:\Users\LEGION\Documents\jupyter_notebook\Fashion-Intelligence-System\A2_FashionDataset\FashionDataset\test\images_test\59906.jpg
59907,,,,,c:\Users\LEGION\Documents\jupyter_notebook\Fashion-Intelligence-System\A2_FashionDataset\FashionDataset\test\images_test\59907.jpg
59908,,,,,c:\Users\LEGION\Documents\jupyter_notebook\Fashion-Intelligence-System\A2_FashionDataset\FashionDataset\test\images_test\59908.jpg
59909,,,,,c:\Users\LEGION\Documents\jupyter_notebook\Fashion-Intelligence-System\A2_FashionDataset\FashionDataset\test\images_test\59909.jpg
59910,,,,,c:\Users\LEGION\Documents\jupyter_notebook\Fashion-Intelligence-System\A2_FashionDataset\FashionDataset\test\images_test\59910.jpg
59911,,,,,c:\Users\LEGION\Documents\jupyter_notebook\Fashion-Intelligence-System\A2_FashionDataset\FashionDataset\test\images_test\59911.jpg
59912,,,,,c:\Users\LEGION\Documents\jupyter_notebook\Fashion-Intelligence-System\A2_FashionDataset\FashionDataset\test\images_test\59912.jpg
59914,,,,,c:\Users\LEGION\Documents\jupyter_notebook\Fashion-Intelligence-System\A2_FashionDataset\FashionDataset\test\images_test\59914.jpg
59915,,,,,c:\Users\LEGION\Documents\jupyter_notebook\Fashion-Intelligence-System\A2_FashionDataset\FashionDataset\test\images_test\59915.jpg
59916,,,,,c:\Users\LEGION\Documents\jupyter_notebook\Fashion-Intelligence-System\A2_FashionDataset\FashionDataset\test\images_test\59916.jpg
59917,,,,,c:\Users\LEGION\Documents\jupyter_notebook\Fashion-Intelligence-System\A2_FashionDataset\FashionDataset\test\images_test\59917.jpg
59918,,,,,c:\Users\LEGION\Documents\jupyter_notebook\Fashion-Intelligence-System\A2_FashionDataset\FashionDataset\test\images_test\59918.jpg
59919,,,,,c:\Users\LEGION\Documents\jupyter_notebook\Fashion-Intelligence-System\A2_FashionDataset\FashionDataset\test\images_test\59919.jpg
59920,,,,,c:\Users\LEGION\Documents\jupyter_notebook\Fashion-Intelligence-System\A2_FashionDataset\FashionDataset\test\images_test\59920.jpg
59921,,,,,c:\Users\LEGION\Documents\jupyter_notebook\Fashion-Intelligence-System\A2_FashionDataset\FashionDataset\test\images_test\59921.jpg
59922,,,,,c:\Users\LEGION\Documents\jupyter_notebook\Fashion-Intelligence-System\A2_FashionDataset\FashionDataset\test\images_test\59922.jpg
59923,,,,,c:\Users\LEGION\Documents\jupyter_notebook\Fashion-Intelligence-System\A2_FashionDataset\FashionDataset\test\images_test\59923.jpg
59924,,,,,c:\Users\LEGION\Documents\jupyter_notebook\Fashion-Intelligence-System\A2_FashionDataset\FashionDataset\test\images_test\59924.jpg
59925,,,,,c:\Users\LEGION\Documents\jupyter_notebook\Fashion-Intelligence-System\A2_FashionDataset\FashionDataset\test\images_test\59925.jpg
59926,,,,,c:\Users\LEGION\Documents\jupyter_notebook\Fashion-Intelligence-System\A2_FashionDataset\FashionDataset\test\images_test\59926.jpg
59927,,,,,c:\Users\LEGION\Documents\jupyter_notebook\Fashion-Intelligence-System\A2_FashionDataset\FashionDataset\test\images_test\59927.jpg
59928,,,,,c:\Users\LEGION\Documents\jupyter_notebook\Fashion-Intelligence-System\A2_FashionDataset\FashionDataset\test\images_test\59928.jpg
59929,,,,,c:\Users\LEGION\Documents\jupyter_notebook\Fashion-Intelligence-System\A2_FashionDataset\FashionDataset\test\images_test\59929.jpg
59930,,,,,c:\Users\LEGION\Documents\jupyter_notebook\Fashion-Intelligence-System\A2_FashionDataset\FashionDataset\test\images_test\59930.jpg
59931,,,,,c:\Users\LEGION\Documents\jupyter_notebook\Fashion-Intelligence-System\A2_FashionDataset\FashionDataset\test\images_test\59931.jpg
59932,,,,,c:\Users\LEGION\Documents\jupyter_notebook\Fashion-Intelligence-System\A2_FashionDataset\FashionDataset\test\images_test\59932.jpg
59933,,,,,c:\Users\LEGION\Documents\jupyter_notebook\Fashion-Intelligence-System\A2_FashionDataset\FashionDataset\test\images_test\59933.jpg
59934,,,,,c:\Users\LEGION\Documents\jupyter_notebook\Fashion-Intelligence-System\A2_FashionDataset\FashionDataset\test\images_test\59934.jpg
59935,,,,,c:\Users\LEGION\Documents\jupyter_notebook\Fashion-Intelligence-System\A2_FashionDataset\FashionDataset\test\images_test\59935.jpg
59936,,,,,c:\Users\LEGION\Documents\jupyter_notebook\Fashion-Intelligence-System\A2_FashionDataset\FashionDataset\test\images_test\59936.jpg
59937,,,,,c:\Users\LEGION\Documents\jupyter_notebook\Fashion-Intelligence-System\A2_FashionDataset\FashionDataset\test\images_test\59937.jpg
59938,,,,,c:\Users\LEGION\Documents\jupyter_notebook\Fashion-Intelligence-System\A2_FashionDataset\FashionDataset\test\images_test\59938.jpg
59939,,,,,c:\Users\LEGION\Documents\jupyter_notebook\Fashion-Intelligence-System\A2_FashionDataset\FashionDataset\test\images_test\59939.jpg
59940,,,,,c:\Users\LEGION\Documents\jupyter_notebook\Fashion-Intelligence-System\A2_FashionDataset\FashionDataset\test\images_test\59940.jpg
59941,,,,,c:\Users\LEGION\Documents\jupyter_notebook\Fashion-Intelligence-System\A2_FashionDataset\FashionDataset\test\images_test\59941.jpg
59942,,,,,c:\Users\LEGION\Documents\jupyter_notebook\Fashion-Intelligence-System\A2_FashionDataset\FashionDataset\test\images_test\59942.jpg
59943,,,,,c:\Users\LEGION\Documents\jupyter_notebook\Fashion-Intelligence-System\A2_FashionDataset\FashionDataset\test\images_test\59943.jpg
59944,,,,,c:\Users\LEGION\Documents\jupyter_notebook\Fashion-Intelligence-System\A2_FashionDataset\FashionDataset\test\images_test\59944.jpg
59945,,,,,c:\Users\LEGION\Documents\jupyter_notebook\Fashion-Intelligence-System\A2_FashionDataset\FashionDataset\test\images_test\59945.jpg
59946,,,,,c:\Users\LEGION\Documents\jupyter_notebook\Fashion-Intelligence-System\A2_FashionDataset\FashionDataset\test\images_test\59946.jpg
59947,,,,,c:\Users\LEGION\Documents\jupyter_notebook\Fashion-Intelligence-System\A2_FashionDataset\FashionDataset\test\images_test\59947.jpg
59948,,,,,c:\Users\LEGION\Documents\jupyter_notebook\Fashion-Intelligence-System\A2_FashionDataset\FashionDataset\test\images_test\59948.jpg
59949,,,,,c:\Users\LEGION\Documents\jupyter_notebook\Fashion-Intelligence-System\A2_FashionDataset\FashionDataset\test\images_test\59949.jpg
59950,,,,,c:\Users\LEGION\Documents\jupyter_notebook\Fashion-Intelligence-System\A2_FashionDataset\FashionDataset\test\images_test\59950.jpg
59951,,,,,c:\Users\LEGION\Documents\jupyter_notebook\Fashion-Intelligence-System\A2_FashionDataset\FashionDataset\test\images_test\59951.jpg
59961,,,,,c:\Users\LEGION\Documents\jupyter_notebook\Fashion-Intelligence-System\A2_FashionDataset\FashionDataset\test\images_test\59961.jpg
59962,,,,,c:\Users\LEGION\Documents\jupyter_notebook\Fashion-Intelligence-System\A2_FashionDataset\FashionDataset\test\images_test\59962.jpg
59963,,,,,c:\Users\LEGION\Documents\jupyter_notebook\Fashion-Intelligence-System\A2_FashionDataset\FashionDataset\test\images_test\59963.jpg
59964,,,,,c:\Users\LEGION\Documents\jupyter_notebook\Fashion-Intelligence-System\A2_FashionDataset\FashionDataset\test\images_test\59964.jpg
59965,,,,,c:\Users\LEGION\Documents\jupyter_notebook\Fashion-Intelligence-System\A2_FashionDataset\FashionDataset\test\images_test\59965.jpg
59966,,,,,c:\Users\LEGION\Documents\jupyter_notebook\Fashion-Intelligence-System\A2_FashionDataset\FashionDataset\test\images_test\59966.jpg
59967,,,,,c:\Users\LEGION\Documents\jupyter_notebook\Fashion-Intelligence-System\A2_FashionDataset\FashionDataset\test\images_test\59967.jpg
59968,,,,,c:\Users\LEGION\Documents\jupyter_notebook\Fashion-Intelligence-System\A2_FashionDataset\FashionDataset\test\images_test\59968.jpg
59969,,,,,c:\Users\LEGION\Documents\jupyter_notebook\Fashion-Intelligence-System\A2_FashionDataset\FashionDataset\test\images_test\59969.jpg
59970,,,,,c:\Users\LEGION\Documents\jupyter_notebook\Fashion-Intelligence-System\A2_FashionDataset\FashionDataset\test\images_test\59970.jpg
59971,,,,,c:\Users\LEGION\Documents\jupyter_notebook\Fashion-Intelligence-System\A2_FashionDataset\FashionDataset\test\images_test\59971.jpg
59972,,,,,c:\Users\LEGION\Documents\jupyter_notebook\Fashion-Intelligence-System\A2_FashionDataset\FashionDataset\test\images_test\59972.jpg
59973,,,,,c:\Users\LEGION\Documents\jupyter_notebook\Fashion-Intelligence-System\A2_FashionDataset\FashionDataset\test\images_test\59973.jpg
59974,,,,,c:\Users\LEGION\Documents\jupyter_notebook\Fashion-Intelligence-System\A2_FashionDataset\FashionDataset\test\images_test\59974.jpg
59975,,,,,c:\Users\LEGION\Documents\jupyter_notebook\Fashion-Intelligence-System\A2_FashionDataset\FashionDataset\test\images_test\59975.jpg
59976,,,,,c:\Users\LEGION\Documents\jupyter_notebook\Fashion-Intelligence-System\A2_FashionDataset\FashionDataset\test\images_test\59976.jpg
59977,,,,,c:\Users\LEGION\Documents\jupyter_notebook\Fashion-Intelligence-System\A2_FashionDataset\FashionDataset\test\images_test\59977.jpg
59978,,,,,c:\Users\LEGION\Documents\jupyter_notebook\Fashion-Intelligence-System\A2_FashionDataset\FashionDataset\test\images_test\59978.jpg
59979,,,,,c:\Users\LEGION\Documents\jupyter_notebook\Fashion-Intelligence-System\A2_FashionDataset\FashionDataset\test\images_test\59979.jpg
59980,,,,,c:\Users\LEGION\Documents\jupyter_notebook\Fashion-Intelligence-System\A2_FashionDataset\FashionDataset\test\images_test\59980.jpg
59981,,,,,c:\Users\LEGION\Documents\jupyter_notebook\Fashion-Intelligence-System\A2_FashionDataset\FashionDataset\test\images_test\59981.jpg
59982,,,,,c:\Users\LEGION\Documents\jupyter_notebook\Fashion-Intelligence-System\A2_FashionDataset\FashionDataset\test\images_test\59982.jpg
59983,,,,,c:\Users\LEGION\Documents\jupyter_notebook\Fashion-Intelligence-System\A2_FashionDataset\FashionDataset\test\images_test\59983.jpg
59984,,,,,c:\Users\LEGION\Documents\jupyter_notebook\Fashion-Intelligence-System\A2_FashionDataset\FashionDataset\test\images_test\59984.jpg
59985,,,,,c:\Users\LEGION\Documents\jupyter_notebook\Fashion-Intelligence-System\A2_FashionDataset\FashionDataset\test\images_test\59985.jpg
59986,,,,,c:\Users\LEGION\Documents\jupyter_notebook\Fashion-Intelligence-System\A2_FashionDataset\FashionDataset\test\images_test\59986.jpg
59987,,,,,c:\Users\LEGION\Documents\jupyter_notebook\Fashion-Intelligence-System\A2_FashionDataset\FashionDataset\test\images_test\59987.jpg
59988,,,,,c:\Users\LEGION\Documents\jupyter_notebook\Fashion-Intelligence-System\A2_FashionDataset\FashionDataset\test\images_test\59988.jpg
59989,,,,,c:\Users\LEGION\Documents\jupyter_notebook\Fashion-Intelligence-System\A2_FashionDataset\FashionDataset\test\images_test\59989.jpg
59990,,,,,c:\Users\LEGION\Documents\jupyter_notebook\Fashion-Intelligence-System\A2_FashionDataset\FashionDataset\test\images_test\59990.jpg
59991,,,,,c:\Users\LEGION\Documents\jupyter_notebook\Fashion-Intelligence-System\A2_FashionDataset\FashionDataset\test\images_test\59991.jpg
59992,,,,,c:\Users\LEGION\Documents\jupyter_notebook\Fashion-Intelligence-System\A2_FashionDataset\FashionDataset\test\images_test\59992.jpg
59993,,,,,c:\Users\LEGION\Documents\jupyter_notebook\Fashion-Intelligence-System\A2_FashionDataset\FashionDataset\test\images_test\59993.jpg
59994,,,,,c:\Users\LEGION\Documents\jupyter_notebook\Fashion-Intelligence-System\A2_FashionDataset\FashionDataset\test\images_test\59994.jpg
59995,,,,,c:\Users\LEGION\Documents\jupyter_notebook\Fashion-Intelligence-System\A2_FashionDataset\FashionDataset\test\images_test\59995.jpg
59996,,,,,c:\Users\LEGION\Documents\jupyter_notebook\Fashion-Intelligence-System\A2_FashionDataset\FashionDataset\test\images_test\59996.jpg
59998,,,,,c:\Users\LEGION\Documents\jupyter_notebook\Fashion-Intelligence-System\A2_FashionDataset\FashionDataset\test\images_test\59998.jpg
59999,,,,,c:\Users\LEGION\Documents\jupyter_notebook\Fashion-Intelligence-System\A2_FashionDataset\FashionDataset\test\images_test\59999.jpg
60000,,,,,c:\Users\LEGION\Documents\jupyter_notebook\Fashion-Intelligence-System\A2_FashionDataset\FashionDataset\test\images_test\60000.jpg
