id,split
1163,train
1164,train
1525,train
1526,val
1528,test
1529,train
1530,train
1531,train
1532,test
1533,train
1534,train
1535,train
1536,train
1537,train
1538,test
1539,train
1540,train
1541,train
1542,train
1543,train
1544,train
1545,test
1546,train
1547,train
1548,train
1549,train
1550,train
1551,train
1552,train
1553,train
1554,train
1555,train
1556,train
1557,train
1558,train
1559,train
1561,train
1562,train
1563,train
1565,val
1566,val
1567,val
1569,train
1570,train
1571,test
1572,train
1573,val
1575,train
1577,train
1578,test
1579,train
1580,train
1581,train
1582,val
1583,train
1584,train
1587,train
1588,train
1590,train
1591,train
1592,test
1594,val
1595,test
1596,train
1597,train
1598,train
1599,train
1603,train
1604,train
1605,train
1607,train
1608,val
1609,train
1610,train
1611,train
1612,train
1613,train
1614,train
1615,train
1616,train
1617,train
1618,test
1619,test
1620,val
1621,test
1622,train
1623,train
1624,train
1625,train
1626,val
1627,train
1628,train
1634,train
1635,train
1636,train
1637,train
1638,train
1641,train
1642,train
1644,val
1645,val
1646,train
1647,train
1648,train
1649,train
1651,train
1653,val
1654,val
1656,test
1657,train
1658,val
1662,train
1668,train
1670,train
1671,test
1673,train
1678,test
1689,test
1697,train
1727,train
1728,train
1729,train
1730,train
1731,train
1752,train
1754,test
1755,train
1756,val
1757,val
1758,train
1759,train
1760,train
1762,train
1763,train
1764,train
1765,val
1766,train
1782,train
1783,train
1784,train
1785,test
1786,train
1787,train
1788,train
1789,val
1790,train
1791,train
1792,val
1793,test
1794,val
1795,train
1796,test
1798,train
1799,val
1800,train
1801,train
1802,train
1803,train
1804,train
1805,train
1806,train
1807,test
1808,train
1809,val
1810,test
1811,train
1812,test
1813,val
1814,val
1827,train
1828,train
1831,train
1832,train
1833,val
1836,train
1841,train
1842,train
1844,test
1845,train
1846,train
1847,train
1848,train
1849,test
1852,train
1853,val
1854,train
1855,train
1856,train
1857,val
1859,train
1860,train
1861,train
1862,val
1863,train
1865,train
1866,train
1867,test
1868,val
1869,train
1870,train
1871,train
1872,train
1875,train
1876,train
1877,val
1879,train
1880,train
1881,train
1882,val
1883,test
1884,train
1885,test
1886,train
1887,val
1888,train
1889,train
1890,train
1891,train
1892,val
1895,val
1897,train
1902,val
1903,train
1904,train
1905,train
1906,train
1907,test
1909,train
1910,train
1911,val
1912,train
1913,test
1915,test
1916,val
1917,train
1918,train
1919,train
1920,train
1922,test
1923,train
1924,val
1925,train
1926,train
1927,train
1928,train
1929,train
1930,train
1931,train
1932,train
1933,train
1934,train
1935,val
1936,train
1937,train
1938,train
1939,train
1941,train
1942,train
1943,train
1944,train
1945,train
1946,test
1947,train
1948,train
1949,train
1950,train
1951,val
1962,train
1963,train
1964,test
1966,val
1972,train
1973,val
1976,train
1977,train
1978,train
1981,train
1982,train
1983,train
1984,train
1985,train
1986,train
1988,val
1989,train
1990,train
1991,train
1992,train
1993,train
1994,train
1995,val
1996,val
1997,train
1998,train
1999,train
2001,train
2002,train
2003,test
2004,train
2005,train
2006,train
2007,train
2008,train
2009,train
2010,train
2011,train
2012,train
2014,train
2015,train
2023,train
2024,train
2025,test
2026,val
2027,train
2028,val
2029,train
2030,train
2031,train
2032,train
2033,train
2034,train
2035,train
2036,test
2037,train
2038,train
2039,train
2040,train
2041,train
2042,train
2044,train
2045,train
2046,train
2047,train
2048,train
2049,train
2050,train
2051,train
2052,train
2053,train
2054,test
2055,train
2056,train
2057,train
2058,test
2059,train
2060,train
2061,train
2062,train
2065,train
2069,val
2078,train
2089,val
2090,test
2091,test
2092,train
2093,train
2094,train
2095,train
2096,train
2097,test
2098,test
2099,train
2100,train
2101,train
2102,val
2103,train
2104,train
2105,train
2106,test
2107,train
2108,test
2109,val
2110,train
2111,train
2112,train
2113,train
2114,train
2115,train
2116,train
2117,train
2118,train
2119,test
2120,train
2121,train
2122,train
2123,train
2124,train
2125,train
2126,train
2127,train
2128,train
2129,val
2130,train
2131,val
2132,train
2133,train
2134,train
2135,train
2136,train
2137,test
2138,train
2139,train
2140,train
2141,train
2142,train
2143,train
2144,train
2145,test
2146,train
2147,train
2148,train
2149,train
2150,train
2151,train
2152,val
2153,train
2154,test
2155,test
2156,train
2157,train
2158,val
2159,val
2160,test
2161,train
2162,val
2163,train
2164,train
2165,val
2166,test
2167,val
2168,train
2169,train
2170,train
2171,train
2172,test
2176,train
2177,train
2179,test
2180,train
2181,train
2182,train
2183,train
2184,train
2185,train
2187,train
2188,train
2189,train
2190,train
2191,val
2192,test
2193,train
2194,train
2195,val
2196,train
2197,train
2198,train
2199,train
2200,train
2201,train
2202,train
2203,train
2204,train
2205,train
2206,train
2207,train
2208,train
2209,val
2210,train
2211,test
2212,val
2213,train
2214,test
2215,train
2216,test
2217,train
2218,train
2219,train
2220,test
2221,test
2222,test
2223,train
2224,train
2225,train
2226,test
2227,val
2228,train
2229,train
2230,val
2231,val
2232,val
2233,train
2234,train
2235,train
2237,val
2238,val
2239,train
2240,train
2241,train
2242,train
2243,train
2244,val
2245,train
2246,val
2247,train
2248,train
2249,train
2250,train
2251,train
2252,train
2253,train
2254,val
2255,train
2256,train
2257,train
2259,train
2260,train
2261,train
2262,train
2263,val
2264,train
2265,train
2266,val
2267,train
2268,train
2269,train
2270,train
2271,train
2272,train
2273,train
2274,val
2275,train
2276,train
2278,test
2279,train
2280,val
2282,train
2283,train
2284,train
2285,train
2286,train
2287,train
2288,train
2289,train
2290,test
2291,test
2292,train
2293,train
2294,train
2295,test
2296,train
2297,train
2298,train
2299,train
2300,train
2301,train
2302,test
2303,train
2304,train
2305,train
2306,train
2307,train
2309,train
2310,train
2311,train
2312,test
2313,val
2314,test
2315,train
2316,val
2317,test
2318,train
2319,train
2320,train
2321,train
2322,train
2323,train
2324,train
2325,test
2326,train
2327,train
2328,val
2329,val
2330,train
2331,train
2332,train
2333,train
2334,train
2335,test
2336,test
2337,train
2338,train
2339,train
2340,train
2341,train
2342,train
2343,train
2344,train
2345,train
2346,train
2347,val
2348,train
2349,val
2350,test
2351,train
2353,val
2354,test
2355,train
2356,val
2357,train
2358,train
2359,train
2360,train
2361,val
2362,train
2363,val
2364,val
2365,train
2366,val
2367,train
2368,train
2369,val
2370,train
2371,train
2372,train
2373,train
2374,test
2375,test
2376,train
2377,train
2378,test
2379,val
2380,val
2381,train
2382,test
2383,test
2384,train
2385,test
2387,val
2388,train
2389,train
2390,test
2391,train
2393,train
2394,train
2396,train
2397,train
2398,test
2399,test
2400,train
2401,test
2402,test
2403,val
2467,train
2474,train
2477,train
2478,train
2479,train
2480,train
2481,train
2482,train
2483,train
2484,train
2485,train
2486,val
2487,val
2488,train
2489,train
2490,val
2491,test
2492,train
2493,val
2494,train
2495,train
2496,train
2497,val
2498,train
2499,train
2500,train
2501,train
2502,train
2503,train
2504,train
2505,test
2506,train
2507,train
2508,train
2509,train
2510,train
2511,val
2540,train
2541,train
2542,train
2543,train
2544,val
2545,test
2546,val
2547,train
2548,test
2549,train
2550,train
2551,train
2552,test
2553,train
2554,train
2555,train
2556,test
2557,val
2558,train
2559,val
2562,train
2564,train
2572,test
2574,train
2576,train
2577,train
2578,val
2579,train
2580,train
2582,train
2584,train
2585,train
2586,train
2587,train
2588,val
2589,val
2590,test
2591,val
2601,train
2602,train
2603,train
2604,train
2605,test
2606,train
2607,train
2608,train
2609,train
2610,train
2611,val
2612,train
2613,val
2614,train
2615,train
2616,train
2617,train
2618,train
2619,train
2620,val
2621,train
2622,train
2623,train
2624,train
2625,train
2626,val
2627,train
2628,train
2629,val
2630,train
2631,train
2632,train
2633,train
2634,train
2635,train
2636,val
2637,train
2639,test
2641,train
2642,val
2644,val
2645,test
2647,train
2648,train
2649,train
2650,test
2651,train
2653,val
2654,val
2655,train
2656,test
2657,train
2658,val
2659,train
2661,test
2662,train
2663,test
2664,train
2665,test
2666,train
2667,val
2668,test
2669,train
2670,train
2671,val
2672,val
2673,train
2674,val
2675,val
2676,test
2677,train
2678,train
2679,train
2680,train
2681,train
2682,val
2683,train
2684,train
2685,train
2686,train
2687,train
2688,test
2689,train
2691,train
2693,train
2694,val
2695,train
2697,train
2699,train
2700,train
2701,train
2702,train
2703,val
2704,train
2705,train
2706,train
2707,train
2708,train
2710,train
2711,train
2712,train
2714,val
2715,train
2716,train
2717,train
2718,train
2719,test
2720,train
2722,test
2724,train
2727,train
2728,train
2730,val
2732,train
2737,train
2738,val
2740,train
2741,train
2742,train
2743,val
2744,train
2745,train
2746,train
2747,train
2748,train
2749,val
2750,train
2751,train
2753,train
2755,train
2757,train
2760,train
2762,train
2764,train
2766,train
2778,train
2779,train
2780,train
2781,val
2782,train
2783,train
2784,train
2785,test
2786,train
2787,train
2788,test
2800,train
2801,train
2802,train
2803,train
2805,test
2807,train
2809,test
2812,train
2814,train
2817,train
2820,train
2821,train
2822,test
2823,train
2824,train
2825,test
2826,train
2827,val
2828,val
2830,train
2831,train
2832,test
2833,train
2834,train
2835,train
2836,val
2837,train
2838,val
2840,train
2841,val
2842,train
2843,train
2844,train
2845,train
2846,train
2847,train
2848,test
2849,train
2850,train
2851,train
2852,test
2853,train
2854,train
2855,train
2856,train
2857,test
2858,train
2859,val
2860,train
2861,train
2862,train
2863,train
2865,train
2866,train
2867,train
2868,val
2869,test
2870,val
2872,val
2874,train
2876,train
2877,train
2878,train
2879,test
2880,train
2882,train
2885,train
2886,val
2887,test
2888,train
2889,train
2890,train
2892,train
2893,train
2894,train
2895,train
2897,test
2899,test
2900,train
2901,train
2903,train
2910,train
2912,train
2915,train
2916,train
2918,val
2920,train
2921,train
2922,train
2923,train
2928,val
2931,train
2934,val
2936,test
2937,train
2938,train
2939,train
2940,train
2944,train
2947,train
2953,train
2954,train
2956,train
2963,train
2964,train
2965,val
2966,train
2967,train
2969,val
2970,train
2971,train
2972,val
2973,train
2974,train
2975,val
2976,val
2977,train
2978,train
2979,train
2980,train
2981,val
2982,val
2983,train
2984,train
2985,train
2986,train
2987,train
2988,train
2994,test
2996,test
3009,train
3011,train
3012,test
3013,test
3014,train
3015,train
3016,train
3017,train
3018,train
3019,train
3020,train
3021,test
3023,train
3027,train
3028,train
3029,train
3042,train
3043,val
3044,train
3045,train
3046,train
3047,train
3048,train
3049,val
3050,train
3051,train
3052,val
3054,train
3055,train
3056,train
3057,train
3058,train
3059,train
3060,train
3061,train
3062,train
3063,train
3064,val
3065,train
3066,train
3067,train
3068,train
3069,train
3070,test
3071,train
3072,train
3073,train
3074,train
3075,train
3077,test
3078,val
3079,train
3080,train
3081,test
3082,train
3084,train
3085,train
3087,val
3088,train
3089,train
3095,train
3096,train
3098,train
3100,test
3101,train
3102,train
3103,train
3104,test
3105,train
3107,train
3108,train
3110,train
3120,test
3121,train
3122,train
3123,test
3124,train
3125,val
3126,train
3127,train
3128,test
3129,train
3130,train
3131,val
3132,train
3134,val
3135,train
3136,test
3137,test
3139,train
3140,val
3141,val
3142,train
3150,train
3151,train
3152,test
3154,train
3159,val
3160,train
3161,train
3162,test
3163,train
3165,train
3167,test
3168,train
3170,train
3171,train
3175,train
3177,train
3178,train
3181,train
3182,train
3183,test
3186,train
3187,train
3191,train
3192,train
3193,train
3196,train
3197,train
3198,train
3199,train
3200,train
3201,train
3202,train
3203,test
3204,train
3205,train
3206,test
3207,train
3208,val
3209,train
3210,val
3211,train
3212,train
3213,val
3214,test
3215,train
3216,train
3217,train
3218,val
3219,train
3220,test
3221,train
3223,test
3225,train
3226,test
3227,train
3228,val
3229,test
3230,test
3231,train
3232,train
3235,val
3236,train
3237,val
3238,train
3239,train
3240,test
3241,train
3242,train
3243,train
3245,train
3246,train
3247,train
3248,train
3249,train
3250,train
3251,val
3252,train
3253,train
3254,train
3255,val
3256,val
3257,val
3258,train
3259,train
3260,train
3261,train
3262,train
3263,test
3264,train
3265,train
3266,test
3267,train
3268,train
3269,train
3270,train
3271,train
3272,train
3273,train
3274,train
3275,train
3276,train
3277,train
3278,train
3279,test
3280,test
3281,test
3282,train
3283,train
3284,train
3285,train
3286,train
3287,test
3288,test
3289,train
3290,train
3291,train
3292,train
3293,train
3294,val
3295,test
3296,train
3297,val
3298,train
3299,train
3300,train
3301,train
3302,val
3303,train
3304,train
3305,train
3306,train
3307,train
3308,train
3309,val
3310,train
3311,train
3312,train
3313,test
3314,train
3315,train
3317,train
3318,train
3319,train
3320,train
3321,train
3322,train
3323,train
3324,val
3325,train
3327,train
3328,train
3329,test
3330,train
3332,train
3333,test
3334,train
3335,train
3336,train
3337,train
3338,test
3339,train
3340,train
3341,train
3342,train
3343,train
3344,test
3345,train
3346,val
3347,train
3348,train
3349,train
3350,train
3351,train
3352,train
3353,train
3354,val
3355,val
3356,train
3357,train
3358,train
3359,train
3360,test
3361,train
3362,train
3363,test
3364,val
3365,test
3366,train
3367,val
3370,train
3371,test
3372,train
3373,train
3374,train
3375,val
3376,test
3378,train
3381,train
3382,train
3384,train
3385,train
3386,train
3387,train
3389,train
3390,train
3391,val
3393,train
3395,train
3396,train
3397,val
3398,train
3399,train
3400,train
3401,test
3402,test
3404,train
3405,train
3406,val
3409,train
3410,val
3411,train
3412,val
3413,train
3414,train
3415,val
3416,val
3417,train
3418,train
3419,train
3420,train
3421,train
3422,train
3423,val
3424,test
3425,train
3426,train
3427,train
3428,train
3429,train
3431,train
3432,train
3433,train
3434,train
3436,train
3439,train
3440,val
3441,train
3442,train
3445,train
3446,test
3447,test
3448,val
3449,val
3450,train
3451,train
3452,test
3453,train
3454,train
3455,train
3456,train
3457,test
3458,train
3459,train
3460,train
3461,train
3462,train
3463,val
3464,train
3465,train
3466,test
3467,test
3468,train
3469,train
3470,val
3471,test
3472,val
3473,test
3474,test
3475,train
3476,train
3477,train
3478,train
3479,train
3481,train
3482,test
3483,train
3484,train
3485,train
3486,train
3487,val
3488,train
3489,train
3490,train
3491,test
3492,train
3493,train
3495,train
3496,val
3497,val
3498,train
3500,train
3501,val
3502,val
3503,train
3504,test
3505,train
3506,train
3507,train
3508,val
3509,train
3510,test
3511,train
3515,train
3516,test
3517,train
3518,val
3519,test
3520,train
3521,train
3522,train
3523,train
3524,train
3525,train
3526,test
3527,train
3528,train
3529,train
3530,train
3531,train
3532,test
3533,train
3534,train
3535,train
3536,train
3537,train
3538,train
3539,train
3540,train
3542,test
3543,train
3544,train
3545,val
3546,train
3547,train
3549,test
3550,train
3551,test
3552,train
3553,train
3554,test
3556,train
3557,train
3558,val
3559,val
3560,test
3561,train
3563,train
3564,train
3565,test
3566,val
3567,test
3568,val
3569,train
3570,train
3571,train
3572,train
3573,val
3574,train
3575,train
3576,train
3577,train
3578,train
3579,train
3580,test
3581,test
3582,train
3583,train
3584,test
3585,train
3586,val
3587,train
3588,train
3589,train
3590,test
3591,train
3592,train
3593,train
3594,val
3595,train
3596,val
3597,train
3598,train
3599,train
3600,test
3601,train
3602,train
3603,train
3604,train
3605,test
3606,train
3607,train
3608,test
3609,test
3610,val
3612,test
3613,train
3614,train
3615,val
3616,train
3617,train
3618,test
3619,train
3620,train
3621,train
3622,val
3623,test
3624,train
3625,train
3626,train
3627,test
3628,train
3629,test
3630,val
3631,val
3632,train
3633,train
3634,test
3635,val
3636,train
3637,val
3638,train
3639,test
3640,train
3641,train
3642,val
3643,train
3644,train
3645,train
3646,train
3647,val
3648,test
3649,test
3650,train
3651,train
3652,train
3653,train
3654,train
3655,train
3656,train
3657,val
3658,train
3659,train
3660,train
3661,train
3662,train
3663,train
3664,val
3665,train
3666,train
3667,train
3668,train
3669,train
3670,test
3671,train
3672,val
3673,val
3674,val
3675,train
3676,val
3677,train
3679,train
3680,test
3681,train
3682,train
3683,train
3684,test
3685,train
3686,train
3687,train
3688,train
3689,val
3690,train
3691,val
3692,test
3693,train
3694,train
3695,test
3696,train
3697,train
3698,train
3699,test
3700,train
3701,train
3702,train
3703,train
3704,val
3705,train
3706,train
3707,train
3708,train
3709,val
3710,val
3711,test
3712,val
3713,test
3714,train
3715,train
3716,train
3717,train
3718,train
3719,train
3720,train
3721,train
3722,train
3723,train
3724,train
3725,train
3727,train
3728,train
3729,val
3730,train
3731,train
3732,test
3733,test
3734,train
3735,train
3736,train
3737,test
3738,train
3739,train
3740,train
3741,train
3742,train
3743,train
3744,train
3745,train
3746,train
3747,train
3748,train
3749,train
3750,train
3751,train
3752,train
3753,train
3754,train
3755,test
3756,train
3757,test
3758,train
3759,val
3760,train
3761,train
3762,val
3763,train
3764,train
3765,train
3766,train
3767,val
3768,train
3769,val
3770,train
3771,train
3772,train
3773,val
3774,train
3775,train
3776,train
3777,train
3778,train
3779,val
3780,train
3781,train
3782,train
3783,train
3784,train
3785,train
3786,train
3787,train
3788,test
3789,test
3790,train
3791,test
3792,train
3793,val
3794,val
3795,train
3796,test
3797,train
3798,train
3799,train
3800,train
3802,train
3804,train
3805,val
3806,train
3807,train
3808,train
3809,train
3810,train
3811,test
3812,train
3813,train
3814,train
3815,train
3816,val
3817,train
3818,train
3819,train
3820,test
3821,train
3822,train
3823,train
3824,train
3825,train
3826,test
3827,train
3828,train
3829,val
3830,train
3831,val
3832,train
3833,train
3834,train
3835,train
3836,train
3837,test
3838,train
3839,train
3840,train
3841,train
3842,train
3843,val
3844,train
3845,val
3846,train
3847,val
3849,train
3850,test
3851,train
3852,train
3853,val
3854,train
3855,train
3856,train
3857,train
3858,train
3859,val
3860,test
3861,test
3862,train
3863,train
3864,train
3865,test
3866,train
3867,train
3868,train
3869,train
3870,val
3871,train
3872,train
3873,test
3874,val
3875,train
3876,val
3877,val
3878,train
3879,train
3880,train
3881,train
3882,train
3883,train
3884,train
3885,train
3886,train
3887,train
3888,val
3889,train
3890,train
3891,test
3892,train
3893,test
3894,train
3895,val
3896,train
3897,train
3898,val
3899,train
3900,train
3901,val
3902,train
3903,train
3904,train
3906,test
3907,train
3908,train
3909,train
3910,train
3911,train
3912,test
3913,train
3914,train
3915,train
3916,train
3917,train
3918,val
3919,train
3920,train
3921,test
3922,train
3923,train
3925,train
3926,val
3927,train
3928,val
3929,train
3930,train
3931,test
3932,train
3933,test
3934,train
3935,val
3936,train
3937,train
3938,train
3939,train
3940,train
3941,train
3942,train
3943,train
3944,train
3945,val
3946,train
3947,train
3948,train
3949,train
3950,train
3951,test
3952,train
3953,train
3954,train
3955,train
3956,train
3957,train
3958,val
3959,train
3960,train
3961,val
3962,train
3963,test
3964,train
3965,train
3966,train
3967,train
3968,train
3969,val
3970,val
3971,test
3972,train
3973,train
3974,val
3975,val
3976,train
3977,test
3978,train
3979,train
3980,train
3981,test
3982,train
3983,train
3984,train
3985,train
3986,train
3987,val
3988,val
3989,train
3990,val
3991,train
3992,train
3993,train
3994,train
3995,train
3996,train
3997,train
3998,train
4000,train
4001,train
4002,train
4003,train
4004,test
4005,test
4006,test
4007,train
4008,train
4009,train
4010,test
4011,train
4012,train
4013,train
4014,val
4015,train
4016,train
4017,train
4018,train
4019,train
4020,train
4021,train
4022,train
4023,train
4024,train
4025,train
4026,train
4027,val
4028,train
4029,train
4030,train
4031,val
4032,train
4033,test
4034,train
4035,test
4036,train
4037,val
4038,test
4039,train
4040,train
4041,train
4042,train
4043,train
4044,train
4045,train
4046,train
4047,train
4048,test
4049,train
4050,val
4051,val
4052,test
4053,train
4054,train
4055,val
4056,train
4057,val
4058,train
4059,test
4060,test
4061,val
4062,train
4063,train
4064,train
4065,test
4066,val
4067,train
4068,train
4069,train
4070,train
4071,train
4072,train
4073,train
4074,train
4075,test
4076,train
4077,train
4078,train
4079,test
4080,train
4081,test
4082,test
4083,train
4084,train
4085,train
4086,train
4087,test
4088,train
4089,test
4090,train
4091,val
4092,train
4093,test
4094,val
4095,train
4096,train
4097,train
4098,train
4099,test
4100,train
4101,train
4102,train
4103,train
4104,train
4105,train
4106,train
4107,train
4108,train
4109,train
4110,train
4111,train
4112,val
4113,train
4114,train
4117,train
4118,test
4119,train
4120,val
4121,train
4122,train
4123,test
4124,train
4125,train
4126,train
4127,train
4128,train
4129,val
4130,test
4131,train
4132,train
4133,train
4134,train
4135,train
4136,train
4137,train
4138,train
4139,val
4140,train
4141,train
4142,train
4143,train
4144,train
4145,train
4146,train
4147,train
4148,train
4149,train
4150,train
4151,train
4152,train
4153,train
4154,train
4155,train
4156,train
4157,val
4158,val
4159,train
4160,train
4161,train
4162,train
4163,train
4164,train
4166,train
4168,train
4169,train
4170,train
4171,train
4172,train
4173,train
4174,train
4175,train
4179,train
4180,train
4181,test
4183,test
4184,train
4186,val
4187,train
4188,train
4189,val
4190,train
4191,val
4192,test
4193,test
4194,train
4195,val
4196,train
4197,train
4198,train
4199,train
4200,val
4201,train
4202,train
4203,train
4204,train
4205,train
4206,train
4207,test
4208,train
4209,train
4210,train
4211,train
4212,test
4213,test
4214,val
4215,test
4216,val
4217,train
4218,train
4219,train
4220,test
4221,val
4222,train
4223,train
4224,val
4225,train
4226,train
4227,val
4228,test
4229,train
4230,val
4231,train
4232,train
4233,train
4234,train
4235,train
4236,test
4237,train
4238,train
4239,train
4240,train
4241,train
4242,train
4243,test
4244,val
4245,train
4246,train
4247,train
4248,train
4249,train
4250,val
4251,train
4252,train
4253,train
4254,val
4256,train
4257,train
4258,val
4259,train
4260,train
4261,train
4262,train
4263,train
4264,train
4265,val
4266,train
4267,train
4268,val
4269,test
4270,train
4272,test
4274,train
4275,test
4276,train
4278,train
4279,train
4281,train
4282,train
4283,train
4284,train
4286,train
4290,train
4292,train
4293,train
4294,val
4295,test
4296,test
4297,test
4298,val
4299,train
4300,val
4301,train
4302,val
4303,train
4304,train
4305,train
4306,train
4307,train
4308,train
4309,train
4310,train
4311,train
4312,train
4313,val
4314,train
4315,train
4316,test
4317,train
4318,train
4319,train
4320,test
4321,train
4322,train
4323,test
4324,val
4325,test
4326,train
4327,test
4328,train
4329,train
4330,train
4331,train
4332,train
4334,val
4336,train
4337,train
4338,test
4339,train
4340,train
4342,train
4343,train
4344,test
4345,val
4346,test
4351,test
4352,val
4353,train
4354,train
4355,train
4356,train
4357,val
4358,train
4359,test
4361,train
4362,val
4363,train
4364,train
4365,val
4366,train
4367,train
4368,test
4370,train
4371,val
4373,train
4374,train
4375,train
4376,train
4377,test
4378,train
4379,test
4380,train
4381,test
4382,train
4383,val
4385,train
4386,train
4387,train
4388,train
4389,test
4390,train
4391,train
4392,train
4393,test
4394,train
4396,train
4397,test
4398,val
4399,train
4400,train
4401,train
4402,test
4403,train
4404,train
4405,train
4406,train
4407,train
4408,val
4409,val
4410,train
4411,test
4412,train
4413,train
4415,train
4416,train
4417,train
4418,train
4419,train
4420,train
4421,train
4422,val
4423,train
4424,train
4425,train
4426,train
4427,train
4428,val
4429,train
4431,train
4432,train
4433,test
4435,train
4436,test
4437,train
4438,test
4439,train
4440,train
4441,train
4443,test
4444,train
4445,train
4446,train
4447,val
4448,train
4449,test
4450,val
4451,train
4452,train
4453,train
4454,train
4455,train
4456,train
4457,test
4458,val
4459,val
4460,train
4461,train
4462,train
4464,train
4465,train
4466,train
4467,test
4468,train
4469,train
4470,train
4471,train
4472,train
4473,train
4474,train
4475,train
4476,train
4477,val
4478,train
4479,train
4480,train
4482,train
4483,test
4484,train
4485,train
4486,train
4487,train
4488,test
4489,train
4490,train
4491,train
4492,train
4493,train
4494,val
4495,val
4496,train
4497,train
4498,train
4499,val
4500,train
4501,train
4502,train
4503,val
4504,train
4505,val
4506,train
4507,train
4508,test
4509,train
4510,train
4511,train
4512,train
4513,val
4514,train
4515,test
4516,train
4517,val
4518,train
4519,test
4520,train
4521,train
4522,train
4523,val
4524,train
4525,train
4526,train
4527,train
4528,test
4529,test
4530,train
4531,test
4532,train
4533,val
4534,train
4535,train
4536,train
4538,train
4539,train
4540,test
4541,train
4542,train
4543,train
4544,train
4545,train
4546,val
4547,val
4548,train
4549,train
4550,val
4551,val
4552,train
4553,val
4554,train
4555,train
4556,train
4557,train
4558,val
4559,train
4560,train
4561,train
4562,train
4563,train
4564,train
4565,train
4566,test
4567,train
4568,test
4569,val
4570,train
4571,train
4572,train
4573,val
4574,train
4575,val
4576,train
4577,train
4578,train
4579,test
4580,val
4581,train
4582,val
4583,val
4584,test
4585,test
4586,train
4587,train
4588,train
4589,test
4590,test
4591,test
4592,val
4593,train
4594,train
4595,train
4596,train
4597,train
4599,train
4600,train
4601,train
4602,val
4603,train
4604,train
4605,train
4606,val
4607,train
4608,train
4609,test
4610,train
4611,train
4612,train
4613,train
4614,train
4615,train
4616,val
4617,train
4618,train
4619,train
4620,train
4621,train
4622,train
4623,train
4624,train
4625,test
4626,test
4627,train
4628,train
4630,train
4631,train
4632,train
4633,train
4634,val
4635,val
4636,val
4637,val
4638,train
4639,train
4640,train
4641,train
4642,train
4643,val
4644,train
4645,train
4646,train
4647,train
4648,train
4649,train
4650,train
4651,train
4652,test
4653,train
4654,train
4655,train
4656,val
4657,train
4658,train
4661,train
4662,test
4663,val
4664,train
4665,train
4666,train
4667,train
4668,test
4669,train
4670,test
4671,train
4672,val
4673,train
4674,train
4675,train
4676,train
4677,val
4678,train
4679,train
4680,train
4681,train
4682,train
4683,val
4684,val
4685,train
4686,train
4687,train
4688,train
4689,train
4690,train
4691,train
4692,train
4693,train
4694,train
4695,train
4696,val
4697,val
4698,train
4699,train
4700,train
4701,train
4702,val
4703,train
4704,val
4705,train
4706,val
4707,train
4708,train
4709,test
4710,test
4711,test
4712,train
4713,train
4714,train
4715,train
4716,train
4717,test
4718,train
4719,train
4720,test
4721,train
4722,train
4723,train
4724,test
4725,train
4726,train
4727,train
4728,train
4729,train
4730,val
4731,train
4732,test
4733,train
4734,train
4735,train
4736,train
4737,train
4738,train
4739,train
4740,val
4741,test
4742,test
4743,train
4744,test
4745,val
4746,train
4747,val
4748,test
4749,train
4750,train
4751,train
4752,train
4753,test
4754,train
4755,train
4756,train
4757,train
4758,train
4759,val
4760,train
4761,test
4762,val
4763,train
4764,train
4765,train
4766,val
4767,train
4768,train
4769,train
4770,train
4771,train
4772,val
4773,val
4774,train
4775,val
4776,train
4777,test
4778,train
4779,train
4780,train
4781,train
4782,train
4783,train
4784,train
4785,train
4786,test
4787,test
4788,train
4789,train
4790,train
4791,val
4792,train
4793,test
4794,val
4795,train
4796,val
4797,val
4798,train
4799,train
4800,train
4801,train
4802,test
4803,train
4804,val
4805,train
4806,train
4807,train
4808,train
4809,train
4810,train
4811,val
4812,test
4813,test
4814,train
4815,val
4816,train
4817,train
4818,train
4819,train
4825,train
4826,val
4827,train
4828,train
4829,train
4830,train
4831,train
4832,train
4833,train
4834,train
4835,val
4836,train
4837,train
4838,train
4839,train
4840,train
4841,train
4842,train
4843,train
4844,train
4845,train
4846,val
4847,train
4848,train
4849,train
4850,test
4851,train
4852,train
4853,val
4854,train
4855,train
4856,train
4857,train
4858,train
4859,val
4860,train
4861,train
4862,train
4863,train
4864,train
4865,val
4866,test
4867,train
4868,val
4869,val
4870,train
4871,train
4872,val
4873,val
4874,train
4875,train
4876,val
4877,train
4878,val
4879,train
4880,test
4881,train
4882,train
4883,train
4884,train
4885,train
4886,test
4887,test
4888,train
4889,train
4890,train
4891,train
4892,test
4893,test
4894,test
4895,test
4896,train
4897,test
4900,train
4901,train
4902,test
4903,test
4904,test
4905,train
4906,train
4907,train
4908,train
4909,train
4910,train
4911,train
4912,train
4913,test
4914,train
4915,train
4916,val
4917,train
4918,train
4919,train
4920,train
4921,val
4922,train
4923,val
4924,val
4925,train
4926,val
4927,train
4928,test
4929,test
4930,train
4931,train
4932,train
4933,train
4934,train
4935,train
4936,train
4937,train
4938,train
4939,val
4940,train
4941,train
4942,train
4943,train
4944,train
4945,val
4946,val
4947,train
4948,train
4949,train
4950,train
4952,train
4953,train
4954,train
4955,train
4956,train
4957,train
4958,train
4959,train
4960,train
4961,train
4962,val
4963,train
4964,train
4965,train
4966,train
4967,val
4968,val
4969,test
4970,val
4971,train
4972,train
4973,val
4974,val
4975,train
4976,train
4977,train
4978,train
4979,train
4980,train
4982,val
4983,train
4984,train
4985,train
4986,val
4987,train
4988,test
4989,train
4990,train
4991,train
4992,test
4993,train
4994,train
4995,train
4996,train
4997,train
4998,train
5000,train
5001,train
5002,train
5003,train
5004,val
5005,train
5006,val
5007,train
5008,train
5009,train
5010,train
5011,train
5012,train
5013,train
5014,train
5015,train
5016,train
5017,train
5018,test
5019,train
5020,train
5021,train
5022,train
5023,train
5024,test
5026,test
5027,val
5037,val
5038,train
5040,test
5042,train
5043,train
5045,train
5046,train
5047,train
5049,train
5050,test
5052,val
5053,train
5054,train
5055,train
5067,train
5068,train
5069,train
5070,test
5071,train
5072,train
5073,train
5074,train
5075,train
5076,train
5077,train
5078,train
5079,train
5080,train
5081,train
5082,train
5083,train
5084,val
5085,val
5086,train
5087,test
5089,train
5090,train
5091,train
5092,train
5093,val
5094,train
5095,train
5096,train
5097,train
5098,test
5099,train
5100,test
5101,train
5103,val
5104,train
5107,train
5108,train
5109,train
5110,train
5111,train
5112,train
5113,train
5114,train
5115,test
5116,train
5117,train
5118,train
5119,test
5120,train
5121,train
5122,test
5123,test
5124,train
5125,train
5126,train
5127,train
5128,train
5129,test
5130,train
5131,train
5132,train
5133,test
5134,train
5135,train
5136,test
5137,train
5138,test
5139,train
5140,val
5141,train
5142,val
5143,train
5144,train
5145,train
5146,train
5147,train
5148,val
5149,train
5150,train
5151,test
5152,val
5153,test
5154,test
5155,train
5156,val
5157,test
5158,train
5160,train
5161,train
5162,train
5163,test
5164,train
5165,train
5166,train
5167,train
5168,train
5169,val
5170,train
5171,train
5172,train
5173,train
5174,train
5175,val
5176,val
5177,test
5178,train
5179,train
5180,train
5181,val
5182,train
5183,val
5184,val
5185,train
5186,test
5187,val
5188,train
5189,train
5190,val
5192,train
5193,train
5194,train
5196,train
5197,val
5198,test
5199,train
5201,train
5202,train
5203,val
5204,train
5205,train
5208,train
5209,test
5210,val
5211,train
5212,train
5213,test
5214,train
5215,train
5216,train
5217,val
5218,test
5219,train
5220,val
5221,train
5222,train
5223,train
5224,val
5225,train
5226,train
5227,val
5228,train
5229,test
5230,train
5231,train
5232,train
5233,train
5234,train
5238,val
5239,test
5240,train
5241,train
5242,train
5243,train
5248,val
5251,train
5252,train
5253,train
5254,train
5255,test
5256,train
5257,test
5258,train
5259,train
5260,train
5261,val
5262,train
5263,test
5264,train
5265,train
5266,train
5267,train
5268,val
5269,train
5270,val
5271,train
5272,val
5273,test
5279,train
5280,train
5281,train
5282,train
5283,train
5285,train
5286,test
5287,train
5288,train
5289,train
5290,train
5291,train
5292,train
5293,train
5294,train
5295,train
5296,train
5299,train
5300,val
5301,train
5303,train
5314,train
5315,train
5316,train
5317,val
5319,train
5320,train
5321,train
5322,train
5324,test
5326,train
5327,train
5329,test
5330,train
5332,train
5336,train
5339,val
5340,val
5341,train
5342,val
5343,train
5344,train
5345,train
5346,train
5347,train
5348,train
5349,train
5350,train
5351,train
5352,test
5353,train
5354,train
5355,train
5356,test
5357,test
5358,val
5359,val
5360,train
5361,train
5362,train
5363,train
5364,train
5365,train
5366,val
5367,train
5368,val
5369,train
5370,train
5371,val
5372,train
5373,test
5374,test
5375,train
5376,train
5377,train
5378,test
5379,train
5380,test
5381,train
5382,train
5383,test
5384,train
5385,train
5386,train
5387,test
5388,train
5389,train
5390,train
5391,train
5392,train
5393,train
5394,train
5395,test
5396,train
5397,test
5398,train
5399,train
5400,test
5401,train
5402,train
5403,train
5404,test
5405,train
5406,test
5407,train
5408,train
5409,val
5410,val
5411,val
5412,val
5413,train
5414,test
5415,train
5416,val
5417,train
5418,train
5419,train
5420,train
5421,train
5422,train
5423,train
5424,train
5425,train
5426,test
5427,train
5428,train
5429,test
5430,train
5431,test
5432,train
5433,train
5434,test
5435,val
5436,train
5437,train
5438,train
5439,train
5440,val
5441,train
5442,test
5443,test
5444,train
5445,train
5446,test
5447,train
5448,test
5449,val
5450,train
5451,train
5453,train
5454,train
5455,train
5456,train
5457,train
5458,train
5459,train
5460,val
5461,train
5462,train
5463,train
5464,val
5465,train
5466,train
5467,train
5468,train
5469,val
5470,val
5471,train
5472,val
5473,train
5474,train
5475,train
5476,train
5477,train
5478,val
5479,test
5480,train
5481,test
5482,val
5483,train
5484,test
5485,val
5486,train
5487,train
5488,train
5489,train
5490,test
5491,test
5492,train
5493,train
5494,test
5495,train
5496,val
5497,train
5498,train
5499,train
5500,train
5501,train
5502,train
5503,train
5504,train
5505,train
5506,train
5507,train
5513,val
5514,train
5515,val
5516,train
5519,train
5520,train
5525,test
5527,val
5530,test
5531,train
5532,train
5533,train
5534,val
5535,test
5536,val
5537,val
5538,val
5539,train
5540,train
5541,train
5542,train
5543,test
5544,train
5545,train
5546,val
5547,train
5556,train
5558,train
5559,train
5560,train
5565,train
5566,train
5567,test
5568,train
5569,train
5570,train
5571,train
5572,train
5573,train
5574,test
5575,train
5576,train
5577,val
5578,train
5579,train
5580,train
5581,train
5582,train
5583,train
5584,test
5585,train
5586,test
5588,test
5589,test
5590,train
5593,val
5594,test
5595,val
5599,train
5600,train
5601,train
5602,train
5603,train
5604,train
5605,val
5606,train
5608,train
5609,train
5610,train
5611,val
5614,val
5615,train
5616,train
5617,val
5618,train
5619,train
5620,train
5621,train
5622,test
5623,train
5625,train
5627,val
5628,train
5629,train
5630,val
5631,test
5635,train
5638,train
5641,train
5646,train
5647,train
5654,train
5658,train
5659,train
5660,train
5661,test
5662,train
5664,train
5665,test
5666,train
5667,train
5668,train
5669,train
5670,train
5671,train
5672,val
5673,train
5674,train
5675,val
5676,test
5677,train
5678,train
5679,train
5680,train
5681,train
5682,train
5683,test
5684,train
5685,test
5686,train
5687,train
5688,train
5689,train
5690,train
5691,train
5692,val
5693,train
5694,test
5696,test
5697,train
5698,train
5699,train
5700,train
5701,train
5702,train
5703,train
5704,train
5705,train
5706,train
5707,val
5709,train
5710,val
5712,train
5714,train
5716,test
5717,test
5718,train
5719,train
5720,train
5721,val
5722,train
5723,train
5724,train
5725,train
5726,train
5727,train
5728,train
5729,train
5730,train
5731,val
5734,test
5735,test
5737,train
5739,train
5740,train
5741,train
5742,train
5743,train
5744,train
5745,train
5746,train
5747,train
5748,train
5749,train
5750,val
5751,train
5752,train
5754,train
5755,train
5757,train
5758,test
5759,train
5760,train
5761,train
5762,val
5763,train
5764,train
5765,train
5766,test
5767,train
5768,test
5769,test
5770,train
5771,test
5772,test
5773,test
5774,train
5775,train
5776,train
5777,val
5778,train
5780,train
5781,train
5782,train
5784,train
5785,test
5787,train
5788,train
5789,val
5790,train
5791,train
5792,train
5793,train
5794,train
5795,train
5796,train
5797,train
5798,train
5799,train
5800,train
5801,train
5802,train
5803,train
5804,train
5805,val
5806,train
5807,train
5808,val
5809,train
5810,train
5811,val
5812,train
5813,train
5814,train
5815,train
5816,train
5817,train
5818,train
5819,train
5820,val
5821,train
5822,val
5823,test
5824,test
5825,train
5826,train
5827,val
5828,train
5829,train
5830,train
5831,train
5832,train
5833,train
5834,train
5835,test
5836,val
5837,train
5838,train
5839,train
5840,train
5841,test
5842,train
5843,train
5844,train
5845,train
5846,train
5847,test
5848,train
5849,train
5850,train
5851,val
5852,train
5853,val
5854,train
5855,train
5856,test
5857,test
5858,train
5859,test
5860,test
5861,test
5862,train
5863,train
5864,train
5865,train
5866,test
5867,train
5868,train
5869,val
5870,train
5871,train
5873,train
5874,train
5875,train
5876,train
5877,train
5878,train
5879,train
5881,train
5882,train
5883,train
5884,train
5885,train
5886,train
5887,train
5888,train
5889,test
5890,train
5891,val
5892,train
5893,train
5894,train
5895,train
5896,val
5897,train
5898,test
5899,train
5900,val
5901,train
5902,train
5903,val
5904,test
5905,train
5906,val
5907,test
5908,val
5909,train
5910,test
5911,train
5912,test
5915,train
5916,train
5917,val
5919,train
5920,val
5921,train
5922,train
5923,train
5924,train
5925,train
5926,train
5927,train
5928,train
5929,test
5930,train
5931,train
5932,train
5933,train
5934,train
5935,val
5936,train
5937,train
5938,train
5939,train
5940,train
5941,val
5942,train
5943,val
5944,train
5945,val
5946,test
5947,train
5948,train
5949,test
5951,val
5952,train
5953,test
5954,train
5955,val
5956,train
5957,test
5958,train
5959,val
5960,train
5962,train
5963,test
5964,train
5966,train
5967,train
5969,val
5970,train
5971,train
5972,train
5973,train
5974,train
5975,train
5976,train
5978,train
5979,test
5980,train
5981,test
5982,val
5983,train
5984,train
5985,train
5986,val
5987,train
5988,train
5990,train
5991,train
5992,train
5993,train
5994,train
5995,test
5996,train
5998,train
5999,train
6001,train
6002,val
6003,train
6004,val
6005,train
6006,train
6007,train
6008,test
6009,train
6010,val
6011,val
6012,train
6013,train
6014,train
6015,train
6016,train
6017,test
6020,val
6021,train
6022,train
6023,test
6024,train
6025,train
6026,test
6027,train
6029,train
6030,train
6031,val
6032,test
6033,train
6035,train
6036,train
6037,train
6038,train
6039,train
6040,train
6041,val
6042,test
6043,test
6044,train
6046,test
6048,test
6049,train
6052,test
6053,train
6054,train
6055,train
6057,train
6059,train
6060,train
6061,val
6062,train
6063,train
6064,train
6065,train
6066,train
6067,train
6068,test
6069,test
6070,train
6071,train
6073,test
6076,val
6079,train
6080,train
6082,train
6083,val
6084,val
6085,train
6086,train
6087,train
6088,test
6089,train
6090,train
6091,train
6092,train
6093,val
6094,train
6095,train
6097,train
6099,train
6100,train
6101,test
6102,train
6103,train
6104,val
6105,train
6106,train
6107,train
6108,val
6109,train
6110,train
6111,train
6112,train
6113,train
6114,train
6115,test
6116,val
6117,train
6118,train
6119,val
6120,val
6121,train
6122,train
6123,train
6124,val
6125,train
6126,train
6127,train
6128,train
6129,train
6130,train
6131,train
6132,train
6133,train
6134,train
6135,train
6136,train
6137,train
6138,train
6139,val
6140,train
6141,train
6142,test
6143,test
6144,train
6145,val
6146,train
6147,val
6148,train
6149,train
6150,train
6151,test
6152,train
6153,train
6154,train
6155,train
6156,train
6157,train
6158,train
6159,train
6160,train
6161,train
6162,val
6163,train
6164,val
6165,test
6166,test
6167,test
6168,val
6169,test
6170,train
6171,train
6172,train
6173,train
6174,train
6175,test
6176,train
6177,train
6178,test
6180,train
6181,train
6182,val
6183,train
6184,train
6185,train
6187,test
6188,train
6189,test
6190,train
6191,train
6192,test
6194,train
6195,train
6196,val
6197,train
6198,train
6199,train
6200,train
6201,train
6202,test
6203,train
6204,val
6205,train
6206,train
6207,train
6208,val
6209,test
6211,test
6212,train
6213,train
6214,train
6215,train
6216,train
6217,test
6219,train
6220,train
6222,test
6223,train
6224,train
6225,train
6226,train
6227,train
6228,val
6229,test
6230,test
6231,train
6232,val
6233,train
6234,train
6235,train
6236,train
6237,train
6238,train
6239,train
6240,train
6241,train
6242,train
6243,val
6244,train
6245,train
6246,val
6247,train
6248,train
6249,train
6251,train
6252,train
6253,test
6254,val
6255,train
6257,train
6258,train
6259,train
6264,test
6266,test
6267,train
6268,train
6269,test
6271,train
6272,train
6274,train
6275,val
6277,train
6278,val
6279,train
6280,train
6282,train
6283,train
6285,train
6286,train
6287,train
6288,train
6289,val
6291,train
6292,train
6293,train
6294,train
6295,test
6297,val
6298,train
6300,train
6301,train
6302,train
6303,train
6304,train
6306,train
6307,train
6308,val
6310,val
6311,test
6312,train
6313,val
6314,train
6315,train
6317,train
6318,train
6319,val
6320,train
6321,test
6323,train
6325,train
6326,train
6327,test
6328,train
6329,train
6331,train
6332,train
6334,train
6338,train
6339,test
6341,train
6342,train
6343,train
6344,train
6345,train
6347,train
6348,val
6349,train
6350,train
6351,train
6352,train
6353,train
6356,train
6357,train
6359,val
6360,train
6361,train
6362,train
6363,train
6366,train
6368,train
6370,train
6371,test
6372,train
6373,train
6374,train
6376,train
6377,val
6378,test
6379,val
6380,train
6381,train
6382,train
6383,train
6385,train
6386,train
6387,train
6388,val
6389,train
6390,test
6391,train
6392,test
6393,train
6394,train
6395,train
6396,train
6397,test
6398,val
6399,val
6400,train
6401,val
6402,train
6403,train
6404,train
6405,train
6406,val
6407,train
6408,train
6409,train
6410,train
6411,train
6412,test
6413,train
6414,train
6415,train
6416,val
6417,train
6418,train
6419,train
6420,train
6421,train
6422,train
6423,train
6424,train
6425,test
6426,train
6427,val
6428,train
6429,train
6430,train
6431,train
6432,train
6433,val
6434,test
6435,train
6436,train
6437,val
6438,val
6439,train
6440,train
6441,train
6442,val
6443,train
6444,train
6445,train
6446,test
6447,test
6448,train
6449,train
6450,train
6451,train
6452,train
6453,train
6454,train
6455,train
6456,val
6457,train
6458,train
6459,test
6460,train
6461,train
6462,val
6463,train
6464,train
6465,test
6466,train
6467,test
6468,test
6469,train
6470,test
6471,train
6472,val
6473,val
6474,test
6475,train
6476,train
6477,train
6478,train
6479,train
6480,train
6481,train
6482,train
6483,train
6484,test
6485,train
6486,train
6487,train
6488,val
6489,train
6490,test
6491,train
6492,train
6493,train
6494,train
6495,train
6496,test
6497,val
6498,test
6499,val
6500,train
6501,train
6502,train
6503,train
6504,train
6505,train
6506,train
6507,test
6508,train
6509,train
6510,train
6511,test
6512,train
6513,train
6514,train
6515,train
6516,train
6517,train
6518,train
6519,val
6520,train
6521,train
6522,train
6523,train
6524,train
6525,train
6526,train
6527,train
6528,train
6529,train
6530,train
6531,val
6532,val
6533,train
6534,train
6535,train
6536,val
6537,train
6538,train
6539,train
6540,train
6541,train
6542,test
6543,val
6544,train
6545,train
6546,train
6547,train
6548,train
6549,train
6550,val
6551,test
6552,val
6553,train
6554,train
6555,train
6556,test
6557,train
6558,train
6559,train
6560,train
6561,val
6562,train
6563,train
6564,val
6565,train
6566,train
6567,train
6568,test
6569,train
6570,test
6571,train
6572,train
6574,train
6575,train
6576,train
6577,train
6578,train
6579,train
6581,train
6582,val
6583,train
6584,val
6585,train
6586,train
6587,train
6588,train
6589,val
6590,train
6591,test
6592,train
6593,train
6594,train
6595,train
6596,train
6597,test
6598,train
6599,train
6600,train
6601,train
6602,train
6603,train
6604,train
6605,train
6606,train
6607,train
6608,train
6609,test
6610,val
6611,train
6612,train
6613,test
6614,train
6615,train
6616,train
6617,val
6618,val
6619,train
6620,train
6621,train
6622,train
6623,val
6624,test
6625,val
6626,train
6627,train
6628,val
6629,train
6630,val
6631,test
6632,train
6633,train
6634,train
6635,train
6636,train
6637,test
6638,val
6639,train
6640,train
6641,train
6642,train
6643,train
6644,train
6645,train
6646,train
6647,train
6648,train
6649,train
6650,train
6651,train
6652,train
6653,train
6654,val
6655,train
6656,val
6657,train
6658,train
6659,train
6660,train
6661,train
6662,train
6663,train
6664,train
6665,train
6666,train
6667,train
6668,train
6669,train
6670,train
6671,train
6672,train
6673,test
6674,train
6675,test
6676,train
6677,train
6678,train
6679,test
6680,train
6681,train
6682,train
6683,train
6684,train
6685,train
6686,val
6687,val
6688,train
6689,train
6690,train
6691,train
6692,train
6693,train
6694,train
6695,train
6696,train
6697,test
6698,train
6699,train
6700,train
6701,train
6703,train
6704,train
6705,train
6706,val
6707,val
6708,train
6709,train
6710,train
6711,train
6712,test
6713,train
6714,train
6715,train
6716,test
6717,test
6718,val
6720,val
6721,train
6722,val
6724,train
6725,train
6726,val
6727,train
6728,test
6729,test
6731,train
6732,train
6733,train
6734,train
6735,val
6736,test
6738,train
6739,train
6740,train
6741,test
6742,train
6743,test
6744,train
6745,val
6746,train
6747,test
6748,train
6751,train
6752,train
6753,train
6754,val
6755,val
6756,train
6757,test
6758,train
6759,train
6760,train
6761,train
6762,train
6763,train
6764,train
6765,train
6766,train
6767,val
6768,train
6769,train
6770,train
6771,test
6772,train
6773,train
6774,train
6775,train
6776,val
6777,train
6778,train
6779,train
6780,train
6781,test
6782,train
6783,val
6784,val
6785,train
6786,train
6787,train
6788,train
6789,train
6790,train
6791,val
6792,train
6793,train
6794,train
6795,train
6796,train
6797,train
6798,train
6799,train
6800,train
6801,val
6802,train
6803,train
6804,train
6805,val
6806,train
6807,train
6808,train
6809,train
6810,val
6811,test
6812,train
6813,test
6814,train
6815,train
6816,test
6817,val
6818,test
6819,train
6820,val
6821,train
6822,train
6823,train
6824,test
6825,train
6826,train
6827,train
6829,train
6830,train
6831,train
6832,train
6833,train
6834,train
6835,train
6836,train
6837,train
6838,train
6839,train
6840,test
6841,test
6842,train
6843,train
6844,test
6845,train
6848,train
6852,train
6853,train
6854,train
6855,train
6856,train
6857,train
6859,train
6860,train
6861,train
6862,val
6863,train
6864,train
6865,train
6866,val
6867,train
6868,train
6869,train
6870,train
6871,train
6872,train
6873,train
6874,val
6875,train
6876,train
6877,train
6878,train
6879,test
6880,train
6881,train
6882,train
6883,train
6884,train
6885,train
6886,train
6887,train
6888,test
6889,train
6890,train
6891,train
6892,train
6893,train
6894,train
6895,train
6896,train
6897,train
6898,train
6899,train
6900,val
6901,test
6902,train
6903,test
6904,train
6905,train
6906,val
6907,test
6908,test
6909,val
6910,val
6911,val
6912,train
6913,train
6914,train
6915,train
6918,test
6924,test
6926,train
6928,train
6929,train
6930,train
6931,test
6932,train
6933,train
6934,train
6935,train
6936,train
6937,train
6938,train
6939,val
6940,train
6941,val
6943,train
6944,test
6945,train
6946,train
6947,train
6948,train
6949,train
6950,train
6951,val
6952,train
6953,train
6954,val
6956,val
6958,train
6961,train
6962,train
6963,train
6965,test
6966,train
6967,train
6969,train
6971,val
6972,test
6973,train
6974,train
6977,train
6979,train
6980,train
6981,train
6982,train
6983,train
6984,train
6985,test
6986,train
6987,train
6988,train
6990,train
6991,train
6994,train
6995,val
6996,train
6997,train
6998,test
6999,train
7000,train
7001,test
7002,train
7003,val
7004,train
7005,train
7006,train
7007,train
7008,train
7009,train
7010,train
7011,val
7012,val
7013,train
7015,train
7017,train
7019,train
7020,train
7021,train
7023,train
7025,train
7026,train
7027,train
7028,test
7029,train
7030,train
7031,train
7032,train
7035,train
7036,train
7037,train
7038,train
7039,test
7040,val
7041,train
7042,test
7043,train
7044,val
7045,train
7046,train
7047,train
7048,val
7049,train
7051,train
7053,train
7054,train
7055,test
7056,test
7057,train
7058,train
7059,train
7060,train
7061,train
7062,train
7063,test
7064,val
7065,test
7066,train
7067,test
7068,train
7069,train
7070,train
7071,train
7072,train
7073,train
7074,train
7075,test
7076,train
7077,train
7078,train
7079,train
7080,train
7081,train
7082,train
7083,train
7084,train
7085,train
7086,train
7087,val
7088,train
7089,val
7090,test
7091,train
7092,train
7093,train
7096,test
7097,train
7098,train
7099,train
7100,test
7101,train
7102,train
7103,val
7104,val
7105,train
7106,train
7107,train
7108,train
7109,train
7110,train
7111,train
7112,train
7113,train
7114,train
7115,train
7116,train
7117,train
7118,train
7119,train
7120,train
7121,test
7122,train
7123,train
7124,train
7126,train
7127,train
7128,test
7129,train
7130,test
7131,test
7132,test
7133,test
7134,train
7135,test
7136,test
7137,train
7138,train
7139,train
7140,train
7141,train
7142,val
7143,train
7144,val
7145,train
7146,train
7147,test
7148,test
7149,train
7150,train
7151,val
7152,val
7153,train
7154,test
7155,train
7156,train
7157,val
7160,train
7162,val
7163,train
7164,train
7165,train
7166,val
7167,val
7168,train
7169,train
7170,train
7171,train
7172,train
7173,train
7174,train
7175,train
7176,train
7177,train
7178,train
7179,test
7180,val
7181,train
7182,train
7183,train
7184,train
7185,train
7186,train
7187,train
7188,train
7189,test
7190,train
7191,test
7192,test
7193,test
7194,train
7195,train
7196,train
7197,val
7198,test
7199,train
7200,test
7201,val
7202,train
7203,train
7204,train
7205,val
7206,train
7207,train
7208,train
7209,train
7210,val
7211,train
7212,test
7213,train
7214,train
7215,train
7216,train
7217,train
7218,train
7219,train
7220,val
7221,train
7222,train
7223,test
7224,train
7226,train
7227,val
7228,train
7230,train
7231,train
7232,train
7233,train
7234,train
7235,val
7236,val
7237,train
7238,train
7239,train
7240,train
7241,train
7242,train
7243,train
7244,train
7246,val
7247,test
7248,train
7249,test
7250,train
7251,train
7252,train
7253,train
7254,test
7255,val
7256,train
7257,train
7258,val
7259,train
7260,train
7261,train
7262,train
7263,train
7265,train
7266,train
7267,test
7268,test
7269,train
7270,train
7271,train
7272,test
7273,train
7275,test
7276,train
7277,val
7278,train
7281,train
7282,train
7283,test
7284,test
7285,train
7286,test
7287,train
7288,train
7289,train
7290,val
7291,train
7292,train
7293,test
7294,train
7295,test
7296,train
7297,test
7298,train
7299,val
7300,test
7301,train
7302,train
7303,train
7304,train
7305,train
7306,val
7307,test
7308,train
7309,val
7310,train
7311,test
7312,train
7313,test
7314,test
7315,train
7316,train
7317,test
7319,train
7320,train
7321,test
7322,train
7323,train
7324,val
7325,train
7326,test
7327,train
7328,train
7329,val
7330,train
7331,train
7332,val
7340,val
7341,val
7342,test
7343,train
7345,val
7346,train
7347,train
7348,test
7349,train
7350,train
7351,train
7352,train
7353,train
7355,train
7357,train
7359,train
7362,val
7363,test
7364,train
7365,train
7366,train
7367,train
7368,train
7369,train
7370,train
7371,train
7372,val
7373,train
7374,train
7375,train
7376,train
7377,train
7378,train
7379,train
7380,train
7381,train
7382,train
7383,train
7384,train
7385,train
7386,val
7387,val
7388,val
7389,train
7390,train
7391,train
7392,train
7393,train
7394,train
7395,test
7396,train
7397,val
7398,train
7399,val
7400,train
7401,train
7402,train
7403,train
7404,train
7405,train
7406,train
7407,test
7408,train
7409,train
7410,test
7411,train
7412,train
7413,val
7414,train
7415,train
7416,test
7417,train
7418,train
7419,train
7420,train
7421,test
7422,test
7423,train
7424,test
7425,train
7426,train
7427,train
7428,val
7429,train
7430,train
7431,train
7432,val
7433,train
7434,train
7435,val
7436,test
7437,val
7438,train
7439,test
7440,test
7441,train
7442,train
7443,test
7445,train
7446,train
7447,train
7449,train
7450,train
7451,test
7452,train
7453,train
7454,test
7455,train
7456,val
7457,train
7458,train
7459,val
7460,train
7462,val
7463,train
7465,train
7467,train
7468,train
7469,test
7470,train
7471,test
7472,train
7473,train
7475,test
7476,train
7479,train
7480,train
7481,train
7482,train
7483,train
7484,val
7486,train
7487,train
7488,train
7489,train
7490,train
7491,train
7492,train
7493,val
7494,train
7495,val
7496,val
7497,train
7498,val
7499,train
7500,train
7501,train
7502,train
7503,train
7504,train
7505,train
7506,train
7507,train
7508,train
7509,train
7510,train
7511,train
7512,train
7513,test
7514,train
7515,train
7516,train
7517,val
7518,train
7519,train
7520,train
7521,val
7522,train
7523,train
7524,train
7525,train
7526,train
7527,train
7528,train
7529,train
7530,train
7531,train
7532,test
7533,train
7534,train
7535,train
7536,train
7537,val
7538,train
7539,train
7540,train
7541,train
7542,train
7543,train
7544,val
7545,train
7546,train
7547,train
7548,train
7549,test
7550,test
7551,train
7552,train
7553,train
7554,train
7555,train
7556,val
7557,train
7558,train
7559,train
7560,train
7561,train
7562,train
7563,train
7564,test
7565,val
7566,train
7567,train
7568,train
7569,train
7570,train
7571,train
7572,train
7573,val
7574,train
7575,val
7576,val
7577,test
7578,train
7579,train
7580,test
7581,test
7582,val
7583,train
7584,test
7585,train
7586,train
7587,train
7588,test
7589,train
7590,train
7591,train
7592,train
7593,test
7594,train
7595,train
7596,train
7597,train
7598,train
7599,train
7600,train
7601,train
7602,train
7603,val
7604,train
7605,test
7606,train
7607,train
7608,train
7609,train
7610,train
7611,test
7612,train
7613,train
7614,train
7615,train
7616,test
7617,val
7618,train
7619,train
7621,test
7622,train
7623,train
7624,train
7625,train
7626,val
7629,train
7630,train
7631,train
7632,val
7633,train
7634,test
7635,train
7636,train
7637,train
7638,train
7639,val
7640,train
7641,train
7642,test
7643,train
7644,train
7645,val
7646,train
7647,train
7648,train
7649,train
7650,val
7651,test
7652,val
7653,train
7654,train
7655,train
7656,test
7657,train
7658,train
7659,train
7660,val
7661,test
7662,train
7663,test
7664,train
7665,val
7666,val
7667,train
7668,train
7669,val
7670,val
7671,train
7672,train
7673,train
7674,test
7675,train
7676,train
7677,train
7678,val
7679,val
7680,train
7681,train
7682,train
7683,train
7684,train
7685,train
7686,train
7687,train
7688,train
7689,train
7690,train
7691,train
7692,test
7693,train
7694,train
7695,train
7696,train
7697,val
7698,train
7699,train
7700,train
7701,test
7702,test
7703,train
7704,train
7705,test
7706,val
7707,test
7708,val
7709,train
7710,train
7712,train
7713,train
7714,train
7715,train
7716,train
7717,train
7719,train
7721,train
7722,train
7723,train
7724,train
7726,train
7727,train
7728,train
7729,test
7730,val
7731,train
7732,val
7733,train
7734,train
7735,val
7736,train
7737,train
7739,train
7741,test
7742,train
7743,train
7744,train
7745,val
7746,train
7747,train
7748,train
7749,train
7751,train
7752,test
7753,train
7754,train
7755,train
7756,test
7758,test
7761,train
7763,train
7764,val
7766,train
7767,train
7768,test
7769,train
7770,train
7771,train
7772,train
7773,test
7774,val
7775,train
7776,train
7777,test
7778,val
7779,test
7780,test
7781,test
7782,val
7783,test
7784,train
7785,train
7787,test
7788,train
7789,train
7790,train
7791,train
7792,train
7793,train
7794,train
7795,train
7796,train
7797,test
7798,test
7799,test
7800,test
7801,test
7802,train
7803,train
7804,train
7805,test
7806,test
7807,val
7808,train
7809,val
7810,train
7811,test
7812,test
7813,test
7814,train
7815,train
7816,train
7817,train
7818,train
7819,val
7820,train
7822,train
7823,test
7824,train
7826,train
7827,train
7828,train
7829,val
7830,train
7831,train
7832,train
7833,train
7834,val
7835,train
7836,train
7837,train
7838,train
7840,train
7841,train
7842,val
7843,val
7844,train
7845,train
7846,train
7847,train
7848,train
7850,train
7851,train
7852,train
7853,train
7854,train
7855,train
7856,val
7857,train
7858,train
7859,train
7860,train
7861,test
7862,train
7863,train
7864,train
7865,val
7866,train
7867,train
7868,train
7869,train
7870,train
7871,train
7873,train
7874,train
7875,train
7876,train
7877,train
7878,train
7879,train
7880,train
7881,train
7882,train
7883,train
7884,val
7885,train
7887,test
7888,train
7889,train
7890,train
7891,train
7892,train
7895,train
7896,train
7898,train
7901,test
7902,train
7903,val
7904,test
7905,test
7906,train
7907,train
7908,train
7909,val
7910,train
7911,val
7913,train
7914,train
7915,train
7916,train
7917,test
7918,train
7920,train
7921,train
7922,train
7923,train
7924,train
7925,test
7926,train
7927,train
7928,train
7930,train
7931,val
7932,train
7933,train
7934,test
7935,val
7936,val
7937,train
7938,train
7939,val
7940,train
7941,train
7942,train
7943,train
7944,train
7945,train
7946,train
7947,val
7948,train
7949,train
7950,train
7951,train
7952,train
7953,train
7954,val
7955,train
7956,test
7957,train
7958,train
7959,train
7960,train
7961,train
7962,train
7963,test
7964,train
7965,train
7966,train
7968,train
7969,train
7970,val
7971,val
7979,train
7980,test
7985,train
7987,val
7988,train
7990,train
7996,train
8002,val
8003,train
8004,train
8011,val
8012,train
8014,train
8017,train
8018,train
8020,train
8022,test
8026,train
8030,train
8040,train
8047,val
8050,train
8056,train
8063,train
8064,train
8065,train
8066,val
8067,train
8068,train
8071,train
8072,train
8073,val
8074,train
8075,val
8076,train
8077,train
8078,train
8079,test
8080,train
8081,train
8082,train
8083,train
8084,train
8085,train
8086,train
8087,train
8088,test
8089,train
8090,train
8091,train
8092,train
8093,train
8094,train
8095,test
8096,test
8098,train
8099,val
8100,train
8101,train
8102,train
8103,train
8104,val
8106,train
8107,train
8108,test
8109,test
8110,train
8111,val
8112,train
8113,train
8114,train
8115,val
8116,train
8117,val
8118,train
8119,train
8120,train
8121,train
8122,train
8123,train
8124,test
8125,train
8126,train
8129,train
8130,test
8131,train
8132,train
8133,train
8134,train
8135,train
8136,train
8137,train
8138,train
8139,train
8140,train
8141,train
8142,train
8143,train
8144,train
8145,train
8146,train
8147,train
8148,test
8149,train
8150,train
8151,train
8152,val
8153,train
8154,train
8155,train
8156,train
8157,train
8159,train
8160,val
8161,train
8162,train
8163,test
8164,train
8165,train
8166,train
8167,train
8169,train
8172,val
8175,train
8180,train
8181,train
8182,test
8183,val
8184,train
8185,train
8186,test
8187,train
8188,train
8189,val
8190,val
8191,train
8192,train
8193,train
8194,train
8195,train
8196,train
8197,train
8199,val
8200,val
8202,test
8204,train
8205,train
8206,train
8207,val
8208,train
8209,train
8210,train
8211,train
8212,train
8214,train
8215,val
8216,train
8217,train
8218,test
8219,test
8220,train
8221,train
8222,val
8223,train
8224,train
8227,val
8228,train
8229,test
8231,train
8232,val
8234,val
8235,val
8236,train
8237,train
8238,train
8239,train
8240,val
8242,train
8243,train
8244,train
8245,train
8246,train
8247,train
8248,train
8249,train
8250,train
8251,train
8252,train
8253,test
8254,train
8255,train
8256,train
8257,train
8258,train
8259,train
8260,train
8262,train
8264,train
8265,train
8266,train
8267,train
8268,train
8269,train
8270,val
8271,train
8272,train
8274,train
8275,train
8276,train
8277,val
8278,test
8279,train
8280,train
8281,train
8282,train
8284,train
8285,train
8288,test
8289,train
8290,val
8291,train
8292,train
8293,train
8295,test
8298,val
8299,train
8300,train
8302,val
8303,train
8304,val
8306,train
8307,train
8308,train
8309,train
8310,train
8311,train
8312,test
8313,train
8314,val
8315,train
8316,train
8317,test
8318,train
8319,train
8320,train
8321,val
8322,val
8323,val
8324,val
8326,val
8327,val
8328,train
8330,train
8331,train
8332,train
8333,train
8334,train
8335,train
8336,train
8337,train
8338,train
8339,train
8340,train
8341,train
8342,train
8343,train
8344,train
8345,train
8346,val
8348,val
8349,train
8350,test
8351,val
8352,train
8353,train
8354,train
8355,train
8356,train
8357,val
8358,test
8359,train
8360,train
8361,test
8364,train
8365,train
8366,train
8367,train
8368,train
8369,train
8371,train
8372,train
8373,train
8374,val
8375,train
8376,test
8377,train
8378,train
8379,train
8380,train
8381,train
8382,val
8383,val
8384,train
8385,train
8386,test
8387,train
8388,train
8389,test
8390,train
8391,train
8392,train
8393,train
8394,train
8395,train
8396,train
8397,train
8398,train
8399,test
8400,train
8401,train
8402,val
8403,train
8404,train
8405,train
8406,test
8407,val
8408,train
8409,val
8410,train
8411,val
8412,val
8413,train
8414,test
8415,test
8417,train
8418,train
8419,train
8420,train
8422,train
8426,train
8427,val
8432,train
8433,train
8434,train
8435,val
8436,train
8437,train
8438,train
8439,train
8440,train
8441,train
8442,train
8443,train
8444,train
8445,test
8446,train
8447,train
8448,train
8449,val
8450,train
8451,train
8452,train
8453,train
8454,train
8455,train
8456,val
8457,train
8458,val
8459,train
8460,train
8461,train
8462,val
8463,train
8465,train
8466,test
8467,test
8468,train
8469,val
8470,train
8471,val
8472,test
8473,train
8474,train
8475,test
8476,test
8477,train
8478,val
8479,train
8480,train
8481,train
8482,train
8483,val
8484,train
8485,train
8486,train
8487,train
8488,val
8489,train
8490,train
8491,train
8492,train
8493,train
8494,train
8495,test
8496,train
8497,train
8498,test
8499,train
8500,train
8501,train
8503,train
8505,val
8506,val
8507,val
8512,train
8513,val
8514,val
8515,val
8516,train
8517,val
8518,train
8519,train
8520,train
8521,test
8522,train
8523,train
8524,train
8525,train
8526,train
8527,train
8528,train
8529,train
8530,train
8531,train
8532,train
8535,train
8539,train
8542,train
8546,train
8549,train
8550,train
8551,train
8552,train
8553,val
8554,train
8555,val
8556,train
8557,train
8558,train
8574,train
8580,train
8581,test
8582,train
8583,val
8584,train
8585,train
8586,train
8587,train
8588,train
8589,train
8590,train
8591,train
8593,train
8594,train
8595,train
8596,train
8597,train
8598,train
8600,test
8603,test
8605,train
8606,train
8607,val
8608,train
8610,train
8611,train
8612,train
8613,train
8614,test
8616,train
8617,train
8619,train
8620,train
8622,train
8623,train
8625,train
8626,train
8627,train
8631,test
8634,test
8635,train
8636,val
8638,train
8639,train
8640,train
8641,train
8642,train
8643,train
8646,val
8647,train
8648,train
8649,train
8650,train
8651,train
8653,test
8654,train
8655,train
8658,train
8659,train
8660,train
8661,test
8662,test
8663,train
8664,val
8665,train
8666,val
8667,train
8668,val
8669,val
8670,train
8671,train
8672,train
8673,train
8674,train
8675,train
8676,train
8677,val
8678,val
8679,train
8680,train
8681,train
8682,test
8683,train
8684,train
8685,train
8686,train
8687,train
8688,val
8689,train
8690,train
8691,train
8692,train
8693,test
8694,val
8695,train
8696,train
8697,train
8698,train
8699,train
8700,train
8701,train
8702,train
8703,train
8704,train
8705,train
8706,test
8707,train
8708,test
8709,train
8710,train
8711,val
8712,train
8713,val
8714,train
8716,train
8718,val
8719,train
8720,test
8721,train
8722,test
8723,test
8724,train
8725,test
8727,train
8728,train
8729,train
8730,train
8731,train
8734,test
8735,train
8736,train
8737,train
8738,test
8739,test
8740,test
8741,test
8742,test
8743,test
8746,train
8748,train
8749,train
8750,train
8751,train
8752,val
8754,train
8758,val
8759,val
8760,val
8761,train
8762,train
8763,train
8764,train
8765,train
8768,train
8771,train
8773,train
8774,train
8775,train
8776,train
8777,test
8778,train
8779,train
8780,train
8781,val
8782,test
8783,train
8784,val
8785,val
8787,train
8788,val
8789,train
8790,val
8791,train
8792,val
8793,train
8795,train
8796,train
8797,train
8798,train
8799,train
8800,train
8801,train
8802,train
8803,test
8804,train
8805,train
8806,train
8807,train
8808,train
8809,train
8810,train
8811,train
8812,val
8813,train
8814,train
8815,train
8816,test
8817,val
8818,test
8819,val
8820,train
8821,val
8823,test
8824,val
8825,train
8826,train
8827,train
8828,train
8829,train
8830,train
8831,test
8832,train
8833,test
8834,train
8835,train
8837,test
8838,val
8839,train
8840,train
8841,test
8842,val
8843,val
8844,train
8845,train
8846,test
8847,test
8848,val
8851,train
8852,train
8853,test
8854,val
8855,train
8856,train
8857,train
8858,test
8859,test
8860,train
8861,test
8862,train
8863,train
8864,train
8865,train
8866,train
8867,train
8868,train
8869,train
8871,val
8872,val
8877,train
8879,train
8880,train
8881,train
8882,train
8883,train
8884,test
8885,train
8887,val
8888,val
8889,train
8890,train
8891,train
8892,val
8895,train
8896,train
8897,test
8898,train
8899,train
8900,train
8901,val
8903,val
8904,train
8905,train
8907,train
8908,train
8909,train
8910,train
8911,train
8912,train
8913,train
8914,test
8915,train
8916,train
8917,train
8918,train
8919,train
8920,train
8921,val
8922,val
8923,train
8924,train
8925,train
8926,train
8927,train
8928,test
8929,train
8930,train
8931,train
8932,test
8933,train
8934,val
8935,train
8936,train
8937,train
8938,train
8939,train
8940,train
8941,val
8942,train
8943,val
8944,val
8946,train
8947,train
8948,train
8949,train
8950,test
8951,train
8952,train
8954,train
8955,val
8956,train
8957,train
8958,train
8959,train
8960,train
8961,train
8962,train
8963,test
8964,train
8965,train
8966,train
8967,test
8968,train
8969,train
8970,train
8971,train
8972,train
8973,train
8974,train
8975,train
8976,train
8977,test
8978,val
8979,train
8980,val
8981,train
8982,train
8983,train
8984,train
8986,train
8987,test
8988,train
8989,train
8990,train
8991,test
8992,train
8993,train
8994,val
8995,train
8996,train
8997,test
8998,train
8999,val
9000,train
9001,train
9002,train
9003,train
9004,train
9005,train
9007,train
9008,train
9009,train
9010,val
9011,test
9012,train
9013,train
9014,train
9015,val
9016,train
9017,train
9018,train
9019,train
9020,val
9022,val
9023,val
9024,train
9025,val
9026,train
9027,train
9028,val
9029,val
9030,train
9031,train
9032,val
9033,train
9034,test
9035,train
9036,train
9037,val
9038,train
9039,test
9040,train
9041,train
9042,train
9043,val
9044,train
9045,train
9046,test
9047,train
9048,train
9049,train
9050,train
9051,train
9052,val
9053,train
9054,train
9055,train
9056,train
9057,test
9058,val
9059,train
9060,train
9061,test
9062,train
9063,train
9064,val
9065,val
9066,test
9067,test
9069,train
9070,train
9071,train
9072,train
9073,train
9074,train
9075,train
9076,train
9077,val
9078,train
9079,train
9080,val
9081,train
9082,train
9083,test
9084,train
9085,val
9086,train
9087,test
9088,train
9089,train
9090,train
9091,train
9092,train
9093,train
9094,train
9095,train
9096,train
9097,test
9099,test
9100,train
9101,test
9102,train
9103,val
9104,val
9105,train
9106,val
9107,train
9108,train
9109,train
9110,test
9111,train
9112,train
9113,test
9114,train
9115,val
9116,train
9117,train
9118,val
9119,test
9120,train
9121,train
9122,val
9123,train
9124,train
9125,train
9126,train
9127,test
9128,train
9129,test
9130,test
9131,train
9132,test
9133,test
9134,train
9135,train
9136,train
9137,train
9138,train
9139,train
9140,test
9141,train
9142,val
9143,test
9144,train
9145,train
9146,train
9147,train
9148,train
9149,train
9150,train
9151,train
9152,val
9153,train
9154,train
9155,train
9156,train
9157,train
9158,train
9160,train
9161,train
9162,train
9163,train
9164,train
9166,train
9167,train
9168,train
9169,val
9170,train
9171,val
9173,train
9174,test
9175,train
9176,train
9177,train
9178,train
9179,train
9180,train
9181,train
9182,train
9186,val
9187,train
9189,train
9191,train
9195,train
9196,train
9197,train
9198,test
9199,train
9200,train
9201,train
9202,train
9203,train
9204,train
9205,test
9206,train
9207,train
9208,test
9209,train
9210,train
9211,train
9212,val
9213,train
9214,train
9215,train
9216,train
9217,train
9218,test
9219,train
9220,train
9221,train
9222,test
9223,train
9225,val
9226,test
9227,train
9229,val
9230,test
9231,train
9233,val
9235,train
9236,train
9237,val
9239,train
9240,train
9241,val
9242,train
9243,val
9244,val
9245,val
9246,val
9247,test
9248,train
9249,val
9250,train
9251,train
9252,train
9253,train
9254,train
9255,train
9256,val
9257,val
9258,train
9259,val
9260,val
9261,train
9262,val
9263,train
9264,train
9265,train
9266,train
9267,train
9268,train
9269,train
9270,train
9271,train
9272,train
9273,test
9274,train
9289,train
9305,train
9309,test
9310,train
9321,train
9323,val
9330,test
9331,train
9332,val
9333,train
9334,train
9335,train
9336,val
9337,train
9338,train
9339,train
9340,val
9341,val
9342,train
9343,train
9344,train
9345,train
9346,train
9347,train
9348,val
9350,test
9351,train
9352,train
9354,test
9355,train
9356,val
9357,train
9358,test
9359,train
9360,train
9361,test
9362,train
9363,train
9364,train
9365,train
9366,val
9367,val
9368,test
9369,train
9370,test
9371,train
9372,train
9373,val
9374,val
9375,train
9376,test
9377,train
9378,train
9379,train
9380,train
9381,test
9382,val
9383,train
9384,test
9385,train
9386,test
9387,train
9389,train
9390,test
9391,test
9392,train
9393,train
9394,val
9395,train
9396,train
9397,train
9398,val
9399,val
9400,test
9401,train
9402,train
9403,test
9404,train
9405,test
9406,train
9407,train
9408,train
9409,val
9410,val
9411,train
9412,train
9413,train
9415,train
9416,train
9417,train
9418,train
9419,train
9420,train
9421,train
9422,train
9423,train
9424,val
9425,val
9426,train
9427,train
9428,train
9430,train
9431,train
9432,train
9433,train
9434,train
9435,train
9436,train
9437,train
9438,train
9439,train
9440,train
9441,train
9442,train
9443,train
9444,train
9445,train
9447,train
9449,train
9450,train
9451,train
9452,train
9453,test
9454,test
9455,train
9456,train
9457,train
9458,train
9460,train
9461,test
9462,test
9463,val
9464,val
9465,test
9466,test
9469,val
9470,val
9471,train
9472,train
9473,train
9474,train
9475,test
9476,test
9477,train
9478,train
9479,val
9480,val
9481,train
9482,train
9483,train
9484,test
9485,train
9486,test
9487,val
9488,train
9489,test
9490,val
9491,train
9492,train
9493,test
9494,train
9495,train
9496,test
9497,train
9498,test
9500,train
9501,train
9502,test
9503,test
9504,test
9506,train
9507,train
9508,train
9509,train
9510,train
9511,train
9512,val
9514,test
9517,val
9519,val
9520,val
9521,test
9522,test
9523,train
9524,train
9525,train
9526,train
9527,train
9528,val
9529,train
9530,train
9531,train
9532,train
9533,train
9534,train
9535,train
9536,train
9537,train
9538,train
9539,train
9540,train
9541,train
9542,train
9543,test
9545,train
9546,test
9547,val
9548,train
9549,test
9550,train
9551,train
9552,train
9553,train
9554,train
9555,train
9556,train
9557,train
9558,test
9559,test
9560,train
9562,test
9563,train
9565,train
9566,train
9567,train
9569,val
9570,val
9571,train
9572,val
9573,train
9574,train
9575,train
9576,train
9577,train
9578,train
9579,test
9580,train
9581,train
9582,val
9583,train
9584,val
9585,val
9586,train
9587,val
9588,train
9589,train
9590,train
9591,train
9592,train
9593,train
9594,train
9595,train
9596,train
9597,train
9598,train
9599,train
9600,train
9601,train
9602,val
9603,train
9604,val
9605,train
9606,train
9607,train
9608,test
9609,train
9610,test
9611,train
9612,test
9613,val
9614,train
9615,train
9616,test
9617,train
9618,train
9619,train
9620,train
9621,train
9622,train
9623,train
9624,train
9627,train
9628,val
9630,train
9631,test
9632,test
9633,train
9634,val
9635,train
9636,train
9637,train
9638,train
9639,train
9640,train
9641,train
9642,val
9643,test
9644,test
9645,test
9646,test
9647,test
9648,train
9649,train
9650,train
9651,test
9652,train
9653,train
9654,test
9655,train
9656,val
9657,train
9658,train
9659,val
9660,train
9661,val
9662,val
9664,train
9665,test
9666,train
9667,train
9669,train
9670,train
9671,val
9672,val
9673,train
9674,train
9675,val
9676,val
9677,train
9678,train
9679,val
9680,train
9681,test
9682,train
9683,train
9684,val
9685,train
9686,train
9687,train
9688,train
9689,train
9690,train
9691,train
9692,val
9694,test
9695,test
9696,train
9697,val
9698,val
9699,train
9700,train
9701,train
9702,train
9703,val
9704,test
9705,train
9706,test
9707,val
9708,train
9709,train
9710,train
9711,val
9712,train
9713,train
9714,val
9715,train
9716,train
9717,train
9718,val
9719,test
9720,train
9722,test
9726,train
9729,test
9730,test
9732,train
9733,train
9738,train
9748,train
9752,test
9754,val
9755,train
9756,train
9757,train
9758,train
9759,train
9760,val
9761,train
9762,train
9763,train
9764,train
9765,train
9766,train
9767,test
9768,test
9769,val
9770,train
9771,train
9772,train
9773,train
9774,test
9775,train
9776,val
9777,test
9778,train
9779,train
9780,val
9781,test
9782,train
9783,val
9784,train
9785,train
9788,test
9789,test
9790,train
9791,val
9792,test
9793,train
9794,train
9795,train
9796,train
9797,train
9798,test
9799,train
9800,val
9801,train
9802,train
9803,train
9804,test
9805,test
9806,test
9807,test
9808,test
9809,test
9810,val
9812,test
9814,train
9815,train
9816,train
9817,train
9818,test
9819,train
9820,test
9821,test
9822,val
9823,train
9824,val
9825,train
9826,val
9827,train
9828,val
9829,train
9830,val
9831,test
9832,train
9833,train
9834,train
9835,test
9836,test
9839,train
9840,train
9841,train
9842,train
9852,test
9854,train
9856,train
9857,train
9858,train
9859,test
9860,train
9862,train
9863,train
9864,train
9865,train
9866,test
9867,test
9868,val
9869,train
9870,val
9871,val
9874,train
9875,train
9876,train
9877,test
9878,test
9879,test
9880,train
9881,train
9882,test
9883,test
9884,val
9885,train
9892,train
9894,train
9900,train
9901,val
9902,test
9903,train
9904,train
9906,train
9907,train
9908,train
9909,test
9910,train
9911,train
9912,train
9913,train
9914,test
9915,train
9916,train
9917,train
9918,train
9919,val
9920,train
9921,train
9922,train
9923,train
9924,train
9925,train
9926,train
9927,test
9929,test
9931,train
9932,train
9933,train
9934,test
9935,train
9937,train
9938,train
9940,val
9941,train
9942,val
9943,val
9944,test
9945,val
9946,train
9947,train
9948,val
9949,train
9950,train
9951,test
9952,train
9953,train
9954,train
9955,val
9956,train
9957,train
9958,train
9959,train
9960,train
9961,train
9962,train
9963,train
9964,train
9965,train
9966,test
9967,train
9968,test
9969,train
9970,val
9971,val
9972,train
9973,train
9974,train
9975,test
9976,train
9977,train
9978,train
9980,val
9981,val
9982,test
9983,train
9984,train
9985,train
9986,train
9987,train
9988,train
9989,train
9990,train
9991,val
9992,test
9993,train
9994,test
9995,train
9996,test
9997,train
9998,train
9999,train
10000,train
10001,test
10002,train
10003,train
10004,train
10005,val
10006,test
10007,train
10008,train
10009,train
10010,test
10011,val
10012,train
10013,train
10014,train
10015,val
10016,train
10017,test
10018,test
10019,val
10020,test
10021,val
10022,val
10023,train
10024,val
10025,train
10026,train
10027,train
10028,val
10029,train
10030,train
10031,train
10032,train
10033,train
10034,train
10035,train
10037,val
10039,train
10040,train
10041,test
10042,train
10043,train
10044,train
10045,train
10046,train
10047,train
10048,train
10049,train
10050,train
10051,train
10052,test
10053,test
10054,train
10056,test
10057,train
10058,train
10059,train
10060,train
10061,test
10062,train
10063,test
10064,val
10065,train
10066,train
10067,train
10068,train
10069,train
10070,val
10071,train
10072,train
10073,train
10074,train
10075,train
10076,train
10078,train
10079,train
10080,train
10081,train
10082,val
10083,train
10088,train
10089,test
10092,train
10093,test
10095,train
10096,train
10097,train
10098,train
10099,test
10101,train
10102,train
10104,train
10105,test
10106,train
10107,train
10108,train
10109,train
10110,train
10111,train
10112,test
10113,train
10114,test
10115,val
10117,val
10122,train
10125,test
10126,train
10127,train
10128,train
10129,train
10130,train
10131,val
10133,train
10134,train
10135,train
10136,train
10137,train
10138,train
10139,train
10140,train
10141,train
10142,train
10143,train
10144,val
10145,train
10146,train
10147,train
10148,train
10149,val
10150,train
10151,train
10152,train
10153,train
10154,train
10155,train
10156,train
10157,train
10158,test
10159,train
10160,train
10161,test
10162,train
10164,train
10166,train
10167,train
10168,train
10169,train
10170,train
10171,train
10172,train
10173,test
10174,train
10175,train
10176,train
10177,train
10178,train
10179,train
10180,train
10181,test
10182,val
10183,train
10184,train
10185,train
10186,train
10187,train
10188,test
10189,test
10190,train
10192,train
10193,train
10194,train
10195,train
10196,val
10197,train
10198,train
10199,train
10200,train
10202,train
10203,train
10204,train
10205,train
10207,train
10208,train
10209,train
10210,test
10211,test
10213,train
10214,train
10215,train
10216,train
10217,test
10219,test
10220,train
10221,test
10222,test
10223,train
10224,train
10225,train
10226,train
10227,train
10228,train
10229,train
10230,train
10231,test
10235,val
10236,val
10237,train
10238,train
10239,val
10240,train
10241,train
10242,test
10243,train
10244,train
10245,train
10246,train
10247,train
10248,train
10249,train
10250,train
10252,train
10253,train
10254,train
10255,train
10256,train
10257,test
10258,val
10259,test
10260,train
10261,train
10262,train
10263,train
10264,val
10265,train
10266,train
10267,test
10268,train
10269,train
10270,train
10271,train
10272,train
10273,test
10274,train
10275,train
10276,train
10277,val
10278,train
10279,train
10280,train
10281,train
10282,train
10283,train
10284,train
10285,train
10286,train
10287,train
10288,train
10289,train
10290,train
10292,train
10293,train
10294,val
10295,train
10296,train
10297,test
10298,train
10299,train
10300,val
10301,train
10302,train
10303,train
10304,train
10305,train
10306,train
10307,train
10308,train
10309,test
10312,train
10313,train
10314,train
10315,train
10316,train
10317,train
10318,train
10319,train
10320,val
10321,train
10322,train
10323,train
10324,train
10325,train
10326,train
10327,val
10328,train
10329,train
10330,val
10331,train
10332,train
10333,train
10334,train
10335,val
10336,train
10338,train
10339,train
10340,train
10341,test
10342,train
10343,train
10344,test
10345,train
10346,train
10347,val
10348,val
10350,train
10351,train
10352,train
10354,train
10355,val
10356,train
10357,train
10358,train
10359,train
10360,train
10361,test
10362,val
10363,train
10364,val
10365,train
10366,train
10367,train
10369,test
10370,train
10371,train
10372,train
10373,train
10374,train
10376,train
10377,train
10378,train
10379,train
10380,train
10381,train
10382,train
10383,train
10384,train
10385,test
10386,train
10387,train
10388,test
10389,val
10390,val
10391,train
10392,train
10393,train
10394,train
10395,train
10396,train
10397,train
10398,train
10399,train
10400,test
10401,test
10402,train
10403,val
10404,train
10405,train
10406,train
10407,train
10408,train
10409,train
10410,train
10411,train
10412,train
10413,train
10414,train
10415,train
10418,train
10421,train
10423,train
10424,train
10425,train
10426,train
10427,train
10428,train
10429,train
10430,train
10431,train
10432,train
10433,train
10434,train
10435,train
10436,train
10437,train
10438,val
10439,val
10440,train
10441,train
10442,val
10443,train
10444,train
10445,val
10446,train
10447,test
10448,train
10449,train
10450,train
10451,train
10452,train
10453,train
10454,train
10455,train
10456,train
10457,train
10458,train
10459,test
10460,train
10461,test
10462,test
10463,train
10464,val
10465,train
10466,train
10467,train
10468,train
10469,test
10470,test
10471,train
10472,train
10473,val
10474,train
10475,train
10476,train
10477,train
10478,val
10479,train
10480,train
10481,train
10482,train
10483,train
10484,train
10485,val
10486,train
10487,val
10488,train
10489,val
10490,train
10491,train
10492,train
10493,train
10494,train
10495,train
10496,val
10497,train
10498,train
10499,train
10500,train
10501,test
10502,train
10503,train
10504,train
10505,train
10506,val
10507,train
10508,test
10509,train
10510,train
10511,train
10512,train
10513,test
10514,train
10517,train
10533,train
10563,train
10564,train
10565,train
10566,val
10567,test
10568,train
10569,test
10570,test
10571,train
10572,train
10573,train
10574,test
10575,train
10576,train
10577,test
10578,train
10579,train
10580,train
10581,train
10582,test
10583,train
10584,train
10585,test
10587,train
10588,train
10593,train
10594,train
10595,train
10596,val
10597,train
10598,train
10599,train
10601,train
10602,val
10603,train
10604,train
10605,test
10606,train
10607,train
10608,test
10609,train
10610,train
10611,train
10612,val
10613,train
10615,val
10616,train
10618,test
10619,val
10620,val
10621,val
10622,train
10623,train
10624,train
10626,test
10627,train
10628,train
10629,val
10630,val
10631,train
10632,test
10633,train
10634,test
10635,train
10636,val
10637,train
10638,train
10639,val
10640,train
10641,train
10642,train
10643,test
10644,test
10645,val
10646,val
10647,test
10649,train
10650,train
10652,test
10654,test
10655,test
10656,train
10658,train
10660,train
10661,train
10662,train
10664,train
10665,train
10669,train
10670,test
10671,train
10672,val
10673,train
10674,val
10675,train
10676,train
10677,test
10678,train
10680,test
10681,train
10682,val
10683,val
10684,val
10685,train
10689,val
10690,train
10691,train
10692,train
10693,train
10694,train
10698,train
10699,val
10700,test
10701,train
10702,train
10704,train
10705,val
10706,val
10707,train
10708,train
10709,train
10710,train
10711,train
10712,test
10713,test
10714,val
10715,train
10716,train
10717,val
10718,train
10719,train
10720,train
10721,train
10722,train
10723,train
10724,train
10725,train
10726,train
10727,train
10728,train
10729,train
10730,train
10731,test
10732,train
10733,train
10734,train
10735,train
10736,train
10737,train
10738,train
10739,train
10740,train
10741,train
10742,train
10743,val
10744,train
10746,train
10747,train
10748,train
10749,train
10750,train
10751,train
10752,test
10753,train
10754,test
10755,train
10756,train
10757,train
10758,val
10759,test
10760,val
10761,val
10762,train
10763,test
10764,train
10765,train
10766,train
10767,train
10768,train
10769,train
10770,train
10771,train
10772,val
10773,train
10774,train
10775,train
10776,train
10777,val
10778,train
10783,train
10784,train
10785,train
10786,train
10787,train
10788,val
10789,train
10790,train
10791,train
10792,train
10793,train
10794,train
10795,train
10796,train
10797,train
10799,test
10800,val
10801,train
10802,train
10803,train
10804,test
10805,train
10806,train
10807,train
10809,train
10810,train
10811,train
10812,train
10813,train
10814,train
10815,train
10816,train
10817,train
10818,train
10819,test
10820,train
10821,val
10822,train
10823,train
10824,val
10825,train
10826,val
10827,test
10828,train
10829,train
10830,val
10831,train
10832,train
10833,train
10834,train
10835,train
10836,test
10837,train
10839,train
10840,train
10842,test
10843,train
10844,test
10845,train
10846,test
10848,train
10849,train
10850,train
10851,train
10852,train
10853,train
10854,train
10855,val
10856,train
10857,train
10858,train
10859,train
10861,train
10862,train
10863,train
10864,test
10865,test
10866,train
10867,train
10869,train
10870,test
10871,train
10872,train
10873,train
10874,train
10875,train
10876,train
10877,train
10878,test
10879,train
10880,val
10882,train
10883,train
10884,train
10885,test
10886,train
10987,val
10988,train
10989,train
10990,test
10991,test
10992,train
10993,test
10994,train
10995,train
10996,test
10997,train
10998,train
10999,train
11000,train
11001,train
11002,train
11003,train
11004,test
11005,train
11006,train
11007,train
11008,train
11009,val
11010,val
11011,train
11012,val
11013,val
11014,train
11015,val
11016,train
11017,train
11018,train
11019,train
11020,test
11021,test
11022,train
11023,val
11024,train
11025,train
11026,train
11027,test
11028,train
11029,train
11030,val
11031,train
11032,val
11033,test
11034,test
11035,val
11036,val
11037,train
11038,train
11039,test
11040,train
11041,train
11042,train
11043,train
11044,train
11045,train
11046,train
11047,train
11048,train
11049,train
11050,train
11051,train
11052,train
11053,train
11054,train
11055,train
11056,train
11057,train
11058,train
11059,train
11062,test
11063,train
11064,train
11067,train
11069,train
11070,train
11071,train
11072,train
11073,val
11074,train
11075,train
11076,val
11077,val
11078,train
11079,train
11080,train
11081,train
11082,train
11083,train
11084,train
11085,train
11086,train
11087,train
11088,train
11089,train
11090,train
11091,train
11092,train
11093,val
11094,train
11095,train
11096,val
11097,train
11098,train
11099,train
11100,train
11101,train
11102,test
11103,test
11104,val
11105,val
11106,test
11107,test
11108,val
11109,val
11110,train
11111,train
11112,train
11113,train
11114,train
11115,train
11116,val
11117,val
11118,train
11119,train
11121,train
11123,val
11124,val
11125,train
11126,train
11128,test
11129,train
11130,train
11131,train
11132,test
11133,train
11134,train
11135,train
11136,val
11138,train
11139,train
11140,test
11141,train
11142,train
11143,train
11144,train
11145,train
11146,train
11147,train
11148,train
11150,test
11151,test
11152,train
11153,train
11154,train
11155,train
11156,train
11157,train
11158,train
11159,train
11160,test
11161,train
11162,train
11163,train
11164,train
11165,train
11166,train
11167,train
11168,train
11169,val
11170,val
11171,train
11172,train
11173,train
11174,val
11175,train
11176,train
11178,test
11179,val
11180,train
11188,train
11191,train
11192,train
11193,train
11196,val
11198,train
11199,train
11200,train
11202,train
11203,train
11204,val
11205,train
11207,train
11208,val
11209,train
11210,train
11211,train
11212,val
11213,val
11214,test
11215,train
11216,train
11217,train
11218,train
11220,test
11221,train
11222,train
11223,val
11225,test
11226,train
11228,train
11229,train
11230,test
11231,train
11233,train
11234,train
11235,train
11236,train
11237,test
11239,train
11240,train
11241,train
11242,train
11243,train
11244,train
11245,test
11246,train
11247,test
11248,train
11250,val
11253,train
11254,test
11255,train
11256,val
11257,train
11258,val
11259,train
11260,test
11261,train
11262,val
11263,val
11264,train
11265,train
11266,train
11267,train
11268,train
11269,train
11270,train
11272,train
11273,train
11274,train
11275,train
11276,train
11277,val
11278,train
11279,train
11280,train
11281,train
11282,train
11283,train
11284,train
11285,train
11286,val
11287,train
11288,train
11289,train
11290,train
11291,train
11292,train
11293,train
11294,train
11295,train
11296,train
11297,train
11298,train
11301,train
11302,train
11303,train
11304,train
11305,train
11306,train
11307,train
11308,train
11309,train
11310,train
11311,train
11312,test
11315,train
11316,train
11317,test
11318,val
11319,test
11320,train
11323,train
11324,test
11327,train
11328,train
11329,train
11330,train
11331,train
11332,train
11334,test
11335,train
11336,train
11338,train
11339,test
11340,test
11341,train
11342,val
11343,test
11344,test
11345,test
11348,train
11349,test
11350,train
11351,train
11353,train
11354,train
11355,train
11356,train
11357,train
11358,train
11359,train
11360,test
11361,train
11362,train
11363,train
11364,train
11365,train
11366,train
11367,train
11368,val
11369,test
11370,train
11371,train
11372,test
11373,test
11374,train
11375,val
11376,test
11377,train
11378,test
11379,test
11380,train
11381,test
11382,train
11383,train
11384,test
11385,train
11386,train
11387,train
11388,test
11389,val
11391,train
11393,train
11395,train
11396,train
11397,train
11398,train
11399,train
11401,val
11402,train
11403,train
11404,train
11405,train
11406,train
11407,train
11408,test
11409,train
11410,test
11411,train
11413,train
11414,train
11415,train
11416,train
11417,train
11418,train
11420,train
11421,test
11422,train
11423,train
11424,val
11425,train
11426,val
11427,train
11428,test
11429,val
11430,train
11431,train
11432,train
11433,train
11434,val
11435,train
11436,train
11437,train
11438,train
11439,test
11440,train
11441,train
11442,train
11443,train
11444,train
11445,train
11446,train
11447,train
11448,train
11449,train
11450,train
11451,train
11454,train
11455,train
11456,train
11457,train
11459,val
11461,train
11462,train
11463,train
11464,train
11465,train
11466,train
11467,train
11468,train
11469,train
11471,train
11472,train
11473,test
11475,train
11478,val
11479,train
11480,train
11481,train
11482,train
11483,train
11484,train
11485,train
11486,train
11487,train
11488,val
11489,train
11490,train
11491,train
11492,test
11493,val
11495,train
11496,train
11497,train
11498,test
11499,train
11500,train
11502,val
11503,train
11504,test
11505,train
11506,train
11507,train
11508,train
11509,val
11510,val
11511,train
11512,test
11513,train
11514,train
11515,train
11516,train
11517,train
11518,test
11519,train
11520,val
11521,train
11522,train
11523,train
11524,val
11525,train
11526,train
11527,train
11529,train
11530,train
11531,train
11532,train
11533,train
11534,val
11535,train
11536,train
11537,train
11538,train
11539,train
11540,val
11541,train
11542,val
11543,train
11544,train
11545,train
11546,val
11547,train
11548,train
11549,val
11550,train
11551,train
11552,train
11553,train
11554,train
11555,train
11556,train
11557,train
11558,train
11559,train
11560,val
11561,train
11562,val
11563,val
11564,val
11565,train
11566,train
11567,val
11568,train
11569,val
11570,val
11571,val
11572,train
11573,train
11574,val
11575,train
11576,train
11577,val
11578,train
11579,train
11580,train
11581,train
11582,train
11583,train
11584,train
11585,train
11586,val
11587,train
11588,train
11589,train
11590,val
11591,train
11592,train
11593,test
11594,train
11595,val
11596,train
11597,val
11598,train
11599,train
11600,val
11601,train
11602,train
11603,train
11604,train
11605,val
11606,train
11607,train
11608,train
11609,train
11610,train
11611,test
11612,test
11613,train
11614,train
11615,train
11616,train
11617,val
11618,train
11619,train
11620,train
11621,train
11622,train
11623,test
11624,val
11625,train
11626,val
11627,test
11628,val
11629,test
11630,val
11632,test
11634,train
11635,train
11636,train
11637,test
11638,train
11639,train
11640,train
11641,train
11642,train
11643,train
11644,val
11645,val
11646,train
11647,train
11648,train
11649,val
11650,train
11651,test
11652,train
11653,val
11654,train
11656,train
11657,train
11658,train
11659,train
11662,train
11664,train
11665,val
11668,train
11671,test
11672,train
11673,train
11674,train
11675,test
11676,train
11677,train
11678,train
11679,test
11680,test
11681,test
11682,train
11683,test
11684,train
11685,test
11686,train
11689,train
11690,train
11691,test
11692,test
11693,test
11694,train
11695,val
11696,train
11697,train
11698,train
11699,train
11700,train
11701,train
11702,train
11703,train
11704,val
11705,train
11706,train
11707,val
11708,train
11710,train
11711,val
11712,train
11713,train
11714,test
11716,train
11717,train
11719,train
11721,train
11722,test
11724,train
11725,train
11726,train
11727,train
11728,train
11730,train
11731,val
11732,train
11733,val
11734,train
11735,val
11736,train
11737,val
11738,val
11739,train
11740,train
11741,train
11742,train
11743,train
11744,train
11745,train
11746,train
11750,val
11753,test
11754,val
11755,val
11756,train
11757,train
11758,train
11759,train
11761,train
11762,train
11764,train
11765,train
11766,train
11767,val
11768,train
11769,val
11770,train
11771,train
11772,test
11773,train
11774,train
11775,train
11776,val
11777,train
11778,test
11780,val
11781,val
11783,val
11784,val
11785,val
11786,train
11788,test
11789,train
11790,test
11791,train
11793,train
11794,train
11796,test
11799,test
11800,train
11801,val
11802,train
11803,train
11804,test
11805,train
11806,train
11807,train
11808,train
11809,train
11810,test
11811,train
11813,train
11814,train
11815,train
11816,train
11817,train
11818,train
11819,train
11820,train
11821,train
11822,train
11823,train
11824,train
11825,train
11826,train
11827,train
11828,train
11829,train
11830,train
11831,train
11832,test
11833,train
11834,test
11835,train
11836,train
11837,train
11838,train
11839,test
11840,train
11841,train
11842,train
11843,train
11844,test
11845,train
11846,train
11847,train
11848,train
11849,train
11850,train
11851,train
11852,train
11853,train
11854,train
11855,test
11856,train
11857,train
11858,train
11859,train
11860,test
11861,train
11862,train
11863,train
11864,test
11865,train
11866,train
11867,train
11868,val
11869,test
11870,train
11871,test
11872,test
11873,test
11874,val
11875,train
11876,val
11877,train
11878,test
11879,test
11880,test
11881,train
11882,test
11883,test
11884,train
11885,test
11886,test
11887,test
11888,test
11889,train
11890,test
11891,train
11892,test
11893,val
11894,train
11895,test
11896,test
11897,train
11898,test
11899,train
11900,test
11901,train
11902,test
11903,test
11904,test
11905,val
11906,train
11907,val
11908,train
11909,test
11910,test
11911,val
11912,val
11913,val
11914,val
11915,train
11916,val
11917,train
11918,val
11919,train
11920,train
11921,test
11922,test
11923,train
11924,train
11925,train
11926,train
11927,train
11928,train
11929,train
11930,train
11931,train
11932,train
11933,train
11934,train
11935,train
11936,train
11937,train
11938,train
11939,train
11940,train
11941,train
11942,train
11943,train
11944,train
11945,train
11946,train
11947,train
11948,train
11949,train
11950,train
11951,train
11953,train
11954,train
11955,train
11956,train
11957,test
11958,train
11959,train
11960,train
11961,test
11962,train
11963,train
11964,train
11965,train
11966,train
11967,test
11968,test
11970,train
11971,train
11972,train
11973,val
11974,train
11976,train
11977,train
11978,train
11979,train
11980,train
11981,test
11983,train
11985,train
11986,train
11989,train
11990,val
11991,train
11992,train
11993,train
11994,train
11995,train
11996,val
11997,train
11998,test
11999,test
12000,test
12001,val
12003,train
12004,test
12005,train
12006,train
12007,train
12008,train
12009,train
12010,train
12011,test
12012,train
12013,train
12014,train
12015,train
12016,train
12017,test
12018,train
12019,train
12022,train
12023,test
12024,val
12025,train
12026,test
12028,train
12029,train
12030,test
12031,test
12032,train
12033,val
12034,train
12035,train
12036,train
12037,train
12038,train
12039,test
12040,train
12041,train
12042,train
12043,train
12044,train
12045,train
12046,test
12047,train
12049,train
12052,train
12053,train
12054,train
12055,train
12056,train
12057,train
12058,train
12059,train
12060,train
12061,train
12062,train
12063,val
12064,train
12065,train
12066,train
12067,train
12068,train
12069,train
12070,train
12071,train
12072,train
12073,train
12074,train
12075,val
12076,val
12077,val
12078,train
12079,train
12080,train
12081,val
12082,val
12083,val
12084,train
12085,train
12086,train
12087,train
12088,train
12089,test
12090,val
12091,train
12092,train
12093,val
12094,train
12095,train
12096,train
12097,train
12098,val
12099,train
12100,train
12101,train
12102,val
12103,train
12104,train
12105,train
12106,train
12107,test
12108,train
12109,train
12110,train
12111,train
12112,val
12113,test
12114,train
12115,val
12116,test
12117,train
12118,train
12119,train
12120,train
12121,train
12122,train
12123,train
12124,train
12125,train
12126,val
12127,train
12128,train
12129,train
12130,train
12131,train
12132,train
12133,train
12134,test
12135,test
12136,train
12137,test
12138,train
12139,train
12140,train
12141,train
12142,train
12143,val
12144,train
12145,val
12146,test
12147,train
12148,val
12149,test
12150,train
12151,val
12152,val
12153,train
12154,test
12155,train
12156,train
12157,train
12158,test
12159,train
12160,train
12161,train
12162,train
12163,train
12164,train
12165,train
12166,test
12167,train
12168,val
12169,val
12170,val
12171,test
12172,train
12173,train
12174,test
12175,val
12176,val
12177,val
12178,val
12179,train
12180,train
12181,train
12182,val
12183,train
12184,train
12185,train
12186,val
12187,train
12188,val
12189,train
12190,val
12191,train
12193,train
12194,train
12195,train
12196,test
12197,train
12198,train
12199,train
12200,val
12202,train
12203,train
12204,train
12206,train
12207,train
12208,train
12209,train
12210,train
12211,train
12212,train
12213,train
12214,train
12215,train
12216,val
12217,train
12218,train
12219,val
12220,train
12221,train
12222,train
12223,train
12224,train
12225,val
12226,train
12229,train
12230,train
12233,val
12234,train
12235,train
12236,test
12237,test
12238,train
12239,train
12241,train
12242,val
12244,train
12245,train
12246,train
12247,test
12249,val
12251,test
12253,test
12254,train
12255,train
12257,train
12258,train
12259,train
12260,train
12263,train
12264,train
12265,train
12266,train
12267,train
12271,train
12272,train
12273,train
12274,train
12275,train
12277,train
12278,train
12279,train
12282,train
12284,train
12285,train
12286,train
12287,train
12288,train
12289,train
12290,train
12292,test
12295,train
12296,train
12297,train
12298,train
12303,train
12304,train
12305,train
12309,test
12311,train
12313,test
12316,train
12318,train
12319,train
12320,val
12321,train
12322,train
12324,train
12326,train
12327,test
12328,train
12329,train
12331,train
12333,train
12337,test
12338,train
12339,test
12340,train
12344,train
12348,train
12350,train
12354,val
12357,test
12358,val
12360,train
12361,train
12364,train
12367,train
12368,train
12369,test
12371,val
12372,val
12374,train
12376,train
12378,test
12380,train
12381,train
12383,train
12385,train
12386,train
12387,train
12388,test
12389,train
12390,train
12391,train
12392,val
12393,train
12394,train
12395,train
12396,val
12397,train
12398,train
12399,train
12400,train
12401,val
12402,train
12403,train
12404,train
12405,val
12406,train
12407,train
12408,test
12409,train
12410,train
12411,val
12412,train
12413,val
12414,train
12415,val
12416,train
12417,val
12418,train
12419,train
12420,train
12421,train
12422,test
12423,train
12424,train
12425,test
12426,test
12427,test
12428,test
12429,test
12430,train
12431,train
12432,test
12433,test
12434,test
12435,val
12436,train
12437,train
12438,train
12439,train
12440,test
12441,test
12442,train
12443,train
12444,train
12445,train
12446,train
12447,val
12448,train
12449,val
12450,val
12451,train
12452,train
12453,train
12454,train
12455,train
12456,train
12460,test
12462,train
12463,val
12464,train
12465,train
12466,train
12467,train
12468,train
12469,train
12470,test
12471,val
12472,train
12473,train
12474,train
12475,train
12476,train
12477,train
12478,train
12479,train
12480,train
12481,train
12482,train
12483,train
12484,test
12485,train
12486,train
12487,train
12488,train
12489,train
12490,val
12491,test
12492,train
12493,train
12494,train
12495,train
12496,train
12497,train
12498,train
12500,test
12501,test
12502,train
12503,train
12504,train
12505,val
12506,train
12507,train
12508,train
12509,train
12510,train
12511,train
12512,train
12513,train
12514,train
12515,train
12516,train
12517,train
12518,train
12519,train
12520,train
12521,train
12522,train
12523,train
12526,train
12529,train
12530,train
12531,val
12532,train
12533,train
12534,train
12535,train
12536,train
12537,train
12538,train
12539,val
12540,train
12541,train
12542,train
12543,train
12544,train
12545,train
12546,train
12556,train
12557,val
12560,train
12567,train
12568,val
12569,train
12572,test
12576,val
12577,val
12578,val
12579,train
12580,train
12581,train
12582,train
12583,train
12584,train
12585,train
12586,train
12587,train
12588,train
12589,train
12590,train
12591,train
12592,train
12593,train
12594,train
12595,train
12597,train
12598,train
12599,train
12600,train
12601,train
12602,train
12603,train
12604,val
12605,test
12606,train
12607,test
12608,train
12609,train
12610,val
12611,train
12612,train
12613,val
12614,train
12615,train
12616,train
12617,train
12618,train
12619,train
12620,val
12621,train
12622,train
12623,train
12624,train
12625,train
12626,train
12627,train
12629,val
12630,train
12631,val
12632,train
12633,train
12634,test
12635,val
12636,train
12637,train
12638,val
12639,train
12640,train
12641,train
12642,test
12643,train
12644,train
12645,train
12646,val
12649,train
12650,test
12651,train
12652,train
12653,train
12654,train
12655,train
12656,train
12657,train
12658,train
12659,train
12660,train
12661,train
12662,train
12663,train
12664,train
12665,train
12666,train
12667,train
12668,train
12669,train
12670,val
12671,train
12672,train
12673,train
12674,train
12675,train
12676,train
12677,test
12678,train
12679,train
12680,test
12681,train
12683,train
12685,train
12688,train
12691,train
12692,val
12693,train
12694,train
12695,train
12696,train
12697,train
12698,val
12699,train
12700,train
12701,val
12702,train
12703,train
12704,train
12705,test
12706,train
12707,train
12708,train
12709,test
12710,train
12711,train
12712,val
12713,test
12714,train
12715,test
12716,train
12717,train
12718,train
12719,train
12720,train
12721,train
12722,test
12723,train
12724,test
12725,train
12726,train
12727,train
12728,val
12729,test
12730,train
12731,val
12732,test
12733,train
12734,val
12735,train
12736,test
12737,train
12739,train
12740,train
12741,train
12742,train
12743,train
12744,train
12745,train
12746,train
12747,train
12748,train
12750,test
12751,train
12752,train
12753,train
12754,train
12755,val
12757,train
12758,train
12759,train
12760,train
12762,train
12765,val
12766,train
12768,train
12769,train
12770,train
12771,train
12772,train
12773,train
12774,train
12775,train
12776,train
12777,test
12778,test
12779,train
12780,val
12781,test
12782,train
12783,train
12784,train
12785,train
12786,train
12787,train
12788,train
12789,train
12790,train
12791,val
12792,train
12793,train
12794,train
12795,train
12796,train
12797,test
12798,val
12799,train
12800,train
12801,train
12802,train
12803,train
12804,test
12805,train
12806,train
12807,train
12808,test
12809,train
12810,test
12811,train
12812,train
12813,train
12814,train
12816,train
12817,train
12819,train
12820,test
12821,train
12822,val
12823,train
12824,train
12825,test
12826,train
12827,train
12828,train
12829,train
12830,test
12831,train
12832,test
12833,val
12834,train
12835,train
12836,train
12837,train
12838,train
12839,train
12840,train
12841,train
12842,train
12843,train
12844,train
12845,val
12846,test
12847,train
12848,train
12849,train
12850,val
12851,val
12852,test
12853,train
12854,train
12855,train
12856,train
12857,train
12858,train
12859,train
12860,train
12861,train
12862,train
12863,train
12864,train
12865,train
12866,train
12867,train
12868,train
12869,train
12870,test
12871,train
12872,train
12873,test
12874,train
12875,test
12876,test
12877,test
12878,test
12879,test
12880,train
12881,train
12882,train
12883,val
12884,train
12885,train
12886,train
12888,train
12889,train
12890,train
12891,train
12892,train
12893,train
12895,train
12896,test
12897,train
12900,train
12902,train
12903,train
12904,train
12905,train
12907,test
12908,train
12909,train
12910,train
12912,test
12913,train
12914,train
12915,val
12916,train
12917,train
12918,train
12919,train
12920,train
12921,train
12922,train
12923,train
12924,train
12925,train
12926,train
12927,train
12928,train
12929,train
12930,train
12931,val
12932,train
12933,train
12934,train
12935,val
12936,train
12937,train
12939,train
12940,val
12941,val
12942,val
12943,val
12944,train
12945,train
12946,train
12947,train
12948,train
12950,train
12951,val
12952,val
12953,train
12954,train
12955,train
12956,train
12957,train
12958,train
12959,train
12960,train
12961,train
12963,train
12965,val
12966,train
12967,val
12968,train
12969,train
12970,train
12971,val
12972,train
12973,train
12974,train
12975,train
12976,train
12977,train
12978,train
12979,test
12980,val
12981,train
12982,train
12983,train
12984,train
12985,train
12986,test
12987,train
12988,train
12989,train
12990,train
12991,train
12992,train
12993,val
12994,val
12995,train
12996,train
12997,train
12998,train
12999,train
13000,train
13002,train
13003,train
13012,train
13013,train
13014,train
13015,train
13016,train
13018,train
13019,train
13023,val
13025,train
13026,train
13027,val
13028,train
13031,train
13033,train
13035,train
13036,train
13037,train
13039,test
13040,train
13042,train
13044,train
13045,train
13047,val
13048,train
13049,test
13050,train
13051,train
13052,train
13053,train
13054,test
13055,train
13056,val
13057,train
13058,train
13059,train
13060,val
13061,train
13062,train
13063,test
13064,train
13065,train
13066,test
13067,train
13068,train
13069,train
13070,train
13071,train
13072,train
13073,train
13074,train
13075,train
13076,train
13077,test
13078,test
13079,test
13080,train
13081,test
13082,test
13083,val
13084,test
13085,val
13086,train
13087,train
13088,val
13089,train
13090,train
13091,train
13092,train
13093,train
13094,train
13095,test
13096,train
13097,train
13098,train
13099,train
13100,test
13101,test
13102,test
13103,train
13104,test
13105,train
13106,train
13107,train
13108,train
13109,train
13110,train
13111,test
13112,test
13113,train
13114,val
13115,train
13116,train
13117,train
13118,train
13120,train
13121,train
13122,val
13123,train
13124,train
13125,train
13126,train
13127,train
13128,val
13129,train
13130,val
13131,val
13132,val
13133,val
13134,train
13135,val
13136,train
13137,train
13138,val
13139,train
13143,train
13144,train
13146,train
13150,train
13151,test
13152,train
13153,train
13154,train
13155,train
13156,train
13157,train
13158,train
13159,train
13160,train
13161,train
13162,train
13163,train
13164,train
13165,train
13166,train
13167,test
13168,train
13169,train
13170,train
13171,train
13172,train
13174,train
13177,val
13178,train
13179,train
13180,train
13181,val
13182,train
13183,test
13184,train
13186,train
13187,train
13188,train
13189,train
13190,val
13191,train
13192,train
13193,test
13194,train
13195,train
13196,train
13197,train
13198,train
13199,val
13201,train
13202,test
13203,val
13204,test
13205,train
13206,train
13207,val
13208,val
13209,train
13210,val
13211,train
13212,train
13213,train
13214,train
13215,train
13216,train
13217,train
13218,train
13219,train
13220,train
13221,train
13222,train
13223,train
13224,val
13225,val
13226,val
13227,val
13228,train
13229,train
13230,train
13231,train
13232,train
13233,train
13234,test
13235,test
13236,train
13237,train
13238,val
13239,val
13240,train
13241,train
13242,train
13243,train
13244,train
13245,train
13246,test
13247,test
13248,train
13249,train
13250,train
13251,train
13252,train
13253,train
13254,train
13255,train
13256,train
13257,train
13258,test
13259,train
13260,train
13261,train
13262,train
13263,train
13264,train
13266,val
13267,train
13268,train
13269,test
13270,test
13271,train
13273,train
13275,train
13280,val
13282,test
13283,train
13284,train
13285,train
13286,train
13287,train
13288,val
13289,val
13290,train
13291,train
13292,train
13293,train
13294,train
13295,train
13296,train
13297,train
13298,val
13299,val
13300,test
13301,test
13302,test
13303,test
13304,train
13305,train
13308,train
13309,train
13310,train
13311,train
13312,train
13313,train
13314,train
13315,train
13316,train
13317,train
13318,train
13319,train
13320,test
13321,test
13322,train
13323,train
13324,train
13325,train
13326,train
13327,train
13328,train
13329,train
13330,train
13331,train
13332,train
13333,train
13334,train
13335,train
13336,train
13337,train
13338,train
13339,train
13340,train
13341,train
13342,train
13343,train
13344,train
13345,train
13346,train
13347,train
13348,train
13349,train
13350,train
13351,val
13352,test
13353,train
13354,train
13355,test
13356,train
13357,test
13358,train
13359,train
13360,val
13361,val
13362,train
13363,test
13364,train
13365,train
13366,train
13367,train
13368,train
13369,test
13370,train
13371,train
13372,train
13373,train
13374,test
13375,train
13376,train
13377,test
13378,train
13379,train
13380,train
13381,train
13382,train
13383,train
13384,test
13385,val
13386,train
13387,train
13388,test
13389,test
13390,train
13391,train
13392,train
13393,test
13394,train
13395,train
13396,test
13397,train
13398,train
13399,test
13400,train
13401,test
13402,train
13403,test
13404,test
13405,test
13406,test
13407,train
13408,train
13410,train
13411,test
13412,train
13413,train
13414,val
13415,train
13416,train
13417,train
13418,train
13419,train
13420,train
13421,val
13422,train
13423,val
13424,val
13425,train
13426,train
13427,train
13428,train
13429,test
13430,test
13432,train
13433,test
13434,train
13435,test
13436,val
13437,test
13438,val
13439,train
13440,train
13441,train
13442,train
13443,train
13444,train
13445,train
13446,train
13447,train
13448,train
13449,train
13450,train
13451,test
13452,val
13453,train
13454,test
13455,val
13456,val
13457,train
13458,train
13459,train
13460,train
13461,train
13462,val
13463,train
13464,train
13465,val
13466,test
13467,train
13468,test
13469,train
13470,train
13471,train
13472,train
13473,train
13474,train
13475,test
13476,test
13477,val
13478,val
13479,test
13480,val
13481,val
13482,val
13483,train
13484,train
13485,test
13486,train
13487,train
13489,train
13490,train
13491,train
13493,train
13494,train
13495,train
13496,train
13497,train
13498,train
13499,train
13500,val
13501,train
13502,train
13503,train
13504,train
13505,train
13506,train
13507,train
13508,train
13509,train
13510,train
13511,train
13513,train
13514,train
13515,train
13516,train
13517,train
13518,train
13519,val
13520,train
13521,train
13522,train
13523,train
13524,train
13525,train
13527,train
13528,train
13529,train
13530,test
13531,train
13532,val
13533,val
13534,train
13535,val
13536,train
13537,train
13538,val
13539,train
13540,train
13541,train
13542,train
13543,train
13544,val
13545,test
13546,train
13547,val
13548,val
13549,train
13550,train
13551,train
13552,train
13553,train
13554,val
13555,val
13556,train
13557,val
13558,train
13559,train
13560,train
13561,test
13562,val
13563,test
13564,test
13565,train
13566,val
13567,train
13568,val
13569,train
13570,train
13571,test
13572,test
13573,train
13574,train
13576,test
13578,train
13580,train
13582,train
13584,val
13587,train
13590,test
13593,train
13596,val
13599,train
13602,test
13605,train
13607,train
13609,train
13611,train
13613,train
13615,train
13616,val
13617,train
13618,val
13619,train
13621,train
13624,train
13627,train
13630,val
13632,train
13634,train
13635,train
13637,train
13639,train
13640,train
13641,train
13642,train
13643,train
13644,train
13645,train
13646,val
13648,train
13649,train
13650,train
13651,train
13652,train
13653,train
13654,val
13655,train
13656,test
13657,train
13659,train
13661,train
13662,train
13666,val
13668,train
13669,train
13670,test
13671,test
13672,test
13673,train
13674,train
13675,train
13676,train
13677,train
13678,train
13679,train
13680,test
13681,train
13682,train
13683,train
13684,test
13685,test
13686,val
13687,val
13688,test
13689,train
13690,val
13691,train
13696,train
13697,train
13698,val
13699,train
13700,train
13701,test
13702,train
13703,train
13704,val
13705,train
13706,train
13707,train
13711,train
13712,train
13713,train
13714,test
13715,train
13717,train
13718,train
13720,train
13721,train
13722,train
13724,train
13725,train
13726,train
13727,train
13728,test
13729,val
13730,train
13731,val
13732,train
13733,train
13734,train
13735,test
13736,train
13737,test
13738,train
13739,test
13740,train
13741,train
13743,test
13744,train
13745,train
13746,train
13747,train
13748,train
13749,train
13750,train
13751,train
13752,train
13753,train
13754,train
13755,test
13756,test
13757,train
13758,train
13759,val
13760,test
13761,train
13762,val
13763,test
13764,test
13765,train
13767,train
13768,val
13769,test
13770,train
13771,train
13774,train
13776,test
13778,train
13779,test
13780,test
13781,train
13782,train
13783,train
13784,val
13785,train
13786,train
13789,train
13790,train
13792,train
13793,train
13796,train
13799,train
13800,test
13802,train
13803,train
13804,test
13810,train
13811,train
13812,test
13813,val
13814,test
13815,test
13816,test
13818,val
13821,train
13824,train
13826,test
13827,train
13828,test
13829,train
13830,val
13831,test
13832,train
13833,test
13835,train
13836,val
13837,train
13838,train
13839,train
13840,test
13841,val
13843,test
13844,train
13845,train
13846,train
13847,train
13848,train
13849,train
13850,train
13851,train
13852,train
13853,train
13854,train
13855,test
13856,train
13857,train
13858,train
13859,train
13860,train
13861,train
13862,train
13863,train
13864,train
13865,train
13866,train
13867,train
13868,train
13869,train
13870,train
13871,train
13872,train
13873,train
13874,train
13875,train
13877,test
13878,train
13879,train
13880,train
13881,train
13882,train
13883,train
13884,train
13885,train
13886,train
13887,train
13888,train
13889,train
13890,train
13891,test
13892,train
13894,train
13895,val
13896,train
13897,test
13898,train
13900,train
13901,train
13902,train
13903,train
13904,train
13905,test
13906,train
13907,train
13908,train
13909,test
13910,train
13911,train
13912,train
13913,train
13914,train
13915,test
13916,val
13917,train
13918,train
13919,train
13920,test
13921,train
13922,train
13923,train
13924,train
13925,train
13926,train
13927,val
13928,val
13929,train
13932,test
13933,train
13934,test
13935,train
13936,train
13938,train
13939,train
13940,train
13941,train
13942,train
13943,test
13945,train
13946,train
13947,train
13948,train
13949,train
13950,train
13951,val
13952,train
13953,train
13954,val
13955,train
13956,train
13957,val
13958,train
13959,train
13960,train
13961,train
13962,train
13963,train
13964,train
13965,train
13966,train
13967,train
13968,train
13969,val
13970,train
13971,test
13972,test
13973,train
13974,val
13975,train
13976,train
13977,test
13978,train
13979,train
13980,train
13981,train
13982,test
13983,train
13984,val
13985,train
13986,train
13987,val
13988,train
13989,train
13991,val
13992,train
13993,train
13994,train
13995,train
13996,test
13997,train
13998,train
13999,train
14000,train
14001,test
14002,test
14003,test
14004,train
14005,train
14006,train
14007,test
14008,test
14009,val
14010,train
14011,val
14012,val
14013,val
14014,train
14015,train
14016,train
14017,test
14018,train
14019,train
14020,train
14021,train
14022,test
14023,test
14024,train
14025,train
14026,train
14027,train
14028,train
14029,test
14030,test
14031,val
14032,val
14033,train
14034,train
14035,train
14036,test
14037,train
14038,train
14039,train
14040,train
14041,train
14042,train
14043,train
14044,train
14045,train
14047,train
14048,test
14049,train
14050,train
14051,train
14052,train
14053,train
14054,train
14055,train
14056,test
14057,val
14058,train
14059,test
14060,train
14061,val
14062,train
14063,test
14064,test
14065,val
14066,train
14067,test
14068,train
14069,train
14070,train
14071,train
14072,test
14073,train
14074,train
14075,test
14076,train
14077,train
14078,train
14079,train
14080,train
14081,train
14082,train
14083,train
14084,train
14085,train
14086,test
14087,train
14088,train
14089,train
14090,train
14091,train
14092,train
14093,val
14094,train
14095,train
14096,train
14097,train
14098,train
14099,train
14100,val
14101,test
14102,train
14103,train
14104,train
14105,train
14106,val
14107,train
14108,train
14109,train
14110,test
14111,test
14112,train
14113,train
14114,train
14116,train
14117,train
14118,train
14119,train
14120,train
14121,val
14122,train
14123,val
14124,val
14125,val
14126,train
14127,val
14128,train
14129,val
14130,train
14131,train
14132,val
14133,train
14134,test
14135,train
14136,test
14137,train
14138,train
14139,train
14140,train
14141,train
14142,train
14144,train
14145,train
14147,train
14148,train
14151,train
14152,train
14156,train
14157,train
14158,test
14159,train
14161,val
14162,train
14163,train
14164,train
14165,train
14166,train
14168,train
14169,train
14170,train
14171,train
14176,train
14197,test
14200,val
14281,train
14282,test
14283,val
14284,train
14285,train
14286,train
14287,val
14288,test
14289,train
14290,train
14291,train
14293,train
14294,train
14295,train
14296,train
14297,train
14298,train
14299,train
14300,train
14301,train
14302,train
14303,train
14304,test
14305,train
14306,train
14307,train
14308,val
14309,train
14310,train
14311,train
14312,train
14313,train
14314,test
14315,train
14316,train
14317,val
14318,train
14319,train
14320,val
14321,train
14322,val
14323,train
14324,train
14325,train
14326,train
14327,train
14329,val
14330,train
14331,train
14332,test
14333,train
14334,train
14335,val
14336,train
14337,train
14338,train
14339,val
14340,train
14341,train
14342,train
14343,train
14344,train
14345,train
14346,train
14347,test
14348,train
14349,train
14350,train
14351,val
14352,train
14353,train
14354,train
14356,train
14357,train
14358,val
14359,train
14360,train
14361,train
14362,train
14363,train
14364,train
14365,train
14366,test
14367,train
14368,train
14369,train
14370,train
14371,train
14372,train
14373,train
14374,train
14375,train
14376,test
14377,train
14378,train
14379,test
14380,train
14381,val
14383,train
14384,train
14385,train
14386,train
14387,train
14389,train
14390,val
14391,train
14392,val
14395,train
14396,train
14398,train
14401,train
14408,val
14409,train
14410,train
14411,train
14414,train
14415,train
14417,train
14419,test
14420,val
14421,val
14425,train
14426,train
14429,train
14430,train
14431,train
14433,train
14437,train
14438,test
14440,test
14441,test
14444,train
14447,train
14448,train
14449,train
14450,train
14451,train
14452,train
14453,train
14454,train
14456,train
14457,train
14461,train
14462,test
14466,train
14468,test
14470,train
14476,train
14477,train
14478,val
14479,train
14480,val
14481,val
14482,train
14483,train
14484,train
14485,train
14486,train
14487,train
14488,train
14489,train
14490,train
14491,train
14492,train
14493,train
14494,train
14495,train
14496,train
14497,train
14498,train
14499,train
14500,test
14501,train
14502,val
14503,train
14504,train
14505,train
14506,train
14507,train
14508,train
14509,train
14510,train
14511,val
14512,val
14513,train
14514,test
14515,train
14516,train
14517,train
14518,train
14519,train
14520,train
14521,train
14522,train
14523,test
14524,train
14526,train
14527,train
14528,val
14529,train
14530,train
14531,train
14532,train
14533,train
14534,train
14535,test
14536,train
14537,train
14538,train
14539,train
14540,train
14541,train
14542,train
14543,train
14544,train
14545,train
14546,train
14547,train
14548,train
14549,train
14550,train
14551,test
14552,train
14554,train
14555,train
14556,train
14557,train
14558,train
14559,test
14560,train
14562,train
14563,train
14564,train
14565,val
14566,train
14568,train
14569,train
14570,train
14571,val
14572,train
14573,test
14575,train
14576,train
14577,train
14580,train
14581,train
14582,test
14583,train
14584,train
14585,train
14587,train
14588,val
14589,val
14592,train
14593,train
14595,train
14596,test
14597,test
14598,train
14599,test
14600,train
14601,train
14602,train
14603,train
14604,train
14605,train
14606,test
14607,train
14608,test
14609,val
14610,val
14611,train
14612,train
14613,train
14614,train
14615,train
14616,val
14617,train
14618,train
14619,train
14620,val
14621,train
14622,train
14623,train
14624,train
14625,train
14626,train
14627,train
14628,train
14629,val
14630,train
14631,train
14632,train
14633,train
14635,train
14636,test
14637,train
14638,val
14639,train
14640,train
14641,test
14642,train
14643,train
14644,val
14645,train
14646,test
14647,train
14648,test
14649,train
14650,train
14651,test
14652,train
14653,train
14654,train
14656,train
14657,val
14658,test
14659,train
14660,train
14661,train
14662,val
14663,test
14664,train
14665,train
14666,train
14667,train
14668,train
14669,val
14671,val
14672,train
14673,train
14674,train
14675,test
14676,test
14677,val
14678,val
14679,train
14680,train
14681,val
14682,train
14683,train
14684,train
14685,train
14686,train
14688,train
14689,test
14690,train
14691,val
14693,train
14694,val
14695,train
14696,train
14697,train
14698,train
14699,train
14700,train
14701,train
14702,train
14703,train
14704,train
14706,test
14708,train
14711,train
14712,train
14713,train
14714,train
14715,val
14716,val
14717,val
14718,train
14719,train
14720,val
14721,train
14722,train
14723,train
14724,train
14726,train
14727,train
14728,train
14729,train
14730,test
14731,train
14732,val
14733,train
14734,train
14735,train
14736,train
14737,val
14738,train
14739,train
14740,val
14741,train
14742,test
14743,train
14744,train
14745,train
14746,train
14747,train
14748,train
14749,val
14750,train
14751,train
14752,train
14753,train
14754,test
14755,train
14756,test
14757,val
14758,train
14759,val
14760,test
14761,train
14762,train
14763,train
14764,train
14765,test
14766,val
14767,train
14768,test
14769,val
14770,train
14771,train
14772,train
14773,train
14774,val
14775,train
14776,val
14777,train
14778,val
14779,val
14780,train
14781,train
14782,train
14783,train
14784,train
14785,train
14786,train
14787,train
14788,train
14790,train
14791,train
14792,train
14794,train
14796,train
14797,train
14798,val
14799,train
14800,val
14801,train
14802,train
14803,train
14804,train
14805,train
14806,train
14807,train
14808,train
14809,train
14810,val
14811,train
14812,train
14813,train
14814,val
14815,test
14816,train
14817,val
14820,train
14821,test
14822,train
14823,train
14826,train
14828,train
14832,train
14833,train
14834,train
14836,test
14837,train
14839,train
14840,test
14841,train
14842,test
14843,train
14844,train
14845,test
14846,train
14847,test
14848,train
14849,test
14850,train
14851,train
14852,test
14853,train
14854,train
14855,train
14856,train
14857,train
14858,test
14859,train
14860,train
14861,train
14862,test
14863,train
14864,train
14865,train
14866,train
14867,train
14868,train
14869,train
14870,val
14871,train
14872,test
14873,train
14874,train
14875,train
14876,train
14877,train
14878,train
14879,train
14880,train
14881,train
14882,train
14883,train
14884,train
14885,train
14886,train
14888,val
14889,train
14890,test
14892,train
14893,train
14894,train
14896,train
14897,val
14898,train
14899,test
14900,train
14901,test
14902,train
14903,val
14904,train
14905,train
14906,train
14907,train
14908,train
14910,train
14911,test
14912,test
14913,train
14914,train
14915,val
14916,test
14917,val
14918,train
14919,train
14920,train
14921,train
14922,val
14924,train
14925,train
14926,train
14927,test
14928,train
14930,val
14931,train
14932,train
14933,train
14934,train
14935,train
14936,test
14937,train
14938,train
14939,train
14940,val
14941,val
14942,test
14943,test
14944,train
14945,val
14946,train
14948,train
14949,test
14950,train
14951,train
14952,val
14953,val
14954,test
14955,train
14956,train
14957,train
14958,train
14959,train
14960,val
14961,train
14962,train
14963,train
14965,train
14966,train
14967,train
14968,train
14969,train
14970,train
14971,val
14972,val
14974,val
14975,val
14976,val
14977,val
14978,val
14979,train
14980,train
14981,train
14982,val
14983,train
14984,train
14985,train
14986,train
14987,val
14988,train
14989,train
14990,train
14991,train
14993,train
14994,train
14995,train
14996,train
14997,train
14998,train
14999,val
15000,val
15001,train
15002,test
15003,val
15004,train
15005,train
15006,val
15007,val
15008,train
15009,train
15010,val
15011,test
15012,train
15013,val
15014,val
15015,train
15016,train
15017,test
15018,train
15019,train
15020,train
15021,val
15022,train
15023,test
15024,val
15025,val
15026,train
15027,test
15028,train
15029,train
15030,train
15031,train
15032,test
15033,train
15034,train
15035,train
15036,test
15037,train
15038,train
15039,test
15040,train
15041,train
15042,train
15043,val
15044,test
15045,train
15046,train
15047,test
15048,val
15050,train
15051,train
15052,train
15053,train
15054,train
15055,train
15056,train
15057,train
15058,train
15059,train
15060,train
15061,train
15062,test
15063,train
15064,train
15065,train
15066,train
15067,train
15068,val
15069,train
15070,train
15071,train
15072,train
15073,val
15074,train
15075,train
15076,train
15077,train
15078,test
15079,train
15080,train
15081,train
15082,train
15083,val
15084,train
15085,train
15086,train
15087,val
15088,train
15089,val
15090,val
15091,train
15092,train
15093,train
15094,train
15095,train
15096,train
15097,train
15098,train
15099,train
15100,val
15101,val
15102,train
15103,test
15104,val
15105,val
15106,train
15107,train
15108,train
15109,train
15110,train
15111,val
15112,val
15113,test
15114,train
15115,train
15116,train
15117,val
15118,train
15119,train
15120,val
15121,train
15122,test
15123,val
15124,train
15125,test
15127,train
15128,test
15129,train
15132,train
15134,test
15140,train
15141,train
15144,train
15145,val
15147,train
15150,train
15151,train
15152,val
15154,train
15157,test
15160,train
15162,train
15163,train
15165,train
15166,train
15168,test
15169,val
15170,train
15171,train
15172,train
15174,train
15177,train
15179,train
15182,train
15183,train
15184,val
15185,test
15187,train
15189,test
15190,train
15191,train
15192,test
15193,test
15194,train
15195,train
15196,train
15197,train
15199,test
15200,val
15201,val
15202,val
15206,test
15207,test
15209,train
15210,test
15211,train
15214,test
15215,val
15216,train
15217,train
15218,train
15219,train
15220,val
15221,train
15222,train
15223,train
15224,train
15225,train
15226,train
15227,train
15228,train
15229,train
15230,train
15231,test
15232,train
15233,train
15234,test
15235,train
15236,test
15237,train
15238,train
15239,train
15240,test
15241,test
15242,train
15243,val
15244,train
15245,train
15246,train
15247,train
15248,train
15249,val
15250,val
15251,val
15252,val
15253,train
15254,train
15255,train
15256,train
15257,val
15258,train
15259,test
15260,train
15261,train
15262,test
15263,train
15264,train
15265,val
15266,train
15267,train
15268,val
15269,test
15270,train
15271,train
15272,train
15273,train
15274,train
15275,train
15276,train
15277,train
15278,test
15279,val
15280,train
15281,val
15283,train
15284,train
15285,train
15286,train
15287,train
15288,val
15289,val
15290,train
15291,train
15292,train
15293,val
15294,test
15295,train
15296,train
15297,test
15298,test
15299,train
15300,train
15301,val
15302,train
15303,train
15304,train
15305,train
15306,train
15307,train
15308,train
15309,test
15310,train
15311,train
15312,train
15313,train
15314,val
15315,val
15316,test
15317,train
15318,train
15319,test
15320,train
15321,train
15322,train
15323,train
15324,train
15325,val
15326,train
15327,test
15328,train
15329,train
15330,train
15331,train
15332,train
15333,train
15334,train
15335,test
15336,train
15337,test
15338,val
15339,train
15340,train
15341,train
15342,train
15343,train
15344,test
15345,train
15346,train
15347,train
15348,val
15349,train
15351,val
15352,train
15353,train
15354,train
15355,train
15356,train
15357,train
15358,train
15359,train
15361,train
15362,train
15363,train
15364,train
15365,train
15366,test
15367,train
15368,train
15369,train
15370,train
15371,train
15372,train
15373,val
15374,train
15375,train
15376,val
15377,train
15378,train
15379,train
15382,train
15384,train
15385,train
15387,train
15388,train
15392,train
15393,train
15394,train
15396,train
15397,train
15398,train
15399,train
15400,train
15401,test
15405,val
15406,val
15407,test
15408,val
15409,train
15410,train
15412,train
15414,train
15415,train
15416,train
15417,train
15418,test
15419,train
15434,train
15436,train
15437,train
15439,val
15442,val
15451,train
15457,test
15459,train
15461,test
15462,train
15463,train
15464,val
15465,train
15466,train
15467,test
15468,val
15469,val
15470,train
15471,train
15472,train
15473,train
15474,train
15475,train
15476,test
15477,val
15478,train
15479,test
15480,test
15481,train
15482,train
15483,val
15484,train
15485,train
15486,test
15487,train
15488,test
15489,train
15490,test
15491,val
15492,test
15493,test
15494,train
15495,train
15496,train
15497,test
15499,train
15501,train
15502,val
15503,train
15504,train
15505,val
15506,train
15507,train
15508,train
15509,train
15510,val
15511,train
15512,train
15513,train
15514,test
15515,train
15516,train
15517,val
15518,test
15519,train
15520,train
15521,test
15523,train
15524,train
15525,val
15526,train
15527,train
15528,train
15529,train
15530,train
15531,train
15532,val
15535,train
15539,train
15540,test
15542,train
15543,train
15544,train
15545,train
15546,val
15547,val
15548,train
15549,train
15550,train
15551,test
15552,test
15554,test
15555,train
15557,train
15558,train
15560,train
15561,train
15562,train
15563,val
15564,train
15565,train
15566,train
15567,val
15568,train
15569,train
15570,train
15571,train
15572,train
15573,train
15574,train
15575,train
15576,test
15577,train
15578,train
15579,train
15581,train
15583,train
15585,train
15586,test
15587,train
15588,val
15590,val
15598,train
15599,train
15600,train
15601,train
15602,train
15603,val
15604,train
15605,train
15606,train
15607,train
15608,train
15609,train
15610,train
15611,val
15612,train
15613,train
15614,train
15615,train
15616,train
15617,train
15618,train
15619,train
15620,train
15621,train
15622,val
15623,train
15624,train
15625,train
15626,train
15627,train
15628,train
15629,train
15630,val
15631,test
15632,train
15633,val
15634,train
15635,train
15636,test
15637,train
15638,train
15639,test
15640,train
15641,val
15642,train
15643,train
15644,test
15645,train
15646,train
15647,val
15648,train
15649,test
15650,test
15651,train
15653,train
15654,train
15658,train
15660,train
15662,train
15663,val
15665,train
15666,train
15667,train
15669,test
15670,train
15671,train
15672,train
15673,train
15674,train
15675,train
15676,train
15677,train
15678,train
15679,val
15680,train
15681,val
15682,val
15683,val
15684,train
15685,val
15686,val
15687,train
15688,train
15690,train
15692,train
15693,train
15696,train
15697,train
15698,train
15700,val
15701,train
15702,train
15703,train
15705,train
15706,train
15707,test
15708,train
15709,train
15710,train
15711,train
15713,train
15714,train
15715,train
15716,val
15717,test
15718,val
15719,train
15720,train
15721,train
15722,test
15723,train
15724,train
15726,train
15727,train
15728,train
15729,test
15730,train
15731,train
15732,train
15733,train
15734,train
15735,train
15736,train
15737,val
15738,train
15739,train
15740,train
15741,train
15742,train
15743,train
15744,test
15745,train
15746,val
15747,test
15748,train
15749,train
15750,train
15751,train
15752,test
15753,train
15754,train
15755,test
15756,train
15757,train
15758,train
15759,train
15760,train
15761,train
15762,train
15763,train
15764,train
15765,train
15766,test
15767,val
15768,train
15769,train
15770,train
15771,train
15772,val
15773,train
15774,train
15775,train
15776,train
15777,test
15778,train
15779,val
15780,train
15781,val
15782,train
15783,test
15784,val
15785,train
15786,train
15787,val
15788,test
15789,train
15790,train
15791,train
15792,train
15793,train
15794,train
15795,train
15796,train
15797,train
15798,test
15799,train
15800,train
15801,test
15802,val
15803,test
15804,train
15805,train
15806,test
15807,train
15808,test
15809,train
15810,train
15811,val
15812,train
15813,train
15814,train
15815,test
15816,train
15817,train
15818,train
15819,train
15820,train
15821,test
15822,train
15823,train
15824,train
15825,val
15826,train
15827,train
15828,train
15829,train
15830,train
15831,train
15832,val
15833,train
15834,train
15835,train
15836,val
15837,train
15838,train
15839,train
15840,train
15841,train
15842,train
15844,train
15846,train
15847,test
15848,train
15849,train
15850,train
15851,train
15852,train
15853,val
15854,train
15855,test
15856,train
15857,train
15858,train
15859,train
15860,train
15861,test
15862,test
15863,train
15864,train
15865,train
15866,train
15867,train
15868,train
15869,train
15870,train
15871,train
15872,train
15873,val
15874,train
15875,train
15876,train
15877,train
15878,train
15879,test
15880,train
15881,test
15882,train
15883,train
15884,val
15885,train
15886,test
15887,test
15888,train
15889,train
15890,train
15891,train
15892,train
15893,val
15894,train
15895,train
15896,train
15897,train
15898,train
15899,val
15900,val
15901,train
15902,train
15903,test
15904,test
15907,train
15908,train
15910,train
15912,test
15913,train
15914,train
15915,val
15917,train
15918,train
15919,train
15920,test
15921,train
15922,train
15923,val
15924,train
15925,train
15926,val
15927,val
15928,train
15929,test
15931,test
15933,train
15934,train
15935,train
15936,train
15937,train
15938,train
15939,train
15940,train
15941,train
15942,test
15943,test
15944,train
15945,train
15946,train
15947,train
15948,train
15949,train
15950,train
15951,val
15952,train
15953,train
15954,train
15955,test
15956,train
15957,train
15958,test
15959,train
15960,train
15961,test
15962,test
15963,train
15964,test
15965,train
15966,test
15967,train
15968,train
15969,train
15970,val
15971,train
15972,train
15973,train
15974,train
15975,train
15976,train
15977,val
15981,train
15982,train
15983,train
15984,train
15985,train
15986,train
15987,train
15988,val
15989,train
15990,train
15992,train
15993,train
15994,train
15995,train
15996,train
15997,train
15998,test
15999,train
16000,train
16001,train
16002,train
16003,train
16004,train
16005,train
16006,val
16007,test
16009,train
16010,val
16011,val
16012,test
16013,train
16014,train
16015,val
16016,test
16017,val
16018,val
16019,train
16020,val
16021,train
16022,val
16023,train
16024,train
16025,train
16026,train
16027,train
16028,train
16029,train
16030,train
16031,train
16032,train
16033,train
16034,train
16035,test
16036,train
16037,train
16038,train
16039,train
16041,train
16042,train
16043,train
16044,train
16045,test
16046,val
16047,train
16048,train
16050,train
16051,train
16052,train
16053,train
16054,train
16055,test
16056,train
16057,train
16058,train
16059,train
16060,train
16061,train
16062,train
16063,train
16064,val
16065,test
16066,test
16067,test
16068,train
16069,train
16070,train
16071,train
16072,test
16073,train
16075,train
16076,train
16077,train
16078,train
16079,train
16080,train
16081,test
16082,train
16083,val
16084,val
16085,train
16086,train
16087,train
16088,train
16089,train
16090,train
16091,train
16093,train
16094,test
16095,train
16096,train
16098,test
16099,test
16100,train
16101,val
16102,val
16103,train
16105,train
16106,val
16107,test
16108,train
16109,train
16110,train
16111,train
16112,train
16113,train
16114,train
16115,val
16116,train
16117,train
16118,test
16119,train
16120,train
16121,test
16122,train
16123,train
16124,train
16125,train
16126,test
16127,val
16128,train
16129,train
16130,train
16131,test
16132,val
16133,test
16134,train
16135,train
16136,train
16137,train
16138,test
16139,train
16140,train
16141,train
16142,train
16143,test
16145,test
16146,test
16147,test
16148,train
16149,val
16150,train
16151,train
16152,train
16153,train
16154,train
16155,train
16156,train
16157,train
16158,train
16159,train
16160,train
16161,train
16162,train
16163,train
16164,train
16165,val
16166,train
16168,train
16169,train
16170,train
16171,train
16172,train
16173,train
16174,train
16175,train
16176,train
16177,train
16178,train
16179,train
16180,train
16181,train
16182,train
16183,train
16184,train
16185,train
16187,val
16188,train
16189,train
16190,train
16191,test
16192,test
16193,train
16194,train
16195,test
16196,train
16197,test
16198,train
16199,train
16200,test
16201,train
16202,test
16203,test
16204,train
16205,train
16206,train
16207,train
16208,val
16209,val
16210,train
16211,train
16212,train
16213,val
16214,val
16215,train
16216,train
16217,train
16218,train
16219,train
16220,train
16221,train
16222,train
16223,test
16224,val
16225,train
16226,val
16227,train
16228,val
16229,train
16230,train
16231,val
16232,train
16233,train
16234,train
16236,train
16239,train
16246,train
16248,val
16250,train
16251,test
16252,val
16253,train
16271,train
16272,train
16273,train
16274,train
16275,val
16276,train
16278,train
16280,train
16281,val
16282,test
16283,train
16284,val
16285,train
16286,test
16287,train
16288,train
16289,train
16290,val
16291,train
16292,train
16293,train
16295,val
16296,train
16298,train
16299,test
16303,train
16312,test
16314,train
16315,test
16316,train
16317,train
16318,val
16319,train
16320,test
16321,train
16322,test
16323,test
16324,train
16325,train
16326,train
16327,val
16330,train
16331,train
16332,train
16333,train
16334,train
16335,test
16336,train
16337,train
16338,train
16339,train
16340,train
16341,val
16343,val
16344,train
16345,train
16350,train
16351,train
16353,train
16354,val
16355,train
16357,train
16358,train
16360,train
16361,train
16362,val
16363,val
16364,train
16365,train
16367,val
16368,val
16369,train
16370,train
16373,train
16374,train
16375,train
16376,train
16378,train
16379,train
16380,train
16381,train
16382,train
16383,train
16385,train
16387,test
16388,test
16389,train
16390,test
16391,train
16392,train
16393,train
16394,train
16395,train
16396,train
16397,train
16398,train
16399,test
16400,val
16401,test
16402,train
16403,train
16404,train
16405,train
16406,test
16407,train
16408,train
16409,test
16411,train
16412,train
16413,train
16414,train
16415,train
16416,train
16417,train
16418,train
16419,train
16420,train
16421,test
16422,val
16423,train
16424,train
16425,train
16426,val
16427,val
16428,train
16429,train
16430,train
16431,train
16432,train
16433,test
16434,val
16435,train
16436,train
16437,train
16438,train
16439,val
16440,train
16441,val
16442,test
16443,test
16444,train
16445,val
16447,train
16448,train
16449,train
16450,train
16452,train
16455,train
16456,test
16457,train
16458,train
16459,train
16460,test
16461,train
16462,train
16463,test
16464,train
16465,train
16466,test
16467,train
16468,test
16469,train
16470,test
16471,train
16472,test
16475,train
16476,train
16482,test
16483,train
16484,train
16485,train
16487,val
16488,train
16489,train
16490,test
16491,test
16492,train
16493,train
16494,train
16495,test
16496,train
16497,train
16498,val
16499,train
16501,val
16502,train
16503,test
16504,train
16505,train
16506,train
16507,train
16508,train
16509,train
16510,train
16511,train
16512,train
16513,train
16514,train
16515,train
16516,train
16517,train
16518,train
16519,train
16520,test
16521,train
16522,train
16524,train
16526,train
16527,train
16529,test
16530,train
16532,test
16533,train
16534,train
16535,train
16536,val
16537,train
16538,train
16539,train
16540,train
16541,train
16542,train
16543,train
16544,train
16545,train
16546,val
16547,val
16548,train
16549,val
16550,val
16551,val
16552,test
16553,train
16554,train
16555,val
16556,train
16557,train
16567,train
16602,val
16603,val
16604,val
16605,val
16606,test
16607,train
16608,train
16609,train
16610,test
16611,train
16612,train
16613,train
16614,train
16615,train
16616,train
16617,val
16619,train
16620,train
16621,train
16622,train
16623,train
16624,test
16625,train
16626,train
16627,train
16628,train
16629,test
16630,test
16631,train
16632,train
16633,train
16634,train
16635,test
16636,train
16637,train
16638,train
16639,val
16640,train
16641,train
16642,train
16643,train
16644,val
16645,val
16646,train
16647,train
16648,train
16649,train
16650,train
16661,train
16664,train
16691,train
16704,val
16708,train
16719,train
16724,test
16729,train
16730,train
16731,test
16732,test
16733,train
16734,train
16735,train
16736,train
16737,train
16738,train
16739,train
16740,train
16741,train
16742,train
16743,train
16744,train
16745,test
16746,train
16747,test
16748,train
16749,test
16750,val
16751,val
16752,train
16753,train
16754,train
16755,test
16757,train
16758,train
16759,train
16760,test
16761,test
16762,test
16763,train
16764,train
16765,val
16766,train
16767,test
16768,val
16769,train
16771,val
16772,train
16773,train
16774,train
16775,train
16776,train
16777,train
16778,train
16779,val
16780,test
16781,train
16782,test
16783,train
16784,val
16785,train
16786,val
16787,train
16788,val
16789,test
16791,train
16792,train
16793,train
16794,train
16797,train
16798,test
16799,train
16800,test
16801,train
16802,train
16803,train
16804,test
16805,val
16806,train
16807,test
16808,train
16810,train
16812,test
16813,train
16814,test
16815,test
16817,test
16818,train
16819,train
16820,train
16821,test
16822,val
16823,train
16824,test
16825,test
16826,train
16827,train
16828,val
16829,train
16830,train
16831,val
16832,train
16833,train
16834,train
16835,train
16836,train
16837,train
16838,train
16839,train
16840,train
16841,train
16842,train
16843,train
16844,train
16845,test
16846,test
16847,test
16848,train
16849,train
16850,train
16851,train
16852,train
16853,train
16854,train
16855,train
16856,train
16857,train
16858,train
16859,train
16860,test
16861,test
16862,test
16863,train
16864,train
16865,train
16866,train
16867,train
16868,test
16869,test
16870,train
16871,train
16872,train
16873,test
16874,train
16875,train
16876,test
16877,train
16878,val
16879,val
16880,train
16881,train
16882,train
16883,test
16884,train
16885,train
16886,train
16887,test
16888,test
16889,test
16890,val
16891,test
16892,val
16893,val
16894,train
16895,val
16896,train
16897,train
16898,train
16899,train
16900,train
16901,train
16902,val
16903,test
16905,train
16906,train
16907,test
16908,train
16909,test
16910,train
16911,train
16912,test
16913,train
16914,train
16915,train
16916,train
16917,train
16918,train
16919,train
16920,val
16921,train
16923,train
16924,val
16925,val
16926,val
16927,train
16928,train
16929,train
16931,train
16932,train
16933,train
16936,train
16937,train
16938,train
16939,train
16940,train
16941,train
16942,val
16943,val
16945,train
16946,test
16947,train
16948,train
16949,train
16950,train
16951,train
16952,train
16953,train
16954,train
16955,val
16956,train
16957,train
16958,train
16959,train
16960,train
16961,train
16962,train
16966,train
16969,train
16970,train
16971,train
16972,train
16973,train
16974,val
16975,train
16976,test
16978,train
16979,train
16980,train
16981,train
16982,train
16983,train
16984,test
16985,train
16986,train
16987,train
16988,test
16989,train
16990,train
16991,test
16992,train
16993,test
16994,train
16995,train
16996,train
16997,train
16998,test
16999,train
17000,train
17001,test
17003,train
17004,val
17005,train
17007,test
17008,val
17009,train
17010,test
17011,test
17012,test
17013,train
17015,train
17016,train
17017,train
17018,train
17019,train
17020,train
17021,train
17022,train
17023,train
17024,val
17025,test
17026,train
17027,train
17028,test
17029,train
17030,train
17031,test
17032,train
17033,train
17034,train
17035,train
17036,test
17037,train
17038,train
17039,test
17040,test
17041,train
17042,test
17043,test
17044,test
17045,test
17046,val
17047,train
17048,train
17049,train
17050,train
17051,train
17052,train
17053,test
17054,test
17055,val
17056,train
17057,train
17058,train
17059,val
17060,train
17061,train
17062,train
17063,val
17064,train
17065,test
17066,train
17067,train
17068,test
17069,train
17071,train
17072,train
17073,train
17074,train
17075,train
17076,val
17077,train
17078,train
17079,test
17080,train
17081,val
17082,test
17083,train
17084,test
17085,train
17086,train
17087,train
17088,train
17089,train
17090,train
17091,train
17092,test
17093,train
17094,val
17095,train
17096,train
17097,train
17098,test
17099,test
17100,train
17101,train
17102,train
17103,train
17104,train
17105,test
17106,train
17107,train
17108,train
17109,val
17110,train
17111,train
17112,train
17113,train
17115,train
17116,val
17117,train
17118,train
17120,train
17121,train
17122,train
17123,test
17124,train
17125,train
17126,train
17127,train
17128,train
17129,train
17130,train
17131,train
17132,val
17133,test
17134,val
17135,train
17136,val
17137,test
17138,test
17139,train
17141,test
17142,train
17143,train
17144,train
17149,train
17150,train
17151,train
17152,train
17153,val
17154,train
17155,train
17156,train
17157,train
17158,val
17159,train
17160,train
17161,train
17162,val
17163,train
17164,train
17165,val
17166,train
17167,train
17168,train
17169,train
17170,val
17171,train
17172,train
17173,train
17174,train
17175,train
17176,train
17177,train
17178,train
17179,train
17180,train
17181,train
17182,train
17183,train
17184,train
17185,test
17186,train
17187,val
17188,train
17189,train
17190,val
17191,val
17192,train
17193,test
17194,train
17195,train
17196,val
17197,train
17198,test
17199,train
17200,test
17201,val
17202,test
17203,val
17204,train
17205,test
17206,train
17207,train
17208,val
17209,train
17210,train
17211,train
17212,train
17213,train
17214,train
17215,train
17216,train
17217,train
17218,train
17219,train
17220,train
17221,val
17222,val
17223,train
17224,val
17225,val
17226,train
17227,val
17228,train
17229,val
17230,train
17231,train
17232,train
17233,train
17234,train
17235,train
17236,train
17237,train
17238,train
17239,train
17240,train
17241,train
17242,train
17243,train
17244,train
17245,train
17246,train
17247,train
17248,train
17249,train
17250,val
17251,test
17252,val
17253,train
17254,train
17255,test
17256,train
17257,test
17258,train
17259,train
17260,train
17261,test
17262,test
17263,train
17264,test
17265,train
17266,train
17267,train
17268,val
17269,train
17270,train
17271,train
17272,train
17273,test
17274,val
17275,train
17276,train
17277,val
17278,train
17279,val
17280,train
17281,train
17282,test
17283,train
17284,test
17285,train
17286,train
17287,val
17288,train
17289,val
17290,test
17291,train
17293,train
17296,val
17297,val
17298,val
17299,val
17300,val
17301,train
17302,train
17303,val
17304,val
17305,val
17306,val
17307,val
17308,val
17309,val
17310,val
17311,val
17312,test
17313,test
17314,val
17315,test
17316,val
17317,val
17318,test
17319,test
17320,val
17321,test
17322,val
17323,val
17324,test
17325,train
17326,val
17327,test
17328,test
17329,test
17330,test
17331,val
17332,val
17333,val
17334,train
17335,val
17356,train
17359,train
17360,train
17361,train
17362,val
17363,val
17364,train
17365,test
17366,test
17367,val
17368,val
17369,train
17370,train
17371,train
17372,val
17373,train
17374,train
17375,train
17376,train
17377,train
17378,train
17379,test
17380,train
17381,test
17382,train
17383,val
17384,val
17385,train
17386,train
17387,train
17388,test
17389,train
17390,train
17391,train
17392,test
17393,test
17394,train
17395,test
17396,val
17397,test
17398,test
17399,test
17400,test
17401,val
17402,test
17403,train
17405,train
17406,test
17407,val
17408,val
17409,train
17410,test
17411,train
17412,test
17413,train
17414,train
17415,test
17416,train
17417,test
17418,train
17419,test
17420,test
17421,test
17422,train
17423,test
17424,test
17425,train
17426,train
17427,train
17428,train
17429,val
17430,test
17431,val
17432,train
17433,train
17434,train
17435,train
17436,val
17437,train
17438,val
17439,train
17440,train
17441,val
17442,train
17443,test
17444,train
17445,train
17446,train
17447,val
17448,val
17449,train
17450,train
17451,val
17452,train
17453,train
17454,train
17455,train
17456,train
17457,val
17458,train
17459,train
17460,val
17461,val
17462,train
17463,train
17464,train
17466,test
17468,train
17471,train
17476,test
17479,train
17481,test
17483,train
17484,train
17485,test
17489,train
17490,train
17491,train
17493,train
17494,train
17495,train
17496,train
17497,train
17498,train
17499,train
17500,train
17501,train
17502,train
17503,test
17504,train
17505,train
17506,train
17507,test
17508,train
17509,train
17510,train
17511,train
17512,train
17513,test
17514,test
17515,train
17516,train
17527,train
17529,train
17530,train
17531,test
17532,train
17533,val
17534,train
17535,train
17536,train
17537,test
17538,train
17539,train
17540,train
17541,train
17542,train
17544,train
17545,test
17546,train
17547,train
17548,train
17549,train
17550,train
17551,train
17552,train
17553,train
17554,train
17555,train
17556,train
17557,val
17558,train
17559,train
17560,test
17561,train
17562,train
17563,train
17564,train
17565,train
17567,train
17568,train
17569,train
17570,train
17571,train
17572,train
17573,train
17575,train
17576,train
17577,train
17579,train
17580,val
17581,train
17582,train
17583,train
17584,train
17585,test
17586,train
17587,train
17588,test
17589,test
17590,train
17592,train
17594,train
17596,val
17597,val
17599,train
17601,train
17602,train
17603,train
17605,train
17606,val
17607,val
17608,train
17609,train
17611,train
17612,train
17613,train
17614,train
17615,train
17616,train
17617,train
17618,test
17619,val
17620,train
17621,test
17623,train
17624,train
17625,train
17626,train
17627,train
17628,train
17629,test
17630,train
17631,train
17632,train
17633,train
17634,train
17635,test
17636,train
17637,train
17638,train
17639,train
17640,train
17641,train
17642,train
17643,test
17644,test
17645,train
17646,val
17647,train
17648,train
17649,test
17650,train
17651,test
17652,train
17653,test
17654,train
17655,train
17656,train
17657,train
17658,test
17659,train
17660,train
17661,train
17662,train
17663,test
17664,train
17665,val
17666,train
17667,train
17668,train
17669,train
17670,train
17671,train
17672,train
17673,train
17674,train
17675,train
17676,val
17677,val
17678,train
17679,train
17680,train
17682,train
17683,train
17684,test
17685,train
17686,train
17687,train
17688,test
17689,train
17690,test
17691,train
17692,val
17693,val
17694,train
17695,train
17696,train
17697,val
17698,train
17699,train
17700,test
17701,train
17702,train
17704,val
17705,train
17706,train
17707,train
17708,train
17709,train
17710,train
17711,train
17712,train
17713,train
17714,train
17715,train
17717,val
17718,train
17719,train
17720,train
17721,train
17722,train
17723,val
17724,train
17725,train
17726,train
17727,train
17729,train
17730,train
17731,val
17732,train
17733,train
17734,train
17735,train
17736,train
17737,val
17738,train
17739,train
17740,train
17741,train
17742,train
17743,val
17744,train
17745,train
17746,train
17747,train
17748,train
17749,val
17750,train
17751,train
17752,train
17753,train
17754,train
17755,train
17756,train
17757,train
17758,train
17759,train
17760,test
17761,val
17762,train
17763,test
17764,train
17765,test
17766,train
17767,test
17768,train
17769,train
17770,train
17771,train
17772,train
17773,train
17774,train
17775,train
17777,train
17778,train
17779,train
17780,train
17781,train
17782,train
17783,train
17784,train
17785,train
17786,train
17787,train
17788,test
17789,train
17790,train
17791,train
17792,train
17793,train
17794,test
17795,train
17796,val
17797,val
17798,train
17799,train
17800,train
17801,train
17802,train
17803,train
17805,train
17806,val
17807,train
17808,train
17809,val
17810,val
17811,train
17812,train
17813,train
17814,test
17815,val
17816,train
17817,val
17818,train
17819,train
17820,train
17821,test
17822,train
17823,train
17824,val
17825,val
17826,train
17827,train
17828,train
17829,test
17830,val
17831,train
17832,test
17833,train
17834,train
17835,train
17836,train
17837,train
17838,train
17839,train
17840,train
17841,train
17842,train
17843,train
17844,train
17845,train
17846,train
17847,train
17848,train
17849,train
17850,test
17851,train
17852,train
17853,train
17854,test
17855,train
17856,train
17857,test
17858,train
17859,train
17860,train
17861,train
17862,train
17863,test
17864,train
17865,test
17866,train
17868,train
17869,train
17870,train
17871,val
17873,val
17874,train
17875,train
17876,val
17877,train
17878,train
17879,train
17880,val
17881,train
17882,train
17883,val
17885,val
17886,train
17887,val
17888,test
17889,train
17890,val
17891,train
17893,val
17894,train
17895,train
17896,train
17897,train
17898,train
17899,train
17900,val
17901,train
17902,train
17903,train
17904,test
17905,val
17906,train
17907,train
17908,train
17909,train
17910,train
17911,train
17912,test
17913,train
17914,val
17915,test
17916,train
17917,val
17918,test
17919,val
17920,train
17921,train
17922,test
17923,test
17924,train
17925,train
17926,train
17927,test
17928,train
17929,val
17930,train
17931,train
17932,train
17933,train
17934,train
17935,train
17936,test
17937,val
17939,test
17940,train
17941,train
17942,train
17943,train
17944,train
17945,train
17946,train
17947,train
17948,train
17949,train
17950,train
17951,train
17952,train
17953,train
17954,val
17955,train
17956,train
17957,train
17959,train
17960,test
17961,val
17962,train
17963,test
17965,train
17966,test
17967,train
17968,train
17969,train
17970,test
17971,train
17972,train
17973,train
17974,train
17975,val
17976,test
17977,test
17978,val
17979,val
17980,train
17981,train
17982,train
17983,test
17984,train
17985,train
17986,train
17987,train
17988,train
17989,train
17990,train
17991,val
17992,train
17993,train
17994,train
17995,train
17996,train
17997,train
17998,train
17999,train
18000,train
18001,train
18002,train
18003,test
18004,train
18005,train
18006,train
18007,train
18008,train
18009,train
18010,val
18011,train
18012,train
18013,train
18014,train
18015,train
18016,train
18017,train
18018,train
18019,train
18020,train
18021,train
18022,val
18023,train
18024,train
18026,train
18027,train
18028,train
18029,train
18030,train
18031,val
18032,train
18033,test
18034,train
18035,test
18036,test
18037,train
18038,test
18039,test
18040,train
18041,val
18042,test
18043,test
18044,train
18045,val
18046,train
18047,train
18048,train
18049,train
18050,train
18051,train
18052,train
18053,train
18054,train
18055,train
18056,train
18057,train
18058,train
18059,train
18079,train
18092,train
18117,test
18121,train
18131,train
18133,train
18135,train
18145,test
18161,train
18162,train
18163,val
18164,val
18166,train
18167,train
18168,val
18169,val
18170,train
18171,train
18172,train
18173,train
18174,train
18175,train
18176,test
18178,train
18179,train
18180,train
18181,val
18185,val
18193,val
18194,train
18195,train
18196,train
18197,train
18198,test
18199,val
18200,test
18201,train
18202,train
18203,train
18205,train
18206,test
18207,train
18208,train
18209,train
18210,train
18211,train
18212,train
18213,test
18214,train
18215,val
18216,train
18217,test
18218,train
18219,train
18220,train
18221,train
18222,train
18223,train
18224,train
18225,val
18226,train
18227,test
18229,train
18230,val
18231,train
18232,test
18233,train
18234,train
18235,val
18236,test
18237,train
18238,val
18240,train
18241,train
18242,val
18243,val
18244,test
18245,val
18246,train
18248,test
18249,train
18254,val
18255,train
18256,val
18257,train
18258,train
18259,train
18260,val
18261,train
18262,train
18263,test
18265,train
18266,train
18267,train
18268,train
18269,test
18270,train
18271,train
18272,val
18273,train
18274,train
18275,val
18276,train
18277,test
18278,train
18280,train
18281,val
18282,train
18283,train
18284,train
18286,train
18287,test
18288,train
18289,train
18290,train
18291,test
18292,train
18293,train
18294,train
18295,train
18296,test
18297,train
18298,train
18299,val
18300,train
18301,train
18302,train
18303,train
18304,train
18305,train
18306,train
18307,train
18308,train
18309,test
18310,train
18311,test
18312,train
18313,train
18314,train
18316,train
18317,train
18318,train
18319,train
18320,train
18321,train
18322,test
18323,train
18324,train
18326,train
18327,train
18332,train
18342,test
18345,train
18346,val
18350,train
18352,train
18353,val
18354,train
18355,train
18356,train
18357,train
18358,val
18359,train
18360,test
18361,test
18363,train
18364,train
18366,train
18367,train
18368,train
18369,train
18370,train
18371,train
18372,val
18374,val
18375,train
18376,train
18377,train
18378,train
18383,train
18384,test
18385,train
18386,train
18387,train
18388,train
18389,train
18391,test
18392,train
18393,val
18394,train
18395,train
18400,test
18401,train
18402,test
18403,train
18404,train
18405,train
18406,test
18407,train
18408,train
18409,val
18410,train
18411,val
18412,train
18413,test
18414,train
18415,train
18416,train
18417,val
18418,val
18419,test
18420,val
18421,val
18427,test
18428,train
18429,train
18430,train
18431,train
18432,train
18433,train
18434,train
18435,train
18436,train
18437,test
18438,train
18439,train
18440,train
18441,train
18442,train
18443,val
18444,train
18445,train
18446,val
18447,val
18448,val
18449,val
18450,val
18451,test
18452,train
18453,val
18454,test
18455,train
18456,train
18457,val
18458,train
18459,val
18460,train
18461,train
18462,train
18463,test
18464,train
18465,train
18466,train
18467,train
18468,train
18469,train
18470,test
18471,val
18472,test
18473,test
18474,train
18475,train
18476,train
18477,train
18478,test
18479,train
18480,train
18481,train
18482,train
18483,train
18484,train
18485,train
18486,test
18487,test
18488,train
18489,test
18490,train
18491,test
18492,test
18493,train
18494,val
18495,val
18496,train
18497,test
18498,val
18499,train
18500,train
18501,train
18508,train
18509,train
18512,test
18517,train
18518,test
18520,train
18521,train
18522,train
18523,train
18524,train
18525,train
18526,train
18527,train
18528,train
18529,val
18530,train
18531,train
18532,train
18533,test
18534,test
18536,train
18537,train
18538,train
18539,test
18540,train
18541,train
18542,train
18543,val
18544,test
18545,train
18546,train
18547,test
18548,train
18549,train
18550,test
18551,train
18552,train
18553,train
18554,train
18555,train
18556,train
18557,train
18558,train
18559,train
18560,train
18561,val
18562,val
18564,test
18565,train
18566,train
18567,train
18568,train
18569,train
18570,val
18571,train
18572,train
18573,val
18574,train
18575,train
18576,test
18577,train
18578,test
18579,train
18581,train
18582,val
18583,val
18584,train
18585,train
18586,train
18587,test
18588,train
18589,train
18590,test
18591,train
18593,train
18594,test
18595,train
18596,train
18597,train
18598,train
18599,train
18600,train
18601,train
18602,train
18603,train
18604,train
18605,train
18606,train
18607,test
18609,train
18610,train
18611,train
18612,train
18613,train
18614,train
18615,train
18616,test
18617,train
18618,train
18619,train
18620,train
18621,train
18622,train
18623,train
18624,train
18625,train
18626,train
18627,val
18628,train
18629,train
18630,train
18631,val
18632,train
18633,test
18634,test
18635,train
18636,train
18637,train
18638,train
18639,test
18640,test
18641,val
18642,train
18643,train
18644,train
18645,train
18646,train
18649,train
18651,train
18653,train
18655,train
18656,train
18657,train
18658,train
18659,train
18665,train
18667,train
18670,train
18671,train
18672,test
18673,train
18674,train
18675,train
18677,val
18678,train
18679,train
18680,train
18681,val
18682,train
18683,test
18684,train
18685,train
18686,train
18687,val
18688,val
18689,test
18690,test
18691,train
18692,train
18693,train
18694,train
18695,train
18696,test
18697,train
18698,train
18699,train
18700,val
18701,train
18702,val
18703,train
18704,train
18705,test
18706,train
18707,val
18708,val
18709,test
18710,train
18711,train
18712,train
18713,train
18714,train
18715,train
18716,test
18717,test
18718,train
18719,test
18720,test
18721,val
18722,test
18724,train
18725,train
18726,test
18727,train
18728,test
18729,train
18730,train
18731,train
18732,train
18733,train
18734,train
18735,test
18736,train
18737,test
18738,test
18739,train
18740,train
18741,test
18742,val
18743,val
18744,test
18745,train
18746,train
18747,train
18748,test
18749,train
18750,train
18751,train
18752,train
18753,train
18754,train
18755,train
18756,train
18757,test
18758,train
18759,train
18760,train
18761,train
18762,train
18763,val
18764,train
18765,train
18766,train
18767,train
18768,train
18769,train
18770,train
18771,train
18772,val
18773,train
18774,train
18775,train
18776,train
18777,train
18778,train
18779,train
18780,train
18781,train
18782,test
18783,train
18784,test
18785,train
18786,train
18787,train
18788,train
18789,train
18791,train
18792,train
18793,train
18794,train
18795,train
18796,train
18797,train
18798,train
18799,train
18800,train
18801,train
18802,val
18803,train
18804,train
18805,train
18806,train
18807,test
18808,val
18809,train
18810,train
18811,train
18812,train
18813,val
18814,train
18815,train
18816,val
18817,test
18818,test
18819,test
18820,test
18821,train
18822,train
18823,test
18824,test
18825,train
18826,train
18827,test
18828,train
18829,test
18830,train
18831,train
18832,train
18833,train
18834,train
18835,train
18836,train
18837,train
18838,train
18839,train
18840,train
18841,test
18842,train
18843,train
18844,test
18845,train
18846,train
18847,train
18848,val
18849,train
18850,test
18851,val
18852,val
18854,train
18855,train
18856,train
18857,train
18858,train
18859,train
18860,train
18861,train
18862,test
18863,train
18864,train
18865,train
18866,train
18867,train
18868,train
18869,test
18870,train
18871,train
18872,val
18873,train
18874,val
18875,train
18876,val
18877,train
18878,train
18879,train
18880,test
18881,train
18882,train
18883,train
18884,val
18885,train
18886,val
18887,train
18888,train
18889,train
18890,train
18891,val
18892,train
18893,train
18894,train
18895,val
18896,train
18897,train
18898,train
18899,train
18900,train
18901,test
18902,train
18903,train
18904,val
18905,train
18906,train
18907,train
18908,train
18909,train
18910,train
18911,train
18912,train
18913,test
18915,train
18916,test
18917,val
18918,test
18919,val
18920,train
18921,test
18922,test
18923,train
18924,train
18925,val
18926,train
18927,train
18929,train
18930,train
18931,train
18932,train
18933,test
18934,train
18935,train
18936,train
18937,train
18938,train
18939,train
18940,train
18941,train
18942,train
18943,val
18944,train
18945,train
18946,train
18947,train
18948,train
18949,train
18950,test
18951,train
18952,train
18953,train
18954,train
18955,val
18956,val
18957,test
18958,val
18959,train
18960,test
18961,val
18962,train
18963,train
18964,train
18965,train
18966,train
18968,train
18969,train
18971,train
18973,train
18974,test
18975,train
18976,train
18977,test
18978,train
18979,val
18980,train
18981,val
18982,train
18983,train
18984,val
18985,train
18986,train
18987,val
18988,train
18989,train
18990,train
18991,test
18992,test
18993,train
18994,train
18995,train
18996,test
18997,test
18998,train
18999,val
19000,train
19001,train
19003,train
19004,train
19005,train
19006,train
19007,train
19008,train
19009,val
19010,train
19011,val
19012,train
19013,val
19014,train
19015,train
19016,train
19017,train
19018,test
19019,train
19020,train
19021,train
19022,test
19023,train
19024,test
19025,val
19026,train
19027,train
19028,train
19029,train
19030,train
19031,train
19032,val
19033,train
19034,test
19035,val
19036,train
19037,train
19038,train
19039,train
19040,train
19041,train
19042,train
19043,train
19044,val
19045,train
19046,train
19047,train
19048,train
19049,val
19050,train
19051,val
19052,train
19053,val
19054,train
19055,test
19056,train
19057,train
19058,train
19059,test
19060,train
19061,train
19062,train
19063,train
19064,train
19065,train
19066,val
19067,test
19068,val
19069,train
19070,train
19071,train
19072,train
19073,train
19074,train
19075,val
19076,train
19077,train
19078,train
19079,train
19080,train
19081,train
19082,train
19083,train
19084,train
19085,train
19086,train
19087,train
19088,train
19089,val
19090,train
19091,val
19092,val
19093,val
19094,train
19095,train
19096,train
19097,val
19098,train
19099,train
19100,train
19101,train
19102,train
19103,test
19104,test
19105,train
19106,train
19107,train
19108,train
19109,val
19111,train
19112,train
19113,train
19114,train
19115,train
19116,test
19117,test
19118,train
19119,train
19120,train
19121,train
19122,val
19123,train
19124,test
19125,train
19126,train
19127,train
19128,train
19129,train
19130,train
19131,train
19132,train
19133,test
19134,train
19135,val
19136,train
19137,val
19138,train
19139,train
19140,train
19141,train
19142,train
19143,train
19144,train
19145,val
19146,train
19147,train
19148,val
19149,train
19150,train
19151,train
19152,train
19153,train
19154,val
19155,val
19156,train
19157,train
19158,train
19159,train
19160,train
19161,train
19162,train
19163,train
19165,val
19166,val
19167,train
19168,train
19169,train
19170,train
19171,train
19172,train
19173,train
19174,train
19175,train
19176,train
19177,train
19180,train
19181,train
19182,train
19183,train
19184,test
19185,train
19186,train
19187,train
19189,train
19191,train
19192,train
19193,val
19194,val
19195,val
19197,train
19198,val
19199,test
19200,train
19201,train
19202,train
19204,train
19206,train
19208,train
19210,train
19211,train
19212,train
19213,train
19217,train
19218,test
19219,val
19220,val
19221,train
19222,train
19223,train
19224,train
19225,train
19226,train
19227,test
19228,train
19229,val
19230,train
19231,train
19232,train
19234,val
19236,train
19238,train
19239,test
19240,test
19241,val
19242,train
19243,train
19244,train
19245,train
19246,train
19247,train
19248,val
19249,test
19250,train
19251,val
19252,train
19253,train
19254,train
19255,train
19256,train
19257,train
19258,val
19259,train
19260,test
19261,val
19262,val
19263,test
19264,train
19265,train
19266,train
19267,train
19268,train
19269,val
19270,train
19271,train
19272,train
19273,train
19274,val
19275,train
19276,test
19277,train
19278,train
19279,train
19280,train
19281,val
19282,test
19283,test
19284,train
19285,train
19286,train
19287,train
19288,train
19289,train
19290,val
19291,train
19292,train
19293,train
19294,train
19295,train
19296,train
19297,train
19298,train
19299,val
19300,train
19301,val
19302,train
19303,train
19304,train
19305,train
19306,train
19307,train
19308,train
19309,train
19310,train
19311,train
19312,test
19313,val
19314,train
19315,train
19316,test
19317,train
19318,train
19319,val
19320,val
19321,train
19322,val
19323,val
19324,train
19325,train
19326,val
19327,val
19328,train
19329,train
19330,train
19331,train
19332,train
19333,train
19334,test
19335,train
19336,train
19337,test
19338,test
19339,test
19340,test
19341,train
19342,train
19343,train
19344,train
19345,val
19348,train
19349,val
19350,train
19351,train
19352,train
19353,train
19354,train
19355,train
19356,train
19357,val
19359,train
19360,test
19361,val
19362,train
19363,train
19364,train
19365,train
19366,train
19367,train
19368,train
19369,train
19370,train
19371,val
19372,train
19379,train
19380,train
19385,train
19386,train
19387,train
19388,train
19389,train
19390,train
19391,train
19392,test
19393,train
19394,test
19395,train
19396,train
19397,train
19398,val
19399,test
19400,val
19401,test
19402,train
19403,test
19404,train
19405,train
19406,val
19407,test
19408,test
19409,val
19410,train
19411,train
19412,train
19413,test
19414,train
19415,train
19419,train
19420,train
19423,test
19424,val
19425,test
19426,train
19427,train
19428,test
19429,train
19430,train
19431,train
19433,train
19434,train
19435,test
19436,val
19438,train
19439,val
19440,test
19441,train
19442,train
19445,val
19448,train
19449,train
19450,train
19453,train
19455,train
19456,train
19457,train
19459,train
19465,train
19466,train
19469,test
19472,train
19473,val
19475,train
19476,train
19477,train
19478,train
19479,train
19481,val
19482,val
19483,val
19484,train
19485,train
19486,train
19487,val
19488,train
19489,train
19490,val
19491,train
19492,train
19493,train
19494,test
19495,train
19496,test
19497,train
19498,train
19499,train
19500,train
19501,train
19502,train
19503,train
19504,test
19505,val
19506,train
19507,train
19508,train
19509,train
19510,train
19511,train
19513,train
19514,train
19515,train
19516,val
19517,train
19518,val
19519,train
19520,val
19522,train
19523,train
19524,train
19525,train
19526,train
19527,train
19528,test
19529,train
19530,train
19531,train
19532,test
19533,train
19534,train
19535,train
19536,val
19537,val
19539,train
19540,train
19541,train
19542,test
19543,train
19544,train
19545,train
19546,train
19547,test
19548,train
19549,train
19550,train
19551,val
19552,train
19553,train
19554,train
19555,train
19556,val
19557,train
19558,train
19559,val
19560,train
19561,train
19563,train
19564,train
19566,train
19567,test
19568,test
19569,val
19570,train
19571,val
19572,train
19573,train
19574,train
19575,train
19576,train
19577,train
19578,train
19579,train
19580,train
19581,train
19582,val
19583,train
19584,train
19585,train
19586,test
19587,train
19588,train
19589,train
19590,train
19591,test
19592,train
19593,train
19594,train
19595,train
19596,test
19597,train
19598,train
19599,train
19600,train
19601,train
19602,train
19603,train
19604,train
19605,train
19606,val
19607,val
19608,train
19609,test
19610,train
19612,val
19613,train
19614,train
19615,train
19616,test
19617,train
19618,train
19619,train
19620,train
19621,test
19622,val
19623,test
19624,val
19625,val
19626,train
19627,train
19628,train
19629,train
19630,test
19631,train
19632,train
19633,train
19634,train
19635,train
19636,val
19637,val
19638,test
19639,train
19640,val
19641,train
19642,train
19643,train
19644,train
19645,train
19646,train
19647,train
19648,train
19649,train
19650,train
19651,train
19652,train
19653,train
19654,train
19655,train
19656,train
19657,val
19658,train
19659,train
19661,train
19662,train
19663,train
19664,test
19665,train
19666,val
19667,test
19668,train
19669,test
19670,train
19671,test
19672,train
19673,test
19674,train
19675,test
19676,train
19677,train
19678,train
19679,train
19680,train
19681,train
19682,train
19683,test
19684,train
19685,train
19686,train
19687,val
19688,train
19690,train
19692,train
19693,train
19695,val
19696,train
19697,val
19699,train
19700,train
19701,train
19702,test
19703,train
19705,val
19706,val
19707,train
19708,train
19709,train
19711,val
19712,test
19713,val
19714,test
19715,train
19716,train
19717,train
19718,test
19719,train
19720,test
19721,train
19723,train
19724,train
19725,train
19726,train
19727,val
19728,train
19731,train
19732,train
19733,train
19734,train
19735,train
19736,train
19737,train
19738,train
19739,train
19740,train
19741,train
19743,test
19744,train
19745,train
19746,train
19747,train
19749,train
19750,train
19751,train
19752,train
19753,test
19755,train
19756,train
19757,train
19758,train
19759,train
19762,train
19763,val
19764,train
19765,test
19766,train
19767,val
19769,train
19770,train
19771,test
19772,train
19773,train
19777,val
19779,val
19780,train
19783,train
19784,train
19785,test
19786,train
19787,train
19788,train
19789,train
19790,test
19791,train
19792,train
19793,train
19794,train
19795,train
19796,train
19797,train
19798,train
19799,test
19800,train
19801,test
19802,test
19803,test
19804,test
19805,test
19806,train
19807,train
19809,test
19810,train
19811,train
19812,train
19813,test
19814,train
19815,test
19816,train
19817,train
19818,test
19819,train
19820,test
19821,train
19822,train
19823,train
19824,val
19825,train
19826,val
19827,test
19828,val
19829,train
19830,val
19831,test
19832,train
19833,train
19834,train
19835,train
19836,train
19837,train
19838,test
19839,train
19840,train
19841,train
19842,train
19843,train
19844,test
19845,train
19846,train
19847,train
19848,train
19849,train
19850,train
19851,train
19852,train
19853,train
19854,train
19855,train
19856,train
19857,train
19858,train
19859,train
19860,train
19861,train
19862,val
19863,train
19864,train
19865,train
19866,train
19867,train
19868,train
19869,train
19870,train
19871,train
19872,train
19873,val
19874,train
19875,train
19876,val
19877,train
19878,train
19879,train
19880,val
19881,train
19882,train
19883,train
19884,train
19885,train
19886,test
19887,val
19888,train
19889,val
19890,train
19891,train
19892,train
19893,train
19894,train
19895,train
19896,train
19897,test
19900,train
19901,train
19902,train
19903,val
19904,train
19905,test
19906,train
19907,train
19908,train
19909,train
19910,train
19911,train
19912,test
19913,train
19914,train
19915,train
19916,train
19917,train
19918,train
19920,train
19921,test
19923,train
19924,train
19925,train
19926,test
19927,train
19928,test
19929,train
19930,train
19931,test
19932,test
19933,val
19934,test
19935,train
19936,train
19937,train
19938,train
19939,train
19940,train
19941,test
19942,train
19943,train
19944,test
19945,train
19946,val
19947,train
19948,train
19949,val
19950,train
19951,train
19953,train
19954,train
19955,val
19956,test
19957,train
19958,test
19959,val
19960,train
19961,train
19962,train
19964,train
19965,val
19967,train
19968,train
19969,train
19971,train
19973,train
19974,train
19975,train
19976,train
19977,train
19978,train
19979,train
19980,train
19981,train
19982,val
19983,test
19984,train
19985,test
19987,train
19988,val
19989,test
19991,val
19992,train
19993,train
19994,train
19995,val
19996,val
19997,train
19999,train
20000,train
20001,train
20002,train
20003,train
20004,train
20005,train
20006,train
20007,train
20008,train
20009,train
20010,train
20011,train
20012,train
20014,train
20015,test
20016,train
20017,val
20018,train
20019,train
20020,val
20021,train
20022,train
20023,train
20024,val
20025,val
20026,train
20027,val
20028,train
20029,train
20030,train
20031,train
20032,train
20033,train
20035,train
20036,val
20037,train
20038,train
20039,train
20040,val
20041,train
20044,train
20045,val
20046,train
20047,val
20048,test
20050,train
20051,train
20052,train
20053,train
20054,train
20055,test
20056,val
20057,train
20058,train
20059,train
20060,train
20061,val
20062,test
20063,train
20064,train
20065,test
20067,train
20068,val
20069,test
20070,train
20072,train
20073,train
20074,test
20075,train
20076,train
20079,train
20080,train
20081,val
20084,train
20091,train
20092,train
20093,val
20094,val
20095,val
20096,val
20097,val
20098,train
20099,train
20100,val
20101,train
20102,val
20103,train
20104,val
20105,test
20106,train
20107,train
20108,train
20109,train
20110,test
20111,val
20112,train
20113,train
20114,test
20115,test
20116,train
20117,train
20118,val
20119,train
20120,test
20121,train
20122,train
20123,train
20124,train
20125,train
20126,train
20127,train
20128,test
20129,train
20130,train
20131,train
20132,train
20133,val
20134,test
20135,train
20136,test
20137,train
20138,val
20139,train
20140,train
20141,train
20142,train
20143,val
20144,val
20145,val
20146,train
20147,train
20148,val
20149,train
20150,train
20151,train
20152,train
20153,train
20154,train
20155,train
20156,val
20157,train
20158,train
20159,train
20160,train
20161,train
20162,test
20163,train
20164,train
20165,train
20166,train
20167,train
20168,train
20169,train
20170,train
20171,train
20172,train
20173,train
20174,train
20175,train
20176,train
20177,train
20178,test
20179,test
20180,train
20181,train
20182,train
20183,val
20184,val
20185,train
20186,train
20187,test
20188,train
20189,train
20190,train
20191,train
20192,train
20193,train
20194,train
20195,train
20196,train
20197,train
20198,train
20199,train
20200,train
20201,test
20202,val
20203,train
20204,train
20205,train
20206,train
20207,test
20208,train
20209,val
20210,train
20211,train
20212,train
20213,train
20214,train
20215,train
20216,train
20217,train
20218,train
20219,train
20220,test
20221,train
20222,train
20223,train
20224,train
20225,val
20226,train
20227,train
20228,train
20229,val
20230,train
20231,train
20232,val
20233,train
20234,val
20235,train
20236,train
20237,train
20238,val
20239,val
20240,train
20241,train
20242,val
20243,train
20244,train
20245,train
20246,train
20247,train
20248,train
20249,test
20250,train
20251,val
20252,test
20253,train
20254,val
20255,train
20256,train
20257,val
20258,train
20259,train
20260,test
20261,train
20262,train
20263,test
20264,train
20265,train
20266,test
20267,train
20271,train
20272,train
20274,train
20275,train
20276,train
20277,train
20278,train
20279,test
20280,train
20281,val
20282,train
20283,train
20284,val
20288,train
20289,train
20290,train
20291,test
20295,train
20297,val
20298,train
20299,train
20300,train
20301,train
20302,train
20303,val
20304,train
20305,train
20306,test
20307,train
20308,test
20309,train
20310,train
20311,train
20312,test
20313,train
20314,train
20315,train
20316,train
20317,train
20318,train
20319,test
20320,train
20321,train
20322,train
20323,train
20324,train
20325,train
20326,train
20327,train
20328,train
20329,test
20330,val
20331,train
20332,train
20333,val
20334,val
20335,train
20336,val
20337,test
20340,train
20341,train
20342,test
20343,train
20344,train
20346,train
20347,val
20348,train
20349,test
20350,train
20351,train
20352,train
20353,train
20354,test
20355,train
20357,train
20358,train
20360,train
20361,val
20362,train
20364,train
20365,train
20366,train
20367,train
20368,train
20369,val
20370,train
20371,train
20372,train
20373,train
20374,train
20375,train
20376,train
20377,train
20378,train
20379,train
20381,train
20382,val
20383,train
20384,train
20385,train
20386,train
20387,train
20388,train
20389,train
20391,train
20393,val
20394,train
20395,train
20396,train
20397,test
20398,train
20399,test
20401,test
20403,train
20404,train
20405,train
20406,train
20408,train
20410,train
20411,train
20412,train
20416,test
20419,train
20420,val
20421,train
20423,train
20425,train
20426,test
20427,val
20429,train
20431,train
20432,train
20433,train
20434,val
20441,train
20445,train
20447,train
20449,train
20450,train
20452,val
20454,train
20455,train
20456,train
20457,train
20458,train
20459,test
20460,train
20461,train
20462,train
20463,train
20464,test
20465,train
20466,train
20467,train
20468,train
20470,train
20473,train
20475,train
20476,train
20477,train
20478,test
20479,test
20480,val
20481,train
20482,train
20483,test
20484,val
20486,train
20487,train
20488,train
20489,test
20490,train
20491,train
20492,train
20493,train
20494,train
20495,train
20496,train
20497,test
20498,train
20499,train
20501,test
20502,train
20503,val
20504,train
20505,train
20506,train
20507,train
20508,val
20509,train
20510,train
20511,train
20512,train
20514,train
20516,train
20517,train
20518,train
20519,train
20521,train
20522,train
20523,train
20524,train
20526,train
20527,train
20528,train
20529,train
20530,train
20531,test
20532,val
20533,val
20534,train
20536,train
20537,val
20540,test
20542,train
20544,test
20546,train
20547,train
20549,train
20552,val
20554,test
20555,val
20556,train
20557,test
20558,train
20559,train
20562,train
20563,train
20564,train
20565,val
20566,train
20567,val
20568,test
20571,test
20573,val
20576,train
20578,test
20579,test
20580,train
20581,val
20582,train
20583,train
20584,val
20585,train
20586,val
20587,train
20588,train
20589,train
20590,train
20591,train
20592,val
20593,train
20594,train
20595,train
20596,train
20597,train
20598,train
20599,train
20600,train
20601,train
20602,val
20603,train
20604,train
20606,test
20610,test
20611,train
20612,train
20613,train
20614,train
20615,val
20616,val
20617,train
20618,train
20619,val
20620,test
20621,train
20623,train
20624,test
20625,train
20626,val
20627,val
20628,train
20629,train
20630,val
20631,val
20637,train
20664,val
20665,test
20666,val
20667,train
20668,train
20669,train
20670,train
20671,train
20672,train
20674,train
20675,train
20676,train
20677,train
20678,train
20679,train
20680,train
20681,train
20682,test
20683,train
20684,train
20685,train
20686,train
20687,train
20688,train
20689,val
20690,train
20691,train
20695,train
20696,train
20697,test
20698,val
20699,test
20700,train
20704,train
20705,train
20706,val
20707,train
20709,train
20710,train
20711,train
20713,test
20714,test
20715,val
20716,train
20729,train
20730,test
20731,train
20733,train
20735,val
20752,train
20753,train
20754,test
20755,train
20756,train
20757,train
20758,test
20759,train
20760,train
20761,train
20762,train
20763,val
20764,train
20765,train
20766,test
20767,train
20768,test
20769,train
20770,train
20771,test
20772,val
20773,train
20774,train
20775,train
20776,val
20777,val
20778,train
20779,val
20780,train
20781,val
20782,train
20783,train
20784,val
20785,train
20786,train
20787,test
20788,train
20789,val
20790,val
20791,val
20792,val
20793,train
20794,train
20796,train
20797,train
20798,train
20799,train
20802,val
20804,test
20805,val
20807,train
20813,train
20814,val
20815,train
20816,test
20818,train
20823,test
20825,train
20827,train
20828,train
20829,train
20830,train
20831,test
20833,train
20836,train
20837,train
20839,train
20840,train
20841,train
20842,train
20843,train
20844,train
20845,train
20847,train
20848,train
20849,val
20850,train
20851,train
20852,train
20853,train
20854,train
20856,val
20858,train
20859,val
20860,val
20861,train
20862,train
20863,train
20864,train
20865,val
20866,train
20868,train
20869,train
20872,train
20873,train
20874,train
20875,train
20876,train
20877,train
20879,val
20885,train
20886,train
20887,test
20888,train
20889,test
20890,train
20891,train
20892,train
20893,train
20894,test
20895,test
20896,val
20897,val
20898,train
20899,train
20900,test
20901,test
20902,val
20904,train
20905,val
20906,train
20907,train
20909,val
20910,test
20913,test
20915,test
20918,test
20919,train
20920,train
20921,train
20923,train
20924,train
20925,val
20926,train
20927,train
20928,train
20929,train
20930,train
20931,train
20932,val
20933,train
20934,train
20935,train
20936,train
20937,train
20938,test
20939,train
20940,val
20941,test
20942,test
20943,train
20944,train
20945,train
20946,train
20947,train
20948,test
20949,train
20950,train
20951,train
20952,train
20953,train
20954,test
20955,val
20956,train
20957,test
20958,train
20959,train
20960,train
20961,test
20962,train
20963,test
20964,train
20965,train
20966,train
20967,test
20968,train
20969,train
20971,val
20972,train
20974,val
20975,train
20976,val
20978,train
20980,train
20983,train
20984,train
20986,train
20988,train
20990,train
20994,train
20996,val
20998,train
21000,train
21001,train
21006,val
21008,train
21012,train
21013,train
21014,train
21015,train
21016,train
21017,train
21018,train
21019,test
21020,train
21021,train
21022,train
21023,val
21024,test
21026,train
21030,train
21034,val
21038,val
21042,train
21047,train
21050,test
21055,train
21056,test
21059,train
21063,train
21067,train
21071,val
21075,train
21079,train
21083,val
21087,train
21091,train
21095,train
21099,train
21103,train
21107,train
21110,train
21111,train
21112,train
21113,test
21114,train
21115,test
21116,train
21117,train
21118,val
21119,train
21120,train
21121,train
21122,train
21123,val
21124,test
21125,train
21126,train
21127,val
21128,train
21129,train
21130,train
21131,train
21132,val
21133,train
21134,train
21135,train
21136,val
21137,train
21138,train
21139,train
21140,test
21141,train
21142,train
21143,train
21144,train
21145,train
21146,train
21147,test
21148,train
21149,train
21150,val
21151,train
21152,train
21153,train
21155,train
21156,val
21157,train
21158,train
21159,test
21160,val
21161,train
21162,train
21163,train
21164,val
21165,val
21166,train
21167,train
21168,val
21169,val
21170,train
21171,train
21172,train
21173,train
21174,val
21175,train
21176,test
21177,train
21178,val
21179,train
21180,val
21181,train
21182,train
21183,train
21184,train
21185,val
21186,train
21187,train
21188,train
21189,train
21190,train
21192,train
21193,train
21197,val
21198,train
21199,train
21202,train
21210,train
21217,val
21219,train
21224,train
21225,train
21226,test
21227,train
21234,train
21235,train
21236,train
21237,val
21238,train
21239,val
21240,test
21241,train
21243,test
21244,test
21245,test
21246,val
21247,train
21248,train
21249,train
21250,train
21251,test
21252,train
21253,train
21254,val
21256,train
21257,val
21258,train
21259,train
21260,train
21261,train
21263,train
21264,train
21268,test
21269,test
21270,test
21271,train
21273,train
21274,train
21275,train
21276,test
21277,train
21278,test
21279,train
21280,train
21281,train
21282,test
21283,train
21284,train
21285,test
21286,train
21287,val
21288,train
21289,train
21290,train
21291,train
21292,train
21293,train
21294,val
21295,train
21296,train
21297,train
21298,val
21299,train
21300,train
21304,test
21305,val
21306,val
21307,train
21308,train
21309,train
21310,test
21311,train
21312,test
21313,train
21314,val
21315,train
21316,test
21319,test
21320,train
21321,test
21322,train
21323,train
21324,train
21325,train
21326,train
21327,val
21328,val
21329,test
21330,train
21331,val
21333,train
21334,train
21335,train
21337,train
21338,train
21339,val
21340,train
21341,train
21342,val
21343,val
21344,train
21345,train
21346,val
21347,train
21348,test
21349,val
21350,val
21351,train
21352,train
21353,train
21354,train
21355,val
21356,train
21357,train
21358,train
21359,train
21364,train
21367,train
21369,train
21373,train
21375,train
21376,test
21379,train
21380,train
21381,train
21382,train
21385,train
21386,train
21387,train
21388,val
21389,test
21391,train
21392,val
21393,train
21394,train
21395,train
21396,val
21397,train
21399,val
21400,train
21401,train
21402,train
21403,val
21404,train
21405,val
21406,train
21407,train
21408,train
21409,val
21410,train
21411,train
21416,train
21418,train
21419,train
21420,train
21421,train
21422,train
21423,train
21424,train
21425,train
21426,val
21427,train
21431,train
21433,train
21434,train
21435,train
21436,val
21437,train
21438,train
21439,train
21440,test
21441,train
21443,train
21444,val
21445,train
21446,train
21449,train
21450,train
21451,train
21453,train
21454,train
21455,test
21464,test
21465,train
21466,val
21467,train
21468,train
21469,train
21470,test
21471,val
21472,train
21476,train
21478,val
21480,train
21481,val
21483,val
21484,train
21485,train
21487,val
21488,val
21493,val
21494,val
21496,val
21497,train
21498,train
21499,train
21500,train
21505,train
21506,train
21507,test
21508,val
21509,val
21510,val
21511,train
21519,train
21520,val
21521,train
21522,val
21523,train
21524,val
21526,val
21527,test
21528,test
21532,train
21533,train
21534,val
21536,train
21538,train
21539,train
21540,train
21541,train
21543,train
21544,test
21545,train
21546,val
21547,test
21548,train
21549,train
21550,test
21551,val
21552,test
21553,val
21555,train
21556,train
21557,train
21558,train
21559,train
21560,val
21562,train
21566,train
21567,train
21568,train
21569,train
21570,train
21571,train
21572,test
21573,train
21574,test
21575,test
21577,train
21578,train
21580,train
21582,train
21583,train
21584,train
21585,train
21586,test
21587,train
21588,train
21589,train
21590,train
21591,test
21592,val
21593,val
21594,test
21596,test
21597,val
21598,test
21599,train
21600,test
21602,train
21610,train
21611,train
21612,train
21613,test
21615,test
21616,test
21617,train
21618,test
21621,val
21622,train
21623,train
21624,train
21626,test
21627,train
21628,train
21629,train
21637,test
21638,test
21639,train
21640,train
21641,train
21642,train
21643,train
21644,test
21645,train
21646,train
21647,train
21650,train
21651,train
21652,train
21653,train
21654,test
21657,train
21658,val
21659,train
21660,train
21661,train
21662,train
21663,train
21664,train
21665,train
21666,val
21667,train
21668,train
21669,train
21670,test
21671,train
21672,val
21673,train
21674,train
21675,train
21676,train
21677,train
21678,train
21679,train
21680,train
21681,train
21682,train
21683,train
21684,train
21685,train
21686,val
21687,train
21688,train
21689,train
21690,test
21691,train
21692,train
21693,train
21694,train
21695,train
21696,train
21697,train
21698,test
21699,train
21700,train
21701,train
21702,train
21703,train
21704,train
21705,train
21706,train
21707,train
21708,test
21709,train
21710,val
21711,train
21712,train
21713,train
21715,train
21719,test
21720,train
21721,train
21723,test
21724,val
21725,test
21727,train
21728,val
21729,val
21730,train
21732,train
21733,train
21734,test
21735,val
21736,test
21737,train
21740,train
21741,train
21743,train
21744,test
21745,train
21747,train
21748,train
21750,train
21752,train
21753,train
21754,train
21758,test
21762,train
21766,train
21770,train
21774,train
21778,train
21782,train
21783,test
21787,test
21791,train
21796,test
21800,train
21804,train
21805,train
21806,train
21807,train
21808,test
21809,train
21811,train
21812,train
21813,test
21814,train
21816,train
21817,train
21818,val
21819,val
21820,train
21821,train
21822,train
21825,train
21829,val
21830,val
21833,train
21838,train
21843,train
21848,test
21853,test
21858,train
21863,train
21868,train
21873,train
21877,train
21878,val
21879,test
21880,train
21881,train
21882,train
21883,train
21884,train
21885,test
21886,train
21887,train
21888,val
21889,test
21890,train
21891,train
21892,train
21893,train
21894,train
21895,train
21896,train
21897,train
21898,train
21899,train
21900,train
21901,train
21902,train
21903,train
21904,train
21905,train
21906,train
21907,train
21908,train
21909,train
21910,train
21911,test
21912,test
21913,train
21914,train
21915,train
21916,train
21917,train
21918,train
21919,train
21920,test
21921,train
21922,val
21923,train
21924,train
21925,test
21926,train
21927,train
21928,train
21929,train
21930,train
21931,train
21932,train
21933,val
21934,train
21935,train
21936,val
21937,train
21938,train
21939,train
21940,val
21941,train
21942,val
21943,train
21944,val
21945,test
21946,train
21947,test
21948,val
21949,train
21950,train
21951,train
21952,val
21953,train
21954,train
21955,train
21956,val
21957,train
21958,train
21959,train
21960,train
21962,train
21963,val
21964,val
21965,val
21966,val
21967,train
21968,val
21969,train
21971,train
21972,train
21973,val
21974,train
21975,val
21976,train
21977,val
21978,train
21979,train
21980,val
21982,train
21985,val
21986,train
21987,val
21988,train
21989,train
21990,val
21991,val
21994,train
21995,train
21996,val
21997,train
21998,train
21999,train
22000,train
22001,train
22002,train
22003,train
22004,train
22005,train
22006,val
22007,val
22008,train
22009,train
22010,train
22011,train
22012,train
22013,val
22014,train
22015,train
22016,train
22017,val
22018,train
22019,train
22020,train
22021,val
22024,train
22026,val
22027,train
22029,train
22030,train
22031,test
22032,train
22033,train
22034,train
22035,train
22036,test
22037,train
22038,train
22039,train
22040,train
22041,test
22042,test
22043,train
22044,train
22045,train
22046,train
22048,train
22049,val
22050,train
22051,test
22052,train
22053,train
22054,train
22056,test
22057,test
22059,train
22060,test
22061,train
22063,train
22064,train
22065,val
22066,train
22067,train
22068,train
22069,train
22070,train
22071,val
22072,train
22073,train
22074,test
22075,train
22076,test
22080,test
22081,test
22082,train
22083,train
22091,train
22092,train
22093,train
22094,train
22095,train
22096,train
22097,train
22098,train
22100,test
22101,train
22102,train
22103,val
22104,val
22105,val
22109,train
22110,val
22111,test
22112,train
22113,train
22114,train
22117,val
22119,train
22121,train
22122,train
22124,val
22125,train
22126,val
22127,val
22128,train
22129,val
22130,train
22131,train
22132,train
22133,val
22134,train
22135,train
22136,train
22137,val
22138,train
22139,train
22140,train
22141,train
22142,val
22143,train
22145,train
22146,train
22147,train
22148,train
22149,train
22150,train
22151,train
22152,val
22153,train
22154,train
22156,train
22157,train
22158,train
22159,train
22160,train
22161,train
22162,test
22163,train
22164,train
22165,train
22166,train
22167,train
22168,train
22169,test
22171,train
22172,val
22173,train
22174,train
22175,train
22176,train
22177,val
22178,train
22179,train
22180,train
22181,train
22182,train
22183,train
22184,val
22186,train
22187,train
22188,train
22189,train
22190,train
22191,train
22192,train
22193,val
22194,train
22195,train
22196,test
22197,train
22198,test
22199,test
22200,train
22202,test
22203,train
22204,test
22205,val
22206,train
22207,train
22208,train
22209,train
22210,train
22211,train
22212,train
22213,train
22214,train
22215,train
22216,train
22217,train
22218,test
22219,train
22220,train
22221,train
22222,train
22223,train
22224,test
22225,train
22226,train
22227,test
22228,train
22229,train
22230,train
22231,train
22232,val
22233,train
22234,train
22235,train
22236,test
22237,train
22239,val
22240,train
22241,train
22242,train
22243,train
22244,test
22245,train
22246,train
22247,val
22248,val
22249,test
22250,train
22251,train
22252,test
22253,train
22254,train
22255,val
22256,train
22257,train
22258,val
22259,train
22260,val
22261,val
22262,train
22263,test
22264,train
22265,train
22266,train
22267,train
22268,train
22269,train
22273,val
22274,train
22275,train
22276,train
22277,train
22284,test
22289,train
22290,test
22294,train
22295,train
22304,train
22305,test
22306,val
22307,train
22308,test
22309,test
22310,train
22311,test
22312,train
22313,val
22314,train
22315,train
22316,train
22317,train
22318,test
22319,train
22320,train
22321,train
22322,train
22323,test
22324,train
22325,train
22326,train
22327,test
22328,train
22329,train
22330,val
22331,val
22332,train
22334,train
22336,val
22337,test
22338,test
22339,train
22340,train
22341,train
22342,train
22343,train
22344,val
22345,train
22346,train
22347,train
22348,train
22349,train
22350,test
22351,train
22352,train
22353,train
22354,test
22355,train
22356,val
22357,train
22358,train
22359,test
22360,test
22361,train
22362,train
22363,test
22364,train
22365,test
22366,test
22367,train
22368,train
22369,train
22370,train
22372,test
22373,val
22374,train
22375,val
22376,train
22377,train
22378,val
22379,test
22380,val
22381,test
22382,test
22383,train
22384,train
22385,train
22386,train
22388,train
22389,train
22390,train
22391,train
22392,val
22393,test
22394,train
22395,train
22398,train
22399,val
22400,test
22401,train
22402,train
22403,train
22404,train
22405,train
22406,train
22407,train
22409,val
22430,val
22438,train
22453,train
22454,train
22456,train
22457,train
22458,val
22459,train
22461,test
22462,train
22463,train
22464,test
22465,train
22466,test
22467,train
22468,train
22471,val
22472,train
22475,val
22476,val
22477,train
22479,train
22480,train
22481,train
22482,train
22483,test
22484,val
22485,train
22486,train
22487,train
22488,train
22489,val
22490,train
22491,train
22492,train
22493,train
22494,train
22495,test
22499,val
22500,train
22501,val
22502,train
22503,train
22504,train
22505,train
22510,test
22524,train
22532,train
22533,val
22534,val
22536,train
22537,val
22538,test
22539,train
22540,train
22541,train
22542,train
22543,val
22544,train
22545,val
22547,val
22548,val
22549,test
22550,train
22553,train
22554,train
22555,train
22556,train
22557,train
22558,val
22559,train
22560,test
22561,train
22562,train
22563,train
22564,train
22565,train
22567,train
22569,train
22570,train
22571,train
22573,train
22575,train
22576,train
22577,train
22578,train
22579,val
22580,train
22581,test
22582,train
22583,train
22584,train
22585,train
22586,train
22587,train
22588,train
22589,test
22590,train
22591,train
22592,train
22593,test
22594,test
22595,train
22596,train
22597,train
22598,test
22599,train
22600,train
22601,test
22602,train
22603,train
22604,train
22605,val
22606,val
22607,train
22608,train
22609,train
22610,train
22611,test
22612,train
22613,train
22614,test
22615,train
22616,train
22617,train
22618,train
22619,train
22620,train
22621,train
22622,train
22623,train
22624,test
22625,train
22626,train
22627,train
22628,train
22629,train
22630,train
22631,train
22632,train
22633,train
22634,train
22635,train
22636,train
22637,train
22638,val
22639,val
22640,train
22641,test
22642,train
22643,train
22644,test
22645,train
22646,train
22647,train
22648,train
22649,val
22650,train
22651,test
22652,train
22653,val
22654,train
22655,train
22656,train
22657,train
22658,test
22659,train
22660,train
22661,test
22662,test
22663,train
22664,train
22665,train
22666,train
22667,test
22668,train
22670,val
22671,val
22672,val
22673,train
22674,val
22675,test
22676,val
22677,train
22678,val
22679,train
22680,test
22681,train
22682,test
22683,train
22684,train
22685,val
22686,train
22687,train
22688,test
22689,train
22690,train
22691,train
22692,train
22693,train
22694,train
22696,val
22697,train
22698,train
22699,train
22700,train
22701,test
22702,train
22703,train
22704,val
22705,train
22706,val
22707,train
22708,train
22709,train
22710,train
22711,train
22712,train
22713,val
22714,test
22715,train
22716,test
22717,train
22718,train
22719,test
22720,train
22721,test
22722,train
22723,test
22724,train
22725,train
22726,train
22727,val
22728,train
22729,train
22730,test
22731,train
22732,test
22733,val
22734,train
22735,train
22736,train
22737,train
22738,val
22739,train
22740,train
22741,train
22742,train
22743,train
22744,val
22745,train
22746,train
22747,train
22748,train
22749,train
22750,train
22751,train
22752,train
22753,train
22754,train
22755,train
22756,train
22757,train
22758,train
22759,train
22760,train
22761,train
22762,val
22763,train
22764,train
22765,train
22766,train
22767,val
22768,train
22769,train
22770,train
22771,train
22772,train
22773,train
22774,test
22775,train
22776,train
22777,train
22778,train
22779,test
22780,test
22781,train
22782,test
22783,train
22784,train
22786,test
22787,test
22789,train
22792,train
22794,val
22795,train
22796,train
22797,train
22798,train
22799,train
22800,train
22801,train
22802,train
22803,val
22805,train
22807,train
22810,train
22811,train
22812,train
22813,val
22814,test
22815,train
22816,train
22817,val
22818,val
22819,train
22820,val
22821,test
22822,train
22823,val
22824,train
22825,val
22826,train
22827,train
22828,val
22829,test
22830,train
22831,val
22832,train
22833,val
22836,train
22837,test
22838,val
22840,train
22841,train
22842,val
22844,train
22845,train
22846,val
22847,test
22848,val
22849,val
22850,train
22851,val
22852,train
22853,train
22854,val
22855,train
22856,train
22857,val
22858,test
22859,val
22860,val
22861,test
22862,train
22863,val
22864,test
22865,val
22866,train
22867,train
22868,val
22869,train
22870,train
22871,val
22872,test
22873,val
22874,val
22875,val
22876,test
22877,train
22878,val
22881,test
22882,train
22883,val
22884,train
22885,val
22886,val
22887,train
22888,train
22889,train
22890,train
22891,train
22892,train
22893,val
22894,val
22895,val
22896,train
22898,train
22900,train
22905,test
22908,train
22909,train
22911,train
22912,train
22913,train
22914,train
22915,train
22916,test
22917,train
22919,train
22920,train
22921,train
22922,val
22923,train
22924,train
22925,train
22926,train
22927,test
22928,train
22929,test
22930,test
22931,train
22932,train
22933,train
22934,train
22935,train
22936,train
22937,train
22938,train
22939,train
22940,train
22941,val
22942,train
22943,train
22944,val
22945,train
22946,val
22947,val
22948,train
22949,train
22950,test
22952,train
22953,train
22958,train
22959,train
22962,train
22963,train
22968,train
22969,train
22970,train
22971,test
22975,train
22976,test
22977,train
22978,train
22979,train
22980,train
22981,train
22982,train
22983,train
22984,train
22987,train
22988,val
22990,train
22994,train
22998,test
22999,train
23004,train
23005,train
23024,val
23027,train
23028,train
23029,train
23030,train
23031,train
23032,test
23033,train
23034,val
23035,test
23036,train
23037,val
23038,test
23039,test
23040,test
23041,train
23042,test
23043,train
23044,train
23045,train
23046,train
23047,train
23048,test
23049,val
23050,train
23051,train
23052,train
23053,train
23054,train
23055,train
23056,train
23057,test
23058,test
23060,val
23063,train
23067,train
23068,train
23069,train
23071,train
23072,val
23073,test
23077,train
23079,train
23083,test
23084,test
23088,train
23089,train
23091,train
23092,train
23093,train
23094,test
23095,train
23096,train
23097,train
23099,train
23100,train
23101,train
23102,val
23103,train
23104,train
23105,train
23106,train
23107,train
23108,train
23109,train
23110,train
23111,train
23112,train
23113,train
23114,train
23115,train
23116,train
23117,train
23118,train
23119,train
23120,val
23121,test
23122,train
23123,train
23124,train
23125,train
23127,test
23129,train
23130,train
23131,test
23132,test
23133,train
23134,train
23135,train
23136,train
23137,train
23138,train
23139,test
23140,val
23141,train
23142,train
23143,val
23144,val
23145,train
23146,train
23147,train
23148,val
23149,test
23150,test
23151,train
23152,train
23153,train
23154,train
23155,train
23156,train
23157,train
23158,test
23159,test
23160,test
23161,train
23162,train
23163,train
23164,train
23165,train
23166,test
23167,test
23168,train
23169,train
23170,train
23171,test
23172,test
23173,test
23174,test
23175,train
23176,train
23177,train
23178,train
23179,train
23180,test
23181,train
23182,test
23186,train
23187,test
23188,train
23189,train
23191,val
23193,train
23194,train
23195,train
23196,train
23197,train
23198,train
23199,train
23200,train
23201,train
23202,train
23204,train
23205,train
23206,train
23207,train
23208,test
23209,train
23210,train
23211,train
23212,train
23213,train
23214,train
23215,val
23216,train
23217,train
23218,train
23219,train
23220,train
23221,train
23222,test
23223,train
23224,test
23225,train
23226,val
23227,train
23228,val
23229,val
23230,val
23231,train
23232,train
23233,train
23234,train
23235,val
23236,train
23237,val
23238,test
23239,train
23240,train
23241,train
23242,train
23243,train
23244,train
23245,train
23246,train
23247,train
23248,train
23249,train
23250,train
23251,train
23252,val
23253,train
23254,train
23255,train
23256,val
23257,train
23258,train
23259,train
23260,val
23261,val
23262,test
23263,val
23264,train
23265,train
23266,val
23267,train
23268,train
23269,train
23270,train
23271,train
23272,train
23273,val
23274,train
23275,train
23276,test
23277,train
23278,test
23279,train
23280,val
23281,val
23282,train
23283,train
23284,test
23285,train
23286,test
23287,train
23288,val
23289,train
23290,train
23291,train
23292,train
23293,train
23294,train
23296,train
23297,train
23298,test
23299,train
23300,train
23301,train
23302,train
23303,train
23304,train
23305,train
23306,test
23307,train
23308,train
23309,train
23310,train
23311,train
23312,train
23313,train
23314,train
23315,train
23316,test
23317,test
23318,train
23319,test
23320,train
23321,test
23322,test
23323,train
23324,test
23325,test
23326,test
23327,train
23328,test
23329,train
23330,train
23331,test
23332,train
23333,val
23334,train
23335,train
23336,val
23337,train
23338,train
23339,val
23350,train
23373,train
23400,test
23401,train
23441,train
23442,val
23446,train
23447,train
23448,test
23450,train
23451,train
23453,train
23455,train
23457,train
23460,test
23461,train
23462,val
23463,train
23464,train
23465,train
23466,train
23467,train
23468,test
23469,train
23470,train
23471,train
23472,train
23473,train
23474,train
23475,train
23476,train
23477,train
23478,train
23479,test
23480,train
23481,train
23482,train
23483,test
23484,train
23485,val
23486,train
23487,train
23489,train
23491,train
23494,train
23497,train
23500,train
23502,train
23505,train
23508,train
23510,train
23513,train
23514,train
23516,val
23517,train
23519,test
23521,train
23522,train
23523,train
23524,train
23526,train
23527,train
23528,train
23529,train
23530,train
23531,val
23532,train
23533,train
23534,val
23535,train
23536,train
23537,train
23538,val
23539,train
23540,test
23541,val
23542,train
23543,val
23544,train
23545,train
23546,train
23547,train
23548,train
23549,train
23550,train
23551,train
23552,train
23553,train
23554,train
23555,train
23556,test
23557,train
23558,train
23559,train
23560,val
23561,train
23562,val
23563,train
23564,train
23565,train
23566,train
23567,test
23568,test
23569,train
23570,train
23571,test
23572,train
23573,val
23574,train
23575,val
23576,train
23577,train
23578,test
23579,train
23580,train
23581,test
23582,val
23583,train
23584,train
23585,val
23586,train
23587,test
23588,test
23589,train
23590,train
23591,train
23592,train
23593,train
23594,train
23595,train
23596,train
23597,train
23598,val
23599,train
23600,val
23601,train
23602,train
23603,test
23604,train
23605,val
23606,train
23607,train
23608,train
23609,train
23610,train
23611,train
23612,train
23613,val
23614,train
23615,test
23616,val
23617,train
23618,test
23619,train
23620,train
23621,train
23623,train
23624,train
23625,train
23627,train
23631,train
23632,train
23635,train
23638,train
23642,train
23643,val
23644,train
23647,train
23648,val
23649,train
23650,train
23651,train
23653,train
23662,train
23665,test
23666,train
23667,val
23668,test
23669,train
23670,train
23671,train
23672,train
23675,val
23676,val
23677,train
23679,train
23680,train
23682,train
23684,train
23685,test
23686,test
23688,train
23689,train
23690,train
23691,train
23692,train
23693,train
23695,train
23696,train
23698,train
23699,train
23702,test
23703,train
23704,test
23705,train
23706,test
23709,train
23710,test
23711,train
23712,train
23714,train
23715,train
23716,train
23717,train
23718,train
23719,train
23720,train
23721,train
23723,test
23724,val
23725,val
23727,train
23728,train
23729,train
23730,val
23731,train
23734,train
23735,train
23736,train
23737,train
23738,train
23739,train
23740,train
23743,train
23744,val
23745,train
23746,train
23747,train
23749,train
23750,train
23751,train
23752,val
23753,test
23754,train
23755,test
23756,train
23757,val
23758,train
23759,train
23760,val
23761,train
23762,val
23764,test
23765,train
23766,train
23768,train
23769,val
23770,train
23771,train
23774,val
23775,test
23776,train
23777,train
23778,train
23779,train
23780,train
23781,test
23783,train
23785,train
23786,train
23787,val
23788,train
23789,train
23790,train
23792,train
23794,train
23795,train
23796,train
23797,val
23798,train
23799,val
23800,train
23801,train
23802,train
23803,val
23804,val
23806,train
23807,train
23808,train
23809,train
23812,train
23813,train
23814,train
23815,train
23816,train
23817,train
23818,test
23819,train
23820,train
23821,train
23822,test
23823,train
23824,train
23825,train
23826,val
23827,train
23828,train
23829,test
23830,test
23831,train
23832,train
23833,val
23834,train
23835,train
23836,test
23837,train
23838,train
23839,train
23840,val
23841,train
23842,val
23843,train
23844,train
23845,val
23846,train
23847,train
23848,train
23849,train
23850,val
23851,train
23852,train
23853,train
23854,train
23855,train
23856,val
23857,train
23858,val
23859,val
23860,train
23861,train
23862,train
23863,train
23864,train
23865,train
23867,train
23868,train
23869,val
23870,train
23871,val
23872,train
23873,test
23874,train
23875,train
23876,train
23877,test
23878,train
23881,train
23882,test
23884,train
23885,train
23886,train
23887,train
23888,train
23889,train
23890,test
23893,test
23894,train
23895,train
23899,test
23900,train
23901,train
23904,val
23905,train
23906,test
23908,val
23911,test
23913,train
23914,train
23917,test
23919,train
23921,train
23925,test
23926,train
23927,test
23929,val
23930,train
23931,train
23932,train
23934,train
23935,train
23936,train
23937,val
23938,val
23939,val
23940,val
23941,val
23942,train
23943,train
23945,train
23951,test
23952,train
23953,train
23954,test
23955,val
23956,test
23957,train
23959,train
23961,train
23962,val
23963,train
23964,train
23965,train
23966,train
23967,train
23968,train
23969,train
23970,val
23972,train
23973,train
23975,train
23976,test
23977,test
23979,test
23982,val
23985,val
23989,train
23991,val
23999,val
24006,train
24015,train
24016,train
24017,train
24018,train
24020,train
24021,val
24022,train
24023,train
24024,train
24027,train
24028,val
24029,train
24032,val
24036,train
24037,train
24039,train
24040,val
24041,train
24042,train
24044,train
24045,train
24047,train
24049,val
24050,train
24051,train
24052,train
24053,train
24054,train
24055,train
24058,train
24059,test
24061,train
24062,val
24065,train
24066,train
24067,train
24068,train
24069,train
24070,train
24071,train
24072,train
24073,train
24074,train
24075,train
24076,train
24077,val
24078,train
24079,test
24080,train
24081,train
24082,val
24083,val
24084,val
24085,test
24089,train
24090,train
24091,test
24094,train
24098,train
24099,train
24100,train
24101,train
24102,test
24103,train
24104,test
24105,train
24106,train
24107,train
24108,train
24109,train
24110,train
24111,train
24112,train
24113,train
24114,train
24115,train
24116,val
24117,test
24118,train
24119,train
24120,val
24121,val
24126,val
24127,val
24129,train
24130,train
24131,train
24132,train
24133,val
24134,train
24135,train
24136,train
24143,train
24144,train
24146,train
24148,train
24149,test
24150,train
24151,train
24152,train
24153,train
24154,train
24155,train
24156,train
24157,train
24158,val
24159,val
24160,train
24161,train
24162,val
24163,train
24164,test
24165,val
24166,train
24167,val
24168,train
24169,val
24170,val
24171,val
24172,test
24173,test
24174,train
24175,train
24176,train
24177,train
24178,train
24179,train
24180,test
24181,train
24182,train
24183,test
24184,train
24185,train
24186,train
24187,train
24188,train
24189,val
24190,train
24191,val
24192,test
24194,train
24199,train
24202,train
24204,train
24212,test
24213,train
24214,train
24215,train
24216,train
24217,train
24218,train
24220,test
24229,train
24233,train
24234,train
24236,val
24237,val
24240,train
24241,train
24242,val
24249,train
24250,test
24251,train
24252,test
24253,train
24254,test
24255,train
24256,train
24257,train
24258,test
24259,train
24260,train
24264,val
24265,train
24266,train
24267,train
24269,val
24270,val
24272,train
24273,val
24274,test
24275,val
24283,train
24284,test
24285,val
24286,train
24287,val
24288,val
24289,test
24290,train
24291,train
24292,val
24293,train
24294,train
24295,train
24296,train
24297,train
24298,test
24299,val
24300,test
24302,train
24303,train
24304,train
24305,train
24306,train
24307,train
24308,train
24309,train
24311,val
24312,train
24314,train
24323,train
24324,train
24325,train
24326,train
24327,train
24328,train
24329,train
24331,train
24333,train
24334,train
24335,test
24336,test
24337,train
24338,train
24339,train
24340,train
24341,train
24342,train
24343,train
24344,test
24345,train
24346,train
24347,train
24354,val
24355,train
24356,train
24357,train
24358,train
24359,train
24360,train
24361,val
24362,val
24363,train
24364,train
24365,train
24366,train
24367,train
24368,val
24369,train
24370,val
24371,val
24372,train
24373,train
24374,train
24375,train
24376,train
24377,train
24378,train
24379,val
24380,test
24382,val
24383,train
24384,train
24385,test
24386,train
24387,val
24388,train
24389,val
24390,train
24391,train
24392,test
24393,train
24394,train
24395,val
24398,train
24400,train
24401,train
24403,val
24404,train
24405,val
24406,train
24407,train
24408,train
24409,train
24410,train
24411,train
24412,train
24413,train
24414,train
24415,val
24416,train
24417,train
24418,test
24419,train
24420,test
24421,train
24422,train
24423,train
24424,val
24425,test
24426,val
24427,test
24428,test
24429,train
24442,train
24443,train
24444,train
24445,train
24446,val
24447,train
24448,val
24450,train
24451,train
24452,train
24453,train
24454,train
24455,train
24456,val
24457,train
24458,train
24459,test
24460,train
24461,train
24462,test
24463,train
24466,test
24467,test
24468,train
24469,train
24470,train
24472,train
24473,val
24474,test
24476,train
24480,train
24481,train
24482,train
24483,train
24487,train
24493,train
24495,train
24496,train
24497,train
24498,test
24499,train
24500,train
24501,val
24502,val
24503,train
24504,val
24505,train
24506,train
24507,test
24508,train
24509,train
24510,train
24511,test
24512,train
24513,train
24514,train
24515,train
24516,train
24517,test
24518,train
24519,train
24520,train
24521,train
24522,train
24523,train
24524,train
24525,test
24526,train
24527,train
24528,test
24529,val
24530,train
24531,train
24532,train
24533,test
24534,train
24535,train
24536,train
24537,train
24538,val
24539,train
24540,train
24541,train
24542,train
24543,test
24544,val
24545,val
24546,train
24547,val
24548,test
24549,train
24550,train
24551,train
24552,train
24553,train
24554,train
24555,test
24556,train
24557,test
24558,val
24561,train
24562,train
24565,test
24566,train
24567,train
24572,train
24574,train
24577,train
24579,train
24583,train
24589,train
24590,val
24591,train
24592,train
24593,train
24594,train
24595,train
24596,train
24597,train
24598,val
24599,train
24600,train
24601,train
24602,val
24603,train
24604,train
24605,train
24606,train
24607,train
24608,train
24609,train
24610,test
24611,train
24612,train
24613,train
24614,train
24615,train
24616,train
24617,train
24618,train
24619,train
24620,train
24621,train
24622,train
24623,train
24624,train
24625,train
24626,train
24627,train
24628,val
24629,train
24630,test
24631,train
24632,test
24633,train
24637,train
24638,train
24639,train
24641,train
24642,train
24643,train
24644,train
24645,train
24646,val
24647,train
24648,test
24649,train
24651,test
24652,test
24653,train
24654,train
24655,train
24656,test
24657,train
24658,train
24659,train
24660,train
24661,train
24662,train
24663,train
24664,train
24665,train
24666,train
24668,train
24669,val
24670,train
24671,train
24676,train
24677,train
24678,val
24679,val
24680,train
24681,train
24684,train
24685,val
24686,train
24687,train
24688,train
24689,train
24690,train
24691,train
24692,train
24693,train
24694,train
24695,train
24696,train
24697,test
24698,train
24699,train
24700,train
24701,train
24702,val
24703,test
24704,train
24705,train
24706,val
24707,test
24708,test
24709,train
24710,train
24711,test
24712,train
24714,train
24715,train
24716,test
24717,train
24718,train
24719,train
24720,val
24721,train
24722,train
24724,train
24725,train
24726,val
24727,train
24729,train
24730,val
24732,val
24733,val
24735,train
24736,train
24737,train
24738,val
24739,train
24740,train
24741,test
24742,train
24743,train
24749,val
24753,test
24754,test
24755,val
24756,train
24757,train
24758,train
24760,train
24766,train
24768,val
24769,train
24770,train
24772,test
24773,train
24775,train
24776,train
24777,train
24778,val
24779,test
24780,test
24781,train
24782,test
24784,train
24785,train
24786,train
24788,test
24789,train
24794,train
24795,train
24796,train
24805,train
24809,test
24816,train
24817,train
24818,val
24819,train
24820,train
24822,val
24825,train
24828,train
24832,train
24833,test
24834,train
24835,train
24836,train
24840,train
24841,train
24845,test
24846,train
24848,val
24849,train
24850,train
24853,train
24854,train
24855,val
24858,test
24866,train
24867,test
24868,train
24869,train
24870,test
24871,train
24872,train
24873,train
24874,train
24875,val
24876,train
24884,train
24885,train
24886,train
24887,train
24888,train
24892,test
24906,train
24907,train
24908,train
24909,test
24910,train
24911,train
24912,train
24913,test
24914,train
24917,train
24918,train
24919,train
24920,val
24921,train
24922,train
24923,train
24924,test
24925,val
24927,val
24928,test
24929,train
24933,train
24937,val
24940,val
24941,test
24942,train
24943,train
24944,train
24945,test
24946,train
24947,train
24948,train
24949,train
24950,train
24951,train
24952,train
24953,test
24954,train
24955,train
24964,test
24969,train
24972,test
24973,train
24974,train
24975,train
24976,train
24977,train
24984,train
24985,train
24986,train
24987,train
24988,train
24989,test
24992,val
24993,train
24995,test
24996,test
25000,train
25003,train
25004,train
25006,train
25007,test
25011,train
25012,train
25013,test
25014,train
25016,train
25017,train
25018,train
25019,train
25020,train
25021,train
25022,train
25023,train
25024,train
25025,train
25026,train
25027,train
25028,test
25029,val
25030,train
25031,train
25032,train
25033,train
25034,train
25035,train
25036,train
25037,val
25038,train
25039,train
25040,train
25041,train
25042,test
25043,train
25044,train
25045,train
25046,train
25047,train
25048,train
25049,train
25050,test
25051,train
25053,test
25054,train
25055,test
25056,train
25057,train
25058,train
25059,train
25060,train
25061,train
25062,test
25063,test
25064,test
25065,test
25066,train
25067,train
25068,val
25069,train
25070,train
25071,test
25072,train
25073,val
25074,train
25075,val
25076,train
25077,val
25078,train
25079,val
25080,train
25081,train
25082,train
25083,train
25084,train
25085,train
25087,train
25088,train
25089,train
25090,train
25093,train
25094,train
25097,train
25098,train
25099,train
25100,train
25101,train
25102,train
25103,train
25104,val
25105,train
25106,train
25107,train
25108,train
25109,val
25110,train
25111,train
25112,train
25113,val
25114,test
25115,train
25116,train
25117,train
25118,test
25119,test
25120,test
25121,val
25122,test
25124,val
25125,train
25126,train
25127,val
25128,val
25129,train
25130,test
25135,train
25136,train
25137,train
25139,train
25140,train
25141,train
25142,train
25143,val
25144,train
25145,val
25146,train
25148,train
25149,train
25150,train
25151,train
25152,train
25153,train
25155,train
25156,train
25157,train
25158,train
25159,train
25160,train
25161,train
25162,train
25163,train
25164,train
25165,train
25166,train
25167,train
25168,train
25170,train
25171,train
25172,test
25173,train
25174,train
25175,train
25176,train
25177,test
25178,test
25179,train
25180,train
25181,test
25182,train
25183,test
25184,train
25185,test
25186,train
25187,test
25188,test
25189,train
25190,train
25191,train
25192,train
25193,test
25194,train
25195,test
25196,test
25197,train
25198,test
25199,test
25200,train
25201,test
25202,test
25203,test
25204,train
25205,train
25206,train
25207,test
25208,train
25209,train
25210,train
25211,train
25212,val
25213,train
25214,train
25215,train
25216,test
25217,test
25218,train
25219,train
25220,train
25221,train
25222,train
25223,train
25224,val
25225,train
25226,train
25227,train
25228,train
25229,train
25230,train
25231,train
25232,test
25233,train
25234,test
25235,test
25236,val
25237,val
25238,train
25239,train
25240,train
25241,train
25242,train
25243,val
25244,train
25245,train
25246,train
25247,train
25248,train
25249,train
25250,test
25251,train
25252,train
25253,train
25254,train
25256,train
25257,val
25258,train
25259,test
25260,val
25261,train
25262,train
25263,train
25264,train
25265,train
25266,train
25267,train
25268,train
25269,train
25270,train
25271,train
25272,train
25273,train
25274,train
25275,train
25276,train
25277,train
25278,train
25280,train
25281,test
25282,val
25283,train
25284,test
25285,train
25286,test
25287,val
25288,train
25289,train
25290,train
25291,train
25292,train
25293,train
25294,train
25295,train
25296,train
25297,train
25298,train
25299,val
25300,train
25301,train
25302,train
25303,val
25304,train
25305,train
25306,train
25307,train
25308,train
25309,train
25310,train
25311,test
25312,test
25313,val
25314,train
25315,train
25316,test
25317,val
25318,test
25319,train
25320,train
25321,test
25322,train
25323,test
25324,train
25325,train
25326,train
25327,train
25328,train
25329,val
25330,test
25331,test
25332,train
25333,test
25334,train
25335,train
25336,train
25337,test
25338,train
25340,train
25342,train
25344,train
25345,train
25346,train
25347,train
25348,train
25349,train
25350,test
25351,train
25353,train
25354,train
25355,train
25356,train
25357,train
25358,train
25359,train
25360,train
25361,val
25362,test
25364,train
25365,train
25366,train
25367,train
25368,train
25369,train
25370,train
25371,test
25372,val
25373,test
25376,val
25378,train
25379,train
25380,train
25381,val
25382,test
25383,test
25384,train
25385,train
25386,train
25388,train
25389,train
25391,train
25392,test
25393,train
25394,train
25395,train
25396,train
25398,test
25399,train
25400,train
25401,train
25402,train
25403,train
25404,test
25405,train
25406,train
25410,train
25411,val
25412,train
25413,train
25414,test
25415,train
25416,test
25417,test
25418,train
25419,val
25420,train
25421,train
25422,train
25423,val
25424,train
25425,train
25426,train
25427,train
25429,train
25430,train
25431,train
25432,train
25433,train
25434,train
25435,train
25436,train
25437,train
25438,train
25439,train
25440,train
25441,train
25442,val
25443,train
25444,train
25445,train
25446,train
25447,train
25448,train
25449,val
25450,test
25451,train
25452,train
25453,test
25454,train
25456,test
25457,train
25458,train
25459,train
25460,train
25461,val
25462,test
25464,test
25465,train
25466,train
25468,test
25469,train
25470,val
25471,val
25472,train
25473,train
25474,train
25475,test
25476,train
25477,train
25478,val
25479,train
25480,train
25481,train
25482,train
25483,train
25484,test
25485,train
25486,val
25487,val
25488,train
25489,train
25490,train
25491,train
25492,train
25493,train
25494,train
25495,train
25496,test
25497,test
25498,train
25503,train
25504,train
25505,train
25516,train
25520,train
25521,test
25522,train
25523,train
25524,train
25525,train
25526,val
25527,train
25528,test
25529,train
25530,train
25531,val
25532,train
25533,train
25534,train
25536,val
25537,test
25538,train
25539,val
25540,train
25541,train
25542,train
25543,train
25544,train
25546,train
25549,train
25555,train
25556,val
25564,train
25565,train
25566,train
25569,train
25570,train
25571,train
25572,train
25573,train
25574,train
25575,train
25576,train
25577,train
25578,train
25582,train
25584,train
25585,test
25587,train
25588,train
25589,train
25590,val
25591,train
25592,train
25593,train
25594,val
25595,train
25596,train
25597,train
25598,train
25599,train
25600,train
25601,test
25602,train
25603,train
25604,train
25605,train
25606,train
25607,train
25608,train
25609,train
25610,train
25611,train
25612,test
25613,test
25614,test
25615,train
25616,train
25617,train
25618,train
25619,train
25620,train
25622,train
25623,train
25625,train
25626,train
25627,train
25628,train
25629,train
25630,train
25631,train
25632,train
25633,train
25634,train
25635,train
25636,train
25637,train
25638,train
25639,train
25640,val
25641,val
25642,train
25643,train
25644,train
25645,train
25646,train
25647,val
25648,val
25649,test
25650,train
25651,train
25652,val
25653,val
25654,train
25655,train
25656,test
25657,val
25658,train
25659,train
25660,train
25661,train
25662,train
25663,train
25664,train
25665,val
25666,train
25667,train
25668,train
25669,test
25670,train
25671,test
25672,train
25673,train
25674,val
25675,train
25676,train
25677,train
25678,train
25679,train
25680,train
25681,train
25682,train
25683,train
25684,train
25685,train
25691,train
25692,train
25693,val
25697,train
25698,train
25699,train
25700,train
25702,train
25703,train
25704,train
25705,train
25706,train
25707,train
25708,test
25709,train
25710,train
25711,train
25712,train
25713,train
25714,train
25715,train
25716,test
25717,train
25719,val
25720,val
25721,train
25722,train
25724,train
25726,val
25727,val
25729,val
25730,test
25732,val
25733,train
25734,train
25736,test
25738,train
25740,test
25741,val
25744,train
25745,train
25746,val
25747,val
25748,train
25749,train
25750,train
25751,train
25752,train
25753,train
25754,train
25755,train
25756,train
25757,train
25758,train
25759,train
25760,train
25761,train
25762,train
25763,train
25764,train
25765,test
25766,train
25767,train
25768,test
25769,test
25770,train
25771,test
25772,train
25773,train
25774,train
25775,train
25776,train
25777,val
25778,train
25779,train
25780,train
25781,train
25782,val
25783,val
25784,train
25785,train
25786,train
25787,train
25788,test
25789,val
25790,train
25791,train
25792,test
25793,val
25794,train
25795,train
25796,train
25798,train
25799,train
25806,train
25818,train
25819,test
25820,train
25821,train
25822,val
25823,test
25824,test
25825,val
25826,test
25827,train
25828,train
25829,val
25830,train
25831,val
25832,train
25833,train
25834,val
25835,train
25836,val
25837,train
25839,train
25840,train
25841,train
25842,train
25843,val
25844,val
25845,val
25846,train
25847,train
25848,train
25849,train
25850,train
25851,val
25852,val
25853,train
25854,test
25855,train
25856,val
25857,train
25858,train
25859,train
25860,val
25861,val
25863,train
25864,test
25865,train
25866,train
25867,train
25868,test
25869,train
25870,train
25871,train
25872,train
25873,train
25874,train
25875,val
25876,train
25877,train
25878,val
25879,val
25880,train
25881,test
25882,train
25883,train
25884,train
25885,train
25886,train
25887,test
25888,train
25889,train
25890,train
25891,train
25892,train
25893,test
25894,train
25895,train
25896,test
25897,train
25898,train
25899,val
25900,train
25901,train
25902,val
25903,val
25904,train
25905,train
25906,train
25907,val
25908,val
25909,train
25912,train
25913,test
25914,train
25915,train
25917,val
25918,train
25919,train
25920,train
25921,val
25922,test
25923,train
25924,train
25925,train
25926,train
25927,train
25928,train
25929,train
25930,train
25931,train
25932,train
25933,train
25934,test
25935,test
25936,train
25937,train
25938,train
25939,test
25940,test
25941,train
25942,train
25943,train
25944,train
25945,train
25946,train
25947,train
25948,train
25949,val
25950,val
25951,train
25952,train
25953,val
25954,train
25955,test
25956,test
25957,train
25958,val
25959,train
25960,train
25961,val
25962,test
25963,val
25964,train
25966,train
25967,train
25968,train
25969,val
25970,train
25971,train
25972,train
25975,train
25977,val
25978,train
25979,train
25980,train
25981,train
25982,train
25983,train
25984,val
25985,train
25987,train
25990,test
25991,val
25992,train
25994,val
25995,train
25996,train
25997,train
25998,val
25999,train
26000,train
26001,train
26002,train
26003,train
26004,train
26007,val
26009,train
26010,train
26012,train
26014,train
26015,train
26016,train
26022,train
26023,val
26025,train
26026,train
26027,train
26028,train
26029,train
26030,train
26040,train
26041,val
26042,val
26043,train
26044,val
26045,val
26046,train
26047,train
26048,train
26049,train
26050,train
26053,train
26054,test
26055,train
26056,train
26057,train
26058,train
26059,train
26062,train
26063,train
26064,train
26065,train
26066,train
26067,test
26068,val
26072,train
26073,val
26075,train
26076,train
26077,train
26083,train
26084,train
26086,train
26087,train
26088,test
26090,train
26091,train
26092,train
26093,train
26096,train
26101,train
26103,train
26105,test
26106,test
26107,train
26112,test
26113,train
26114,val
26115,val
26116,train
26117,test
26121,train
26122,train
26123,train
26124,train
26125,train
26126,train
26128,train
26132,train
26133,train
26134,train
26135,train
26136,train
26138,train
26139,train
26140,train
26141,test
26142,train
26143,train
26144,train
26145,test
26146,train
26148,train
26149,train
26150,train
26151,train
26152,train
26153,train
26154,train
26155,train
26156,train
26157,train
26158,train
26159,test
26160,train
26162,train
26163,train
26164,train
26166,train
26169,train
26171,train
26172,train
26173,train
26174,train
26175,train
26176,train
26177,train
26178,train
26179,train
26180,train
26181,train
26182,train
26183,val
26184,train
26185,train
26186,train
26187,test
26189,train
26190,train
26194,train
26196,train
26197,train
26198,train
26199,val
26202,train
26203,test
26205,test
26206,train
26207,train
26208,train
26209,test
26210,test
26211,train
26212,train
26213,train
26214,train
26220,train
26224,test
26225,test
26227,train
26228,val
26229,val
26231,train
26233,train
26234,train
26236,train
26237,val
26238,val
26239,train
26240,train
26243,train
26246,train
26248,train
26251,train
26252,train
26254,train
26255,test
26256,train
26258,train
26259,test
26260,train
26261,val
26262,test
26263,val
26264,train
26265,train
26266,train
26267,train
26268,train
26269,val
26271,train
26272,train
26273,test
26274,test
26275,test
26276,train
26277,train
26278,test
26279,train
26280,train
26281,train
26282,train
26283,train
26284,train
26285,train
26286,train
26287,train
26288,val
26292,train
26293,train
26294,train
26295,train
26297,train
26300,train
26303,train
26305,train
26306,train
26308,train
26309,train
26310,train
26311,test
26312,train
26314,val
26315,train
26316,test
26317,train
26319,val
26320,train
26321,train
26322,val
26323,train
26324,train
26325,train
26326,train
26327,test
26328,train
26329,val
26330,train
26331,train
26332,train
26333,test
26334,train
26335,val
26336,train
26337,test
26338,train
26339,train
26340,train
26341,train
26342,train
26343,train
26344,train
26345,train
26346,train
26347,train
26348,test
26349,train
26350,train
26351,train
26352,train
26355,train
26357,train
26359,train
26360,train
26361,train
26362,train
26363,train
26364,train
26365,val
26366,train
26367,train
26368,train
26369,train
26370,test
26371,train
26372,train
26374,train
26375,val
26376,train
26379,test
26380,test
26382,train
26383,train
26384,test
26385,train
26387,train
26388,val
26389,train
26390,train
26396,val
26401,test
26402,train
26403,test
26404,test
26408,train
26411,test
26412,train
26414,train
26415,train
26418,train
26419,train
26424,val
26425,test
26426,train
26427,train
26430,train
26431,train
26432,train
26433,test
26434,test
26435,val
26436,train
26437,train
26438,train
26439,test
26440,train
26441,train
26442,train
26444,train
26445,train
26446,val
26447,train
26448,test
26449,val
26450,train
26451,val
26452,train
26453,val
26454,train
26456,train
26458,train
26459,train
26460,test
26462,train
26463,train
26464,train
26465,train
26466,val
26467,test
26468,train
26469,train
26470,train
26471,test
26472,test
26473,train
26474,train
26475,train
26476,train
26477,train
26478,val
26479,train
26480,train
26481,train
26482,test
26483,train
26484,train
26485,train
26486,test
26487,train
26488,train
26489,train
26490,train
26491,train
26492,train
26493,train
26494,train
26495,test
26496,train
26497,train
26498,val
26502,train
26504,train
26508,train
26515,train
26516,test
26518,train
26519,train
26521,test
26522,train
26523,train
26524,test
26525,val
26526,train
26527,val
26528,train
26529,train
26530,train
26531,train
26532,train
26533,train
26534,train
26535,train
26536,train
26537,train
26538,train
26539,train
26540,train
26541,val
26542,train
26543,test
26544,test
26545,train
26546,train
26547,train
26548,train
26549,val
26550,train
26551,val
26552,val
26553,train
26554,train
26555,train
26556,test
26557,val
26558,val
26559,val
26560,train
26561,val
26562,train
26563,train
26585,train
26586,train
26587,val
26588,val
26589,val
26590,train
26591,train
26592,test
26593,train
26594,train
26595,train
26596,train
26597,train
26598,train
26599,train
26600,test
26601,train
26602,train
26603,train
26604,val
26605,test
26606,train
26607,test
26608,train
26609,train
26610,test
26611,train
26612,train
26613,train
26614,train
26615,val
26616,train
26617,train
26618,train
26619,train
26620,train
26621,test
26622,train
26623,train
26624,val
26625,test
26626,train
26627,train
26628,val
26629,val
26630,train
26631,train
26632,train
26633,train
26634,train
26635,test
26636,val
26637,train
26638,test
26639,val
26640,val
26641,val
26642,train
26643,train
26644,train
26645,train
26646,val
26647,val
26648,train
26649,test
26650,test
26651,train
26652,train
26653,train
26654,train
26655,train
26656,train
26657,val
26658,val
26659,train
26660,train
26661,train
26662,train
26663,train
26664,val
26665,test
26666,val
26667,val
26668,train
26669,train
26670,test
26671,train
26672,train
26673,train
26674,train
26675,train
26676,train
26677,train
26678,val
26679,train
26680,train
26681,test
26682,train
26683,train
26684,test
26685,train
26686,train
26687,train
26688,val
26689,train
26690,train
26691,test
26692,train
26693,train
26695,train
26696,train
26697,test
26700,train
26702,train
26703,train
26704,test
26705,train
26706,train
26707,train
26708,train
26709,train
26710,train
26711,train
26712,train
26713,train
26714,val
26715,val
26716,train
26717,val
26718,train
26719,val
26720,train
26721,train
26722,val
26723,test
26724,test
26725,test
26726,train
26727,train
26728,train
26729,test
26730,train
26731,val
26732,val
26733,train
26734,test
26735,train
26737,train
26738,train
26739,test
26743,train
26744,train
26746,test
26747,val
26781,train
26783,train
26784,val
26785,train
26786,val
26787,train
26788,train
26789,train
26790,train
26791,test
26792,train
26793,val
26794,train
26795,train
26796,train
26797,train
26798,train
26799,train
26800,train
26801,test
26802,train
26803,train
26804,train
26805,val
26806,val
26807,train
26808,train
26809,val
26810,train
26811,train
26812,train
26813,train
26814,train
26815,train
26816,test
26817,test
26818,val
26819,val
26820,train
26821,train
26822,train
26823,test
26824,train
26825,train
26826,val
26827,train
26829,train
26831,val
26835,train
26837,train
26838,train
26843,train
26844,val
26847,train
26848,test
26849,train
26850,train
26851,train
26852,train
26853,test
26854,test
26855,train
26856,train
26857,train
26858,train
26859,train
26860,train
26862,val
26863,train
26864,train
26865,val
26866,train
26867,train
26868,test
26869,train
26870,test
26871,train
26872,train
26873,test
26874,train
26875,train
26876,train
26877,train
26878,train
26879,train
26880,train
26881,test
26882,train
26883,train
26885,train
26887,train
26888,train
26889,test
26890,train
26891,train
26892,train
26893,train
26894,train
26895,val
26896,train
26897,train
26898,train
26901,train
26902,test
26903,train
26904,train
26905,train
26906,val
26907,train
26908,train
26909,train
26910,train
26911,train
26912,train
26913,train
26914,train
26915,train
26916,train
26917,test
26918,test
26919,train
26921,test
26922,train
26923,train
26924,test
26927,train
26928,train
26929,test
26930,test
26931,test
26932,train
26933,test
26934,train
26935,train
26936,train
26937,train
26938,train
26939,train
26940,test
26941,test
26942,test
26943,train
26944,test
26945,train
26946,train
26947,train
26948,train
26949,train
26950,train
26951,train
26952,train
26953,train
26954,train
26955,test
26956,test
26957,train
26958,val
26959,test
26960,train
26965,val
26966,val
26967,train
26968,train
26969,train
26974,val
26975,train
26982,val
26983,val
26984,train
26985,val
26986,test
26987,train
26988,train
26989,val
26990,train
26991,train
26992,train
26993,train
26994,train
26995,train
26996,train
26997,train
26999,train
27000,train
27001,train
27002,train
27003,train
27004,val
27005,val
27006,train
27007,train
27008,train
27009,train
27010,train
27011,train
27012,train
27013,train
27014,val
27015,train
27016,train
27017,train
27018,train
27019,train
27020,train
27021,train
27022,train
27023,train
27024,train
27025,test
27026,train
27027,train
27028,train
27029,train
27030,train
27032,train
27034,test
27035,train
27036,train
27037,test
27038,train
27039,train
27041,val
27042,test
27044,train
27045,test
27046,train
27047,train
27049,train
27053,train
27054,train
27056,train
27057,train
27059,test
27060,train
27061,train
27062,val
27067,train
27070,test
27074,train
27075,train
27076,val
27077,test
27078,train
27079,test
27080,train
27081,train
27082,test
27083,val
27084,train
27085,train
27086,train
27087,train
27088,train
27089,train
27090,train
27091,test
27092,train
27093,train
27094,train
27096,train
27097,test
27098,train
27099,train
27100,test
27101,train
27102,train
27103,val
27104,val
27105,train
27106,train
27107,train
27108,test
27109,val
27110,train
27115,train
27116,train
27117,train
27121,train
27128,train
27129,train
27134,train
27138,train
27139,train
27141,train
27142,train
27143,train
27144,train
27145,train
27148,train
27149,val
27150,train
27151,train
27152,train
27153,train
27154,train
27155,train
27158,test
27164,train
27165,train
27169,train
27170,train
27171,train
27173,train
27174,train
27175,train
27176,train
27178,train
27180,train
27181,train
27182,train
27183,train
27184,train
27185,train
27186,val
27187,train
27188,train
27189,train
27191,test
27193,train
27194,val
27195,train
27196,train
27197,train
27198,val
27199,train
27202,train
27203,train
27204,train
27205,train
27206,train
27207,train
27208,test
27209,train
27210,val
27211,train
27212,val
27213,train
27214,train
27215,val
27216,test
27217,test
27218,train
27219,train
27220,val
27221,train
27222,train
27223,val
27224,test
27225,train
27226,train
27227,test
27228,train
27229,test
27230,train
27231,train
27232,test
27253,train
27258,train
27259,train
27260,train
27261,train
27262,val
27263,train
27264,train
27265,train
27266,train
27267,test
27268,train
27269,train
27270,train
27271,test
27272,train
27273,val
27274,train
27275,train
27276,train
27277,train
27278,train
27279,train
27280,train
27281,val
27282,train
27283,train
27284,train
27285,train
27286,train
27287,train
27288,train
27289,train
27290,train
27292,train
27293,train
27294,val
27295,train
27296,train
27297,train
27298,train
27299,train
27300,train
27301,train
27302,train
27304,train
27305,train
27306,train
27307,train
27308,train
27311,train
27313,train
27315,test
27316,train
27317,train
27318,val
27319,train
27320,train
27321,test
27322,train
27323,test
27326,train
27327,train
27328,train
27329,train
27330,train
27331,train
27335,val
27338,train
27339,train
27340,test
27341,test
27342,val
27343,train
27344,train
27345,train
27346,val
27347,train
27348,train
27349,test
27350,train
27352,train
27353,train
27354,train
27355,val
27356,train
27357,train
27358,train
27359,train
27360,val
27361,train
27364,val
27365,train
27368,test
27369,train
27370,train
27372,test
27373,train
27374,train
27375,train
27376,train
27377,train
27378,train
27379,train
27380,train
27381,train
27382,train
27384,train
27385,train
27386,train
27388,train
27392,train
27396,train
27398,train
27399,test
27400,train
27401,val
27402,val
27403,train
27404,val
27405,train
27406,test
27407,train
27408,train
27409,train
27410,train
27411,train
27412,train
27413,test
27414,train
27415,train
27416,train
27417,train
27418,train
27419,train
27420,train
27421,val
27422,train
27423,train
27424,train
27425,train
27426,train
27427,train
27428,train
27429,train
27430,train
27431,train
27432,train
27433,train
27434,train
27435,test
27436,test
27437,train
27438,test
27439,test
27440,val
27441,train
27442,val
27443,train
27444,val
27445,test
27446,test
27447,val
27448,val
27449,train
27450,train
27451,train
27452,train
27453,train
27454,train
27455,train
27456,train
27457,train
27458,val
27459,train
27460,train
27461,train
27462,train
27463,val
27464,train
27465,test
27466,val
27467,train
27468,test
27469,test
27470,train
27471,train
27472,train
27473,test
27474,train
27475,train
27476,train
27477,train
27478,val
27479,train
27480,train
27481,train
27482,val
27483,train
27484,train
27485,train
27486,train
27487,train
27488,train
27489,val
27490,val
27491,train
27492,test
27493,train
27494,test
27495,test
27496,val
27497,train
27498,train
27499,train
27500,train
27501,test
27502,test
27503,test
27504,train
27505,train
27506,test
27507,train
27508,train
27509,test
27510,train
27511,train
27512,train
27513,train
27514,train
27515,val
27516,train
27517,train
27518,train
27519,test
27520,train
27521,train
27522,test
27525,train
27527,train
27529,train
27532,train
27534,train
27537,train
27538,test
27539,train
27542,train
27545,train
27546,train
27548,train
27550,train
27552,test
27553,train
27554,train
27555,test
27557,train
27558,train
27560,train
27561,train
27562,train
27563,val
27566,train
27567,train
27572,test
27574,train
27579,train
27580,test
27581,test
27582,train
27583,train
27584,val
27586,train
27587,train
27589,train
27590,val
27593,train
27594,test
27595,val
27596,train
27598,train
27602,test
27604,train
27605,test
27607,train
27608,test
27609,test
27610,val
27614,train
27621,train
27622,val
27623,train
27624,val
27625,train
27626,test
27628,train
27629,val
27630,train
27631,train
27640,val
27642,val
27644,train
27645,train
27646,train
27648,test
27649,train
27653,train
27655,test
27657,train
27663,train
27665,train
27666,train
27667,test
27668,train
27669,train
27670,val
27671,test
27672,train
27673,val
27674,train
27675,train
27677,train
27678,train
27679,train
27680,train
27682,train
27683,train
27685,train
27687,train
27688,train
27689,train
27690,train
27691,test
27692,val
27693,val
27694,train
27695,train
27699,train
27701,train
27702,train
27703,train
27704,train
27710,train
27711,val
27712,test
27715,train
27716,train
27717,train
27718,test
27719,train
27720,test
27722,train
27724,val
27726,train
27727,train
27728,train
27731,train
27732,train
27733,train
27734,train
27736,train
27737,train
27738,train
27739,train
27740,test
27741,val
27742,train
27743,train
27744,test
27745,test
27746,train
27747,train
27748,train
27749,train
27750,train
27751,val
27752,train
27753,train
27754,train
27755,train
27756,train
27757,train
27758,train
27759,train
27760,train
27761,train
27762,train
27763,train
27764,train
27765,train
27766,train
27767,val
27768,train
27769,train
27770,val
27771,train
27772,train
27773,train
27774,train
27775,train
27776,train
27777,train
27778,train
27779,train
27780,train
27781,train
27782,train
27783,train
27784,train
27785,train
27786,train
27787,train
27788,train
27789,train
27791,train
27792,train
27793,train
27795,train
27796,train
27797,val
27802,train
27803,train
27804,train
27805,train
27806,train
27807,train
27808,train
27809,train
27810,train
27811,train
27812,val
27813,train
27814,train
27815,train
27818,val
27819,test
27820,test
27821,train
27822,test
27827,train
27828,test
27829,test
27830,train
27832,train
27833,train
27834,train
27836,train
27837,test
27838,test
27839,train
27840,val
27841,train
27845,train
27846,train
27847,train
27848,test
27849,test
27850,test
27851,val
27852,train
27853,train
27854,val
27855,train
27856,train
27857,train
27858,test
27859,train
27860,test
27861,test
27862,val
27863,test
27864,train
27865,train
27866,train
27867,train
27868,train
27869,train
27870,train
27871,train
27872,train
27873,train
27874,train
27875,train
27876,train
27877,train
27878,val
27879,test
27880,val
27881,test
27882,train
27883,train
27884,train
27885,train
27886,train
27887,train
27888,val
27889,val
27890,val
27891,train
27892,train
27893,train
27894,train
27895,train
27896,test
27897,train
27898,val
27899,train
27900,val
27901,train
27902,train
27903,train
27904,train
27905,train
27906,train
27907,train
27908,train
27909,train
27910,train
27911,train
27912,train
27913,val
27914,test
27915,train
27916,train
27917,train
27918,val
27919,train
27920,train
27921,train
27922,test
27923,train
27924,train
27925,train
27926,test
27928,train
27929,train
27931,train
27932,train
27933,test
27934,test
27935,train
27936,train
27937,test
27938,test
27939,train
27940,train
27941,val
27942,test
27943,train
27944,train
27945,train
27946,train
27947,train
27948,train
27949,val
27950,train
27951,train
27952,train
27953,train
27954,train
27955,train
27956,train
27957,val
27958,train
27959,train
27960,train
27961,train
27962,test
27963,train
27964,test
27965,train
27966,train
27967,test
27968,val
27969,train
27970,test
27971,val
27972,test
27973,train
27974,test
27975,train
27976,train
27977,test
27978,train
27979,val
27980,train
27981,train
27982,test
27983,train
27984,val
27985,val
27986,train
27987,train
27988,train
27989,train
27990,train
27991,val
27992,train
27994,val
27995,train
27996,test
27997,train
27998,train
27999,train
28000,train
28001,test
28002,train
28003,test
28004,train
28005,train
28006,train
28007,train
28008,train
28009,val
28010,train
28011,train
28012,train
28013,train
28014,train
28015,train
28016,val
28017,train
28018,test
28019,test
28020,train
28021,train
28022,train
28023,train
28024,train
28025,train
28026,train
28027,train
28028,val
28029,train
28030,train
28031,val
28032,train
28033,val
28034,train
28035,train
28036,train
28037,train
28038,train
28039,train
28040,train
28041,val
28042,train
28043,train
28044,test
28045,train
28046,train
28047,train
28048,train
28049,train
28050,train
28051,train
28052,train
28053,train
28054,train
28055,val
28056,train
28057,train
28058,train
28059,train
28060,train
28061,train
28062,train
28063,train
28064,val
28065,test
28066,train
28067,val
28068,train
28069,train
28070,train
28071,test
28072,train
28073,test
28074,train
28075,train
28076,train
28077,train
28078,train
28079,train
28080,val
28081,train
28082,train
28083,train
28084,test
28085,train
28086,test
28087,train
28088,train
28090,test
28091,test
28092,train
28093,train
28094,val
28095,val
28096,train
28097,train
28098,train
28099,test
28100,train
28101,train
28102,train
28103,test
28104,val
28105,train
28106,train
28107,test
28108,train
28109,train
28110,train
28111,val
28112,train
28113,test
28114,train
28115,train
28116,train
28117,test
28118,val
28119,train
28120,val
28121,train
28122,train
28123,val
28124,train
28125,train
28126,train
28127,train
28128,train
28129,train
28130,train
28131,train
28132,train
28133,train
28134,test
28135,train
28136,train
28137,train
28138,train
28139,train
28140,test
28141,train
28142,train
28143,train
28144,train
28145,train
28146,val
28147,train
28148,test
28149,val
28150,train
28151,train
28152,train
28153,train
28154,train
28155,test
28156,train
28157,train
28158,train
28159,train
28160,test
28161,train
28162,train
28163,train
28164,train
28165,train
28166,train
28168,train
28169,train
28170,train
28171,test
28172,train
28173,train
28174,train
28175,train
28176,train
28177,train
28178,train
28179,train
28180,test
28181,train
28182,train
28183,train
28184,test
28185,train
28187,train
28189,train
28190,train
28191,test
28192,train
28193,train
28194,val
28195,train
28196,train
28197,val
28198,val
28199,train
28200,train
28201,train
28202,train
28203,train
28204,test
28205,train
28207,val
28208,train
28209,train
28210,train
28211,train
28212,val
28213,test
28214,test
28215,train
28216,train
28217,train
28218,train
28219,train
28220,train
28221,test
28222,train
28223,train
28224,train
28225,test
28226,train
28227,train
28228,test
28229,train
28230,train
28231,train
28232,train
28233,train
28234,train
28236,train
28237,train
28238,val
28239,train
28240,train
28241,train
28242,train
28243,val
28244,train
28245,train
28246,train
28247,train
28248,train
28249,train
28250,train
28251,train
28252,train
28253,train
28254,train
28255,train
28256,train
28257,train
28258,train
28260,val
28261,val
28262,train
28263,train
28264,val
28265,train
28266,train
28267,train
28268,train
28269,train
28270,train
28271,train
28272,train
28273,test
28274,train
28275,train
28276,train
28277,train
28278,train
28279,train
28280,test
28281,train
28282,train
28283,train
28284,train
28285,train
28286,train
28287,train
28288,train
28289,train
28290,train
28291,train
28292,train
28293,train
28294,train
28295,test
28296,train
28297,train
28298,train
28299,test
28300,test
28301,train
28302,train
28303,train
28304,train
28305,test
28306,train
28307,train
28308,test
28309,train
28310,train
28313,test
28314,train
28315,test
28316,train
28317,train
28318,train
28319,train
28320,train
28321,train
28322,train
28323,train
28324,train
28325,train
28326,train
28328,train
28329,train
28330,train
28331,train
28332,train
28333,train
28334,train
28335,train
28337,train
28340,train
28341,train
28342,train
28343,test
28344,train
28346,train
28348,train
28349,train
28350,train
28351,train
28352,train
28353,train
28354,train
28355,train
28356,train
28357,train
28358,train
28359,train
28360,train
28361,train
28362,train
28363,train
28365,test
28366,train
28367,test
28368,train
28369,test
28370,test
28371,train
28372,train
28373,test
28374,train
28375,train
28376,train
28377,train
28378,train
28379,train
28380,train
28381,train
28382,train
28383,train
28384,train
28385,train
28386,train
28387,train
28388,train
28389,train
28390,train
28391,train
28392,train
28393,train
28394,test
28395,test
28396,train
28397,train
28398,test
28399,train
28400,train
28401,test
28402,train
28403,train
28404,train
28405,train
28406,train
28408,test
28409,train
28410,train
28411,train
28412,train
28413,test
28414,test
28415,train
28416,test
28417,train
28418,train
28419,train
28420,train
28421,train
28422,test
28423,train
28424,train
28425,val
28426,train
28427,train
28428,test
28429,train
28430,train
28431,train
28432,train
28433,train
28434,test
28435,train
28436,train
28437,train
28438,train
28439,train
28440,train
28441,train
28442,train
28444,train
28445,val
28446,val
28447,train
28448,test
28449,test
28450,test
28451,test
28452,train
28453,train
28454,train
28455,val
28456,train
28457,train
28458,val
28459,train
28460,val
28461,train
28462,train
28463,train
28464,train
28465,test
28467,test
28468,train
28469,test
28470,train
28471,train
28472,test
28473,train
28474,test
28475,train
28476,test
28477,train
28478,train
28479,train
28480,val
28482,train
28483,test
28487,train
28488,train
28489,train
28491,test
28492,train
28495,train
28496,train
28497,test
28498,train
28499,train
28500,train
28501,train
28502,train
28503,train
28504,val
28505,test
28506,test
28507,train
28508,train
28509,train
28510,train
28511,train
28512,train
28513,train
28514,train
28515,train
28516,test
28517,train
28518,train
28519,train
28520,train
28521,test
28522,val
28523,train
28524,train
28525,train
28526,train
28527,train
28528,val
28529,train
28530,train
28531,train
28532,test
28533,train
28534,train
28535,val
28536,test
28537,train
28538,train
28539,train
28540,train
28541,train
28542,val
28543,val
28544,train
28545,train
28546,train
28547,train
28548,train
28549,test
28550,train
28551,val
28552,val
28553,train
28554,train
28555,train
28556,train
28557,train
28558,train
28559,train
28560,train
28561,train
28562,train
28563,train
28564,train
28565,train
28566,train
28567,train
28568,train
28569,train
28570,test
28571,train
28572,train
28573,test
28574,train
28575,train
28576,train
28577,test
28578,train
28579,train
28580,train
28581,train
28582,test
28583,train
28584,train
28585,train
28586,train
28587,train
28588,val
28589,test
28590,train
28591,test
28592,train
28593,val
28594,train
28595,test
28596,test
28597,train
28598,val
28599,val
28600,train
28602,train
28603,test
28604,train
28605,train
28606,train
28607,train
28608,test
28609,train
28610,train
28611,test
28612,test
28613,test
28614,val
28615,train
28616,train
28617,val
28618,test
28619,train
28620,train
28621,train
28622,test
28623,train
28625,train
28626,test
28627,test
28628,train
28629,train
28630,train
28631,test
28632,train
28633,val
28634,train
28635,train
28636,train
28637,train
28638,test
28639,train
28640,train
28641,train
28642,train
28643,train
28644,test
28645,test
28646,train
28647,train
28648,val
28649,train
28650,val
28651,train
28652,train
28653,train
28654,test
28655,train
28656,test
28657,val
28658,train
28659,train
28660,train
28661,train
28662,train
28671,train
28672,train
28674,train
28675,train
28677,test
28678,val
28681,train
28684,train
28686,val
28688,train
28689,val
28690,train
28691,train
28692,test
28693,test
28694,train
28695,train
28696,test
28697,train
28698,train
28699,train
28700,train
28701,test
28702,train
28703,train
28704,train
28705,train
28706,train
28707,train
28708,train
28709,train
28710,train
28711,train
28712,train
28713,train
28714,train
28715,test
28716,train
28717,val
28718,train
28719,train
28720,train
28721,train
28722,train
28723,train
28724,train
28725,train
28726,train
28727,train
28728,train
28729,train
28730,train
28731,train
28732,train
28733,train
28734,train
28735,train
28736,val
28737,train
28738,test
28739,train
28740,train
28741,train
28742,train
28743,test
28744,train
28745,train
28746,train
28747,train
28748,train
28749,train
28750,train
28751,train
28752,train
28753,train
28754,train
28755,test
28757,train
28758,train
28760,test
28761,train
28762,train
28763,train
28764,train
28765,train
28766,test
28767,val
28768,train
28769,train
28770,test
28771,test
28772,train
28773,test
28774,train
28775,train
28776,test
28777,train
28778,test
28779,test
28780,train
28781,train
28782,train
28783,train
28784,val
28785,train
28786,train
28789,val
28790,val
28791,train
28794,val
28795,val
28799,val
28802,val
28804,val
28805,train
28806,train
28807,test
28808,test
28810,train
28811,val
28814,val
28816,val
28817,train
28818,train
28819,train
28821,train
28822,val
28825,train
28826,train
28827,train
28828,train
28829,train
28830,train
28831,train
28832,train
28834,train
28835,train
28836,train
28844,val
28845,train
28846,val
28847,train
28848,train
28849,train
28850,test
28851,train
28852,train
28853,train
28854,train
28855,train
28856,train
28857,train
28858,train
28859,train
28860,train
28861,train
28863,train
28865,test
28871,test
28872,train
28873,train
28874,train
28875,train
28877,train
28878,test
28879,train
28880,train
28881,val
28882,train
28883,train
28884,test
28885,train
28886,train
28887,train
28888,train
28889,train
28890,train
28891,train
28892,train
28893,train
28894,train
28895,val
28896,train
28897,train
28898,train
28899,train
28900,test
28901,train
28902,train
28903,train
28904,train
28905,train
28906,train
28907,test
28908,train
28909,train
28910,train
28912,test
28917,train
28918,train
28920,train
28921,train
28922,train
28923,train
28924,train
28925,train
28926,val
28927,test
28928,train
28929,train
28930,train
28931,test
28932,train
28933,val
28934,train
28935,train
28936,train
28937,train
28938,train
28939,train
28940,train
28941,train
28942,train
28943,val
28944,train
28946,test
28947,train
28948,train
28949,train
28950,train
28951,train
28952,train
28953,train
28954,train
28955,train
28957,train
28958,train
28959,train
28960,train
28961,train
28962,train
28963,train
28964,train
28965,train
28966,test
28968,train
28969,train
28970,train
28971,val
28972,train
28973,train
28974,train
28975,train
28976,val
28977,train
28978,train
28979,train
28980,test
28981,train
28982,train
28984,train
28985,train
28986,train
28987,train
28988,train
28989,train
28990,train
28991,train
28992,train
28993,val
28996,val
28997,train
28999,train
29001,train
29002,train
29003,train
29004,train
29006,train
29007,train
29010,train
29011,train
29012,val
29014,train
29015,train
29016,train
29017,val
29018,val
29019,train
29020,val
29021,train
29022,val
29023,train
29024,train
29025,train
29026,train
29027,train
29028,train
29029,test
29030,train
29031,train
29032,val
29033,val
29034,train
29035,train
29036,train
29037,train
29039,test
29040,train
29041,test
29042,train
29043,val
29044,test
29045,train
29046,train
29047,train
29048,train
29049,train
29050,train
29051,train
29052,train
29053,train
29055,val
29056,train
29057,train
29061,train
29062,val
29063,train
29064,test
29065,val
29067,test
29068,val
29069,train
29070,train
29071,train
29072,train
29073,train
29074,train
29075,test
29076,train
29077,train
29078,train
29079,test
29080,test
29081,train
29082,train
29083,test
29084,train
29085,test
29086,train
29087,test
29088,val
29089,train
29091,train
29094,train
29095,train
29096,train
29097,train
29098,train
29099,train
29100,train
29101,train
29102,train
29103,train
29104,train
29106,test
29107,train
29108,train
29109,train
29110,train
29111,val
29112,val
29113,val
29114,train
29115,train
29116,val
29117,train
29118,train
29119,test
29120,train
29121,train
29122,train
29123,train
29124,val
29125,val
29126,train
29127,train
29128,train
29129,train
29130,train
29131,train
29132,train
29133,train
29134,train
29135,train
29136,train
29137,val
29139,train
29140,train
29142,train
29145,train
29147,train
29150,train
29154,test
29156,train
29157,train
29158,train
29161,train
29164,train
29165,train
29166,train
29167,train
29168,train
29169,test
29170,train
29171,train
29172,val
29173,train
29174,val
29176,train
29177,val
29178,train
29182,train
29184,test
29187,train
29188,val
29189,train
29190,val
29191,test
29192,test
29193,val
29196,val
29199,train
29200,train
29201,train
29202,train
29206,train
29207,train
29209,val
29210,train
29211,train
29212,train
29213,test
29214,train
29215,train
29216,train
29217,train
29218,test
29219,train
29220,train
29221,train
29223,train
29224,train
29225,train
29226,val
29227,test
29228,val
29229,train
29230,test
29231,train
29233,train
29234,train
29235,val
29236,train
29237,test
29238,train
29239,train
29240,train
29241,test
29242,train
29243,train
29244,train
29245,train
29246,test
29247,train
29248,test
29249,val
29250,train
29252,train
29253,train
29254,test
29255,test
29256,train
29257,train
29258,train
29260,train
29261,val
29262,val
29263,train
29264,test
29265,val
29266,train
29267,train
29268,train
29269,train
29272,train
29273,train
29274,train
29275,train
29276,val
29277,test
29278,train
29279,train
29280,train
29282,val
29283,train
29286,test
29287,train
29288,test
29289,train
29290,train
29291,train
29292,train
29294,train
29295,train
29296,train
29297,val
29298,train
29299,train
29300,train
29308,val
29309,train
29312,train
29313,train
29314,train
29315,val
29316,test
29317,train
29318,train
29319,train
29320,train
29321,train
29322,train
29339,train
29343,train
29345,train
29348,train
29352,val
29369,val
29371,train
29384,train
29390,train
29399,train
29402,train
29405,train
29407,val
29408,train
29409,val
29410,test
29411,val
29413,train
29414,val
29415,val
29416,train
29417,test
29418,test
29419,test
29420,val
29421,test
29422,train
29423,train
29432,test
29433,val
29434,val
29439,test
29440,train
29441,test
29444,test
29445,val
29446,test
29447,train
29448,test
29449,test
29450,val
29451,val
29452,test
29453,val
29454,train
29455,test
29456,val
29457,test
29461,train
29462,val
29463,test
29464,test
29465,val
29466,train
29467,train
29468,test
29470,train
29472,train
29479,val
29480,test
29486,val
29489,train
29490,test
29491,train
29492,train
29493,train
29494,train
29495,test
29496,train
29497,test
29498,test
29499,train
29500,train
29501,train
29502,train
29503,train
29504,train
29505,train
29506,train
29507,train
29508,train
29509,train
29510,train
29511,train
29513,train
29514,train
29519,train
29521,train
29522,train
29523,train
29524,train
29525,train
29526,train
29529,train
29531,train
29532,train
29542,train
29546,train
29547,train
29548,train
29551,train
29553,train
29554,train
29556,train
29557,train
29558,val
29559,train
29560,train
29561,train
29562,train
29563,train
29564,test
29565,train
29566,train
29567,train
29568,train
29569,train
29570,val
29571,test
29572,train
29573,train
29574,train
29575,train
29576,train
29578,train
29580,val
29581,train
29582,train
29583,test
29584,train
29594,train
29598,train
29605,train
29606,val
29607,train
29608,test
29609,train
29611,train
29612,train
29616,train
29623,train
29625,train
29628,train
29629,test
29632,train
29633,train
29635,train
29636,test
29639,test
29640,train
29642,train
29648,train
29649,test
29650,train
29652,train
29653,test
29655,train
29657,train
29664,test
29665,train
29667,train
29668,train
29669,train
29670,train
29672,train
29674,test
29675,train
29676,train
29677,train
29682,val
29683,test
29684,val
29685,val
29688,train
29689,train
29690,test
29692,val
29696,test
29699,train
29700,train
29701,train
29702,val
29705,train
29706,train
29708,test
29709,val
29711,train
29721,train
29724,train
29725,test
29726,train
29727,train
29728,test
29729,train
29730,train
29732,train
29733,train
29734,train
29735,train
29736,test
29737,train
29738,train
29740,train
29741,train
29742,train
29743,train
29744,train
29745,train
29746,train
29747,train
29748,train
29749,test
29750,train
29751,train
29752,train
29753,val
29754,train
29755,train
29756,train
29757,train
29758,train
29759,train
29760,train
29761,train
29762,train
29763,test
29765,train
29766,train
29769,train
29772,train
29773,train
29774,test
29777,train
29778,train
29779,train
29780,train
29781,train
29782,val
29783,val
29784,test
29785,train
29786,val
29787,train
29788,val
29789,train
29790,val
29795,train
29796,train
29797,train
29798,train
29800,test
29808,train
29813,val
29819,val
29820,train
29821,train
29823,train
29826,train
29829,val
29831,train
29835,train
29837,train
29838,train
29840,test
29841,test
29845,train
29846,train
29848,train
29849,train
29851,train
29852,train
29862,train
29863,test
29864,train
29865,train
29866,train
29867,train
29868,train
29869,train
29870,train
29871,train
29872,train
29873,train
29874,train
29875,train
29876,val
29877,train
29878,train
29879,test
29880,train
29881,val
29882,train
29883,test
29884,test
29885,train
29886,test
29887,train
29888,test
29889,train
29890,train
29891,train
29892,train
29893,train
29894,train
29895,train
29896,train
29897,train
29904,train
29905,val
29906,train
29907,train
29908,train
29909,train
29910,train
29911,train
29912,train
29913,train
29914,val
29915,train
29916,train
29917,train
29918,train
29919,train
29920,val
29921,test
29922,train
29923,train
29924,train
29925,train
29926,train
29927,val
29928,train
29929,train
29930,train
29931,train
29932,val
29933,val
29934,test
29935,train
29936,train
29937,train
29938,test
29939,train
29940,train
29941,val
29942,train
29943,train
29944,train
29945,val
29946,train
29947,train
29948,train
29949,val
29950,test
29951,test
29955,train
29956,train
29957,train
29959,train
29960,train
29961,train
29962,train
29963,train
29964,train
29967,train
29968,train
29970,train
29975,train
29977,train
29978,val
29979,train
29981,train
29982,train
29983,train
29985,train
29988,train
29990,train
29994,train
29997,train
30000,train
30001,train
30002,train
30011,train
30012,train
30013,train
30014,train
30018,test
30020,train
30023,train
30024,train
30025,train
30029,train
30035,train
30036,train
30037,train
30038,val
30039,train
30040,train
30041,val
30042,train
30043,train
30045,train
30046,train
30047,val
30048,train
30049,train
30050,train
30051,val
30052,train
30053,train
30054,train
30055,val
30056,val
30057,train
30058,train
30059,train
30060,train
30063,val
30064,train
30065,train
30066,val
30067,train
30068,train
30069,train
30070,train
30071,train
30072,train
30073,train
30074,val
30075,val
30076,train
30077,val
30078,train
30079,train
30080,train
30081,train
30082,train
30083,test
30084,train
30085,val
30086,test
30087,train
30089,train
30090,train
30091,train
30095,train
30096,train
30097,train
30098,train
30100,val
30102,train
30106,train
30107,train
30111,train
30112,train
30117,train
30118,train
30119,train
30121,train
30122,train
30124,train
30127,train
30134,train
30136,train
30138,train
30139,test
30140,train
30141,val
30142,test
30143,test
30144,train
30145,train
30146,val
30147,train
30148,train
30149,test
30150,val
30151,train
30152,test
30154,test
30155,train
30157,train
30159,train
30160,train
30161,val
30162,train
30165,val
30166,test
30169,train
30172,val
30176,val
30178,train
30179,val
30180,train
30182,val
30183,test
30184,train
30185,train
30186,train
30187,train
30188,train
30189,train
30190,val
30191,train
30192,train
30193,train
30194,val
30195,val
30196,train
30197,train
30198,train
30199,train
30200,train
30201,train
30202,train
30203,train
30204,train
30205,train
30206,train
30207,val
30210,val
30212,train
30213,train
30215,train
30222,train
30228,train
30233,train
30234,train
30235,train
30237,train
30239,train
30240,train
30241,train
30242,train
30243,train
30244,train
30245,train
30246,test
30247,train
30248,train
30249,train
30250,test
30251,train
30252,train
30253,train
30255,train
30256,test
30257,test
30258,train
30259,train
30260,train
30261,train
30262,train
30263,train
30264,test
30265,train
30266,train
30267,train
30269,train
30270,train
30274,train
30275,train
30279,train
30280,train
30284,train
30285,train
30287,train
30289,train
30291,train
30292,train
30293,train
30294,train
30295,train
30296,train
30297,train
30298,train
30299,train
30300,train
30301,train
30302,val
30303,train
30304,val
30305,val
30306,train
30307,train
30308,train
30309,test
30310,train
30311,train
30312,test
30313,train
30314,train
30315,val
30316,train
30317,train
30318,train
30319,train
30320,test
30321,test
30322,train
30323,train
30324,val
30325,test
30327,test
30328,train
30329,train
30330,train
30331,train
30332,train
30333,train
30334,train
30335,train
30336,test
30337,train
30338,train
30339,train
30340,train
30341,train
30342,test
30344,train
30345,val
30346,test
30347,train
30348,train
30349,train
30350,train
30351,train
30352,train
30353,val
30354,train
30355,val
30356,train
30357,train
30358,train
30359,train
30410,val
30411,val
30412,val
30415,val
30442,val
30453,test
30459,train
30461,val
30462,test
30463,train
30464,train
30465,test
30466,train
30467,train
30468,test
30469,train
30472,train
30473,train
30474,train
30475,val
30476,val
30477,train
30478,train
30480,train
30483,train
30484,train
30485,train
30486,val
30487,val
30488,train
30493,train
30494,train
30495,train
30496,val
30497,train
30498,train
30499,train
30500,val
30501,val
30505,train
30508,train
30509,test
30510,train
30514,train
30515,train
30517,train
30525,test
30526,val
30527,train
30528,train
30529,train
30530,train
30533,train
30534,train
30535,train
30536,train
30537,train
30538,val
30539,train
30540,train
30541,train
30542,train
30543,train
30544,train
30545,train
30546,train
30547,train
30548,train
30549,train
30550,train
30551,train
30555,val
30556,train
30557,val
30558,val
30559,train
30560,train
30561,train
30562,train
30563,train
30564,train
30565,val
30567,val
30569,train
30570,val
30571,test
30572,train
30573,test
30574,val
30575,val
30576,val
30581,train
30585,train
30586,test
30587,val
30588,val
30589,val
30590,train
30591,train
30592,train
30593,train
30594,val
30595,test
30596,train
30597,train
30598,test
30599,train
30600,train
30601,train
30602,train
30603,train
30604,train
30605,train
30606,train
30607,train
30608,train
30609,train
30610,train
30611,train
30612,train
30613,test
30614,val
30615,train
30616,val
30617,val
30618,test
30619,train
30620,train
30621,train
30622,train
30624,test
30625,val
30626,train
30627,train
30630,train
30632,train
30633,train
30634,train
30635,test
30636,train
30637,train
30638,train
30639,train
30640,train
30641,train
30642,val
30644,train
30645,train
30646,val
30647,train
30648,train
30649,train
30650,train
30651,train
30661,train
30662,train
30663,train
30664,train
30665,train
30666,train
30667,train
30668,train
30669,test
30670,train
30671,train
30672,train
30673,test
30674,train
30675,test
30676,train
30677,test
30678,train
30679,train
30680,train
30681,train
30682,train
30683,train
30684,train
30690,test
30691,train
30692,train
30693,train
30694,train
30695,train
30696,train
30705,train
30706,train
30707,train
30709,train
30713,train
30714,train
30715,train
30716,val
30717,test
30718,train
30720,train
30721,train
30722,train
30723,train
30724,val
30725,train
30726,train
30727,val
30728,test
30729,train
30730,train
30731,test
30732,train
30733,train
30734,val
30735,train
30736,val
30737,train
30738,train
30739,train
30740,train
30741,train
30742,train
30743,train
30744,train
30745,train
30746,train
30747,train
30748,train
30749,train
30750,train
30751,train
30752,train
30753,test
30754,test
30755,train
30756,train
30757,test
30758,train
30759,val
30760,train
30761,val
30762,train
30763,test
30764,test
30765,train
30766,train
30767,test
30768,train
30769,train
30770,train
30771,train
30772,train
30773,train
30774,train
30775,train
30776,train
30777,train
30778,test
30779,val
30780,train
30781,train
30782,train
30783,train
30784,train
30785,train
30786,train
30787,train
30788,val
30789,train
30790,train
30791,train
30792,train
30793,train
30794,train
30795,test
30796,val
30797,train
30798,train
30799,train
30800,train
30801,train
30802,train
30803,train
30804,test
30805,val
30806,train
30807,train
30808,train
30809,val
30810,train
30811,train
30812,train
30813,test
30814,train
30815,train
30816,val
30817,train
30818,test
30819,train
30820,val
30821,train
30822,train
30823,train
30824,train
30825,train
30826,test
30827,train
30828,train
30829,train
30830,train
30831,train
30832,train
30833,train
30834,test
30835,train
30836,val
30837,val
30838,test
30839,train
30840,train
30841,test
30842,test
30843,test
30844,train
30845,train
30846,train
30847,test
30848,train
30849,train
30850,train
30851,test
30852,test
30853,test
30854,train
30855,test
30856,train
30857,train
30858,train
30859,test
30860,test
30861,train
30862,val
30863,train
30864,test
30865,train
30866,test
30867,test
30868,train
30869,test
30870,test
30871,test
30872,train
30873,val
30874,train
30875,train
30877,train
30878,val
30879,train
30880,test
30881,test
30882,test
30883,train
30884,test
30885,val
30886,train
30887,val
30888,train
30889,train
30890,test
30891,train
30892,val
30893,train
30894,train
30895,train
30896,train
30897,val
30898,train
30899,train
30900,train
30901,train
30902,train
30903,train
30904,val
30905,train
30906,train
30907,val
30908,train
30909,train
30910,train
30911,val
30912,train
30913,train
30914,test
30915,train
30916,train
30917,train
30918,test
30919,test
30920,train
30921,train
30922,train
30923,test
30924,train
30925,train
30926,test
30927,test
30928,train
30929,test
30930,val
30931,val
30932,train
30933,train
30934,val
30935,train
30936,train
30937,train
30938,test
30939,test
30940,train
30941,train
30942,train
30943,train
30944,train
30945,train
30946,train
30947,train
30948,train
30949,test
30950,train
30951,train
30952,train
30953,train
30954,train
30955,train
30956,test
30957,train
30958,test
30959,train
30960,train
30961,train
30966,train
30976,train
30980,train
30983,train
30991,train
30992,train
31005,train
31014,train
31015,train
31016,train
31017,train
31018,val
31020,train
31023,val
31024,train
31027,train
31028,train
31029,train
31032,train
31035,test
31036,train
31037,train
31038,train
31039,train
31040,test
31043,train
31046,val
31047,train
31048,train
31049,train
31050,train
31057,train
31059,train
31060,train
31061,train
31062,train
31063,train
31064,train
31065,train
31066,train
31068,test
31070,train
31071,train
31072,test
31074,train
31075,train
31078,train
31080,train
31085,train
31088,train
31090,val
31091,val
31092,train
31093,val
31094,val
31096,val
31097,test
31098,val
31099,test
31100,train
31101,train
31102,train
31103,train
31104,train
31105,train
31106,train
31107,val
31108,train
31109,train
31110,train
31111,train
31112,train
31113,train
31114,train
31115,train
31116,train
31117,train
31118,test
31119,train
31120,train
31121,train
31122,val
31123,val
31124,train
31125,val
31126,train
31127,test
31128,train
31129,train
31130,train
31132,train
31133,train
31141,train
31142,train
31143,val
31144,val
31147,test
31148,train
31149,train
31150,test
31151,test
31152,train
31153,train
31154,train
31155,test
31156,train
31157,train
31158,train
31159,val
31160,val
31161,train
31162,test
31164,train
31166,train
31167,train
31168,train
31172,test
31173,val
31174,test
31175,train
31176,train
31177,test
31178,train
31180,train
31181,train
31182,train
31183,train
31184,train
31185,train
31186,train
31187,train
31188,train
31189,test
31190,train
31191,train
31192,train
31193,train
31194,train
31195,train
31196,train
31200,train
31201,train
31202,val
31204,val
31206,val
31207,train
31208,train
31209,train
31210,train
31211,train
31212,train
31213,train
31214,train
31215,train
31216,test
31217,train
31218,val
31219,train
31221,train
31222,train
31225,train
31228,train
31229,test
31231,train
31233,train
31234,train
31235,test
31236,train
31237,val
31238,test
31239,train
31241,val
31242,train
31243,val
31244,train
31245,train
31246,train
31247,test
31248,train
31249,test
31250,train
31251,train
31252,train
31253,train
31254,train
31255,train
31257,val
31258,train
31259,val
31260,train
31261,train
31262,train
31263,train
31264,train
31265,train
31266,test
31267,train
31269,train
31270,train
31271,test
31272,test
31273,train
31274,test
31275,train
31277,train
31278,train
31279,train
31280,train
31281,test
31282,val
31283,train
31284,train
31285,train
31286,train
31287,train
31288,train
31289,train
31290,train
31291,train
31292,test
31293,train
31294,train
31295,test
31297,train
31298,train
31299,train
31300,train
31301,train
31302,val
31303,val
31304,train
31305,train
31306,test
31307,val
31308,train
31309,train
31310,train
31311,train
31312,train
31313,test
31314,train
31315,train
31316,train
31317,test
31318,test
31319,train
31320,train
31321,train
31322,train
31323,train
31324,train
31325,test
31326,train
31327,train
31328,train
31329,train
31330,test
31331,train
31332,train
31334,train
31335,train
31337,train
31338,train
31339,train
31340,train
31350,train
31352,test
31356,train
31358,train
31361,val
31363,train
31365,val
31368,train
31369,train
31371,train
31382,train
31385,val
31386,train
31407,train
31408,test
31410,train
31411,train
31413,test
31415,train
31418,train
31420,test
31422,train
31423,train
31425,test
31429,test
31430,train
31434,test
31435,train
31439,val
31440,train
31442,train
31443,train
31444,test
31445,train
31446,val
31447,train
31448,test
31449,train
31450,test
31451,val
31452,train
31453,train
31454,val
31455,train
31456,train
31457,train
31458,test
31459,train
31460,val
31461,train
31462,val
31463,test
31464,train
31465,train
31466,test
31467,val
31468,train
31473,train
31474,train
31476,train
31488,train
31541,train
31543,test
31545,train
31547,train
31549,train
31550,train
31551,train
31552,val
31553,train
31554,val
31555,test
31558,train
31559,train
31562,train
31564,train
31570,train
31571,train
31574,train
31576,train
31577,train
31578,train
31579,train
31580,train
31581,train
31582,train
31583,train
31585,train
31586,val
31587,train
31588,train
31589,train
31590,train
31591,train
31592,train
31593,train
31595,train
31596,train
31597,train
31598,train
31599,train
31601,train
31602,train
31603,train
31604,test
31605,train
31606,val
31607,train
31608,train
31609,train
31611,test
31612,train
31619,train
31620,train
31623,val
31624,val
31627,train
31634,train
31635,train
31636,train
31639,test
31640,train
31641,test
31642,train
31643,val
31644,train
31645,val
31648,train
31649,test
31653,test
31654,train
31655,train
31656,test
31657,train
31658,train
31660,train
31661,test
31662,train
31668,train
31672,val
31673,train
31677,train
31680,val
31683,train
31684,val
31685,train
31686,train
31687,train
31688,train
31689,test
31690,test
31691,train
31692,train
31693,train
31694,train
31695,train
31696,train
31697,train
31698,train
31699,train
31700,train
31702,train
31703,train
31704,train
31705,train
31706,train
31707,train
31708,train
31709,train
31710,train
31711,train
31712,train
31713,train
31714,train
31715,train
31716,train
31717,train
31718,train
31719,train
31720,train
31721,train
31722,train
31723,test
31724,train
31725,train
31726,train
31727,train
31728,train
31729,train
31732,train
31733,val
31742,train
31743,test
31774,train
31781,train
31782,train
31783,train
31784,train
31785,train
31787,train
31788,train
31789,train
31790,train
31791,test
31792,test
31794,train
31797,test
31800,train
31813,val
31814,val
31815,train
31816,test
31817,train
31818,test
31819,test
31820,train
31821,train
31822,train
31823,train
31824,val
31825,train
31826,train
31827,val
31828,test
31829,train
31830,val
31831,train
31832,train
31833,train
31834,train
31835,train
31836,val
31837,train
31838,train
31839,train
31840,val
31841,train
31842,val
31843,test
31844,train
31845,train
31846,val
31847,train
31848,val
31849,train
31850,train
31851,train
31852,train
31853,train
31854,train
31855,train
31856,train
31857,train
31858,train
31859,train
31860,train
31861,train
31862,val
31863,test
31864,train
31865,train
31866,train
31867,train
31868,train
31869,test
31870,train
31871,train
31873,train
31874,test
31875,train
31876,train
31877,train
31878,train
31879,train
31880,train
31881,train
31882,val
31883,test
31884,train
31885,train
31886,train
31887,train
31888,train
31889,test
31890,val
31891,train
31892,train
31893,test
31894,train
31895,train
31896,test
31897,train
31898,train
31899,train
31900,train
31901,train
31902,train
31903,train
31904,train
31905,test
31906,train
31908,test
31909,train
31910,train
31911,train
31912,train
31913,train
31914,train
31915,train
31916,train
31917,train
31918,train
31919,train
31920,train
31921,test
31922,train
31923,train
31924,train
31925,train
31926,test
31927,train
31929,train
31930,train
31931,val
31932,test
31933,train
31934,val
31935,train
31936,train
31937,train
31938,train
31941,test
31942,train
31943,train
31944,test
31945,val
31946,train
31947,test
31948,train
31949,val
31950,train
31951,val
31952,train
31953,train
31954,test
31955,train
31956,train
31957,train
31958,train
31959,test
31960,val
31966,train
31967,train
31968,train
31969,train
31970,train
31971,test
31972,train
31973,test
31974,val
31975,train
31976,train
31977,train
31978,train
31979,train
31980,train
31983,test
31984,train
31985,val
31986,test
31987,train
31988,train
31989,train
31990,train
31991,test
31992,test
31993,train
31994,test
31995,test
31996,val
31997,train
31998,train
31999,train
32000,test
32001,train
32002,train
32003,train
32004,train
32005,train
32006,val
32007,train
32008,train
32009,test
32010,train
32011,train
32012,train
32023,val
32024,train
32025,train
32026,val
32027,test
32028,train
32029,train
32031,train
32032,train
32034,train
32035,train
32036,test
32037,val
32038,train
32039,val
32040,test
32041,train
32042,val
32043,val
32044,test
32045,val
32046,val
32066,val
32070,val
32071,train
32072,val
32073,train
32074,train
32075,train
32077,train
32106,train
32112,train
32113,val
32118,test
32121,train
32138,test
32143,test
32144,test
32145,train
32156,train
32157,train
32158,train
32159,test
32160,train
32161,train
32162,train
32163,train
32164,train
32165,test
32166,train
32167,train
32168,train
32169,train
32170,train
32171,test
32172,val
32173,train
32174,train
32175,val
32176,train
32177,train
32178,train
32179,test
32180,val
32181,train
32182,train
32183,train
32184,val
32185,val
32186,train
32187,train
32188,val
32189,test
32190,train
32191,train
32192,val
32193,test
32194,train
32195,test
32196,train
32197,train
32198,train
32199,train
32200,train
32201,train
32202,train
32203,train
32204,train
32206,test
32207,train
32208,val
32209,train
32210,train
32211,test
32212,train
32214,train
32215,train
32216,train
32217,test
32218,train
32219,train
32220,train
32221,train
32222,train
32223,train
32224,train
32225,test
32226,train
32227,test
32228,train
32229,test
32230,train
32231,train
32232,train
32233,val
32234,val
32235,train
32236,train
32238,train
32239,train
32240,test
32242,test
32243,train
32244,train
32245,train
32246,train
32247,train
32249,val
32250,val
32251,train
32252,train
32253,train
32254,train
32255,train
32256,train
32257,train
32260,train
32262,train
32263,train
32264,val
32265,train
32266,test
32267,train
32268,val
32269,train
32270,train
32271,train
32272,train
32273,train
32274,train
32275,train
32276,train
32277,test
32278,train
32279,train
32281,train
32282,train
32283,val
32286,train
32287,train
32288,train
32289,train
32291,train
32292,train
32293,train
32294,train
32295,train
32296,test
32297,train
32298,train
32299,train
32301,train
32303,train
32304,train
32305,val
32306,train
32307,train
32308,train
32309,train
32310,train
32311,train
32312,train
32313,val
32314,val
32315,train
32316,train
32317,val
32318,train
32319,train
32320,train
32321,train
32322,train
32323,train
32324,train
32325,train
32326,train
32327,train
32328,train
32329,train
32330,train
32331,train
32332,train
32333,train
32334,train
32335,test
32336,train
32337,train
32338,train
32339,train
32340,train
32341,train
32342,train
32343,train
32345,train
32346,train
32347,train
32348,train
32349,val
32350,train
32351,train
32352,train
32353,train
32354,train
32355,train
32356,train
32357,train
32358,train
32359,train
32360,train
32361,train
32362,val
32363,val
32364,val
32365,train
32366,train
32367,train
32368,train
32369,train
32370,train
32371,train
32372,train
32373,train
32374,train
32375,train
32376,train
32377,train
32378,train
32379,train
32380,val
32381,train
32382,train
32383,test
32384,train
32385,train
32386,test
32387,train
32388,test
32389,test
32390,test
32391,train
32392,train
32393,train
32394,train
32395,train
32396,test
32397,train
32398,test
32399,train
32400,test
32401,test
32402,test
32403,test
32404,train
32405,train
32406,train
32407,val
32408,train
32410,train
32411,val
32412,train
32413,test
32414,val
32415,train
32416,train
32417,train
32419,train
32420,val
32421,train
32422,train
32423,test
32424,train
32425,train
32426,train
32427,train
32428,train
32429,train
32430,train
32431,val
32432,train
32433,train
32434,train
32435,train
32436,train
32437,test
32438,train
32439,train
32440,train
32441,train
32444,train
32445,train
32446,train
32447,train
32448,train
32449,train
32450,train
32451,test
32452,val
32454,train
32455,train
32456,train
32457,val
32458,train
32459,train
32460,test
32461,train
32462,train
32463,train
32464,train
32466,train
32467,test
32468,train
32470,test
32471,train
32472,train
32473,train
32475,train
32477,train
32479,train
32480,train
32482,train
32485,train
32487,train
32490,train
32492,train
32494,test
32495,train
32496,train
32497,train
32498,train
32499,train
32501,test
32502,test
32503,train
32504,train
32505,test
32506,train
32507,train
32508,train
32509,test
32510,test
32511,train
32512,train
32513,train
32514,train
32515,train
32516,train
32517,train
32518,train
32519,train
32520,train
32521,train
32522,train
32523,train
32524,train
32525,train
32526,train
32527,train
32528,test
32529,train
32530,val
32531,test
32532,train
32533,train
32534,test
32535,test
32536,train
32537,train
32538,val
32539,train
32540,val
32541,train
32542,train
32543,train
32544,train
32545,train
32546,val
32547,train
32548,train
32549,train
32550,train
32551,train
32552,train
32553,train
32554,train
32555,train
32556,test
32557,val
32558,test
32559,train
32560,train
32561,train
32562,train
32563,train
32564,train
32565,train
32566,test
32567,train
32568,val
32569,train
32570,train
32571,val
32572,train
32573,val
32574,test
32575,train
32576,train
32577,train
32578,train
32579,train
32580,train
32581,val
32582,train
32583,train
32584,val
32585,train
32586,train
32587,train
32588,train
32589,train
32590,test
32591,train
32592,train
32593,train
32594,train
32595,train
32596,train
32597,val
32598,train
32599,val
32600,train
32601,val
32602,train
32603,train
32604,train
32605,train
32606,train
32607,train
32608,train
32609,train
32610,val
32611,val
32612,val
32613,val
32614,val
32615,val
32616,val
32618,train
32619,test
32620,val
32621,train
32622,train
32623,val
32624,val
32625,train
32626,train
32627,val
32628,val
32629,train
32630,train
32631,train
32632,val
32633,train
32634,train
32635,train
32637,test
32638,train
32639,test
32640,train
32641,val
32643,train
32644,train
32645,test
32646,train
32647,train
32648,train
32649,train
32651,test
32652,val
32653,test
32654,test
32655,train
32656,train
32657,train
32685,val
32717,train
32718,train
32719,train
32720,test
32721,val
32722,train
32723,val
32724,train
32727,train
32728,train
32729,train
32730,train
32736,train
32737,train
32738,train
32740,test
32741,train
32742,test
32743,val
32744,train
32746,train
32751,train
32757,train
32759,train
32762,train
32763,train
32766,train
32767,train
32768,test
32769,val
32770,train
32771,train
32774,test
32780,test
32801,train
32802,train
32803,train
32804,train
32805,val
32806,test
32807,val
32808,train
32809,train
32810,test
32811,train
32812,val
32813,test
32814,train
32815,train
32816,train
32817,train
32818,test
32824,train
32826,train
32828,val
32830,train
32831,test
32832,train
32833,train
32834,train
32835,test
32836,train
32837,train
32839,test
32840,train
32841,train
32843,train
32844,train
32845,train
32846,test
32847,train
32848,test
32849,train
32850,train
32851,train
32852,train
32853,train
32854,val
32855,train
32856,val
32857,val
32858,val
32859,train
32860,train
32861,train
32862,train
32863,train
32864,train
32865,val
32866,train
32867,train
32868,train
32869,val
32870,train
32878,val
32886,train
32901,train
32903,val
32912,train
32913,train
32914,train
32918,val
32919,val
32922,train
32923,train
32924,train
32925,train
32926,train
32930,test
32937,train
32938,val
32939,train
32940,train
32941,test
32942,val
32943,train
32944,test
32945,val
32946,train
32947,train
32948,train
32949,train
32950,train
32951,train
32952,train
32953,train
32954,train
32958,test
32959,train
32962,train
32963,train
32964,test
32967,train
32969,train
32970,train
32971,train
32972,train
32973,train
32979,train
32981,train
33016,train
33017,val
33018,val
33019,train
33020,train
33021,train
33022,train
33023,train
33024,val
33025,train
33026,train
33027,train
33028,train
33029,test
33030,train
33031,train
33032,train
33033,train
33035,train
33036,train
33037,train
33038,train
33039,train
33040,val
33041,train
33042,test
33043,train
33044,train
33045,train
33046,train
33047,train
33048,train
33049,train
33050,val
33051,train
33052,train
33053,val
33054,train
33055,train
33056,train
33057,train
33058,train
33059,train
33060,train
33061,train
33062,train
33063,val
33064,train
33065,train
33066,train
33067,train
33068,train
33069,train
33070,test
33071,train
33072,train
33073,test
33074,test
33075,test
33076,train
33077,train
33078,train
33079,train
33080,train
33081,train
33082,train
33083,train
33084,test
33085,test
33086,val
33087,test
33088,train
33090,train
33091,train
33092,train
33093,train
33094,train
33095,train
33096,train
33097,train
33098,val
33099,test
33100,train
33101,train
33102,train
33103,train
33104,test
33105,test
33106,train
33107,train
33108,val
33109,train
33110,train
33111,val
33112,train
33113,train
33114,test
33115,test
33116,train
33117,train
33118,train
33119,train
33120,train
33121,train
33123,train
33124,train
33125,train
33126,train
33128,train
33129,train
33130,train
33131,train
33132,train
33133,train
33134,train
33135,test
33136,train
33137,train
33138,train
33139,train
33140,test
33141,val
33142,test
33143,train
33144,train
33145,train
33146,train
33147,val
33148,train
33149,train
33151,train
33152,train
33153,val
33154,train
33155,train
33156,test
33160,train
33161,test
33162,train
33163,train
33165,train
33166,train
33167,train
33168,train
33169,train
33170,train
33171,train
33172,train
33173,train
33174,train
33175,train
33178,train
33179,train
33181,train
33182,train
33183,train
33184,train
33185,train
33186,train
33188,train
33190,train
33191,train
33192,train
33193,train
33194,train
33195,val
33196,train
33197,val
33198,val
33199,train
33200,train
33201,train
33203,train
33204,train
33205,train
33206,train
33207,train
33208,train
33209,train
33210,train
33212,train
33213,train
33214,train
33215,train
33218,train
33219,train
33221,train
33222,train
33224,test
33225,train
33226,train
33227,train
33228,train
33229,train
33230,train
33232,test
33233,test
33234,train
33235,test
33236,val
33237,train
33238,train
33239,train
33240,train
33241,train
33242,train
33243,train
33244,test
33245,train
33246,test
33247,val
33248,train
33249,train
33250,val
33251,train
33252,train
33253,train
33254,train
33255,val
33256,train
33257,train
33260,train
33262,train
33263,train
33264,train
33266,test
33267,val
33268,train
33270,train
33271,train
33272,train
33273,val
33274,train
33277,val
33278,val
33279,test
33280,test
33283,train
33284,train
33285,train
33287,test
33288,train
33289,train
33290,train
33292,val
33293,val
33295,val
33296,train
33297,train
33298,train
33300,train
33302,train
33303,train
33304,train
33305,train
33306,train
33307,train
33308,train
33309,train
33310,train
33311,train
33312,train
33313,train
33314,train
33315,train
33316,test
33322,train
33326,test
33328,train
33329,train
33330,train
33331,train
33335,train
33336,test
33337,test
33338,test
33339,test
33340,train
33341,test
33342,test
33343,test
33344,val
33349,train
33350,test
33351,test
33352,train
33353,train
33354,test
33355,val
33356,train
33358,train
33360,train
33361,test
33362,train
33363,train
33364,val
33365,train
33366,train
33367,train
33368,train
33369,train
33370,train
33371,train
33372,train
33373,train
33374,train
33375,train
33376,train
33377,train
33378,test
33379,train
33380,train
33382,train
33383,val
33384,train
33385,test
33386,val
33387,test
33388,train
33390,val
33391,test
33392,train
33393,train
33394,test
33395,train
33396,train
33397,train
33398,val
33399,train
33400,train
33401,test
33402,train
33403,test
33404,train
33405,train
33406,train
33407,train
33408,train
33409,train
33410,train
33412,val
33413,test
33414,train
33415,train
33416,val
33417,train
33419,train
33421,train
33422,train
33423,val
33424,test
33425,train
33426,train
33427,train
33428,test
33429,train
33430,val
33431,train
33432,train
33433,train
33434,val
33435,train
33436,train
33437,train
33438,train
33439,test
33440,train
33441,test
33442,test
33443,train
33444,train
33445,train
33446,train
33447,train
33448,train
33449,train
33450,train
33451,train
33453,train
33454,train
33455,train
33456,train
33457,val
33458,val
33459,test
33460,train
33461,train
33462,train
33463,train
33464,test
33465,train
33466,train
33467,train
33468,train
33469,train
33470,train
33471,train
33472,val
33473,train
33474,val
33475,train
33476,train
33477,train
33478,train
33479,train
33480,test
33481,train
33482,val
33483,val
33484,train
33485,test
33486,val
33487,train
33488,train
33489,val
33490,val
33491,val
33492,train
33493,train
33494,train
33495,val
33497,test
33498,train
33501,train
33503,test
33504,train
33505,train
33506,test
33507,train
33508,train
33509,test
33510,val
33511,train
33512,train
33513,train
33514,train
33515,train
33516,test
33517,train
33518,train
33519,train
33520,train
33521,val
33522,val
33523,test
33524,train
33525,train
33526,train
33527,train
33528,train
33529,train
33530,train
33531,val
33532,train
33533,train
33534,train
33535,val
33536,train
33537,train
33538,train
33539,test
33540,test
33541,train
33542,test
33543,train
33544,train
33546,val
33547,val
33548,train
33549,train
33551,train
33552,train
33553,val
33554,train
33555,train
33556,train
33557,train
33558,test
33559,val
33560,train
33561,train
33562,train
33563,train
33564,train
33565,test
33566,train
33570,train
33571,train
33572,train
33574,val
33576,train
33578,train
33580,train
33582,test
33583,val
33585,train
33586,train
33587,train
33589,train
33590,train
33593,train
33601,train
33602,val
33603,train
33604,val
33605,train
33606,train
33608,train
33609,val
33611,train
33612,train
33616,train
33617,train
33618,train
33619,train
33620,test
33621,val
33622,val
33623,train
33624,train
33625,train
33626,train
33627,test
33628,train
33629,train
33630,val
33631,train
33632,train
33633,test
33634,train
33635,train
33637,train
33638,train
33639,train
33641,train
33642,train
33643,test
33644,train
33645,train
33646,test
33647,test
33648,test
33649,train
33650,test
33652,val
33653,train
33654,val
33655,test
33656,test
33657,train
33659,train
33660,train
33661,test
33662,test
33663,train
33685,train
33686,train
33687,train
33688,val
33689,test
33690,train
33691,train
33692,train
33693,val
33694,train
33695,train
33696,train
33697,train
33698,train
33699,train
33700,train
33701,train
33702,train
33703,train
33704,train
33705,train
33706,train
33707,train
33708,train
33709,train
33710,train
33711,train
33712,test
33713,test
33714,val
33715,val
33716,train
33717,train
33718,train
33719,test
33720,train
33721,train
33723,val
33724,train
33725,train
33726,test
33727,test
33728,train
33729,train
33730,train
33731,train
33732,train
33733,val
33734,train
33735,train
33736,train
33737,train
33738,train
33739,train
33740,test
33741,train
33742,train
33743,train
33744,val
33745,train
33746,test
33747,train
33748,val
33749,val
33750,train
33751,train
33752,train
33753,test
33754,train
33755,train
33756,test
33757,val
33758,test
33759,train
33760,train
33761,train
33762,val
33763,train
33764,test
33765,train
33766,train
33767,train
33768,val
33769,train
33770,train
33771,train
33772,test
33773,train
33774,train
33775,train
33776,train
33777,train
33778,train
33780,train
33781,train
33787,train
33815,train
33817,train
33820,val
33821,test
33822,train
33823,train
33824,train
33825,train
33826,train
33827,train
33828,train
33829,train
33830,train
33831,train
33832,train
33833,train
33834,val
33835,test
33836,train
33837,val
33838,train
33839,train
33840,val
33841,train
33843,train
33844,train
33845,val
33846,train
33847,val
33848,train
33849,train
33850,train
33851,train
33852,train
33853,test
33854,val
33855,train
33856,train
33857,train
33858,train
33859,train
33860,train
33861,test
33862,train
33863,train
33864,train
33865,train
33866,train
33867,train
33868,train
33869,train
33870,train
33871,train
33872,train
33873,train
33874,train
33875,train
33876,train
33877,test
33878,train
33879,test
33881,train
33882,train
33883,train
33884,train
33885,train
33886,train
33887,test
33888,val
33889,train
33890,train
33891,train
33892,train
33893,train
33894,train
33895,test
33896,test
33897,test
33898,test
33899,test
33900,test
33901,val
33902,train
33903,test
33904,test
33905,test
33906,test
33907,test
33908,test
33909,train
33910,test
33911,test
33912,test
33913,train
33914,train
33915,train
33916,train
33917,train
33918,train
33919,train
33920,train
33921,train
33922,train
33923,train
33924,train
33925,train
33926,train
33927,train
33928,train
33929,train
33930,train
33931,train
33932,train
33933,train
33934,test
33935,train
33936,val
33937,test
33938,val
33939,train
33940,train
33941,test
33942,train
33943,train
33944,train
33945,train
33946,train
33947,val
33948,train
33949,train
33950,train
33951,val
33952,train
33953,train
33954,test
33955,train
33956,train
33957,train
33958,test
33959,train
33960,train
33961,test
33962,val
33963,train
33964,val
33965,train
33966,val
33967,val
33968,train
33969,train
33970,val
33971,train
33972,test
33973,train
33974,train
33975,train
33976,train
33977,train
33978,train
33979,train
33980,train
33981,train
33982,train
33983,train
33984,train
33985,train
33986,train
33987,train
33988,train
33989,train
33990,train
33991,val
33992,train
33993,val
33994,train
33995,val
33996,train
33997,val
33998,test
33999,train
34000,val
34001,train
34002,train
34003,train
34004,train
34005,train
34006,train
34007,train
34008,train
34009,train
34010,train
34011,val
34012,val
34013,val
34014,val
34015,train
34016,test
34017,test
34018,train
34019,train
34020,train
34021,train
34022,val
34023,val
34024,train
34025,train
34026,train
34027,train
34028,train
34029,train
34030,test
34031,test
34032,val
34033,val
34034,train
34035,train
34036,test
34037,test
34038,val
34039,val
34040,val
34041,val
34042,val
34043,val
34044,val
34045,val
34046,val
34048,val
34049,val
34050,train
34051,train
34052,train
34053,train
34054,train
34055,train
34056,train
34057,train
34058,train
34059,train
34060,train
34061,train
34062,train
34063,train
34064,train
34065,test
34066,train
34067,train
34068,val
34069,test
34070,train
34071,train
34072,train
34073,train
34074,train
34075,train
34076,test
34077,train
34078,train
34079,train
34080,train
34081,val
34082,train
34083,train
34084,test
34085,train
34087,train
34088,train
34089,train
34090,train
34091,train
34092,val
34094,train
34095,test
34096,train
34097,train
34098,train
34099,test
34100,train
34101,val
34102,train
34103,train
34104,train
34105,val
34106,val
34107,train
34108,val
34109,val
34110,train
34111,test
34112,val
34113,train
34114,test
34115,test
34116,train
34117,val
34118,train
34119,train
34120,val
34121,train
34122,train
34123,train
34125,train
34126,train
34128,train
34129,train
34131,train
34133,train
34134,train
34136,train
34138,train
34140,train
34146,train
34147,train
34148,test
34149,test
34152,train
34155,train
34156,test
34157,test
34158,val
34159,val
34161,train
34162,train
34163,train
34164,test
34165,val
34166,train
34167,train
34168,test
34170,test
34171,test
34172,train
34173,train
34174,train
34175,train
34176,train
34177,train
34178,test
34179,test
34180,train
34181,train
34182,train
34183,train
34184,train
34185,val
34186,val
34187,val
34188,train
34189,train
34190,train
34191,train
34192,train
34193,train
34195,train
34197,train
34198,train
34199,train
34201,train
34202,val
34203,train
34204,test
34205,train
34206,test
34207,train
34208,train
34209,train
34210,train
34211,train
34212,train
34213,train
34214,train
34215,train
34216,train
34217,val
34218,train
34219,val
34220,train
34221,test
34222,train
34223,test
34224,train
34225,train
34226,train
34227,train
34228,train
34229,train
34230,train
34231,train
34232,train
34233,train
34234,test
34235,val
34237,train
34238,train
34239,train
34241,train
34242,train
34243,train
34244,train
34245,train
34246,train
34247,train
34248,val
34249,val
34250,test
34251,train
34252,train
34253,val
34255,train
34256,train
34257,train
34258,train
34259,train
34260,train
34261,train
34262,train
34263,train
34264,train
34265,train
34266,train
34267,train
34268,test
34269,train
34270,train
34271,train
34272,train
34273,val
34274,val
34275,train
34276,train
34277,train
34278,train
34279,train
34280,val
34281,test
34282,train
34283,train
34284,test
34287,train
34288,train
34291,train
34292,test
34293,train
34294,train
34295,train
34296,train
34297,train
34298,train
34299,train
34300,train
34301,test
34302,train
34303,test
34304,train
34305,train
34307,test
34308,test
34309,train
34310,test
34311,train
34313,train
34314,train
34315,train
34316,test
34317,test
34319,train
34320,train
34321,train
34322,train
34323,train
34324,train
34325,val
34326,train
34328,train
34330,train
34331,test
34332,train
34333,train
34335,train
34336,train
34337,test
34338,train
34339,train
34340,train
34341,train
34342,train
34343,train
34344,val
34345,train
34347,train
34348,train
34349,train
34350,train
34351,train
34353,train
34354,test
34355,val
34356,test
34357,val
34358,train
34359,train
34360,val
34361,train
34362,train
34363,train
34364,train
34365,test
34366,train
34368,train
34369,test
34370,train
34371,train
34372,test
34373,train
34374,val
34375,train
34376,train
34377,train
34378,train
34379,train
34380,val
34381,test
34382,train
34385,val
34386,train
34387,val
34388,train
34390,val
34391,train
34392,val
34393,train
34394,train
34395,train
34397,train
34398,test
34399,train
34400,val
34401,train
34402,train
34403,train
34404,train
34405,train
34406,train
34408,train
34409,train
34410,train
34411,test
34412,train
34413,train
34415,train
34417,train
34419,train
34420,test
34422,val
34423,train
34424,train
34425,train
34426,val
34427,train
34428,train
34429,test
34430,train
34432,test
34433,train
34434,test
34435,val
34436,val
34438,train
34439,train
34440,train
34441,test
34442,train
34443,train
34444,train
34445,train
34446,val
34447,train
34448,train
34449,train
34450,test
34451,train
34452,train
34453,train
34454,train
34455,train
34456,train
34457,train
34458,train
34460,train
34461,test
34462,train
34463,train
34464,test
34465,test
34466,train
34467,train
34468,train
34469,train
34470,train
34471,train
34473,train
34476,train
34479,train
34480,train
34482,train
34484,train
34492,val
34493,train
34494,val
34495,train
34496,train
34498,train
34503,train
34504,train
34507,train
34508,test
34509,train
34510,train
34511,val
34512,train
34513,train
34514,train
34515,train
34516,train
34517,train
34518,train
34519,train
34520,train
34521,train
34522,train
34523,train
34524,train
34525,train
34526,train
34527,train
34528,train
34529,train
34531,train
34532,train
34533,train
34534,train
34535,train
34536,train
34537,train
34538,test
34539,train
34540,train
34541,train
34542,train
34543,train
34545,train
34546,train
34547,train
34548,val
34549,train
34550,train
34551,train
34552,train
34553,train
34554,train
34555,train
34556,train
34557,train
34558,val
34559,train
34560,train
34561,train
34562,train
34563,train
34564,train
34565,train
34566,train
34567,train
34568,train
34569,train
34570,train
34571,train
34572,train
34573,train
34574,train
34575,test
34576,train
34577,test
34578,train
34579,train
34580,train
34581,test
34583,train
34584,train
34585,train
34586,train
34587,train
34588,train
34589,train
34590,train
34591,val
34592,train
34593,train
34594,train
34595,train
34596,val
34597,test
34598,train
34599,train
34600,train
34601,train
34602,train
34603,train
34604,train
34605,train
34607,train
34608,test
34609,test
34611,train
34612,train
34613,train
34614,train
34615,train
34616,train
34617,train
34618,train
34619,train
34622,train
34624,train
34625,train
34626,train
34628,train
34629,train
34630,train
34631,test
34632,train
34633,train
34634,train
34635,train
34636,train
34637,train
34638,train
34639,val
34640,train
34641,train
34642,train
34643,train
34644,train
34646,train
34647,train
34648,test
34649,test
34650,train
34651,train
34652,test
34653,train
34654,val
34655,val
34682,test
34683,train
34689,val
34693,train
34710,val
34721,train
34727,val
34728,train
34729,train
34730,train
34731,train
34732,train
34733,train
34734,train
34735,train
34736,train
34737,train
34742,train
34743,train
34744,test
34745,train
34746,val
34747,val
34748,train
34749,test
34750,train
34751,train
34752,val
34753,val
34754,train
34755,test
34756,train
34757,test
34759,train
34760,train
34761,train
34762,train
34763,val
34764,train
34765,train
34766,train
34767,train
34768,val
34769,test
34770,train
34771,val
34772,train
34773,test
34774,test
34775,test
34776,test
34777,test
34778,test
34779,test
34780,test
34781,test
34782,train
34785,train
34788,train
34790,test
34793,val
34794,val
34795,val
34796,val
34797,train
34798,train
34799,train
34800,train
34801,train
34803,train
34806,val
34808,val
34811,val
34812,test
34813,train
34814,train
34815,val
34817,test
34818,train
34819,train
34820,val
34821,val
34822,val
34823,val
34824,train
34825,train
34826,train
34827,train
34828,val
34829,val
34830,val
34831,val
34832,train
34833,train
34834,train
34835,test
34836,train
34837,train
34838,train
34839,train
34840,train
34841,val
34842,train
34843,val
34844,train
34846,test
34847,train
34848,train
34849,test
34850,train
34851,train
34852,train
34853,train
34854,test
34855,train
34856,train
34857,train
34858,train
34859,test
34860,train
34861,train
34862,train
34863,test
34864,test
34865,train
34867,train
34870,train
34871,train
34872,test
34873,train
34874,test
34877,train
34878,train
34880,test
34881,train
34882,train
34883,train
34885,train
34886,train
34887,train
34888,test
34889,train
34890,train
34891,train
34892,train
34898,train
34899,train
34900,val
34901,train
34902,train
34903,train
34904,train
34905,train
34906,train
34907,train
34908,val
34909,train
34910,train
34912,train
34913,val
34914,test
34915,train
34916,train
34917,test
34918,val
34920,train
34921,train
34922,train
34923,train
34924,train
34926,train
34927,val
34928,train
34929,train
34930,test
34931,train
34932,train
34933,train
34934,test
34935,train
34936,train
34937,train
34938,val
34939,val
34941,val
34942,train
34943,train
34944,train
34945,train
34946,train
34947,val
34948,train
34949,val
34950,train
34951,train
34952,train
34953,train
34954,train
34955,train
34956,train
34957,train
34958,test
34959,test
34960,train
34961,train
34962,train
34963,train
34965,test
34966,train
34967,train
34968,val
34969,train
34970,train
34971,train
34972,train
34973,train
34974,train
34975,train
34976,train
34977,train
34978,val
34979,train
34980,test
34981,val
34982,test
34983,test
34984,test
34985,val
34986,train
34987,val
34988,train
34989,train
34990,train
34991,val
34992,train
34993,train
34994,train
34995,val
34996,test
34997,train
34998,train
34999,train
35000,train
35001,val
35002,train
35003,train
35004,train
35005,train
35006,val
35007,train
35008,train
35009,val
35010,train
35011,train
35012,val
35013,train
35014,train
35015,train
35016,train
35017,train
35018,test
35019,val
35020,train
35021,train
35022,val
35023,train
35024,test
35025,test
35026,train
35027,val
35028,train
35029,train
35030,train
35031,train
35032,train
35033,train
35034,test
35035,train
35036,train
35037,train
35038,val
35039,val
35040,train
35041,train
35042,train
35043,train
35044,train
35045,train
35046,train
35047,train
35048,train
35049,train
35050,train
35051,val
35052,train
35053,train
35055,train
35056,train
35058,train
35059,test
35060,train
35061,train
35062,train
35064,val
35065,train
35066,val
35068,train
35069,train
35073,train
35074,train
35075,train
35077,train
35078,train
35079,test
35080,train
35084,train
35085,train
35086,train
35087,test
35088,test
35089,val
35090,val
35092,train
35093,train
35095,train
35096,test
35097,train
35098,train
35099,train
35100,val
35102,train
35103,train
35104,train
35105,train
35106,val
35107,val
35108,train
35109,val
35111,train
35114,train
35115,val
35116,train
35118,val
35120,train
35123,test
35124,train
35125,test
35127,train
35128,train
35129,val
35130,val
35131,train
35133,train
35134,train
35135,train
35136,val
35138,val
35142,test
35143,val
35144,test
35145,train
35146,train
35147,train
35148,train
35149,train
35152,train
35161,train
35162,test
35165,train
35166,val
35172,train
35173,test
35174,train
35176,train
35177,train
35179,train
35180,val
35181,test
35182,train
35183,train
35184,test
35185,val
35186,train
35187,train
35188,train
35189,train
35191,train
35192,test
35193,train
35194,train
35195,train
35196,train
35197,train
35198,train
35199,test
35200,val
35201,train
35202,test
35203,train
35204,train
35205,train
35206,train
35207,train
35208,train
35209,test
35210,train
35211,train
35212,test
35213,train
35214,train
35215,train
35216,train
35217,train
35219,train
35223,val
35229,val
35231,val
35233,val
35234,test
35237,train
35239,train
35240,train
35241,train
35242,train
35243,train
35244,train
35245,train
35246,train
35247,train
35248,train
35258,train
35259,train
35260,train
35261,val
35262,train
35263,train
35265,train
35266,train
35267,train
35268,train
35269,train
35271,test
35272,train
35277,train
35282,train
35288,train
35300,train
35301,train
35303,train
35304,train
35305,train
35306,train
35307,train
35308,train
35309,train
35310,train
35311,train
35312,train
35313,train
35314,train
35315,train
35316,train
35317,val
35318,train
35319,train
35320,train
35321,train
35322,train
35323,train
35324,train
35325,train
35326,train
35327,train
35328,train
35329,train
35330,train
35331,val
35332,train
35333,train
35334,train
35335,test
35336,train
35337,train
35338,train
35339,train
35341,train
35350,train
35358,train
35360,test
35362,train
35363,train
35378,train
35381,train
35382,train
35383,train
35384,train
35386,train
35392,train
35395,train
35397,train
35399,train
35401,train
35402,test
35403,train
35404,val
35405,test
35406,train
35407,train
35409,train
35410,train
35411,train
35412,train
35414,train
35416,train
35418,train
35419,train
35420,train
35421,train
35422,train
35423,train
35424,train
35425,train
35426,train
35427,test
35428,test
35429,train
35430,train
35432,train
35433,test
35434,test
35435,val
35436,val
35437,train
35438,train
35439,train
35440,train
35441,val
35442,val
35444,train
35445,train
35446,val
35447,train
35448,train
35449,test
35450,val
35451,val
35452,test
35453,test
35454,train
35455,train
35456,val
35457,val
35458,train
35459,train
35460,train
35461,train
35462,test
35463,train
35464,train
35465,train
35466,train
35467,test
35468,test
35469,train
35470,train
35471,train
35472,test
35473,train
35474,train
35475,train
35476,test
35477,test
35478,train
35479,test
35481,val
35482,train
35483,train
35484,val
35486,test
35488,train
35489,test
35490,test
35491,train
35492,train
35493,train
35496,train
35497,test
35501,train
35504,val
35506,val
35511,train
35521,train
35523,train
35525,train
35529,train
35530,train
35531,test
35532,train
35533,val
35534,train
35535,train
35537,train
35538,train
35539,train
35540,train
35541,val
35542,val
35543,train
35545,train
35546,test
35552,test
35554,train
35555,test
35556,test
35558,train
35560,train
35561,train
35562,train
35563,train
35564,train
35565,train
35566,val
35567,train
35568,val
35570,train
35571,val
35573,test
35574,train
35575,train
35578,test
35579,val
35582,val
35586,train
35587,train
35588,val
35589,val
35590,train
35591,train
35592,train
35625,val
35626,train
35632,train
35633,train
35635,test
35641,val
35643,test
35644,test
35645,test
35646,test
35647,test
35648,test
35649,test
35650,test
35651,test
35652,test
35653,test
35654,train
35655,train
35656,train
35657,val
35658,train
35659,val
35660,train
35661,train
35662,test
35663,test
35664,test
35665,train
35666,val
35667,test
35668,test
35669,train
35670,train
35671,test
35673,train
35674,train
35675,train
35676,train
35677,train
35678,val
35679,train
35680,val
35681,val
35682,val
35683,train
35684,train
35685,train
35686,train
35687,train
35688,train
35689,train
35690,train
35691,val
35692,train
35693,train
35694,train
35695,train
35696,train
35697,train
35698,train
35699,train
35700,test
35701,test
35702,train
35703,train
35704,test
35705,val
35706,train
35707,val
35708,val
35709,val
35710,train
35711,val
35712,test
35713,train
35714,train
35716,train
35720,train
35725,train
35755,test
35777,train
35782,train
35783,train
35784,train
35785,test
35786,test
35787,val
35788,train
35792,train
35793,train
35794,train
35796,train
35797,train
35798,train
35799,train
35800,val
35801,train
35802,test
35803,val
35806,train
35807,train
35808,train
35809,val
35810,train
35811,test
35813,train
35814,train
35815,train
35816,train
35817,train
35818,train
35819,train
35820,train
35821,train
35826,test
35827,test
35828,train
35845,train
35846,val
35848,val
35873,train
35874,train
35875,train
35876,train
35877,val
35878,test
35879,val
35880,train
35881,test
35882,train
35883,train
35884,train
35885,train
35886,train
35887,train
35888,train
35889,train
35890,train
35891,val
35892,train
35893,train
35894,train
35895,train
35896,train
35897,train
35898,train
35899,val
35900,train
35901,val
35902,train
35903,val
35905,test
35907,train
35908,train
35909,train
35910,val
35911,test
35912,train
35913,train
35915,train
35916,train
35917,test
35918,test
35923,train
35925,train
35927,train
35928,train
35930,train
35931,train
35932,val
35933,train
35934,train
35935,val
35936,train
35937,train
35938,train
35939,train
35940,test
35941,test
35947,val
35958,train
35968,val
35970,train
35971,train
35981,train
35982,train
35983,train
35984,val
35985,train
35986,train
35987,val
35988,train
35989,train
35990,train
35991,test
35992,test
35993,test
35994,train
35995,val
35996,train
35997,train
35998,train
35999,test
36000,val
36001,train
36002,train
36003,train
36004,train
36015,train
36016,train
36017,train
36018,train
36019,train
36020,train
36021,train
36022,train
36023,train
36024,train
36025,test
36026,test
36028,test
36031,val
36034,test
36035,train
36036,train
36037,train
36038,train
36039,val
36040,train
36042,train
36043,val
36044,train
36045,train
36046,train
36047,train
36048,test
36049,train
36050,train
36051,train
36052,train
36053,train
36054,train
36055,train
36056,test
36057,train
36058,test
36059,val
36060,train
36061,train
36062,train
36063,train
36064,test
36065,train
36066,val
36067,test
36068,train
36069,train
36070,train
36072,val
36073,train
36074,train
36075,val
36082,train
36083,test
36084,train
36085,test
36086,train
36087,train
36088,test
36089,test
36090,train
36093,val
36094,train
36097,train
36098,train
36101,train
36102,train
36103,test
36104,test
36105,train
36106,train
36110,train
36111,train
36113,train
36114,train
36117,train
36118,train
36119,train
36121,train
36122,train
36123,train
36125,val
36126,train
36127,val
36128,val
36129,train
36130,test
36131,val
36132,train
36133,test
36134,train
36135,train
36136,val
36137,train
36138,train
36139,train
36140,test
36141,test
36142,train
36143,train
36144,train
36146,train
36147,train
36148,train
36158,train
36164,train
36173,train
36184,train
36185,train
36199,train
36200,train
36202,test
36203,train
36205,val
36206,train
36207,train
36208,train
36209,val
36211,train
36212,train
36213,test
36215,train
36216,train
36217,val
36218,train
36219,train
36220,train
36221,test
36222,train
36223,test
36224,train
36225,train
36226,train
36227,train
36228,train
36229,train
36230,val
36231,test
36232,test
36233,train
36234,train
36235,test
36236,train
36237,train
36238,train
36239,val
36240,train
36243,train
36244,train
36245,train
36247,train
36248,train
36249,train
36250,train
36251,val
36252,train
36253,train
36254,train
36255,train
36256,val
36257,train
36258,train
36259,train
36260,train
36261,train
36262,test
36263,train
36264,train
36265,val
36266,train
36267,train
36268,train
36269,val
36270,val
36271,test
36272,train
36273,train
36274,train
36275,train
36276,train
36277,train
36278,train
36279,train
36280,train
36281,train
36282,test
36283,train
36284,train
36285,test
36286,val
36287,train
36288,train
36289,train
36290,test
36294,val
36295,train
36296,train
36297,train
36298,train
36301,test
36303,train
36304,test
36307,val
36308,train
36309,train
36310,test
36311,train
36312,train
36313,test
36314,train
36315,train
36316,train
36317,test
36318,train
36319,train
36320,train
36321,val
36322,train
36323,val
36324,test
36325,test
36326,val
36329,val
36331,test
36332,test
36333,val
36335,train
36342,test
36343,train
36345,train
36346,train
36347,test
36348,train
36349,train
36350,train
36351,test
36352,train
36353,train
36354,train
36355,train
36356,train
36357,train
36358,train
36359,test
36360,test
36361,train
36362,train
36363,test
36364,test
36365,train
36366,train
36367,train
36368,test
36369,test
36370,train
36371,train
36372,val
36373,train
36374,train
36375,train
36376,train
36377,train
36378,val
36379,train
36380,train
36381,test
36382,train
36383,test
36384,train
36385,val
36386,train
36387,train
36388,test
36389,test
36390,val
36391,train
36392,test
36393,test
36394,train
36395,test
36396,train
36397,test
36398,test
36399,train
36400,train
36401,train
36402,test
36403,val
36404,val
36405,val
36406,test
36407,train
36408,train
36409,test
36410,train
36411,train
36412,test
36413,train
36414,train
36415,train
36416,train
36417,train
36418,train
36419,train
36420,train
36421,train
36422,train
36423,train
36424,train
36425,train
36426,train
36427,train
36428,train
36429,train
36430,train
36431,val
36432,train
36433,test
36434,test
36435,val
36436,val
36437,test
36438,train
36439,train
36440,train
36441,test
36442,test
36443,val
36444,train
36445,train
36446,train
36447,train
36448,train
36449,test
36450,train
36451,train
36452,test
36453,val
36454,train
36455,train
36456,val
36457,train
36458,train
36459,train
36460,train
36461,train
36462,train
36463,train
36464,train
36465,train
36466,train
36467,train
36468,train
36469,train
36470,val
36471,train
36472,train
36473,train
36474,test
36475,train
36476,train
36477,train
36478,test
36479,train
36480,val
36481,train
36482,train
36483,train
36484,test
36485,train
36486,train
36487,train
36492,train
36493,train
36494,val
36495,train
36497,train
36498,test
36499,val
36500,train
36501,val
36502,val
36503,test
36505,train
36506,train
36507,train
36508,val
36509,val
36510,val
36511,train
36512,test
36513,train
36514,train
36515,train
36516,train
36518,train
36519,train
36520,train
36521,train
36522,train
36523,train
36526,train
36527,val
36532,val
36536,train
36537,train
36538,train
36540,test
36541,train
36542,train
36551,train
36557,train
36558,val
36559,train
36560,train
36561,train
36562,train
36563,test
36564,train
36565,train
36577,train
36581,train
36590,test
36605,train
36614,train
36615,val
36616,train
36617,test
36618,val
36619,train
36620,val
36621,train
36622,train
36638,train
36643,train
36646,train
36649,train
36650,train
36651,train
36653,test
36654,train
36655,train
36657,train
36658,train
36660,train
36662,train
36664,train
36665,train
36666,train
36669,train
36670,test
36672,train
36673,train
36674,train
36676,train
36677,val
36680,train
36687,train
36688,train
36693,train
36694,train
36695,train
36696,train
36698,train
36699,test
36700,test
36701,train
36702,test
36703,test
36704,train
36705,test
36706,train
36707,test
36708,test
36709,test
36710,train
36711,train
36712,train
36713,train
36714,train
36715,train
36716,train
36717,val
36718,val
36719,train
36720,train
36721,train
36722,train
36723,train
36724,train
36725,train
36726,test
36727,train
36728,train
36729,train
36730,train
36731,val
36732,train
36733,train
36734,train
36735,train
36736,train
36737,val
36738,train
36739,train
36741,train
36742,train
36743,val
36744,train
36745,train
36746,train
36747,test
36748,train
36749,test
36750,train
36751,train
36752,val
36753,train
36754,test
36755,train
36756,train
36757,train
36758,train
36759,train
36760,train
36761,train
36763,val
36764,val
36765,train
36766,train
36767,val
36768,train
36769,train
36770,train
36772,train
36773,train
36774,test
36775,train
36776,train
36777,train
36778,val
36779,train
36780,train
36781,train
36782,test
36783,test
36784,train
36785,train
36786,train
36787,train
36788,test
36789,train
36790,train
36791,train
36792,train
36793,train
36794,test
36795,train
36796,test
36797,train
36798,train
36799,train
36801,train
36802,train
36803,train
36804,train
36805,train
36806,test
36807,val
36808,train
36809,train
36810,train
36811,train
36812,train
36813,test
36814,train
36815,train
36817,test
36818,train
36819,train
36825,val
36826,train
36827,test
36828,train
36830,val
36832,train
36833,test
36834,train
36835,train
36836,train
36837,train
36841,train
36845,train
36852,test
36853,train
36857,train
36861,train
36862,val
36873,train
36874,train
36875,train
36883,train
36884,train
36885,val
36886,train
36887,train
36888,train
36889,val
36890,train
36891,test
36892,train
36893,test
36894,train
36895,train
36896,train
36897,train
36898,val
36899,train
36900,train
36901,val
36902,train
36903,train
36904,train
36905,train
36906,val
36907,train
36908,train
36909,test
36910,train
36911,train
36912,train
36913,train
36914,train
36915,train
36916,val
36917,train
36918,val
36919,val
36920,val
36921,train
36922,train
36923,train
36924,train
36925,train
36926,train
36927,train
36929,train
36930,train
36931,train
36933,train
36934,train
36935,train
36936,val
36937,train
36938,train
36939,val
36940,test
36941,train
36942,train
36943,train
36944,train
36945,train
36946,train
36948,val
36952,train
36954,train
36957,train
36974,train
36975,train
36976,train
36977,train
36978,train
36979,train
36983,train
36984,train
36987,train
36988,train
36989,train
36990,train
36991,test
36992,val
36993,train
36994,test
36995,train
36996,train
36998,test
37000,train
37001,val
37002,val
37003,val
37004,val
37005,val
37006,val
37047,train
37048,train
37049,test
37050,train
37051,train
37052,train
37053,train
37054,train
37055,train
37056,train
37057,train
37058,train
37059,train
37060,train
37061,train
37062,train
37063,train
37064,train
37065,train
37066,train
37067,val
37068,train
37069,train
37070,test
37071,test
37073,train
37074,train
37075,train
37076,test
37077,test
37078,train
37079,train
37080,train
37081,test
37082,test
37083,train
37085,test
37086,train
37087,train
37088,val
37089,test
37090,test
37093,train
37094,train
37097,train
37098,train
37099,train
37102,test
37103,train
37111,train
37117,test
37119,train
37129,train
37131,train
37132,train
37133,train
37135,train
37139,train
37141,train
37142,test
37143,train
37144,train
37145,train
37146,train
37148,train
37150,train
37152,val
37153,train
37154,val
37155,train
37156,train
37158,test
37159,val
37160,train
37161,train
37164,train
37165,train
37166,train
37167,train
37172,test
37173,train
37178,train
37183,test
37184,train
37185,train
37186,train
37187,train
37188,train
37189,train
37190,train
37191,train
37195,val
37197,train
37198,train
37199,train
37200,train
37201,train
37202,val
37204,train
37205,train
37206,train
37207,train
37208,test
37209,train
37210,train
37212,train
37215,test
37220,val
37221,train
37222,train
37223,test
37224,train
37225,train
37226,test
37227,test
37228,train
37229,train
37230,train
37231,train
37232,train
37233,train
37234,test
37235,train
37236,train
37237,val
37238,train
37239,train
37240,train
37241,train
37242,train
37243,train
37244,train
37245,train
37246,train
37247,train
37248,train
37249,train
37250,train
37251,train
37252,train
37253,train
37254,train
37255,train
37256,train
37257,val
37259,test
37260,train
37261,train
37263,train
37265,train
37266,test
37267,train
37272,test
37278,val
37279,train
37280,train
37281,test
37282,train
37283,train
37284,train
37285,train
37286,test
37287,train
37288,train
37289,test
37290,train
37291,train
37292,test
37293,train
37294,train
37295,train
37296,train
37297,train
37298,test
37299,val
37300,test
37301,test
37302,val
37303,train
37304,test
37305,train
37306,train
37307,train
37308,train
37309,train
37310,train
37311,train
37312,train
37313,train
37314,val
37315,test
37316,train
37317,train
37318,train
37319,test
37320,val
37321,train
37322,train
37323,train
37324,val
37325,train
37326,test
37327,val
37328,train
37329,train
37330,val
37331,train
37332,train
37333,train
37334,val
37335,train
37341,train
37342,train
37343,val
37344,train
37345,train
37378,train
37405,train
37406,val
37407,train
37408,test
37409,train
37410,train
37411,test
37412,train
37413,train
37414,train
37415,train
37416,train
37417,train
37418,test
37419,train
37421,train
37422,train
37423,train
37428,train
37429,train
37430,train
37431,train
37432,val
37433,train
37434,train
37435,train
37437,train
37439,test
37440,test
37446,train
37447,test
37448,train
37449,train
37450,test
37457,test
37463,train
37468,train
37470,train
37471,train
37472,train
37473,train
37474,train
37477,train
37478,test
37479,val
37480,val
37481,train
37482,val
37483,train
37484,val
37485,train
37488,train
37489,train
37490,train
37494,train
37495,train
37497,train
37498,train
37503,train
37506,val
37509,val
37511,train
37512,train
37513,train
37514,val
37515,train
37516,train
37517,train
37518,train
37519,train
37520,val
37521,train
37522,train
37523,train
37524,train
37525,train
37526,val
37527,train
37528,train
37529,train
37531,train
37532,test
37533,train
37534,train
37537,train
37538,train
37539,test
37540,train
37541,train
37542,train
37543,train
37544,test
37545,train
37547,val
37549,train
37550,train
37551,val
37555,test
37556,train
37557,val
37558,train
37559,val
37560,train
37561,train
37562,train
37563,train
37564,test
37565,train
37566,val
37567,test
37568,val
37569,train
37570,test
37571,val
37574,train
37575,train
37576,val
37577,test
37578,train
37579,val
37580,test
37581,val
37582,train
37583,train
37584,test
37585,train
37586,train
37587,train
37588,val
37590,train
37593,val
37594,train
37595,val
37596,test
37597,val
37598,train
37599,val
37600,val
37601,val
37602,train
37603,val
37607,val
37608,train
37610,train
37611,train
37613,val
37620,train
37621,val
37622,val
37623,train
37624,train
37625,val
37626,train
37627,val
37628,train
37629,train
37630,train
37632,train
37633,val
37634,train
37636,train
37637,train
37638,train
37639,train
37640,test
37646,train
37650,test
37652,test
37653,train
37654,train
37655,train
37656,train
37657,val
37658,val
37671,train
37672,train
37673,train
37674,train
37675,train
37676,train
37677,train
37679,train
37680,train
37681,test
37682,train
37683,train
37684,train
37685,train
37686,val
37687,train
37688,val
37689,train
37690,train
37691,train
37692,train
37693,val
37694,train
37695,train
37696,train
37697,train
37698,train
37699,train
37700,train
37701,val
37704,train
37706,train
37708,train
37709,train
37710,test
37712,train
37713,train
37714,train
37715,train
37716,val
37717,test
37718,train
37719,train
37720,train
37721,test
37722,train
37723,val
37724,train
37725,train
37726,train
37727,val
37728,test
37729,test
37730,val
37731,train
37732,train
37733,train
37734,train
37735,train
37736,test
37737,train
37738,train
37739,train
37740,train
37741,val
37742,train
37743,test
37744,val
37745,train
37746,test
37747,train
37748,train
37749,train
37750,train
37751,train
37753,val
37754,train
37757,train
37758,val
37759,test
37760,test
37761,train
37763,train
37764,val
37765,train
37766,train
37767,train
37768,train
37769,val
37770,train
37771,train
37772,train
37773,train
37774,train
37775,train
37776,train
37777,train
37778,train
37779,train
37780,train
37781,train
37782,train
37783,train
37784,train
37785,train
37786,train
37787,train
37788,test
37789,test
37790,train
37791,train
37792,train
37793,train
37794,val
37795,train
37796,train
37797,train
37798,train
37800,train
37801,val
37802,val
37803,train
37804,train
37805,train
37808,test
37809,train
37810,train
37811,val
37812,train
37813,train
37847,train
37848,test
37849,train
37850,test
37854,val
37856,test
37857,val
37858,test
37859,val
37861,train
37863,test
37864,test
37866,train
37867,test
37870,test
37871,test
37872,test
37873,test
37874,train
37876,train
37877,train
37878,val
37879,train
37880,train
37881,train
37882,train
37883,train
37884,train
37885,train
37886,train
37887,test
37888,train
37889,train
37890,train
37891,train
37892,test
37893,train
37894,val
37895,train
37896,train
37899,train
37901,train
37902,train
37903,train
37904,train
37905,train
37906,test
37907,test
37908,train
37909,val
37910,train
37911,train
37912,train
37913,train
37916,train
37918,train
37919,train
37923,test
37925,train
37926,train
37927,test
37929,train
37930,train
37931,train
37932,train
37933,train
37934,test
37935,train
37936,train
37937,train
37938,test
37939,train
37940,train
37941,train
37943,train
37944,train
37945,test
37946,train
37947,test
37948,val
37949,train
37950,train
37951,train
37952,train
37955,val
37956,test
37957,test
37958,train
37959,val
37960,train
37961,train
37962,train
37963,train
37964,test
37965,train
37966,train
37967,train
37968,train
37969,train
37970,train
37971,test
37972,train
37973,val
37974,test
37975,train
37977,train
37981,train
37982,train
37984,val
37986,train
37989,test
37990,test
37992,train
37993,train
37994,val
37995,train
37996,train
37997,val
37998,test
38000,test
38003,train
38004,test
38005,train
38006,train
38007,train
38008,train
38009,test
38010,val
38011,train
38012,test
38013,train
38014,train
38015,train
38016,train
38017,test
38018,train
38019,train
38020,train
38021,train
38022,train
38023,train
38024,train
38025,train
38026,train
38027,train
38028,train
38029,train
38030,train
38031,train
38032,test
38033,train
38034,train
38035,test
38037,val
38038,test
38039,train
38040,train
38041,train
38042,test
38043,train
38044,train
38045,train
38046,train
38047,train
38048,train
38049,train
38050,train
38051,train
38052,train
38053,train
38054,train
38055,train
38086,train
38121,test
38122,val
38125,train
38126,train
38127,train
38128,train
38129,val
38130,train
38131,test
38132,train
38133,train
38134,train
38135,train
38136,train
38137,train
38138,train
38139,train
38140,val
38141,train
38142,train
38143,train
38144,test
38145,val
38146,train
38147,train
38148,train
38149,train
38150,train
38151,val
38152,train
38153,train
38154,train
38155,train
38156,train
38157,train
38158,test
38159,test
38160,train
38161,test
38162,test
38163,train
38164,train
38165,test
38166,test
38167,test
38168,test
38169,test
38170,test
38171,test
38172,train
38173,test
38174,test
38175,test
38176,train
38177,train
38178,test
38179,test
38180,test
38181,test
38182,test
38183,test
38184,test
38185,test
38186,test
38187,test
38188,test
38189,train
38190,train
38191,train
38192,train
38193,train
38194,train
38195,train
38196,train
38197,train
38198,train
38199,train
38200,train
38201,train
38202,train
38203,train
38204,train
38205,train
38206,train
38207,train
38208,train
38209,train
38210,train
38211,train
38212,train
38213,train
38214,train
38215,train
38216,train
38217,train
38218,train
38219,train
38220,train
38221,train
38222,train
38223,train
38224,train
38225,train
38226,train
38227,train
38228,train
38229,train
38230,train
38231,train
38232,train
38233,train
38234,train
38235,train
38236,train
38237,train
38238,train
38239,train
38240,train
38241,train
38242,train
38243,train
38246,val
38247,train
38248,val
38249,train
38282,train
38283,train
38284,train
38285,train
38286,val
38287,train
38288,train
38289,train
38290,train
38291,train
38292,val
38293,val
38295,val
38296,val
38297,train
38298,val
38299,val
38300,val
38301,train
38302,val
38303,val
38304,train
38305,train
38306,train
38307,train
38308,train
38309,train
38310,train
38311,train
38312,train
38313,test
38314,train
38315,train
38316,train
38317,train
38318,train
38319,train
38320,test
38321,train
38322,train
38323,train
38324,val
38325,train
38326,test
38327,train
38328,test
38329,train
38330,train
38331,val
38332,test
38333,train
38334,train
38335,train
38336,train
38337,train
38340,train
38342,test
38343,train
38344,train
38345,test
38346,train
38347,val
38357,train
38358,train
38359,train
38360,train
38361,train
38362,train
38363,train
38364,train
38365,train
38366,train
38367,test
38368,train
38369,test
38370,train
38371,test
38372,train
38373,train
38374,test
38375,train
38376,test
38377,train
38378,test
38379,train
38380,test
38381,train
38382,train
38383,train
38384,test
38385,test
38386,test
38389,train
38390,train
38392,train
38396,train
38397,train
38399,train
38400,val
38401,train
38402,val
38403,train
38404,train
38405,train
38406,train
38407,train
38408,train
38409,train
38410,train
38411,train
38412,val
38413,test
38414,val
38415,train
38416,train
38417,val
38418,val
38419,val
38420,train
38421,train
38422,train
38423,val
38424,train
38425,val
38426,train
38427,test
38428,train
38429,train
38430,train
38431,train
38432,val
38433,val
38434,train
38435,test
38436,train
38437,train
38438,train
38439,train
38440,train
38441,train
38442,train
38443,train
38444,val
38445,test
38446,train
38447,train
38448,train
38449,train
38450,train
38451,train
38452,train
38453,train
38454,test
38455,train
38456,train
38457,test
38458,train
38459,train
38460,train
38461,train
38462,val
38463,train
38464,train
38465,test
38466,train
38467,val
38468,train
38469,train
38470,val
38471,val
38472,train
38473,test
38474,train
38475,train
38476,val
38477,train
38478,train
38479,train
38480,test
38481,train
38482,val
38483,test
38484,test
38485,train
38486,train
38487,train
38488,train
38489,val
38490,train
38491,val
38492,train
38493,train
38494,train
38496,train
38497,train
38500,train
38501,test
38502,train
38503,test
38504,train
38505,val
38506,train
38521,train
38522,train
38523,train
38524,train
38525,train
38526,train
38527,train
38528,train
38529,train
38530,train
38531,train
38532,train
38533,test
38534,train
38535,test
38536,test
38537,train
38538,train
38539,train
38540,train
38541,train
38542,train
38543,test
38544,train
38545,train
38546,train
38547,val
38548,train
38549,val
38550,val
38551,val
38552,train
38557,train
38558,test
38559,train
38560,train
38561,train
38562,train
38563,train
38564,train
38565,train
38566,test
38567,train
38568,train
38569,train
38570,val
38571,train
38572,train
38573,train
38574,train
38575,train
38576,train
38577,train
38578,train
38579,train
38580,train
38581,train
38582,train
38583,val
38584,train
38585,train
38586,test
38587,val
38588,train
38589,train
38590,train
38591,train
38592,test
38593,train
38594,train
38595,train
38596,train
38597,train
38598,train
38599,train
38600,train
38601,test
38602,train
38603,test
38604,train
38605,val
38606,val
38607,val
38608,train
38609,train
38610,train
38611,train
38612,val
38613,train
38614,train
38615,train
38616,test
38617,train
38618,train
38619,train
38620,train
38621,train
38622,train
38623,train
38624,test
38625,train
38626,val
38627,train
38628,train
38629,train
38630,train
38631,train
38632,train
38633,train
38634,train
38635,train
38636,train
38637,train
38638,train
38639,val
38640,train
38641,train
38642,val
38643,train
38644,train
38645,train
38646,train
38647,train
38648,train
38649,train
38650,test
38651,val
38652,train
38653,train
38654,train
38655,train
38656,train
38657,train
38658,train
38659,train
38660,val
38661,test
38662,train
38663,train
38664,test
38665,val
38666,train
38667,train
38668,train
38669,train
38670,train
38671,train
38673,train
38674,val
38675,test
38676,val
38677,train
38678,train
38679,train
38680,test
38681,test
38682,train
38683,train
38687,val
38688,train
38689,val
38691,test
38692,train
38696,train
38717,val
38722,test
38735,train
38736,train
38737,train
38738,train
38739,val
38740,train
38741,train
38742,train
38743,train
38744,test
38745,train
38746,train
38747,train
38748,val
38749,test
38750,train
38751,val
38752,train
38753,test
38754,train
38755,train
38756,train
38757,test
38758,val
38759,train
38760,train
38761,train
38762,train
38765,val
38766,val
38767,val
38768,train
38769,train
38770,train
38771,val
38772,train
38774,train
38775,test
38776,val
38777,val
38779,train
38780,train
38781,train
38783,train
38784,train
38785,train
38786,train
38787,train
38788,test
38789,train
38791,train
38792,train
38793,train
38794,train
38795,train
38796,test
38798,train
38803,train
38804,train
38805,train
38806,train
38808,val
38810,train
38811,train
38812,train
38814,train
38815,train
38818,train
38822,val
38823,train
38825,train
38828,train
38830,test
38832,test
38833,train
38835,val
38836,train
38837,val
38838,train
38839,val
38840,train
38841,train
38842,train
38843,train
38844,train
38845,train
38846,train
38847,train
38848,train
38850,val
38856,test
38863,val
38864,train
38866,train
38868,test
38884,train
38900,test
38905,train
38907,train
38922,val
38930,val
38931,val
38932,train
38933,train
38934,train
38935,train
38936,train
38937,train
38938,train
38939,train
38940,train
38941,train
38942,train
38943,train
38944,val
38945,val
38946,train
38947,train
38948,train
38949,train
38950,test
38952,train
38953,train
38954,val
38955,val
38956,test
38957,test
38958,test
38959,test
38960,train
38961,train
38962,train
38963,val
38964,train
38965,train
38966,test
38967,test
38968,train
38970,train
38971,test
38973,val
38974,test
38976,test
38978,val
38979,val
38980,test
38981,train
38982,train
38983,val
38984,train
38985,val
38986,test
38987,train
38988,test
38989,train
38991,train
38992,train
38993,train
38994,train
38995,train
38996,train
38997,test
38998,train
38999,train
39001,val
39002,val
39003,val
39005,train
39009,train
39010,train
39011,train
39012,train
39013,train
39014,train
39015,test
39016,test
39017,train
39018,train
39019,test
39020,val
39021,train
39022,train
39023,train
39024,train
39025,train
39026,train
39027,train
39028,val
39029,train
39030,train
39031,test
39032,train
39033,train
39034,train
39035,train
39036,train
39037,train
39038,test
39039,test
39040,train
39041,train
39043,train
39054,val
39056,train
39057,val
39058,val
39059,val
39062,test
39063,val
39064,train
39067,test
39071,train
39074,train
39076,train
39080,val
39092,train
39103,test
39104,train
39113,train
39117,train
39118,val
39119,val
39120,train
39121,train
39122,val
39123,train
39124,train
39125,test
39126,train
39127,train
39128,train
39129,val
39130,test
39131,train
39132,test
39133,val
39134,val
39135,train
39136,val
39137,test
39138,train
39139,train
39140,train
39141,train
39142,train
39143,train
39144,test
39145,val
39146,test
39147,train
39149,train
39150,train
39151,train
39152,train
39153,test
39154,test
39155,train
39156,test
39157,test
39158,train
39159,train
39160,train
39161,test
39162,test
39163,val
39164,train
39165,test
39166,train
39167,test
39168,val
39169,train
39170,test
39171,train
39172,train
39173,train
39174,test
39175,train
39176,train
39177,test
39178,train
39179,train
39180,test
39181,train
39182,test
39183,train
39184,train
39185,test
39186,train
39187,train
39188,test
39189,train
39190,train
39191,val
39192,train
39193,train
39194,train
39195,val
39196,train
39197,val
39198,test
39199,train
39200,train
39201,train
39202,train
39203,train
39204,val
39205,train
39206,train
39207,test
39208,train
39209,train
39210,train
39211,train
39212,train
39213,train
39214,train
39215,test
39216,test
39217,train
39218,train
39219,train
39220,train
39221,val
39222,train
39223,val
39224,train
39225,train
39226,train
39227,train
39228,train
39229,train
39230,test
39231,train
39232,train
39233,val
39234,train
39235,train
39236,train
39237,test
39238,test
39239,train
39240,test
39241,train
39242,test
39245,test
39247,test
39248,train
39249,test
39251,val
39252,val
39253,train
39254,train
39255,train
39256,train
39257,train
39258,train
39259,val
39260,val
39261,val
39262,train
39263,train
39264,train
39265,train
39266,train
39267,val
39268,train
39269,val
39270,val
39272,train
39273,val
39274,train
39275,train
39276,train
39277,train
39278,test
39280,train
39281,test
39282,train
39283,val
39284,val
39285,val
39286,train
39287,val
39288,train
39289,val
39290,test
39291,val
39292,val
39293,train
39294,val
39295,train
39296,train
39297,val
39298,train
39299,train
39300,test
39301,test
39302,train
39303,val
39304,train
39305,val
39306,train
39307,val
39309,test
39310,train
39311,train
39314,train
39315,train
39316,train
39317,train
39318,train
39319,train
39320,train
39321,train
39322,train
39323,val
39324,val
39325,train
39326,train
39327,val
39328,train
39329,train
39330,train
39331,train
39332,train
39333,train
39334,train
39337,train
39338,train
39339,val
39340,train
39341,test
39342,val
39344,train
39345,train
39347,val
39353,val
39355,val
39360,train
39361,train
39362,train
39363,train
39364,train
39365,test
39366,val
39368,val
39370,train
39371,train
39374,test
39375,train
39376,test
39377,train
39379,train
39380,train
39381,val
39382,test
39384,test
39385,train
39386,train
39387,test
39388,train
39394,train
39396,test
39397,train
39398,train
39399,train
39405,train
39412,train
39414,train
39424,val
39444,train
39447,test
39448,test
39449,test
39450,test
39451,val
39452,val
39453,val
39454,train
39455,val
39456,train
39457,val
39458,test
39459,test
39460,train
39461,train
39462,train
39463,train
39464,val
39465,train
39466,train
39467,train
39468,train
39469,test
39470,train
39471,train
39472,val
39473,test
39474,train
39475,train
39477,train
39478,train
39479,val
39480,train
39481,train
39482,test
39483,val
39484,test
39485,train
39486,test
39487,train
39488,train
39489,train
39490,train
39491,val
39492,train
39493,train
39495,train
39496,train
39499,test
39500,train
39502,val
39503,train
39504,test
39505,test
39506,train
39507,train
39508,val
39509,val
39510,val
39511,test
39512,val
39513,train
39514,train
39515,train
39516,val
39517,train
39518,train
39519,train
39520,train
39521,val
39522,train
39523,train
39524,train
39525,train
39526,train
39527,train
39530,train
39532,train
39533,train
39534,train
39535,train
39537,train
39539,train
39540,train
39541,val
39542,train
39543,train
39544,train
39545,train
39546,test
39547,train
39549,train
39551,val
39553,val
39557,train
39558,train
39559,train
39560,train
39561,train
39562,train
39563,train
39564,train
39565,test
39566,test
39567,train
39568,train
39569,test
39570,train
39571,test
39572,train
39573,train
39574,train
39575,train
39576,test
39577,train
39578,test
39579,train
39580,test
39581,val
39582,test
39583,val
39584,train
39585,test
39586,val
39587,test
39588,val
39589,train
39590,val
39591,val
39592,train
39593,train
39594,train
39595,train
39596,train
39597,val
39598,test
39599,train
39600,val
39601,train
39602,val
39603,train
39604,test
39605,val
39606,train
39607,val
39608,train
39609,train
39610,train
39611,train
39612,train
39613,train
39614,val
39616,train
39617,train
39618,test
39619,train
39620,train
39621,test
39622,test
39623,test
39624,test
39625,train
39626,val
39627,train
39628,train
39629,train
39630,train
39631,test
39632,train
39633,train
39634,train
39635,train
39636,train
39637,train
39638,train
39639,train
39640,train
39641,train
39642,train
39643,train
39644,train
39645,train
39646,train
39647,test
39651,train
39652,train
39653,train
39654,train
39655,train
39656,train
39657,train
39658,train
39659,train
39660,train
39661,train
39662,train
39663,train
39664,train
39665,train
39666,train
39667,train
39668,train
39669,train
39670,train
39671,train
39672,train
39673,train
39674,train
39675,train
39676,train
39677,train
39678,train
39682,train
39683,train
39684,train
39685,train
39686,train
39687,train
39697,train
39698,train
39701,train
39709,train
39710,train
39711,train
39712,train
39713,train
39714,train
39715,train
39716,train
39717,train
39718,test
39719,test
39720,train
39721,train
39722,train
39723,train
39724,test
39725,train
39726,val
39727,train
39728,train
39729,val
39730,train
39731,train
39732,train
39733,test
39734,train
39735,train
39737,train
39738,train
39739,train
39740,train
39741,train
39742,test
39743,train
39744,train
39745,train
39746,train
39749,train
39750,train
39752,test
39753,test
39754,train
39755,train
39756,test
39758,train
39759,train
39760,train
39761,val
39762,val
39763,val
39764,train
39765,train
39769,train
39770,val
39771,val
39773,train
39775,train
39776,val
39777,train
39780,train
39781,val
39782,val
39783,train
39784,train
39785,train
39786,train
39788,train
39790,train
39792,train
39793,val
39794,val
39795,train
39797,train
39798,train
39800,train
39801,train
39802,train
39803,train
39804,test
39805,train
39806,train
39807,test
39808,train
39809,train
39810,train
39811,test
39812,train
39813,train
39814,train
39815,train
39816,train
39817,train
39818,train
39819,train
39820,train
39821,train
39822,train
39823,train
39824,train
39825,train
39826,train
39827,train
39828,train
39829,train
39830,train
39831,train
39834,train
39835,train
39836,train
39837,train
39838,train
39839,train
39840,val
39841,val
39843,train
39844,train
39845,test
39846,test
39847,train
39849,train
39851,train
39852,train
39853,train
39854,train
39855,train
39856,train
39857,train
39858,val
39859,val
39860,train
39861,train
39862,test
39863,test
39864,train
39865,train
39867,test
39868,test
39869,train
39870,train
39871,train
39872,val
39873,train
39874,train
39875,train
39876,val
39877,train
39878,train
39879,train
39880,train
39881,train
39882,train
39883,train
39884,train
39885,train
39886,val
39887,train
39888,train
39889,train
39890,train
39891,train
39892,val
39893,test
39894,train
39895,test
39896,train
39897,train
39898,test
39899,train
39900,val
39901,train
39902,train
39903,val
39904,test
39906,val
39907,test
39909,val
39910,train
39914,train
39917,test
39920,train
39921,train
39922,val
39925,test
39926,test
39927,train
39930,test
39931,test
39932,val
39935,test
39936,train
39937,train
39938,val
39939,train
39940,train
39941,val
39942,train
39943,val
39944,train
39945,train
39946,train
39947,train
39948,train
39949,test
39950,train
39951,val
39952,train
39953,train
39954,test
39955,val
39956,train
39957,train
39958,train
39959,train
39960,test
39961,test
39963,train
39964,train
39965,train
39966,train
39967,train
39968,train
39969,train
39970,train
39971,train
39972,train
39973,train
39974,train
39975,train
39976,train
39977,train
39978,test
39979,test
39980,train
39981,train
39982,train
39983,train
39984,test
39985,train
39986,train
39987,train
39988,train
39989,test
39990,train
39991,train
39992,train
39993,train
39994,train
39995,val
39996,val
39997,val
39998,train
39999,val
40000,val
40001,val
40002,train
40003,val
40004,val
40005,val
40006,val
40007,train
40008,val
40009,train
40010,val
40011,train
40012,train
40013,val
40015,train
40016,val
40017,train
40018,train
40019,test
40020,test
40021,test
40022,train
40023,train
40024,train
40025,train
40026,val
40027,test
40028,test
40029,val
40030,train
40033,test
40034,train
40035,val
40036,val
40037,train
40038,train
40039,train
40040,train
40043,train
40044,train
40046,train
40047,train
40050,train
40051,train
40055,train
40057,train
40059,train
40060,train
40062,train
40063,train
40064,train
40065,train
40066,train
40067,train
40068,val
40070,val
40071,train
40074,train
40075,train
40078,val
40080,test
40081,train
40082,train
40083,train
40084,train
40085,train
40087,test
40089,train
40091,train
40092,val
40093,test
40094,train
40095,val
40096,test
40097,test
40098,val
40099,test
40100,train
40101,val
40103,val
40104,val
40105,train
40106,train
40107,train
40108,val
40109,test
40110,train
40111,test
40112,test
40113,train
40118,train
40119,val
40120,train
40121,train
40122,train
40124,train
40125,val
40126,train
40127,train
40128,train
40129,val
40130,train
40131,val
40132,train
40133,test
40134,train
40135,train
40136,train
40137,test
40138,train
40139,test
40140,val
40141,train
40142,train
40143,train
40144,train
40145,test
40146,train
40147,train
40148,train
40149,train
40150,train
40151,train
40152,train
40153,train
40154,train
40155,test
40156,train
40158,val
40159,train
40160,val
40161,test
40162,val
40163,train
40164,train
40165,val
40166,train
40167,val
40168,train
40169,train
40170,train
40171,train
40172,train
40173,train
40174,train
40175,train
40176,train
40177,train
40178,test
40179,train
40180,train
40181,train
40182,train
40183,train
40184,train
40185,train
40186,train
40187,train
40190,train
40194,train
40195,test
40196,train
40197,train
40198,test
40203,train
40206,test
40210,test
40216,train
40219,train
40220,train
40221,train
40223,train
40224,test
40227,train
40230,train
40232,train
40234,test
40237,train
40238,train
40239,train
40245,train
40254,val
40255,train
40256,train
40258,train
40260,train
40261,train
40262,train
40264,train
40265,val
40266,train
40267,train
40269,train
40270,train
40271,train
40272,train
40274,train
40275,train
40276,train
40278,train
40280,val
40281,train
40282,train
40284,train
40285,train
40286,train
40287,train
40288,test
40289,train
40290,train
40291,train
40292,train
40293,train
40294,train
40295,train
40300,train
40301,train
40302,train
40303,val
40304,train
40305,train
40306,train
40307,train
40308,train
40309,train
40310,train
40311,train
40312,train
40313,train
40314,test
40315,train
40316,val
40317,test
40318,train
40319,train
40320,train
40321,test
40322,test
40323,val
40325,train
40326,train
40352,test
40359,train
40364,train
40371,train
40373,train
40375,val
40376,train
40381,train
40382,train
40383,train
40385,train
40387,train
40388,train
40389,val
40390,train
40394,train
40395,test
40396,test
40398,train
40400,test
40402,val
40403,train
40404,test
40405,test
40406,train
40407,train
40408,train
40409,val
40410,train
40411,train
40412,test
40413,train
40415,train
40416,train
40417,test
40418,train
40419,train
40420,val
40421,train
40422,val
40423,train
40424,train
40426,train
40427,train
40428,train
40429,train
40430,train
40431,train
40432,train
40433,train
40434,train
40435,train
40436,train
40437,train
40442,train
40447,train
40448,train
40449,train
40450,train
40451,train
40452,train
40453,train
40454,train
40455,train
40456,train
40457,train
40458,train
40459,test
40460,train
40464,train
40466,val
40467,val
40468,val
40472,train
40473,train
40478,train
40480,train
40481,train
40482,train
40483,train
40485,train
40486,val
40487,train
40493,val
40494,train
40495,train
40496,train
40498,train
40499,train
40500,train
40501,train
40502,train
40503,train
40504,train
40505,train
40506,train
40507,train
40510,test
40511,train
40512,train
40513,train
40514,train
40515,test
40516,train
40517,test
40519,val
40520,test
40521,test
40522,train
40523,train
40524,val
40525,val
40526,train
40527,train
40528,train
40529,train
40530,train
40531,train
40532,train
40533,train
40534,train
40535,train
40536,train
40537,train
40538,train
40539,train
40540,train
40541,train
40542,train
40543,train
40544,train
40545,train
40546,train
40547,val
40548,train
40549,train
40551,train
40552,train
40553,train
40554,train
40556,train
40557,train
40558,test
40559,train
40560,train
40561,test
40562,train
40563,train
40564,train
40565,train
40566,val
40567,train
40568,train
40569,train
40570,test
40571,train
40572,test
40573,train
40574,train
40575,train
40576,train
40577,test
40578,train
40579,train
40580,train
40581,val
40582,train
40583,val
40584,test
40585,train
40586,val
40587,train
40588,train
40589,train
40590,train
40591,train
40592,train
40593,train
40594,train
40595,test
40596,train
40597,train
40598,train
40599,train
40600,train
40601,train
40602,test
40603,train
40604,test
40605,train
40606,train
40607,val
40608,val
40609,train
40610,train
40611,test
40612,test
40613,train
40614,val
40615,train
40616,train
40617,test
40618,train
40619,val
40620,train
40621,val
40622,train
40623,val
40624,train
40625,train
40626,train
40627,train
40629,train
40630,train
40631,train
40632,val
40633,train
40634,val
40636,test
40637,test
40638,val
40639,train
40640,train
40641,test
40642,train
40643,val
40644,train
40645,test
40646,test
40647,train
40648,train
40649,train
40650,test
40651,train
40652,train
40653,test
40654,train
40655,test
40656,val
40657,test
40658,test
40659,test
40660,test
40661,test
40662,train
40663,test
40664,val
40665,val
40666,train
40667,test
40668,train
40669,train
40670,val
40671,train
40672,train
40674,train
40675,train
40680,train
40683,test
40686,train
40687,train
40688,train
40689,train
40690,train
40691,train
40692,train
40693,train
40694,train
40695,test
40696,test
40697,train
40698,train
40737,val
40738,val
40739,train
40740,train
40741,val
40742,train
40743,val
40744,train
40745,train
40746,train
40747,train
40748,val
40749,train
40750,train
40751,train
40752,train
40753,train
40754,train
40755,train
40756,train
40757,train
40758,val
40759,train
40760,train
40761,test
40762,train
40763,val
40764,train
40765,train
40766,test
40767,train
40768,train
40769,test
40771,train
40772,train
40773,train
40774,test
40775,train
40776,val
40777,train
40778,val
40779,train
40780,train
40781,train
40782,val
40783,val
40784,train
40785,train
40786,train
40787,train
40788,train
40789,train
40790,train
40791,train
40792,test
40793,test
40826,train
40922,train
40923,train
40924,train
40925,train
40926,train
40927,train
40928,train
40929,train
40930,train
40931,train
40932,train
40933,train
40934,train
40935,train
40938,train
40941,train
40943,train
40944,train
40945,train
40946,train
40947,val
40948,train
40949,train
40950,val
40951,val
40952,test
40953,train
40954,train
40955,train
40956,val
40957,test
40958,val
40960,train
40969,val
40970,train
40971,train
40972,val
40974,train
40975,train
40977,train
40978,test
40979,train
40980,train
40982,val
40983,train
40984,train
40985,train
40986,train
40987,train
40988,train
40989,train
40990,train
40991,val
40992,val
40993,train
40995,train
40996,train
40997,train
40998,train
40999,train
41000,test
41001,test
41002,val
41003,val
41004,train
41005,train
41006,train
41007,train
41008,test
41009,test
41010,test
41011,train
41012,train
41016,train
41018,train
41022,train
41023,train
41026,train
41027,train
41028,test
41029,train
41030,train
41031,train
41034,train
41035,val
41036,test
41038,train
41041,test
41043,train
41044,test
41047,train
41048,test
41049,test
41050,train
41074,val
41077,train
41078,train
41079,train
41080,train
41098,train
41106,train
41131,train
41134,train
41140,train
41141,val
41144,test
41152,train
41153,train
41154,train
41159,train
41161,test
41162,train
41163,test
41172,val
41180,test
41194,train
41208,train
41209,train
41210,train
41211,train
41212,train
41213,train
41215,test
41219,train
41220,test
41221,train
41222,train
41227,train
41231,train
41232,train
41233,train
41234,train
41236,test
41237,train
41238,train
41239,train
41240,train
41241,test
41242,val
41243,train
41244,train
41245,test
41246,train
41247,train
41248,train
41249,train
41250,test
41251,test
41252,train
41253,test
41254,train
41255,train
41256,test
41258,train
41259,train
41260,val
41261,val
41262,val
41263,train
41264,train
41265,val
41266,val
41267,train
41268,train
41269,val
41270,val
41271,test
41272,test
41273,val
41274,train
41275,train
41276,train
41277,train
41278,train
41279,train
41298,val
41299,train
41300,train
41301,test
41302,train
41303,test
41304,val
41305,test
41307,train
41309,train
41310,train
41311,train
41312,val
41313,train
41314,train
41315,train
41316,test
41317,val
41320,train
41322,train
41324,val
41327,val
41328,train
41330,test
41331,train
41332,test
41346,train
41347,train
41348,val
41349,train
41350,train
41352,train
41353,train
41354,train
41355,train
41356,train
41357,train
41358,train
41359,train
41360,train
41361,test
41376,train
41377,train
41378,train
41379,train
41380,val
41381,train
41382,val
41383,train
41384,val
41385,train
41386,train
41387,val
41388,val
41391,train
41392,train
41393,val
41395,train
41396,test
41397,val
41398,val
41400,train
41401,test
41402,val
41403,train
41404,test
41405,train
41406,val
41407,train
41408,train
41411,train
41424,train
41426,train
41427,val
41433,val
41434,train
41435,train
41436,train
41437,train
41438,train
41439,val
41440,train
41441,val
41442,train
41443,train
41444,train
41445,train
41446,train
41447,train
41448,train
41449,train
41450,train
41451,train
41452,train
41453,train
41454,train
41455,train
41456,train
41457,val
41458,train
41459,test
41460,train
41466,train
41467,test
41468,val
41469,val
41470,test
41471,train
41472,train
41473,train
41474,test
41475,val
41476,train
41477,train
41478,val
41486,train
41495,val
41508,val
41511,train
41512,train
41513,train
41517,train
41518,train
41519,train
41520,train
41521,val
41522,val
41523,val
41525,val
41527,train
41528,train
41529,train
41530,train
41531,train
41532,train
41533,test
41535,train
41536,train
41551,train
41552,train
41558,train
41563,val
41565,test
41570,train
41571,train
41583,train
41585,train
41586,train
41587,train
41588,val
41589,val
41590,train
41591,train
41592,train
41593,train
41594,test
41595,train
41596,train
41597,val
41598,train
41599,val
41601,train
41602,test
41603,train
41605,train
41606,val
41607,train
41608,val
41609,train
41610,train
41611,train
41620,test
41625,train
41629,train
41636,train
41637,train
41653,val
41654,train
41660,val
41661,val
41665,train
41666,train
41667,train
41668,train
41669,train
41670,test
41671,val
41672,train
41673,val
41674,val
41675,train
41676,train
41677,train
41678,train
41679,train
41680,test
41681,train
41682,train
41683,train
41684,train
41685,train
41686,test
41687,train
41688,train
41689,val
41691,train
41692,val
41693,train
41694,test
41695,train
41696,train
41697,train
41698,train
41699,train
41700,train
41701,train
41702,train
41703,test
41704,train
41705,val
41706,train
41707,train
41708,train
41709,train
41710,val
41712,test
41713,train
41714,val
41715,train
41716,train
41717,val
41718,train
41719,train
41720,train
41721,train
41722,train
41723,train
41724,train
41725,train
41726,train
41727,train
41728,train
41729,train
41730,train
41731,val
41733,train
41734,train
41735,train
41736,test
41737,train
41738,train
41739,train
41740,val
41741,test
41742,val
41743,test
41744,val
41745,test
41747,val
41748,test
41750,train
41751,train
41752,train
41753,train
41754,test
41755,val
41756,train
41757,train
41759,test
41760,train
41761,train
41762,val
41763,train
41764,test
41765,test
41766,train
41767,test
41768,train
41769,val
41770,train
41771,val
41772,train
41773,train
41774,train
41775,train
41776,train
41777,train
41778,train
41779,train
41780,train
41781,test
41782,test
41783,train
41784,test
41785,train
41786,val
41787,train
41788,train
41789,train
41790,train
41791,train
41792,test
41793,train
41794,test
41795,train
41796,val
41797,train
41798,train
41799,train
41800,train
41811,val
41814,train
41819,train
41821,val
41822,train
41824,train
41825,train
41827,train
41828,val
41829,train
41830,train
41831,val
41832,test
41833,train
41834,train
41836,train
41837,train
41838,train
41839,train
41840,train
41841,train
41842,train
41843,train
41844,train
41845,train
41846,train
41847,val
41848,train
41849,train
41850,train
41851,train
41852,train
41854,test
41855,train
41857,val
41858,test
41859,train
41861,train
41862,test
41863,train
41864,test
41865,train
41866,train
41867,val
41868,train
41869,val
41870,train
41871,test
41872,train
41873,test
41874,val
41875,test
41876,train
41877,test
41878,test
41879,val
41880,test
41888,train
41889,train
41890,train
41898,test
41899,train
41900,val
41901,test
41902,train
41903,train
41904,train
41905,train
41906,train
41907,train
41908,train
41909,train
41910,test
41912,train
41921,train
41938,train
41939,test
41940,val
41944,train
41945,train
41957,train
41958,train
41959,train
41960,train
41961,val
41962,val
41963,train
41965,train
41966,train
41967,train
41968,train
41969,train
41970,train
41971,val
41972,val
41973,train
41975,test
41976,test
41977,test
41979,test
41980,train
41981,train
41982,train
41983,train
41984,train
41985,train
41986,test
41987,train
41988,test
41989,test
41990,train
41991,train
41992,val
41993,val
41994,train
41995,train
41996,train
41997,train
41998,train
41999,train
42001,test
42002,test
42003,train
42004,train
42005,train
42006,train
42007,train
42010,test
42011,train
42013,test
42015,train
42016,train
42017,train
42019,train
42020,val
42021,val
42022,train
42023,train
42024,train
42025,val
42026,val
42027,train
42028,test
42029,train
42031,test
42033,train
42034,train
42035,val
42036,train
42037,train
42038,train
42039,train
42040,val
42041,train
42042,train
42043,train
42044,train
42045,train
42046,train
42049,train
42054,train
42056,test
42059,train
42060,train
42061,train
42062,val
42063,train
42064,train
42065,train
42066,train
42067,train
42068,train
42069,test
42070,train
42071,train
42072,val
42073,train
42074,train
42075,train
42076,train
42077,train
42078,train
42079,train
42080,train
42081,val
42082,train
42083,test
42084,test
42085,train
42086,train
42087,train
42088,train
42089,test
42090,train
42091,train
42092,test
42093,train
42094,val
42096,train
42097,train
42098,val
42102,train
42103,train
42104,train
42105,train
42106,train
42107,train
42108,test
42109,train
42110,train
42112,train
42113,test
42114,train
42115,val
42117,test
42118,train
42119,test
42120,train
42121,train
42122,train
42123,val
42124,val
42125,train
42126,train
42127,val
42128,test
42129,train
42130,test
42131,train
42132,train
42133,test
42134,train
42135,train
42136,train
42137,val
42138,train
42139,train
42140,train
42141,train
42142,test
42143,train
42144,train
42145,train
42146,train
42147,val
42148,test
42152,train
42153,val
42164,val
42165,train
42168,test
42171,train
42172,test
42173,train
42174,test
42175,val
42176,train
42177,train
42178,train
42181,train
42196,train
42197,test
42198,train
42199,train
42200,train
42201,train
42202,train
42203,val
42204,val
42205,train
42206,train
42207,train
42208,train
42209,train
42210,train
42211,train
42212,val
42213,train
42214,train
42215,train
42216,train
42217,train
42218,train
42220,train
42221,train
42222,train
42223,test
42224,train
42225,train
42226,train
42228,train
42229,test
42230,train
42231,train
42232,train
42233,train
42234,train
42235,train
42236,train
42237,train
42238,train
42239,train
42240,train
42241,train
42242,train
42244,train
42245,val
42247,train
42248,val
42249,train
42250,train
42251,train
42255,test
42256,train
42257,train
42258,train
42260,train
42261,train
42262,train
42263,train
42264,train
42265,train
42267,train
42268,train
42269,train
42270,test
42271,train
42272,train
42273,val
42274,train
42275,train
42276,train
42290,train
42308,train
42309,train
42313,val
42319,train
42320,test
42322,train
42323,test
42326,train
42327,train
42329,train
42330,train
42331,train
42348,train
42349,train
42350,train
42366,train
42380,test
42390,train
42391,train
42392,train
42393,test
42394,train
42395,train
42396,train
42397,train
42398,train
42399,train
42400,test
42401,train
42402,train
42407,train
42408,train
42409,train
42410,train
42411,train
42413,train
42414,train
42415,train
42416,train
42417,train
42418,train
42419,test
42422,train
42423,train
42424,train
42425,train
42426,train
42427,train
42428,train
42429,train
42430,train
42509,train
42510,train
42511,train
42512,train
42513,train
42514,train
42515,train
42516,train
42517,val
42518,train
42519,test
42520,train
42521,train
42522,val
42523,train
42524,val
42525,train
42527,train
42528,train
42529,train
42530,train
42531,train
42532,val
42533,train
42534,train
42535,train
42536,train
42537,train
42538,train
42539,train
42540,train
42541,train
42542,train
42543,train
42544,train
42545,val
42546,val
42547,train
42548,train
42549,train
42550,train
42551,train
42552,val
42553,train
42554,train
42555,train
42556,test
42557,train
42558,train
42559,train
42560,train
42561,val
42562,train
42563,test
42564,train
42565,test
42566,test
42582,train
42583,train
42584,val
42585,train
42586,val
42587,train
42589,test
42590,train
42591,train
42592,val
42594,train
42595,train
42598,test
42600,val
42601,train
42602,train
42603,train
42605,train
42606,train
42608,train
42609,train
42610,train
42611,train
42612,test
42613,test
42614,val
42615,val
42616,train
42617,train
42618,train
42619,val
42620,train
42621,train
42622,train
42623,train
42624,train
42625,train
42626,train
42628,train
42629,train
42631,train
42632,train
42633,train
42634,train
42635,train
42636,val
42637,val
42639,val
42640,train
42641,test
42642,test
42643,train
42644,train
42645,train
42646,test
42647,train
42648,val
42649,train
42650,train
42651,train
42652,train
42653,val
42654,train
42655,train
42656,train
42657,test
42658,train
42659,train
42660,train
42661,train
42662,train
42663,test
42664,train
42665,val
42666,train
42667,train
42668,train
42669,test
42670,train
42671,train
42672,train
42673,train
42674,train
42675,train
42676,train
42677,train
42678,train
42679,train
42680,train
42681,train
42682,train
42683,train
42684,train
42685,train
42686,train
42688,train
42689,train
42690,val
42691,train
42692,train
42693,train
42694,train
42695,test
42696,train
42697,test
42698,train
42699,train
42700,test
42701,train
42703,train
42705,train
42708,train
42713,train
42717,train
42718,train
42720,train
42722,val
42723,train
42724,train
42725,train
42727,test
42728,train
42729,train
42730,test
42731,train
42732,train
42733,train
42736,train
42737,train
42738,val
42740,train
42749,train
42750,test
42777,train
42778,val
42801,train
42802,val
42804,train
42805,val
42806,test
42807,train
42808,train
42809,train
42810,test
42811,train
42812,train
42813,train
42814,train
42815,train
42816,train
42817,test
42818,train
42819,train
42820,test
42821,train
42822,train
42823,train
42824,train
42825,val
42826,train
42827,val
42828,train
42829,train
42830,train
42831,val
42832,train
42833,test
42834,test
42835,train
42836,train
42837,test
42838,train
42839,train
42840,train
42841,train
42842,train
42843,train
42844,train
42845,train
42846,test
42847,train
42848,val
42849,train
42850,train
42851,train
42852,val
42853,train
42854,val
42855,test
42856,train
42857,train
42858,train
42859,test
42860,train
42861,train
42862,train
42863,train
42864,test
42865,test
42866,train
42867,train
42868,test
42869,train
42870,train
42871,train
42872,train
42873,train
42874,test
42875,train
42876,train
42877,test
42878,train
42879,train
42880,val
42881,train
42882,train
42883,test
42884,train
42885,train
42886,train
42887,train
42888,train
42889,train
42890,test
42891,val
42892,train
42893,train
42894,test
42895,test
42896,train
42897,train
42898,train
42899,test
42900,train
42901,val
42902,test
42903,train
42904,train
42905,test
42906,train
42907,train
42908,train
42909,test
42910,train
42911,train
42912,train
42913,train
42914,val
42915,test
42916,test
42917,test
42918,train
42919,train
42920,train
42921,train
42922,test
42923,train
42924,train
42925,train
42926,train
42927,train
42928,train
42929,val
42930,train
42931,train
42933,train
42934,train
42935,train
42936,train
42937,train
42938,train
42939,val
42940,test
42941,train
42942,train
42943,train
42944,val
42945,train
42946,val
42947,train
42948,train
42949,train
42950,train
42951,train
42952,train
42953,train
42954,train
42955,val
42956,train
42957,val
42958,train
42959,val
42960,val
42961,train
42962,val
42963,val
42964,train
42965,train
42966,train
42967,train
42969,train
42970,train
42971,val
42972,train
42973,test
42974,train
42975,val
42976,train
42977,val
42978,test
42979,train
42980,train
42981,train
42982,test
42983,train
42984,train
42985,train
42986,train
42987,train
42988,train
42989,train
42990,test
42991,test
42992,test
42993,train
42994,test
42995,train
42996,train
42997,train
42998,test
42999,train
43000,val
43001,train
43002,val
43003,train
43004,test
43005,train
43006,train
43007,test
43008,train
43009,train
43010,val
43011,test
43013,test
43014,train
43015,train
43020,train
43023,train
43025,train
43030,train
43032,train
43033,train
43034,train
43036,train
43037,val
43041,train
43042,train
43043,test
43044,val
43045,train
43046,train
43047,train
43049,train
43050,val
43051,train
43052,train
43053,train
43054,train
43055,train
43056,train
43059,train
43060,train
43061,train
43062,test
43063,test
43064,train
43065,train
43066,train
43067,train
43068,test
43069,test
43070,train
43071,train
43072,train
43073,test
43074,val
43075,train
43076,val
43077,train
43078,train
43079,test
43080,val
43081,train
43082,val
43083,test
43084,train
43085,test
43088,val
43089,train
43091,train
43092,test
43094,train
43098,train
43099,train
43100,train
43101,val
43102,train
43103,train
43104,train
43105,train
43106,train
43107,train
43109,val
43111,train
43113,train
43116,test
43119,val
43120,val
43122,train
43124,train
43125,test
43129,train
43130,train
43131,train
43132,train
43135,train
43137,train
43147,train
43148,test
43149,train
43150,train
43151,train
43152,train
43153,train
43154,train
43155,train
43156,train
43157,train
43158,train
43159,train
43160,train
43161,train
43162,train
43163,train
43164,train
43165,val
43166,train
43167,train
43168,train
43169,val
43170,train
43171,train
43172,train
43173,train
43174,test
43175,train
43176,train
43177,train
43178,test
43179,train
43180,train
43181,train
43182,train
43183,train
43184,test
43185,train
43186,test
43187,train
43188,val
43189,train
43190,train
43191,train
43192,train
43193,train
43194,train
43195,train
43196,train
43197,test
43198,train
43199,test
43200,train
43201,test
43202,test
43203,test
43204,train
43205,test
43206,train
43207,test
43208,test
43209,test
43210,test
43211,test
43212,train
43213,train
43214,train
43215,train
43216,train
43217,train
43218,train
43219,train
43220,val
43221,test
43222,train
43223,train
43224,train
43225,val
43226,test
43227,val
43228,train
43229,train
43230,train
43231,train
43232,train
43233,test
43234,test
43235,test
43236,train
43237,train
43239,train
43240,train
43241,train
43242,train
43246,val
43249,train
43252,train
43253,test
43254,train
43255,train
43256,train
43257,train
43258,train
43259,train
43260,train
43261,test
43262,test
43263,train
43264,train
43265,train
43266,train
43267,train
43268,train
43269,train
43270,train
43271,train
43273,train
43275,train
43277,train
43280,val
43281,train
43285,val
43286,train
43288,train
43289,val
43290,train
43291,train
43292,train
43293,train
43294,train
43297,train
43298,train
43299,val
43300,train
43301,train
43302,test
43303,train
43304,train
43305,train
43306,train
43307,train
43308,train
43309,train
43310,train
43311,train
43312,train
43313,train
43314,train
43315,train
43316,val
43317,train
43318,val
43319,train
43320,train
43321,test
43322,val
43323,val
43324,train
43325,test
43326,train
43327,train
43328,train
43329,train
43330,test
43331,train
43332,train
43333,train
43334,val
43335,val
43336,test
43337,val
43339,train
43340,train
43341,train
43342,train
43343,train
43345,train
43346,train
43348,train
43349,val
43350,val
43352,test
43353,val
43354,test
43355,train
43356,train
43357,train
43359,train
43360,train
43362,train
43363,train
43364,train
43365,train
43366,train
43367,train
43368,train
43369,train
43370,train
43371,train
43372,train
43373,train
43374,train
43375,train
43377,val
43378,train
43379,train
43380,train
43381,train
43382,train
43383,test
43384,train
43386,train
43387,train
43388,train
43389,train
43390,train
43391,train
43392,train
43393,train
43394,train
43395,train
43397,train
43398,val
43399,train
43400,train
43401,train
43402,train
43404,train
43405,train
43406,train
43411,val
43420,val
43421,train
43422,train
43432,train
43435,train
43437,val
43457,train
43460,val
43461,test
43462,test
43463,test
43464,train
43465,train
43466,train
43467,train
43468,train
43469,train
43470,train
43471,train
43472,train
43473,val
43474,val
43475,train
43476,val
43477,val
43478,train
43479,train
43480,val
43481,train
43482,val
43483,train
43484,train
43485,train
43486,val
43487,val
43488,train
43489,train
43490,train
43491,train
43492,train
43493,train
43494,test
43495,train
43496,train
43497,train
43498,test
43499,test
43500,train
43501,test
43502,test
43503,train
43504,train
43505,train
43506,test
43507,test
43508,train
43509,train
43510,train
43511,val
43512,train
43513,val
43514,val
43515,train
43516,train
43517,train
43518,train
43519,train
43520,train
43521,train
43522,train
43523,train
43524,train
43525,train
43526,train
43527,train
43528,train
43529,val
43530,train
43531,train
43532,train
43533,train
43534,val
43535,train
43536,val
43537,train
43538,test
43539,train
43540,train
43543,train
43544,val
43545,train
43546,train
43547,train
43548,train
43552,val
43553,train
43554,train
43555,train
43556,train
43557,train
43558,val
43559,train
43560,train
43561,train
43562,train
43563,val
43564,val
43565,train
43566,val
43567,train
43568,train
43569,train
43570,train
43571,val
43572,train
43573,train
43574,train
43575,train
43576,train
43577,train
43578,train
43579,train
43581,val
43582,val
43584,train
43585,train
43586,train
43587,train
43588,train
43589,val
43590,train
43592,test
43593,test
43598,train
43613,train
43614,train
43615,train
43616,train
43617,train
43618,train
43619,train
43620,train
43621,train
43622,train
43623,train
43624,train
43625,test
43627,test
43628,test
43629,train
43630,train
43631,train
43632,train
43633,test
43634,train
43635,val
43636,train
43637,val
43638,train
43639,train
43640,train
43641,test
43642,train
43643,test
43644,train
43645,test
43646,train
43647,train
43648,train
43649,train
43650,train
43651,train
43652,test
43653,train
43654,val
43655,test
43656,train
43657,val
43658,train
43659,test
43660,train
43661,train
43662,val
43663,train
43664,train
43665,train
43666,train
43667,train
43668,train
43669,train
43670,train
43671,test
43672,train
43673,train
43674,test
43675,train
43676,train
43677,test
43678,val
43679,train
43680,val
43681,val
43682,train
43683,val
43685,test
43686,test
43687,train
43688,train
43689,train
43690,train
43691,train
43692,test
43693,test
43694,test
43695,train
43696,train
43697,test
43698,train
43699,train
43700,train
43701,train
43702,train
43703,train
43704,train
43705,train
43706,train
43707,train
43710,train
43711,train
43714,train
43715,train
43716,train
43718,train
43721,train
43722,train
43723,train
43724,train
43727,train
43730,train
43731,train
43734,train
43735,train
43737,train
43740,train
43744,test
43745,val
43748,train
43749,train
43751,train
43753,train
43754,test
43755,train
43756,train
43757,val
43759,train
43760,train
43763,val
43765,train
43768,train
43769,train
43770,val
43771,train
43772,train
43773,train
43776,val
43777,train
43778,val
43779,train
43780,train
43783,train
43784,train
43786,train
43787,train
43788,val
43789,val
43790,train
43791,train
43792,train
43793,train
43794,train
43795,train
43796,train
43797,train
43798,train
43802,train
43803,val
43806,train
43808,train
43811,train
43812,train
43813,train
43814,train
43815,train
43816,train
43817,val
43818,train
43819,train
43820,train
43821,train
43822,train
43825,train
43826,val
43827,train
43828,train
43829,train
43830,val
43831,train
43835,train
43837,train
43838,val
43841,train
43842,train
43844,train
43846,train
43848,train
43849,val
43850,train
43851,train
43852,train
43855,val
43856,train
43857,val
43858,train
43859,train
43860,val
43861,train
43862,train
43863,val
43864,val
43865,train
43866,val
43867,train
43869,train
43870,train
43871,test
43872,train
43873,test
43874,train
43875,test
43876,train
43877,val
43878,val
43879,test
43880,train
43881,train
43882,train
43883,train
43884,train
43885,train
43886,train
43887,train
43888,train
43889,train
43890,train
43891,train
43893,train
43897,train
43904,val
43908,train
43909,test
43910,train
43911,test
43912,train
43913,train
43914,val
43915,train
43916,train
43917,train
43918,train
43919,val
43920,test
43921,train
43922,val
43923,val
43924,train
43925,train
43927,val
43928,train
43929,train
43930,test
43931,train
43932,test
43933,train
43934,train
43935,train
43936,train
43937,train
43938,test
43939,train
43940,val
43941,train
43942,train
43943,train
43944,test
43945,train
43946,train
43947,test
43948,val
43949,train
43950,train
43951,test
43952,train
43953,train
43955,train
43956,train
43957,train
43958,train
43959,train
43960,train
43962,train
43963,train
43965,train
43966,val
43967,test
43968,train
43969,train
43970,train
43971,val
43972,val
43973,train
43974,train
43975,val
43977,train
43978,train
43979,train
43980,train
43981,train
43983,train
43986,train
43987,train
43988,train
43990,train
43991,train
43992,train
43993,train
43994,train
43996,train
43998,train
44000,val
44001,train
44002,train
44003,train
44004,train
44005,train
44006,train
44007,test
44008,train
44009,train
44010,train
44011,train
44012,train
44013,train
44014,train
44015,val
44016,val
44017,train
44018,train
44020,train
44022,train
44023,train
44024,train
44025,train
44026,train
44027,val
44028,train
44029,train
44030,val
44031,test
44032,val
44034,test
44035,train
44036,test
44037,train
44038,train
44039,train
44040,train
44041,val
44042,train
44044,test
44045,train
44046,test
44048,train
44049,test
44050,train
44051,train
44052,train
44053,train
44054,test
44055,test
44056,train
44057,train
44058,test
44063,test
44065,val
44068,train
44069,train
44070,test
44071,test
44072,train
44073,test
44074,val
44075,train
44076,test
44081,train
44083,train
44084,train
44085,train
44090,train
44091,train
44092,train
44093,train
44094,train
44095,val
44096,train
44097,train
44098,val
44099,train
44100,train
44101,train
44102,train
44103,train
44106,train
44107,test
44112,train
44113,train
44114,train
44115,train
44116,train
44117,train
44118,val
44122,train
44123,train
44124,val
44125,val
44126,train
44127,train
44128,train
44130,train
44131,train
44132,val
44133,train
44134,train
44135,train
44136,train
44137,val
44138,train
44139,train
44140,train
44142,train
44143,val
44144,val
44146,val
44147,train
44148,test
44149,train
44150,train
44151,test
44152,train
44153,train
44154,train
44155,train
44156,val
44157,train
44158,train
44159,train
44161,train
44162,train
44163,train
44164,train
44165,train
44166,train
44167,train
44168,train
44169,train
44170,train
44171,train
44172,train
44173,train
44174,train
44175,train
44176,train
44177,val
44178,val
44179,val
44180,train
44181,val
44182,train
44183,test
44184,train
44185,train
44186,train
44187,train
44188,val
44189,train
44190,train
44191,train
44192,train
44193,train
44194,train
44195,val
44196,train
44197,test
44198,val
44199,train
44200,train
44201,val
44202,train
44203,train
44204,train
44205,train
44206,train
44207,test
44208,train
44209,train
44210,train
44211,train
44212,train
44213,test
44214,train
44215,train
44216,test
44217,test
44218,val
44219,train
44220,train
44221,val
44222,test
44223,test
44224,test
44225,test
44226,train
44227,train
44228,train
44229,test
44230,val
44231,train
44232,val
44233,train
44234,train
44235,train
44236,train
44237,train
44238,test
44239,train
44240,train
44242,test
44244,test
44245,train
44249,train
44250,train
44251,train
44252,train
44253,train
44254,val
44255,val
44257,train
44258,train
44259,train
44265,test
44266,train
44268,test
44269,test
44270,test
44271,test
44272,test
44273,test
44274,train
44278,train
44279,train
44280,train
44282,train
44284,train
44285,val
44287,val
44288,train
44289,train
44290,train
44292,train
44293,test
44304,test
44309,train
44310,test
44311,train
44313,train
44315,val
44333,train
44338,train
44341,train
44342,train
44343,train
44348,train
44371,train
44375,train
44376,train
44377,train
44378,train
44379,train
44380,train
44381,train
44382,train
44383,train
44384,train
44385,test
44386,train
44387,test
44389,train
44391,train
44396,train
44397,train
44398,train
44399,train
44400,train
44401,train
44402,train
44403,train
44404,val
44405,train
44406,val
44407,train
44408,train
44410,train
44411,train
44412,train
44413,train
44414,test
44415,train
44416,train
44417,train
44418,train
44419,train
44420,test
44421,train
44422,test
44424,train
44425,train
44426,train
44427,val
44428,test
44429,test
44433,train
44434,train
44435,train
44436,train
44437,train
44440,val
44441,train
44442,val
44443,train
44444,train
44445,test
44446,val
44447,train
44448,val
44454,train
44456,train
44458,train
44460,train
44461,train
44462,train
44463,test
44464,train
44465,train
44470,train
44473,val
44482,train
44492,train
44493,train
44494,train
44497,train
44500,train
44501,train
44502,train
44503,train
44509,train
44510,train
44511,train
44512,train
44516,test
44517,val
44518,train
44520,train
44521,train
44522,train
44523,test
44525,train
44528,train
44529,train
44530,train
44532,train
44533,train
44534,train
44535,train
44537,train
44539,train
44541,train
44544,train
44545,test
44546,train
44547,test
44548,train
44549,train
44550,test
44551,train
44552,test
44553,test
44554,train
44555,test
44556,train
44559,train
44560,train
44561,train
44562,test
44563,train
44564,test
44565,train
44566,test
44567,train
44568,test
44569,test
44570,train
44572,val
44573,test
44577,train
44578,train
44579,test
44580,train
44581,train
44582,train
44583,train
44584,train
44585,train
44586,val
44587,train
44588,train
44589,val
44590,val
44591,val
44592,val
44593,val
44594,val
44596,train
44600,val
44601,test
44604,val
44608,val
44610,train
44611,train
44612,val
44613,train
44614,val
44615,train
44616,val
44618,train
44619,train
44621,train
44622,train
44623,train
44624,train
44625,train
44626,train
44627,train
44628,train
44629,train
44630,train
44631,train
44632,train
44633,train
44634,val
44635,val
44636,train
44637,train
44638,train
44639,train
44640,train
44642,train
44643,test
44644,test
44645,test
44646,train
44647,test
44648,test
44649,test
44655,train
44656,train
44657,val
44658,val
44659,train
44660,train
44661,train
44662,test
44663,train
44664,train
44665,train
44666,train
44667,val
44668,train
44669,train
44670,train
44672,test
44674,train
44675,train
44676,train
44677,train
44678,train
44679,train
44680,train
44681,train
44682,val
44683,test
44684,train
44686,train
44687,train
44688,train
44689,train
44690,train
44691,train
44692,val
44693,train
44694,test
44695,train
44696,train
44697,train
44698,train
44699,train
44700,train
44701,train
44702,train
44703,train
44705,train
44706,train
44708,test
44709,train
44710,train
44711,train
44712,train
44713,train
44714,val
44715,train
44716,val
44717,train
44718,test
44719,train
44720,test
44721,train
44722,train
44723,train
44724,train
44725,val
44726,train
44728,test
44729,train
44730,train
44731,train
44732,test
44733,train
44734,test
44735,train
44736,test
44737,val
44738,train
44739,train
44740,train
44741,train
44742,train
44743,train
44744,val
44745,train
44746,val
44747,test
44748,val
44749,train
44750,test
44751,train
44752,train
44753,train
44754,train
44755,train
44756,train
44757,train
44758,train
44759,train
44760,train
44761,train
44762,test
44763,train
44764,test
44765,train
44766,train
44767,train
44768,train
44769,test
44770,train
44771,test
44772,test
44773,train
44774,test
44775,train
44776,val
44777,train
44778,test
44779,train
44780,train
44781,train
44782,train
44783,train
44784,train
44785,test
44786,train
44788,train
44790,train
44791,train
44796,train
44799,train
44800,train
44801,val
44802,train
44803,train
44804,train
44805,train
44806,test
44807,train
44808,train
44809,train
44810,train
44811,train
44812,test
44813,test
44814,train
44815,test
44816,test
44817,train
44821,train
44824,train
44829,train
44830,test
44831,train
44832,train
44833,train
44834,train
44835,test
44836,train
44837,train
44838,val
44839,train
44840,train
44841,train
44842,train
44843,train
44844,train
44845,train
44846,val
44847,train
44848,train
44849,test
44850,val
44851,train
44852,test
44853,train
44854,test
44855,val
44856,train
44857,train
44858,val
44859,train
44860,val
44861,train
44862,train
44863,val
44864,train
44865,train
44866,train
44867,test
44868,train
44869,train
44870,train
44871,train
44872,val
44873,test
44874,train
44875,test
44876,train
44877,val
44878,train
44879,train
44880,train
44881,train
44882,test
44883,train
44884,val
44885,test
44886,train
44887,train
44888,val
44889,train
44890,train
44891,train
44892,train
44893,train
44894,train
44895,val
44896,val
44897,test
44898,train
44899,train
44900,train
44901,train
44902,train
44903,train
44904,train
44905,train
44906,val
44907,train
44908,train
44909,train
44910,train
44911,train
44912,train
44913,train
44914,test
44915,train
44916,train
44917,test
44918,train
44919,train
44920,train
44921,train
44922,test
44923,train
44924,train
44925,train
44926,train
44927,train
44928,train
44929,train
44930,train
44931,train
44932,train
44933,train
44934,train
44936,train
44937,train
44938,train
44939,val
44940,test
44941,train
44942,train
44943,train
44944,train
44945,train
44947,train
44948,test
44949,test
44950,train
44951,train
44952,train
44953,test
44954,train
44955,val
44956,train
44957,test
44958,train
44959,train
44960,train
44961,train
44962,train
44963,train
44964,train
44965,train
44966,train
44967,train
44968,val
44969,train
44970,train
44971,train
44974,train
44975,train
44976,train
44977,train
44978,val
44979,test
44980,train
44981,train
44982,train
44983,test
44984,train
44985,val
44986,test
44987,train
44988,train
44989,test
44990,test
44991,test
44992,test
44993,test
44994,val
44995,val
44996,train
44997,train
44998,train
44999,train
45000,train
45001,train
45002,train
45003,train
45004,train
45005,train
45006,train
45007,train
45008,test
45009,train
45010,train
45011,test
45012,val
45013,val
45014,train
45015,train
45016,train
45017,val
45018,train
45019,train
45020,test
45021,val
45022,train
45023,test
45024,train
45025,test
45026,test
45027,train
45028,train
45029,train
45030,train
45031,train
45032,train
45033,test
45034,val
45035,val
45036,train
45037,test
45038,train
45039,test
45040,train
45041,test
45042,test
45043,train
45044,train
45045,train
45046,train
45047,train
45048,train
45049,train
45075,train
45076,train
45080,train
45082,train
45083,val
45084,train
45085,train
45086,train
45087,train
45088,train
45089,val
45091,train
45092,test
45093,train
45094,train
45095,test
45096,test
45097,val
45098,train
45100,val
45102,test
45103,train
45107,train
45108,val
45109,train
45110,train
45111,train
45112,train
45113,train
45114,train
45115,train
45116,val
45117,train
45118,train
45119,train
45120,test
45121,val
45122,train
45123,train
45124,train
45125,train
45126,val
45127,train
45128,train
45129,train
45130,test
45131,train
45132,test
45133,val
45134,val
45135,train
45136,train
45137,val
45138,train
45139,train
45140,train
45141,train
45142,train
45143,train
45144,test
45145,test
45146,test
45147,train
45148,val
45149,train
45150,train
45151,train
45152,train
45153,test
45154,train
45155,train
45156,train
45157,train
45158,train
45159,train
45160,val
45161,test
45162,train
45163,val
45164,train
45165,train
45166,test
45167,train
45168,train
45169,train
45170,train
45171,val
45172,val
45173,train
45174,val
45175,train
45177,train
45178,train
45179,test
45185,train
45186,test
45187,val
45188,val
45189,val
45190,test
45191,train
45192,test
45193,train
45194,val
45195,train
45196,train
45197,train
45198,train
45199,train
45200,train
45201,train
45202,train
45203,train
45204,train
45205,train
45206,test
45207,val
45208,train
45209,val
45210,test
45211,train
45212,train
45213,train
45214,train
45215,train
45216,val
45217,val
45218,train
45219,train
45220,test
45221,test
45222,train
45223,train
45224,train
45225,val
45226,train
45227,test
45228,train
45229,train
45230,train
45231,val
45232,test
45233,train
45234,test
45235,train
45236,train
45237,test
45238,train
45239,train
45240,train
45242,train
45243,train
45244,train
45245,val
45246,train
45247,train
45248,val
45249,train
45250,val
45251,train
45252,train
45253,train
45254,train
45255,val
45256,train
45257,train
45258,val
45259,train
45260,val
45261,train
45262,train
45263,train
45264,train
45265,train
45266,test
45268,train
45269,train
45270,test
45271,train
45272,train
45273,train
45274,test
45276,train
45277,train
45278,train
45279,train
45280,test
45281,train
45282,val
45283,test
45285,val
45286,train
45287,train
45288,train
45289,train
45290,train
45291,train
45292,train
45293,train
45294,train
45295,train
45296,train
45297,train
45298,test
45299,test
45301,train
45303,train
45304,train
45307,train
45308,train
45309,train
45310,train
45312,train
45313,train
45315,train
45317,train
45318,train
45319,val
45320,train
45321,train
45322,train
45323,train
45324,test
45325,train
45326,test
45327,train
45328,val
45329,val
45330,val
45331,train
45332,train
45333,train
45334,train
45335,val
45336,val
45337,train
45338,train
45339,train
45340,train
45341,val
45342,train
45343,test
45344,train
45345,train
45346,train
45347,train
45348,train
45349,train
45350,train
45351,train
45352,train
45353,train
45354,train
45355,train
45356,train
45357,train
45358,train
45359,train
45360,train
45361,train
45362,train
45363,train
45364,train
45365,train
45366,train
45367,train
45368,train
45369,train
45370,train
45371,test
45372,train
45373,train
45374,train
45375,train
45376,train
45377,train
45378,train
45379,val
45380,train
45382,train
45383,val
45384,train
45385,val
45386,test
45387,val
45388,test
45389,train
45390,test
45391,train
45392,test
45393,test
45394,train
45395,train
45396,train
45398,train
45399,train
45400,test
45401,train
45402,test
45403,train
45404,train
45405,val
45406,train
45407,train
45408,train
45409,train
45410,val
45411,train
45412,train
45413,train
45414,train
45415,val
45416,train
45417,train
45418,train
45419,train
45420,train
45421,train
45422,train
45423,train
45424,train
45425,train
45426,train
45440,train
45441,train
45488,train
45489,val
45499,train
45500,train
45512,train
45531,test
45533,train
45534,test
45535,train
45536,test
45561,train
45564,train
45565,train
45566,train
45567,train
45568,test
45574,val
45575,train
45576,val
45577,train
45578,train
45579,train
45580,train
45581,train
45582,train
45583,val
45584,val
45585,train
45586,val
45587,train
45588,val
45589,train
45590,val
45591,val
45592,train
45593,val
45594,test
45595,train
45596,val
45597,train
45598,val
45599,train
45600,train
45601,val
45602,train
45603,val
45604,train
45605,val
45606,train
45607,val
45608,train
45609,val
45610,train
45611,val
45612,train
45613,train
45614,val
45615,train
45616,val
45617,train
45618,train
45619,test
45620,val
45622,train
45623,train
45624,train
45625,train
45626,train
45627,train
45628,train
45629,train
45630,train
45631,train
45632,train
45633,train
45634,train
45635,val
45636,test
45637,train
45638,train
45639,train
45640,train
45641,train
45642,test
45643,train
45644,train
45645,train
45646,train
45647,train
45648,train
45649,train
45650,test
45651,test
45652,val
45653,train
45654,test
45655,train
45656,test
45657,val
45658,train
45659,train
45660,train
45661,val
45662,val
45663,train
45664,train
45665,train
45668,train
45669,val
45670,train
45671,train
45672,train
45673,train
45675,train
45676,train
45677,train
45683,test
45685,test
45687,train
45690,train
45691,test
45692,train
45693,train
45698,train
45708,train
45709,train
45710,train
45711,val
45712,val
45715,train
45716,train
45717,train
45718,train
45719,train
45720,train
45721,train
45723,train
45724,train
45725,train
45727,train
45731,train
45732,train
45733,val
45735,train
45736,train
45737,test
45739,train
45742,train
45748,val
45751,val
45752,test
45757,val
45758,val
45759,train
45760,train
45761,train
45762,train
45763,val
45764,test
45765,val
45766,val
45767,val
45768,test
45769,test
45770,train
45771,train
45772,val
45773,val
45774,val
45775,train
45776,test
45777,val
45778,test
45779,train
45780,test
45781,train
45782,train
45783,val
45784,train
45785,train
45786,val
45788,train
45789,val
45795,train
45796,train
45797,train
45799,test
45800,train
45802,train
45803,test
45804,train
45806,train
45809,train
45810,test
45811,train
45815,train
45816,train
45817,val
45821,train
45822,train
45823,train
45824,train
45825,train
45826,train
45829,val
45831,train
45832,train
45834,train
45835,val
45836,test
45837,test
45838,val
45843,train
45845,test
45848,val
45850,val
45856,train
45859,test
45861,train
45863,test
45864,train
45865,val
45866,train
45869,val
45870,train
45871,test
45872,train
45873,train
45874,train
45875,train
45876,train
45877,test
45878,train
45879,train
45880,train
45881,val
45882,train
45883,test
45884,val
45885,val
45886,train
45887,test
45888,train
45889,train
45890,val
45891,train
45892,train
45893,val
45894,val
45895,train
45896,train
45897,val
45898,train
45899,val
45900,val
45901,val
45902,val
45903,test
45904,val
45905,val
45906,val
45907,train
45908,train
45909,train
45910,val
45911,val
45912,test
45913,train
45914,val
45915,train
45916,val
45917,test
45918,train
45919,test
45920,train
45921,train
45922,train
45923,val
45924,test
45925,train
45926,val
45927,test
45928,val
45929,train
45930,val
45931,train
45932,train
45933,test
45934,test
45935,train
45936,train
45937,train
45938,val
45939,train
45940,val
45941,val
45942,train
45943,train
45946,train
45947,train
45949,train
45954,train
45955,train
45958,train
45959,train
45960,val
45962,train
45963,train
45964,train
45965,train
45968,train
45969,train
45970,train
45972,train
45973,train
45976,train
45977,train
45979,val
45980,val
45981,train
45982,train
45983,val
45984,test
45985,test
45986,train
45987,train
45988,train
45989,train
45990,train
45991,train
45992,train
45993,test
45994,train
45995,test
45996,train
45997,train
45998,train
45999,train
46000,val
46001,test
46002,train
46003,train
46004,train
46005,train
46006,train
46007,train
46008,test
46009,train
46010,test
46011,train
46012,train
46013,val
46014,val
46015,train
46016,train
46017,val
46018,test
46019,train
46020,train
46021,train
46022,train
46025,train
46026,train
46027,train
46029,train
46030,train
46031,train
46032,test
46034,train
46036,train
46039,test
46040,train
46042,train
46044,train
46045,train
46046,train
46047,train
46048,train
46049,train
46050,train
46051,train
46052,train
46054,val
46055,val
46057,train
46059,train
46060,train
46066,train
46067,train
46068,train
46069,train
46070,train
46071,train
46072,train
46073,train
46074,train
46075,train
46076,train
46077,train
46079,train
46080,train
46081,train
46082,train
46083,test
46084,train
46086,train
46087,train
46089,val
46090,test
46092,train
46093,val
46094,train
46095,train
46096,train
46098,val
46099,val
46100,val
46101,test
46102,train
46103,train
46104,train
46105,train
46106,train
46107,val
46108,train
46109,train
46110,val
46111,train
46112,val
46113,train
46114,train
46115,train
46116,test
46117,train
46118,train
46121,train
46122,val
46123,train
46124,train
46125,train
46126,train
46128,test
46129,val
46130,train
46132,train
46133,train
46134,train
46135,train
46137,train
46139,train
46140,val
46144,train
46145,train
46147,test
46150,train
46151,val
46152,val
46153,train
46154,train
46155,test
46156,test
46158,train
46159,train
46160,train
46162,val
46163,train
46164,train
46165,train
46167,train
46168,train
46169,test
46170,train
46174,test
46175,train
46176,train
46177,train
46180,train
46182,val
46184,train
46185,val
46187,train
46188,train
46190,train
46192,train
46195,train
46198,train
46203,train
46205,train
46207,train
46208,train
46210,test
46212,test
46215,train
46216,train
46239,train
46240,train
46241,train
46242,train
46243,train
46244,train
46245,val
46246,train
46247,train
46248,test
46249,train
46250,train
46251,train
46252,val
46253,train
46254,train
46255,train
46256,train
46257,train
46258,train
46259,train
46261,train
46262,train
46263,val
46264,train
46265,train
46266,train
46267,train
46268,val
46269,train
46270,train
46271,val
46272,train
46273,train
46274,train
46275,train
46276,train
46277,test
46278,train
46279,train
46280,train
46281,train
46282,train
46283,val
46284,val
46285,train
46286,train
46287,train
46288,train
46289,train
46290,train
46291,test
46292,train
46293,test
46294,train
46295,train
46296,train
46297,train
46298,val
46299,train
46300,train
46301,train
46302,val
46303,train
46304,val
46305,train
46306,train
46307,train
46308,train
46309,train
46310,test
46311,train
46312,test
46313,train
46314,test
46315,train
46316,val
46317,train
46318,train
46323,train
46324,test
46325,train
46326,train
46327,train
46328,train
46331,train
46332,train
46333,test
46334,train
46335,train
46336,train
46337,val
46338,test
46342,train
46344,train
46348,train
46351,train
46352,train
46353,val
46359,train
46360,train
46361,train
46362,train
46365,val
46367,train
46376,val
46377,train
46378,train
46379,test
46380,train
46381,train
46382,train
46383,val
46384,train
46385,train
46386,train
46387,val
46388,train
46389,train
46390,train
46391,train
46392,train
46393,train
46394,train
46395,train
46396,train
46397,train
46398,train
46399,train
46400,train
46401,train
46402,train
46403,train
46404,train
46405,test
46406,train
46407,train
46408,train
46409,train
46410,train
46411,val
46412,train
46413,val
46414,val
46417,train
46418,train
46419,train
46420,test
46422,train
46423,train
46424,train
46425,train
46426,train
46427,train
46428,train
46431,train
46432,test
46433,train
46434,train
46437,val
46438,train
46439,train
46440,test
46441,train
46442,train
46443,train
46444,train
46447,train
46448,train
46449,train
46450,train
46451,test
46452,train
46453,train
46454,train
46455,test
46458,train
46459,val
46460,train
46461,train
46462,train
46463,train
46464,train
46465,val
46466,val
46467,train
46468,train
46469,train
46470,train
46471,train
46472,train
46473,train
46474,train
46475,train
46476,val
46477,train
46478,test
46479,train
46480,train
46481,train
46482,train
46483,train
46484,train
46485,train
46486,train
46487,train
46488,train
46489,train
46490,train
46491,train
46492,train
46493,val
46494,train
46495,train
46498,train
46499,train
46500,train
46501,train
46502,train
46503,train
46505,train
46507,train
46508,train
46509,train
46510,train
46511,train
46512,val
46513,val
46514,train
46515,train
46516,train
46517,train
46519,train
46521,train
46523,train
46524,train
46525,train
46526,val
46527,test
46528,train
46529,test
46530,val
46531,train
46532,train
46534,train
46536,train
46537,val
46538,test
46539,train
46540,train
46541,train
46542,train
46543,train
46544,train
46545,train
46546,train
46547,test
46549,train
46552,test
46553,val
46554,train
46556,train
46557,train
46558,train
46559,train
46560,train
46561,train
46562,train
46563,test
46564,train
46565,train
46566,test
46567,train
46568,train
46569,train
46570,train
46572,train
46573,test
46574,train
46575,val
46576,train
46577,train
46578,train
46579,train
46580,train
46581,train
46582,train
46583,train
46584,train
46585,val
46586,test
46587,test
46588,test
46589,train
46590,train
46591,train
46593,train
46594,train
46595,train
46596,test
46597,train
46598,train
46599,train
46600,train
46601,test
46602,train
46603,train
46604,train
46605,val
46606,train
46607,train
46608,train
46609,train
46610,train
46611,train
46612,train
46613,test
46614,train
46615,val
46616,val
46617,test
46618,test
46619,test
46620,val
46621,train
46622,test
46623,train
46624,train
46625,train
46626,train
46627,train
46628,train
46629,train
46630,test
46631,test
46632,train
46633,test
46634,train
46635,test
46636,train
46637,train
46641,val
46642,test
46643,train
46644,train
46646,train
46647,train
46649,test
46650,val
46651,train
46652,train
46653,train
46654,val
46655,train
46656,train
46657,test
46658,train
46659,train
46660,train
46661,train
46662,test
46663,train
46665,val
46666,train
46667,train
46668,train
46669,train
46671,val
46674,test
46675,test
46676,test
46677,test
46679,test
46680,test
46681,test
46682,test
46683,train
46684,train
46686,train
46687,train
46688,train
46689,train
46690,train
46691,val
46692,test
46693,train
46694,train
46699,train
46700,train
46702,train
46703,test
46705,train
46706,test
46708,val
46710,train
46712,test
46714,train
46715,val
46716,train
46717,test
46719,train
46720,train
46721,train
46723,test
46724,train
46725,train
46726,val
46727,train
46728,train
46729,train
46731,train
46732,train
46733,train
46734,val
46735,train
46736,train
46737,train
46738,val
46739,train
46740,train
46741,train
46742,val
46743,train
46744,train
46745,train
46746,train
46747,train
46748,train
46749,train
46750,train
46751,test
46752,train
46753,train
46754,train
46755,train
46758,test
46759,train
46760,val
46761,train
46762,train
46763,train
46764,train
46765,train
46766,train
46767,test
46768,test
46770,train
46772,val
46773,train
46774,train
46775,train
46776,val
46777,train
46779,train
46780,train
46781,train
46782,train
46783,train
46784,train
46785,train
46786,train
46787,train
46788,train
46789,train
46790,val
46791,train
46792,train
46793,test
46795,val
46796,val
46797,train
46798,train
46799,test
46800,train
46801,val
46802,train
46803,train
46804,val
46805,val
46806,train
46807,train
46808,train
46809,train
46810,train
46811,train
46813,train
46814,train
46815,train
46816,train
46817,train
46818,test
46819,train
46820,train
46821,train
46822,train
46823,val
46824,train
46825,train
46826,val
46827,val
46828,val
46830,train
46831,val
46833,val
46834,train
46835,train
46836,test
46839,val
46841,train
46842,test
46844,test
46845,val
46846,train
46850,train
46851,train
46852,train
46859,train
46860,train
46861,test
46862,train
46863,train
46864,train
46865,train
46866,train
46867,train
46868,train
46869,train
46870,train
46872,train
46873,train
46874,train
46875,train
46876,train
46877,train
46878,train
46879,train
46881,train
46883,train
46884,train
46885,train
46890,train
46892,train
46893,train
46894,train
46895,train
46896,train
46897,train
46898,train
46899,train
46900,train
46901,train
46903,test
46905,train
46906,test
46908,val
46909,test
46910,train
46914,test
46917,train
46918,train
46919,train
46920,test
46921,train
46922,train
46923,train
46924,val
46925,train
46926,train
46927,train
46928,train
46929,val
46930,val
46931,test
46932,train
46933,train
46934,train
46935,train
46936,train
46937,train
46938,train
46939,test
46940,train
46941,train
46943,train
46944,val
46945,train
46946,train
46947,train
46948,train
46949,train
46950,test
46951,train
46952,val
46953,val
46954,val
46955,val
46956,train
46957,train
46958,train
46959,val
46962,train
46963,train
46965,val
46966,train
46967,val
46971,train
46972,train
46973,val
46974,train
46975,train
46976,val
46977,val
46978,train
46979,train
46980,val
46981,train
46982,val
46984,val
46985,val
46986,train
46987,train
46988,val
46991,train
46992,val
46995,val
46996,train
46997,train
46998,val
46999,test
47000,val
47002,train
47003,train
47004,train
47005,train
47006,train
47007,train
47008,train
47009,val
47010,train
47011,test
47012,train
47014,train
47015,train
47016,train
47017,val
47018,train
47019,train
47020,train
47022,train
47023,train
47025,train
47026,train
47027,train
47028,train
47029,train
47030,train
47031,test
47032,train
47033,train
47034,train
47035,val
47036,train
47037,train
47038,val
47039,val
47040,test
47041,train
47042,train
47043,train
47044,train
47045,train
47046,train
47047,train
47048,train
47049,test
47050,val
47051,train
47052,train
47053,train
47054,test
47055,train
47056,train
47057,val
47058,train
47060,train
47061,train
47062,train
47063,train
47064,train
47065,test
47066,train
47067,test
47068,train
47069,test
47070,train
47071,val
47072,test
47073,train
47074,train
47075,train
47076,val
47077,train
47078,train
47079,train
47080,train
47084,train
47087,val
47088,train
47089,test
47090,train
47091,train
47092,train
47095,train
47096,test
47097,val
47099,val
47100,train
47101,train
47105,train
47106,train
47108,test
47109,train
47110,train
47111,train
47112,train
47113,train
47114,train
47115,train
47117,train
47118,train
47119,train
47120,train
47121,train
47122,train
47123,train
47124,val
47125,train
47126,train
47127,val
47128,train
47129,train
47131,val
47132,train
47133,val
47135,val
47136,train
47137,test
47138,train
47139,train
47140,train
47141,train
47142,train
47143,train
47144,train
47145,train
47146,train
47147,train
47148,train
47151,test
47153,train
47154,train
47155,train
47156,train
47157,train
47158,train
47159,test
47160,train
47161,test
47162,train
47163,test
47164,train
47165,test
47166,train
47168,train
47169,train
47170,train
47171,train
47172,train
47173,train
47174,train
47175,train
47176,train
47177,train
47178,train
47179,train
47180,test
47181,train
47182,train
47183,train
47184,train
47185,train
47186,train
47187,train
47188,train
47189,train
47190,test
47191,train
47192,train
47193,train
47194,train
47195,train
47196,train
47197,train
47198,train
47199,train
47200,train
47201,train
47202,train
47203,train
47204,train
47205,train
47206,val
47207,test
47208,train
47209,train
47210,train
47211,train
47212,train
47213,train
47214,train
47215,train
47216,train
47217,train
47218,train
47219,train
47220,train
47221,train
47222,train
47223,train
47224,train
47225,train
47226,train
47227,train
47228,train
47229,train
47230,train
47231,train
47232,train
47233,train
47234,train
47235,train
47236,train
47237,train
47238,val
47239,val
47240,train
47241,test
47242,val
47243,train
47244,test
47245,train
47246,train
47247,test
47248,train
47249,train
47250,train
47251,test
47252,train
47253,train
47254,train
47255,train
47256,train
47257,train
47258,train
47259,train
47260,test
47261,train
47262,train
47263,train
47264,train
47265,train
47266,train
47267,train
47268,train
47269,train
47270,train
47271,train
47272,train
47273,train
47274,train
47275,test
47276,train
47277,train
47278,train
47279,train
47280,train
47281,train
47282,train
47283,val
47284,train
47285,train
47286,test
47287,val
47288,train
47289,test
47290,train
47291,train
47292,train
47293,val
47294,train
47295,train
47296,train
47297,train
47298,train
47299,train
47300,train
47301,val
47302,test
47303,test
47304,val
47305,train
47306,train
47307,test
47308,val
47309,train
47310,val
47311,train
47312,train
47313,train
47314,train
47315,train
47316,train
47317,train
47318,train
47319,train
47320,train
47321,train
47322,train
47323,test
47324,val
47325,train
47326,val
47327,train
47328,train
47329,test
47330,train
47331,train
47332,train
47333,train
47334,train
47335,val
47336,train
47337,train
47338,val
47339,train
47340,val
47341,val
47342,train
47343,train
47344,val
47345,train
47346,train
47347,train
47348,test
47349,train
47350,train
47351,train
47352,train
47353,test
47354,val
47355,train
47356,train
47357,train
47358,test
47359,train
47360,train
47361,train
47362,train
47363,test
47364,val
47365,train
47366,train
47367,val
47368,train
47369,train
47370,train
47371,train
47372,train
47373,train
47374,train
47375,train
47376,train
47377,train
47378,test
47379,train
47380,train
47381,test
47382,train
47383,train
47384,train
47385,train
47386,train
47387,val
47388,val
47389,train
47390,train
47391,train
47392,test
47393,train
47394,train
47395,val
47396,train
47397,train
47398,train
47399,train
47400,train
47401,train
47402,train
47403,train
47404,train
47405,train
47406,train
47407,val
47408,val
47409,test
47410,val
47411,train
47412,train
47413,train
47414,train
47415,train
47416,val
47417,test
47418,train
47419,train
47420,train
47421,train
47422,train
47423,train
47424,train
47425,train
47426,train
47427,train
47428,test
47429,train
47430,train
47431,train
47432,train
47433,train
47434,train
47446,train
47447,train
47448,train
47450,train
47451,train
47452,train
47453,train
47454,train
47455,train
47456,train
47457,train
47458,train
47459,train
47463,train
47464,test
47474,train
47475,train
47476,train
47477,train
47488,train
47492,train
47493,val
47495,val
47501,train
47502,val
47503,train
47504,train
47505,val
47506,train
47507,train
47508,train
47509,train
47510,val
47511,train
47512,train
47513,train
47514,train
47515,train
47516,train
47517,train
47518,train
47519,test
47520,val
47521,train
47522,train
47523,train
47524,train
47525,train
47526,train
47527,train
47528,test
47529,train
47530,train
47531,train
47532,test
47533,train
47534,train
47535,train
47536,train
47537,train
47538,train
47539,train
47540,train
47541,train
47542,train
47543,train
47544,train
47545,train
47546,train
47547,train
47548,train
47549,test
47550,val
47551,train
47552,train
47553,train
47554,train
47555,train
47556,train
47557,train
47558,val
47559,train
47560,train
47561,train
47562,train
47563,val
47564,train
47565,train
47566,train
47567,train
47568,train
47569,train
47570,train
47571,val
47572,train
47573,test
47574,test
47575,train
47576,val
47577,val
47578,test
47579,train
47580,train
47581,train
47582,train
47583,train
47584,train
47585,train
47586,train
47587,train
47588,train
47589,train
47590,train
47591,train
47592,train
47593,val
47594,train
47595,test
47596,train
47597,train
47598,val
47599,train
47600,train
47601,train
47602,train
47603,train
47604,train
47605,train
47606,test
47607,train
47608,train
47609,train
47610,train
47611,val
47612,val
47613,train
47614,train
47615,train
47616,train
47617,train
47618,train
47619,train
47620,train
47621,train
47622,train
47623,train
47624,train
47625,train
47626,val
47627,test
47629,train
47630,test
47631,train
47632,train
47633,test
47634,train
47635,train
47636,train
47637,train
47638,test
47639,train
47640,train
47641,val
47642,val
47643,train
47644,test
47645,val
47646,train
47647,val
47648,train
47649,test
47650,train
47651,train
47652,test
47653,val
47654,train
47655,val
47656,train
47657,val
47658,val
47659,val
47660,train
47661,train
47662,val
47663,train
47664,val
47665,train
47666,train
47667,train
47668,train
47669,train
47670,train
47671,train
47672,train
47673,test
47674,val
47675,val
47676,val
47677,train
47678,train
47679,test
47680,train
47681,val
47682,train
47689,train
47692,train
47724,train
47732,train
47734,train
47761,train
47794,train
47812,train
47814,train
47857,train
47868,val
47880,train
47881,train
47886,train
47888,test
47889,train
47896,val
47911,val
47916,val
47917,train
47921,train
47927,train
47928,train
47930,train
47945,train
47946,train
47955,train
47956,test
47957,train
47961,train
47965,train
47977,test
47978,train
47989,train
47991,train
47992,train
47993,train
47994,train
47995,train
48004,train
48005,val
48006,val
48007,val
48009,train
48010,test
48014,train
48015,train
48016,train
48017,train
48021,train
48022,train
48023,test
48024,train
48025,train
48026,train
48027,train
48028,test
48030,train
48031,test
48032,test
48033,test
48035,test
48036,test
48037,test
48038,train
48039,test
48042,test
48046,train
48062,train
48063,test
48064,train
48065,train
48066,train
48067,train
48068,train
48069,train
48070,train
48071,train
48072,train
48073,train
48074,train
48075,test
48076,train
48077,train
48078,test
48079,train
48080,train
48081,train
48082,train
48083,train
48084,train
48085,train
48086,test
48088,train
48089,train
48090,train
48091,train
48092,train
48093,train
48094,train
48095,val
48097,train
48098,train
48099,train
48100,train
48101,val
48102,val
48103,test
48104,val
48106,train
48107,test
48108,test
48109,train
48110,train
48111,train
48112,train
48113,train
48114,train
48115,train
48116,test
48117,train
48118,train
48119,train
48120,train
48121,train
48122,train
48123,train
48124,train
48125,train
48126,train
48127,train
48128,train
48129,train
48130,train
48131,train
48132,train
48133,train
48135,train
48136,test
48137,train
48138,train
48139,test
48140,train
48141,train
48142,test
48143,test
48144,val
48145,train
48146,val
48147,train
48148,train
48149,val
48150,train
48151,train
48152,train
48153,train
48154,train
48155,train
48156,train
48157,train
48158,train
48159,val
48160,val
48161,test
48162,train
48163,train
48164,train
48165,train
48166,val
48167,train
48168,train
48169,train
48170,train
48171,test
48172,train
48173,train
48174,train
48175,train
48177,train
48178,train
48179,train
48180,train
48181,test
48182,train
48183,test
48184,test
48185,train
48186,train
48187,train
48188,train
48189,test
48190,train
48191,train
48192,test
48193,train
48194,train
48195,train
48196,train
48197,train
48198,train
48199,train
48200,train
48201,val
48202,train
48203,train
48204,val
48206,train
48207,train
48208,train
48209,train
48210,train
48211,train
48212,train
48213,train
48214,train
48215,train
48216,train
48217,train
48218,train
48219,train
48220,train
48221,train
48222,train
48223,train
48224,train
48225,train
48226,val
48227,train
48228,train
48229,train
48230,train
48231,train
48232,train
48233,train
48235,train
48236,train
48237,train
48238,train
48239,test
48240,train
48241,train
48242,train
48243,train
48244,train
48245,train
48246,train
48247,train
48248,train
48250,train
48251,train
48252,test
48253,train
48254,train
48256,train
48257,val
48258,train
48259,train
48311,train
48313,train
48318,train
48319,train
48320,train
48326,test
48327,train
48328,train
48329,train
48330,train
48331,train
48332,train
48333,train
48335,test
48336,train
48337,test
48338,val
48340,val
48341,train
48342,train
48343,train
48344,train
48345,train
48346,train
48347,train
48348,train
48349,val
48352,train
48355,train
48357,train
48359,train
48360,val
48361,train
48362,val
48363,train
48365,train
48367,train
48368,train
48369,train
48370,train
48371,test
48372,test
48373,train
48374,train
48375,train
48376,train
48378,train
48380,train
48382,train
48383,train
48384,train
48385,val
48386,train
48387,train
48388,train
48391,val
48392,val
48393,train
48394,train
48395,train
48397,train
48398,train
48399,train
48400,train
48401,train
48402,train
48403,train
48404,train
48405,val
48406,train
48407,train
48408,val
48409,test
48410,val
48411,train
48412,train
48414,val
48415,train
48416,train
48417,train
48418,train
48419,train
48420,test
48421,val
48422,train
48423,train
48424,train
48426,train
48427,train
48428,train
48429,train
48430,train
48431,val
48432,val
48433,val
48434,train
48435,train
48436,train
48437,train
48438,train
48439,train
48440,train
48441,train
48442,train
48443,train
48444,train
48445,train
48447,train
48448,train
48449,test
48450,train
48451,train
48452,train
48453,train
48454,train
48455,train
48456,train
48457,val
48458,train
48459,train
48460,train
48462,train
48463,train
48464,train
48465,train
48466,val
48467,train
48468,val
48469,train
48470,train
48471,test
48472,train
48473,train
48474,val
48475,train
48476,train
48477,test
48478,train
48479,val
48480,val
48481,train
48482,train
48483,train
48484,train
48485,test
48486,val
48487,val
48488,train
48489,val
48490,train
48491,test
48492,test
48493,train
48494,train
48495,train
48496,train
48497,train
48498,train
48499,train
48500,train
48501,train
48502,train
48503,train
48504,test
48505,train
48506,val
48507,train
48508,train
48509,train
48510,test
48511,train
48512,val
48513,train
48514,val
48515,val
48516,val
48517,train
48518,train
48519,test
48520,train
48521,val
48522,train
48523,val
48524,val
48525,train
48526,test
48527,train
48528,train
48529,val
48530,val
48531,train
48532,val
48533,val
48535,val
48536,train
48537,train
48539,train
48541,train
48544,train
48548,test
48549,train
48551,train
48552,train
48556,train
48557,test
48558,test
48559,train
48560,train
48561,train
48562,train
48563,train
48564,train
48566,test
48568,train
48569,train
48570,train
48572,train
48573,train
48575,train
48576,train
48577,train
48578,train
48579,train
48580,train
48581,train
48582,train
48583,train
48584,train
48585,test
48587,test
48588,test
48589,test
48590,test
48591,test
48592,test
48593,test
48594,train
48596,test
48597,test
48599,test
48601,test
48602,test
48603,test
48604,test
48605,test
48606,test
48607,test
48608,test
48609,test
48610,test
48612,test
48613,test
48614,test
48615,test
48616,test
48617,test
48618,test
48619,val
48621,test
48622,test
48625,test
48626,test
48629,val
48633,test
48634,test
48636,test
48637,test
48638,test
48639,val
48644,test
48645,test
48646,test
48647,test
48649,test
48650,test
48651,test
48652,test
48653,test
48655,test
48656,train
48657,test
48659,test
48660,test
48662,test
48664,test
48665,test
48667,test
48670,test
48671,test
48673,test
48674,test
48675,test
48676,test
48678,test
48679,test
48680,val
48681,val
48683,test
48684,test
48686,test
48692,test
48693,test
48694,test
48695,test
48698,test
48700,test
48701,test
48702,test
48704,test
48707,test
48708,val
48710,test
48712,test
48713,test
48716,train
48717,test
48718,test
48720,test
48721,test
48724,test
48725,test
48726,test
48728,test
48731,train
48732,train
48733,train
48734,train
48735,train
48736,test
48737,train
48738,train
48739,train
48741,train
48742,train
48743,train
48744,train
48745,train
48746,test
48747,train
48748,train
48749,train
48750,train
48751,train
48752,train
48753,train
48755,train
48756,train
48757,train
48758,train
48759,train
48760,train
48761,train
48762,train
48763,train
48764,train
48765,train
48766,train
48767,train
48768,train
48769,train
48771,train
48772,val
48774,val
48776,val
48778,train
48781,val
48782,val
48783,val
48784,val
48785,val
48786,val
48787,val
48788,val
48789,val
48790,val
48791,test
48792,val
48793,val
48794,train
48795,val
48796,val
48799,val
48801,val
48803,val
48804,val
48805,val
48806,train
48807,train
48808,train
48809,train
48810,train
48811,train
48812,val
48815,train
48816,val
48821,train
48822,val
48823,train
48824,val
48825,val
48827,val
48833,val
48834,val
48835,train
48836,val
48837,val
48843,val
48844,val
48845,val
48846,val
48848,train
48851,val
48853,train
48854,val
48855,train
48856,val
48857,train
48858,test
48859,train
48861,test
48862,val
48865,train
48866,val
48867,train
48869,train
48870,val
48871,train
48877,val
48878,val
48879,train
48882,train
48883,train
48885,train
48886,train
48887,val
48888,val
48891,val
48892,val
48894,val
48895,val
48896,train
48897,train
48899,train
48900,train
48902,val
48903,train
48906,train
48907,val
48908,val
48910,train
48911,train
48914,train
48915,val
48916,val
48917,val
48921,train
48922,train
48923,train
48925,train
48927,train
48928,train
48929,train
48931,train
48933,train
48934,train
48935,train
48936,train
48939,train
48941,train
48942,train
48943,train
48944,train
48945,train
48946,train
48947,train
48948,train
48949,train
48950,train
48952,train
48953,train
48954,train
48955,train
48956,train
48958,train
48959,train
48960,train
48961,train
48962,train
48963,train
48964,train
48965,train
48966,train
48967,train
48968,train
48969,train
48970,train
48972,train
48975,train
48976,train
48980,train
48981,train
48983,train
48988,train
48989,train
48990,train
48991,train
48992,train
48993,train
48994,train
49001,train
49005,train
49006,train
49008,train
49009,train
49010,train
49011,train
49012,train
49014,test
49016,train
49017,test
49018,train
49019,test
49020,test
49021,train
49023,train
49024,test
49025,val
49026,train
49029,test
49033,train
49034,train
49035,train
49039,train
49040,train
49041,train
49047,train
49049,train
49050,train
49052,train
49054,train
49056,train
49057,train
49059,train
49060,train
49061,train
49062,train
49063,test
49064,train
49065,train
49066,train
49067,train
49068,train
49069,test
49070,train
49071,train
49072,train
49073,test
49074,val
49075,train
49076,test
49077,train
49078,val
49079,train
49080,train
49081,train
49083,val
49084,train
49085,train
49086,train
49087,train
49088,train
49089,train
49090,train
49091,test
49092,train
49093,val
49094,train
49095,val
49096,test
49097,train
49098,train
49099,train
49100,train
49101,train
49102,train
49103,train
49104,train
49105,train
49106,train
49107,train
49108,val
49109,train
49110,train
49111,train
49112,train
49113,train
49114,val
49115,train
49116,train
49117,train
49118,test
49119,train
49120,train
49121,train
49122,train
49123,train
49124,train
49125,test
49126,train
49127,val
49128,train
49129,train
49130,train
49131,train
49132,train
49133,test
49134,train
49135,train
49136,train
49137,test
49138,train
49139,train
49140,train
49141,train
49142,val
49143,train
49144,train
49145,train
49146,train
49147,train
49148,train
49149,train
49150,train
49151,train
49152,train
49153,train
49154,train
49155,train
49156,train
49157,test
49158,train
49159,test
49160,train
49161,val
49162,train
49163,train
49164,val
49165,train
49166,test
49167,train
49168,test
49222,train
49228,train
49229,train
49230,train
49232,train
49233,val
49234,val
49235,train
49236,train
49238,train
49239,val
49240,val
49241,train
49242,train
49244,train
49245,val
49246,train
49247,train
49248,train
49249,train
49250,train
49266,train
49267,train
49268,train
49269,val
49270,train
49287,val
49288,val
49289,train
49290,val
49298,train
49299,train
49300,train
49301,val
49302,val
49303,val
49304,test
49305,test
49306,test
49307,test
49308,test
49310,val
49321,train
49322,train
49323,train
49324,val
49325,train
49326,test
49327,train
49328,train
49329,val
49352,train
49353,train
49354,train
49355,train
49356,train
49357,train
49359,train
49362,train
49363,train
49364,test
49369,train
49371,test
49372,train
49373,train
49375,train
49377,train
49378,train
49381,train
49398,val
49406,val
49407,test
49408,train
49417,train
49419,train
49420,train
49433,train
49434,train
49435,val
49460,val
49461,test
49462,train
49468,train
49469,train
49470,train
49473,train
49475,train
49477,val
49478,val
49480,train
49481,train
49483,train
49484,test
49485,test
49486,train
49487,train
49488,test
49489,val
49490,train
49491,train
49492,train
49493,train
49494,test
49495,train
49496,val
49497,test
49498,train
49499,train
49501,test
49502,train
49503,train
49504,train
49505,train
49506,test
49509,train
49510,train
49511,val
49513,train
49514,train
49515,train
49516,train
49517,test
49518,train
49519,train
49520,train
49521,train
49523,train
49524,train
49525,test
49526,train
49527,train
49528,test
49529,train
49530,train
49532,val
49533,val
49534,train
49535,train
49536,train
49537,train
49538,val
49539,train
49540,val
49541,train
49542,train
49543,train
49544,train
49545,train
49546,train
49547,train
49548,val
49549,train
49551,val
49552,train
49553,train
49554,train
49555,train
49556,train
49557,train
49558,train
49559,train
49560,val
49561,train
49562,train
49563,train
49564,val
49567,val
49568,test
49569,test
49570,test
49571,train
49572,train
49573,test
49574,test
49575,test
49576,train
49577,train
49578,test
49579,train
49580,test
49581,train
49582,train
49583,train
49584,train
49585,train
49586,val
49587,train
49588,train
49589,val
49590,train
49592,val
49593,train
49594,test
49595,train
49596,val
49597,test
49598,train
49599,train
49600,train
49601,train
49602,train
49603,val
49604,train
49605,train
49606,test
49607,train
49608,test
49609,train
49610,train
49611,train
49612,train
49613,train
49614,train
49615,train
49616,train
49617,train
49618,test
49619,train
49620,train
49621,train
49622,test
49623,train
49624,train
49626,train
49629,train
49630,train
49631,val
49633,train
49634,train
49635,train
49636,val
49637,train
49638,train
49639,train
49640,train
49641,train
49642,train
49646,train
49647,test
49648,train
49650,train
49651,test
49652,train
49653,train
49654,train
49655,train
49657,train
49659,train
49660,train
49661,train
49662,train
49663,val
49664,val
49665,val
49666,val
49668,val
49669,val
49670,val
49671,val
49672,val
49673,val
49674,val
49675,val
49676,val
49677,train
49678,train
49679,val
49680,val
49681,train
49684,val
49686,val
49687,train
49688,val
49689,train
49690,train
49692,train
49693,train
49694,val
49696,test
49697,train
49699,train
49700,train
49701,train
49704,val
49705,train
49706,train
49707,train
49708,val
49709,val
49710,val
49711,train
49713,val
49714,val
49715,test
49716,val
49717,train
49718,val
49719,val
49720,train
49721,train
49722,test
49723,val
49726,train
49727,train
49728,train
49729,train
49730,train
49731,train
49732,val
49733,test
49734,train
49735,test
49736,train
49737,train
49738,train
49739,train
49740,train
49741,train
49742,train
49743,train
49744,val
49745,train
49746,val
49747,train
49749,train
49750,train
49751,train
49752,train
49753,train
49754,val
49755,val
49756,val
49757,train
49758,val
49759,train
49760,train
49761,test
49762,train
49763,val
49764,train
49765,val
49766,train
49767,train
49768,train
49769,train
49770,val
49772,train
49773,train
49774,train
49775,train
49776,train
49779,train
49780,test
49781,train
49782,val
49783,val
49784,train
49785,train
49786,train
49787,train
49788,train
49789,train
49790,train
49791,train
49792,train
49793,train
49794,train
49798,train
49799,train
49802,train
49804,train
49807,train
49808,train
49809,test
49810,train
49811,train
49812,train
49813,train
49814,train
49815,val
49816,train
49817,train
49818,train
49819,val
49820,train
49821,train
49822,train
49823,val
49824,train
49825,train
49826,train
49827,test
49828,train
49829,val
49830,train
49831,train
49832,train
49833,train
49834,val
49835,test
49836,train
49837,train
49838,val
49839,train
49843,train
49844,val
49845,train
49846,test
49847,train
49848,train
49849,train
49851,train
49855,train
49856,train
49857,train
49858,train
49859,test
49860,train
49861,train
49862,train
49863,train
49864,train
49865,train
49866,train
49867,train
49868,val
49869,train
49870,test
49871,train
49872,train
49873,train
49874,val
49875,train
49876,val
49877,train
49878,val
49879,train
49880,train
49881,train
49882,val
49883,train
49884,train
49885,val
49886,val
49887,train
49888,train
49889,test
49890,val
49891,train
49892,val
49893,val
49894,train
49895,val
49896,train
49897,train
49898,val
49899,train
49900,test
49901,train
49902,train
49903,train
49904,val
49906,train
49907,train
49911,train
49913,test
49914,test
49915,val
49916,train
49917,train
49918,train
49919,train
49920,train
49921,train
49922,val
49923,train
49924,train
49925,train
49926,val
49927,train
49928,train
49929,test
49930,train
49931,train
49933,val
49936,val
49937,val
49938,train
49939,val
49940,train
49941,test
49942,train
49943,val
49944,test
49945,val
49946,train
49948,test
49949,train
49951,train
49952,train
49953,train
49954,train
49955,train
49956,train
49957,train
49958,test
49959,train
49961,train
49962,train
49963,test
49964,train
49965,test
49966,train
49967,train
49968,train
49969,val
49970,train
49972,train
49973,train
49974,train
49975,train
49976,train
49977,train
49978,train
49979,train
49980,train
49981,train
49982,train
49983,test
49984,train
49985,test
49986,train
49987,train
49988,train
49989,train
49990,train
49991,train
49993,test
49995,train
49996,test
49997,train
49998,val
49999,train
50000,train
50001,val
50002,train
50003,test
50004,train
50005,train
50006,train
50007,train
50008,train
50009,train
50010,train
50011,train
50012,test
50013,train
50014,train
50015,train
50016,val
50017,train
50018,train
50019,train
50020,train
50021,train
50022,train
50023,train
50024,train
50025,train
50026,train
50027,val
50028,train
50029,val
50030,val
50031,train
50032,train
50033,train
50034,val
50035,train
50036,test
50037,test
50038,train
50039,train
50040,train
50041,train
50042,train
50043,train
50044,train
50045,train
50046,train
50047,train
50051,train
50145,val
50146,train
50147,test
50148,val
50149,test
50150,test
50151,val
50152,train
50153,train
50154,train
50155,train
50156,train
50157,train
50158,train
50159,train
50160,train
50161,train
50162,train
50163,train
50164,train
50165,train
50166,train
50167,train
50168,train
50169,train
50170,train
50171,train
50172,val
50173,train
50174,val
50175,train
50176,test
50177,train
50178,test
50179,val
50180,test
50181,val
50183,train
50184,train
50185,test
50186,train
50187,train
50188,train
50189,val
50190,val
50191,train
50192,train
50193,train
50194,val
50195,val
50199,train
50200,train
50201,train
50202,train
50203,train
50204,train
50205,train
50206,val
50207,train
50208,train
50209,train
50210,train
50211,train
50212,train
50213,train
50214,test
50215,train
50216,val
50217,train
50218,train
50219,train
50220,train
50221,test
50222,train
50223,train
50224,train
50225,test
50226,train
50227,train
50228,train
50229,train
50230,train
50231,train
50232,train
50233,train
50234,train
50235,train
50236,train
50237,train
50238,train
50239,train
50240,test
50241,val
50242,train
50243,val
50276,train
50277,train
50278,train
50279,train
50280,val
50281,test
50282,val
50283,train
50284,train
50285,train
50286,train
50287,train
50288,train
50289,train
50290,train
50291,train
50292,train
50293,train
50294,train
50295,train
50296,train
50297,train
50298,train
50302,train
50303,train
50304,train
50305,train
50306,train
50307,train
50308,train
50309,train
50310,val
50311,train
50312,val
50313,train
50314,train
50315,train
50316,train
50317,train
50318,val
50319,train
50320,train
50321,test
50322,val
50323,train
50324,test
50325,train
50326,train
50327,val
50328,train
50329,train
50330,train
50331,train
50332,train
50333,train
50334,train
50335,train
50336,test
50337,val
50338,val
50339,train
50340,train
50341,train
50342,train
50343,val
50344,train
50345,train
50346,train
50347,train
50348,train
50349,train
50350,train
50351,train
50352,train
50353,train
50354,train
50355,train
50356,val
50357,train
50375,train
50376,test
50377,train
50378,train
50379,train
50382,train
50383,test
50384,train
50385,val
50386,train
50387,train
50388,train
50389,val
50390,train
50391,val
50392,train
50393,train
50394,val
50395,val
50396,val
50400,val
50401,train
50402,train
50403,train
50404,train
50405,train
50406,train
50417,val
50418,val
50419,test
50420,test
50421,train
50422,train
50423,train
50425,train
50426,train
50427,train
50428,test
50429,train
50430,train
50431,train
50432,val
50433,train
50434,train
50435,train
50436,train
50437,train
50438,train
50439,val
50440,val
50441,train
50442,val
50443,train
50444,val
50445,train
50446,test
50447,train
50448,train
50449,train
50450,test
50451,train
50452,val
50453,val
50454,train
50455,train
50456,val
50457,train
50458,train
50459,train
50460,train
50461,train
50462,train
50463,train
50464,train
50465,train
50466,train
50467,test
50468,train
50469,train
50470,train
50471,train
50472,train
50473,train
50474,train
50475,train
50476,train
50477,train
50478,train
50480,val
50481,train
50482,train
50483,train
50484,train
50485,train
50486,test
50487,train
50488,train
50489,val
50490,val
50491,train
50492,train
50493,train
50494,train
50495,train
50496,train
50497,train
50498,train
50499,test
50500,train
50501,train
50502,train
50503,val
50504,train
50505,test
50506,train
50507,val
50508,val
50509,train
50510,val
50512,train
50513,val
50514,train
50515,train
50516,train
50518,train
50519,train
50520,test
50521,train
50522,train
50523,train
50524,train
50525,val
50526,train
50527,val
50528,train
50530,train
50532,test
50533,val
50535,train
50536,val
50540,train
50541,train
50542,val
50543,train
50544,test
50545,test
50546,test
50547,test
50548,test
50549,test
50550,val
50551,test
50552,train
50553,train
50554,test
50555,train
50556,train
50557,train
50558,train
50559,train
50560,test
50561,train
50562,train
50563,train
50564,test
50565,test
50567,train
50568,test
50569,train
50570,test
50571,test
50572,train
50573,val
50574,train
50575,val
50576,train
50577,train
50578,train
50579,train
50581,train
50583,train
50584,val
50585,train
50586,train
50587,val
50588,test
50589,train
50590,train
50591,val
50592,train
50593,train
50594,val
50595,val
50596,test
50597,test
50598,train
50599,train
50600,val
50601,val
50602,train
50603,train
50604,train
50605,train
50606,train
50607,test
50608,train
50609,train
50610,train
50611,train
50612,train
50613,train
50614,train
50615,train
50616,train
50617,val
50618,train
50619,train
50620,train
50621,train
50622,test
50623,train
50624,train
50625,train
50626,val
50627,train
50628,train
50629,train
50630,test
50631,train
50632,train
50633,test
50634,train
50635,train
50636,test
50637,train
50638,train
50639,train
50640,train
50641,train
50642,train
50643,train
50648,val
50649,train
50650,train
50651,train
50652,train
50653,train
50654,train
50655,train
50656,train
50657,train
50658,train
50659,train
50660,train
50661,train
50662,train
50663,train
50664,test
50665,train
50666,test
50667,train
50668,test
50669,train
50670,train
50671,test
50672,train
50673,train
50674,train
50675,train
50676,train
50678,train
50680,val
50681,train
50682,train
50683,train
50684,test
50686,train
50688,val
50689,train
50690,train
50691,test
50692,train
50693,train
50694,train
50698,train
50701,val
50702,train
50703,val
50705,train
50708,train
50710,train
50711,train
50712,train
50713,train
50714,train
50715,val
50717,train
50718,train
50719,val
50720,train
50721,train
50722,train
50723,train
50724,train
50725,train
50726,train
50727,val
50728,val
50729,val
50730,val
50731,val
50732,val
50733,train
50734,train
50735,train
50736,train
50737,train
50738,train
50739,train
50740,train
50741,val
50742,test
50743,test
50744,train
50746,train
50747,train
50748,test
50749,test
50750,test
50751,train
50752,train
50753,train
50754,test
50755,val
50756,train
50757,val
50758,val
50759,train
50760,val
50761,train
50762,val
50763,train
50764,train
50765,train
50773,train
50774,train
50775,train
50776,train
50777,val
50778,test
50783,val
50784,val
50815,test
50816,train
50817,train
50819,train
50820,train
50821,train
50822,train
50823,train
50824,train
50825,train
50826,train
50827,train
50828,train
50829,train
50830,val
50831,val
50832,train
50833,train
50834,train
50835,val
50836,train
50837,val
50838,val
50839,val
50842,train
50843,train
50844,train
50849,train
50850,test
50851,train
50852,train
50853,val
50854,train
50855,val
50856,test
50859,train
50860,test
50861,train
50864,val
50865,train
50866,train
50868,train
50869,train
50870,train
50871,train
50872,train
50873,val
50874,train
50875,train
50876,val
50877,val
50878,train
50879,train
50880,train
50881,train
50882,train
50883,train
50884,train
50885,train
50886,train
50887,val
50889,train
50890,train
50891,train
50892,train
50893,val
50894,val
50895,train
50896,val
50898,train
50899,train
50900,train
50901,train
50902,test
50903,train
50904,train
50905,train
50906,train
50907,train
50908,train
50910,train
50911,train
50916,val
50921,val
50928,val
50929,train
50936,test
50937,train
50939,train
50941,val
50942,train
50943,train
50944,train
50945,train
50946,train
50947,train
50948,test
50949,train
50950,val
50951,test
50952,train
50953,train
50954,val
50955,train
50956,test
50957,val
50958,val
50960,val
50961,test
50962,train
50963,train
50964,val
50965,train
50966,train
50967,test
50968,val
50969,train
50970,train
50971,train
50972,val
50973,train
50974,train
50975,train
50976,train
50977,train
50978,test
50979,train
50980,test
50981,train
50982,train
50983,val
50984,train
50985,test
50986,train
50987,train
50988,train
50989,val
50990,train
50991,train
50992,train
50993,train
50994,train
50995,test
50996,train
50997,train
50998,val
50999,train
51000,test
51001,train
51002,train
51003,test
51004,test
51005,train
51006,train
51007,val
51008,train
51009,train
51010,train
51011,train
51012,test
51013,train
51014,train
51015,train
51016,train
51017,train
51018,val
51019,val
51020,train
51021,train
51022,train
51023,train
51024,train
51025,train
51026,train
51027,train
51028,train
51029,test
51030,test
51031,val
51032,val
51033,train
51034,train
51035,train
51036,val
51037,train
51038,val
51039,test
51040,train
51041,train
51042,train
51043,val
51044,train
51045,test
51046,train
51047,train
51048,train
51049,train
51050,test
51051,train
51052,test
51053,val
51054,train
51055,train
51056,train
51057,train
51058,train
51059,train
51060,val
51061,train
51075,train
51077,train
51078,val
51079,train
51081,val
51084,train
51088,train
51090,test
51091,train
51092,train
51108,train
51115,train
51118,train
51119,train
51124,train
51126,test
51135,train
51140,train
51141,train
51142,train
51143,train
51144,train
51145,train
51147,train
51148,train
51149,train
51150,train
51151,train
51152,train
51153,train
51154,train
51155,train
51156,train
51157,train
51158,train
51159,train
51160,train
51161,train
51162,train
51163,train
51164,train
51165,train
51166,train
51167,train
51168,train
51169,train
51170,train
51171,train
51172,train
51173,train
51174,train
51175,train
51176,train
51177,train
51178,train
51179,train
51180,train
51181,train
51182,train
51183,train
51184,train
51185,train
51187,val
51188,val
51193,val
51194,test
51200,train
51202,val
51204,val
51205,val
51206,test
51207,val
51209,train
51214,train
51215,train
51222,train
51225,train
51226,val
51231,val
51232,val
51245,test
51252,train
51253,train
51254,train
51255,train
51256,train
51257,train
51258,train
51259,train
51260,train
51261,train
51262,val
51263,train
51264,train
51265,train
51266,train
51267,train
51269,test
51271,train
51272,train
51278,train
51288,train
51294,train
51301,train
51316,val
51317,train
51318,train
51319,train
51320,train
51321,train
51322,train
51323,test
51324,train
51325,train
51329,val
51330,train
51331,val
51332,train
51333,train
51334,train
51335,train
51336,train
51337,val
51338,train
51339,train
51340,train
51341,train
51342,train
51343,train
51344,train
51345,train
51346,val
51347,train
51348,train
51349,train
51350,train
51351,test
51352,test
51353,test
51354,train
51355,train
51356,test
51359,train
51360,test
51361,train
51362,test
51363,train
51364,test
51365,train
51366,test
51367,train
51368,test
51369,train
51370,train
51372,train
51374,train
51375,val
51376,test
51377,train
51378,train
51379,train
51380,train
51381,val
51382,train
51383,train
51384,train
51385,train
51386,train
51387,val
51388,train
51389,test
51390,train
51391,train
51392,val
51393,train
51394,val
51395,train
51396,train
51397,train
51398,train
51399,train
51400,train
51401,train
51402,val
51403,train
51404,train
51405,train
51406,train
51407,train
51408,train
51409,test
51410,train
51411,test
51412,train
51413,train
51414,test
51415,val
51417,train
51418,train
51419,train
51420,train
51421,train
51422,train
51423,val
51424,train
51425,train
51426,train
51427,train
51428,train
51429,train
51430,train
51431,train
51432,test
51433,train
51434,train
51435,train
51436,train
51437,train
51438,val
51439,test
51440,val
51442,train
51443,train
51444,train
51446,test
51447,val
51448,train
51449,train
51450,train
51452,train
51453,train
51454,train
51455,train
51456,test
51457,test
51458,train
51459,train
51460,train
51461,train
51462,train
51463,train
51464,train
51465,train
51466,train
51470,train
51471,train
51473,train
51475,train
51476,val
51478,val
51482,val
51485,train
51486,train
51487,train
51488,test
51489,train
51495,val
51497,train
51498,train
51499,train
51500,train
51501,train
51502,val
51503,train
51504,train
51505,train
51506,train
51507,train
51508,train
51509,train
51510,train
51511,train
51512,train
51513,train
51514,train
51515,train
51516,train
51517,val
51518,train
51519,train
51520,val
51521,train
51522,train
51523,train
51524,train
51525,train
51526,train
51527,train
51528,train
51529,train
51530,train
51531,train
51532,train
51533,train
51534,train
51535,train
51536,train
51537,train
51538,train
51539,val
51540,val
51541,val
51542,train
51543,train
51544,val
51545,test
51546,test
51547,train
51548,train
51549,test
51550,train
51551,train
51552,train
51553,val
51554,train
51555,train
51556,train
51557,train
51558,test
51559,train
51560,val
51561,train
51562,test
51563,train
51564,train
51565,train
51566,train
51570,train
51573,test
51574,train
51576,test
51577,val
51579,train
51581,test
51582,test
51583,train
51584,train
51585,val
51586,val
51587,test
51588,train
51589,train
51590,train
51591,val
51592,test
51594,train
51595,train
51596,train
51597,train
51598,train
51599,train
51600,train
51601,train
51602,train
51603,train
51604,train
51605,train
51606,val
51607,train
51608,train
51609,train
51610,train
51611,train
51612,train
51613,train
51614,test
51615,train
51616,train
51617,train
51618,train
51619,test
51620,train
51621,test
51622,train
51623,train
51624,train
51625,train
51626,val
51627,val
51628,test
51629,train
51630,test
51631,test
51632,train
51633,train
51634,train
51635,train
51636,test
51637,test
51638,train
51639,train
51640,train
51641,val
51642,test
51643,test
51644,train
51645,train
51646,test
51647,train
51648,test
51649,val
51650,train
51651,val
51652,test
51653,train
51654,train
51655,val
51656,train
51657,test
51658,train
51659,train
51660,train
51661,train
51662,train
51663,train
51664,train
51665,test
51666,val
51667,train
51668,train
51669,train
51670,train
51671,train
51672,train
51673,train
51674,test
51675,test
51676,train
51677,val
51678,test
51679,train
51680,test
51681,test
51682,test
51683,train
51684,test
51685,train
51686,val
51687,train
51688,test
51689,train
51690,train
51691,test
51692,val
51693,test
51694,train
51695,train
51696,train
51697,val
51698,train
51699,train
51700,test
51701,test
51702,train
51703,train
51704,train
51705,train
51706,train
51707,train
51708,train
51709,test
51710,val
51711,train
51712,train
51713,train
51714,train
51715,train
51716,train
51717,train
51718,train
51719,train
51720,train
51721,train
51722,train
51723,test
51724,val
51725,val
51726,test
51727,train
51728,train
51729,val
51730,test
51731,val
51732,test
51733,train
51734,train
51735,train
51736,train
51737,train
51741,train
51750,test
51751,train
51752,train
51753,test
51754,train
51755,train
51756,train
51757,train
51758,train
51759,train
51760,train
51761,train
51762,train
51763,train
51764,test
51765,test
51767,test
51768,train
51769,train
51770,train
51771,train
51772,train
51776,train
51777,val
51778,train
51779,train
51781,train
51784,train
51785,train
51786,train
51794,train
51795,train
51797,train
51798,train
51799,train
51800,train
51801,train
51802,train
51805,val
51806,train
51807,train
51808,train
51809,test
51810,train
51811,train
51812,train
51815,train
51816,train
51817,train
51825,val
51826,train
51827,test
51829,train
51832,train
51835,train
51838,val
51843,train
51844,train
51846,test
51847,val
51854,train
51857,train
51860,train
51867,train
51870,train
51874,train
51876,test
51877,test
51878,train
51879,train
51880,test
51881,train
51882,test
51883,test
51884,val
51885,train
51886,val
51887,train
51888,train
51889,val
51890,train
51891,test
51892,train
51893,train
51894,train
51895,test
51896,train
51897,val
51898,test
51899,test
51900,test
51901,train
51904,train
51905,train
51906,test
51908,train
51909,train
51910,train
51911,train
51912,val
51913,test
51914,train
51915,train
51916,train
51918,test
51919,train
51920,val
51921,train
51922,test
51923,val
51924,train
51926,train
51927,val
51928,test
51929,train
51931,train
51932,val
51934,train
51936,train
51937,train
51938,train
51939,train
51940,test
51941,train
51942,train
51944,val
51947,train
51948,train
51949,train
51951,val
51955,train
51956,train
51958,train
51960,val
51961,train
51966,train
51976,val
51978,train
51981,test
51982,train
51983,test
51988,val
51992,train
51993,train
51994,val
51995,val
51999,train
