id,kmeans_cluster
1163,1
1164,1
1165,68
1525,75
1526,12
1528,68
1529,31
1530,31
1531,114
1532,106
1533,31
1534,15
1535,95
1536,15
1537,31
1538,15
1539,106
1540,15
1541,19
1542,19
1543,67
1544,19
1545,16
1546,16
1547,67
1548,16
1549,16
1550,57
1551,57
1552,57
1553,57
1554,93
1555,93
1556,12
1557,12
1558,93
1559,75
1561,110
1562,114
1563,114
1565,8
1566,95
1567,21
1569,21
1570,62
1571,19
1572,28
1573,50
1575,79
1577,93
1578,31
1579,107
1580,62
1581,62
1582,62
1583,62
1584,34
1587,16
1588,79
1590,2
1591,86
1592,58
1594,19
1595,101
1596,93
1597,54
1598,70
1599,71
1603,107
1604,50
1605,28
1607,50
1608,28
1609,102
1610,107
1611,68
1612,79
1613,79
1614,79
1615,45
1616,10
1617,31
1618,19
1619,73
1620,21
1621,21
1622,107
1623,98
1624,12
1625,31
1626,57
1627,57
1628,93
1634,2
1635,58
1636,19
1637,19
1638,73
1641,19
1642,119
1644,98
1645,80
1646,53
1647,8
1648,88
1649,109
1651,110
1653,6
1654,19
1656,1
1657,19
1658,1
1662,107
1668,31
1670,18
1671,15
1673,68
1678,108
1689,79
1697,12
1727,119
1728,30
1729,16
1730,2
1731,19
1752,31
1754,15
1755,31
1756,47
1757,68
1758,47
1759,41
1760,79
1762,82
1763,102
1764,86
1765,34
1766,114
1782,46
1783,46
1784,19
1785,19
1786,19
1787,19
1788,19
1789,119
1790,117
1791,95
1792,75
1793,8
1794,12
1795,12
1796,114
1798,101
1799,4
1800,12
1801,88
1802,109
1803,62
1804,21
1805,36
1806,46
1807,31
1808,93
1809,82
1810,31
1811,31
1812,106
1813,114
1814,90
1827,19
1828,19
1831,19
1832,119
1833,119
1836,19
1841,19
1842,19
1844,41
1845,15
1846,114
1847,41
1848,15
1849,47
1852,41
1853,112
1854,52
1855,106
1856,31
1857,15
1859,31
1860,106
1861,79
1862,106
1863,90
1865,79
1866,31
1867,114
1868,79
1869,114
1870,15
1871,47
1872,79
1875,108
1876,55
1877,106
1879,31
1880,41
1881,106
1882,31
1883,50
1884,28
1885,74
1886,106
1887,108
1888,41
1889,41
1890,31
1891,79
1892,107
1895,68
1897,114
1902,114
1903,112
1904,114
1905,114
1906,79
1907,80
1909,1
1910,80
1911,1
1912,47
1913,80
1915,93
1916,2
1917,16
1918,75
1919,119
1920,119
1922,15
1923,19
1924,79
1925,12
1926,15
1927,75
1928,108
1929,36
1930,12
1931,41
1932,6
1933,12
1934,12
1935,12
1936,12
1937,2
1938,114
1939,70
1941,88
1942,79
1943,115
1944,114
1945,108
1946,108
1947,114
1948,15
1949,79
1950,15
1951,58
1962,19
1963,19
1964,119
1966,101
1972,79
1973,106
1976,74
1977,74
1978,117
1981,57
1982,0
1983,82
1984,110
1985,98
1986,82
1988,98
1989,62
1990,23
1991,82
1992,112
1993,34
1994,117
1995,31
1996,106
1997,0
1998,106
1999,50
2001,45
2002,117
2003,41
2004,31
2005,41
2006,79
2007,68
2008,107
2009,55
2010,112
2011,114
2012,55
2014,112
2015,15
2023,114
2024,31
2025,60
2026,68
2027,107
2028,15
2029,114
2030,90
2031,107
2032,47
2033,79
2034,41
2035,15
2036,112
2037,41
2038,41
2039,47
2040,55
2041,114
2042,47
2044,47
2045,41
2046,114
2047,41
2048,15
2049,79
2050,15
2051,79
2052,90
2053,106
2054,52
2055,106
2056,106
2057,94
2058,31
2059,114
2060,114
2061,114
2062,79
2065,15
2069,110
2078,62
2089,31
2090,15
2091,31
2092,114
2093,10
2094,10
2095,10
2096,60
2097,10
2098,111
2099,111
2100,52
2101,10
2102,111
2103,10
2104,83
2105,28
2106,21
2107,21
2108,21
2109,28
2110,50
2111,28
2112,86
2113,86
2114,28
2115,28
2116,28
2117,73
2118,28
2119,34
2120,114
2121,68
2122,62
2123,82
2124,62
2125,47
2126,111
2127,83
2128,39
2129,10
2130,10
2131,10
2132,52
2133,41
2134,52
2135,83
2136,10
2137,10
2138,111
2139,79
2140,79
2141,108
2142,60
2143,45
2144,79
2145,108
2146,45
2147,45
2148,45
2149,45
2150,45
2151,45
2152,45
2153,114
2154,47
2155,68
2156,41
2157,112
2158,31
2159,108
2160,31
2161,107
2162,10
2163,83
2164,111
2165,10
2166,111
2167,111
2168,111
2169,65
2170,83
2171,45
2172,45
2176,114
2177,45
2179,63
2180,45
2181,114
2182,94
2183,55
2184,114
2185,94
2187,21
2188,62
2189,106
2190,50
2191,21
2192,47
2193,21
2194,41
2195,86
2196,65
2197,19
2198,16
2199,109
2200,31
2201,15
2202,47
2203,114
2204,90
2205,79
2206,106
2207,114
2208,67
2209,55
2210,15
2211,46
2212,108
2213,46
2214,22
2215,46
2216,99
2217,57
2218,46
2219,2
2220,46
2221,75
2222,46
2223,28
2224,46
2225,46
2226,62
2227,46
2228,57
2229,79
2230,46
2231,46
2232,47
2233,42
2234,15
2235,46
2237,55
2238,67
2239,52
2240,114
2241,108
2242,114
2243,47
2244,97
2245,110
2246,12
2247,20
2248,67
2249,75
2250,30
2251,67
2252,15
2253,112
2254,20
2255,28
2256,41
2257,79
2259,107
2260,80
2261,75
2262,5
2263,12
2264,12
2265,47
2266,108
2267,98
2268,60
2269,23
2270,48
2271,98
2272,1
2273,98
2274,47
2275,47
2276,1
2278,1
2279,31
2280,20
2282,80
2283,41
2284,112
2285,52
2286,68
2287,47
2288,80
2289,1
2290,48
2291,47
2292,62
2293,48
2294,94
2295,48
2296,80
2297,48
2298,31
2299,52
2300,48
2301,47
2302,110
2303,48
2304,98
2305,1
2306,28
2307,52
2309,1
2310,98
2311,48
2312,47
2313,23
2314,80
2315,48
2316,108
2317,47
2318,80
2319,94
2320,80
2321,47
2322,47
2323,79
2324,15
2325,41
2326,47
2327,47
2328,47
2329,106
2330,80
2331,79
2332,47
2333,10
2334,15
2335,10
2336,79
2337,79
2338,55
2339,47
2340,52
2341,15
2342,55
2343,45
2344,68
2345,112
2346,114
2347,79
2348,114
2349,31
2350,47
2351,19
2353,19
2354,93
2355,57
2356,93
2357,75
2358,95
2359,95
2360,95
2361,95
2362,95
2363,12
2364,1
2365,69
2366,12
2367,85
2368,85
2369,85
2370,36
2371,85
2372,36
2373,85
2374,85
2375,36
2376,85
2377,16
2378,85
2379,36
2380,36
2381,85
2382,36
2383,36
2384,36
2385,85
2387,36
2388,85
2389,119
2390,36
2391,36
2393,36
2394,36
2396,36
2397,85
2398,36
2399,36
2400,41
2401,79
2402,15
2403,41
2467,95
2474,2
2477,109
2478,108
2479,106
2480,41
2481,15
2482,62
2483,20
2484,110
2485,89
2486,23
2487,46
2488,46
2489,19
2490,19
2491,114
2492,112
2493,47
2494,16
2495,119
2496,19
2497,67
2498,2
2499,119
2500,109
2501,58
2502,16
2503,119
2504,19
2505,58
2506,6
2507,16
2508,16
2509,119
2510,16
2511,16
2540,36
2541,16
2542,16
2543,30
2544,30
2545,30
2546,67
2547,30
2548,109
2549,58
2550,67
2551,30
2552,30
2553,30
2554,101
2555,62
2556,101
2557,62
2558,28
2559,15
2562,62
2564,101
2572,50
2574,74
2576,26
2577,26
2578,74
2579,73
2580,86
2582,95
2584,28
2585,95
2586,102
2587,114
2588,41
2589,95
2590,86
2591,101
2601,98
2602,20
2603,15
2604,102
2605,110
2606,15
2607,15
2608,16
2609,9
2610,42
2611,9
2612,67
2613,61
2614,16
2615,80
2616,61
2617,98
2618,16
2619,47
2620,47
2621,1
2622,47
2623,42
2624,42
2625,61
2626,9
2627,16
2628,61
2629,42
2630,9
2631,16
2632,16
2633,36
2634,67
2635,67
2636,67
2637,36
2638,85
2639,6
2640,85
2641,16
2642,36
2644,69
2645,69
2647,105
2648,105
2649,54
2650,105
2651,71
2653,115
2654,69
2655,69
2656,71
2657,69
2658,71
2659,71
2661,5
2662,72
2663,54
2664,93
2665,5
2666,75
2667,70
2668,88
2669,105
2670,8
2671,71
2672,17
2673,17
2674,15
2675,80
2676,62
2677,108
2678,90
2679,80
2680,41
2681,41
2682,41
2683,31
2684,52
2685,80
2686,15
2687,102
2688,23
2689,20
2691,73
2693,117
2694,98
2695,57
2697,1
2699,102
2700,47
2701,117
2702,1
2703,98
2704,110
2705,1
2706,5
2707,5
2708,32
2710,32
2711,5
2712,5
2714,98
2715,59
2716,25
2717,10
2718,27
2719,73
2720,73
2722,73
2724,47
2727,117
2728,5
2730,98
2732,47
2737,98
2738,86
2740,5
2741,5
2742,47
2743,79
2744,57
2745,15
2746,73
2747,79
2748,45
2749,45
2750,114
2751,15
2753,45
2755,52
2757,114
2760,15
2762,15
2764,108
2766,106
2778,108
2779,55
2780,108
2781,52
2782,90
2783,31
2784,108
2785,90
2786,79
2787,90
2788,112
2800,16
2801,78
2802,78
2803,78
2805,46
2807,58
2809,36
2812,119
2814,19
2817,2
2820,46
2821,78
2822,36
2823,36
2824,36
2825,36
2826,85
2827,36
2828,109
2830,119
2831,109
2832,19
2833,36
2834,36
2835,15
2836,90
2837,52
2838,114
2840,79
2841,106
2842,90
2843,31
2844,15
2845,114
2846,90
2847,52
2848,45
2849,106
2850,106
2851,114
2852,114
2853,79
2854,108
2855,90
2856,112
2857,106
2858,15
2859,90
2860,41
2861,108
2862,41
2863,108
2865,79
2866,52
2867,90
2868,31
2869,16
2870,9
2872,9
2874,42
2876,42
2877,42
2878,61
2879,42
2880,42
2882,42
2885,42
2886,9
2887,42
2888,61
2889,78
2890,58
2892,61
2893,61
2894,61
2895,42
2897,61
2899,61
2900,16
2901,42
2903,61
2910,61
2912,61
2915,79
2916,117
2918,55
2920,34
2921,34
2922,79
2923,108
2928,79
2931,79
2934,79
2936,20
2937,94
2938,117
2939,10
2940,31
2944,79
2947,117
2953,50
2954,50
2956,117
2963,19
2964,19
2965,19
2966,119
2967,16
2969,15
2970,55
2971,68
2972,79
2973,112
2974,82
2975,114
2976,20
2977,34
2978,48
2979,15
2980,79
2981,1
2982,110
2983,34
2984,31
2985,80
2986,108
2987,85
2988,2
2994,46
2996,31
3009,90
3011,55
3012,10
3013,111
3014,52
3015,31
3016,112
3017,79
3018,90
3019,79
3020,114
3021,114
3023,41
3027,102
3028,90
3029,102
3042,1
3043,9
3044,114
3045,90
3046,31
3047,1
3048,79
3049,90
3050,79
3051,112
3052,52
3054,1
3055,108
3056,52
3057,108
3058,31
3059,31
3060,112
3061,112
3062,114
3063,1
3064,112
3065,62
3066,34
3067,106
3068,117
3069,110
3070,23
3071,1
3072,20
3073,90
3074,117
3075,117
3077,114
3078,108
3079,31
3080,79
3081,79
3082,15
3084,31
3085,112
3087,41
3088,79
3089,115
3095,31
3096,79
3098,108
3100,114
3101,90
3102,79
3103,80
3104,114
3105,31
3107,15
3108,15
3110,15
3120,114
3121,106
3122,106
3123,41
3124,41
3125,90
3126,55
3127,108
3128,90
3129,90
3130,94
3131,79
3132,55
3134,9
3135,42
3136,46
3137,78
3139,61
3140,9
3141,61
3142,90
3150,119
3151,109
3152,109
3154,2
3159,19
3160,19
3161,19
3162,19
3163,19
3165,119
3167,19
3168,19
3170,19
3171,119
3175,2
3177,19
3178,19
3181,119
3182,119
3183,109
3186,19
3187,19
3191,108
3192,90
3193,94
3196,108
3197,31
3198,112
3199,106
3200,108
3201,112
3202,114
3203,31
3204,1
3205,106
3206,106
3207,62
3208,82
3209,20
3210,102
3211,117
3212,19
3213,19
3214,30
3215,19
3216,78
3217,114
3218,2
3219,2
3220,2
3221,19
3223,19
3225,2
3226,2
3227,19
3228,42
3229,2
3230,19
3231,19
3232,2
3235,42
3236,58
3237,16
3238,36
3239,19
3240,58
3241,2
3242,2
3243,2
3245,119
3246,119
3247,2
3248,119
3249,2
3250,58
3251,58
3252,2
3253,2
3254,16
3255,42
3256,2
3257,19
3258,19
3259,19
3260,79
3261,112
3262,79
3263,112
3264,108
3265,114
3266,31
3267,112
3268,79
3269,31
3270,41
3271,31
3272,79
3273,108
3274,90
3275,79
3276,90
3277,79
3278,79
3279,79
3280,106
3281,79
3282,79
3283,90
3284,31
3285,112
3286,15
3287,114
3288,114
3289,79
3290,45
3291,31
3292,55
3293,19
3294,19
3295,19
3296,19
3297,19
3298,19
3299,19
3300,119
3301,19
3302,19
3303,19
3304,19
3305,119
3306,119
3307,119
3308,119
3309,19
3310,19
3311,19
3312,119
3313,1
3314,1
3315,117
3317,97
3318,112
3319,117
3320,52
3321,52
3322,20
3323,52
3324,52
3325,98
3327,98
3328,98
3329,98
3330,98
3332,98
3333,75
3334,75
3335,95
3336,1
3337,90
3338,47
3339,79
3340,95
3341,1
3342,90
3343,112
3344,15
3345,55
3346,90
3347,112
3348,90
3349,15
3350,15
3351,79
3352,112
3353,15
3354,79
3355,90
3356,90
3357,90
3358,47
3359,90
3360,1
3361,90
3362,90
3363,62
3364,15
3365,90
3366,19
3367,19
3370,19
3371,119
3372,119
3373,19
3374,19
3375,109
3376,2
3378,119
3381,105
3382,71
3384,105
3385,105
3386,70
3387,54
3389,71
3390,105
3391,71
3393,115
3395,69
3396,70
3397,8
3398,54
3399,16
3400,105
3401,54
3402,8
3404,69
3405,70
3406,115
3409,79
3410,79
3411,62
3412,112
3413,55
3414,80
3415,79
3416,15
3417,41
3418,90
3419,79
3420,90
3421,79
3422,90
3423,62
3424,90
3425,15
3426,90
3427,90
3428,90
3429,15
3431,90
3432,90
3433,80
3434,15
3436,95
3439,41
3440,86
3441,82
3442,1
3445,26
3446,75
3447,62
3448,80
3449,95
3450,95
3451,1
3452,2
3453,19
3454,19
3455,19
3456,19
3457,19
3458,19
3459,19
3460,19
3461,19
3462,19
3463,19
3464,73
3465,62
3466,19
3467,16
3468,22
3469,93
3470,70
3471,95
3472,93
3473,93
3474,75
3475,12
3476,114
3477,90
3478,79
3479,90
3481,28
3482,63
3483,28
3484,21
3485,90
3486,79
3487,46
3488,46
3489,2
3490,46
3491,46
3492,58
3493,2
3495,110
3496,2
3497,109
3498,109
3500,6
3501,119
3502,62
3503,46
3504,78
3505,19
3506,19
3507,21
3508,4
3509,30
3510,86
3511,4
3515,90
3516,47
3517,112
3518,15
3519,79
3520,90
3521,90
3522,90
3523,15
3524,90
3525,90
3526,80
3527,90
3528,80
3529,90
3530,90
3531,15
3532,34
3533,15
3534,80
3535,15
3536,62
3537,62
3538,90
3539,90
3540,90
3542,74
3543,79
3544,47
3545,119
3546,36
3547,36
3549,16
3550,6
3551,85
3552,85
3553,6
3554,2
3556,6
3557,2
3558,85
3559,6
3560,6
3561,36
3563,2
3564,6
3565,85
3566,19
3567,19
3568,62
3569,78
3570,6
3571,82
3572,106
3573,20
3574,36
3575,46
3576,16
3577,46
3578,46
3579,19
3580,119
3581,46
3582,67
3583,9
3584,1
3585,119
3586,36
3587,58
3588,58
3589,19
3590,119
3591,119
3592,109
3593,2
3594,19
3595,58
3596,119
3597,119
3598,1
3599,1
3600,41
3601,41
3602,114
3603,30
3604,119
3605,119
3606,119
3607,2
3608,58
3609,109
3610,119
3612,106
3613,41
3614,1
3615,95
3616,80
3617,98
3618,30
3619,30
3620,30
3621,67
3622,67
3623,30
3624,46
3625,67
3626,58
3627,46
3628,46
3629,30
3630,67
3631,67
3632,30
3633,46
3634,46
3635,19
3636,67
3637,36
3638,19
3639,19
3640,119
3641,119
3642,119
3643,109
3644,109
3645,119
3646,119
3647,19
3648,19
3649,2
3650,19
3651,2
3652,2
3653,68
3654,19
3655,36
3656,78
3657,58
3658,2
3659,19
3660,19
3661,19
3662,2
3663,36
3664,19
3665,19
3666,2
3667,19
3668,19
3669,2
3670,19
3671,109
3672,2
3673,19
3674,36
3675,19
3676,19
3677,2
3679,90
3680,47
3681,90
3682,1
3683,108
3684,41
3685,15
3686,62
3687,62
3688,19
3689,19
3690,119
3691,119
3692,19
3693,16
3694,109
3695,19
3696,36
3697,98
3698,117
3699,80
3700,102
3701,90
3702,90
3703,102
3704,110
3705,45
3706,79
3707,52
3708,114
3709,18
3710,11
3711,106
3712,41
3713,108
3714,55
3715,31
3716,90
3717,106
3718,83
3719,79
3720,95
3721,11
3722,108
3723,79
3724,23
3725,82
3727,94
3728,1
3729,1
3730,117
3731,117
3732,94
3733,94
3734,94
3735,117
3736,95
3737,95
3738,47
3739,95
3740,95
3741,94
3742,80
3743,94
3744,1
3745,117
3746,117
3747,15
3748,106
3749,114
3750,52
3751,114
3752,108
3753,15
3754,114
3755,15
3756,31
3757,79
3758,108
3759,52
3760,15
3761,79
3762,52
3763,106
3764,41
3765,112
3766,31
3767,114
3768,31
3769,114
3770,108
3771,112
3772,90
3773,45
3774,31
3775,52
3776,108
3777,45
3778,79
3779,45
3780,108
3781,112
3782,1
3783,47
3784,15
3785,45
3786,41
3787,90
3788,79
3789,45
3790,119
3791,45
3792,31
3793,114
3794,45
3795,2
3796,79
3797,58
3798,119
3799,48
3800,48
3802,119
3804,19
3805,78
3806,108
3807,98
3808,109
3809,94
3810,1
3811,98
3812,2
3813,117
3814,1
3815,94
3816,1
3817,117
3818,108
3819,48
3820,5
3821,9
3822,30
3823,16
3824,78
3825,109
3826,58
3827,46
3828,30
3829,109
3830,46
3831,16
3832,58
3833,58
3834,16
3835,36
3836,85
3837,6
3838,42
3839,78
3840,78
3841,61
3842,61
3843,61
3844,112
3845,90
3846,79
3847,79
3849,41
3850,114
3851,48
3852,98
3853,48
3854,48
3855,98
3856,90
3857,90
3858,106
3859,79
3860,79
3861,79
3862,112
3863,106
3864,79
3865,106
3866,112
3867,94
3868,79
3869,79
3870,79
3871,90
3872,114
3873,106
3874,106
3875,106
3876,90
3877,90
3878,106
3879,79
3880,112
3881,41
3882,114
3883,41
3884,106
3885,112
3886,114
3887,31
3888,106
3889,31
3890,79
3891,79
3892,48
3893,23
3894,48
3895,110
3896,73
3897,47
3898,48
3899,47
3900,48
3901,73
3902,48
3903,117
3904,5
3906,100
3907,100
3908,35
3909,86
3910,86
3911,86
3912,86
3913,79
3914,90
3915,31
3916,79
3917,84
3918,74
3919,28
3920,84
3921,28
3922,74
3923,50
3925,112
3926,79
3927,79
3928,117
3929,102
3930,23
3931,34
3932,5
3933,82
3934,48
3935,117
3936,62
3937,98
3938,110
3939,110
3940,48
3941,23
3942,20
3943,20
3944,5
3945,110
3946,110
3947,110
3948,110
3949,110
3950,38
3951,82
3952,48
3953,98
3954,48
3955,98
3956,110
3957,117
3958,23
3959,62
3960,20
3961,34
3962,62
3963,62
3964,113
3965,32
3966,98
3967,62
3968,27
3969,62
3970,62
3971,20
3972,62
3973,113
3974,113
3975,98
3976,34
3977,23
3978,31
3979,114
3980,94
3981,108
3982,79
3983,79
3984,114
3985,114
3986,112
3987,79
3988,114
3989,31
3990,114
3991,79
3992,90
3993,31
3994,108
3995,114
3996,67
3997,30
3998,16
4000,30
4001,30
4002,30
4003,67
4004,30
4005,30
4006,67
4007,93
4008,93
4009,93
4010,93
4011,117
4012,93
4013,93
4014,90
4015,90
4016,58
4017,2
4018,119
4019,109
4020,6
4021,85
4022,119
4023,58
4024,109
4025,58
4026,2
4027,119
4028,119
4029,90
4030,90
4031,79
4032,15
4033,90
4034,90
4035,90
4036,15
4037,47
4038,1
4039,95
4040,1
4041,1
4042,1
4043,2
4044,19
4045,19
4046,19
4047,19
4048,19
4049,19
4050,90
4051,112
4052,90
4053,79
4054,15
4055,79
4056,79
4057,79
4058,79
4059,114
4060,79
4061,112
4062,15
4063,79
4064,46
4065,78
4066,85
4067,16
4068,6
4069,6
4070,119
4071,119
4072,119
4073,2
4074,109
4075,109
4076,58
4077,2
4078,58
4079,31
4080,31
4081,79
4082,112
4083,112
4084,79
4085,79
4086,114
4087,55
4088,45
4089,55
4090,31
4091,79
4092,31
4093,114
4094,114
4095,90
4096,90
4097,80
4098,48
4099,1
4100,46
4101,46
4102,19
4103,46
4104,46
4105,46
4106,46
4107,46
4108,46
4109,46
4110,46
4111,46
4112,46
4113,19
4114,46
4117,119
4118,119
4119,16
4120,119
4121,16
4122,119
4123,119
4124,117
4125,94
4126,2
4127,119
4128,119
4129,119
4130,58
4131,119
4132,58
4133,19
4134,119
4135,2
4136,19
4137,19
4138,119
4139,2
4140,19
4141,19
4142,2
4143,2
4144,19
4145,19
4146,19
4147,19
4148,19
4149,19
4150,58
4151,2
4152,19
4153,2
4154,19
4155,109
4156,19
4157,19
4158,19
4159,119
4160,110
4161,20
4162,82
4163,119
4164,19
4166,19
4168,119
4169,6
4170,16
4171,19
4172,19
4173,119
4174,119
4175,19
4179,36
4180,85
4181,85
4183,85
4184,85
4186,1
4187,98
4188,1
4189,98
4190,117
4191,23
4192,1
4193,5
4194,31
4195,52
4196,114
4197,55
4198,98
4199,117
4200,1
4201,23
4202,1
4203,1
4204,110
4205,98
4206,98
4207,1
4208,98
4209,23
4210,1
4211,1
4212,117
4213,48
4214,117
4215,47
4216,117
4217,1
4218,20
4219,94
4220,106
4221,90
4222,90
4223,108
4224,94
4225,41
4226,106
4227,106
4228,31
4229,31
4230,112
4231,114
4232,108
4233,94
4234,79
4235,90
4236,52
4237,31
4238,106
4239,106
4240,108
4241,31
4242,41
4243,114
4244,41
4245,41
4246,108
4247,31
4248,79
4249,90
4250,108
4251,106
4252,108
4253,90
4254,90
4256,106
4257,114
4258,106
4259,79
4260,112
4261,55
4262,79
4263,98
4264,102
4265,48
4266,58
4267,19
4268,58
4269,19
4270,85
4272,85
4274,119
4275,6
4276,119
4278,46
4279,6
4281,36
4282,89
4283,36
4284,36
4286,119
4290,31
4292,90
4293,112
4294,106
4295,31
4296,90
4297,90
4298,114
4299,106
4300,108
4301,47
4302,94
4303,117
4304,48
4305,23
4306,98
4307,23
4308,98
4309,80
4310,23
4311,23
4312,94
4313,48
4314,47
4315,52
4316,80
4317,98
4318,94
4319,1
4320,23
4321,98
4322,23
4323,1
4324,94
4325,1
4326,48
4327,1
4328,98
4329,94
4330,1
4331,94
4332,109
4334,67
4336,19
4337,19
4338,2
4339,19
4340,58
4342,2
4343,58
4344,19
4345,19
4346,78
4351,106
4352,79
4353,90
4354,114
4355,79
4356,108
4357,108
4358,106
4359,90
4361,1
4362,106
4363,90
4364,79
4365,106
4366,90
4367,90
4368,90
4370,90
4371,106
4373,90
4374,90
4375,15
4376,1
4377,106
4378,114
4379,79
4380,31
4381,10
4382,106
4383,114
4385,114
4386,106
4387,106
4388,108
4389,90
4390,79
4391,106
4392,114
4393,90
4394,106
4396,106
4397,106
4398,15
4399,90
4400,55
4401,90
4402,90
4403,90
4404,90
4405,90
4406,90
4407,62
4408,114
4409,106
4410,15
4411,106
4412,15
4413,90
4415,90
4416,55
4417,79
4418,45
4419,45
4420,18
4421,106
4422,79
4423,114
4424,106
4425,106
4426,55
4427,15
4428,106
4429,55
4431,15
4432,79
4433,45
4435,47
4436,16
4437,2
4438,119
4439,2
4440,16
4441,19
4443,16
4444,119
4445,119
4446,46
4447,46
4448,2
4449,95
4450,95
4451,33
4452,95
4453,95
4454,6
4455,119
4456,47
4457,80
4458,47
4459,80
4460,1
4461,68
4462,68
4464,98
4465,98
4466,2
4467,19
4468,19
4469,119
4470,119
4471,119
4472,19
4473,119
4474,109
4475,19
4476,19
4477,19
4478,119
4479,19
4480,119
4482,58
4483,58
4484,19
4485,2
4486,119
4487,2
4488,19
4489,19
4490,19
4491,19
4492,19
4493,19
4494,58
4495,119
4496,19
4497,19
4498,19
4499,119
4500,6
4501,119
4502,19
4503,19
4504,19
4505,19
4506,119
4507,19
4508,19
4509,119
4510,19
4511,19
4512,19
4513,2
4514,19
4515,19
4516,19
4517,2
4518,19
4519,19
4520,119
4521,19
4522,19
4523,109
4524,2
4525,19
4526,85
4527,2
4528,2
4529,19
4530,119
4531,2
4532,19
4533,19
4534,41
4535,19
4536,119
4538,79
4539,45
4540,79
4541,79
4542,119
4543,119
4544,119
4545,2
4546,2
4547,19
4548,119
4549,19
4550,19
4551,2
4552,19
4553,19
4554,19
4555,19
4556,19
4557,19
4558,58
4559,109
4560,119
4561,109
4562,19
4563,19
4564,19
4565,109
4566,19
4567,30
4568,119
4569,119
4570,36
4571,16
4572,19
4573,42
4574,119
4575,109
4576,119
4577,58
4578,58
4579,109
4580,119
4581,110
4582,12
4583,12
4584,12
4585,12
4586,12
4587,115
4588,12
4589,75
4590,12
4591,12
4592,12
4593,12
4594,12
4595,75
4596,8
4597,105
4599,8
4600,115
4601,12
4602,12
4603,70
4604,71
4605,12
4606,12
4607,12
4608,12
4609,75
4610,8
4611,115
4612,115
4613,8
4614,115
4615,54
4616,8
4617,57
4618,34
4619,34
4620,62
4621,20
4622,113
4623,82
4624,32
4625,119
4626,119
4627,119
4628,46
4630,30
4631,9
4632,19
4633,2
4634,19
4635,36
4636,19
4637,19
4638,19
4639,19
4640,36
4641,19
4642,19
4643,19
4644,19
4645,19
4646,46
4647,46
4648,78
4649,46
4650,46
4651,9
4652,119
4653,46
4654,46
4655,19
4656,46
4657,19
4658,9
4661,2
4662,36
4663,6
4664,3
4665,40
4666,40
4667,12
4668,75
4669,12
4670,75
4671,75
4672,75
4673,12
4674,12
4675,12
4676,12
4677,12
4678,12
4679,12
4680,12
4681,75
4682,12
4683,12
4684,12
4685,12
4686,12
4687,12
4688,75
4689,12
4690,40
4691,12
4692,8
4693,75
4694,40
4695,40
4696,40
4697,40
4698,40
4699,40
4700,3
4701,40
4702,40
4703,40
4704,40
4705,40
4706,40
4707,40
4708,40
4709,40
4710,40
4711,40
4712,40
4713,40
4714,40
4715,40
4716,40
4717,48
4718,117
4719,47
4720,117
4721,98
4722,20
4723,1
4724,117
4725,117
4726,110
4727,1
4728,1
4729,23
4730,1
4731,67
4732,9
4733,36
4734,85
4735,6
4736,19
4737,19
4738,19
4739,19
4740,2
4741,19
4742,16
4743,58
4744,114
4745,108
4746,106
4747,108
4748,82
4749,31
4750,45
4751,45
4752,31
4753,112
4754,90
4755,55
4756,55
4757,55
4758,55
4759,114
4760,45
4761,108
4762,112
4763,114
4764,79
4765,90
4766,55
4767,55
4768,55
4769,23
4770,86
4771,20
4772,82
4773,86
4774,50
4775,28
4776,34
4777,82
4778,110
4779,110
4780,102
4781,7
4782,62
4783,32
4784,20
4785,21
4786,21
4787,21
4788,79
4789,79
4790,90
4791,108
4792,55
4793,108
4794,114
4795,114
4796,21
4797,21
4798,55
4799,106
4800,114
4801,79
4802,114
4803,55
4804,112
4805,106
4806,114
4807,114
4808,21
4809,21
4810,55
4811,90
4812,114
4813,90
4814,90
4815,21
4816,55
4817,90
4818,21
4819,21
4825,50
4826,28
4827,28
4828,50
4829,28
4830,50
4831,28
4832,28
4833,28
4834,84
4835,50
4836,31
4837,55
4838,55
4839,41
4840,31
4841,47
4842,110
4843,82
4844,82
4845,98
4846,34
4847,68
4848,107
4849,86
4850,90
4851,84
4852,119
4853,119
4854,16
4855,119
4856,2
4857,98
4858,47
4859,98
4860,1
4861,117
4862,114
4863,41
4864,79
4865,55
4866,15
4867,98
4868,94
4869,94
4870,98
4871,98
4872,47
4873,47
4874,98
4875,98
4876,80
4877,62
4878,57
4879,24
4880,47
4881,110
4882,110
4883,110
4884,34
4885,34
4886,48
4887,48
4888,47
4889,47
4890,47
4891,47
4892,117
4893,117
4894,48
4895,48
4896,117
4897,117
4898,23
4899,23
4900,48
4901,48
4902,48
4903,48
4904,110
4905,48
4906,73
4907,23
4908,98
4909,98
4910,48
4911,48
4912,48
4913,48
4914,48
4915,47
4916,47
4917,48
4918,48
4919,48
4920,48
4921,110
4922,98
4923,47
4924,47
4925,73
4926,73
4927,1
4928,1
4929,73
4930,73
4931,38
4932,38
4933,5
4934,5
4935,5
4936,5
4937,21
4938,21
4939,63
4940,63
4941,98
4942,98
4943,5
4944,5
4945,57
4946,57
4947,47
4948,47
4949,73
4950,73
4952,86
4953,39
4954,47
4955,98
4956,98
4957,98
4958,98
4959,12
4960,12
4961,57
4962,57
4963,1
4964,1
4965,85
4966,74
4967,117
4968,117
4969,1
4970,1
4971,111
4972,47
4973,117
4974,117
4975,47
4976,47
4977,73
4978,73
4979,98
4980,73
4982,48
4983,5
4984,5
4985,119
4986,31
4987,5
4988,5
4989,74
4990,5
4991,47
4992,57
4993,19
4994,2
4995,19
4996,2
4997,2
4998,67
5000,82
5001,73
5002,64
5003,73
5004,73
5005,5
5006,5
5007,5
5008,5
5009,82
5010,90
5011,110
5012,48
5013,110
5014,86
5015,74
5016,114
5017,74
5018,74
5019,5
5020,80
5021,83
5022,111
5023,48
5024,47
5026,26
5027,51
5037,19
5038,19
5040,30
5042,19
5043,19
5045,2
5046,19
5047,2
5049,19
5050,119
5052,109
5053,36
5054,19
5055,2
5062,68
5067,40
5068,40
5069,3
5070,3
5071,40
5072,40
5073,3
5074,3
5075,12
5076,40
5077,40
5078,3
5079,3
5080,3
5081,3
5082,106
5083,112
5084,90
5085,114
5086,15
5087,112
5089,83
5090,106
5091,106
5092,106
5093,41
5094,90
5095,106
5096,31
5097,79
5098,31
5099,79
5100,112
5101,79
5103,19
5104,78
5107,34
5108,111
5109,7
5110,38
5111,20
5112,34
5113,32
5114,94
5115,62
5116,5
5117,5
5118,98
5119,32
5120,82
5121,34
5122,34
5123,117
5124,23
5125,32
5126,94
5127,82
5128,34
5129,34
5130,27
5131,111
5132,82
5133,34
5134,117
5135,82
5136,34
5137,94
5138,82
5139,32
5140,34
5141,94
5142,47
5143,110
5144,34
5145,32
5146,110
5147,94
5148,117
5149,110
5150,94
5151,34
5152,34
5153,34
5154,110
5155,117
5156,110
5157,90
5158,90
5160,41
5161,90
5162,47
5163,15
5164,34
5165,90
5166,90
5167,90
5168,106
5169,47
5170,90
5171,94
5172,94
5173,34
5174,94
5175,34
5176,90
5177,90
5178,15
5179,15
5180,90
5181,90
5182,90
5183,68
5184,90
5185,90
5186,90
5187,90
5188,90
5189,90
5190,90
5192,15
5193,41
5194,15
5196,114
5197,79
5198,114
5199,112
5201,114
5202,108
5203,31
5204,106
5205,90
5208,55
5209,47
5210,31
5211,55
5212,90
5213,90
5214,47
5215,47
5216,23
5217,12
5218,12
5219,12
5220,12
5221,54
5222,12
5223,115
5224,70
5225,115
5226,115
5227,70
5228,75
5229,12
5230,90
5231,90
5232,31
5233,112
5234,2
5238,78
5239,19
5240,119
5241,119
5242,19
5243,119
5248,19
5251,75
5252,12
5253,115
5254,115
5255,75
5256,12
5257,69
5258,12
5259,88
5260,70
5261,70
5262,70
5263,115
5264,54
5265,54
5266,12
5267,12
5268,12
5269,8
5270,12
5271,115
5272,12
5273,30
5279,55
5280,108
5281,114
5282,79
5283,79
5285,114
5286,115
5287,85
5288,78
5289,90
5290,36
5291,36
5292,6
5293,82
5294,34
5295,102
5296,46
5299,12
5300,12
5301,12
5303,40
5314,12
5315,119
5316,85
5317,85
5319,19
5320,119
5321,58
5322,19
5324,19
5326,6
5327,36
5329,119
5330,36
5332,85
5336,119
5339,109
5340,19
5341,61
5342,46
5343,109
5344,36
5345,2
5346,119
5347,119
5348,2
5349,16
5350,19
5351,9
5352,2
5353,19
5354,19
5355,109
5356,58
5357,58
5358,19
5359,19
5360,109
5361,19
5362,58
5363,2
5364,117
5365,6
5366,19
5367,109
5368,16
5369,109
5370,119
5371,2
5372,6
5373,16
5374,119
5375,109
5376,2
5377,46
5378,16
5379,6
5380,119
5381,61
5382,46
5383,46
5384,6
5385,16
5386,2
5387,2
5388,109
5389,109
5390,119
5391,109
5392,16
5393,2
5394,109
5395,16
5396,16
5397,58
5398,109
5399,2
5400,19
5401,19
5402,19
5403,119
5404,119
5405,119
5406,19
5407,40
5408,109
5409,46
5410,67
5411,67
5412,50
5413,48
5414,82
5415,98
5416,47
5417,1
5418,48
5419,80
5420,1
5421,47
5422,1
5423,1
5424,41
5425,111
5426,80
5427,98
5428,47
5429,2
5430,47
5431,47
5432,1
5433,98
5434,98
5435,47
5436,106
5437,47
5438,1
5439,98
5440,47
5441,111
5442,41
5443,93
5444,18
5445,47
5446,1
5447,47
5448,47
5449,94
5450,73
5451,73
5453,21
5454,21
5455,23
5456,21
5457,50
5458,50
5459,119
5460,119
5461,2
5462,119
5463,19
5464,2
5465,19
5466,19
5467,119
5468,19
5469,6
5470,2
5471,58
5472,119
5473,119
5474,19
5475,78
5476,19
5477,67
5478,19
5479,2
5480,67
5481,119
5482,119
5483,2
5484,19
5485,19
5486,1
5487,106
5488,31
5489,52
5490,79
5491,106
5492,114
5493,106
5494,106
5495,108
5496,112
5497,106
5498,79
5499,15
5500,79
5501,15
5502,114
5503,31
5504,31
5505,54
5506,117
5507,80
5513,94
5514,79
5515,114
5516,79
5519,119
5520,79
5525,19
5527,45
5530,67
5531,119
5532,19
5533,109
5534,19
5535,119
5536,19
5537,2
5538,119
5539,119
5540,119
5541,19
5542,119
5543,47
5544,112
5545,1
5546,94
5547,23
5556,15
5558,108
5559,112
5560,90
5565,31
5566,20
5567,119
5568,19
5569,19
5570,5
5571,19
5572,6
5573,119
5574,19
5575,5
5576,119
5577,19
5578,119
5579,36
5580,19
5581,5
5582,37
5583,6
5584,119
5585,19
5586,85
5588,119
5589,19
5590,19
5593,117
5594,16
5595,119
5599,46
5600,36
5601,67
5602,67
5603,16
5604,67
5605,78
5606,46
5608,46
5609,46
5610,19
5611,46
5614,78
5615,46
5616,46
5617,46
5618,19
5619,19
5620,19
5621,9
5622,30
5623,47
5625,30
5627,30
5628,67
5629,30
5630,30
5631,30
5635,67
5638,67
5641,6
5646,9
5647,42
5654,19
5658,112
5659,41
5660,52
5661,90
5662,112
5664,41
5665,30
5666,18
5667,90
5668,52
5669,90
5670,108
5671,47
5672,90
5673,36
5674,85
5675,36
5676,119
5677,85
5678,85
5679,36
5680,36
5681,85
5682,6
5683,36
5684,2
5685,2
5686,36
5687,85
5688,85
5689,2
5690,36
5691,19
5692,36
5693,36
5694,85
5696,6
5697,2
5698,36
5699,36
5700,2
5701,36
5702,2
5703,36
5704,85
5705,119
5706,36
5707,6
5709,30
5710,19
5712,119
5714,46
5716,31
5717,106
5718,41
5719,45
5720,31
5721,41
5722,45
5723,36
5724,46
5725,19
5726,119
5727,19
5728,19
5729,19
5730,19
5731,19
5734,19
5735,19
5737,19
5739,19
5740,45
5741,107
5742,106
5743,55
5744,19
5745,41
5746,114
5747,19
5748,114
5749,19
5750,98
5751,23
5752,19
5754,19
5755,32
5757,82
5758,32
5759,62
5760,62
5761,91
5762,73
5763,62
5764,20
5765,89
5766,4
5767,62
5768,35
5769,27
5770,20
5771,4
5772,34
5773,86
5774,110
5775,32
5776,23
5777,82
5778,117
5780,102
5781,67
5782,20
5784,30
5785,82
5787,94
5788,74
5789,73
5790,79
5791,34
5792,34
5793,106
5794,62
5795,79
5796,108
5797,114
5798,79
5799,112
5800,15
5801,41
5802,41
5803,34
5804,4
5805,20
5806,98
5807,1
5808,82
5809,86
5810,32
5811,32
5812,62
5813,82
5814,110
5815,55
5816,32
5817,90
5818,79
5819,79
5820,117
5821,31
5822,52
5823,31
5824,112
5825,41
5826,106
5827,106
5828,114
5829,114
5830,79
5831,90
5832,117
5833,15
5834,55
5835,110
5836,111
5837,31
5838,79
5839,114
5840,31
5841,31
5842,79
5843,90
5844,94
5845,79
5846,32
5847,15
5848,106
5849,79
5850,106
5851,20
5852,32
5853,75
5854,69
5855,71
5856,105
5857,12
5858,75
5859,55
5860,102
5861,15
5862,15
5863,106
5864,109
5865,15
5866,119
5867,79
5868,2
5869,117
5870,119
5871,119
5873,119
5874,54
5875,119
5876,54
5877,58
5878,19
5879,102
5881,34
5882,23
5883,58
5884,62
5885,15
5886,15
5887,114
5888,15
5889,108
5890,108
5891,45
5892,32
5893,20
5894,71
5895,19
5896,36
5897,19
5898,109
5899,119
5900,58
5901,109
5902,109
5903,58
5904,19
5905,2
5906,2
5907,15
5908,109
5909,19
5910,16
5911,19
5912,19
5915,19
5916,2
5917,119
5919,19
5920,19
5921,16
5922,58
5923,6
5924,119
5925,6
5926,19
5927,58
5928,119
5929,119
5930,2
5931,19
5932,19
5933,19
5934,2
5935,7
5936,19
5937,119
5938,2
5939,19
5940,19
5941,111
5942,2
5943,111
5944,19
5945,111
5946,111
5947,83
5948,111
5949,55
5951,111
5952,111
5953,111
5954,55
5955,55
5956,10
5957,111
5958,55
5959,111
5960,52
5962,83
5963,111
5964,111
5966,111
5967,111
5969,83
5970,111
5971,10
5972,31
5973,83
5974,55
5975,83
5976,55
5978,111
5979,106
5980,60
5981,55
5982,55
5983,55
5984,31
5985,60
5986,111
5987,90
5988,111
5990,106
5991,108
5992,106
5993,55
5994,111
5995,10
5996,111
5998,52
5999,111
6001,111
6002,111
6003,111
6004,10
6005,111
6006,83
6007,83
6008,106
6009,10
6010,111
6011,111
6012,111
6013,111
6014,111
6015,55
6016,111
6017,55
6020,31
6021,114
6022,15
6023,108
6024,82
6025,82
6026,90
6027,31
6029,82
6030,45
6031,82
6032,82
6033,90
6035,32
6036,97
6037,82
6038,90
6039,110
6040,106
6041,90
6042,55
6043,31
6044,10
6046,108
6048,90
6049,90
6052,83
6053,41
6054,10
6055,114
6057,55
6059,55
6060,106
6061,79
6062,90
6063,55
6064,90
6065,39
6066,45
6067,32
6068,114
6069,110
6070,82
6071,48
6073,62
6076,79
6079,106
6080,108
6082,114
6083,48
6084,79
6085,110
6086,102
6087,32
6088,82
6089,48
6090,110
6091,32
6092,34
6093,32
6094,110
6095,114
6097,106
6099,114
6100,67
6101,82
6102,90
6103,114
6104,82
6105,110
6106,30
6107,102
6108,106
6109,112
6110,31
6111,102
6112,106
6113,15
6114,30
6115,106
6116,52
6117,30
6118,15
6119,12
6120,30
6121,12
6122,30
6123,15
6124,12
6125,31
6126,2
6127,19
6128,15
6129,67
6130,46
6131,19
6132,45
6133,2
6134,2
6135,62
6136,46
6137,2
6138,46
6139,46
6140,2
6141,46
6142,46
6143,46
6144,46
6145,46
6146,78
6147,46
6148,46
6149,2
6150,19
6151,19
6152,19
6153,119
6154,46
6155,31
6156,15
6157,106
6158,52
6159,15
6160,45
6161,114
6162,114
6163,30
6164,31
6165,2
6166,106
6167,30
6168,31
6169,30
6170,52
6171,114
6172,112
6173,30
6174,79
6175,30
6176,45
6177,114
6178,30
6180,30
6181,114
6182,30
6183,106
6184,30
6185,106
6187,30
6188,45
6189,106
6190,110
6191,110
6192,79
6194,47
6195,106
6196,15
6197,108
6198,62
6199,110
6200,79
6201,2
6202,110
6203,82
6204,79
6205,106
6206,31
6207,79
6208,108
6209,79
6211,82
6212,32
6213,32
6214,45
6215,79
6216,15
6217,102
6219,79
6220,94
6222,34
6223,82
6224,106
6225,15
6226,106
6227,112
6228,102
6229,15
6230,110
6231,108
6232,102
6233,110
6234,82
6235,79
6236,117
6237,110
6238,106
6239,34
6240,79
6241,34
6242,52
6243,106
6244,41
6245,106
6246,102
6247,110
6248,117
6249,106
6251,34
6252,20
6253,34
6254,34
6255,114
6257,62
6258,82
6259,34
6264,106
6266,34
6267,62
6268,82
6269,34
6271,106
6272,106
6274,34
6275,102
6277,79
6278,47
6279,32
6280,79
6282,79
6283,31
6285,67
6286,79
6287,112
6288,30
6289,90
6291,31
6292,112
6293,52
6294,112
6295,67
6297,67
6298,61
6300,110
6301,67
6302,36
6303,62
6304,30
6306,62
6307,34
6308,61
6310,67
6311,62
6312,110
6313,30
6314,79
6315,67
6317,58
6318,30
6319,67
6320,112
6321,30
6323,67
6325,55
6326,30
6327,55
6328,30
6329,30
6331,112
6332,30
6334,42
6338,42
6339,58
6341,119
6342,9
6343,42
6344,2
6345,2
6347,119
6348,58
6349,78
6350,109
6351,58
6352,109
6353,30
6356,119
6357,67
6359,16
6360,58
6361,119
6362,109
6363,58
6366,78
6368,119
6370,58
6371,19
6372,119
6373,119
6374,58
6376,2
6377,119
6378,2
6379,119
6380,2
6381,19
6382,16
6383,109
6385,2
6386,19
6387,109
6388,2
6389,19
6390,46
6391,46
6392,46
6393,46
6394,46
6395,46
6396,46
6397,46
6398,67
6399,46
6400,46
6401,46
6402,46
6403,46
6404,78
6405,78
6406,19
6407,46
6408,78
6409,19
6410,19
6411,30
6412,109
6413,58
6414,30
6415,119
6416,119
6417,119
6418,67
6419,67
6420,119
6421,67
6422,119
6423,67
6424,30
6425,119
6426,58
6427,119
6428,119
6429,109
6430,58
6431,119
6432,58
6433,119
6434,119
6435,109
6436,19
6437,30
6438,30
6439,30
6440,36
6441,19
6442,67
6443,9
6444,67
6445,36
6446,6
6447,30
6448,6
6449,67
6450,36
6451,30
6452,30
6453,2
6454,30
6455,30
6456,19
6457,30
6458,109
6459,30
6460,85
6461,30
6462,36
6463,30
6464,30
6465,19
6466,30
6467,19
6468,2
6469,6
6470,6
6471,34
6472,110
6473,102
6474,36
6475,41
6476,79
6477,55
6478,60
6479,114
6480,15
6481,90
6482,108
6483,36
6484,90
6485,106
6486,6
6487,36
6488,55
6489,112
6490,85
6491,85
6492,112
6493,114
6494,6
6495,36
6496,90
6497,85
6498,114
6499,36
6500,94
6501,55
6502,36
6503,36
6504,10
6505,36
6506,55
6507,36
6508,114
6509,36
6510,46
6511,78
6512,108
6513,110
6514,12
6515,75
6516,12
6517,12
6518,12
6519,28
6520,12
6521,21
6522,74
6523,86
6524,73
6525,74
6526,28
6527,74
6528,31
6529,1
6530,48
6531,75
6532,5
6533,54
6534,1
6535,54
6536,74
6537,75
6538,98
6539,75
6540,108
6541,12
6542,108
6543,80
6544,8
6545,115
6546,12
6547,117
6548,12
6549,23
6550,12
6551,1
6552,1
6553,75
6554,12
6555,12
6556,110
6557,75
6558,31
6559,69
6560,12
6561,70
6562,23
6563,12
6564,74
6565,12
6566,21
6567,47
6568,80
6569,47
6570,112
6571,112
6572,80
6574,74
6575,31
6576,79
6577,98
6578,15
6579,86
6581,52
6582,41
6583,31
6584,108
6585,52
6586,114
6587,90
6588,50
6589,90
6590,47
6591,110
6592,5
6593,110
6594,110
6595,62
6596,20
6597,113
6598,82
6599,82
6600,32
6601,27
6602,34
6603,45
6604,82
6605,45
6606,110
6607,79
6608,117
6609,55
6610,79
6611,107
6612,107
6613,41
6614,45
6615,114
6616,83
6617,60
6618,52
6619,19
6620,19
6621,119
6622,19
6623,119
6624,19
6625,19
6626,19
6627,119
6628,19
6629,119
6630,19
6631,19
6632,19
6633,90
6634,85
6635,19
6636,16
6637,58
6638,2
6639,19
6640,119
6641,119
6642,19
6643,119
6644,19
6645,119
6646,2
6647,119
6648,19
6649,2
6650,109
6651,78
6652,36
6653,19
6654,78
6655,67
6656,2
6657,78
6658,119
6659,67
6660,119
6661,2
6662,34
6663,19
6664,19
6665,119
6666,30
6667,119
6668,19
6669,19
6670,109
6671,19
6672,119
6673,19
6674,119
6675,19
6676,58
6677,2
6678,119
6679,46
6680,19
6681,19
6682,119
6683,15
6684,117
6685,32
6686,31
6687,110
6688,62
6689,99
6690,31
6691,99
6692,99
6693,106
6694,22
6695,110
6696,99
6697,99
6698,106
6699,99
6700,99
6701,106
6703,110
6704,99
6705,99
6706,102
6707,45
6708,112
6709,19
6710,19
6711,90
6712,90
6713,41
6714,79
6715,79
6716,31
6717,114
6718,90
6720,106
6721,79
6722,15
6724,41
6725,16
6726,30
6727,30
6728,19
6729,46
6731,119
6732,79
6733,58
6734,119
6735,2
6736,46
6738,93
6739,67
6740,19
6741,19
6742,19
6743,67
6744,119
6745,19
6746,2
6747,19
6748,119
6751,19
6752,19
6753,30
6754,19
6755,19
6756,19
6757,112
6758,98
6759,79
6760,15
6761,45
6762,114
6763,108
6764,45
6765,55
6766,31
6767,45
6768,111
6769,90
6770,79
6771,83
6772,108
6773,55
6774,10
6775,90
6776,31
6777,112
6778,114
6779,60
6780,31
6781,112
6782,111
6783,107
6784,111
6785,31
6786,68
6787,114
6788,55
6789,108
6790,79
6791,108
6792,45
6793,94
6794,15
6795,106
6796,45
6797,13
6798,93
6799,58
6800,19
6801,119
6802,2
6803,58
6804,6
6805,109
6806,6
6807,6
6808,6
6809,85
6810,85
6811,58
6812,16
6813,6
6814,85
6815,85
6816,85
6817,67
6818,67
6819,9
6820,9
6821,78
6822,46
6823,46
6824,46
6825,46
6826,46
6827,109
6829,109
6830,19
6831,19
6832,2
6833,119
6834,93
6835,93
6836,93
6837,93
6838,93
6839,93
6840,93
6841,93
6842,93
6843,93
6844,93
6845,93
6848,19
6852,19
6853,19
6854,2
6855,19
6856,19
6857,5
6859,34
6860,62
6861,32
6862,5
6863,86
6864,5
6865,32
6866,100
6867,34
6868,62
6869,82
6870,89
6871,32
6872,89
6873,89
6874,89
6875,89
6876,102
6877,102
6878,107
6879,32
6880,68
6881,32
6882,32
6883,32
6884,34
6885,89
6886,68
6887,32
6888,32
6889,32
6890,110
6891,68
6892,32
6893,89
6894,32
6895,34
6896,91
6897,110
6898,110
6899,110
6900,119
6901,94
6902,52
6903,102
6904,94
6905,102
6906,98
6907,110
6908,80
6909,34
6910,110
6911,98
6912,46
6913,46
6914,46
6915,110
6918,90
6924,15
6926,114
6928,45
6929,62
6930,114
6931,31
6932,106
6933,52
6934,55
6935,41
6936,114
6937,112
6938,31
6939,79
6940,90
6941,41
6943,108
6944,106
6945,82
6946,15
6947,112
6948,82
6949,114
6950,60
6951,114
6952,90
6953,34
6954,102
6956,55
6958,79
6961,19
6962,111
6963,52
6965,106
6966,68
6967,114
6969,82
6971,15
6972,20
6973,31
6974,55
6977,21
6979,102
6980,111
6981,111
6982,65
6983,106
6984,45
6985,79
6986,98
6987,10
6988,79
6990,55
6991,79
6994,18
6995,15
6996,31
6997,55
6998,15
6999,102
7000,79
7001,102
7002,20
7003,114
7004,106
7005,79
7006,15
7007,79
7008,108
7009,31
7010,106
7011,114
7012,108
7013,108
7015,45
7017,34
7019,34
7020,15
7021,106
7023,106
7025,114
7026,106
7027,106
7028,21
7029,91
7030,106
7031,79
7032,60
7035,79
7036,109
7037,36
7038,119
7039,19
7040,109
7041,36
7042,6
7043,19
7044,119
7045,119
7046,19
7047,16
7048,119
7049,111
7051,111
7053,60
7054,60
7055,110
7056,75
7057,75
7058,12
7059,75
7060,12
7061,12
7062,12
7063,75
7064,12
7065,12
7066,75
7067,12
7068,62
7069,55
7070,4
7071,8
7072,12
7073,8
7074,12
7075,12
7076,12
7077,12
7078,12
7079,70
7080,12
7081,115
7082,12
7083,12
7084,12
7085,72
7086,17
7087,72
7088,75
7089,75
7090,75
7091,12
7092,75
7093,12
7096,69
7097,75
7098,12
7099,115
7100,115
7101,70
7102,75
7103,12
7104,12
7105,8
7106,12
7107,12
7108,12
7109,12
7110,75
7111,12
7112,12
7113,12
7114,12
7115,54
7116,54
7117,12
7118,75
7119,12
7120,8
7121,12
7122,12
7123,12
7124,54
7126,50
7127,94
7128,28
7129,79
7130,79
7131,86
7132,23
7133,74
7134,73
7135,34
7136,86
7137,86
7138,97
7139,102
7140,52
7141,97
7142,20
7143,82
7144,82
7145,82
7146,102
7147,20
7148,62
7149,38
7150,20
7151,97
7152,34
7153,45
7154,32
7155,32
7156,111
7157,62
7158,111
7160,20
7162,45
7163,45
7164,111
7165,111
7166,83
7167,111
7168,10
7169,60
7170,83
7171,83
7172,10
7173,111
7174,111
7175,106
7176,111
7177,111
7178,28
7179,35
7180,63
7181,32
7182,63
7183,82
7184,110
7185,35
7186,35
7187,28
7188,35
7189,35
7190,28
7191,51
7192,84
7193,35
7194,110
7195,47
7196,110
7197,113
7198,34
7199,110
7200,34
7201,110
7202,82
7203,34
7204,20
7205,62
7206,110
7207,102
7208,34
7209,34
7210,34
7211,32
7212,76
7213,45
7214,60
7215,102
7216,85
7217,26
7218,85
7219,36
7220,85
7221,36
7222,58
7223,85
7224,36
7226,85
7227,85
7228,36
7230,85
7231,36
7232,85
7233,85
7234,85
7235,85
7236,36
7237,6
7238,85
7239,36
7240,36
7241,85
7242,36
7243,85
7244,36
7246,2
7247,85
7248,36
7249,6
7250,36
7251,85
7252,85
7253,46
7254,85
7255,19
7256,78
7257,85
7258,46
7259,109
7260,30
7261,36
7262,36
7263,85
7265,79
7266,84
7267,85
7268,114
7269,15
7270,106
7271,79
7272,114
7273,112
7275,90
7276,112
7277,15
7278,31
7281,79
7282,106
7283,114
7284,79
7285,108
7286,79
7287,31
7288,79
7289,114
7290,31
7291,90
7292,114
7293,108
7294,112
7295,15
7296,106
7297,31
7298,15
7299,79
7300,31
7301,45
7302,82
7303,62
7304,102
7305,102
7306,32
7307,110
7308,34
7309,102
7310,102
7311,34
7312,102
7313,110
7314,23
7315,110
7316,82
7317,34
7319,46
7320,67
7321,85
7322,6
7323,78
7324,78
7325,36
7326,85
7327,2
7328,46
7329,119
7330,46
7331,85
7332,2
7340,79
7341,90
7342,31
7343,55
7345,31
7346,114
7347,52
7348,15
7349,106
7350,31
7351,31
7352,52
7353,55
7355,41
7357,55
7359,52
7362,82
7363,36
7364,85
7365,36
7366,36
7367,6
7368,78
7369,85
7370,78
7371,46
7372,36
7373,46
7374,85
7375,78
7376,119
7377,85
7378,78
7379,2
7380,85
7381,85
7382,36
7383,36
7384,85
7385,36
7386,36
7387,36
7388,36
7389,36
7390,6
7391,36
7392,85
7393,6
7394,2
7395,119
7396,119
7397,36
7398,85
7399,36
7400,85
7401,85
7402,36
7403,85
7404,78
7405,119
7406,36
7407,6
7408,36
7409,7
7410,7
7411,38
7412,7
7413,7
7414,97
7415,97
7416,32
7417,38
7418,38
7419,27
7420,32
7421,38
7422,110
7423,7
7424,27
7425,82
7426,20
7427,62
7428,7
7429,102
7430,20
7431,32
7432,21
7433,21
7434,90
7435,111
7436,108
7437,55
7438,106
7439,114
7440,41
7441,79
7442,52
7443,55
7445,45
7446,112
7447,94
7449,114
7450,55
7451,79
7452,45
7453,45
7454,41
7455,31
7456,106
7457,31
7458,106
7459,108
7460,31
7462,79
7463,31
7465,45
7467,79
7468,15
7469,79
7470,15
7471,31
7472,45
7473,106
7475,108
7476,106
7479,15
7480,52
7481,47
7482,47
7483,80
7484,48
7486,63
7487,28
7488,86
7489,86
7490,86
7491,74
7492,50
7493,86
7494,1
7495,52
7496,47
7497,21
7498,52
7499,94
7500,52
7501,52
7502,86
7503,1
7504,48
7505,47
7506,80
7507,86
7508,47
7509,1
7510,86
7511,50
7512,80
7513,98
7514,86
7515,47
7516,48
7517,117
7518,70
7519,80
7520,1
7521,80
7522,12
7523,53
7524,47
7525,98
7526,80
7527,47
7528,10
7529,47
7530,112
7531,80
7532,1
7533,86
7534,98
7535,1
7536,47
7537,50
7538,80
7539,47
7540,1
7541,80
7542,74
7543,41
7544,74
7545,108
7546,48
7547,50
7548,80
7549,28
7550,45
7551,47
7552,94
7553,50
7554,41
7555,117
7556,1
7557,73
7558,80
7559,80
7560,50
7561,47
7562,80
7563,1
7564,1
7565,80
7566,80
7567,94
7568,80
7569,1
7570,80
7571,98
7572,94
7573,108
7574,1
7575,19
7576,19
7577,80
7578,119
7579,106
7580,80
7581,58
7582,47
7583,1
7584,109
7585,80
7586,2
7587,58
7588,58
7589,58
7590,80
7591,47
7592,109
7593,19
7594,119
7595,109
7596,117
7597,119
7598,80
7599,19
7600,19
7601,119
7602,119
7603,19
7604,119
7605,119
7606,9
7607,80
7608,105
7609,49
7610,105
7611,49
7612,105
7613,37
7614,105
7615,37
7616,115
7617,95
7618,49
7619,95
7621,22
7622,11
7623,99
7624,11
7625,11
7626,11
7629,79
7630,11
7631,21
7632,11
7633,21
7634,114
7635,28
7636,28
7637,114
7638,11
7639,15
7640,11
7641,79
7642,106
7643,31
7644,11
7645,15
7646,37
7647,15
7648,22
7649,22
7650,79
7651,22
7652,55
7653,22
7654,22
7655,107
7656,22
7657,22
7658,52
7659,22
7660,15
7661,22
7662,99
7663,108
7664,22
7665,22
7666,114
7667,22
7668,99
7669,79
7670,22
7671,22
7672,112
7673,57
7674,15
7675,22
7676,98
7677,31
7678,99
7679,15
7680,22
7681,22
7682,68
7683,68
7684,15
7685,15
7686,31
7687,74
7688,21
7689,15
7690,52
7691,62
7692,98
7693,20
7694,117
7695,86
7696,31
7697,34
7698,20
7699,20
7700,102
7701,102
7702,23
7703,62
7704,98
7705,23
7706,62
7707,51
7708,63
7709,51
7710,109
7712,119
7713,2
7714,2
7715,16
7716,58
7717,19
7719,19
7721,19
7722,19
7723,67
7724,19
7726,119
7727,119
7728,16
7729,2
7730,46
7731,67
7732,95
7733,2
7734,95
7735,109
7736,95
7737,95
7739,95
7741,109
7742,52
7743,31
7744,45
7745,41
7746,6
7747,45
7748,2
7749,52
7751,15
7752,79
7753,2
7754,119
7755,52
7756,15
7758,52
7761,41
7763,114
7764,15
7766,15
7767,28
7768,60
7769,98
7770,22
7771,42
7772,9
7773,16
7774,109
7775,2
7776,109
7777,58
7778,109
7779,2
7780,75
7781,75
7782,28
7783,28
7784,15
7785,106
7787,41
7788,90
7789,114
7790,90
7791,28
7792,106
7793,52
7794,102
7795,114
7796,55
7797,119
7798,55
7799,19
7800,108
7801,41
7802,2
7803,108
7804,2
7805,2
7806,19
7807,58
7808,31
7809,2
7810,119
7811,41
7812,109
7813,2
7814,52
7815,15
7816,2
7817,52
7818,41
7819,114
7820,114
7822,19
7823,79
7824,109
7826,109
7827,52
7828,42
7829,106
7830,2
7831,31
7832,112
7833,119
7834,79
7835,2
7836,109
7837,52
7838,19
7840,119
7841,109
7842,2
7843,19
7844,2
7845,2
7846,2
7847,15
7848,94
7850,45
7851,45
7852,75
7853,12
7854,12
7855,52
7856,114
7857,15
7858,36
7859,52
7860,36
7861,114
7862,15
7863,36
7864,36
7865,15
7866,85
7867,114
7868,31
7869,36
7870,52
7871,36
7873,52
7874,85
7875,21
7876,36
7877,36
7878,21
7879,21
7880,85
7881,36
7882,21
7883,21
7884,28
7885,50
7887,50
7888,106
7889,50
7890,84
7891,106
7892,21
7895,21
7896,21
7898,21
7901,89
7902,21
7903,41
7904,45
7905,108
7906,114
7907,106
7908,45
7909,45
7910,45
7911,45
7913,79
7914,52
7915,108
7916,90
7917,31
7918,55
7920,15
7921,31
7922,108
7923,106
7924,31
7925,41
7926,45
7927,31
7928,18
7930,90
7931,50
7932,28
7933,108
7934,31
7935,21
7936,79
7937,108
7938,15
7939,15
7940,74
7941,106
7942,34
7943,15
7944,41
7945,79
7946,15
7947,79
7948,114
7949,15
7950,79
7951,15
7952,79
7953,41
7954,79
7955,106
7956,21
7957,82
7958,114
7959,79
7960,108
7961,114
7962,15
7963,79
7964,15
7965,108
7966,2
7968,46
7969,46
7970,46
7971,46
7979,79
7980,15
7985,67
7987,2
7988,112
7990,15
7996,52
8002,45
8003,114
8004,15
8011,112
8012,108
8014,31
8017,79
8018,108
8020,28
8022,50
8026,28
8030,50
8040,79
8047,108
8050,15
8056,31
8063,36
8064,49
8065,49
8066,37
8067,49
8068,37
8071,16
8072,16
8073,19
8074,19
8075,2
8076,19
8077,30
8078,30
8079,46
8080,19
8081,109
8082,2
8083,16
8084,19
8085,119
8086,46
8087,19
8088,19
8089,2
8090,46
8091,19
8092,19
8093,19
8094,30
8095,3
8096,3
8098,40
8099,3
8100,3
8101,3
8102,40
8103,2
8104,3
8106,40
8107,40
8108,40
8109,11
8110,40
8111,11
8112,40
8113,11
8114,11
8115,40
8116,3
8117,40
8118,11
8119,11
8120,11
8121,11
8122,11
8123,11
8124,3
8125,11
8126,11
8129,11
8130,11
8131,3
8132,3
8133,3
8134,40
8135,3
8136,3
8137,3
8138,3
8139,3
8140,40
8141,3
8142,3
8143,3
8144,40
8145,3
8146,3
8147,111
8148,111
8149,111
8150,111
8151,111
8152,111
8153,10
8154,111
8155,10
8156,10
8157,111
8159,111
8160,10
8161,111
8162,111
8163,111
8164,111
8165,111
8166,83
8167,111
8169,61
8172,42
8175,61
8180,111
8181,111
8182,111
8183,111
8184,83
8185,111
8186,111
8187,10
8188,52
8189,41
8190,41
8191,107
8192,41
8193,10
8194,41
8195,15
8196,68
8197,41
8199,45
8200,15
8202,106
8204,15
8205,114
8206,90
8207,31
8208,114
8209,15
8210,6
8211,40
8212,40
8214,109
8215,119
8216,12
8217,34
8218,19
8219,75
8220,119
8221,75
8222,12
8223,12
8224,54
8227,70
8228,69
8229,12
8231,12
8232,54
8234,115
8235,115
8236,36
8237,70
8238,85
8239,115
8240,115
8242,58
8243,115
8244,115
8245,67
8246,70
8247,36
8248,54
8249,2
8250,115
8251,71
8252,8
8253,54
8254,69
8255,8
8256,19
8257,69
8258,109
8259,70
8260,54
8262,12
8264,12
8265,111
8266,12
8267,12
8268,15
8269,114
8270,114
8271,79
8272,41
8273,117
8274,79
8275,31
8276,106
8277,79
8278,114
8279,108
8280,108
8281,114
8282,114
8284,46
8285,106
8288,52
8289,78
8290,114
8291,31
8292,114
8293,52
8295,114
8298,67
8299,119
8300,19
8302,19
8303,19
8304,2
8306,2
8307,2
8308,109
8309,11
8310,8
8311,11
8312,12
8313,54
8314,111
8315,79
8316,117
8317,114
8318,106
8319,98
8320,98
8321,1
8322,1
8323,47
8324,47
8325,117
8326,47
8327,47
8328,1
8330,47
8331,47
8332,47
8333,47
8334,23
8335,23
8336,98
8337,98
8338,47
8339,47
8340,80
8341,23
8342,109
8343,2
8344,19
8345,2
8346,19
8348,94
8349,23
8350,47
8351,47
8352,12
8353,47
8354,94
8355,117
8356,80
8357,23
8358,1
8359,48
8360,117
8361,23
8364,1
8365,48
8366,23
8367,48
8368,5
8369,20
8371,117
8372,82
8373,12
8374,75
8375,82
8376,12
8377,75
8378,23
8379,23
8380,20
8381,20
8382,1
8383,1
8384,94
8385,94
8386,79
8387,41
8388,28
8389,15
8390,15
8391,41
8392,106
8393,79
8394,55
8395,68
8396,79
8397,21
8398,79
8399,15
8400,114
8401,106
8402,15
8403,114
8404,79
8405,15
8406,74
8407,114
8408,31
8409,114
8410,31
8411,15
8412,114
8413,15
8414,47
8415,47
8417,117
8418,1
8419,1
8420,48
8422,93
8426,93
8427,93
8432,20
8433,97
8434,110
8435,20
8436,102
8437,62
8438,117
8439,102
8440,102
8441,82
8442,110
8443,102
8444,32
8445,82
8446,110
8447,82
8448,82
8449,62
8450,102
8451,117
8452,82
8453,62
8454,110
8455,83
8456,38
8457,48
8458,102
8459,18
8460,102
8461,102
8462,110
8463,48
8465,52
8466,82
8467,107
8468,97
8469,97
8470,97
8471,20
8472,82
8473,20
8474,68
8475,20
8476,20
8477,10
8478,10
8479,89
8480,89
8481,32
8482,110
8483,32
8484,89
8485,89
8486,89
8487,32
8488,32
8489,32
8490,110
8491,110
8492,32
8493,5
8494,5
8495,73
8496,5
8497,5
8498,5
8499,5
8500,27
8501,89
8503,99
8505,99
8506,2
8507,22
8512,75
8513,12
8514,12
8515,12
8516,12
8517,75
8518,88
8519,48
8520,54
8521,54
8522,12
8523,75
8524,12
8525,115
8526,119
8527,2
8528,2
8529,2
8530,2
8531,2
8532,19
8535,46
8539,46
8542,67
8546,78
8549,94
8550,31
8551,15
8552,114
8553,79
8554,41
8555,45
8556,112
8557,106
8558,15
8574,30
8580,60
8581,60
8582,60
8583,60
8584,111
8585,111
8586,111
8587,111
8588,111
8589,111
8590,111
8591,111
8593,15
8594,45
8595,45
8596,41
8597,31
8598,45
8600,45
8603,67
8605,45
8606,31
8607,114
8608,41
8610,15
8611,45
8612,45
8613,31
8614,14
8616,116
8617,14
8619,116
8620,116
8622,14
8623,116
8625,14
8626,14
8627,14
8631,116
8634,48
8635,14
8636,116
8638,6
8639,14
8640,116
8641,116
8642,14
8643,14
8646,116
8647,14
8648,14
8649,116
8650,116
8651,14
8653,14
8654,116
8655,14
8658,116
8659,14
8660,14
8661,116
8662,14
8663,116
8664,14
8665,116
8666,14
8667,116
8668,14
8669,14
8670,14
8671,116
8672,14
8673,14
8674,116
8675,14
8676,14
8677,14
8678,14
8679,14
8680,14
8681,14
8682,116
8683,14
8684,116
8685,116
8686,116
8687,14
8688,14
8689,116
8690,116
8691,14
8692,116
8693,116
8694,116
8695,116
8696,116
8697,14
8698,116
8699,14
8700,116
8701,116
8702,116
8703,14
8704,14
8705,14
8706,116
8707,14
8708,14
8709,14
8710,14
8711,116
8712,14
8713,116
8714,116
8716,41
8718,31
8719,55
8720,106
8721,106
8722,111
8723,39
8724,83
8725,111
8727,111
8728,111
8729,111
8730,83
8731,55
8734,60
8735,10
8736,10
8737,55
8738,111
8739,111
8740,111
8741,111
8742,111
8743,111
8746,46
8748,94
8749,52
8750,60
8751,111
8752,58
8754,58
8758,86
8759,83
8760,28
8761,50
8762,28
8763,50
8764,34
8765,46
8768,14
8771,46
8773,111
8774,10
8775,111
8776,10
8777,60
8778,60
8779,107
8780,52
8781,52
8782,52
8783,52
8784,116
8785,102
8786,111
8787,39
8788,39
8789,10
8790,60
8791,10
8792,39
8793,111
8795,83
8796,111
8797,10
8798,83
8799,83
8800,60
8801,60
8802,10
8803,111
8804,83
8805,106
8806,111
8807,111
8808,111
8809,111
8810,111
8811,107
8812,108
8813,111
8814,10
8815,111
8816,10
8817,55
8818,83
8819,41
8820,47
8821,79
8823,15
8824,15
8825,111
8826,47
8827,111
8828,111
8829,55
8830,79
8831,107
8832,68
8833,15
8834,51
8835,84
8837,84
8838,50
8839,28
8840,28
8841,84
8842,84
8843,84
8844,84
8845,84
8846,84
8847,39
8848,10
8851,83
8852,39
8853,39
8854,10
8855,83
8856,39
8857,83
8858,39
8859,39
8860,83
8861,39
8862,39
8863,83
8864,83
8865,39
8866,39
8867,39
8868,39
8869,107
8871,10
8872,10
8877,55
8879,60
8880,51
8881,51
8882,51
8883,84
8884,84
8885,84
8887,39
8888,39
8889,68
8890,39
8891,60
8892,50
8895,18
8896,83
8897,60
8898,107
8899,83
8900,107
8901,51
8903,84
8904,84
8905,84
8907,19
8908,2
8909,109
8910,19
8911,58
8912,2
8913,58
8914,16
8915,93
8916,63
8917,11
8918,11
8919,11
8920,11
8921,11
8922,11
8923,11
8924,11
8925,11
8926,11
8927,11
8928,11
8929,11
8930,95
8931,49
8932,95
8933,99
8934,22
8935,54
8936,93
8937,51
8938,57
8939,83
8940,52
8941,52
8942,83
8943,60
8944,60
8946,84
8947,84
8948,50
8949,28
8950,84
8951,51
8952,51
8954,28
8955,84
8956,11
8957,11
8958,93
8959,36
8960,36
8961,36
8962,119
8963,2
8964,19
8965,19
8966,30
8967,36
8968,19
8969,2
8970,58
8971,2
8972,6
8973,19
8974,2
8975,19
8976,19
8977,42
8978,9
8979,2
8980,2
8981,19
8982,19
8983,2
8984,109
8986,58
8987,2
8988,6
8989,2
8990,19
8991,36
8992,119
8993,19
8994,2
8995,19
8996,119
8997,2
8998,2
8999,6
9000,85
9001,6
9002,119
9003,54
9004,103
9005,71
9007,54
9008,71
9009,17
9010,85
9011,19
9012,46
9013,36
9014,2
9015,78
9016,11
9017,11
9018,78
9019,78
9020,78
9022,78
9023,46
9024,78
9025,85
9026,85
9027,85
9028,85
9029,6
9030,36
9031,85
9032,2
9033,58
9034,85
9035,36
9036,36
9037,36
9038,85
9039,36
9040,85
9041,36
9042,85
9043,36
9044,85
9045,46
9046,2
9047,2
9048,2
9049,19
9050,19
9051,58
9052,19
9053,19
9054,19
9055,19
9056,9
9057,58
9058,109
9059,119
9060,119
9061,39
9062,83
9063,39
9064,10
9065,39
9066,39
9067,39
9069,10
9070,10
9071,39
9072,39
9073,39
9074,83
9075,86
9076,63
9077,50
9078,28
9079,21
9080,50
9081,21
9082,50
9083,28
9084,50
9085,58
9086,119
9087,85
9088,2
9089,119
9090,36
9091,85
9092,2
9093,17
9094,64
9095,21
9096,109
9097,58
9099,21
9100,78
9101,46
9102,78
9103,78
9104,16
9105,2
9106,32
9107,119
9108,2
9109,2
9110,2
9111,119
9112,119
9113,119
9114,119
9115,119
9116,19
9117,119
9118,119
9119,2
9120,2
9121,2
9122,2
9123,2
9124,19
9125,19
9126,2
9127,19
9128,109
9129,2
9130,119
9131,2
9132,19
9133,119
9134,2
9135,19
9136,2
9137,2
9138,30
9139,30
9140,102
9141,63
9142,51
9143,35
9144,63
9145,63
9146,63
9147,35
9148,63
9149,63
9150,28
9151,97
9152,34
9153,20
9154,98
9155,62
9156,34
9157,83
9158,51
9160,50
9161,63
9162,63
9163,63
9164,63
9166,50
9167,63
9168,63
9169,63
9170,63
9171,63
9173,63
9174,63
9175,63
9176,50
9177,63
9178,63
9179,51
9180,112
9181,79
9182,114
9186,63
9187,63
9189,63
9191,63
9195,63
9196,19
9197,19
9198,2
9199,16
9200,2
9201,19
9202,58
9203,36
9204,46
9205,2
9206,109
9207,119
9208,2
9209,19
9210,19
9211,6
9212,46
9213,2
9214,16
9215,2
9216,2
9217,19
9218,109
9219,2
9220,58
9221,67
9222,119
9223,19
9225,46
9226,39
9227,10
9229,39
9230,39
9231,39
9233,39
9235,10
9236,39
9237,10
9239,10
9240,39
9241,39
9242,83
9243,39
9244,60
9245,10
9246,39
9247,83
9248,39
9249,39
9250,83
9251,60
9252,39
9253,39
9254,39
9255,60
9256,60
9257,39
9258,39
9259,10
9260,39
9261,39
9262,39
9263,52
9264,83
9265,111
9266,111
9267,10
9268,111
9269,52
9270,52
9271,111
9272,30
9273,16
9274,109
9289,45
9305,55
9309,41
9310,52
9321,45
9323,119
9330,119
9331,21
9332,102
9333,34
9334,62
9335,62
9336,110
9337,112
9338,79
9339,79
9340,62
9341,79
9342,21
9343,21
9344,31
9345,74
9346,21
9347,55
9348,21
9350,22
9351,22
9352,99
9354,22
9355,99
9356,99
9357,22
9358,99
9359,22
9360,22
9361,22
9362,99
9363,99
9364,22
9365,22
9366,99
9367,22
9368,22
9369,22
9370,22
9371,99
9372,22
9373,99
9374,22
9375,22
9376,22
9377,22
9378,95
9379,95
9380,109
9381,58
9382,19
9383,19
9384,19
9385,109
9386,119
9387,19
9389,30
9390,119
9391,19
9392,19
9393,36
9394,58
9395,2
9396,2
9397,19
9398,2
9399,2
9400,2
9401,109
9402,19
9403,19
9404,12
9405,19
9406,90
9407,19
9408,14
9409,116
9410,116
9411,14
9412,14
9413,14
9415,107
9416,60
9417,60
9418,60
9419,60
9420,52
9421,52
9422,60
9423,60
9424,60
9425,60
9426,60
9427,60
9428,61
9430,36
9431,6
9432,6
9433,19
9434,95
9435,95
9436,95
9437,12
9438,12
9439,75
9440,12
9441,12
9442,69
9443,12
9444,70
9445,52
9447,39
9449,10
9450,10
9451,39
9452,39
9453,39
9454,39
9455,83
9456,83
9457,39
9458,39
9460,39
9461,39
9462,39
9463,39
9464,39
9465,39
9466,39
9469,39
9470,39
9471,10
9472,10
9473,10
9474,10
9475,10
9476,10
9477,60
9478,60
9479,55
9480,55
9481,60
9482,60
9483,12
9484,12
9485,54
9486,12
9487,12
9488,12
9489,12
9490,12
9491,12
9492,75
9493,12
9494,12
9495,12
9496,12
9497,2
9498,39
9500,39
9501,39
9502,83
9503,83
9504,39
9506,111
9507,111
9508,86
9509,50
9510,74
9511,108
9512,108
9514,90
9517,39
9519,39
9520,39
9521,10
9522,10
9523,75
9524,12
9525,12
9526,12
9527,12
9528,41
9529,21
9530,47
9531,52
9532,94
9533,98
9534,80
9535,106
9536,79
9537,80
9538,80
9539,1
9540,98
9541,80
9542,98
9543,98
9545,106
9546,52
9547,106
9548,106
9549,108
9550,80
9551,1
9552,98
9553,80
9554,52
9555,1
9556,80
9557,1
9558,80
9559,106
9560,47
9562,85
9563,39
9565,10
9566,10
9567,10
9569,10
9570,10
9571,54
9572,12
9573,71
9574,12
9575,12
9576,3
9577,70
9578,71
9579,54
9580,12
9581,12
9582,12
9583,12
9584,70
9585,54
9586,69
9587,59
9588,111
9589,55
9590,55
9591,68
9592,68
9593,111
9594,111
9595,68
9596,83
9597,10
9598,111
9599,107
9600,10
9601,111
9602,83
9603,90
9604,111
9605,111
9606,111
9607,55
9608,106
9609,106
9610,111
9611,39
9612,39
9613,39
9614,10
9615,83
9616,111
9617,111
9618,111
9619,111
9620,111
9621,111
9622,83
9623,10
9624,55
9627,94
9628,55
9630,52
9631,60
9632,60
9633,10
9634,60
9635,10
9636,83
9637,60
9638,60
9639,10
9640,10
9641,55
9642,39
9643,111
9644,111
9645,111
9646,111
9647,111
9648,52
9649,107
9650,52
9651,111
9652,18
9653,83
9654,60
9655,107
9656,52
9657,83
9658,52
9659,52
9660,83
9661,60
9662,60
9664,83
9665,52
9666,107
9667,52
9669,111
9670,31
9671,114
9672,21
9673,21
9674,21
9675,79
9676,107
9677,112
9678,15
9679,41
9680,107
9681,98
9682,108
9683,15
9684,18
9685,74
9686,15
9687,79
9688,102
9689,45
9690,108
9691,114
9692,41
9694,79
9695,79
9696,85
9697,36
9698,36
9699,36
9700,85
9701,36
9702,85
9703,85
9704,36
9705,85
9706,46
9707,78
9708,111
9709,111
9710,55
9711,111
9712,111
9713,31
9714,15
9715,36
9716,85
9717,36
9718,78
9719,36
9720,2
9722,15
9726,111
9729,1
9730,10
9732,55
9733,111
9738,111
9748,10
9752,55
9754,28
9755,31
9756,31
9757,114
9758,15
9759,41
9760,108
9761,31
9762,36
9763,52
9764,34
9765,15
9766,15
9767,114
9768,68
9769,4
9770,4
9771,107
9772,50
9773,21
9774,79
9775,41
9776,50
9777,28
9778,79
9779,50
9780,106
9781,15
9782,21
9783,79
9784,85
9785,28
9788,112
9789,20
9790,82
9791,31
9792,55
9793,111
9794,8
9795,12
9796,85
9797,2
9798,10
9799,102
9800,20
9801,20
9802,82
9803,82
9804,60
9805,60
9806,60
9807,60
9808,55
9809,55
9810,39
9812,10
9814,36
9815,2
9816,119
9817,16
9818,106
9819,94
9820,82
9821,20
9822,82
9823,34
9824,23
9825,94
9826,23
9827,110
9828,23
9829,82
9830,82
9831,82
9832,94
9833,34
9834,82
9835,34
9836,20
9839,79
9840,45
9841,45
9842,31
9852,84
9854,51
9856,31
9857,108
9858,114
9859,107
9860,107
9862,31
9863,45
9864,41
9865,45
9866,45
9867,45
9868,45
9869,45
9870,45
9871,114
9874,41
9875,39
9876,39
9877,28
9878,83
9879,83
9880,68
9881,68
9882,111
9883,111
9884,79
9885,23
9892,100
9894,51
9900,63
9901,63
9902,51
9903,63
9904,19
9906,70
9907,88
9908,75
9909,12
9910,12
9911,54
9912,54
9913,54
9914,54
9915,71
9916,71
9917,69
9918,54
9919,54
9920,69
9921,71
9922,47
9923,54
9924,54
9925,88
9926,8
9927,94
9929,34
9931,114
9932,79
9933,45
9934,31
9935,41
9937,15
9938,31
9940,108
9941,108
9942,31
9943,108
9944,112
9945,107
9946,68
9947,107
9948,79
9949,114
9950,21
9951,1
9952,94
9953,112
9954,3
9955,1
9956,1
9957,47
9958,98
9959,98
9960,80
9961,47
9962,98
9963,80
9964,1
9965,22
9966,110
9967,28
9968,80
9969,41
9970,68
9971,107
9972,98
9973,18
9974,80
9975,98
9976,68
9977,95
9978,95
9980,68
9981,107
9982,107
9983,1
9984,108
9985,1
9986,1
9987,112
9988,1
9989,80
9990,106
9991,1
9992,68
9993,100
9994,73
9995,5
9996,23
9997,38
9998,48
9999,1
10000,5
10001,73
10002,73
10003,55
10004,21
10005,80
10006,80
10007,47
10008,80
10009,31
10010,80
10011,50
10012,50
10013,117
10014,95
10015,79
10016,5
10017,52
10018,86
10019,110
10020,86
10021,74
10022,41
10023,50
10024,80
10025,98
10026,80
10027,47
10028,110
10029,68
10030,80
10031,80
10032,80
10033,86
10034,80
10035,119
10037,119
10039,19
10040,79
10041,98
10042,48
10043,15
10044,15
10045,114
10046,108
10047,15
10048,15
10049,15
10050,15
10051,41
10052,21
10053,74
10054,20
10056,4
10057,79
10058,15
10059,15
10060,79
10061,79
10062,106
10063,112
10064,112
10065,112
10066,15
10067,112
10068,79
10069,15
10070,102
10071,34
10072,110
10073,34
10074,15
10075,31
10076,15
10078,19
10079,46
10080,2
10081,19
10082,119
10083,67
10088,19
10089,19
10092,119
10093,19
10095,109
10096,109
10097,19
10098,3
10099,3
10101,36
10102,119
10104,36
10105,3
10106,3
10107,40
10108,3
10109,3
10110,19
10111,109
10112,109
10113,19
10114,46
10115,46
10117,19
10122,19
10125,19
10126,19
10127,85
10128,36
10129,85
10130,40
10131,3
10133,40
10134,40
10135,3
10136,40
10137,3
10138,3
10139,40
10140,40
10141,3
10142,6
10143,85
10144,85
10145,85
10146,36
10147,36
10148,85
10149,36
10150,36
10151,36
10152,36
10153,85
10154,85
10155,85
10156,6
10157,30
10158,119
10159,2
10160,19
10161,109
10162,19
10164,3
10166,30
10167,36
10168,2
10169,36
10170,46
10171,36
10172,119
10173,67
10174,2
10175,119
10176,36
10177,85
10178,6
10179,30
10180,30
10181,40
10182,16
10183,16
10184,60
10185,60
10186,60
10187,60
10188,111
10189,111
10190,39
10192,40
10193,40
10194,40
10195,75
10196,8
10197,69
10198,71
10199,54
10200,71
10202,115
10203,69
10204,88
10205,105
10207,105
10208,88
10209,70
10210,69
10211,105
10213,54
10214,105
10215,88
10216,115
10217,71
10219,40
10220,105
10221,8
10222,115
10223,8
10224,105
10225,105
10226,54
10227,88
10228,8
10229,54
10230,105
10231,69
10235,40
10236,3
10237,40
10238,3
10239,3
10240,40
10241,40
10242,105
10243,69
10244,71
10245,8
10246,105
10247,105
10248,105
10249,105
10250,105
10252,105
10253,8
10254,54
10255,10
10256,111
10257,28
10258,28
10259,28
10260,50
10261,84
10262,28
10263,36
10264,36
10265,85
10266,85
10267,2
10268,36
10269,9
10270,9
10271,9
10272,9
10273,2
10274,36
10275,36
10276,36
10277,36
10278,85
10279,36
10280,42
10281,36
10282,42
10283,46
10284,61
10285,36
10286,36
10287,61
10288,61
10289,42
10290,61
10292,61
10293,78
10294,85
10295,6
10296,119
10297,36
10298,16
10299,42
10300,78
10301,85
10302,85
10303,78
10304,46
10305,6
10306,119
10307,61
10308,85
10309,16
10312,3
10313,3
10314,3
10315,3
10316,3
10317,3
10318,3
10319,3
10320,71
10321,54
10322,115
10323,54
10324,62
10325,40
10326,40
10327,40
10328,40
10329,3
10330,11
10331,11
10332,11
10333,11
10334,11
10335,47
10336,62
10338,79
10339,62
10340,23
10341,31
10342,97
10343,82
10344,90
10345,15
10346,48
10347,90
10348,117
10350,102
10351,74
10352,55
10354,82
10355,10
10356,10
10357,31
10358,41
10359,79
10360,89
10361,45
10362,20
10363,106
10364,31
10365,89
10366,5
10367,111
10369,10
10370,110
10371,68
10372,79
10373,15
10374,82
10376,114
10377,79
10378,15
10379,31
10380,68
10381,10
10382,97
10383,40
10384,40
10385,3
10386,3
10387,40
10388,3
10389,3
10390,3
10391,40
10392,3
10393,40
10394,12
10395,12
10396,40
10397,3
10398,40
10399,40
10400,12
10401,111
10402,102
10403,20
10404,27
10405,62
10406,89
10407,60
10408,62
10409,41
10410,79
10411,20
10412,15
10413,79
10414,20
10415,32
10418,62
10421,10
10423,111
10424,98
10425,111
10426,68
10427,111
10428,62
10429,62
10430,10
10431,111
10432,60
10433,111
10434,111
10435,52
10436,31
10437,108
10438,63
10439,90
10440,18
10441,111
10442,114
10443,114
10444,111
10445,63
10446,45
10447,112
10448,106
10449,31
10450,114
10451,45
10452,106
10453,112
10454,112
10455,112
10456,106
10457,31
10458,108
10459,31
10460,108
10461,55
10462,45
10463,106
10464,106
10465,52
10466,45
10467,15
10468,45
10469,112
10470,106
10471,31
10472,52
10473,60
10474,111
10475,18
10476,111
10477,10
10478,111
10479,111
10480,111
10481,111
10482,111
10483,102
10484,111
10485,63
10486,15
10487,63
10488,63
10489,63
10490,111
10491,110
10492,34
10493,110
10494,34
10495,34
10496,110
10497,110
10498,38
10499,117
10500,89
10501,110
10502,82
10503,110
10504,110
10505,34
10506,102
10507,102
10508,62
10509,34
10510,23
10511,62
10512,82
10513,32
10514,48
10517,19
10533,36
10563,15
10564,79
10565,15
10566,31
10567,102
10568,107
10569,79
10570,94
10571,114
10572,94
10573,106
10574,41
10575,102
10576,15
10577,62
10578,114
10579,15
10580,40
10581,40
10582,40
10583,3
10584,40
10585,40
10587,3
10588,40
10593,87
10594,118
10595,3
10596,8
10597,63
10598,38
10599,95
10601,1
10602,98
10603,95
10604,95
10605,3
10606,40
10607,40
10608,3
10609,3
10610,114
10611,111
10612,83
10613,16
10615,61
10616,61
10618,42
10619,9
10620,61
10621,9
10622,9
10623,16
10624,67
10626,6
10627,85
10628,109
10629,2
10630,109
10631,36
10632,85
10633,36
10634,36
10635,36
10636,6
10637,36
10638,36
10639,2
10640,2
10641,98
10642,98
10643,1
10644,1
10645,98
10646,98
10647,48
10649,47
10650,41
10652,73
10654,73
10655,73
10656,48
10658,47
10660,73
10661,73
10662,98
10664,117
10665,80
10669,106
10670,80
10671,74
10672,20
10673,62
10674,110
10675,80
10676,98
10677,48
10678,47
10680,73
10681,45
10682,31
10683,1
10684,1
10685,110
10689,47
10690,117
10691,23
10692,98
10693,20
10694,48
10698,3
10699,3
10700,40
10701,3
10702,40
10704,40
10705,3
10706,3
10707,3
10708,80
10709,52
10710,94
10711,47
10712,1
10713,86
10714,28
10715,54
10716,26
10717,88
10718,69
10719,86
10720,74
10721,47
10722,47
10723,47
10724,54
10725,115
10726,105
10727,105
10728,105
10729,54
10730,54
10731,105
10732,69
10733,88
10734,54
10735,54
10736,69
10737,54
10738,99
10739,67
10740,30
10741,30
10742,58
10743,30
10744,30
10746,30
10747,9
10748,30
10749,30
10750,1
10751,50
10752,47
10753,30
10754,30
10755,16
10756,58
10757,30
10758,109
10759,30
10760,30
10761,30
10762,30
10763,1
10764,15
10765,30
10766,30
10767,16
10768,58
10769,16
10770,58
10771,58
10772,109
10773,69
10774,12
10775,12
10776,98
10777,52
10778,86
10783,19
10784,95
10785,95
10786,95
10787,83
10788,111
10789,83
10790,111
10791,15
10792,31
10793,83
10794,111
10795,111
10796,83
10797,55
10799,111
10800,10
10801,111
10802,114
10803,111
10804,79
10805,15
10806,106
10807,106
10809,15
10810,79
10811,83
10812,90
10813,18
10814,111
10815,10
10816,83
10817,111
10818,83
10819,45
10820,10
10821,114
10822,31
10823,108
10824,79
10825,108
10826,79
10827,79
10828,41
10829,114
10830,79
10831,15
10832,108
10833,31
10834,106
10835,15
10836,79
10837,52
10839,41
10840,108
10842,106
10843,106
10844,106
10845,31
10846,114
10848,107
10849,31
10850,107
10851,114
10852,45
10853,114
10854,108
10855,45
10856,45
10857,45
10858,79
10859,41
10861,79
10862,112
10863,114
10864,79
10865,112
10866,31
10867,41
10869,79
10870,114
10871,106
10872,114
10873,106
10874,41
10875,106
10876,15
10877,45
10878,31
10879,106
10880,41
10882,114
10883,112
10884,15
10885,108
10886,79
10987,41
10988,110
10989,20
10990,102
10991,15
10992,52
10993,106
10994,15
10995,15
10996,90
10997,3
10998,40
10999,40
11000,40
11001,40
11002,40
11003,40
11004,40
11005,40
11006,40
11007,40
11008,34
11009,79
11010,20
11011,82
11012,34
11013,82
11014,82
11015,38
11016,34
11017,10
11018,83
11019,111
11020,34
11021,62
11022,98
11023,62
11024,20
11025,102
11026,82
11027,52
11028,38
11029,20
11030,38
11031,38
11032,20
11033,7
11034,34
11035,38
11036,62
11037,102
11038,27
11039,7
11040,111
11041,111
11042,111
11043,55
11044,55
11045,83
11046,83
11047,111
11048,111
11049,83
11050,83
11051,55
11052,55
11053,10
11054,10
11055,111
11056,111
11057,111
11058,111
11059,39
11062,83
11063,52
11064,52
11067,10
11069,111
11070,111
11071,111
11072,111
11073,68
11074,68
11075,107
11076,68
11077,52
11078,18
11079,10
11080,10
11081,111
11082,111
11083,111
11084,111
11085,10
11086,10
11087,111
11088,111
11089,111
11090,111
11091,111
11092,111
11093,34
11094,68
11095,68
11096,68
11097,62
11098,100
11099,28
11100,111
11101,111
11102,39
11103,39
11104,39
11105,39
11106,10
11107,10
11108,39
11109,39
11110,39
11111,39
11112,39
11113,39
11114,107
11115,107
11116,60
11117,60
11118,39
11119,39
11121,73
11123,54
11124,54
11125,28
11126,35
11128,84
11129,50
11130,20
11131,40
11132,3
11133,40
11134,40
11135,3
11136,12
11138,40
11139,73
11140,53
11141,80
11142,73
11143,60
11144,60
11145,52
11146,52
11147,55
11148,55
11150,3
11151,25
11152,25
11153,25
11154,25
11155,25
11156,25
11157,25
11158,25
11159,25
11160,25
11161,68
11162,68
11163,107
11164,107
11165,83
11166,83
11167,83
11168,83
11169,18
11170,18
11171,18
11172,31
11173,31
11174,18
11175,55
11176,18
11178,40
11179,3
11180,3
11188,40
11191,40
11192,40
11193,40
11196,40
11198,40
11199,40
11200,40
11202,40
11203,40
11204,40
11205,40
11207,40
11208,40
11209,40
11210,3
11211,40
11212,3
11213,3
11214,3
11215,40
11216,40
11217,40
11218,40
11220,40
11221,40
11222,3
11223,3
11225,40
11226,3
11228,40
11229,3
11230,3
11231,3
11233,51
11234,51
11235,35
11236,35
11237,35
11239,51
11240,35
11241,63
11242,51
11243,35
11244,35
11245,100
11246,18
11247,100
11248,84
11250,39
11253,84
11254,45
11255,15
11256,15
11257,15
11258,62
11259,95
11260,5
11261,5
11262,84
11263,84
11264,84
11265,51
11266,84
11267,63
11268,84
11269,80
11270,90
11272,98
11273,107
11274,28
11275,50
11276,68
11277,63
11278,108
11279,51
11280,51
11281,63
11282,63
11283,63
11284,63
11285,63
11286,51
11287,63
11288,63
11289,63
11290,63
11291,63
11292,63
11293,63
11294,63
11295,63
11296,51
11297,63
11298,63
11301,63
11302,63
11303,63
11304,63
11305,63
11306,63
11307,63
11308,28
11309,63
11310,51
11311,63
11312,84
11315,35
11316,84
11317,51
11318,51
11319,73
11320,51
11323,63
11324,51
11327,63
11328,63
11329,84
11330,63
11331,63
11332,63
11334,63
11335,63
11336,63
11338,62
11339,63
11340,63
11341,63
11342,73
11343,107
11344,51
11345,28
11346,51
11347,51
11348,51
11349,63
11350,63
11351,63
11353,63
11354,63
11355,62
11356,110
11357,68
11358,20
11359,62
11360,110
11361,102
11362,110
11363,15
11364,20
11365,62
11366,102
11367,20
11368,68
11369,20
11370,107
11371,15
11372,55
11373,102
11374,98
11375,34
11376,34
11377,39
11378,39
11379,82
11380,62
11381,62
11382,34
11383,62
11384,83
11385,68
11386,41
11387,107
11388,31
11389,79
11391,15
11393,45
11395,31
11396,52
11397,68
11398,18
11399,18
11401,60
11402,68
11403,98
11404,15
11405,79
11406,15
11407,60
11408,68
11409,31
11410,106
11411,60
11413,18
11414,15
11415,34
11416,68
11417,41
11418,15
11420,41
11421,15
11422,41
11423,79
11424,107
11425,106
11426,55
11427,20
11428,62
11429,62
11430,97
11431,20
11432,20
11433,52
11434,62
11435,110
11436,34
11437,34
11438,62
11439,62
11440,110
11441,82
11442,20
11443,110
11444,82
11445,110
11446,110
11447,47
11448,62
11449,82
11450,108
11451,15
11454,108
11455,68
11456,15
11457,68
11459,10
11461,55
11462,34
11463,79
11464,114
11465,114
11466,15
11467,60
11468,111
11469,108
11471,32
11472,34
11473,55
11475,34
11478,52
11479,20
11480,32
11481,82
11482,34
11483,40
11484,40
11485,40
11486,40
11487,40
11488,3
11489,40
11490,40
11491,40
11492,61
11493,61
11495,16
11496,61
11497,9
11498,61
11499,9
11500,61
11502,9
11503,30
11504,61
11505,61
11506,61
11507,61
11508,61
11509,61
11510,61
11511,9
11512,61
11513,42
11514,42
11515,42
11516,42
11517,6
11518,42
11519,61
11520,51
11521,107
11522,107
11523,15
11524,107
11525,110
11526,62
11527,108
11529,68
11530,18
11531,90
11532,62
11533,41
11534,27
11535,27
11536,27
11537,113
11538,27
11539,27
11540,38
11541,38
11542,27
11543,89
11544,113
11545,32
11546,27
11547,27
11548,97
11549,38
11550,27
11551,27
11552,27
11553,7
11554,27
11555,7
11556,76
11557,32
11558,38
11559,27
11560,27
11561,27
11562,27
11563,32
11564,27
11565,27
11566,27
11567,27
11568,7
11569,27
11570,27
11571,27
11572,32
11573,76
11574,97
11575,27
11576,27
11577,76
11578,38
11579,27
11580,27
11581,27
11582,32
11583,27
11584,27
11585,27
11586,27
11587,32
11588,113
11589,7
11590,27
11591,38
11592,27
11593,38
11594,32
11595,27
11596,27
11597,76
11598,27
11599,113
11600,27
11601,32
11602,76
11603,97
11604,38
11605,38
11606,32
11607,76
11608,110
11609,7
11610,76
11611,97
11612,97
11613,113
11614,110
11615,117
11616,38
11617,113
11618,76
11619,76
11620,117
11621,32
11622,27
11623,34
11624,32
11625,7
11626,27
11627,7
11628,27
11629,32
11630,27
11632,60
11634,40
11635,40
11636,3
11637,40
11638,40
11639,40
11640,40
11641,40
11642,40
11643,40
11644,40
11645,75
11646,3
11647,40
11648,40
11649,113
11650,3
11651,40
11652,40
11653,3
11654,34
11656,102
11657,34
11658,102
11659,110
11662,102
11664,110
11665,82
11668,62
11671,83
11672,111
11673,83
11674,10
11675,111
11676,10
11677,10
11678,111
11679,41
11680,83
11681,83
11682,10
11683,55
11684,55
11685,18
11686,10
11689,10
11690,55
11691,83
11692,111
11693,83
11694,111
11695,55
11696,55
11697,111
11698,111
11699,10
11700,111
11701,55
11702,111
11703,111
11704,60
11705,111
11706,111
11707,111
11708,111
11710,55
11711,10
11712,10
11713,113
11714,10
11716,60
11717,94
11719,55
11721,111
11722,83
11724,83
11725,112
11726,79
11727,15
11728,31
11730,112
11731,79
11732,15
11733,108
11734,18
11735,45
11736,83
11737,18
11738,107
11739,31
11740,79
11741,107
11742,107
11743,15
11744,18
11745,31
11746,112
11750,62
11753,102
11754,20
11755,34
11756,34
11757,82
11758,34
11759,34
11761,113
11762,117
11764,102
11765,79
11766,79
11767,79
11768,79
11769,106
11770,114
11771,31
11772,15
11773,94
11774,108
11775,55
11776,18
11777,31
11778,18
11780,79
11781,15
11783,79
11784,68
11785,62
11786,27
11788,27
11789,27
11790,27
11791,34
11793,7
11794,32
11796,27
11799,7
11800,7
11801,38
11802,32
11803,27
11804,7
11805,113
11806,7
11807,38
11808,7
11809,38
11810,27
11811,27
11813,27
11814,76
11815,2
11816,19
11817,19
11818,119
11819,109
11820,119
11821,2
11822,109
11823,119
11824,109
11825,16
11826,58
11827,109
11828,58
11829,19
11830,109
11831,6
11832,119
11833,119
11834,119
11835,109
11836,119
11837,119
11838,119
11839,6
11840,6
11841,2
11842,6
11843,119
11844,119
11845,78
11846,30
11847,16
11848,67
11849,30
11850,30
11851,30
11852,16
11853,67
11854,30
11855,30
11856,30
11857,30
11858,30
11859,30
11860,30
11861,67
11862,30
11863,30
11864,30
11865,30
11866,30
11867,30
11868,78
11869,36
11870,85
11871,36
11872,36
11873,36
11874,67
11875,78
11876,78
11877,78
11878,36
11879,36
11880,36
11881,85
11882,36
11883,36
11884,36
11885,36
11886,36
11887,36
11888,36
11889,85
11890,36
11891,85
11892,36
11893,67
11894,78
11895,36
11896,36
11897,85
11898,36
11899,85
11900,36
11901,85
11902,36
11903,85
11904,36
11905,46
11906,78
11907,78
11908,78
11909,36
11910,36
11911,78
11912,78
11913,78
11914,67
11915,78
11916,78
11917,78
11918,78
11919,78
11920,36
11921,85
11922,36
11923,85
11924,36
11925,46
11926,67
11927,19
11928,19
11929,119
11930,119
11931,119
11932,46
11933,119
11934,36
11935,46
11936,67
11937,78
11938,78
11939,78
11940,67
11941,61
11942,67
11943,78
11944,46
11945,46
11946,78
11947,78
11948,36
11949,78
11950,78
11951,46
11953,6
11954,2
11955,109
11956,6
11957,6
11958,36
11959,85
11960,36
11961,6
11962,67
11963,78
11964,67
11965,67
11966,58
11967,16
11968,36
11970,79
11971,19
11972,19
11973,19
11974,19
11976,2
11977,46
11978,46
11979,119
11980,46
11981,2
11983,119
11985,2
11986,19
11989,114
11990,31
11991,114
11992,45
11993,114
11994,79
11995,45
11996,31
11997,114
11998,39
11999,39
12000,39
12001,39
12003,39
12004,10
12005,39
12006,10
12007,39
12008,39
12009,39
12010,39
12011,39
12012,39
12013,10
12014,39
12015,39
12016,39
12017,10
12018,39
12019,39
12022,39
12023,39
12024,10
12025,10
12026,39
12028,39
12029,39
12030,39
12031,39
12032,60
12033,10
12034,60
12035,39
12036,39
12037,39
12038,39
12039,10
12040,107
12041,39
12042,39
12043,39
12044,63
12045,15
12046,111
12047,10
12049,18
12052,45
12053,79
12054,55
12055,15
12056,97
12057,97
12058,97
12059,97
12060,27
12061,27
12062,27
12063,27
12064,7
12065,27
12066,97
12067,27
12068,27
12069,32
12070,27
12071,27
12072,27
12073,97
12074,27
12075,27
12076,32
12077,27
12078,27
12079,32
12080,27
12081,27
12082,38
12083,7
12084,27
12085,27
12086,27
12087,27
12088,76
12089,76
12090,27
12091,27
12092,38
12093,20
12094,32
12095,20
12096,27
12097,27
12098,27
12099,27
12100,27
12101,27
12102,27
12103,76
12104,97
12105,27
12106,27
12107,97
12108,27
12109,27
12110,27
12111,27
12112,27
12113,38
12114,27
12115,27
12116,76
12117,38
12118,7
12119,20
12120,76
12121,55
12122,27
12123,76
12124,7
12125,113
12126,7
12127,7
12128,97
12129,7
12130,113
12131,20
12132,97
12133,113
12134,76
12135,7
12136,97
12137,82
12138,113
12139,20
12140,7
12141,97
12142,20
12143,32
12144,97
12145,38
12146,102
12147,113
12148,38
12149,38
12150,7
12151,102
12152,20
12153,113
12154,100
12155,100
12156,100
12157,100
12158,100
12159,100
12160,100
12161,100
12162,100
12163,100
12164,66
12165,66
12166,66
12167,66
12168,66
12169,66
12170,55
12171,111
12172,111
12173,111
12174,111
12175,10
12176,111
12177,107
12178,111
12179,39
12180,111
12181,111
12182,111
12183,111
12184,83
12185,68
12186,111
12187,111
12188,10
12189,106
12190,111
12191,90
12193,111
12194,45
12195,79
12196,79
12197,94
12198,52
12199,114
12200,31
12202,112
12203,45
12204,45
12206,79
12207,45
12208,106
12209,106
12210,94
12211,114
12212,84
12213,84
12214,51
12215,51
12216,51
12217,84
12218,84
12219,84
12220,51
12221,84
12222,51
12223,84
12224,84
12225,41
12226,106
12229,39
12230,39
12233,10
12234,60
12235,83
12236,60
12237,83
12238,10
12239,68
12241,39
12242,39
12244,10
12245,83
12246,60
12247,107
12249,52
12251,107
12253,39
12254,83
12255,83
12257,83
12258,39
12259,60
12260,107
12263,83
12264,60
12265,39
12266,107
12267,10
12271,107
12272,83
12273,39
12274,107
12275,107
12277,107
12278,83
12279,83
12282,107
12284,83
12285,51
12286,51
12287,51
12288,51
12289,51
12290,51
12292,10
12295,39
12296,83
12297,10
12298,60
12303,83
12304,83
12305,107
12309,52
12311,107
12313,52
12316,39
12318,83
12319,68
12320,18
12321,10
12322,52
12324,107
12326,60
12327,39
12328,10
12329,60
12331,63
12333,63
12337,45
12338,63
12339,10
12340,39
12344,28
12345,86
12346,86
12348,75
12350,47
12354,3
12357,47
12358,3
12360,88
12361,75
12364,52
12367,55
12368,75
12369,88
12371,60
12372,47
12374,111
12376,111
12378,88
12380,1
12381,47
12383,47
12385,47
12386,69
12387,117
12388,25
12389,25
12390,25
12391,25
12392,22
12393,22
12394,22
12395,22
12396,22
12397,22
12398,22
12399,99
12400,22
12401,22
12402,99
12403,22
12404,22
12405,22
12406,22
12407,22
12408,22
12409,22
12410,22
12411,49
12412,37
12413,37
12414,49
12415,37
12416,49
12417,37
12418,49
12419,37
12420,2
12421,16
12422,58
12423,61
12424,6
12425,85
12426,36
12427,6
12428,85
12429,6
12430,2
12431,85
12432,22
12433,22
12434,22
12435,22
12436,22
12437,95
12438,95
12439,95
12440,95
12441,49
12442,37
12443,49
12444,37
12445,37
12446,37
12447,93
12448,93
12449,93
12450,93
12451,93
12452,93
12453,11
12454,11
12455,11
12456,11
12460,52
12462,118
12463,53
12464,53
12465,53
12466,25
12467,25
12468,79
12469,111
12470,55
12471,55
12472,36
12473,36
12474,46
12475,78
12476,2
12477,85
12478,36
12479,36
12480,36
12481,36
12482,36
12483,85
12484,78
12485,85
12486,36
12487,85
12488,67
12489,78
12490,52
12491,82
12492,10
12493,54
12494,34
12495,110
12496,34
12497,79
12498,82
12500,68
12501,106
12502,31
12503,15
12504,20
12505,62
12506,85
12507,36
12508,36
12509,85
12510,36
12511,6
12512,36
12513,85
12514,85
12515,36
12516,36
12517,36
12518,85
12519,6
12520,36
12521,36
12522,85
12523,30
12526,16
12529,93
12530,82
12531,102
12532,68
12533,107
12534,18
12535,106
12536,68
12537,50
12538,50
12539,62
12540,82
12541,110
12542,82
12543,102
12544,102
12545,110
12546,82
12556,108
12557,31
12560,114
12567,15
12568,45
12569,79
12572,15
12576,62
12577,62
12578,102
12579,102
12580,82
12581,82
12582,47
12583,23
12584,23
12585,1
12586,48
12587,90
12588,1
12589,90
12590,47
12591,1
12592,23
12593,1
12594,1
12595,80
12597,47
12598,94
12599,23
12600,80
12601,98
12602,23
12603,98
12604,20
12605,45
12606,34
12607,18
12608,34
12609,107
12610,7
12611,38
12612,112
12613,15
12614,79
12615,31
12616,45
12617,6
12618,114
12619,106
12620,31
12621,106
12622,114
12623,108
12624,108
12625,94
12626,41
12627,15
12629,31
12630,114
12631,31
12632,79
12633,79
12634,31
12635,112
12636,114
12637,15
12638,31
12639,55
12640,18
12641,79
12642,31
12643,15
12644,79
12645,45
12646,45
12649,79
12650,31
12651,114
12652,114
12653,106
12654,32
12655,41
12656,111
12657,111
12658,55
12659,111
12660,111
12661,111
12662,55
12663,10
12664,60
12665,111
12666,55
12667,114
12668,55
12669,111
12670,21
12671,21
12672,21
12673,84
12674,84
12675,51
12676,84
12677,84
12678,84
12679,51
12680,95
12681,95
12683,19
12685,119
12688,30
12691,19
12692,2
12693,19
12694,19
12695,119
12696,19
12697,19
12698,109
12699,119
12700,119
12701,109
12702,19
12703,19
12704,119
12705,19
12706,19
12707,19
12708,19
12709,19
12710,19
12711,119
12712,19
12713,119
12714,19
12715,109
12716,119
12717,19
12718,19
12719,30
12720,46
12721,46
12722,78
12723,19
12724,36
12725,85
12726,108
12727,45
12728,31
12729,15
12730,107
12731,111
12732,12
12733,69
12734,70
12735,95
12736,22
12737,99
12739,99
12740,12
12741,12
12742,12
12743,115
12744,105
12745,115
12746,53
12747,53
12748,51
12750,12
12751,63
12752,63
12753,51
12754,35
12755,41
12757,114
12758,63
12759,35
12760,35
12762,63
12765,51
12766,114
12768,113
12769,7
12770,113
12771,7
12772,38
12773,113
12774,76
12775,38
12776,76
12777,117
12778,97
12779,76
12780,33
12781,33
12782,7
12783,76
12784,76
12785,7
12786,113
12787,7
12788,102
12789,27
12790,98
12791,98
12792,80
12793,48
12794,48
12795,117
12796,80
12797,80
12798,80
12799,1
12800,101
12801,98
12802,117
12803,48
12804,45
12805,98
12806,18
12807,48
12808,107
12809,68
12810,28
12811,28
12812,86
12813,19
12814,16
12816,2
12817,46
12819,19
12820,58
12821,16
12822,46
12823,119
12824,2
12825,67
12826,55
12827,55
12828,63
12829,4
12830,110
12831,48
12832,1
12833,23
12834,1
12835,5
12836,23
12837,5
12838,47
12839,5
12840,98
12841,110
12842,114
12843,80
12844,72
12845,48
12846,98
12847,80
12848,5
12849,5
12850,117
12851,62
12852,1
12853,36
12854,36
12855,36
12856,36
12857,85
12858,46
12859,36
12860,36
12861,36
12862,36
12863,36
12864,36
12865,46
12866,78
12867,119
12868,36
12869,46
12870,36
12871,36
12872,36
12873,36
12874,36
12875,36
12876,36
12877,36
12878,36
12879,36
12880,36
12881,36
12882,19
12883,16
12884,106
12885,19
12886,36
12888,19
12889,19
12890,2
12891,109
12892,2
12893,85
12895,2
12896,2
12897,19
12900,2
12902,119
12903,109
12904,58
12905,119
12907,52
12908,111
12909,114
12910,107
12912,55
12913,55
12914,10
12915,106
12916,68
12917,18
12918,15
12919,119
12920,6
12921,119
12922,109
12923,119
12924,46
12925,119
12926,119
12927,2
12928,45
12929,114
12930,45
12931,45
12932,45
12933,108
12934,45
12935,114
12936,111
12937,55
12939,83
12940,10
12941,10
12942,111
12943,10
12944,112
12945,90
12946,45
12947,45
12948,111
12950,111
12951,111
12952,111
12953,84
12954,19
12955,2
12956,109
12957,119
12958,36
12959,2
12960,19
12961,78
12963,109
12965,46
12966,19
12967,46
12968,19
12969,109
12970,19
12971,2
12972,109
12973,19
12974,19
12975,19
12976,19
12977,119
12978,109
12979,19
12980,78
12981,67
12982,67
12983,67
12984,2
12985,36
12986,19
12987,36
12988,62
12989,19
12990,19
12991,19
12992,19
12993,119
12994,36
12995,6
12996,6
12997,6
12998,36
12999,61
13000,42
13002,9
13003,61
13012,61
13013,61
13014,61
13015,61
13016,78
13018,42
13019,61
13023,61
13025,9
13026,61
13027,61
13028,61
13031,61
13033,42
13035,61
13036,61
13037,61
13039,9
13040,9
13042,78
13044,61
13045,61
13047,61
13048,23
13049,68
13050,111
13051,10
13052,40
13053,40
13054,3
13055,40
13056,3
13057,3
13058,40
13059,40
13060,40
13061,3
13062,40
13063,40
13064,2
13065,119
13066,19
13067,16
13068,109
13069,109
13070,119
13071,2
13072,2
13073,19
13074,6
13075,2
13076,2
13077,19
13078,19
13079,19
13080,2
13081,16
13082,19
13083,58
13084,19
13085,58
13086,43
13087,11
13088,31
13089,18
13090,112
13091,18
13092,39
13093,68
13094,18
13095,18
13096,107
13097,52
13098,18
13099,107
13100,79
13101,15
13102,55
13103,68
13104,68
13105,68
13106,107
13107,15
13108,63
13109,28
13110,21
13111,21
13112,21
13113,21
13114,19
13115,36
13116,2
13117,2
13118,19
13120,107
13121,85
13122,78
13123,85
13124,85
13125,85
13126,85
13127,85
13128,78
13129,78
13130,85
13131,85
13132,85
13133,85
13134,46
13135,109
13136,16
13137,16
13138,109
13139,85
13143,42
13144,42
13146,61
13150,61
13151,114
13152,79
13153,31
13154,15
13155,41
13156,108
13157,15
13158,102
13159,62
13160,102
13161,95
13162,95
13163,19
13164,119
13165,19
13166,19
13167,2
13168,119
13169,46
13170,85
13171,109
13172,36
13174,42
13177,115
13178,19
13179,119
13180,19
13181,19
13182,2
13183,19
13184,2
13186,2
13187,19
13188,2
13189,2
13190,19
13191,30
13192,109
13193,30
13194,19
13195,19
13196,119
13197,119
13198,109
13199,19
13201,19
13202,19
13203,19
13204,2
13205,19
13206,119
13207,119
13208,2
13209,2
13210,19
13211,2
13212,119
13213,19
13214,19
13215,119
13216,47
13217,47
13218,47
13219,47
13220,1
13221,1
13222,73
13223,73
13224,107
13225,107
13226,80
13227,80
13228,28
13229,28
13230,73
13231,73
13232,94
13233,94
13234,1
13235,1
13236,73
13237,73
13238,80
13239,80
13240,47
13241,47
13242,74
13243,74
13244,86
13245,86
13246,63
13247,63
13248,84
13249,28
13250,100
13251,84
13252,80
13253,41
13254,80
13255,74
13256,74
13257,86
13258,86
13259,28
13260,28
13261,63
13262,63
13263,5
13264,5
13266,102
13267,48
13268,48
13269,110
13270,110
13271,61
13273,61
13275,61
13280,9
13282,86
13283,83
13284,21
13285,21
13286,60
13287,60
13288,84
13289,68
13290,5
13291,23
13292,23
13293,74
13294,48
13295,48
13296,47
13297,47
13298,74
13299,74
13300,74
13301,74
13302,74
13303,74
13304,5
13305,5
13306,35
13307,35
13308,110
13309,110
13310,47
13311,80
13312,80
13313,83
13314,83
13315,111
13316,111
13317,55
13318,23
13319,23
13320,48
13321,48
13322,23
13323,23
13324,10
13325,97
13326,97
13327,23
13328,23
13329,47
13330,47
13331,10
13332,10
13333,111
13334,111
13335,48
13336,48
13337,47
13338,47
13339,5
13340,5
13341,86
13342,86
13343,86
13344,86
13345,74
13346,35
13347,35
13348,63
13349,35
13350,63
13351,35
13352,85
13353,78
13354,9
13355,78
13356,19
13357,46
13358,85
13359,6
13360,9
13361,6
13362,119
13363,85
13364,85
13365,36
13366,85
13367,85
13368,19
13369,85
13370,2
13371,2
13372,2
13373,19
13374,85
13375,109
13376,16
13377,19
13378,49
13379,16
13380,93
13381,109
13382,78
13383,85
13384,78
13385,6
13386,16
13387,119
13388,78
13389,111
13390,111
13391,83
13392,111
13393,111
13394,111
13395,111
13396,83
13397,111
13398,60
13399,83
13400,111
13401,83
13402,111
13403,111
13404,111
13405,111
13406,55
13407,55
13408,60
13410,10
13411,83
13412,111
13413,111
13414,55
13415,10
13416,83
13417,107
13418,55
13419,31
13420,52
13421,45
13422,79
13423,15
13424,62
13425,31
13426,31
13427,31
13428,79
13429,31
13430,112
13432,79
13433,114
13434,112
13435,114
13436,45
13437,106
13438,114
13439,108
13440,106
13441,79
13442,110
13443,34
13444,117
13445,34
13446,102
13447,45
13448,102
13449,68
13450,34
13451,111
13452,111
13453,82
13454,102
13455,34
13456,102
13457,32
13458,68
13459,10
13460,18
13461,111
13462,15
13463,111
13464,55
13465,106
13466,45
13467,79
13468,106
13469,31
13470,5
13471,38
13472,5
13473,61
13474,61
13475,78
13476,61
13477,61
13478,61
13479,61
13480,42
13481,61
13482,42
13483,42
13484,61
13485,36
13486,55
13487,10
13489,41
13490,21
13491,20
13493,12
13494,47
13495,112
13496,114
13497,114
13498,114
13499,114
13500,106
13501,79
13502,114
13503,108
13504,79
13505,108
13506,79
13507,108
13508,106
13509,114
13510,108
13511,79
13513,106
13514,73
13515,73
13516,73
13517,112
13518,55
13519,18
13520,52
13521,82
13522,113
13523,102
13524,20
13525,27
13527,34
13528,51
13529,107
13530,53
13531,53
13532,109
13533,58
13534,119
13535,19
13536,46
13537,85
13538,2
13539,61
13540,19
13541,61
13542,78
13543,61
13544,78
13545,42
13546,61
13547,9
13548,61
13549,6
13550,61
13551,61
13552,61
13553,61
13554,9
13555,58
13556,61
13557,61
13558,109
13559,42
13560,9
13561,42
13562,9
13563,2
13564,101
13565,101
13566,101
13567,101
13568,101
13569,101
13570,101
13571,101
13572,101
13573,101
13574,101
13576,101
13578,101
13580,101
13582,101
13584,106
13587,79
13590,106
13593,101
13596,80
13599,106
13602,79
13605,101
13607,101
13609,101
13611,101
13613,101
13615,101
13616,114
13617,15
13618,101
13619,110
13621,21
13624,21
13627,21
13630,21
13632,86
13634,50
13635,31
13637,101
13639,114
13640,9
13641,42
13642,85
13643,61
13644,9
13645,61
13646,6
13648,19
13649,2
13650,19
13651,2
13652,19
13653,6
13654,109
13655,58
13656,2
13657,19
13659,39
13661,39
13662,39
13666,107
13668,39
13669,51
13670,57
13671,63
13672,63
13673,2
13674,2
13675,119
13676,19
13677,19
13678,19
13679,19
13680,19
13681,19
13682,19
13683,19
13684,119
13685,119
13686,30
13687,67
13688,19
13689,2
13690,119
13691,19
13696,12
13697,12
13698,12
13699,109
13700,19
13701,119
13702,19
13703,2
13704,61
13705,15
13706,83
13707,31
13711,15
13712,15
13713,106
13714,68
13715,15
13717,53
13718,53
13720,53
13721,73
13722,95
13724,80
13725,95
13726,109
13727,19
13728,60
13729,39
13730,10
13731,39
13732,83
13733,107
13734,10
13735,10
13736,83
13737,111
13738,55
13739,111
13740,60
13741,108
13743,111
13744,68
13745,10
13746,10
13747,10
13748,83
13749,111
13750,111
13751,111
13752,111
13753,10
13754,39
13755,111
13756,60
13757,60
13758,10
13759,39
13760,111
13761,111
13762,39
13763,111
13764,111
13765,39
13767,111
13768,55
13769,39
13770,106
13771,45
13774,45
13776,79
13778,84
13779,84
13780,84
13781,84
13782,51
13783,84
13784,51
13785,51
13786,18
13789,18
13790,41
13792,106
13793,114
13796,18
13799,68
13800,18
13802,106
13803,60
13804,53
13810,53
13811,53
13812,107
13813,41
13814,106
13815,15
13816,31
13818,95
13821,73
13824,95
13826,45
13827,68
13828,68
13829,45
13830,106
13831,31
13832,68
13833,68
13835,68
13836,21
13837,3
13838,40
13839,40
13840,40
13841,3
13843,78
13844,2
13845,111
13846,10
13847,32
13848,114
13849,111
13850,111
13851,111
13852,111
13853,111
13854,111
13855,51
13856,10
13857,10
13858,111
13859,111
13860,111
13861,111
13862,10
13863,10
13864,111
13865,111
13866,83
13867,83
13868,10
13869,10
13870,55
13871,55
13872,52
13873,52
13874,107
13875,107
13877,52
13878,83
13879,83
13880,60
13881,60
13882,60
13883,60
13884,18
13885,18
13886,106
13887,106
13888,51
13889,82
13890,97
13891,1
13892,1
13894,10
13895,112
13896,119
13897,46
13898,19
13900,2
13901,119
13902,119
13903,19
13904,46
13905,119
13906,119
13907,119
13908,6
13909,46
13910,19
13911,119
13912,109
13913,19
13914,46
13915,19
13916,19
13917,2
13918,2
13919,19
13920,2
13921,16
13922,2
13923,2
13924,119
13925,58
13926,40
13927,58
13928,102
13929,106
13932,83
13933,82
13934,111
13935,34
13936,7
13938,83
13939,106
13940,111
13941,10
13942,60
13943,106
13945,31
13946,82
13947,82
13948,35
13949,70
13950,110
13951,52
13952,32
13953,114
13954,79
13955,55
13956,110
13957,52
13958,101
13959,18
13960,18
13961,52
13962,102
13963,10
13964,39
13965,114
13966,79
13967,31
13968,119
13969,119
13970,2
13971,2
13972,109
13973,30
13974,30
13975,67
13976,30
13977,119
13978,19
13979,46
13980,46
13981,2
13982,2
13983,30
13984,2
13985,2
13986,19
13987,2
13988,2
13989,2
13991,2
13992,119
13993,19
13994,12
13995,1
13996,12
13997,107
13998,47
13999,68
14000,107
14001,1
14002,1
14003,112
14004,1
14005,98
14006,80
14007,79
14008,47
14009,80
14010,117
14011,33
14012,98
14013,80
14014,47
14015,47
14016,79
14017,106
14018,80
14019,47
14020,107
14021,86
14022,86
14023,21
14024,21
14025,74
14026,106
14027,117
14028,4
14029,50
14030,47
14031,80
14032,80
14033,55
14034,111
14035,83
14036,83
14037,107
14038,83
14039,68
14040,111
14041,111
14042,10
14043,111
14044,10
14045,83
14047,10
14048,18
14049,107
14050,10
14051,111
14052,55
14053,60
14054,111
14055,111
14056,79
14057,41
14058,15
14059,79
14060,41
14061,41
14062,18
14063,114
14064,31
14065,106
14066,52
14067,79
14068,41
14069,114
14070,15
14071,18
14072,110
14073,82
14074,110
14075,55
14076,111
14077,18
14078,106
14079,41
14080,52
14081,108
14082,107
14083,52
14084,114
14085,45
14086,18
14087,114
14088,18
14089,68
14090,18
14091,102
14092,18
14093,31
14094,108
14095,68
14096,107
14097,114
14098,114
14099,102
14100,45
14101,79
14102,18
14103,32
14104,62
14105,45
14106,31
14107,52
14108,18
14109,18
14110,68
14111,68
14112,18
14113,18
14114,63
14116,63
14117,35
14118,63
14119,82
14120,34
14121,63
14122,35
14123,63
14124,63
14125,63
14126,35
14127,63
14128,63
14129,63
14130,51
14131,51
14132,80
14133,106
14134,50
14135,70
14136,106
14137,92
14138,92
14139,92
14140,92
14141,92
14142,92
14144,92
14145,92
14147,92
14148,92
14151,92
14152,92
14156,92
14157,92
14158,92
14159,92
14161,92
14162,92
14163,92
14164,92
14165,11
14166,11
14168,11
14169,11
14170,11
14171,11
14176,11
14197,97
14200,97
14281,119
14282,6
14283,85
14284,85
14285,51
14286,84
14287,39
14288,31
14289,106
14290,45
14291,41
14293,106
14294,45
14295,15
14296,106
14297,106
14298,52
14299,79
14300,106
14301,106
14302,106
14303,10
14304,55
14305,58
14306,107
14307,18
14308,68
14309,107
14310,68
14311,18
14312,108
14313,114
14314,79
14315,15
14316,68
14317,79
14318,112
14319,21
14320,21
14321,21
14322,68
14323,18
14324,18
14325,102
14326,62
14327,19
14329,2
14330,119
14331,19
14332,19
14333,19
14334,19
14335,119
14336,119
14337,19
14338,109
14339,67
14340,30
14341,30
14342,58
14343,119
14344,19
14345,119
14346,119
14347,2
14348,61
14349,61
14350,42
14351,42
14352,9
14353,9
14354,9
14356,9
14357,61
14358,42
14359,61
14360,61
14361,42
14362,61
14363,61
14364,9
14365,61
14366,61
14367,61
14368,42
14369,42
14370,42
14371,9
14372,9
14373,61
14374,9
14375,42
14376,42
14377,61
14378,9
14379,42
14380,16
14381,61
14383,61
14384,61
14385,61
14386,9
14387,61
14389,61
14390,78
14391,42
14392,28
14395,61
14396,78
14398,61
14401,61
14408,61
14409,61
14410,78
14411,61
14414,9
14415,42
14417,61
14419,61
14420,61
14421,61
14425,61
14426,61
14429,42
14430,42
14431,42
14433,61
14437,61
14438,9
14440,61
14441,61
14444,42
14447,9
14448,61
14449,9
14450,61
14451,61
14452,42
14453,42
14454,61
14456,61
14457,42
14461,61
14462,61
14466,61
14468,61
14470,61
14476,16
14477,9
14478,78
14479,119
14480,16
14481,6
14482,6
14483,119
14484,109
14485,36
14486,6
14487,36
14488,2
14489,119
14490,6
14491,36
14492,119
14493,16
14494,2
14495,2
14496,119
14497,16
14498,36
14499,109
14500,6
14501,119
14502,2
14503,119
14504,36
14505,36
14506,2
14507,15
14508,41
14509,19
14510,10
14511,10
14512,10
14513,10
14514,39
14515,39
14516,39
14517,10
14518,39
14519,10
14520,39
14521,39
14522,39
14523,39
14524,39
14526,10
14527,83
14528,10
14529,31
14530,108
14531,108
14532,41
14533,108
14534,15
14535,38
14536,27
14537,76
14538,97
14539,76
14540,76
14541,27
14542,27
14543,76
14544,97
14545,7
14546,7
14547,7
14548,97
14549,97
14550,27
14551,97
14552,119
14554,36
14555,119
14556,2
14557,2
14558,2
14559,6
14560,2
14562,2
14563,36
14564,58
14565,2
14566,2
14568,119
14569,2
14570,2
14571,2
14572,119
14573,2
14575,19
14576,2
14577,119
14580,60
14581,18
14582,68
14583,62
14584,102
14585,23
14587,11
14588,11
14589,11
14592,11
14593,11
14595,4
14596,4
14597,4
14598,4
14599,4
14600,99
14601,22
14602,22
14603,22
14604,99
14605,22
14606,99
14607,22
14608,99
14609,22
14610,99
14611,22
14612,99
14613,22
14614,22
14615,22
14616,22
14617,99
14618,22
14619,4
14620,10
14621,45
14622,68
14623,10
14624,111
14625,63
14626,18
14627,97
14628,107
14629,53
14630,5
14631,53
14632,53
14633,113
14635,53
14636,53
14637,111
14638,39
14639,111
14640,55
14641,10
14642,68
14643,55
14644,68
14645,68
14646,31
14647,94
14648,15
14649,45
14650,114
14651,106
14652,45
14653,31
14654,114
14656,31
14657,51
14658,84
14659,84
14660,111
14661,111
14662,10
14663,111
14664,10
14665,111
14666,111
14667,111
14668,39
14669,10
14671,10
14672,111
14673,111
14674,55
14675,111
14676,60
14677,107
14678,94
14679,79
14680,45
14681,108
14682,45
14683,45
14684,45
14685,112
14686,45
14688,84
14689,84
14690,84
14691,84
14693,51
14694,84
14695,51
14696,84
14697,84
14698,84
14699,51
14700,84
14701,84
14702,68
14703,60
14704,68
14706,10
14708,39
14711,60
14712,39
14713,51
14714,51
14715,79
14716,55
14717,62
14718,82
14719,23
14720,20
14721,107
14722,18
14723,52
14724,53
14726,52
14727,114
14728,31
14729,79
14730,79
14731,10
14732,1
14733,10
14734,83
14735,111
14736,47
14737,111
14738,60
14739,10
14740,10
14741,10
14742,10
14743,52
14744,10
14745,70
14746,111
14747,107
14748,47
14749,111
14750,39
14751,10
14752,47
14753,39
14754,1
14755,83
14756,10
14757,111
14758,10
14759,60
14760,10
14761,111
14762,1
14763,111
14764,111
14765,107
14766,10
14767,39
14768,39
14769,10
14770,54
14771,111
14772,10
14773,80
14774,55
14775,111
14776,1
14777,47
14778,111
14779,10
14780,1
14781,83
14782,60
14783,47
14784,60
14785,60
14786,55
14787,52
14788,54
14790,70
14791,71
14792,71
14794,69
14796,88
14797,69
14798,105
14799,70
14800,105
14801,54
14802,69
14803,54
14804,71
14805,105
14806,88
14807,54
14808,105
14809,115
14810,105
14811,69
14812,54
14813,69
14814,71
14815,105
14816,69
14817,105
14820,11
14821,11
14822,11
14823,11
14826,11
14828,11
14832,11
14833,11
14834,11
14836,11
14837,11
14839,49
14840,37
14841,49
14842,37
14843,37
14844,49
14845,37
14846,37
14847,37
14848,37
14849,37
14850,49
14851,37
14852,72
14853,37
14854,49
14855,37
14856,37
14857,37
14858,37
14859,49
14860,49
14861,116
14862,59
14863,59
14864,44
14865,49
14866,37
14867,49
14868,49
14869,49
14870,37
14871,72
14872,30
14873,58
14874,30
14875,44
14876,4
14877,54
14878,105
14879,54
14880,54
14881,70
14882,88
14883,105
14884,115
14885,105
14886,54
14888,105
14889,115
14890,88
14892,75
14893,75
14894,12
14896,54
14897,37
14898,49
14899,72
14900,49
14901,37
14902,49
14903,37
14904,49
14905,11
14906,49
14907,116
14908,14
14910,114
14911,31
14912,31
14913,52
14914,108
14915,114
14916,79
14917,41
14918,108
14919,41
14920,18
14921,107
14922,107
14924,108
14925,18
14926,18
14927,18
14928,18
14930,41
14931,21
14932,21
14933,21
14934,21
14935,21
14936,21
14937,21
14938,21
14939,74
14940,21
14941,74
14942,15
14943,45
14944,45
14945,41
14946,31
14948,31
14949,15
14950,52
14951,55
14952,18
14953,107
14954,107
14955,18
14956,55
14957,55
14958,68
14959,18
14960,107
14961,31
14962,49
14963,49
14965,37
14966,37
14967,49
14968,37
14969,37
14970,49
14971,11
14972,11
14974,11
14975,11
14976,11
14977,11
14978,11
14979,11
14980,11
14981,11
14982,11
14983,52
14984,68
14985,107
14986,107
14987,68
14988,18
14989,107
14990,68
14991,18
14993,107
14994,68
14995,68
14996,107
14997,107
14998,15
14999,114
15000,79
15001,114
15002,79
15003,45
15004,18
15005,18
15006,18
15007,68
15008,55
15009,107
15010,31
15011,28
15012,107
15013,68
15014,68
15015,68
15016,18
15017,18
15018,18
15019,68
15020,18
15021,68
15022,50
15023,15
15024,95
15025,95
15026,52
15027,102
15028,107
15029,107
15030,18
15031,18
15032,82
15033,18
15034,18
15035,102
15036,18
15037,68
15038,82
15039,52
15040,107
15041,68
15042,1
15043,68
15044,117
15045,80
15046,68
15047,107
15048,18
15050,36
15051,36
15052,36
15053,85
15054,36
15055,36
15056,36
15057,36
15058,85
15059,36
15060,36
15061,36
15062,85
15063,85
15064,85
15065,36
15066,36
15067,78
15068,67
15069,78
15070,78
15071,67
15072,85
15073,67
15074,78
15075,55
15076,27
15077,27
15078,38
15079,113
15080,94
15081,20
15082,113
15083,100
15084,100
15085,97
15086,10
15087,15
15088,83
15089,111
15090,10
15091,38
15092,7
15093,7
15094,76
15095,20
15096,7
15097,7
15098,76
15099,113
15100,76
15101,76
15102,38
15103,7
15104,27
15105,76
15106,34
15107,7
15108,102
15109,51
15110,51
15111,84
15112,84
15113,51
15114,51
15115,51
15116,51
15117,84
15118,51
15119,51
15120,51
15121,51
15122,84
15123,84
15124,51
15125,51
15127,84
15128,84
15129,84
15132,51
15134,84
15140,83
15141,10
15144,55
15145,10
15147,114
15150,52
15151,60
15152,111
15154,60
15157,94
15160,45
15162,45
15163,79
15165,31
15166,45
15168,108
15169,45
15170,45
15171,114
15172,106
15174,112
15177,107
15179,45
15182,114
15183,107
15184,60
15185,68
15187,15
15189,108
15190,15
15191,45
15192,112
15193,45
15194,15
15195,114
15196,114
15197,52
15199,45
15200,112
15201,106
15202,114
15206,31
15207,68
15209,114
15210,108
15211,41
15214,54
15215,12
15216,71
15217,11
15218,11
15219,119
15220,6
15221,6
15222,119
15223,2
15224,2
15225,19
15226,58
15227,2
15228,36
15229,119
15230,19
15231,19
15232,6
15233,109
15234,109
15235,2
15236,109
15237,109
15238,19
15239,19
15240,119
15241,6
15242,2
15243,109
15244,58
15245,19
15246,19
15247,119
15248,2
15249,36
15250,58
15251,2
15252,67
15253,9
15254,19
15255,19
15256,2
15257,119
15258,16
15259,19
15260,2
15261,19
15262,109
15263,119
15264,2
15265,19
15266,19
15267,16
15268,16
15269,19
15270,19
15271,19
15272,75
15273,75
15274,12
15275,22
15276,99
15277,22
15278,99
15279,22
15280,2
15281,3
15283,114
15284,2
15285,19
15286,19
15287,19
15288,2
15289,19
15290,19
15291,12
15292,12
15293,70
15294,75
15295,54
15296,54
15297,88
15298,70
15299,119
15300,19
15301,19
15302,19
15303,78
15304,19
15305,19
15306,2
15307,6
15308,2
15309,19
15310,2
15311,78
15312,46
15313,19
15314,19
15315,2
15316,119
15317,68
15318,47
15319,107
15320,107
15321,68
15322,68
15323,68
15324,47
15325,1
15326,114
15327,52
15328,1
15329,39
15330,86
15331,74
15332,50
15333,86
15334,86
15335,21
15336,74
15337,4
15338,50
15339,21
15340,86
15341,74
15342,48
15343,1
15344,4
15345,107
15346,80
15347,80
15348,80
15349,75
15351,86
15352,85
15353,36
15354,119
15355,109
15356,78
15357,85
15358,85
15359,36
15361,46
15362,78
15363,78
15364,6
15365,85
15366,6
15367,78
15368,6
15369,46
15370,102
15371,52
15372,107
15373,52
15374,19
15375,119
15376,19
15377,109
15378,119
15379,2
15382,30
15384,67
15385,30
15387,30
15388,67
15392,30
15393,30
15394,16
15396,16
15397,2
15398,19
15399,19
15400,19
15401,19
15405,2
15406,19
15407,6
15408,119
15409,67
15410,67
15412,16
15414,19
15415,119
15416,2
15417,19
15418,16
15419,12
15434,12
15436,69
15437,105
15439,54
15442,8
15451,105
15457,46
15459,19
15461,4
15462,68
15463,4
15464,68
15465,108
15466,107
15467,21
15468,41
15469,114
15470,31
15471,82
15472,108
15473,82
15474,108
15475,114
15476,15
15477,15
15478,34
15479,15
15480,84
15481,86
15482,86
15483,62
15484,86
15485,28
15486,42
15487,16
15488,61
15489,42
15490,42
15491,61
15492,42
15493,42
15494,9
15495,42
15496,109
15497,42
15499,58
15501,42
15502,61
15503,42
15504,42
15505,61
15506,36
15507,36
15508,85
15509,85
15510,6
15511,9
15512,6
15513,85
15514,85
15515,36
15516,109
15517,58
15518,119
15519,78
15520,2
15521,46
15523,42
15524,61
15525,67
15526,78
15527,79
15528,15
15529,15
15530,114
15531,22
15532,22
15535,22
15539,95
15540,95
15542,61
15543,61
15544,42
15545,42
15546,61
15547,22
15548,99
15549,22
15550,99
15551,99
15552,99
15554,99
15555,18
15557,18
15558,55
15560,63
15561,63
15562,63
15563,61
15564,61
15565,61
15566,61
15567,61
15568,61
15569,61
15570,47
15571,117
15572,94
15573,47
15574,52
15575,117
15576,117
15577,1
15578,39
15579,39
15581,52
15583,114
15585,107
15586,108
15587,83
15588,10
15590,117
15598,68
15599,68
15600,18
15601,107
15602,68
15603,68
15604,80
15605,80
15606,55
15607,106
15608,50
15609,74
15610,86
15611,50
15612,28
15613,86
15614,41
15615,98
15616,18
15617,20
15618,80
15619,18
15620,68
15621,55
15622,28
15623,52
15624,18
15625,18
15626,83
15627,68
15628,68
15629,107
15630,68
15631,50
15632,28
15633,80
15634,1
15635,98
15636,41
15637,41
15638,80
15639,52
15640,47
15641,47
15642,28
15643,28
15644,21
15645,86
15646,80
15647,80
15648,1
15649,5
15650,47
15651,54
15653,75
15654,54
15658,70
15660,54
15662,54
15663,12
15665,54
15666,12
15667,54
15669,54
15670,63
15671,63
15672,63
15673,63
15674,63
15675,63
15676,63
15677,84
15678,84
15679,84
15680,84
15681,84
15682,84
15683,84
15684,84
15685,84
15686,84
15687,84
15688,84
15690,39
15692,39
15693,10
15696,39
15697,39
15698,39
15700,61
15701,106
15702,83
15703,111
15705,28
15706,99
15707,22
15708,75
15709,109
15710,16
15711,19
15713,2
15714,2
15715,119
15716,119
15717,16
15718,119
15719,16
15720,119
15721,2
15722,119
15723,19
15724,119
15726,119
15727,19
15728,19
15729,119
15730,119
15731,119
15732,109
15733,119
15734,119
15735,119
15736,19
15737,2
15738,67
15739,19
15740,19
15741,119
15742,119
15743,19
15744,19
15745,19
15746,19
15747,19
15748,51
15749,63
15750,101
15751,112
15752,101
15753,101
15754,101
15755,101
15756,101
15757,101
15758,101
15759,101
15760,101
15761,101
15762,101
15763,101
15764,101
15765,112
15766,101
15767,101
15768,96
15769,96
15770,29
15771,96
15772,96
15773,29
15774,29
15775,96
15776,29
15777,96
15778,96
15779,96
15780,96
15781,96
15782,96
15783,29
15784,96
15785,29
15786,96
15787,96
15788,96
15789,96
15790,96
15791,96
15792,96
15793,96
15794,96
15795,96
15796,96
15797,96
15798,96
15799,96
15800,96
15801,29
15802,29
15803,29
15804,96
15805,29
15806,96
15807,96
15808,29
15809,96
15810,96
15811,96
15812,96
15813,29
15814,96
15815,29
15816,96
15817,101
15818,101
15819,101
15820,101
15821,101
15822,101
15823,101
15824,112
15825,101
15826,101
15827,101
15828,101
15829,38
15830,32
15831,27
15832,27
15833,27
15834,27
15835,32
15836,27
15837,32
15838,76
15839,76
15840,76
15841,27
15842,76
15844,27
15846,18
15847,30
15848,9
15849,9
15850,109
15851,30
15852,16
15853,30
15854,30
15855,46
15856,9
15857,30
15858,30
15859,30
15860,16
15861,30
15862,109
15863,58
15864,46
15865,109
15866,16
15867,16
15868,78
15869,30
15870,16
15871,16
15872,109
15873,30
15874,30
15875,30
15876,30
15877,30
15878,30
15879,46
15880,46
15881,16
15882,46
15883,16
15884,78
15885,46
15886,16
15887,109
15888,30
15889,30
15890,30
15891,9
15892,16
15893,16
15894,30
15895,30
15896,30
15897,30
15898,109
15899,58
15900,30
15901,67
15902,30
15903,16
15904,96
15907,39
15908,39
15910,39
15912,39
15913,39
15914,60
15915,60
15917,12
15918,12
15919,75
15920,12
15921,12
15922,12
15923,12
15924,12
15925,12
15926,75
15927,69
15928,12
15929,54
15931,108
15933,114
15934,11
15935,11
15936,11
15937,11
15938,11
15939,11
15940,11
15941,11
15942,49
15943,49
15944,37
15945,37
15946,25
15947,25
15948,25
15949,25
15950,25
15951,25
15952,25
15953,25
15954,25
15955,25
15956,25
15957,25
15958,25
15959,25
15960,25
15961,25
15962,18
15963,18
15964,18
15965,68
15966,18
15967,83
15968,111
15969,68
15970,111
15971,111
15972,111
15973,108
15974,111
15975,68
15976,52
15977,83
15981,111
15982,60
15983,52
15984,112
15985,108
15986,112
15987,45
15988,45
15989,18
15990,68
15992,10
15993,111
15994,83
15995,31
15996,10
15997,39
15998,111
15999,52
16000,68
16001,114
16002,18
16003,18
16004,106
16005,45
16006,41
16007,31
16009,45
16010,114
16011,53
16012,53
16013,53
16014,53
16015,53
16016,53
16017,53
16018,84
16019,51
16020,84
16021,51
16022,84
16023,55
16024,10
16025,10
16026,111
16027,111
16028,83
16029,111
16030,111
16031,111
16032,111
16033,83
16034,55
16035,55
16036,111
16037,111
16038,111
16039,111
16041,10
16042,83
16043,111
16044,111
16045,111
16046,111
16047,111
16048,83
16050,111
16051,111
16052,55
16053,111
16054,51
16055,63
16056,84
16057,84
16058,84
16059,84
16060,84
16061,84
16062,51
16063,84
16064,51
16065,51
16066,51
16067,51
16068,84
16069,51
16070,84
16071,84
16072,51
16073,54
16075,54
16076,54
16077,54
16078,54
16079,116
16080,116
16081,14
16082,116
16083,14
16084,116
16085,14
16086,116
16087,14
16088,14
16089,14
16090,116
16091,14
16093,116
16094,116
16095,116
16096,14
16098,116
16099,14
16100,14
16101,116
16102,14
16103,14
16105,116
16106,116
16107,116
16108,116
16109,116
16110,116
16111,78
16112,67
16113,67
16114,67
16115,30
16116,30
16117,16
16118,16
16119,30
16120,30
16121,11
16122,55
16123,114
16124,41
16125,34
16126,102
16127,52
16128,82
16129,114
16130,110
16131,102
16132,34
16133,34
16134,34
16135,110
16136,34
16137,110
16138,34
16139,110
16140,94
16141,117
16142,110
16143,102
16145,34
16146,34
16147,34
16148,82
16149,34
16150,85
16151,85
16152,85
16153,36
16154,36
16155,85
16156,36
16157,36
16158,85
16159,85
16160,36
16161,36
16162,67
16163,6
16164,78
16165,85
16166,85
16168,119
16169,36
16170,85
16171,36
16172,36
16173,36
16174,67
16175,85
16176,36
16177,67
16178,36
16179,36
16180,85
16181,36
16182,85
16183,36
16184,85
16185,36
16187,85
16188,36
16189,67
16190,107
16191,79
16192,18
16193,18
16194,18
16195,18
16196,31
16197,18
16198,4
16199,114
16200,45
16201,45
16202,68
16203,107
16204,15
16205,79
16206,108
16207,68
16208,68
16209,45
16210,45
16211,68
16212,62
16213,79
16214,50
16215,31
16216,50
16217,50
16218,41
16219,68
16220,68
16221,28
16222,28
16223,18
16224,4
16225,86
16226,74
16227,45
16228,68
16229,68
16230,4
16231,68
16232,18
16233,18
16234,79
16236,30
16239,16
16246,67
16248,42
16250,10
16251,83
16252,4
16253,4
16271,34
16272,55
16273,55
16274,18
16275,68
16276,107
16278,68
16280,68
16281,18
16282,39
16283,79
16284,94
16285,114
16286,108
16287,114
16288,106
16289,114
16290,45
16291,45
16292,114
16293,45
16295,18
16296,31
16298,111
16299,111
16303,111
16312,111
16314,52
16315,112
16316,114
16317,79
16318,31
16319,52
16320,108
16321,52
16322,112
16323,108
16324,114
16325,52
16326,83
16327,55
16330,84
16331,45
16332,52
16333,68
16334,83
16335,60
16336,52
16337,107
16338,107
16339,90
16340,90
16341,60
16343,10
16344,10
16345,83
16350,83
16351,39
16353,39
16354,39
16355,60
16357,10
16358,60
16360,39
16361,83
16362,114
16363,10
16364,55
16365,55
16367,114
16368,84
16369,84
16370,84
16373,84
16374,51
16375,51
16376,51
16378,51
16379,51
16380,51
16381,51
16382,51
16383,45
16385,83
16387,83
16388,83
16389,31
16390,84
16391,51
16392,83
16393,111
16394,111
16395,111
16396,10
16397,111
16398,55
16399,55
16400,106
16401,111
16402,114
16403,83
16404,111
16405,106
16406,83
16407,41
16408,83
16409,55
16411,111
16412,83
16413,45
16414,45
16415,45
16416,45
16417,31
16418,79
16419,45
16420,79
16421,45
16422,31
16423,106
16424,79
16425,31
16426,108
16427,52
16428,15
16429,79
16430,114
16431,79
16432,55
16433,114
16434,52
16435,106
16436,79
16437,15
16438,114
16439,31
16440,106
16441,108
16442,68
16443,68
16444,18
16445,107
16447,114
16448,108
16449,83
16450,111
16452,83
16455,83
16456,111
16457,83
16458,10
16459,83
16460,111
16461,10
16462,111
16463,111
16464,108
16465,111
16466,111
16467,108
16468,111
16469,68
16470,111
16471,83
16472,10
16475,10
16476,111
16482,10
16483,111
16484,83
16485,111
16487,114
16488,41
16489,108
16490,106
16491,15
16492,114
16493,108
16494,15
16495,106
16496,31
16497,31
16498,31
16499,31
16501,90
16502,41
16503,31
16504,63
16505,63
16506,63
16507,63
16508,51
16509,63
16510,63
16511,63
16512,63
16513,63
16514,63
16515,63
16516,63
16517,63
16518,63
16519,51
16520,63
16521,63
16522,63
16524,83
16526,111
16527,111
16529,111
16530,111
16532,111
16533,111
16534,102
16535,95
16536,11
16537,95
16538,55
16539,111
16540,83
16541,111
16542,60
16543,83
16544,39
16545,111
16546,108
16547,111
16548,111
16549,111
16550,55
16551,31
16552,106
16553,79
16554,106
16555,41
16556,18
16557,107
16567,5
16602,60
16603,111
16604,83
16605,60
16606,20
16607,20
16608,23
16609,51
16610,51
16611,51
16612,51
16613,51
16614,84
16615,51
16616,10
16617,55
16619,111
16620,83
16621,84
16622,84
16623,84
16624,84
16625,31
16626,106
16627,31
16628,108
16629,15
16630,15
16631,15
16632,31
16633,108
16634,108
16635,15
16636,31
16637,41
16638,31
16639,112
16640,108
16641,106
16642,52
16643,114
16644,94
16645,108
16646,114
16647,31
16648,114
16649,15
16650,41
16661,45
16664,68
16691,31
16704,41
16708,45
16719,68
16724,15
16729,30
16730,67
16731,30
16732,30
16733,67
16734,30
16735,67
16736,30
16737,67
16738,30
16739,17
16740,72
16741,72
16742,17
16743,17
16744,72
16745,17
16746,17
16747,72
16748,17
16749,49
16750,17
16751,17
16752,17
16753,17
16754,17
16755,37
16757,17
16758,71
16759,115
16760,54
16761,105
16762,69
16763,54
16764,71
16765,53
16766,8
16767,105
16768,54
16769,44
16771,40
16772,40
16773,40
16774,3
16775,40
16776,3
16777,3
16778,40
16779,40
16780,40
16781,40
16782,40
16783,3
16784,40
16785,8
16786,40
16787,40
16788,40
16789,60
16791,10
16792,111
16793,111
16794,60
16797,60
16798,51
16799,84
16800,51
16801,84
16802,52
16803,74
16804,5
16805,86
16806,74
16807,111
16808,111
16810,111
16812,52
16813,10
16814,10
16815,55
16817,111
16818,107
16819,63
16820,63
16821,20
16822,102
16823,82
16824,20
16825,20
16826,23
16827,102
16828,23
16829,82
16830,110
16831,23
16832,102
16833,82
16834,117
16835,14
16836,14
16837,116
16838,14
16839,14
16840,14
16841,116
16842,14
16843,14
16844,14
16845,14
16846,116
16847,116
16848,116
16849,14
16850,14
16851,14
16852,116
16853,14
16854,14
16855,14
16856,14
16857,14
16858,14
16859,116
16860,116
16861,116
16862,116
16863,14
16864,14
16865,14
16866,14
16867,14
16868,14
16869,116
16870,116
16871,14
16872,116
16873,116
16874,14
16875,14
16876,116
16877,14
16878,14
16879,116
16880,14
16881,116
16882,14
16883,14
16884,116
16885,14
16886,116
16887,14
16888,14
16889,116
16890,14
16891,14
16892,14
16893,14
16894,14
16895,14
16896,14
16897,116
16898,14
16899,15
16900,108
16901,45
16902,45
16903,18
16905,108
16906,31
16907,41
16908,15
16909,106
16910,107
16911,55
16912,108
16913,15
16914,114
16915,68
16916,18
16917,63
16918,63
16919,63
16920,63
16921,63
16923,60
16924,83
16925,107
16926,68
16927,68
16928,68
16929,68
16931,108
16932,79
16933,108
16936,116
16937,116
16938,116
16939,116
16940,14
16941,14
16942,14
16943,14
16945,14
16946,14
16947,116
16948,116
16949,116
16950,116
16951,14
16952,14
16953,116
16954,14
16955,14
16956,116
16957,14
16958,14
16959,116
16960,14
16961,14
16962,116
16966,2
16969,46
16970,46
16971,46
16972,46
16973,46
16974,46
16975,46
16976,2
16978,67
16979,67
16980,19
16981,30
16982,67
16983,30
16984,67
16985,67
16986,67
16987,30
16988,67
16989,67
16990,31
16991,55
16992,11
16993,11
16994,42
16995,46
16996,61
16997,16
16998,61
16999,9
17000,61
17001,9
17003,42
17004,42
17005,42
17007,9
17008,42
17009,42
17010,61
17011,61
17012,61
17013,61
17015,61
17016,9
17017,61
17018,9
17019,61
17020,61
17021,42
17022,42
17023,61
17024,30
17025,16
17026,30
17027,30
17028,57
17029,93
17030,30
17031,67
17032,58
17033,2
17034,19
17035,6
17036,19
17037,6
17038,19
17039,19
17040,109
17041,19
17042,6
17043,58
17044,78
17045,78
17046,46
17047,67
17048,67
17049,78
17050,67
17051,78
17052,46
17053,67
17054,78
17055,36
17056,109
17057,58
17058,11
17059,11
17060,11
17061,11
17062,11
17063,11
17064,11
17065,11
17066,11
17067,11
17068,11
17069,11
17071,11
17072,11
17073,11
17074,11
17075,11
17076,11
17077,72
17078,72
17079,72
17080,70
17081,70
17082,72
17083,72
17084,72
17085,72
17086,72
17087,72
17088,37
17089,72
17090,17
17091,17
17092,72
17093,37
17094,37
17095,49
17096,17
17097,72
17098,17
17099,72
17100,37
17101,72
17102,72
17103,17
17104,72
17105,37
17106,37
17107,49
17108,37
17109,72
17110,17
17111,49
17112,17
17113,17
17115,72
17116,17
17117,17
17118,17
17120,54
17121,54
17122,70
17123,105
17124,54
17125,54
17126,105
17127,105
17128,88
17129,54
17130,54
17131,54
17132,105
17133,69
17134,8
17135,54
17136,105
17137,54
17138,54
17139,54
17141,105
17142,105
17143,17
17144,11
17149,12
17150,31
17151,60
17152,68
17153,18
17154,107
17155,39
17156,83
17157,39
17158,39
17159,39
17160,39
17161,39
17162,111
17163,111
17164,10
17165,39
17166,39
17167,10
17168,106
17169,83
17170,111
17171,45
17172,10
17173,111
17174,111
17175,111
17176,108
17177,10
17178,83
17179,39
17180,39
17181,10
17182,39
17183,39
17184,39
17185,39
17186,83
17187,60
17188,10
17189,83
17190,60
17191,107
17192,39
17193,107
17194,68
17195,18
17196,107
17197,108
17198,68
17199,18
17200,31
17201,107
17202,79
17203,79
17204,116
17205,14
17206,14
17207,116
17208,14
17209,14
17210,14
17211,14
17212,14
17213,14
17214,14
17215,14
17216,14
17217,14
17218,14
17219,116
17220,14
17221,14
17222,14
17223,14
17224,14
17225,14
17226,14
17227,14
17228,14
17229,14
17230,14
17231,116
17232,106
17233,45
17234,112
17235,79
17236,114
17237,55
17238,15
17239,45
17240,45
17241,45
17242,114
17243,15
17244,79
17245,45
17246,45
17247,114
17248,31
17249,114
17250,31
17251,15
17252,41
17253,79
17254,31
17255,68
17256,23
17257,15
17258,114
17259,15
17260,55
17261,114
17262,114
17263,31
17264,45
17265,114
17266,45
17267,31
17268,45
17269,52
17270,15
17271,45
17272,45
17273,45
17274,45
17275,45
17276,112
17277,114
17278,79
17279,41
17280,31
17281,18
17282,68
17283,31
17284,45
17285,41
17286,106
17287,41
17288,31
17289,108
17290,18
17291,84
17293,12
17296,22
17297,22
17298,22
17299,22
17300,22
17301,22
17302,22
17303,22
17304,22
17305,22
17306,14
17307,14
17308,14
17309,14
17310,14
17311,14
17312,14
17313,116
17314,14
17315,14
17316,14
17317,14
17318,116
17319,14
17320,14
17321,14
17322,116
17323,14
17324,116
17325,116
17326,14
17327,116
17328,116
17329,14
17330,14
17331,14
17332,14
17333,14
17334,14
17335,14
17356,67
17359,56
17360,56
17361,56
17362,56
17363,56
17364,56
17365,56
17366,56
17367,56
17368,56
17369,56
17370,56
17371,56
17372,56
17373,56
17374,56
17375,56
17376,56
17377,56
17378,56
17379,56
17380,53
17381,53
17382,53
17383,53
17384,53
17385,53
17386,53
17387,53
17388,53
17389,22
17390,22
17391,22
17392,22
17393,22
17394,22
17395,22
17396,22
17397,22
17398,22
17399,22
17400,22
17401,22
17402,22
17403,22
17405,22
17406,22
17407,22
17408,22
17409,2
17410,19
17411,19
17412,19
17413,2
17414,19
17415,19
17416,2
17417,40
17418,40
17419,40
17420,40
17421,3
17422,3
17423,3
17424,3
17425,3
17426,40
17427,3
17428,40
17429,40
17430,40
17431,3
17432,40
17433,3
17434,3
17435,3
17436,40
17437,40
17438,3
17439,3
17440,3
17441,3
17442,40
17443,40
17444,3
17445,40
17446,40
17447,40
17448,3
17449,3
17450,40
17451,3
17452,3
17453,40
17454,40
17455,40
17456,3
17457,3
17458,40
17459,3
17460,40
17461,40
17462,40
17463,26
17464,26
17466,26
17468,26
17471,26
17476,26
17479,26
17481,36
17483,2
17484,85
17485,19
17489,16
17490,42
17491,30
17493,30
17494,67
17495,67
17496,112
17497,106
17498,31
17499,114
17500,114
17501,45
17502,112
17503,45
17504,79
17505,79
17506,114
17507,15
17508,79
17509,114
17510,79
17511,112
17512,114
17513,15
17514,68
17515,102
17516,102
17527,72
17529,95
17530,95
17531,95
17532,95
17533,95
17534,107
17535,39
17536,10
17537,10
17538,39
17539,83
17540,39
17541,39
17542,39
17544,39
17545,39
17546,39
17547,39
17548,39
17549,39
17550,39
17551,39
17552,39
17553,39
17554,10
17555,10
17556,39
17557,39
17558,10
17559,39
17560,10
17561,39
17562,10
17563,83
17564,39
17565,10
17567,39
17568,39
17569,39
17570,39
17571,10
17572,39
17573,10
17575,39
17576,39
17577,84
17579,84
17580,51
17581,99
17582,22
17583,99
17584,22
17585,14
17586,14
17587,14
17588,14
17589,14
17590,14
17592,14
17594,14
17596,14
17597,14
17599,14
17601,14
17602,116
17603,14
17605,14
17606,14
17607,14
17608,48
17609,110
17611,48
17612,106
17613,98
17614,80
17615,47
17616,48
17617,23
17618,28
17619,100
17620,100
17621,100
17623,50
17624,50
17625,28
17626,39
17627,114
17628,18
17629,107
17630,54
17631,105
17632,54
17633,75
17634,53
17635,53
17636,53
17637,53
17638,53
17639,53
17640,93
17641,17
17642,93
17643,72
17644,30
17645,30
17646,30
17647,30
17648,67
17649,30
17650,67
17651,30
17652,30
17653,30
17654,61
17655,42
17656,61
17657,36
17658,61
17659,78
17660,78
17661,61
17662,42
17663,61
17664,42
17665,46
17666,61
17667,46
17668,61
17669,109
17670,42
17671,61
17672,61
17673,42
17674,9
17675,9
17676,42
17677,61
17678,9
17679,9
17680,78
17682,109
17683,46
17684,46
17685,61
17686,61
17687,61
17688,61
17689,61
17690,119
17691,109
17692,58
17693,36
17694,109
17695,58
17696,36
17697,119
17698,85
17699,6
17700,109
17701,2
17702,6
17704,119
17705,2
17706,2
17707,119
17708,58
17709,119
17710,58
17711,6
17712,119
17713,27
17714,83
17715,40
17717,47
17718,111
17719,47
17720,111
17721,52
17722,40
17723,80
17724,47
17725,98
17726,52
17727,1
17729,47
17730,2
17731,46
17732,119
17733,30
17734,67
17735,67
17736,93
17737,67
17738,2
17739,19
17740,119
17741,19
17742,19
17743,109
17744,2
17745,19
17746,19
17747,2
17748,2
17749,46
17750,107
17751,107
17752,111
17753,111
17754,39
17755,55
17756,85
17757,85
17758,6
17759,119
17760,36
17761,85
17762,36
17763,36
17764,36
17765,85
17766,6
17767,2
17768,85
17769,36
17770,9
17771,11
17772,11
17773,11
17774,11
17775,11
17777,11
17778,11
17779,11
17780,25
17781,25
17782,65
17783,25
17784,25
17785,22
17786,22
17787,22
17788,22
17789,22
17790,99
17791,22
17792,22
17793,22
17794,22
17795,30
17796,108
17797,1
17798,94
17799,94
17800,23
17801,47
17802,48
17803,48
17805,1
17806,47
17807,47
17808,48
17809,23
17810,23
17811,23
17812,23
17813,2
17814,2
17815,46
17816,78
17817,46
17818,36
17819,36
17820,78
17821,2
17822,36
17823,19
17824,46
17825,46
17826,19
17827,119
17828,19
17829,19
17830,2
17831,119
17832,2
17833,36
17834,119
17835,9
17836,16
17837,67
17838,19
17839,19
17840,58
17841,19
17842,119
17843,19
17844,19
17845,119
17846,2
17847,19
17848,110
17849,34
17850,97
17851,82
17852,110
17853,29
17854,29
17855,96
17856,29
17857,0
17858,0
17859,0
17860,0
17861,0
17862,0
17863,96
17864,29
17865,29
17866,96
17868,96
17869,96
17870,96
17871,29
17873,101
17874,79
17875,15
17876,101
17877,101
17878,101
17879,101
17880,101
17881,101
17882,101
17883,101
17885,101
17886,101
17887,101
17888,108
17889,101
17890,31
17891,41
17893,15
17894,106
17895,101
17896,98
17897,68
17898,68
17899,68
17900,18
17901,68
17902,28
17903,28
17904,107
17905,68
17906,68
17907,68
17908,107
17909,68
17910,68
17911,68
17912,60
17913,18
17914,80
17915,52
17916,18
17917,52
17918,47
17919,94
17920,1
17921,1
17922,80
17923,68
17924,28
17925,86
17926,86
17927,28
17928,28
17929,50
17930,28
17931,28
17932,114
17933,31
17934,21
17935,15
17936,15
17937,15
17939,21
17940,108
17941,31
17942,106
17943,112
17944,31
17945,28
17946,50
17947,50
17948,50
17949,11
17950,93
17951,95
17952,95
17953,95
17954,95
17955,95
17956,95
17957,95
17959,19
17960,46
17961,16
17962,67
17963,46
17965,46
17966,16
17967,30
17968,67
17969,30
17970,46
17971,46
17972,19
17973,46
17974,46
17975,46
17976,46
17977,2
17978,58
17979,119
17980,119
17981,58
17982,19
17983,12
17984,12
17985,12
17986,12
17987,11
17988,11
17989,11
17990,25
17991,25
17992,28
17993,50
17994,50
17995,50
17996,50
17997,28
17998,31
17999,50
18000,28
18001,28
18002,86
18003,114
18004,114
18005,86
18006,28
18007,12
18008,12
18009,11
18010,11
18011,11
18012,11
18013,11
18014,11
18015,11
18016,11
18017,11
18018,11
18019,11
18020,11
18021,11
18022,11
18023,11
18024,11
18026,72
18027,72
18028,17
18029,54
18030,71
18031,54
18032,71
18033,105
18034,71
18035,69
18036,69
18037,105
18038,88
18039,105
18040,105
18041,105
18042,71
18043,105
18044,17
18045,72
18046,17
18047,37
18048,37
18049,72
18050,37
18051,49
18052,72
18053,72
18054,37
18055,37
18056,37
18057,72
18058,72
18059,37
18079,96
18092,96
18117,80
18121,80
18131,101
18133,101
18135,21
18145,96
18161,67
18162,12
18163,105
18164,17
18166,7
18167,7
18168,5
18169,5
18170,23
18171,23
18172,48
18173,48
18174,5
18175,5
18176,23
18178,80
18179,62
18180,63
18181,63
18185,63
18193,63
18194,23
18195,10
18196,84
18197,51
18198,50
18199,52
18200,102
18201,68
18202,68
18203,68
18205,68
18206,95
18207,95
18208,95
18209,95
18210,95
18211,95
18212,95
18213,95
18214,95
18215,22
18216,22
18217,22
18218,22
18219,22
18220,99
18221,22
18222,22
18223,22
18224,31
18225,79
18226,79
18227,15
18229,31
18230,79
18231,41
18232,15
18233,31
18234,79
18235,79
18236,79
18237,31
18238,79
18240,31
18241,31
18242,79
18243,79
18244,112
18245,79
18246,79
18248,15
18249,31
18254,113
18255,113
18256,27
18257,27
18258,113
18259,7
18260,97
18261,27
18262,76
18263,113
18265,27
18266,27
18267,27
18268,27
18269,97
18270,97
18271,38
18272,113
18273,38
18274,20
18275,38
18276,27
18277,27
18278,113
18280,27
18281,27
18282,27
18283,20
18284,27
18286,27
18287,76
18288,113
18289,27
18290,27
18291,7
18292,32
18293,7
18294,20
18295,7
18296,27
18297,27
18298,97
18299,97
18300,38
18301,76
18302,113
18303,7
18304,7
18305,39
18306,111
18307,60
18308,45
18309,114
18310,18
18311,18
18312,18
18313,18
18314,83
18316,108
18317,83
18318,111
18319,111
18320,111
18321,111
18322,111
18323,68
18324,111
18326,111
18327,111
18332,12
18342,115
18345,99
18346,99
18350,99
18352,22
18353,22
18354,99
18355,99
18356,22
18357,22
18358,22
18359,99
18360,22
18361,22
18363,19
18364,29
18366,29
18367,101
18368,101
18369,101
18370,15
18371,31
18372,0
18374,0
18375,0
18376,0
18377,0
18378,0
18383,101
18384,101
18385,29
18386,29
18387,96
18388,29
18389,29
18391,29
18392,96
18393,96
18394,29
18395,29
18400,119
18401,78
18402,2
18403,119
18404,85
18405,85
18406,36
18407,19
18408,67
18409,2
18410,85
18411,16
18412,19
18413,2
18414,119
18415,85
18416,119
18417,19
18418,19
18419,2
18420,119
18421,19
18427,12
18428,54
18429,54
18430,54
18431,54
18432,88
18433,8
18434,88
18435,54
18436,12
18437,12
18438,75
18439,12
18440,54
18441,13
18442,87
18443,87
18444,81
18445,13
18446,81
18447,87
18448,13
18449,87
18450,87
18451,81
18452,81
18453,13
18454,81
18455,87
18456,13
18457,13
18458,81
18459,81
18460,87
18461,81
18462,13
18463,13
18464,13
18465,13
18466,13
18467,13
18468,13
18469,13
18470,13
18471,81
18472,13
18473,2
18474,19
18475,16
18476,16
18477,58
18478,109
18479,19
18480,2
18481,109
18482,19
18483,2
18484,119
18485,109
18486,63
18487,63
18488,63
18489,46
18490,2
18491,68
18492,30
18493,30
18494,19
18495,16
18496,30
18497,67
18498,46
18499,107
18500,79
18501,114
18508,22
18509,68
18512,98
18517,68
18518,68
18520,68
18521,68
18522,68
18523,68
18524,68
18525,40
18526,3
18527,75
18528,8
18529,3
18530,3
18531,3
18532,75
18533,3
18534,3
18536,19
18537,119
18538,58
18539,109
18540,42
18541,42
18542,2
18543,42
18544,42
18545,42
18546,61
18547,42
18548,61
18549,16
18550,78
18551,16
18552,42
18553,42
18554,61
18555,61
18556,61
18557,42
18558,61
18559,61
18560,42
18561,42
18562,61
18564,61
18565,11
18566,49
18567,119
18568,119
18569,31
18570,31
18571,18
18572,107
18573,107
18574,15
18575,79
18576,31
18577,82
18578,68
18579,22
18580,22
18581,22
18582,99
18583,99
18584,22
18585,22
18586,22
18587,22
18588,22
18589,22
18590,22
18591,99
18592,22
18593,19
18594,37
18595,49
18596,49
18597,2
18598,67
18599,67
18600,46
18601,46
18602,19
18603,11
18604,11
18605,11
18606,11
18607,37
18609,31
18610,15
18611,112
18612,15
18613,106
18614,41
18615,79
18616,31
18617,79
18618,106
18619,79
18620,31
18621,15
18622,41
18623,107
18624,18
18625,31
18626,106
18627,31
18628,18
18629,34
18630,31
18631,41
18632,31
18633,41
18634,31
18635,31
18636,79
18637,114
18638,15
18639,114
18640,15
18641,15
18642,79
18643,41
18644,50
18645,68
18646,39
18649,67
18651,78
18653,67
18655,67
18656,119
18657,119
18658,119
18659,119
18665,19
18667,119
18670,46
18671,67
18672,109
18673,2
18674,19
18675,19
18677,30
18678,0
18679,0
18680,0
18681,0
18682,96
18683,96
18684,0
18685,96
18686,96
18687,29
18688,29
18689,29
18690,29
18691,0
18692,0
18693,0
18694,0
18695,0
18696,96
18697,29
18698,96
18699,96
18700,29
18701,29
18702,96
18703,96
18704,96
18705,96
18706,29
18707,29
18708,29
18709,29
18710,5
18711,5
18712,21
18713,74
18714,20
18715,20
18716,62
18717,62
18718,20
18719,34
18720,32
18721,34
18722,97
18724,68
18725,52
18726,90
18727,107
18728,34
18729,102
18730,45
18731,107
18732,110
18733,62
18734,34
18735,89
18736,89
18737,82
18738,34
18739,38
18740,97
18741,82
18742,102
18743,7
18744,38
18745,52
18746,68
18747,102
18748,32
18749,7
18750,34
18751,82
18752,7
18753,82
18754,89
18755,89
18756,82
18757,34
18758,97
18759,10
18760,39
18761,39
18762,68
18763,34
18764,34
18765,61
18766,25
18767,25
18768,25
18769,25
18770,25
18771,25
18772,25
18773,25
18774,25
18775,25
18776,25
18777,25
18778,25
18779,25
18780,25
18781,25
18782,25
18783,25
18784,25
18785,25
18786,49
18787,37
18788,111
18789,49
18791,49
18792,49
18793,115
18794,115
18795,71
18796,115
18797,115
18798,115
18799,115
18800,70
18801,11
18802,11
18803,11
18804,11
18805,11
18806,11
18807,11
18808,11
18809,11
18810,11
18811,11
18812,11
18813,11
18814,11
18815,37
18816,49
18817,49
18818,49
18819,49
18820,49
18821,37
18822,37
18823,49
18824,49
18825,37
18826,49
18827,49
18828,49
18829,11
18830,11
18831,11
18832,11
18833,11
18834,11
18835,11
18836,11
18837,11
18838,11
18839,11
18840,11
18841,11
18842,114
18843,31
18844,79
18845,31
18846,112
18847,79
18848,41
18849,31
18850,112
18851,31
18852,41
18854,79
18855,114
18856,79
18857,41
18858,31
18859,15
18860,55
18861,31
18862,41
18863,31
18864,68
18865,31
18866,50
18867,21
18868,21
18869,28
18870,50
18871,85
18872,36
18873,36
18874,36
18875,85
18876,36
18877,83
18878,20
18879,60
18880,34
18881,47
18882,39
18883,111
18884,98
18885,68
18886,52
18887,107
18888,39
18889,10
18890,39
18891,39
18892,38
18893,20
18894,97
18895,27
18896,32
18897,113
18898,34
18899,7
18900,34
18901,95
18902,95
18903,57
18904,95
18905,2
18906,19
18907,30
18908,30
18909,67
18910,30
18911,19
18912,83
18913,83
18915,83
18916,60
18917,111
18918,106
18919,111
18920,111
18921,60
18922,83
18923,102
18924,31
18925,90
18926,18
18927,114
18929,31
18930,31
18931,114
18932,15
18933,15
18934,114
18935,114
18936,108
18937,106
18938,52
18939,15
18940,106
18941,106
18942,114
18943,22
18944,22
18945,22
18946,22
18947,22
18948,22
18949,22
18950,99
18951,22
18952,22
18953,22
18954,22
18955,22
18956,22
18957,18
18958,107
18959,82
18960,107
18961,18
18962,102
18963,68
18964,68
18965,102
18966,18
18968,68
18969,107
18971,62
18973,111
18974,60
18975,31
18976,50
18977,94
18978,107
18979,114
18980,112
18981,114
18982,79
18983,41
18984,52
18985,55
18986,15
18987,114
18988,79
18989,114
18990,15
18991,15
18992,79
18993,31
18994,15
18995,95
18996,98
18997,75
18998,53
18999,68
19000,110
19001,31
19003,68
19004,31
19005,18
19006,62
19007,82
19008,62
19009,39
19010,82
19011,50
19012,102
19013,62
19014,110
19015,102
19016,62
19017,102
19018,42
19019,61
19020,61
19021,61
19022,78
19023,61
19024,9
19025,61
19026,61
19027,58
19028,9
19029,42
19030,46
19031,61
19032,61
19033,61
19034,9
19035,61
19036,78
19037,42
19038,61
19039,61
19040,61
19041,2
19042,109
19043,9
19044,61
19045,61
19046,61
19047,61
19048,61
19049,61
19050,61
19051,61
19052,61
19053,119
19054,27
19055,97
19056,113
19057,76
19058,7
19059,97
19060,7
19061,7
19062,7
19063,27
19064,27
19065,27
19066,7
19067,38
19068,38
19069,113
19070,32
19071,38
19072,7
19073,27
19074,32
19075,32
19076,27
19077,7
19078,27
19079,27
19080,27
19081,7
19082,27
19083,32
19084,76
19085,7
19086,38
19087,27
19088,27
19089,38
19090,27
19091,38
19092,7
19093,82
19094,27
19095,76
19096,76
19097,76
19098,76
19099,76
19100,76
19101,38
19102,7
19103,27
19104,76
19105,7
19106,76
19107,18
19108,31
19109,106
19110,31
19111,106
19112,106
19113,106
19114,41
19115,106
19116,46
19117,67
19118,67
19119,67
19120,30
19121,78
19122,16
19123,30
19124,30
19125,9
19126,78
19127,30
19128,30
19129,67
19130,67
19131,30
19132,30
19133,46
19134,67
19135,67
19136,46
19137,78
19138,46
19139,46
19140,46
19141,46
19142,67
19143,46
19144,67
19145,31
19146,18
19147,79
19148,15
19149,79
19150,106
19151,55
19152,18
19153,31
19154,106
19155,112
19156,79
19157,79
19158,79
19159,15
19160,112
19161,55
19162,107
19163,31
19165,108
19166,15
19167,31
19168,106
19169,114
19170,108
19171,18
19172,68
19173,111
19174,60
19175,10
19176,111
19177,107
19180,55
19181,83
19182,52
19183,60
19184,83
19185,111
19186,111
19187,111
19189,39
19191,60
19192,60
19193,39
19194,39
19195,83
19197,60
19198,39
19199,10
19200,10
19201,60
19202,39
19204,111
19206,11
19208,11
19210,11
19211,11
19212,11
19213,11
19217,25
19218,25
19219,25
19220,25
19221,25
19222,19
19223,25
19224,25
19225,25
19226,25
19227,25
19228,25
19229,25
19230,25
19231,25
19232,25
19234,49
19236,53
19238,54
19239,2
19240,21
19241,18
19242,21
19243,31
19244,108
19245,107
19246,107
19247,3
19248,3
19249,3
19250,3
19251,3
19252,3
19253,99
19254,3
19255,3
19256,40
19257,40
19258,3
19259,3
19260,40
19261,3
19262,3
19263,99
19264,40
19265,3
19266,40
19267,40
19268,40
19269,3
19270,3
19271,40
19272,40
19273,3
19274,3
19275,3
19276,3
19277,40
19278,3
19279,3
19280,3
19281,99
19282,3
19283,3
19284,40
19285,3
19286,40
19287,3
19288,3
19289,3
19290,3
19291,40
19292,3
19293,3
19294,3
19295,3
19296,3
19297,3
19298,40
19299,3
19300,3
19301,40
19302,2
19303,58
19304,46
19305,119
19306,2
19307,119
19308,19
19309,109
19310,19
19311,19
19312,12
19313,12
19314,69
19315,12
19316,75
19317,12
19318,75
19319,75
19320,69
19321,18
19322,107
19323,107
19324,18
19325,18
19326,107
19327,107
19328,31
19329,85
19330,68
19331,107
19332,60
19333,82
19334,83
19335,55
19336,39
19337,68
19338,68
19339,68
19340,68
19341,18
19342,68
19343,49
19344,49
19345,37
19348,109
19349,2
19350,19
19351,109
19352,2
19353,2
19354,19
19355,29
19356,29
19357,29
19359,29
19360,29
19361,2
19362,46
19363,46
19364,36
19365,85
19366,36
19367,6
19368,119
19369,36
19370,36
19371,36
19372,85
19379,0
19380,0
19385,79
19386,53
19387,6
19388,108
19389,79
19390,79
19391,114
19392,15
19393,108
19394,107
19395,114
19396,79
19397,114
19398,114
19399,15
19400,15
19401,15
19402,15
19403,106
19404,79
19405,114
19406,19
19407,15
19408,79
19409,106
19410,15
19411,12
19412,75
19413,75
19414,12
19415,75
19419,21
19420,21
19423,79
19424,108
19425,111
19426,111
19427,55
19428,83
19429,83
19430,21
19431,21
19433,95
19434,95
19435,95
19436,95
19438,21
19439,95
19440,95
19441,57
19442,57
19445,106
19448,79
19449,18
19450,68
19453,52
19455,68
19456,60
19457,68
19459,106
19465,111
19466,111
19469,68
19472,107
19473,52
19475,107
19476,68
19477,107
19478,22
19479,22
19481,21
19482,41
19483,41
19484,0
19485,96
19486,29
19487,0
19488,0
19489,96
19490,96
19491,0
19492,0
19493,96
19494,22
19495,99
19496,99
19497,99
19498,99
19499,99
19500,99
19501,22
19502,22
19503,22
19504,99
19505,11
19506,11
19507,11
19508,11
19509,11
19510,11
19511,11
19513,37
19514,49
19515,107
19516,68
19517,106
19518,107
19519,68
19520,107
19522,107
19523,106
19524,41
19525,18
19526,18
19527,106
19528,31
19529,108
19530,107
19531,114
19532,31
19533,60
19534,107
19535,68
19536,52
19537,107
19539,68
19540,107
19541,57
19542,57
19543,57
19544,57
19545,57
19546,68
19547,107
19548,52
19549,18
19550,68
19551,107
19552,18
19553,79
19554,15
19555,82
19556,34
19557,23
19558,68
19559,107
19560,31
19561,68
19563,106
19564,108
19566,114
19567,45
19568,45
19569,106
19570,114
19571,15
19572,31
19573,50
19574,50
19575,62
19576,110
19577,62
19578,62
19579,62
19580,79
19581,79
19582,106
19583,15
19584,68
19585,18
19586,27
19587,34
19588,34
19589,34
19590,110
19591,62
19592,34
19593,32
19594,18
19595,18
19596,110
19597,102
19598,20
19599,32
19600,62
19601,34
19602,34
19603,62
19604,34
19605,18
19606,82
19607,98
19608,62
19609,20
19610,23
19612,82
19613,62
19614,110
19615,62
19616,117
19617,107
19618,68
19619,34
19620,18
19621,18
19622,23
19623,117
19624,82
19625,31
19626,79
19627,79
19628,15
19629,79
19630,68
19631,18
19632,106
19633,18
19634,68
19635,18
19636,18
19637,32
19638,107
19639,18
19640,52
19641,68
19642,18
19643,68
19644,102
19645,34
19646,62
19647,7
19648,34
19649,102
19650,20
19651,114
19652,32
19653,113
19654,62
19655,32
19656,108
19657,106
19658,41
19659,18
19661,68
19662,107
19663,110
19664,68
19665,108
19666,34
19667,102
19668,107
19669,62
19670,62
19671,62
19672,82
19673,110
19674,62
19675,110
19676,34
19677,20
19678,34
19679,68
19680,102
19681,18
19682,83
19683,110
19684,82
19685,34
19686,34
19687,21
19688,21
19690,106
19692,15
19693,55
19695,83
19696,60
19697,79
19699,55
19700,39
19701,10
19702,10
19703,60
19705,111
19706,52
19707,60
19708,68
19709,83
19711,83
19712,111
19713,111
19714,111
19715,10
19716,10
19717,10
19718,10
19719,60
19720,60
19721,60
19723,39
19724,82
19725,82
19726,68
19727,34
19728,52
19731,52
19732,90
19733,108
19734,62
19735,34
19736,68
19737,82
19738,72
19739,30
19740,67
19741,95
19743,73
19744,108
19745,31
19746,15
19747,53
19749,108
19750,41
19751,55
19752,41
19753,31
19755,3
19756,3
19757,3
19758,40
19759,3
19762,40
19763,40
19764,3
19765,40
19766,3
19767,3
19769,3
19770,46
19771,109
19772,109
19773,4
19777,53
19779,53
19780,70
19783,94
19784,108
19785,31
19786,41
19787,79
19788,108
19789,94
19790,114
19791,112
19792,45
19793,45
19794,108
19795,68
19796,68
19797,45
19798,45
19799,31
19800,79
19801,45
19802,79
19803,79
19804,114
19805,114
19806,15
19807,79
19809,68
19810,52
19811,68
19812,107
19813,108
19814,98
19815,108
19816,18
19817,107
19818,108
19819,107
19820,18
19821,18
19822,18
19823,10
19824,111
19825,111
19826,108
19827,83
19828,10
19829,111
19830,111
19831,111
19832,111
19833,10
19834,10
19835,111
19836,111
19837,111
19838,55
19839,60
19840,60
19841,60
19842,83
19843,39
19844,39
19845,39
19846,39
19847,39
19848,39
19849,107
19850,60
19851,52
19852,52
19853,10
19854,10
19855,68
19856,18
19857,107
19858,68
19859,18
19860,108
19861,15
19862,119
19863,19
19864,119
19865,30
19866,30
19867,9
19868,30
19869,30
19870,30
19871,30
19872,67
19873,30
19874,67
19875,30
19876,30
19877,30
19878,9
19879,9
19880,30
19881,30
19882,30
19883,95
19884,95
19885,95
19886,95
19887,11
19888,11
19889,11
19890,11
19891,11
19892,11
19893,11
19894,11
19895,11
19896,11
19897,37
19900,46
19901,58
19902,58
19903,2
19904,46
19905,12
19906,75
19907,12
19908,12
19909,12
19910,70
19911,115
19912,8
19913,8
19914,115
19915,115
19916,12
19917,12
19918,12
19920,12
19921,12
19923,110
19924,102
19925,119
19926,56
19927,46
19928,30
19929,56
19930,56
19931,56
19932,56
19933,56
19934,56
19935,56
19936,56
19937,56
19938,19
19939,19
19940,2
19941,2
19942,115
19943,12
19944,12
19945,88
19946,88
19947,12
19948,21
19949,52
19950,18
19951,95
19953,68
19954,31
19955,52
19956,68
19957,18
19958,31
19959,60
19960,18
19961,107
19962,18
19964,18
19965,68
19967,18
19968,95
19969,95
19971,95
19973,95
19974,117
19975,31
19976,108
19977,79
19978,15
19979,31
19980,112
19981,79
19982,15
19983,114
19984,79
19985,45
19987,18
19988,82
19989,110
19991,15
19992,79
19993,15
19994,15
19995,15
19996,15
19997,79
19999,68
20000,55
20001,108
20002,62
20003,55
20004,79
20005,82
20006,82
20007,79
20008,94
20009,106
20010,79
20011,7
20012,34
20014,23
20015,23
20016,34
20017,31
20018,60
20019,111
20020,111
20021,111
20022,10
20023,83
20024,83
20025,55
20026,39
20027,60
20028,60
20029,60
20030,10
20031,60
20032,39
20033,102
20035,88
20036,4
20037,4
20038,4
20039,4
20040,4
20041,115
20044,71
20045,72
20046,115
20047,95
20048,95
20050,53
20051,53
20052,53
20053,53
20054,53
20055,53
20056,53
20057,53
20058,4
20059,4
20060,95
20061,95
20062,95
20063,53
20064,53
20065,11
20067,11
20068,53
20069,49
20070,11
20072,53
20073,81
20074,81
20075,81
20076,87
20079,96
20080,96
20081,96
20084,96
20091,18
20092,76
20093,97
20094,113
20095,27
20096,27
20097,27
20098,27
20099,117
20100,117
20101,7
20102,76
20103,7
20104,38
20105,76
20106,76
20107,27
20108,27
20109,27
20110,76
20111,27
20112,76
20113,7
20114,76
20115,76
20116,7
20117,7
20118,76
20119,82
20120,20
20121,34
20122,111
20123,34
20124,39
20125,83
20126,82
20127,102
20128,111
20129,111
20130,10
20131,34
20132,82
20133,102
20134,83
20135,107
20136,111
20137,113
20138,107
20139,83
20140,83
20141,111
20142,111
20143,111
20144,111
20145,111
20146,111
20147,10
20148,111
20149,10
20150,60
20151,55
20152,55
20153,111
20154,111
20155,111
20156,111
20157,10
20158,111
20159,111
20160,18
20161,111
20162,111
20163,111
20164,111
20165,55
20166,18
20167,10
20168,111
20169,10
20170,83
20171,111
20172,111
20173,60
20174,10
20175,10
20176,111
20177,55
20178,10
20179,108
20180,10
20181,107
20182,31
20183,83
20184,10
20185,55
20186,55
20187,10
20188,60
20189,60
20190,107
20191,107
20192,18
20193,18
20194,55
20195,68
20196,18
20197,18
20198,107
20199,107
20200,18
20201,18
20202,18
20203,68
20204,18
20205,18
20206,68
20207,23
20208,20
20209,107
20210,68
20211,18
20212,107
20213,18
20214,107
20215,45
20216,31
20217,41
20218,18
20219,31
20220,68
20221,18
20222,107
20223,98
20224,107
20225,31
20226,107
20227,82
20228,52
20229,107
20230,18
20231,68
20232,18
20233,18
20234,82
20235,62
20236,98
20237,82
20238,82
20239,98
20240,34
20241,68
20242,102
20243,34
20244,102
20245,68
20246,82
20247,20
20248,82
20249,52
20250,106
20251,79
20252,41
20253,79
20254,94
20255,114
20256,108
20257,114
20258,45
20259,79
20260,41
20261,79
20262,41
20263,94
20264,15
20265,61
20266,61
20267,42
20271,2
20272,61
20274,61
20275,9
20276,61
20277,16
20278,58
20279,61
20280,61
20281,61
20282,52
20283,47
20284,18
20288,112
20289,101
20290,101
20291,94
20295,15
20297,52
20298,102
20299,107
20300,18
20301,20
20302,107
20303,52
20304,68
20305,20
20306,113
20307,34
20308,68
20309,18
20310,110
20311,32
20312,108
20313,111
20314,111
20315,31
20316,15
20317,52
20318,31
20319,55
20320,79
20321,106
20322,31
20323,97
20324,27
20325,7
20326,94
20327,102
20328,18
20329,97
20330,31
20331,52
20332,31
20333,15
20334,114
20335,79
20336,80
20337,98
20340,79
20341,68
20342,52
20343,15
20344,79
20346,52
20347,68
20348,20
20349,97
20350,63
20351,63
20352,102
20353,35
20354,55
20355,107
20357,63
20358,68
20360,15
20361,45
20362,15
20364,113
20365,4
20366,106
20367,41
20368,111
20369,55
20370,39
20371,86
20372,100
20373,100
20374,62
20375,102
20376,107
20377,18
20378,68
20379,34
20381,52
20382,76
20383,18
20384,114
20385,88
20386,54
20387,70
20388,105
20389,105
20391,11
20393,105
20394,69
20395,72
20396,37
20397,105
20398,70
20399,105
20401,11
20403,37
20404,37
20405,49
20406,72
20408,11
20410,105
20411,72
20412,49
20416,11
20419,70
20420,70
20421,105
20423,11
20425,49
20426,37
20427,72
20429,11
20431,37
20432,37
20433,72
20434,72
20441,16
20445,16
20447,109
20449,88
20450,54
20452,54
20454,11
20455,37
20456,49
20457,49
20458,88
20459,88
20460,71
20461,71
20462,72
20463,72
20464,72
20465,72
20466,37
20467,72
20468,72
20470,11
20473,11
20475,72
20476,37
20477,37
20478,37
20479,70
20480,17
20481,37
20482,54
20483,37
20484,72
20486,11
20487,54
20488,54
20489,54
20490,105
20491,88
20492,54
20493,70
20494,72
20495,37
20496,72
20497,37
20498,70
20499,71
20501,70
20502,49
20503,37
20504,54
20505,105
20506,88
20507,70
20508,54
20509,70
20510,72
20511,54
20512,70
20514,11
20516,54
20517,105
20518,88
20519,11
20521,105
20522,54
20523,70
20524,70
20526,11
20527,72
20528,75
20529,72
20530,49
20531,72
20532,49
20533,49
20534,49
20536,11
20537,11
20540,11
20542,11
20544,11
20546,11
20547,11
20549,11
20552,11
20554,72
20555,72
20556,72
20557,37
20558,72
20559,72
20562,49
20563,72
20564,54
20565,72
20566,12
20567,71
20568,105
20571,71
20573,11
20576,11
20578,70
20579,37
20580,72
20581,72
20582,13
20583,72
20584,72
20585,72
20586,72
20587,37
20588,72
20589,37
20590,72
20591,49
20592,72
20593,37
20594,72
20595,37
20596,72
20597,37
20598,37
20599,105
20600,69
20601,70
20602,69
20603,54
20604,105
20606,11
20610,71
20611,69
20612,69
20613,12
20614,75
20615,69
20616,54
20617,37
20618,72
20619,88
20620,105
20621,69
20623,71
20624,37
20625,72
20626,72
20627,37
20628,37
20629,54
20630,11
20631,18
20637,97
20664,106
20665,106
20666,106
20667,106
20668,31
20669,31
20670,114
20671,45
20672,83
20674,85
20675,6
20676,6
20677,85
20678,109
20679,36
20680,85
20681,36
20682,85
20683,36
20684,85
20685,85
20686,36
20687,6
20688,36
20689,36
20690,36
20691,85
20695,109
20696,6
20697,36
20698,36
20699,6
20700,85
20704,36
20705,36
20706,119
20707,2
20709,85
20710,36
20711,85
20713,36
20714,36
20715,36
20716,85
20729,61
20730,42
20731,42
20733,42
20735,58
20752,61
20753,16
20754,42
20755,42
20756,42
20757,61
20758,42
20759,42
20760,42
20761,61
20762,9
20763,42
20764,61
20765,61
20766,42
20767,42
20768,42
20769,61
20770,61
20771,16
20772,61
20773,61
20774,61
20775,61
20776,42
20777,61
20778,61
20779,61
20780,42
20781,42
20782,61
20783,61
20784,42
20785,18
20786,18
20787,15
20788,31
20789,107
20790,10
20791,68
20792,18
20793,18
20794,30
20796,46
20797,46
20798,30
20799,19
20802,19
20804,119
20805,78
20807,109
20813,85
20814,16
20815,36
20816,36
20818,85
20823,36
20825,19
20827,99
20828,22
20829,99
20830,70
20831,19
20833,36
20836,85
20837,78
20839,2
20840,67
20841,12
20842,36
20843,19
20844,53
20845,19
20847,17
20848,17
20849,17
20850,17
20851,17
20852,17
20853,105
20854,69
20856,2
20858,116
20859,116
20860,116
20861,37
20862,49
20863,37
20864,46
20865,46
20866,58
20868,19
20869,46
20872,36
20873,109
20874,119
20875,119
20876,2
20877,36
20879,116
20885,19
20886,2
20887,58
20888,109
20889,119
20890,119
20891,119
20892,2
20893,2
20894,58
20895,58
20896,119
20897,109
20898,9
20899,61
20900,42
20901,78
20902,42
20904,61
20905,61
20906,42
20907,61
20909,61
20910,63
20913,63
20915,63
20918,63
20919,21
20920,21
20921,21
20923,42
20924,12
20925,54
20926,70
20927,54
20928,12
20929,54
20930,69
20931,12
20932,12
20933,88
20934,75
20935,12
20936,12
20937,12
20938,12
20939,75
20940,67
20941,30
20942,67
20943,67
20944,9
20945,30
20946,30
20947,30
20948,30
20949,30
20950,30
20951,30
20952,30
20953,30
20954,30
20955,30
20956,9
20957,30
20958,18
20959,12
20960,75
20961,71
20962,105
20963,54
20964,70
20965,69
20966,115
20967,115
20968,115
20969,11
20971,11
20972,11
20974,11
20975,11
20976,11
20978,11
20980,11
20983,11
20984,11
20986,11
20988,11
20990,11
20994,11
20996,11
20998,11
21000,11
21001,11
21006,11
21008,11
21012,11
21013,37
21014,49
21015,49
21016,49
21017,69
21018,49
21019,37
21020,68
21021,52
21022,10
21023,39
21024,10
21026,61
21030,61
21034,61
21038,61
21042,42
21047,16
21050,61
21055,67
21056,46
21059,36
21063,85
21067,85
21071,36
21075,78
21079,85
21083,36
21087,46
21091,85
21095,78
21099,36
21103,85
21107,36
21110,68
21111,102
21112,110
21113,82
21114,62
21115,20
21116,102
21117,55
21118,111
21119,68
21120,52
21121,60
21122,111
21123,52
21124,68
21125,20
21126,34
21127,82
21128,34
21129,34
21130,20
21131,34
21132,62
21133,52
21134,18
21135,20
21136,18
21137,18
21138,32
21139,62
21140,107
21141,20
21142,102
21143,52
21144,34
21145,18
21146,110
21147,89
21148,60
21149,114
21150,114
21151,107
21152,31
21153,18
21155,10
21156,34
21157,82
21158,97
21159,82
21160,34
21161,82
21162,102
21163,107
21164,82
21165,68
21166,68
21167,62
21168,111
21169,97
21170,34
21171,62
21172,82
21173,18
21174,34
21175,19
21176,19
21177,30
21178,30
21179,67
21180,30
21181,67
21182,30
21183,30
21184,67
21185,67
21186,30
21187,30
21188,30
21189,75
21190,12
21192,12
21193,75
21197,54
21198,54
21199,11
21202,30
21210,19
21217,30
21219,15
21224,106
21225,106
21226,90
21227,94
21234,114
21235,83
21236,107
21237,81
21238,87
21239,87
21240,81
21241,87
21243,12
21244,12
21245,8
21246,88
21247,12
21248,105
21249,54
21250,70
21251,69
21252,54
21253,105
21254,69
21256,75
21257,70
21258,75
21259,12
21260,105
21261,12
21263,12
21264,75
21268,12
21269,12
21270,12
21271,75
21273,14
21274,116
21275,116
21276,14
21277,116
21278,116
21279,14
21280,116
21281,116
21282,116
21283,14
21284,116
21285,116
21286,14
21287,14
21288,14
21289,116
21290,14
21291,14
21292,14
21293,14
21294,116
21295,14
21296,14
21297,116
21298,14
21299,14
21300,116
21304,116
21305,116
21306,14
21307,116
21308,14
21309,14
21310,116
21311,14
21312,116
21313,14
21314,14
21315,14
21316,14
21319,14
21320,116
21321,116
21322,116
21323,14
21324,116
21325,14
21326,14
21327,116
21328,14
21329,14
21330,116
21331,14
21333,116
21334,14
21335,14
21337,116
21338,14
21339,14
21340,14
21341,116
21342,14
21343,116
21344,14
21345,116
21346,14
21347,14
21348,116
21349,14
21350,14
21351,14
21352,116
21353,116
21354,14
21355,14
21356,14
21357,14
21358,116
21359,14
21364,79
21367,31
21369,55
21373,68
21375,107
21376,18
21379,28
21380,50
21381,50
21382,21
21385,50
21386,31
21387,61
21388,61
21389,111
21391,31
21392,55
21393,114
21394,41
21395,41
21396,41
21397,79
21399,79
21400,15
21401,31
21402,79
21403,79
21404,79
21405,79
21406,114
21407,79
21408,15
21409,106
21410,15
21411,11
21416,102
21418,102
21419,117
21420,82
21421,110
21422,89
21423,62
21424,110
21425,102
21426,102
21427,82
21431,74
21433,21
21434,21
21435,88
21436,69
21437,75
21438,95
21439,95
21440,11
21441,11
21443,41
21444,110
21445,62
21446,82
21449,117
21450,62
21451,23
21453,62
21454,62
21455,34
21464,18
21465,31
21466,107
21467,6
21468,42
21469,30
21470,9
21471,16
21472,16
21476,18
21478,3
21480,3
21481,3
21483,3
21484,105
21485,8
21487,54
21488,71
21493,54
21494,54
21496,71
21497,54
21498,54
21499,54
21500,54
21505,54
21506,54
21507,105
21508,54
21509,54
21510,115
21511,69
21519,71
21520,54
21521,69
21522,54
21523,54
21524,17
21526,69
21527,71
21528,71
21532,115
21533,69
21534,54
21536,69
21538,88
21539,54
21540,70
21541,105
21543,54
21544,70
21545,69
21546,69
21547,88
21548,54
21549,70
21550,69
21551,69
21552,88
21553,54
21555,69
21556,69
21557,71
21558,54
21559,70
21560,69
21562,88
21566,2
21567,19
21568,2
21569,2
21570,19
21571,36
21572,56
21573,56
21574,56
21575,56
21577,36
21578,23
21580,1
21582,35
21583,51
21584,63
21585,35
21586,51
21587,63
21588,114
21589,89
21590,21
21591,62
21592,21
21593,86
21594,15
21596,39
21597,112
21598,51
21599,51
21600,50
21602,18
21610,26
21611,26
21612,26
21613,26
21615,26
21616,26
21617,26
21618,26
21621,26
21622,26
21623,26
21624,26
21626,26
21627,26
21628,26
21629,26
21637,26
21638,26
21639,26
21640,26
21641,26
21642,26
21643,26
21644,26
21645,26
21646,26
21647,26
21650,26
21651,26
21652,26
21653,26
21654,26
21657,26
21658,26
21659,26
21660,26
21661,26
21662,26
21663,26
21664,40
21665,3
21666,40
21667,40
21668,3
21669,40
21670,40
21671,40
21672,40
21673,3
21674,40
21675,40
21676,40
21677,40
21678,3
21679,40
21680,40
21681,40
21682,3
21683,40
21684,40
21685,40
21686,40
21687,3
21688,3
21689,3
21690,40
21691,3
21692,3
21693,3
21694,3
21695,3
21696,40
21697,3
21698,3
21699,3
21700,3
21701,3
21702,40
21703,40
21704,40
21705,3
21706,40
21707,40
21708,40
21709,40
21710,3
21711,40
21712,40
21713,3
21715,9
21719,61
21720,42
21721,61
21723,61
21724,61
21725,107
21727,19
21728,85
21729,78
21730,30
21732,78
21733,9
21734,61
21735,2
21736,119
21737,119
21740,85
21741,16
21743,2
21744,2
21745,119
21747,36
21748,2
21750,61
21752,54
21753,105
21754,11
21758,11
21762,11
21766,11
21770,11
21774,11
21778,11
21782,11
21783,11
21787,11
21791,11
21796,11
21800,11
21804,11
21805,49
21806,37
21807,37
21808,37
21809,37
21810,36
21811,37
21812,37
21813,49
21814,49
21816,49
21817,37
21818,37
21819,49
21820,37
21821,49
21822,37
21825,30
21829,8
21830,8
21833,55
21838,117
21843,107
21848,98
21853,48
21858,41
21863,117
21868,48
21873,23
21877,38
21878,7
21879,38
21880,97
21881,38
21882,38
21883,7
21884,76
21885,113
21886,7
21887,7
21888,113
21889,113
21890,7
21891,38
21892,7
21893,7
21894,20
21895,76
21896,38
21897,38
21898,7
21899,7
21900,38
21901,38
21902,113
21903,38
21904,27
21905,97
21906,20
21907,33
21908,33
21909,33
21910,33
21911,33
21912,33
21913,7
21914,33
21915,33
21916,33
21917,33
21918,7
21919,7
21920,113
21921,7
21922,33
21923,38
21924,33
21925,38
21926,38
21927,27
21928,7
21929,38
21930,76
21931,38
21932,7
21933,8
21934,71
21935,115
21936,71
21937,54
21938,88
21939,69
21940,105
21941,54
21942,105
21943,88
21944,69
21945,105
21946,54
21947,69
21948,105
21949,88
21950,69
21951,54
21952,71
21953,88
21954,54
21955,105
21956,105
21957,54
21958,71
21959,105
21960,70
21962,105
21963,105
21964,105
21965,54
21966,105
21967,49
21968,37
21969,17
21971,54
21972,71
21973,105
21974,71
21975,105
21976,69
21977,105
21978,105
21979,17
21980,17
21982,17
21985,105
21986,88
21987,105
21988,115
21989,69
21990,54
21991,105
21994,54
21995,71
21996,71
21997,69
21998,70
21999,69
22000,54
22001,115
22002,88
22003,70
22004,54
22005,69
22006,105
22007,88
22008,88
22009,54
22010,70
22011,70
22012,69
22013,105
22014,54
22015,88
22016,68
22017,7
22018,7
22019,27
22020,27
22021,27
22024,27
22026,27
22027,27
22029,113
22030,7
22031,113
22032,27
22033,27
22034,38
22035,27
22036,27
22037,32
22038,32
22039,32
22040,27
22041,27
22042,38
22043,76
22044,113
22045,27
22046,76
22048,27
22049,38
22050,27
22051,38
22052,76
22053,27
22054,27
22056,38
22057,27
22059,27
22060,38
22061,76
22063,38
22064,113
22065,7
22066,113
22067,7
22068,27
22069,27
22070,38
22071,76
22072,27
22073,113
22074,27
22075,32
22076,113
22080,27
22081,113
22082,97
22083,113
22091,6
22092,2
22093,6
22094,19
22095,2
22096,19
22097,19
22098,109
22100,27
22101,119
22102,119
22103,36
22104,2
22105,36
22109,19
22110,19
22111,19
22112,19
22113,19
22114,19
22117,6
22119,36
22121,36
22122,36
22124,85
22125,36
22126,85
22127,85
22128,36
22129,85
22130,36
22131,36
22132,36
22133,85
22134,36
22135,36
22136,36
22137,36
22138,36
22139,36
22140,36
22141,36
22142,85
22143,36
22145,6
22146,36
22147,36
22148,85
22149,67
22150,78
22151,46
22152,85
22153,78
22154,36
22156,36
22157,2
22158,6
22159,36
22160,36
22161,2
22162,36
22163,2
22164,6
22165,6
22166,85
22167,6
22168,85
22169,2
22171,46
22172,6
22173,85
22174,6
22175,78
22176,46
22177,6
22178,109
22179,6
22180,6
22181,10
22182,85
22183,85
22184,6
22186,85
22187,85
22188,85
22189,85
22190,6
22191,6
22192,36
22193,85
22194,6
22195,36
22196,36
22197,85
22198,36
22199,36
22200,79
22202,68
22203,18
22204,111
22205,111
22206,55
22207,55
22208,55
22209,108
22210,106
22211,45
22212,45
22213,93
22214,93
22215,82
22216,102
22217,102
22218,102
22219,23
22220,110
22221,102
22222,110
22223,117
22224,23
22225,62
22226,62
22227,102
22228,117
22229,36
22230,67
22231,36
22232,93
22233,93
22234,36
22235,119
22236,109
22237,58
22239,119
22240,2
22241,2
22242,2
22243,19
22244,109
22245,6
22246,119
22247,67
22248,78
22249,78
22250,78
22251,2
22252,119
22253,58
22254,42
22255,67
22256,9
22257,42
22258,9
22259,61
22260,9
22261,61
22262,42
22263,61
22264,61
22265,61
22266,42
22267,9
22268,42
22269,67
22273,61
22274,9
22275,61
22276,42
22277,61
22284,61
22289,61
22290,9
22294,42
22295,42
22304,61
22305,61
22306,61
22307,61
22308,61
22309,61
22310,61
22311,61
22312,68
22313,62
22314,68
22315,68
22316,60
22317,18
22318,108
22319,34
22320,106
22321,110
22322,82
22323,31
22324,18
22325,52
22326,45
22327,114
22328,107
22329,60
22330,79
22331,45
22332,31
22334,31
22336,45
22337,45
22338,15
22339,106
22340,106
22341,108
22342,106
22343,41
22344,31
22345,107
22346,114
22347,108
22348,18
22349,111
22350,111
22351,55
22352,111
22353,111
22354,60
22355,107
22356,55
22357,68
22358,55
22359,52
22360,111
22361,46
22362,12
22363,107
22364,107
22365,52
22366,79
22367,31
22368,106
22369,51
22370,84
22372,83
22373,39
22374,39
22375,10
22376,39
22377,60
22378,39
22379,39
22380,55
22381,39
22382,10
22383,39
22384,10
22385,39
22386,39
22388,39
22389,39
22390,39
22391,48
22392,18
22393,34
22394,28
22395,10
22398,39
22399,107
22400,107
22401,39
22402,39
22403,39
22404,60
22405,39
22406,39
22407,39
22409,51
22430,113
22438,38
22453,97
22454,100
22456,100
22457,100
22458,100
22459,100
22461,100
22462,100
22463,100
22464,28
22465,100
22466,100
22467,55
22468,111
22471,31
22472,60
22475,108
22476,114
22477,31
22479,15
22480,15
22481,108
22482,15
22483,32
22484,32
22485,32
22486,19
22487,46
22488,19
22489,19
22490,30
22491,119
22492,19
22493,119
22494,19
22495,19
22499,61
22500,109
22501,61
22502,9
22503,30
22504,16
22505,78
22510,30
22524,119
22532,78
22533,78
22534,30
22536,119
22537,78
22538,29
22539,42
22540,67
22541,19
22542,19
22543,2
22544,61
22545,61
22547,0
22548,87
22549,87
22550,87
22553,81
22554,87
22555,81
22556,81
22557,81
22558,81
22559,81
22560,81
22561,69
22562,105
22563,105
22564,54
22565,54
22567,10
22569,10
22570,111
22571,60
22573,83
22575,83
22576,111
22577,111
22578,111
22579,68
22580,107
22581,60
22582,1
22583,52
22584,74
22585,50
22586,1
22587,52
22588,110
22589,21
22590,21
22591,68
22592,31
22593,20
22594,1
22595,1
22596,98
22597,31
22598,20
22599,117
22600,55
22601,80
22602,47
22603,79
22604,86
22605,95
22606,95
22607,21
22608,107
22609,18
22610,68
22611,1
22612,80
22613,108
22614,1
22615,80
22616,98
22617,80
22618,1
22619,47
22620,1
22621,108
22622,31
22623,80
22624,47
22625,68
22626,68
22627,55
22628,80
22629,94
22630,1
22631,48
22632,80
22633,95
22634,95
22635,80
22636,95
22637,80
22638,47
22639,94
22640,1
22641,80
22642,107
22643,112
22644,21
22645,115
22646,115
22647,69
22648,12
22649,8
22650,12
22651,12
22652,115
22653,12
22654,12
22655,54
22656,54
22657,54
22658,75
22659,12
22660,54
22661,25
22662,12
22663,75
22664,12
22665,115
22666,54
22667,54
22668,12
22670,115
22671,12
22672,12
22673,12
22674,12
22675,75
22676,12
22677,54
22678,54
22679,54
22680,12
22681,12
22682,12
22683,54
22684,54
22685,115
22686,49
22687,119
22688,19
22689,46
22690,2
22691,19
22692,19
22693,119
22694,46
22696,30
22697,19
22698,19
22699,119
22700,46
22701,2
22702,6
22703,2
22704,19
22705,19
22706,16
22707,19
22708,19
22709,19
22710,109
22711,19
22712,119
22713,119
22714,119
22715,19
22716,19
22717,19
22718,2
22719,19
22720,119
22721,6
22722,119
22723,58
22724,19
22725,19
22726,2
22727,19
22728,19
22729,2
22730,2
22731,6
22732,36
22733,2
22734,119
22735,2
22736,2
22737,69
22738,12
22739,75
22740,38
22741,7
22742,7
22743,38
22744,38
22745,38
22746,7
22747,38
22748,113
22749,38
22750,27
22751,27
22752,38
22753,38
22754,38
22755,38
22756,7
22757,38
22758,38
22759,27
22760,38
22761,7
22762,38
22763,7
22764,38
22765,38
22766,7
22767,113
22768,97
22769,7
22770,27
22771,27
22772,7
22773,27
22774,27
22775,27
22776,7
22777,27
22778,76
22779,76
22780,27
22781,38
22782,113
22783,20
22784,63
22786,63
22787,63
22789,31
22792,79
22794,41
22795,79
22796,108
22797,21
22798,21
22799,31
22800,111
22801,111
22802,111
22803,108
22805,114
22807,114
22810,52
22811,15
22812,15
22813,108
22814,21
22815,6
22816,36
22817,6
22818,36
22819,6
22820,6
22821,36
22822,36
22823,2
22824,6
22825,6
22826,6
22827,6
22828,36
22829,85
22830,6
22831,6
22832,6
22833,36
22836,6
22837,6
22838,6
22840,85
22841,6
22842,6
22844,6
22845,6
22846,6
22847,6
22848,6
22849,42
22850,6
22851,6
22852,6
22853,6
22854,6
22855,6
22856,6
22857,6
22858,6
22859,6
22860,2
22861,85
22862,119
22863,6
22864,6
22865,6
22866,16
22867,6
22868,6
22869,6
22870,6
22871,6
22872,6
22873,6
22874,36
22875,6
22876,6
22877,6
22878,85
22881,46
22882,78
22883,78
22884,78
22885,78
22886,78
22887,78
22888,78
22889,78
22890,46
22891,78
22892,78
22893,78
22894,6
22895,6
22896,36
22898,39
22900,39
22905,51
22908,79
22909,90
22911,119
22912,46
22913,19
22914,42
22915,116
22916,2
22917,109
22919,3
22920,3
22921,40
22922,40
22923,93
22924,3
22925,40
22926,40
22927,40
22928,75
22929,40
22930,40
22931,40
22932,40
22933,40
22934,3
22935,3
22936,40
22937,40
22938,40
22939,3
22940,3
22941,40
22942,40
22943,40
22944,40
22945,40
22946,40
22947,3
22948,40
22949,3
22950,40
22952,19
22953,2
22958,19
22959,19
22962,67
22963,30
22968,12
22969,12
22970,12
22971,12
22975,2
22976,119
22977,19
22978,119
22979,2
22980,85
22981,19
22982,19
22983,19
22984,19
22987,21
22988,21
22990,22
22994,50
22998,28
22999,28
23004,31
23005,79
23024,48
23027,10
23028,10
23029,10
23030,111
23031,39
23032,39
23033,39
23034,60
23035,39
23036,39
23037,80
23038,84
23039,84
23040,51
23041,51
23042,51
23043,35
23044,4
23045,51
23046,51
23047,68
23048,68
23049,47
23050,27
23051,27
23052,97
23053,97
23054,52
23055,45
23056,45
23057,114
23058,45
23060,45
23063,79
23067,68
23068,45
23069,111
23071,68
23072,51
23073,84
23077,55
23079,108
23083,52
23084,111
23088,84
23089,84
23091,2
23092,2
23093,119
23094,119
23095,30
23096,30
23097,30
23099,56
23100,56
23101,56
23102,56
23103,56
23104,56
23105,56
23106,56
23107,56
23108,56
23109,56
23110,56
23111,56
23112,56
23113,56
23114,56
23115,56
23116,56
23117,56
23118,56
23119,18
23120,67
23121,30
23122,30
23123,30
23124,30
23125,30
23127,30
23129,117
23130,107
23131,98
23132,48
23133,55
23134,41
23135,23
23136,107
23137,18
23138,107
23139,18
23140,18
23141,107
23142,31
23143,18
23144,18
23145,18
23146,18
23147,68
23148,108
23149,68
23150,52
23151,68
23152,39
23153,15
23154,79
23155,79
23156,79
23157,114
23158,106
23159,106
23160,106
23161,38
23162,41
23163,41
23164,15
23165,15
23166,31
23167,31
23168,114
23169,52
23170,114
23171,106
23172,79
23173,106
23174,106
23175,41
23176,41
23177,15
23178,112
23179,112
23180,39
23181,39
23182,10
23186,39
23187,60
23188,111
23189,111
23191,111
23193,111
23194,10
23195,10
23196,111
23197,111
23198,39
23199,18
23200,39
23201,111
23202,111
23204,10
23205,111
23206,10
23207,107
23208,31
23209,7
23210,97
23211,76
23212,97
23213,34
23214,32
23215,38
23216,113
23217,27
23218,27
23219,76
23220,38
23221,7
23222,7
23223,27
23224,32
23225,27
23226,27
23227,27
23228,27
23229,27
23230,27
23231,7
23232,27
23233,27
23234,76
23235,7
23236,7
23237,38
23238,76
23239,7
23240,38
23241,27
23242,36
23243,85
23244,36
23245,85
23246,36
23247,36
23248,85
23249,36
23250,36
23251,36
23252,85
23253,36
23254,85
23255,36
23256,85
23257,40
23258,3
23259,3
23260,3
23261,3
23262,40
23263,40
23264,3
23265,40
23266,40
23267,3
23268,40
23269,3
23270,40
23271,3
23272,3
23273,3
23274,3
23275,3
23276,40
23277,40
23278,3
23279,40
23280,3
23281,40
23282,3
23283,3
23284,40
23285,3
23286,40
23287,3
23288,40
23289,40
23290,3
23291,3
23292,3
23293,3
23294,3
23296,78
23297,46
23298,2
23299,46
23300,46
23301,100
23302,100
23303,100
23304,38
23305,38
23306,38
23307,113
23308,113
23309,97
23310,113
23311,7
23312,27
23313,27
23314,113
23315,27
23316,76
23317,76
23318,76
23319,76
23320,27
23321,76
23322,27
23323,7
23324,76
23325,76
23326,27
23327,76
23328,27
23329,76
23330,113
23331,97
23332,7
23333,76
23334,7
23335,76
23336,66
23337,66
23338,2
23339,19
23350,0
23373,21
23400,35
23401,35
23441,82
23442,7
23446,7
23447,82
23448,76
23450,51
23451,51
23453,51
23455,63
23457,63
23460,53
23461,53
23462,53
23463,53
23464,53
23465,53
23466,53
23467,53
23468,53
23469,53
23470,53
23471,53
23472,53
23473,53
23474,53
23475,53
23476,53
23477,53
23478,68
23479,53
23480,53
23481,68
23482,53
23483,68
23484,53
23485,107
23486,53
23487,68
23489,2
23491,2
23494,19
23497,109
23500,19
23502,46
23505,19
23508,40
23510,40
23513,40
23514,40
23516,40
23517,3
23519,40
23521,40
23522,13
23523,13
23524,13
23526,13
23527,87
23528,87
23529,13
23530,13
23531,13
23532,13
23533,81
23534,13
23535,81
23536,81
23537,13
23538,13
23539,39
23540,68
23541,81
23542,13
23543,13
23544,81
23545,81
23546,87
23547,81
23548,13
23549,81
23550,13
23551,81
23552,87
23553,87
23554,81
23555,13
23556,81
23557,13
23558,81
23559,81
23560,81
23561,87
23562,13
23563,81
23564,87
23565,81
23566,81
23567,13
23568,81
23569,13
23570,81
23571,13
23572,13
23573,81
23574,81
23575,81
23576,13
23577,13
23578,81
23579,81
23580,87
23581,87
23582,87
23583,87
23584,87
23585,13
23586,13
23587,87
23588,87
23589,81
23590,87
23591,87
23592,13
23593,81
23594,87
23595,87
23596,81
23597,81
23598,81
23599,13
23600,87
23601,13
23602,87
23603,87
23604,13
23605,13
23606,13
23607,13
23608,87
23609,87
23610,87
23611,87
23612,87
23613,87
23614,87
23615,87
23616,81
23617,81
23618,81
23619,119
23620,81
23621,5
23623,48
23624,47
23625,48
23627,79
23631,79
23632,15
23635,79
23638,108
23642,15
23643,114
23644,79
23647,108
23648,31
23649,79
23650,41
23651,114
23653,79
23662,31
23665,63
23666,10
23667,83
23668,68
23669,106
23670,108
23671,79
23672,30
23675,67
23676,67
23677,78
23679,36
23680,78
23682,36
23684,37
23685,37
23686,37
23688,37
23689,49
23690,49
23691,49
23692,49
23693,49
23695,52
23696,14
23698,14
23699,14
23702,14
23703,14
23704,14
23705,14
23706,116
23709,14
23710,14
23711,14
23712,116
23714,14
23715,14
23716,116
23717,14
23718,14
23719,14
23720,116
23721,14
23723,14
23724,14
23725,14
23727,14
23728,14
23729,14
23730,116
23731,116
23734,14
23735,14
23736,116
23737,14
23738,116
23739,116
23740,14
23743,116
23744,14
23745,14
23746,116
23747,14
23749,116
23750,14
23751,14
23752,116
23753,14
23754,14
23755,14
23756,14
23757,14
23758,116
23759,116
23760,14
23761,116
23762,116
23764,14
23765,14
23766,14
23768,14
23769,116
23770,14
23771,116
23774,14
23775,14
23776,14
23777,14
23778,116
23779,14
23780,14
23781,116
23783,116
23785,14
23786,14
23787,14
23788,116
23789,14
23790,14
23792,14
23793,119
23794,16
23795,42
23796,42
23797,42
23798,46
23799,42
23800,36
23801,85
23802,36
23803,85
23804,2
23806,119
23807,58
23808,36
23809,2
23810,36
23812,46
23813,67
23814,42
23815,2
23816,109
23817,67
23818,30
23819,30
23820,67
23821,67
23822,30
23823,30
23824,67
23825,67
23826,93
23827,30
23828,30
23829,30
23830,30
23831,67
23832,42
23833,42
23834,30
23835,119
23836,6
23837,19
23838,46
23839,36
23840,85
23841,19
23842,19
23843,19
23844,19
23845,19
23846,19
23847,19
23848,19
23849,2
23850,30
23851,119
23852,2
23853,109
23854,2
23855,119
23856,36
23857,19
23858,6
23859,119
23860,67
23861,30
23862,119
23863,19
23864,19
23865,2
23867,67
23868,15
23869,41
23870,28
23871,106
23872,55
23873,114
23874,106
23875,31
23876,107
23877,19
23878,16
23881,15
23882,119
23884,19
23885,119
23886,19
23887,2
23888,19
23889,19
23890,46
23893,46
23894,46
23895,46
23899,46
23900,46
23901,46
23904,19
23905,19
23906,119
23908,2
23911,2
23913,2
23914,19
23917,19
23919,2
23921,19
23925,2
23926,119
23927,19
23929,19
23930,2
23931,2
23932,19
23934,2
23935,19
23936,36
23937,2
23938,2
23939,19
23940,19
23941,19
23942,19
23943,19
23945,79
23951,68
23952,107
23953,18
23954,79
23955,52
23956,60
23957,60
23959,10
23961,55
23962,18
23963,112
23964,52
23965,108
23966,52
23967,114
23968,52
23969,79
23970,108
23972,108
23973,52
23975,39
23976,10
23977,10
23979,10
23982,39
23985,39
23989,106
23991,111
23999,111
24006,55
24015,15
24016,41
24017,106
24018,114
24020,106
24021,41
24022,79
24023,79
24024,15
24027,31
24028,41
24029,106
24032,106
24036,31
24037,106
24039,15
24040,107
24041,15
24042,15
24044,108
24045,31
24047,114
24049,31
24050,114
24051,79
24052,114
24053,18
24054,114
24055,45
24058,114
24059,31
24061,45
24062,41
24065,55
24066,111
24067,83
24068,111
24069,111
24070,42
24071,61
24072,16
24073,42
24074,61
24075,9
24076,9
24077,78
24078,46
24079,42
24080,78
24081,58
24082,16
24083,42
24084,61
24085,18
24089,60
24090,83
24091,107
24094,79
24098,36
24099,46
24100,6
24101,36
24102,67
24103,30
24104,67
24105,30
24106,67
24107,30
24108,30
24109,30
24110,30
24111,67
24112,30
24113,30
24114,30
24115,30
24116,30
24117,30
24118,30
24119,30
24120,30
24121,16
24126,82
24127,117
24129,68
24130,79
24131,79
24132,79
24133,41
24134,55
24135,68
24136,107
24143,106
24144,114
24146,15
24148,112
24149,114
24150,31
24151,97
24152,7
24153,113
24154,76
24155,113
24156,20
24157,113
24158,7
24159,38
24160,20
24161,38
24162,27
24163,38
24164,97
24165,7
24166,82
24167,7
24168,94
24169,27
24170,113
24171,38
24172,7
24173,113
24174,82
24175,76
24176,113
24177,30
24178,67
24179,30
24180,2
24181,2
24182,109
24183,2
24184,58
24185,119
24186,58
24187,2
24188,58
24189,119
24190,19
24191,119
24192,119
24194,51
24199,63
24202,63
24204,63
24212,47
24213,2
24214,80
24215,112
24216,95
24217,109
24218,2
24220,95
24229,76
24233,76
24234,76
24236,20
24237,113
24240,20
24241,38
24242,113
24249,119
24250,19
24251,36
24252,19
24253,2
24254,19
24255,2
24256,109
24257,2
24258,19
24259,109
24260,6
24264,21
24265,79
24266,31
24267,111
24269,79
24270,107
24272,45
24273,68
24274,68
24275,55
24283,83
24284,55
24285,60
24286,10
24287,18
24288,18
24289,68
24290,31
24291,60
24292,22
24293,22
24294,22
24295,22
24296,22
24297,22
24298,22
24299,119
24300,109
24301,119
24302,109
24303,68
24304,68
24305,4
24306,4
24307,68
24308,21
24309,21
24311,21
24312,21
24314,79
24323,12
24324,75
24325,75
24326,12
24327,12
24328,75
24329,63
24331,50
24333,114
24334,112
24335,55
24336,15
24337,31
24338,79
24339,114
24340,15
24341,79
24342,15
24343,79
24344,114
24345,79
24346,4
24347,82
24354,27
24355,27
24356,7
24357,117
24358,7
24359,38
24360,97
24361,38
24362,76
24363,113
24364,113
24365,7
24366,27
24367,113
24368,76
24369,7
24370,113
24371,7
24372,20
24373,76
24374,97
24375,38
24376,76
24377,113
24378,7
24379,113
24380,76
24382,7
24383,38
24384,97
24385,27
24386,97
24387,76
24388,7
24389,38
24390,38
24391,27
24392,20
24393,7
24394,97
24395,27
24398,27
24400,38
24401,76
24403,38
24404,38
24405,38
24406,76
24407,27
24408,2
24409,16
24410,19
24411,2
24412,119
24413,19
24414,19
24415,67
24416,19
24417,109
24418,109
24419,19
24420,109
24421,19
24422,2
24423,109
24424,109
24425,119
24426,109
24427,119
24428,2
24429,36
24442,101
24443,22
24444,99
24445,22
24446,29
24447,29
24448,29
24450,119
24451,2
24452,19
24453,109
24454,19
24455,19
24456,19
24457,119
24458,30
24459,29
24460,19
24461,119
24462,30
24463,119
24466,2
24467,2
24468,6
24469,30
24470,30
24472,30
24473,19
24474,42
24476,85
24480,36
24481,67
24482,36
24483,40
24487,40
24493,12
24495,7
24496,7
24497,97
24498,76
24499,113
24500,76
24501,38
24502,113
24503,7
24504,7
24505,7
24506,113
24507,76
24508,113
24509,76
24510,113
24511,7
24512,76
24513,38
24514,97
24515,7
24516,97
24517,76
24518,20
24519,97
24520,7
24521,113
24522,97
24523,38
24524,68
24525,55
24526,31
24527,106
24528,55
24529,55
24530,38
24531,76
24532,76
24533,7
24534,7
24535,38
24536,97
24537,7
24538,38
24539,7
24540,76
24541,38
24542,90
24543,102
24544,34
24545,102
24546,102
24547,82
24548,23
24549,62
24550,62
24551,38
24552,1
24553,79
24554,106
24555,62
24556,94
24557,27
24558,27
24561,111
24562,10
24565,111
24566,34
24567,20
24572,15
24574,114
24577,110
24579,114
24583,31
24589,76
24590,27
24591,76
24592,82
24593,79
24594,106
24595,106
24596,23
24597,106
24598,108
24599,52
24600,83
24601,32
24602,38
24603,32
24604,76
24605,33
24606,107
24607,63
24608,108
24609,112
24610,55
24611,106
24612,31
24613,7
24614,21
24615,23
24616,15
24617,49
24618,49
24619,49
24620,37
24621,11
24622,105
24623,54
24624,115
24625,71
24626,119
24627,119
24628,36
24629,19
24630,30
24631,30
24632,30
24633,30
24637,19
24638,19
24639,58
24641,92
24642,92
24643,92
24644,92
24645,92
24646,92
24647,92
24648,92
24649,2
24651,71
24652,71
24653,71
24654,105
24655,99
24656,99
24657,22
24658,99
24659,22
24660,99
24661,99
24662,46
24663,58
24664,119
24665,119
24666,119
24668,119
24669,58
24670,109
24671,58
24676,54
24677,11
24678,11
24679,11
24680,11
24681,11
24684,10
24685,36
24686,46
24687,78
24688,46
24689,78
24690,85
24691,85
24692,51
24693,15
24694,79
24695,46
24696,58
24697,111
24698,55
24699,2
24700,2
24701,58
24702,16
24703,46
24704,67
24705,30
24706,30
24707,112
24708,31
24709,46
24710,36
24711,58
24712,109
24714,36
24715,67
24716,46
24717,36
24718,85
24719,85
24720,6
24721,119
24722,19
24724,114
24725,88
24726,6
24727,2
24729,106
24730,34
24732,114
24733,112
24735,55
24736,115
24737,71
24738,71
24739,105
24740,105
24741,69
24742,8
24743,85
24749,19
24753,35
24754,35
24755,63
24756,108
24757,112
24758,15
24760,61
24766,105
24768,22
24769,30
24770,30
24772,92
24773,50
24775,109
24776,2
24777,11
24778,11
24779,11
24780,11
24781,11
24782,11
24784,11
24785,11
24786,11
24788,11
24789,105
24794,71
24795,3
24796,33
24805,2
24809,48
24816,23
24817,111
24818,31
24819,61
24820,85
24822,109
24825,2
24828,82
24832,75
24833,12
24834,54
24835,6
24836,16
24840,111
24841,117
24845,18
24846,60
24848,63
24849,62
24850,11
24853,39
24854,38
24855,7
24858,39
24866,11
24867,11
24868,49
24869,53
24870,53
24871,22
24872,99
24873,47
24874,98
24875,34
24876,89
24884,62
24885,82
24886,82
24887,23
24888,117
24892,15
24906,34
24907,1
24908,117
24909,98
24910,1
24911,106
24912,117
24913,98
24914,23
24917,79
24918,62
24919,110
24920,62
24921,62
24922,101
24923,102
24924,110
24925,62
24927,32
24928,20
24929,5
24933,34
24937,1
24940,80
24941,48
24942,62
24943,110
24944,98
24945,117
24946,47
24947,98
24948,62
24949,102
24950,110
24951,117
24952,110
24953,102
24954,82
24955,23
24964,15
24969,31
24972,102
24973,82
24974,32
24975,82
24976,102
24977,79
24984,41
24985,48
24986,110
24987,62
24988,102
24989,82
24992,74
24993,73
24995,73
24996,63
25000,86
25003,10
25004,39
25006,68
25007,60
25011,102
25012,102
25013,69
25014,11
25016,61
25017,42
25018,9
25019,61
25020,68
25021,18
25022,95
25023,1
25024,21
25025,52
25026,1
25027,1
25028,80
25029,86
25030,21
25031,68
25032,68
25033,50
25034,50
25035,1
25036,28
25037,100
25038,1
25039,86
25040,106
25041,117
25042,80
25043,48
25044,48
25045,56
25046,56
25047,56
25048,56
25049,56
25050,56
25051,56
25053,56
25054,56
25055,56
25056,56
25057,56
25058,56
25059,56
25060,56
25061,56
25062,56
25063,56
25064,56
25065,56
25066,56
25067,56
25068,56
25069,56
25070,56
25071,56
25072,56
25073,56
25074,56
25075,56
25076,56
25077,56
25078,56
25079,56
25080,56
25081,56
25082,56
25083,56
25084,56
25085,49
25087,37
25088,49
25089,37
25090,37
25093,49
25094,49
25097,49
25098,37
25099,11
25100,44
25101,11
25102,11
25103,11
25104,11
25105,11
25106,11
25107,11
25108,11
25109,11
25110,11
25111,11
25112,11
25113,17
25114,17
25115,17
25116,17
25117,17
25118,17
25119,17
25120,17
25121,17
25122,17
25124,17
25125,17
25126,17
25127,72
25128,17
25129,17
25130,17
25135,17
25136,17
25137,17
25139,17
25140,17
25141,17
25142,72
25143,17
25144,69
25145,105
25146,105
25148,105
25149,54
25150,54
25151,54
25152,54
25153,54
25155,54
25156,54
25157,54
25158,54
25159,54
25160,54
25161,54
25162,54
25163,54
25164,54
25165,54
25166,54
25167,54
25168,54
25170,105
25171,54
25172,105
25173,71
25174,105
25175,54
25176,105
25177,54
25178,105
25179,105
25180,105
25181,105
25182,105
25183,105
25184,105
25185,105
25186,105
25187,105
25188,105
25189,105
25190,105
25191,105
25192,115
25193,71
25194,105
25195,54
25196,71
25197,105
25198,105
25199,105
25200,105
25201,71
25202,71
25203,105
25204,105
25205,71
25206,105
25207,105
25208,54
25209,105
25210,54
25211,88
25212,88
25213,105
25214,69
25215,69
25216,88
25217,54
25218,69
25219,69
25220,88
25221,88
25222,88
25223,69
25224,88
25225,70
25226,54
25227,70
25228,54
25229,70
25230,70
25231,70
25232,70
25233,70
25234,54
25235,75
25236,54
25237,54
25238,54
25239,115
25240,115
25241,115
25242,105
25243,115
25244,115
25245,71
25246,105
25247,105
25248,69
25249,105
25250,105
25251,69
25252,8
25253,69
25254,71
25256,69
25257,105
25258,54
25259,105
25260,105
25261,105
25262,105
25263,115
25264,105
25265,71
25266,115
25267,69
25268,54
25269,69
25270,69
25271,69
25272,69
25273,69
25274,69
25275,69
25276,69
25277,54
25278,54
25280,54
25281,54
25282,54
25283,105
25284,105
25285,54
25286,69
25287,69
25288,8
25289,54
25290,105
25291,54
25292,115
25293,105
25294,70
25295,88
25296,71
25297,71
25298,49
25299,105
25300,37
25301,37
25302,98
25303,49
25304,37
25305,37
25306,37
25307,37
25308,3
25309,3
25310,40
25311,3
25312,40
25313,40
25314,40
25315,40
25316,40
25317,40
25318,3
25319,40
25320,3
25321,3
25322,3
25323,40
25324,40
25325,40
25326,40
25327,3
25328,40
25329,40
25330,3
25331,40
25332,40
25333,40
25334,3
25335,40
25336,3
25337,3
25338,3
25340,0
25342,29
25344,29
25345,29
25346,96
25347,29
25348,96
25349,96
25350,96
25351,96
25353,29
25354,29
25355,96
25356,96
25357,29
25358,96
25359,29
25360,0
25361,0
25362,0
25364,0
25365,15
25366,101
25367,101
25368,41
25369,101
25370,101
25371,101
25372,101
25373,101
25376,79
25378,101
25379,101
25380,101
25381,101
25382,101
25383,101
25384,96
25385,96
25386,29
25388,29
25389,29
25391,31
25392,41
25393,79
25394,79
25395,79
25396,101
25398,105
25399,54
25400,53
25401,53
25402,53
25403,119
25404,58
25405,80
25406,47
25410,119
25411,19
25412,19
25413,19
25414,19
25415,19
25416,2
25417,19
25418,19
25419,19
25420,119
25421,119
25422,119
25423,109
25424,119
25425,8
25426,11
25427,115
25429,11
25430,17
25431,22
25432,99
25433,22
25434,22
25435,22
25436,22
25437,49
25438,49
25439,37
25440,109
25441,109
25442,119
25443,119
25444,119
25445,19
25446,6
25447,2
25448,46
25449,9
25450,30
25451,119
25452,19
25453,19
25454,67
25456,2
25457,119
25458,2
25459,19
25460,19
25461,119
25462,19
25464,2
25465,19
25466,119
25468,19
25469,19
25470,2
25471,119
25472,109
25473,58
25474,2
25475,109
25476,58
25477,119
25478,2
25479,19
25480,19
25481,67
25482,30
25483,30
25484,30
25485,9
25486,19
25487,19
25488,119
25489,19
25490,19
25491,46
25492,46
25493,67
25494,30
25495,30
25496,30
25497,30
25498,30
25503,5
25504,1
25505,47
25516,98
25520,47
25521,101
25522,61
25523,102
25524,82
25525,10
25526,98
25527,23
25528,27
25529,55
25530,10
25531,55
25532,55
25533,10
25534,83
25536,55
25537,111
25538,55
25539,106
25540,60
25541,110
25542,110
25543,110
25544,82
25546,79
25549,45
25555,114
25556,31
25564,19
25565,19
25566,2
25569,19
25570,19
25571,19
25572,19
25573,19
25574,19
25575,19
25576,19
25577,2
25578,2
25582,119
25584,2
25585,19
25587,33
25588,33
25589,33
25590,33
25591,33
25592,33
25593,33
25594,33
25595,33
25596,33
25597,33
25598,33
25599,33
25600,33
25601,33
25602,33
25603,40
25604,13
25605,40
25606,40
25607,3
25608,40
25609,3
25610,3
25611,3
25612,40
25613,3
25614,3
25615,3
25616,40
25617,3
25618,3
25619,3
25620,40
25622,40
25623,40
25625,3
25626,3
25627,19
25628,40
25629,40
25630,3
25631,40
25632,3
25633,3
25634,40
25635,3
25636,3
25637,40
25638,40
25639,3
25640,3
25641,3
25642,40
25643,3
25644,40
25645,40
25646,3
25647,40
25648,40
25649,40
25650,3
25651,40
25652,3
25653,3
25654,3
25655,3
25656,40
25657,3
25658,3
25659,3
25660,3
25661,40
25662,40
25663,3
25664,3
25665,40
25666,3
25667,40
25668,40
25669,40
25670,3
25671,3
25672,40
25673,3
25674,3
25675,3
25676,40
25677,40
25678,40
25679,3
25680,40
25681,3
25682,3
25683,40
25684,79
25685,58
25691,97
25692,76
25693,27
25697,27
25698,76
25699,38
25700,97
25702,27
25703,27
25704,34
25705,34
25706,102
25707,54
25708,95
25709,95
25710,95
25711,95
25712,95
25713,95
25714,95
25715,95
25716,115
25717,71
25719,70
25720,54
25721,11
25722,11
25724,11
25726,11
25727,11
25729,11
25730,11
25732,11
25733,11
25734,11
25736,49
25738,37
25740,49
25741,37
25744,37
25745,11
25746,11
25747,11
25748,11
25749,11
25750,11
25751,11
25752,11
25753,11
25754,11
25755,11
25756,11
25757,77
25758,77
25759,77
25760,77
25761,77
25762,77
25763,77
25764,77
25765,77
25766,77
25767,77
25768,77
25769,77
25770,77
25771,77
25772,77
25773,77
25774,77
25775,77
25776,77
25777,77
25778,77
25779,77
25780,77
25781,77
25782,77
25783,77
25784,77
25785,77
25786,77
25787,77
25788,77
25789,77
25790,77
25791,77
25792,77
25793,77
25794,77
25795,77
25796,77
25798,8
25799,70
25806,37
25818,27
25819,76
25820,32
25821,27
25822,76
25823,76
25824,76
25825,27
25826,7
25827,27
25828,7
25829,76
25830,7
25831,38
25832,76
25833,32
25834,32
25835,27
25836,76
25837,27
25839,98
25840,76
25841,76
25842,38
25843,32
25844,32
25845,27
25846,38
25847,7
25848,113
25849,89
25850,7
25851,7
25852,76
25853,97
25854,76
25855,7
25856,62
25857,36
25858,71
25859,54
25860,115
25861,54
25863,54
25864,88
25865,75
25866,75
25867,12
25868,88
25869,12
25870,69
25871,12
25872,12
25873,12
25874,12
25875,75
25876,12
25877,75
25878,12
25879,12
25880,12
25881,12
25882,75
25883,12
25884,12
25885,12
25886,12
25887,12
25888,75
25889,100
25890,100
25891,103
25892,62
25893,82
25894,101
25895,103
25896,100
25897,100
25898,100
25899,100
25900,100
25901,100
25902,100
25903,100
25904,100
25905,100
25906,100
25907,20
25908,98
25909,100
25912,100
25913,100
25914,100
25915,100
25917,15
25918,114
25919,102
25920,108
25921,106
25922,41
25923,110
25924,94
25925,20
25926,31
25927,110
25928,94
25929,100
25930,5
25931,5
25932,53
25933,53
25934,53
25935,53
25936,20
25937,53
25938,53
25939,53
25940,53
25941,53
25942,53
25943,53
25944,53
25945,53
25946,53
25947,53
25948,53
25949,53
25950,53
25951,53
25952,53
25953,53
25954,53
25955,53
25956,53
25957,53
25958,53
25959,98
25960,53
25961,97
25962,76
25963,20
25964,7
25966,76
25967,102
25968,34
25969,62
25970,110
25971,89
25972,7
25975,81
25977,13
25978,87
25979,87
25980,87
25981,81
25982,13
25983,81
25984,13
25985,13
25987,87
25990,13
25991,13
25992,87
25994,13
25995,13
25996,13
25997,13
25998,87
25999,87
26000,81
26001,87
26002,87
26003,87
26004,87
26007,87
26009,13
26010,81
26012,81
26014,87
26015,81
26016,13
26022,81
26023,87
26025,81
26026,87
26027,87
26028,13
26029,81
26030,81
26040,10
26041,39
26042,39
26043,60
26044,83
26045,52
26046,10
26047,114
26048,106
26049,107
26050,10
26053,10
26054,52
26055,10
26056,39
26057,60
26058,10
26059,106
26062,10
26063,10
26064,39
26065,39
26066,60
26067,39
26068,60
26072,10
26073,39
26075,60
26076,60
26077,39
26083,39
26084,39
26086,39
26087,60
26088,39
26090,10
26091,107
26092,10
26093,10
26096,10
26101,39
26103,60
26105,60
26106,39
26107,10
26112,52
26113,52
26114,52
26115,52
26116,107
26117,60
26121,10
26122,10
26123,39
26124,39
26125,55
26126,39
26128,10
26132,51
26133,51
26134,51
26135,84
26136,51
26138,51
26139,84
26140,51
26141,51
26142,84
26143,51
26144,51
26145,51
26146,51
26148,84
26149,51
26150,84
26151,51
26152,84
26153,51
26154,51
26155,51
26156,51
26157,51
26158,84
26159,51
26160,51
26162,51
26163,51
26164,84
26166,51
26169,51
26171,61
26172,61
26173,42
26174,9
26175,42
26176,61
26177,42
26178,42
26179,61
26180,61
26181,61
26182,61
26183,42
26184,61
26185,9
26186,81
26187,13
26189,13
26190,13
26194,87
26196,81
26197,87
26198,87
26199,87
26202,13
26203,13
26205,13
26206,13
26207,87
26208,87
26209,87
26210,87
26211,13
26212,87
26213,87
26214,87
26220,69
26224,49
26225,11
26227,79
26228,114
26229,79
26231,112
26233,31
26234,31
26236,114
26237,94
26238,114
26239,15
26240,21
26243,21
26246,108
26248,106
26251,21
26252,50
26254,50
26255,50
26256,50
26258,51
26259,50
26260,50
26261,106
26262,108
26263,1
26264,15
26265,31
26266,90
26267,106
26268,52
26269,112
26271,55
26272,114
26273,106
26274,108
26275,79
26276,108
26277,114
26278,108
26279,106
26280,79
26281,15
26282,79
26283,52
26284,112
26285,15
26286,31
26287,114
26288,106
26292,52
26293,114
26294,114
26295,31
26297,41
26300,114
26303,114
26305,106
26306,106
26308,52
26309,90
26310,21
26311,21
26312,21
26314,28
26315,28
26316,50
26317,50
26319,50
26320,50
26321,4
26322,4
26323,4
26324,4
26325,19
26326,19
26327,19
26328,3
26329,3
26330,40
26331,3
26332,3
26333,3
26334,40
26335,3
26336,3
26337,3
26338,3
26339,40
26340,3
26341,3
26342,3
26343,3
26344,3
26345,40
26346,3
26347,3
26348,3
26349,3
26350,3
26351,3
26352,3
26355,89
26357,110
26359,62
26360,110
26361,82
26362,110
26363,110
26364,74
26365,39
26366,34
26367,39
26368,98
26369,82
26370,39
26371,34
26372,84
26374,19
26375,30
26376,107
26379,84
26380,51
26382,51
26383,51
26384,51
26385,79
26387,79
26388,106
26389,52
26390,39
26396,107
26401,111
26402,52
26403,31
26404,106
26408,111
26411,83
26412,111
26414,111
26415,111
26418,111
26419,111
26424,111
26425,83
26426,105
26427,69
26430,105
26431,54
26432,105
26433,54
26434,72
26435,54
26436,105
26437,54
26438,70
26439,17
26440,71
26441,54
26442,37
26444,17
26445,17
26446,17
26447,17
26448,2
26449,16
26450,2
26451,30
26452,2
26453,2
26454,19
26456,58
26458,46
26459,16
26460,46
26462,15
26463,114
26464,28
26465,21
26466,108
26467,41
26468,79
26469,106
26470,15
26471,41
26472,55
26473,106
26474,108
26475,114
26476,15
26477,79
26478,98
26479,15
26480,31
26481,15
26482,106
26483,114
26484,79
26485,79
26486,114
26487,15
26488,108
26489,15
26490,108
26491,15
26492,79
26493,79
26494,108
26495,15
26496,15
26497,55
26498,106
26502,41
26504,51
26508,84
26515,83
26516,111
26518,111
26519,21
26521,21
26522,85
26523,36
26524,119
26525,109
26526,2
26527,58
26528,2
26529,6
26530,119
26531,6
26532,6
26533,16
26534,6
26535,109
26536,119
26537,109
26538,58
26539,19
26540,19
26541,2
26542,109
26543,46
26544,46
26545,46
26546,46
26547,36
26548,119
26549,2
26550,109
26551,2
26552,119
26553,109
26554,119
26555,119
26556,46
26557,78
26558,36
26559,36
26560,36
26561,36
26562,85
26563,6
26585,2
26586,119
26587,2
26588,109
26589,2
26590,67
26591,30
26592,36
26593,19
26594,19
26595,19
26596,2
26597,2
26598,19
26599,109
26600,2
26601,119
26602,119
26603,2
26604,19
26605,2
26606,19
26607,2
26608,2
26609,2
26610,19
26611,19
26612,2
26613,19
26614,2
26615,19
26616,119
26617,19
26618,2
26619,119
26620,2
26621,19
26622,2
26623,2
26624,2
26625,46
26626,46
26627,46
26628,58
26629,42
26630,16
26631,42
26632,42
26633,19
26634,58
26635,2
26636,19
26637,2
26638,58
26639,2
26640,19
26641,19
26642,36
26643,58
26644,2
26645,19
26646,2
26647,19
26648,2
26649,109
26650,109
26651,2
26652,2
26653,119
26654,119
26655,16
26656,2
26657,109
26658,119
26659,19
26660,2
26661,19
26662,2
26663,119
26664,2
26665,119
26666,2
26667,19
26668,2
26669,19
26670,19
26671,2
26672,30
26673,30
26674,30
26675,30
26676,30
26677,67
26678,67
26679,67
26680,9
26681,19
26682,2
26683,19
26684,119
26685,46
26686,30
26687,67
26688,46
26689,46
26690,46
26691,2
26692,46
26693,115
26695,19
26696,19
26697,19
26700,46
26702,19
26703,19
26704,19
26705,46
26706,67
26707,46
26708,46
26709,119
26710,55
26711,79
26712,108
26713,15
26714,108
26715,114
26716,31
26717,114
26718,108
26719,31
26720,106
26721,15
26722,79
26723,114
26724,108
26725,15
26726,15
26727,15
26728,108
26729,15
26730,79
26731,13
26732,87
26733,81
26734,87
26735,81
26737,81
26738,87
26739,87
26743,87
26744,87
26746,81
26747,87
26781,81
26783,81
26784,81
26785,81
26786,60
26787,39
26788,60
26789,1
26790,39
26791,39
26792,39
26793,47
26794,60
26795,10
26796,10
26797,60
26798,10
26799,39
26800,39
26801,52
26802,1
26803,83
26804,80
26805,51
26806,51
26807,51
26808,84
26809,51
26810,84
26811,84
26812,112
26813,111
26814,111
26815,55
26816,111
26817,51
26818,51
26819,51
26820,51
26821,84
26822,84
26823,84
26824,84
26825,84
26826,51
26827,84
26829,84
26831,51
26835,84
26837,84
26838,84
26843,84
26844,51
26847,13
26848,13
26849,81
26850,13
26851,81
26852,87
26853,13
26854,13
26855,13
26856,87
26857,81
26858,87
26859,87
26860,87
26862,10
26863,73
26864,102
26865,82
26866,34
26867,34
26868,110
26869,23
26870,62
26871,110
26872,110
26873,34
26874,23
26875,102
26876,110
26877,110
26878,117
26879,82
26880,34
26881,102
26882,110
26883,23
26885,20
26887,102
26888,82
26889,20
26890,102
26891,102
26892,102
26893,82
26894,110
26895,82
26896,110
26897,110
26898,102
26901,82
26902,82
26903,102
26904,20
26905,110
26906,102
26907,34
26908,82
26909,34
26910,102
26911,20
26912,102
26913,82
26914,102
26915,62
26916,62
26917,52
26918,62
26919,20
26921,62
26922,20
26923,102
26924,62
26927,97
26928,89
26929,38
26930,102
26931,62
26932,110
26933,62
26934,62
26935,97
26936,110
26937,110
26938,62
26939,102
26940,82
26941,110
26942,23
26943,117
26944,102
26945,82
26946,102
26947,20
26948,82
26949,102
26950,98
26951,82
26952,82
26953,102
26954,20
26955,62
26956,97
26957,20
26958,82
26959,102
26960,20
26965,34
26966,34
26967,97
26968,20
26969,34
26974,89
26975,62
26982,74
26983,86
26984,73
26985,74
26986,5
26987,21
26988,35
26989,35
26990,73
26991,35
26992,35
26993,35
26994,28
26995,35
26996,51
26997,63
26999,35
27000,35
27001,35
27002,35
27003,35
27004,35
27005,35
27006,35
27007,35
27008,35
27009,35
27010,73
27011,74
27012,35
27013,73
27014,73
27015,35
27016,63
27017,63
27018,35
27019,35
27020,35
27021,35
27022,35
27023,35
27024,35
27025,35
27026,21
27027,73
27028,35
27029,63
27030,35
27032,35
27034,42
27035,61
27036,55
27037,105
27038,105
27039,70
27041,54
27042,49
27044,54
27045,17
27046,17
27047,17
27049,72
27053,54
27054,70
27056,71
27057,47
27059,54
27060,105
27061,69
27062,8
27067,17
27070,105
27074,9
27075,42
27076,61
27077,61
27078,42
27079,42
27080,9
27081,61
27082,61
27083,61
27084,61
27085,9
27086,61
27087,97
27088,97
27089,76
27090,27
27091,97
27092,27
27093,27
27094,7
27096,27
27097,38
27098,27
27099,113
27100,27
27101,27
27102,7
27103,7
27104,38
27105,27
27106,27
27107,97
27108,27
27109,27
27110,27
27115,26
27116,26
27117,26
27121,26
27128,26
27129,26
27134,26
27138,26
27139,26
27141,26
27142,26
27143,26
27144,26
27145,26
27148,39
27149,39
27150,39
27151,10
27152,10
27153,39
27154,60
27155,39
27158,39
27164,10
27165,39
27169,39
27170,39
27171,39
27173,60
27174,10
27175,39
27176,39
27178,39
27180,51
27181,51
27182,51
27183,51
27184,51
27185,51
27186,51
27187,90
27188,90
27189,108
27191,7
27193,9
27194,61
27195,5
27196,117
27197,5
27198,38
27199,5
27202,83
27203,73
27204,73
27205,73
27206,73
27207,74
27208,74
27209,98
27210,10
27211,111
27212,10
27213,111
27214,74
27215,73
27216,73
27217,74
27218,73
27219,20
27220,5
27221,48
27222,86
27223,73
27224,5
27225,5
27226,5
27227,89
27228,5
27229,74
27230,74
27231,73
27232,5
27253,109
27258,2
27259,102
27260,82
27261,117
27262,62
27263,34
27264,102
27265,82
27266,117
27267,51
27268,66
27269,113
27270,7
27271,27
27272,113
27273,32
27274,20
27275,76
27276,76
27277,113
27278,76
27279,38
27280,97
27281,76
27282,76
27283,7
27284,76
27285,76
27286,76
27287,7
27288,76
27289,76
27290,7
27292,38
27293,76
27294,76
27295,7
27296,113
27297,113
27298,113
27299,76
27300,20
27301,7
27302,97
27304,81
27305,81
27306,81
27307,81
27308,87
27311,87
27313,87
27315,87
27316,81
27317,87
27318,87
27319,87
27320,87
27321,87
27322,13
27323,13
27326,87
27327,87
27328,81
27329,87
27330,87
27331,87
27335,87
27338,13
27339,81
27340,13
27341,87
27342,13
27343,13
27344,13
27345,13
27346,81
27347,102
27348,110
27349,82
27350,20
27352,62
27353,110
27354,62
27355,23
27356,79
27357,114
27358,79
27359,15
27360,31
27361,114
27364,112
27365,31
27368,31
27369,114
27370,114
27372,108
27373,52
27374,41
27375,106
27376,112
27377,79
27378,63
27379,63
27380,87
27381,87
27382,81
27384,91
27385,91
27386,91
27388,80
27392,101
27396,15
27398,26
27399,26
27400,26
27401,26
27402,26
27403,26
27404,26
27405,86
27406,86
27407,86
27408,74
27409,86
27410,50
27411,50
27412,50
27413,50
27414,28
27415,86
27416,74
27417,73
27418,21
27419,28
27420,50
27421,50
27422,50
27423,86
27424,86
27425,21
27426,74
27427,86
27428,80
27429,48
27430,55
27431,48
27432,26
27433,26
27434,26
27435,26
27436,62
27437,23
27438,98
27439,23
27440,20
27441,110
27442,1
27443,98
27444,80
27445,90
27446,23
27447,52
27448,110
27449,26
27450,26
27451,26
27452,26
27453,26
27454,26
27455,26
27456,26
27457,26
27458,26
27459,26
27460,26
27461,26
27462,26
27463,29
27464,29
27465,29
27466,29
27467,29
27468,29
27469,101
27470,103
27471,103
27472,26
27473,26
27474,26
27475,26
27476,26
27477,26
27478,26
27479,26
27480,26
27481,26
27482,26
27483,26
27484,29
27485,29
27486,29
27487,29
27488,29
27489,29
27490,0
27491,29
27492,0
27493,0
27494,0
27495,0
27496,103
27497,62
27498,103
27499,5
27500,103
27501,103
27502,26
27503,26
27504,26
27505,26
27506,26
27507,26
27508,26
27509,26
27510,26
27511,29
27512,29
27513,29
27514,29
27515,29
27516,0
27517,26
27518,0
27519,42
27520,42
27521,42
27522,42
27525,18
27527,111
27529,111
27532,10
27534,111
27537,111
27538,83
27539,111
27542,111
27545,111
27546,111
27548,111
27550,106
27552,41
27553,107
27554,52
27555,68
27557,55
27558,55
27559,55
27560,10
27561,111
27562,52
27563,10
27566,107
27567,60
27572,15
27574,114
27579,79
27580,45
27581,45
27582,45
27583,45
27584,79
27586,79
27587,79
27589,45
27590,45
27593,52
27594,41
27595,52
27596,15
27598,51
27602,51
27604,84
27605,28
27607,84
27608,28
27609,28
27610,84
27614,84
27621,84
27622,50
27623,21
27624,21
27625,21
27626,21
27628,21
27629,21
27630,84
27631,112
27640,119
27642,31
27644,108
27645,15
27646,15
27648,15
27649,114
27653,79
27655,79
27657,112
27663,31
27665,69
27666,12
27667,54
27668,71
27669,105
27670,8
27671,69
27672,105
27673,8
27674,115
27675,105
27677,70
27678,105
27679,105
27680,8
27682,54
27683,71
27685,88
27687,105
27688,105
27689,105
27690,54
27691,88
27692,71
27693,69
27694,105
27695,88
27699,88
27701,105
27702,70
27703,105
27704,88
27710,71
27711,8
27712,69
27715,69
27716,54
27717,105
27718,105
27719,69
27720,54
27722,70
27724,105
27726,115
27727,69
27728,70
27731,54
27732,105
27733,71
27734,105
27736,54
27737,69
27738,105
27739,54
27740,70
27741,69
27742,105
27743,54
27744,12
27745,54
27746,105
27747,105
27748,105
27749,49
27750,49
27751,37
27752,49
27753,37
27754,37
27755,49
27756,37
27757,37
27758,49
27759,49
27760,37
27761,49
27762,49
27763,37
27764,49
27765,49
27766,37
27767,49
27768,37
27769,37
27770,49
27771,37
27772,37
27773,49
27774,37
27775,49
27776,37
27777,49
27778,37
27779,37
27780,49
27781,37
27782,37
27783,49
27784,37
27785,37
27786,49
27787,37
27788,49
27789,37
27791,49
27792,37
27793,49
27795,37
27796,49
27797,37
27802,11
27803,11
27804,11
27805,11
27806,11
27807,11
27808,11
27809,11
27810,11
27811,11
27812,11
27813,11
27814,11
27815,11
27818,11
27819,11
27820,11
27821,11
27822,11
27827,11
27828,11
27829,11
27830,11
27832,11
27833,11
27834,11
27836,11
27837,11
27838,11
27839,11
27840,11
27841,11
27845,68
27846,118
27847,34
27848,82
27849,98
27850,20
27851,7
27852,82
27853,38
27854,20
27855,111
27856,34
27857,102
27858,60
27859,34
27860,82
27861,82
27862,111
27863,38
27864,34
27865,34
27866,34
27867,34
27868,47
27869,110
27870,110
27871,39
27872,39
27873,68
27874,68
27875,34
27876,34
27877,82
27878,34
27879,10
27880,32
27881,34
27882,18
27883,39
27884,10
27885,10
27886,34
27887,10
27888,39
27889,34
27890,68
27891,60
27892,60
27893,10
27894,111
27895,82
27896,32
27897,20
27898,62
27899,20
27900,84
27901,84
27902,51
27903,84
27904,50
27905,51
27906,84
27907,51
27908,28
27909,35
27910,51
27911,51
27912,28
27913,51
27914,84
27915,51
27916,51
27917,51
27918,51
27919,84
27920,51
27921,84
27922,84
27923,51
27924,84
27925,51
27926,35
27928,100
27929,84
27931,34
27932,82
27933,102
27934,62
27935,35
27936,35
27937,35
27938,35
27939,100
27940,35
27941,96
27942,96
27943,96
27944,96
27945,29
27946,0
27947,0
27948,0
27949,0
27950,0
27951,29
27952,29
27953,29
27954,96
27955,29
27956,29
27957,0
27958,0
27959,0
27960,0
27961,0
27962,0
27963,80
27964,80
27965,108
27966,47
27967,108
27968,48
27969,80
27970,80
27971,108
27972,79
27973,108
27974,47
27975,96
27976,96
27977,96
27978,29
27979,29
27980,96
27981,96
27982,96
27983,96
27984,96
27985,96
27986,96
27987,96
27988,96
27989,96
27990,96
27991,29
27992,96
27994,29
27995,29
27996,29
27997,96
27998,96
27999,29
28000,96
28001,96
28002,29
28003,29
28004,0
28005,0
28006,0
28007,0
28008,0
28009,0
28010,0
28011,0
28012,0
28013,0
28014,0
28015,0
28016,0
28017,29
28018,96
28019,29
28020,96
28021,96
28022,29
28023,29
28024,29
28025,29
28026,29
28027,29
28028,29
28029,29
28030,29
28031,29
28032,29
28033,96
28034,96
28035,96
28036,96
28037,96
28038,96
28039,29
28040,29
28041,96
28042,96
28043,96
28044,96
28045,96
28046,96
28047,29
28048,29
28049,29
28050,29
28051,29
28052,96
28053,96
28054,29
28055,29
28056,29
28057,96
28058,96
28059,29
28060,96
28061,96
28062,96
28063,29
28064,0
28065,0
28066,0
28067,0
28068,0
28069,0
28070,0
28071,0
28072,0
28073,0
28074,0
28075,0
28076,0
28077,0
28078,0
28079,96
28080,0
28081,0
28082,0
28083,96
28084,96
28085,29
28086,29
28087,96
28088,29
28090,0
28091,0
28092,110
28093,29
28094,96
28095,96
28096,96
28097,96
28098,96
28099,29
28100,29
28101,96
28102,96
28103,96
28104,96
28105,0
28106,0
28107,0
28108,0
28109,0
28110,0
28111,0
28112,0
28113,0
28114,0
28115,0
28116,0
28117,29
28118,29
28119,29
28120,96
28121,96
28122,29
28123,29
28124,29
28125,29
28126,29
28127,29
28128,96
28129,29
28130,29
28131,29
28132,29
28133,29
28134,96
28135,96
28136,96
28137,96
28138,86
28139,74
28140,86
28141,86
28142,74
28143,21
28144,74
28145,101
28146,101
28147,101
28148,80
28149,101
28150,101
28151,80
28152,101
28153,101
28154,14
28155,14
28156,116
28157,116
28158,14
28159,116
28160,14
28161,116
28162,14
28163,14
28164,14
28165,116
28166,116
28167,116
28168,116
28169,116
28170,116
28171,116
28172,14
28173,116
28174,116
28175,14
28176,116
28177,14
28178,14
28179,116
28180,14
28181,14
28182,116
28183,14
28184,14
28185,14
28186,116
28187,14
28188,116
28189,14
28190,14
28191,14
28192,14
28193,14
28194,116
28195,14
28196,14
28197,116
28198,14
28199,14
28200,116
28201,14
28202,14
28203,116
28204,14
28205,14
28207,14
28208,14
28209,14
28210,14
28211,116
28212,116
28213,87
28214,87
28215,13
28216,87
28217,87
28218,87
28219,87
28220,81
28221,81
28222,81
28223,87
28224,87
28225,87
28226,87
28227,81
28228,81
28229,87
28230,81
28231,81
28232,81
28233,87
28234,87
28236,87
28237,87
28238,81
28239,87
28240,87
28241,81
28242,87
28243,87
28244,87
28245,81
28246,87
28247,81
28248,81
28249,81
28250,81
28251,81
28252,81
28253,81
28254,81
28255,87
28256,81
28257,87
28258,87
28260,81
28261,81
28262,87
28263,87
28264,87
28265,87
28266,87
28267,87
28268,87
28269,87
28270,87
28271,87
28272,87
28273,87
28274,87
28275,81
28276,40
28277,14
28278,14
28279,116
28280,14
28281,14
28282,116
28283,116
28284,116
28285,14
28286,116
28287,14
28288,116
28289,14
28290,14
28291,14
28292,14
28293,116
28294,116
28295,14
28296,14
28297,14
28298,14
28299,14
28300,116
28301,14
28302,116
28303,14
28304,14
28305,14
28306,14
28307,14
28308,116
28309,14
28310,14
28313,36
28314,85
28315,119
28316,36
28317,36
28318,85
28319,2
28320,78
28321,67
28322,36
28323,46
28324,46
28325,78
28326,78
28328,78
28329,78
28330,46
28331,78
28332,67
28333,67
28334,14
28335,116
28337,14
28340,14
28341,116
28342,14
28343,14
28344,14
28345,14
28346,116
28347,14
28348,14
28349,116
28350,14
28351,14
28352,116
28353,14
28354,116
28355,14
28356,116
28357,116
28358,14
28359,14
28360,116
28361,116
28362,14
28363,116
28365,116
28366,14
28367,14
28368,116
28369,14
28370,14
28371,116
28372,116
28373,14
28374,116
28375,14
28376,14
28377,116
28378,14
28379,14
28380,14
28381,14
28382,116
28383,14
28384,14
28385,116
28386,14
28387,14
28388,116
28389,14
28390,116
28391,14
28392,14
28393,116
28394,14
28395,14
28396,116
28397,14
28398,14
28399,116
28400,116
28401,14
28402,116
28403,116
28404,14
28405,14
28406,116
28408,14
28409,14
28410,14
28411,116
28412,14
28413,14
28414,116
28415,14
28416,14
28417,116
28418,14
28419,14
28420,116
28421,14
28422,116
28423,116
28424,116
28425,116
28426,14
28427,3
28428,3
28429,3
28430,3
28431,3
28432,3
28433,3
28434,3
28435,3
28436,3
28437,3
28438,3
28439,3
28440,3
28441,40
28442,70
28444,8
28445,69
28446,71
28447,54
28448,71
28449,71
28450,50
28451,28
28452,100
28453,100
28454,86
28455,86
28456,73
28457,86
28458,73
28459,73
28460,86
28461,86
28462,86
28463,86
28464,73
28465,102
28467,94
28468,110
28469,102
28470,102
28471,62
28472,20
28473,82
28474,102
28475,38
28476,62
28477,20
28478,7
28479,15
28480,41
28482,23
28483,52
28487,79
28488,114
28489,18
28491,31
28492,41
28495,28
28496,50
28497,21
28498,21
28499,28
28500,50
28501,50
28502,112
28503,21
28504,21
28505,86
28506,21
28507,80
28508,47
28509,52
28510,80
28511,1
28512,86
28513,86
28514,21
28515,74
28516,98
28517,80
28518,41
28519,28
28520,50
28521,86
28522,86
28523,80
28524,98
28525,80
28526,98
28527,20
28528,48
28529,20
28530,98
28531,80
28532,80
28533,31
28534,47
28535,23
28536,98
28537,80
28538,80
28539,80
28540,98
28541,79
28542,112
28543,106
28544,74
28545,106
28546,80
28547,80
28548,79
28549,82
28550,80
28551,45
28552,108
28553,45
28554,80
28555,1
28556,106
28557,1
28558,79
28559,31
28560,80
28561,80
28562,80
28563,94
28564,80
28565,1
28566,80
28567,106
28568,47
28569,52
28570,62
28571,1
28572,80
28573,48
28574,1
28575,48
28576,8
28577,3
28578,40
28579,40
28580,3
28581,40
28582,40
28583,40
28584,3
28585,40
28586,22
28587,49
28588,49
28589,11
28590,11
28591,11
28592,37
28593,49
28594,37
28595,11
28596,11
28597,11
28598,19
28599,58
28600,2
28602,19
28603,46
28604,109
28605,119
28606,119
28607,19
28608,19
28609,95
28610,95
28611,21
28612,106
28613,119
28614,2
28615,80
28616,106
28617,80
28618,80
28619,47
28620,1
28621,94
28622,80
28623,80
28625,1
28626,50
28627,86
28628,74
28629,80
28630,50
28631,50
28632,86
28633,2
28634,19
28635,19
28636,2
28637,2
28638,19
28639,79
28640,86
28641,80
28642,47
28643,47
28644,1
28645,80
28646,1
28647,1
28648,1
28649,19
28650,19
28651,109
28652,2
28653,2
28654,95
28655,19
28656,109
28657,36
28658,2
28659,19
28660,2
28661,2
28662,2
28671,41
28672,41
28674,79
28675,114
28677,31
28678,28
28681,114
28684,101
28686,41
28688,27
28689,97
28690,27
28691,97
28692,76
28693,27
28694,76
28695,27
28696,76
28697,97
28698,76
28699,32
28700,27
28701,27
28702,32
28703,32
28704,27
28705,32
28706,27
28707,32
28708,97
28709,38
28710,27
28711,27
28712,27
28713,27
28714,27
28715,27
28716,27
28717,27
28718,27
28719,32
28720,27
28721,27
28722,76
28723,27
28724,27
28725,27
28726,27
28727,27
28728,27
28729,27
28730,38
28731,27
28732,27
28733,38
28734,32
28735,27
28736,27
28737,27
28738,27
28739,94
28740,34
28741,27
28742,97
28743,82
28744,38
28745,76
28746,7
28747,97
28748,7
28749,27
28750,76
28751,38
28752,76
28753,113
28754,38
28755,27
28757,113
28758,38
28760,7
28761,76
28762,7
28763,7
28764,76
28765,27
28766,76
28767,7
28768,76
28769,27
28770,113
28771,27
28772,27
28773,113
28774,7
28775,7
28776,76
28777,113
28778,94
28779,113
28780,29
28781,29
28782,29
28783,29
28784,29
28785,29
28786,55
28789,55
28790,63
28791,51
28794,63
28795,63
28799,63
28802,63
28804,63
28805,111
28806,111
28807,111
28808,60
28810,111
28811,63
28814,63
28816,63
28817,51
28818,63
28819,10
28821,63
28822,63
28825,51
28826,111
28827,29
28828,29
28829,29
28830,29
28831,29
28832,29
28834,76
28835,27
28836,7
28844,106
28845,18
28846,31
28847,94
28848,106
28849,55
28850,108
28851,41
28852,90
28853,52
28854,52
28855,106
28856,112
28857,41
28858,55
28859,52
28860,106
28861,55
28863,10
28865,90
28871,27
28872,27
28873,27
28874,27
28875,27
28877,27
28878,100
28879,100
28880,29
28881,29
28882,29
28883,29
28884,29
28885,29
28886,29
28887,29
28888,29
28889,37
28890,29
28891,29
28892,29
28893,29
28894,29
28895,29
28896,29
28897,29
28898,29
28899,29
28900,29
28901,29
28902,29
28903,29
28904,29
28905,27
28906,38
28907,27
28908,27
28909,76
28910,38
28912,54
28917,54
28918,12
28920,12
28921,54
28922,12
28923,12
28924,112
28925,114
28926,114
28927,52
28928,15
28929,114
28930,31
28931,52
28932,114
28933,114
28934,15
28935,114
28936,7
28937,76
28938,27
28939,27
28940,7
28941,27
28942,76
28943,100
28944,100
28946,34
28947,32
28948,32
28949,20
28950,102
28951,7
28952,32
28953,117
28954,38
28955,32
28957,32
28958,27
28959,32
28960,32
28961,27
28962,27
28963,27
28964,27
28965,27
28966,33
28968,33
28969,33
28970,33
28971,33
28972,33
28973,33
28974,33
28975,33
28976,33
28977,33
28978,33
28979,33
28980,33
28981,33
28982,33
28984,33
28985,33
28986,33
28987,33
28988,33
28989,33
28990,33
28991,33
28992,45
28993,45
28996,114
28997,79
28999,31
29001,55
29002,12
29003,12
29004,12
29006,12
29007,12
29010,54
29011,114
29012,31
29014,41
29015,114
29016,108
29017,41
29018,106
29019,41
29020,50
29021,106
29022,79
29023,28
29024,114
29025,112
29026,31
29027,31
29028,31
29029,95
29030,95
29031,95
29032,95
29033,95
29034,95
29035,106
29036,108
29037,79
29039,108
29040,114
29041,50
29042,28
29043,4
29044,106
29045,41
29046,114
29047,15
29048,41
29049,45
29050,106
29051,15
29052,15
29053,79
29055,15
29056,50
29057,4
29061,110
29062,15
29063,119
29064,12
29065,12
29067,105
29068,54
29069,8
29070,75
29071,8
29072,75
29073,75
29074,75
29075,12
29076,11
29077,11
29078,11
29079,11
29080,11
29081,49
29082,49
29083,37
29084,49
29085,37
29086,49
29087,37
29088,119
29089,2
29091,14
29094,116
29095,116
29096,14
29097,14
29098,14
29099,6
29100,12
29101,12
29102,49
29103,75
29104,12
29106,95
29107,95
29108,22
29109,22
29110,99
29111,22
29112,22
29113,99
29114,22
29115,99
29116,22
29117,22
29118,99
29119,22
29120,67
29121,9
29122,95
29123,19
29124,2
29125,14
29126,116
29127,14
29128,14
29129,14
29130,116
29131,14
29132,14
29133,116
29134,14
29135,116
29136,116
29137,14
29139,14
29140,14
29142,116
29145,102
29147,108
29150,110
29154,38
29156,45
29157,102
29158,113
29161,31
29164,106
29165,27
29166,89
29167,5
29168,102
29169,82
29170,82
29171,73
29172,5
29173,5
29174,84
29176,74
29177,73
29178,35
29182,32
29184,114
29187,102
29188,54
29189,54
29190,54
29191,12
29192,12
29193,71
29196,2
29199,22
29200,22
29201,99
29202,99
29206,22
29207,99
29209,22
29210,22
29211,22
29212,99
29213,99
29214,99
29215,99
29216,99
29217,99
29218,99
29219,22
29220,99
29221,22
29223,22
29224,2
29225,109
29226,67
29227,2
29228,19
29229,2
29230,46
29231,42
29233,2
29234,9
29235,42
29236,46
29237,42
29238,16
29239,46
29240,19
29241,19
29242,46
29243,19
29244,119
29245,98
29246,114
29247,117
29248,19
29249,2
29250,19
29252,109
29253,2
29254,2
29255,2
29256,36
29257,19
29258,19
29260,109
29261,19
29262,19
29263,119
29264,2
29265,109
29266,119
29267,109
29268,2
29269,12
29272,82
29273,34
29274,113
29275,34
29276,82
29277,27
29278,111
29279,111
29280,83
29282,55
29283,60
29286,79
29287,111
29288,15
29289,111
29290,111
29291,106
29292,55
29294,83
29295,110
29296,82
29297,62
29298,82
29299,82
29300,106
29308,114
29309,106
29312,12
29313,12
29314,75
29315,75
29316,75
29317,75
29318,12
29319,12
29320,23
29321,15
29322,83
29339,45
29343,79
29345,41
29348,108
29352,114
29369,39
29371,107
29384,39
29390,52
29399,51
29402,51
29405,51
29407,40
29408,40
29409,3
29410,3
29411,3
29413,3
29414,3
29415,3
29416,3
29417,40
29418,40
29419,40
29420,3
29421,40
29422,40
29423,40
29432,40
29433,3
29434,3
29439,40
29440,3
29441,3
29444,40
29445,3
29446,40
29447,3
29448,40
29449,40
29450,3
29451,3
29452,40
29453,3
29454,40
29455,40
29456,3
29457,3
29461,3
29462,3
29463,40
29464,40
29465,3
29466,3
29467,3
29468,40
29470,3
29472,3
29479,3
29480,40
29486,79
29489,40
29490,3
29491,3
29492,3
29493,3
29494,40
29495,40
29496,3
29497,40
29498,3
29499,3
29500,3
29501,3
29502,40
29503,3
29504,40
29505,3
29506,3
29507,40
29508,3
29509,40
29510,3
29511,40
29513,40
29514,3
29519,40
29521,3
29522,3
29523,3
29524,3
29525,40
29526,3
29529,40
29531,40
29532,3
29542,31
29546,15
29547,112
29548,114
29551,15
29553,108
29554,58
29556,2
29557,19
29558,58
29559,109
29560,2
29561,119
29562,119
29563,85
29564,109
29565,119
29566,109
29567,2
29568,119
29569,109
29570,119
29571,2
29572,119
29573,2
29574,119
29575,2
29576,19
29578,8
29580,31
29581,112
29582,42
29583,9
29584,15
29594,15
29598,15
29605,106
29606,31
29607,60
29608,107
29609,83
29611,10
29612,111
29616,90
29623,39
29625,111
29628,10
29629,60
29632,60
29633,60
29635,68
29636,18
29639,55
29640,68
29642,68
29648,39
29649,10
29650,39
29652,60
29653,10
29655,60
29657,111
29664,79
29665,52
29667,60
29668,55
29669,55
29670,60
29672,114
29674,41
29675,15
29676,51
29677,84
29682,84
29683,51
29684,51
29685,51
29688,21
29689,21
29690,21
29692,39
29696,60
29699,60
29700,10
29701,55
29702,39
29705,10
29706,39
29708,39
29709,39
29711,10
29721,39
29724,69
29725,8
29726,8
29727,70
29728,69
29729,8
29730,8
29732,69
29733,8
29734,8
29735,8
29736,69
29737,8
29738,8
29740,69
29741,8
29742,8
29743,70
29744,40
29745,40
29746,40
29747,40
29748,40
29749,40
29750,40
29751,40
29752,3
29753,40
29754,3
29755,3
29756,3
29757,3
29758,3
29759,40
29760,40
29761,3
29762,40
29763,40
29765,55
29766,45
29769,83
29772,39
29773,55
29774,55
29777,51
29778,51
29779,84
29780,51
29781,51
29782,84
29783,52
29784,31
29785,114
29786,108
29787,55
29788,79
29789,106
29790,31
29795,60
29796,68
29797,10
29798,55
29800,41
29808,111
29813,10
29819,111
29820,111
29821,111
29823,111
29826,83
29829,111
29831,39
29835,83
29837,111
29838,111
29840,111
29841,107
29845,84
29846,51
29848,51
29849,51
29851,51
29852,51
29862,14
29863,14
29864,116
29865,14
29866,14
29867,14
29868,14
29869,14
29870,116
29871,116
29872,116
29873,14
29874,116
29875,14
29876,14
29877,14
29878,14
29879,14
29880,14
29881,14
29882,116
29883,14
29884,14
29885,116
29886,116
29887,14
29888,116
29889,116
29890,116
29891,14
29892,116
29893,14
29894,14
29895,14
29896,14
29897,116
29904,40
29905,3
29906,3
29907,40
29908,3
29909,40
29910,40
29911,40
29912,3
29913,40
29914,40
29915,40
29916,40
29917,3
29918,3
29919,40
29920,40
29921,40
29922,40
29923,40
29924,40
29925,3
29926,40
29927,40
29928,40
29929,40
29930,40
29931,3
29932,40
29933,3
29934,3
29935,40
29936,40
29937,40
29938,40
29939,3
29940,40
29941,40
29942,40
29943,40
29944,40
29945,40
29946,3
29947,3
29948,3
29949,3
29950,40
29951,40
29955,14
29956,116
29957,116
29959,116
29960,14
29961,14
29962,14
29963,116
29964,116
29967,14
29968,116
29970,14
29975,40
29977,3
29978,59
29979,3
29981,3
29982,3
29983,3
29985,40
29988,3
29990,40
29994,40
29997,3
30000,3
30001,3
30002,3
30011,3
30012,3
30013,40
30014,3
30018,3
30020,3
30023,3
30024,3
30025,40
30029,3
30035,3
30036,3
30037,3
30038,3
30039,40
30040,3
30041,40
30042,40
30043,3
30045,40
30046,3
30047,3
30048,3
30049,40
30050,3
30051,3
30052,3
30053,40
30054,3
30055,40
30056,40
30057,3
30058,40
30059,40
30060,3
30063,40
30064,40
30065,40
30066,3
30067,40
30068,40
30069,3
30070,3
30071,40
30072,3
30073,40
30074,3
30075,3
30076,40
30077,3
30078,40
30079,40
30080,40
30081,40
30082,3
30083,3
30084,40
30085,40
30086,3
30087,3
30089,40
30090,3
30091,40
30095,40
30096,40
30097,93
30098,51
30100,63
30102,63
30106,41
30107,55
30111,111
30112,111
30117,79
30118,41
30119,106
30121,106
30122,41
30124,108
30127,114
30134,94
30136,114
30138,102
30139,23
30140,102
30141,117
30142,23
30143,82
30144,82
30145,110
30146,117
30147,95
30148,95
30149,11
30150,11
30151,11
30152,11
30154,11
30155,11
30157,11
30159,49
30160,37
30161,37
30162,40
30165,40
30166,40
30169,3
30172,40
30176,40
30178,3
30179,40
30180,70
30182,8
30183,70
30184,69
30185,12
30186,69
30187,54
30188,12
30189,12
30190,69
30191,54
30192,12
30193,75
30194,12
30195,12
30196,69
30197,75
30198,75
30199,12
30200,75
30201,12
30202,75
30203,54
30204,54
30205,69
30206,22
30207,39
30210,52
30212,114
30213,106
30215,10
30222,39
30228,60
30233,19
30234,67
30235,67
30237,2
30239,19
30240,19
30241,67
30242,30
30243,67
30244,67
30245,30
30246,30
30247,67
30248,2
30249,30
30250,30
30251,30
30252,36
30253,85
30255,36
30256,36
30257,2
30258,36
30259,109
30260,36
30261,85
30262,85
30263,6
30264,36
30265,14
30266,14
30267,116
30269,116
30270,14
30274,14
30275,116
30279,14
30280,14
30284,116
30285,14
30287,116
30289,14
30291,79
30292,79
30293,79
30294,79
30295,79
30296,79
30297,79
30298,79
30299,79
30300,79
30301,79
30302,79
30303,79
30304,79
30305,79
30306,79
30307,79
30308,79
30309,31
30310,31
30311,31
30312,31
30313,79
30314,31
30315,31
30316,79
30317,79
30318,79
30319,79
30320,106
30321,79
30322,79
30323,15
30324,79
30325,15
30327,15
30328,15
30329,41
30330,15
30331,15
30332,15
30333,15
30334,15
30335,79
30336,31
30337,31
30338,31
30339,31
30340,79
30341,79
30342,47
30344,79
30345,79
30346,79
30347,79
30348,79
30349,79
30350,79
30351,79
30352,79
30353,79
30354,79
30355,106
30356,106
30357,79
30358,79
30359,79
30410,63
30411,63
30412,63
30415,63
30442,63
30453,50
30459,107
30461,39
30462,26
30463,26
30464,26
30465,26
30466,26
30467,26
30468,26
30469,26
30472,26
30473,26
30474,26
30475,26
30476,26
30477,26
30478,26
30480,26
30483,26
30484,26
30485,26
30486,26
30487,26
30488,26
30493,26
30494,26
30495,26
30496,26
30497,26
30498,26
30499,26
30500,26
30501,26
30505,26
30508,26
30509,26
30510,26
30514,26
30515,26
30517,26
30525,26
30526,26
30527,26
30528,26
30529,26
30530,26
30533,26
30534,26
30535,26
30536,26
30537,12
30538,12
30539,22
30540,22
30541,99
30542,99
30543,22
30544,22
30545,99
30546,22
30547,22
30548,99
30549,22
30550,114
30551,114
30555,14
30556,14
30557,116
30558,116
30559,14
30560,116
30561,14
30562,14
30563,14
30564,14
30565,14
30566,14
30567,14
30568,14
30569,116
30570,14
30571,14
30572,14
30573,14
30574,14
30575,14
30576,14
30581,14
30585,80
30586,47
30587,108
30588,1
30589,1
30590,94
30591,95
30592,95
30593,95
30594,95
30595,74
30596,21
30597,48
30598,21
30599,86
30600,62
30601,80
30602,21
30603,21
30604,28
30605,50
30606,73
30607,50
30608,28
30609,21
30610,21
30611,107
30612,48
30613,74
30614,80
30615,68
30616,28
30617,50
30618,98
30619,80
30620,108
30621,80
30622,1
30624,48
30625,47
30626,80
30627,1
30630,1
30632,117
30633,80
30634,86
30635,1
30636,73
30637,86
30638,86
30639,118
30640,95
30641,95
30642,79
30644,41
30645,68
30646,112
30647,80
30648,98
30649,41
30650,80
30651,28
30661,14
30662,14
30663,14
30664,116
30665,14
30666,14
30667,116
30668,14
30669,14
30670,14
30671,14
30672,14
30673,14
30674,14
30675,14
30676,14
30677,14
30678,14
30679,116
30680,14
30681,14
30682,116
30683,14
30684,116
30690,61
30691,9
30692,61
30693,61
30694,42
30695,61
30696,54
30705,69
30706,69
30707,71
30709,69
30713,17
30714,100
30715,33
30716,33
30717,33
30718,33
30720,38
30721,23
30722,98
30723,1
30724,111
30725,5
30726,38
30727,104
30728,104
30729,104
30730,104
30731,104
30732,100
30733,100
30734,100
30735,100
30736,100
30737,83
30738,60
30739,68
30740,107
30741,39
30742,60
30743,32
30744,38
30745,27
30746,7
30747,32
30748,32
30749,32
30750,32
30751,68
30752,38
30753,10
30754,7
30755,20
30756,18
30757,18
30758,76
30759,97
30760,76
30761,97
30762,97
30763,32
30764,32
30765,76
30766,38
30767,76
30768,68
30769,76
30770,38
30771,7
30772,76
30773,38
30774,76
30775,39
30776,83
30777,18
30778,108
30779,31
30780,18
30781,112
30782,55
30783,39
30784,39
30785,60
30786,106
30787,112
30788,15
30789,18
30790,107
30791,18
30792,100
30793,31
30794,55
30795,112
30796,52
30797,111
30798,39
30799,10
30800,41
30801,55
30802,114
30803,114
30804,94
30805,60
30806,94
30807,60
30808,100
30809,100
30810,100
30811,100
30812,100
30813,100
30814,100
30815,100
30816,100
30817,100
30818,100
30819,100
30820,100
30821,100
30822,100
30823,100
30824,100
30825,100
30826,100
30827,100
30828,100
30829,100
30830,100
30831,100
30832,100
30833,76
30834,38
30835,7
30836,32
30837,32
30838,38
30839,7
30840,97
30841,7
30842,38
30843,76
30844,38
30845,76
30846,97
30847,76
30848,27
30849,38
30850,97
30851,76
30852,76
30853,76
30854,76
30855,38
30856,38
30857,7
30858,97
30859,7
30860,76
30861,76
30862,76
30863,38
30864,7
30865,38
30866,7
30867,38
30868,32
30869,27
30870,27
30871,27
30872,27
30873,7
30874,76
30875,113
30877,38
30878,27
30879,38
30880,76
30881,76
30882,27
30883,38
30884,7
30885,76
30886,76
30887,27
30888,113
30889,76
30890,97
30891,20
30892,104
30893,104
30894,104
30895,104
30896,104
30897,84
30898,104
30899,50
30900,104
30901,104
30902,104
30903,104
30904,104
30905,104
30906,94
30907,62
30908,7
30909,82
30910,102
30911,97
30912,38
30913,38
30914,20
30915,94
30916,98
30917,86
30918,104
30919,86
30920,100
30921,73
30922,5
30923,5
30924,5
30925,5
30926,5
30927,5
30928,73
30929,74
30930,34
30931,113
30932,76
30933,76
30934,97
30935,38
30936,76
30937,113
30938,7
30939,32
30940,32
30941,7
30942,38
30943,97
30944,76
30945,7
30946,82
30947,23
30948,102
30949,52
30950,117
30951,97
30952,7
30953,82
30954,32
30955,62
30956,102
30957,102
30958,76
30959,76
30960,97
30961,97
30966,87
30976,13
30980,13
30983,81
30991,118
30992,13
31005,13
31014,51
31015,55
31016,55
31017,55
31018,51
31020,108
31023,60
31024,106
31027,39
31028,114
31029,10
31032,84
31035,45
31036,45
31037,41
31038,114
31039,55
31040,10
31043,111
31046,111
31047,10
31048,10
31049,55
31050,10
31057,21
31059,66
31060,66
31061,66
31062,66
31063,66
31064,66
31065,66
31066,66
31068,66
31070,66
31071,66
31072,66
31074,65
31075,53
31078,53
31080,66
31085,66
31088,52
31090,80
31091,47
31092,98
31093,47
31094,48
31096,10
31097,10
31098,83
31099,111
31100,111
31101,111
31102,98
31103,80
31104,98
31105,80
31106,47
31107,23
31108,47
31109,94
31110,63
31111,28
31112,74
31113,74
31114,86
31115,73
31116,21
31117,110
31118,98
31119,20
31120,48
31121,80
31122,110
31123,110
31124,48
31125,48
31126,5
31127,12
31128,38
31129,5
31130,5
31132,10
31133,39
31141,10
31142,55
31143,23
31144,48
31147,47
31148,110
31149,98
31150,80
31151,1
31152,117
31153,80
31154,47
31155,80
31156,1
31157,23
31158,117
31159,80
31160,47
31161,107
31162,63
31164,50
31166,21
31167,5
31168,5
31172,48
31173,110
31174,98
31175,48
31176,110
31177,98
31178,62
31180,100
31181,114
31182,56
31183,56
31184,56
31185,56
31186,56
31187,56
31188,49
31189,49
31190,56
31191,56
31192,56
31193,56
31194,49
31195,49
31196,49
31200,56
31201,56
31202,56
31204,56
31206,56
31207,19
31208,109
31209,2
31210,19
31211,19
31212,2
31213,119
31214,2
31215,19
31216,19
31217,58
31218,2
31219,19
31221,86
31222,28
31225,29
31228,86
31229,86
31231,21
31233,45
31234,114
31235,114
31236,29
31237,45
31238,45
31239,31
31241,29
31242,79
31243,114
31244,29
31245,79
31246,15
31247,106
31248,31
31249,106
31250,31
31251,79
31252,29
31253,31
31254,41
31255,15
31257,108
31258,41
31259,79
31260,79
31261,108
31262,41
31263,41
31264,31
31265,108
31266,79
31267,31
31269,108
31270,41
31271,31
31272,79
31273,108
31274,41
31275,15
31277,79
31278,41
31279,15
31280,31
31281,106
31282,108
31283,15
31284,29
31285,15
31286,79
31287,21
31288,15
31289,55
31290,102
31291,23
31292,62
31293,23
31294,31
31295,110
31297,62
31298,15
31299,79
31300,15
31301,107
31302,52
31303,52
31304,39
31305,7
31306,113
31307,27
31308,97
31309,113
31310,32
31311,38
31312,76
31313,38
31314,7
31315,76
31316,32
31317,113
31318,27
31319,27
31320,27
31321,27
31322,38
31323,27
31324,113
31325,27
31326,7
31327,85
31328,36
31329,109
31330,36
31331,36
31332,109
31334,63
31335,63
31337,63
31338,63
31339,63
31340,63
31350,63
31352,63
31356,45
31358,90
31361,79
31363,114
31365,79
31368,79
31369,41
31371,41
31382,79
31385,106
31386,106
31407,29
31408,101
31410,101
31411,96
31413,101
31415,96
31418,41
31420,96
31422,74
31423,32
31425,84
31429,84
31430,84
31434,84
31435,51
31439,84
31440,84
31442,106
31443,98
31444,1
31445,94
31446,108
31447,21
31448,73
31449,86
31450,101
31451,98
31452,18
31453,80
31454,5
31455,80
31456,80
31457,21
31458,21
31459,21
31460,47
31461,74
31462,47
31463,80
31464,22
31465,1
31466,47
31467,47
31468,50
31473,51
31474,84
31476,51
31488,51
31541,106
31543,41
31545,52
31547,45
31549,79
31550,79
31551,85
31552,36
31553,85
31554,6
31555,6
31558,51
31559,51
31562,51
31564,51
31570,51
31571,51
31574,106
31576,106
31577,106
31578,106
31579,41
31580,41
31581,114
31582,114
31583,79
31585,106
31586,112
31587,15
31588,31
31589,15
31590,106
31591,79
31592,41
31593,106
31595,15
31596,15
31597,15
31598,31
31599,114
31601,106
31602,52
31603,108
31604,1
31605,86
31606,12
31607,75
31608,12
31609,75
31611,107
31612,83
31619,90
31620,60
31623,111
31624,39
31627,111
31634,107
31635,60
31636,60
31639,18
31640,107
31641,55
31642,68
31643,107
31644,68
31645,52
31648,60
31649,10
31653,55
31654,68
31655,68
31656,79
31657,60
31658,55
31660,60
31661,111
31662,114
31668,84
31672,63
31673,63
31677,55
31680,106
31683,2
31684,19
31685,19
31686,16
31687,19
31688,19
31689,16
31690,109
31691,6
31692,85
31693,85
31694,113
31695,7
31696,7
31697,27
31698,27
31699,27
31700,43
31702,43
31703,43
31704,43
31705,43
31706,43
31707,43
31708,43
31709,43
31710,43
31711,43
31712,43
31713,43
31714,43
31715,43
31716,43
31717,43
31718,43
31719,43
31720,43
31721,43
31722,43
31723,43
31724,24
31725,24
31726,24
31727,24
31728,24
31729,118
31732,118
31733,68
31742,68
31743,118
31774,7
31781,111
31782,82
31783,20
31784,102
31785,38
31787,23
31788,110
31789,23
31790,110
31791,82
31792,102
31794,82
31797,15
31800,15
31813,40
31814,40
31815,40
31816,40
31817,40
31818,3
31819,3
31820,3
31821,3
31822,3
31823,3
31824,40
31825,40
31826,3
31827,40
31828,3
31829,3
31830,40
31831,40
31832,3
31833,3
31834,3
31835,3
31836,40
31837,3
31838,3
31839,3
31840,40
31841,3
31842,40
31843,3
31844,40
31845,40
31846,40
31847,59
31848,3
31849,3
31850,40
31851,40
31852,40
31853,40
31854,3
31855,3
31856,40
31857,3
31858,40
31859,40
31860,3
31861,40
31862,40
31863,40
31864,3
31865,75
31866,24
31867,3
31868,71
31869,33
31870,66
31871,66
31873,66
31874,33
31875,66
31876,65
31877,65
31878,66
31879,66
31880,66
31881,66
31882,66
31883,53
31884,66
31885,65
31886,33
31887,66
31888,66
31889,66
31890,66
31891,66
31892,66
31893,66
31894,66
31895,66
31896,66
31897,29
31898,29
31899,29
31900,96
31901,29
31902,29
31903,29
31904,29
31905,29
31906,29
31908,96
31909,29
31910,29
31911,73
31912,17
31913,69
31914,72
31915,72
31916,72
31917,49
31918,72
31919,17
31920,17
31921,17
31922,54
31923,70
31924,54
31925,72
31926,75
31927,8
31929,17
31930,17
31931,8
31932,71
31933,17
31934,71
31935,27
31936,38
31937,27
31938,38
31941,16
31942,16
31943,67
31944,19
31945,2
31946,119
31947,119
31948,109
31949,19
31950,119
31951,2
31952,2
31953,19
31954,19
31955,2
31956,2
31957,19
31958,119
31959,119
31960,58
31966,19
31967,119
31968,19
31969,119
31970,2
31971,109
31972,109
31973,119
31974,2
31975,19
31976,19
31977,119
31978,119
31979,119
31980,30
31983,54
31984,12
31985,6
31986,22
31987,22
31988,22
31989,22
31990,22
31991,22
31992,22
31993,22
31994,22
31995,22
31996,99
31997,22
31998,22
31999,99
32000,22
32001,22
32002,22
32003,22
32004,22
32005,22
32006,99
32007,22
32008,22
32009,22
32010,22
32011,22
32012,22
32023,22
32024,22
32025,99
32026,22
32027,99
32028,22
32029,22
32031,22
32032,22
32034,22
32035,22
32036,22
32037,99
32038,22
32039,22
32040,22
32041,99
32042,22
32043,22
32044,22
32045,22
32046,101
32066,96
32070,21
32071,0
32072,21
32073,0
32074,0
32075,96
32077,29
32106,0
32112,96
32113,96
32118,96
32121,96
32138,96
32143,29
32144,96
32145,29
32156,22
32157,22
32158,22
32159,99
32160,75
32161,99
32162,22
32163,99
32164,22
32165,99
32166,99
32167,22
32168,22
32169,22
32170,99
32171,22
32172,22
32173,99
32174,19
32175,46
32176,30
32177,30
32178,19
32179,119
32180,19
32181,2
32182,6
32183,67
32184,67
32185,67
32186,19
32187,67
32188,109
32189,19
32190,19
32191,19
32192,67
32193,119
32194,19
32195,109
32196,38
32197,76
32198,76
32199,76
32200,7
32201,38
32202,7
32203,38
32204,10
32206,113
32207,76
32208,76
32209,76
32210,97
32211,7
32212,27
32214,97
32215,76
32216,97
32217,76
32218,76
32219,66
32220,32
32221,27
32222,113
32223,7
32224,38
32225,7
32226,76
32227,7
32228,76
32229,113
32230,76
32231,113
32232,38
32233,7
32234,76
32235,76
32236,76
32238,76
32239,27
32240,38
32242,76
32243,27
32244,27
32245,76
32246,104
32247,104
32249,104
32250,73
32251,5
32252,5
32253,27
32254,27
32255,38
32256,7
32257,76
32260,76
32262,113
32263,76
32264,26
32265,99
32266,50
32267,27
32268,27
32269,27
32270,38
32271,27
32272,27
32273,27
32274,27
32275,76
32276,76
32277,2
32278,2
32279,27
32281,3
32282,40
32283,3
32286,3
32287,40
32288,3
32289,40
32291,40
32292,3
32293,40
32294,3
32295,3
32296,40
32297,3
32298,40
32299,3
32301,40
32303,40
32304,3
32305,40
32306,3
32307,40
32308,3
32309,40
32310,40
32311,40
32312,3
32313,69
32314,3
32315,3
32316,3
32317,3
32318,3
32319,40
32320,40
32321,40
32322,40
32323,40
32324,40
32325,40
32326,40
32327,3
32328,3
32329,40
32330,40
32331,40
32332,3
32333,40
32334,3
32335,40
32336,3
32337,40
32338,40
32339,40
32340,40
32341,40
32342,3
32343,3
32345,40
32346,40
32347,40
32348,40
32349,3
32350,40
32351,3
32352,3
32353,40
32354,3
32355,3
32356,3
32357,40
32358,3
32359,40
32360,40
32361,40
32362,40
32363,40
32364,40
32365,3
32366,40
32367,40
32368,40
32369,40
32370,40
32371,3
32372,3
32373,3
32374,3
32375,40
32376,40
32377,3
32378,89
32379,89
32380,90
32381,102
32382,7
32383,62
32384,31
32385,45
32386,34
32387,62
32388,18
32389,114
32390,60
32391,107
32392,60
32393,10
32394,39
32395,39
32396,10
32397,34
32398,34
32399,34
32400,34
32401,97
32402,34
32403,82
32404,51
32405,51
32406,51
32407,84
32408,30
32410,35
32411,45
32412,15
32413,15
32414,79
32415,79
32416,41
32417,47
32419,21
32420,21
32421,112
32422,31
32423,95
32424,15
32425,55
32426,21
32427,86
32428,31
32429,21
32430,95
32431,21
32432,15
32433,55
32434,41
32435,114
32436,15
32437,28
32438,114
32439,15
32440,15
32441,41
32444,21
32445,21
32446,21
32447,86
32448,86
32449,74
32450,97
32451,34
32452,21
32454,79
32455,79
32456,28
32457,21
32458,82
32459,112
32460,41
32461,41
32462,55
32463,41
32464,15
32466,79
32467,79
32468,15
32470,82
32471,22
32472,99
32473,22
32475,45
32477,79
32479,51
32480,45
32482,31
32485,21
32487,21
32490,114
32492,106
32494,109
32495,119
32496,109
32497,119
32498,119
32499,106
32501,41
32502,55
32503,55
32504,52
32505,15
32506,78
32507,67
32508,78
32509,36
32510,6
32511,36
32512,36
32513,78
32514,67
32515,78
32516,67
32517,78
32518,36
32519,85
32520,67
32521,81
32522,81
32523,81
32524,81
32525,81
32526,81
32527,81
32528,81
32529,81
32530,81
32531,81
32532,87
32533,81
32534,81
32535,81
32536,81
32537,81
32538,81
32539,81
32540,81
32541,81
32542,81
32543,81
32544,13
32545,13
32546,13
32547,81
32548,13
32549,81
32550,81
32551,81
32552,36
32553,85
32554,36
32555,19
32556,109
32557,58
32558,109
32559,51
32560,35
32561,35
32562,35
32563,35
32564,100
32565,82
32566,94
32567,35
32568,62
32569,102
32570,102
32571,18
32572,97
32573,89
32574,97
32575,32
32576,7
32577,97
32578,62
32579,82
32580,38
32581,7
32582,76
32583,102
32584,97
32585,28
32586,50
32587,86
32588,86
32589,21
32590,21
32591,5
32592,32
32593,23
32594,82
32595,102
32596,102
32597,62
32598,7
32599,62
32600,117
32601,117
32602,37
32603,37
32604,37
32605,37
32606,37
32607,37
32608,49
32609,37
32610,11
32611,11
32612,11
32613,11
32614,11
32615,11
32616,11
32618,68
32619,80
32620,28
32621,73
32622,62
32623,41
32624,1
32625,98
32626,1
32627,52
32628,80
32629,98
32630,106
32631,94
32632,50
32633,86
32634,50
32635,28
32637,86
32638,1
32639,98
32640,106
32641,98
32643,102
32644,28
32645,50
32646,23
32647,1
32648,86
32649,86
32651,79
32652,1
32653,52
32654,98
32655,86
32656,1
32657,80
32685,17
32717,29
32718,96
32719,96
32720,29
32721,96
32722,72
32723,17
32724,17
32727,2
32728,109
32729,109
32730,58
32736,2
32737,19
32738,119
32740,119
32741,6
32742,119
32743,119
32744,2
32746,2
32751,119
32757,119
32759,52
32762,10
32763,39
32766,10
32767,39
32768,106
32769,114
32770,112
32771,79
32774,15
32780,15
32801,16
32802,67
32803,9
32804,9
32805,16
32806,42
32807,9
32808,9
32809,9
32810,9
32811,9
32812,42
32813,9
32814,9
32815,78
32816,9
32817,42
32818,16
32824,9
32826,9
32828,44
32830,9
32831,9
32832,67
32833,16
32834,9
32835,61
32836,9
32837,61
32839,42
32840,9
32841,61
32843,61
32844,61
32845,42
32846,61
32847,61
32848,9
32849,42
32850,61
32851,9
32852,16
32853,9
32854,42
32855,61
32856,9
32857,42
32858,61
32859,42
32860,75
32861,12
32862,12
32863,12
32864,75
32865,75
32866,12
32867,12
32868,12
32869,12
32870,12
32878,102
32886,102
32901,100
32903,5
32912,45
32913,45
32914,45
32918,114
32919,114
32922,79
32923,108
32924,41
32925,15
32926,52
32930,107
32937,2
32938,19
32939,2
32940,16
32941,2
32942,109
32943,2
32944,36
32945,2
32946,2
32947,109
32948,19
32949,19
32950,2
32951,119
32952,2
32953,2
32954,15
32958,90
32959,52
32962,15
32963,114
32964,90
32967,106
32969,114
32970,15
32971,114
32972,114
32973,114
32979,31
32981,31
33016,76
33017,113
33018,113
33019,76
33020,27
33021,27
33022,97
33023,7
33024,76
33025,27
33026,7
33027,38
33028,38
33029,32
33030,97
33031,27
33032,113
33033,27
33035,76
33036,76
33037,97
33038,7
33039,27
33040,76
33041,38
33042,76
33043,38
33044,76
33045,76
33046,27
33047,27
33048,38
33049,38
33050,76
33051,110
33052,82
33053,10
33054,111
33055,55
33056,60
33057,15
33058,41
33059,83
33060,111
33061,83
33062,111
33063,111
33064,111
33065,111
33066,83
33067,111
33068,21
33069,114
33070,94
33071,55
33072,114
33073,108
33074,10
33075,45
33076,79
33077,79
33078,114
33079,108
33080,79
33081,41
33082,114
33083,83
33084,45
33085,114
33086,9
33087,61
33088,9
33090,9
33091,61
33092,61
33093,42
33094,61
33095,9
33096,42
33097,9
33098,61
33099,61
33100,9
33101,42
33102,9
33103,42
33104,61
33105,9
33106,9
33107,9
33108,61
33109,16
33110,42
33111,9
33112,2
33113,42
33114,42
33115,58
33116,16
33117,61
33118,61
33119,42
33120,42
33121,9
33123,42
33124,42
33125,16
33126,61
33128,42
33129,42
33130,61
33131,42
33132,61
33133,42
33134,61
33135,61
33136,61
33137,42
33138,34
33139,110
33140,23
33141,23
33142,1
33143,80
33144,21
33145,73
33146,73
33147,35
33148,28
33149,100
33151,48
33152,23
33153,110
33154,114
33155,106
33156,79
33160,82
33161,32
33162,7
33163,117
33165,82
33166,82
33167,82
33168,110
33169,117
33170,82
33171,102
33172,20
33173,32
33174,113
33175,38
33178,82
33179,82
33181,82
33182,82
33183,82
33184,34
33185,110
33186,20
33188,20
33190,97
33191,7
33192,102
33193,34
33194,34
33195,7
33196,38
33197,32
33198,7
33199,7
33200,110
33201,32
33203,76
33204,97
33205,97
33206,82
33207,76
33208,27
33209,27
33210,38
33212,62
33213,20
33214,97
33215,110
33218,38
33219,18
33221,102
33222,76
33224,62
33225,89
33226,89
33227,32
33228,54
33229,54
33230,105
33232,60
33233,39
33234,60
33235,10
33236,55
33237,10
33238,92
33239,60
33240,60
33241,47
33242,55
33243,47
33244,60
33245,60
33246,39
33247,55
33248,39
33249,10
33250,47
33251,85
33252,110
33253,117
33254,98
33255,23
33256,82
33257,117
33259,73
33260,111
33262,110
33263,47
33264,74
33266,23
33267,73
33268,74
33270,5
33271,5
33272,74
33273,100
33274,28
33277,63
33278,63
33279,63
33280,63
33283,51
33284,45
33285,45
33287,31
33288,15
33289,55
33290,68
33292,15
33293,55
33295,111
33296,10
33297,10
33298,111
33300,50
33302,98
33303,98
33304,80
33305,117
33306,63
33307,63
33308,28
33309,28
33310,45
33311,45
33312,94
33313,79
33314,41
33315,41
33316,111
33322,111
33326,39
33328,60
33329,39
33330,60
33331,39
33335,36
33336,36
33337,36
33338,36
33339,36
33340,36
33341,36
33342,36
33343,85
33344,36
33349,36
33350,36
33351,36
33352,6
33353,36
33354,36
33355,36
33356,36
33358,85
33360,36
33361,36
33362,17
33363,72
33364,72
33365,72
33366,37
33367,17
33368,54
33369,88
33370,37
33371,72
33372,72
33373,17
33374,72
33375,37
33376,37
33377,17
33378,17
33379,72
33380,72
33382,72
33383,72
33384,37
33385,72
33386,88
33387,17
33388,72
33390,72
33391,72
33392,37
33393,105
33394,115
33395,17
33396,72
33397,72
33398,72
33399,54
33400,17
33401,17
33402,17
33403,17
33404,105
33405,72
33406,115
33407,17
33408,72
33409,72
33410,88
33412,54
33413,105
33414,115
33415,88
33416,72
33417,72
33419,8
33421,72
33422,105
33423,105
33424,88
33425,105
33426,69
33427,70
33428,54
33429,8
33430,75
33431,8
33432,8
33433,115
33434,70
33435,37
33436,8
33437,70
33438,70
33439,17
33440,17
33441,105
33442,8
33443,54
33444,71
33445,49
33446,72
33447,37
33448,72
33449,17
33450,17
33451,72
33453,69
33454,71
33455,105
33456,8
33457,88
33458,11
33459,11
33460,11
33461,11
33462,11
33463,11
33464,11
33465,11
33466,11
33467,11
33468,11
33469,11
33470,11
33471,11
33472,11
33473,11
33474,11
33475,11
33476,11
33477,11
33478,11
33479,11
33480,11
33481,11
33482,11
33483,11
33484,11
33485,11
33486,38
33487,98
33488,111
33489,10
33490,10
33491,10
33492,111
33493,111
33494,74
33495,73
33497,74
33498,73
33501,86
33503,5
33504,5
33505,5
33506,74
33507,74
33508,73
33509,5
33510,61
33511,9
33512,42
33513,42
33514,42
33515,61
33516,61
33517,42
33518,42
33519,42
33520,42
33521,61
33522,85
33523,42
33524,9
33525,61
33526,9
33527,61
33528,61
33529,61
33530,61
33531,42
33532,42
33533,42
33534,61
33535,42
33536,42
33537,78
33538,51
33539,97
33540,7
33541,97
33542,32
33543,83
33544,34
33546,55
33547,55
33548,10
33549,111
33551,60
33552,60
33553,55
33554,10
33555,34
33556,34
33557,110
33558,110
33559,82
33560,82
33561,23
33562,34
33563,34
33564,34
33565,82
33566,34
33570,106
33571,45
33572,31
33574,79
33576,41
33578,31
33580,114
33582,79
33583,45
33585,114
33586,52
33587,52
33589,108
33590,41
33593,79
33601,45
33602,49
33603,37
33604,37
33605,72
33606,72
33608,37
33609,49
33611,72
33612,8
33616,72
33617,72
33618,37
33619,17
33620,72
33621,72
33622,49
33623,72
33624,37
33625,17
33626,17
33627,72
33628,72
33629,72
33630,71
33631,54
33632,70
33633,105
33634,115
33635,88
33637,3
33638,67
33639,67
33641,67
33642,30
33643,30
33644,67
33645,30
33646,46
33647,46
33648,46
33649,46
33650,46
33652,67
33653,30
33654,30
33655,46
33656,46
33657,46
33659,46
33660,67
33661,67
33662,67
33663,67
33685,36
33686,36
33687,6
33688,16
33689,19
33690,19
33691,36
33692,85
33693,36
33694,85
33695,36
33696,67
33697,67
33698,36
33699,36
33700,36
33701,36
33702,36
33703,36
33704,36
33705,36
33706,36
33707,2
33708,85
33709,85
33710,36
33711,30
33712,78
33713,16
33714,36
33715,35
33716,54
33717,35
33718,35
33719,35
33720,100
33721,100
33723,72
33724,11
33725,11
33726,11
33727,11
33728,11
33729,11
33730,72
33731,11
33732,11
33733,11
33734,70
33735,72
33736,35
33737,54
33738,11
33739,11
33740,113
33741,102
33742,62
33743,62
33744,62
33745,62
33746,113
33747,27
33748,62
33749,82
33750,98
33751,27
33752,32
33753,62
33754,102
33755,62
33756,62
33757,82
33758,102
33759,117
33760,34
33761,23
33762,102
33763,6
33764,109
33765,19
33766,109
33767,6
33768,6
33769,2
33770,6
33771,75
33772,70
33773,54
33774,95
33775,48
33776,22
33777,22
33778,22
33780,22
33781,22
33787,83
33815,51
33817,51
33820,19
33821,119
33822,119
33823,19
33824,16
33825,119
33826,2
33827,19
33828,2
33829,2
33830,19
33831,19
33832,46
33833,2
33834,19
33835,19
33836,2
33837,119
33838,119
33839,119
33840,2
33841,19
33843,2
33844,2
33845,19
33846,2
33847,19
33848,2
33849,109
33850,119
33851,16
33852,109
33853,119
33854,19
33855,2
33856,19
33857,119
33858,9
33859,9
33860,16
33861,9
33862,46
33863,67
33864,46
33865,46
33866,58
33867,40
33868,40
33869,3
33870,40
33871,40
33872,3
33873,40
33874,3
33875,3
33876,40
33877,40
33878,3
33879,40
33881,3
33882,40
33883,40
33884,40
33885,40
33886,3
33887,40
33888,3
33889,40
33890,40
33891,40
33892,3
33893,40
33894,3
33895,40
33896,3
33897,40
33898,3
33899,3
33900,40
33901,3
33902,3
33903,3
33904,3
33905,3
33906,3
33907,3
33908,40
33909,3
33910,3
33911,3
33912,40
33913,3
33914,40
33915,40
33916,3
33917,3
33918,3
33919,3
33920,3
33921,3
33922,40
33923,3
33924,3
33925,40
33926,3
33927,3
33928,3
33929,3
33930,3
33931,3
33932,3
33933,40
33934,55
33935,10
33936,55
33937,15
33938,79
33939,15
33940,94
33941,10
33942,15
33943,1
33944,55
33945,79
33946,23
33947,114
33948,114
33949,45
33950,111
33951,15
33952,94
33953,114
33954,114
33955,79
33956,15
33957,100
33958,35
33959,84
33960,100
33961,100
33962,38
33963,7
33964,62
33965,82
33966,97
33967,68
33968,76
33969,89
33970,89
33971,38
33972,34
33973,38
33974,82
33975,76
33976,89
33977,97
33978,4
33979,4
33980,4
33981,4
33982,4
33983,4
33984,4
33985,4
33986,76
33987,53
33988,53
33989,68
33990,68
33991,68
33992,53
33993,68
33994,34
33995,62
33996,34
33997,89
33998,100
33999,34
34000,68
34001,83
34002,18
34003,110
34004,110
34005,20
34006,20
34007,48
34008,48
34009,80
34010,80
34011,110
34012,110
34013,110
34014,110
34015,48
34016,98
34017,98
34018,80
34019,80
34020,94
34021,94
34022,23
34023,23
34024,47
34025,47
34026,47
34027,47
34028,111
34029,111
34030,111
34031,111
34032,10
34033,10
34034,111
34035,111
34036,10
34037,10
34038,83
34039,83
34040,83
34041,83
34042,48
34043,48
34044,80
34045,80
34046,47
34048,47
34049,47
34050,98
34051,98
34052,74
34053,74
34054,73
34055,73
34056,86
34057,86
34058,74
34059,21
34060,21
34061,5
34062,5
34063,5
34064,38
34065,12
34066,5
34067,27
34068,2
34069,36
34070,36
34071,42
34072,42
34073,42
34074,61
34075,16
34076,16
34077,36
34078,36
34079,85
34080,85
34081,85
34082,36
34083,78
34084,6
34085,109
34087,19
34088,19
34089,36
34090,2
34091,48
34092,43
34094,117
34095,5
34096,98
34097,23
34098,10
34099,47
34100,1
34101,106
34102,48
34103,117
34104,111
34105,73
34106,110
34107,48
34108,48
34109,73
34110,102
34111,82
34112,5
34113,5
34114,5
34115,38
34116,63
34117,73
34118,21
34119,78
34120,78
34121,54
34122,115
34123,11
34125,11
34126,11
34128,11
34129,11
34131,11
34133,37
34134,49
34136,49
34138,37
34140,49
34146,79
34147,21
34148,73
34149,73
34152,82
34155,48
34156,48
34157,48
34158,47
34159,47
34161,62
34162,110
34163,110
34164,98
34165,110
34166,48
34167,5
34168,80
34170,1
34171,1
34172,117
34173,117
34174,80
34175,80
34176,47
34177,47
34178,80
34179,80
34180,1
34181,1
34182,23
34183,23
34184,117
34185,80
34186,23
34187,48
34188,110
34189,110
34190,98
34191,98
34192,31
34193,41
34195,45
34197,106
34198,114
34199,51
34201,50
34202,28
34203,28
34204,28
34205,50
34206,106
34207,108
34208,114
34209,15
34210,52
34211,90
34212,106
34213,60
34214,52
34215,112
34216,112
34217,41
34218,79
34219,106
34220,31
34221,106
34222,79
34223,106
34224,108
34225,106
34226,15
34227,106
34228,52
34229,106
34230,106
34231,106
34232,106
34233,112
34234,41
34235,106
34237,31
34238,106
34239,79
34241,15
34242,79
34243,41
34244,112
34245,41
34246,31
34247,114
34248,106
34249,21
34250,21
34251,21
34252,21
34253,28
34255,50
34256,4
34257,4
34258,4
34259,4
34260,98
34261,98
34262,66
34263,66
34264,66
34265,66
34266,66
34267,66
34268,66
34269,66
34270,66
34271,66
34272,66
34273,66
34274,76
34275,66
34276,66
34277,66
34278,66
34279,66
34280,66
34281,66
34282,66
34283,66
34284,66
34287,66
34288,66
34291,66
34292,66
34293,66
34294,66
34295,66
34296,66
34297,66
34298,66
34299,66
34300,66
34301,66
34302,65
34303,66
34304,66
34305,66
34307,66
34308,66
34309,66
34310,66
34311,66
34313,66
34314,112
34315,112
34316,112
34317,31
34319,31
34320,31
34321,31
34322,31
34323,31
34324,31
34325,31
34326,31
34328,31
34330,106
34331,106
34332,106
34333,106
34335,106
34336,106
34337,114
34338,106
34339,106
34340,106
34341,106
34342,106
34343,114
34344,52
34345,52
34347,52
34348,52
34349,45
34350,52
34351,106
34353,114
34354,114
34355,114
34356,114
34357,79
34358,114
34359,114
34360,114
34361,114
34362,114
34363,114
34364,114
34365,114
34366,15
34368,15
34369,15
34370,15
34371,15
34372,15
34373,112
34374,112
34375,112
34376,112
34377,112
34378,94
34379,112
34380,112
34381,112
34382,31
34385,31
34386,31
34387,31
34388,31
34390,31
34391,31
34392,31
34393,31
34394,31
34395,31
34397,15
34398,15
34399,15
34400,62
34401,15
34402,15
34403,15
34404,15
34405,62
34406,15
34408,15
34409,15
34410,15
34411,15
34412,15
34413,15
34415,114
34417,114
34419,114
34420,114
34422,112
34423,112
34424,112
34425,112
34426,117
34427,82
34428,82
34429,82
34430,82
34432,82
34433,82
34434,82
34435,110
34436,110
34438,110
34439,110
34440,110
34441,117
34442,117
34443,117
34444,110
34445,34
34446,110
34447,110
34448,61
34449,61
34450,61
34451,42
34452,61
34453,61
34454,61
34455,42
34456,78
34457,61
34458,42
34460,75
34461,12
34462,49
34463,12
34464,12
34465,12
34466,88
34467,54
34468,75
34469,12
34470,12
34471,46
34473,89
34476,7
34479,82
34480,18
34482,48
34484,62
34492,5
34493,74
34494,5
34495,5
34496,107
34498,52
34503,50
34504,84
34507,85
34508,2
34509,46
34510,46
34511,67
34512,46
34513,67
34514,67
34515,67
34516,9
34517,9
34518,58
34519,46
34520,42
34521,67
34522,78
34523,36
34524,85
34525,67
34526,67
34527,78
34528,67
34529,36
34531,36
34532,36
34533,36
34534,85
34535,85
34536,85
34537,36
34538,85
34539,36
34540,85
34541,109
34542,6
34543,85
34545,11
34546,11
34547,11
34548,11
34549,11
34550,71
34551,54
34552,69
34553,8
34554,70
34555,70
34556,54
34557,69
34558,54
34559,69
34560,67
34561,69
34562,71
34563,36
34564,89
34565,89
34566,89
34567,89
34568,82
34569,62
34570,89
34571,97
34572,89
34573,110
34574,62
34575,32
34576,97
34577,32
34578,7
34579,102
34580,62
34581,20
34583,82
34584,82
34585,89
34586,91
34587,102
34588,76
34589,102
34590,82
34591,89
34592,62
34593,102
34594,98
34595,89
34596,82
34597,32
34598,62
34599,89
34600,89
34601,0
34602,0
34603,0
34604,0
34605,0
34607,96
34608,96
34609,96
34611,96
34612,96
34613,29
34614,29
34615,96
34616,29
34617,29
34618,96
34619,3
34622,3
34624,3
34625,40
34626,3
34628,119
34629,2
34630,19
34631,19
34632,19
34633,2
34634,2
34635,2
34636,2
34637,19
34638,19
34639,19
34640,109
34641,19
34642,2
34643,119
34644,119
34646,19
34647,19
34648,119
34649,119
34650,2
34651,2
34652,2
34653,2
34654,119
34655,19
34682,47
34683,98
34689,47
34693,74
34710,23
34721,28
34727,2
34728,72
34729,70
34730,72
34731,71
34732,19
34733,109
34734,19
34735,2
34736,19
34737,109
34742,36
34743,85
34744,19
34745,2
34746,19
34747,19
34748,2
34749,19
34750,2
34751,6
34752,2
34753,2
34754,6
34755,46
34756,109
34757,16
34759,115
34760,71
34761,70
34762,71
34763,71
34764,69
34765,71
34766,69
34767,71
34768,69
34769,69
34770,71
34771,54
34772,71
34773,12
34774,69
34775,8
34776,8
34777,69
34778,54
34779,69
34780,115
34781,8
34782,8
34785,46
34788,2
34790,2
34793,95
34794,95
34795,36
34796,67
34797,95
34798,11
34799,11
34800,11
34801,11
34803,11
34806,11
34808,11
34811,11
34812,19
34813,67
34814,16
34815,109
34817,2
34818,19
34819,19
34820,46
34821,19
34822,19
34823,19
34824,46
34825,2
34826,2
34827,36
34828,6
34829,19
34830,19
34831,119
34832,19
34833,30
34834,19
34835,109
34836,119
34837,2
34838,109
34839,30
34840,109
34841,19
34842,19
34843,30
34844,30
34846,109
34847,19
34848,119
34849,109
34850,19
34851,36
34852,119
34853,2
34854,2
34855,119
34856,2
34857,36
34858,2
34859,19
34860,36
34861,119
34862,6
34863,119
34864,71
34865,54
34867,54
34870,69
34871,71
34872,70
34873,71
34874,70
34877,75
34878,75
34880,70
34881,70
34882,69
34883,70
34885,71
34886,69
34887,69
34888,70
34889,70
34890,70
34891,71
34892,8
34898,8
34899,8
34900,66
34901,66
34902,66
34903,66
34904,66
34905,66
34906,66
34907,66
34908,66
34909,66
34910,66
34912,66
34913,66
34914,66
34915,66
34916,66
34917,66
34918,66
34920,66
34921,66
34922,66
34923,66
34924,66
34926,66
34927,66
34928,66
34929,66
34930,66
34931,66
34932,66
34933,66
34934,66
34935,66
34936,66
34937,66
34938,66
34939,66
34941,66
34942,66
34943,66
34944,66
34945,66
34946,66
34947,66
34948,66
34949,65
34950,65
34951,65
34952,65
34953,65
34954,65
34955,65
34956,65
34957,65
34958,65
34959,65
34960,65
34961,65
34962,65
34963,65
34965,65
34966,38
34967,66
34968,66
34969,66
34970,66
34971,66
34972,66
34973,7
34974,66
34975,66
34976,66
34977,66
34978,66
34979,66
34980,66
34981,65
34982,65
34983,65
34984,65
34985,65
34986,65
34987,65
34988,65
34989,65
34990,65
34991,65
34992,65
34993,65
34994,65
34995,65
34996,65
34997,65
34998,65
34999,66
35000,66
35001,66
35002,66
35003,66
35004,66
35005,66
35006,66
35007,66
35008,66
35009,66
35010,66
35011,66
35012,66
35013,66
35014,66
35015,66
35016,66
35017,66
35018,66
35019,66
35020,66
35021,66
35022,66
35023,66
35024,66
35025,66
35026,66
35027,66
35028,66
35029,66
35030,66
35031,66
35032,66
35033,100
35034,100
35035,100
35036,100
35037,100
35038,76
35039,7
35040,27
35041,97
35042,66
35043,76
35044,97
35045,76
35046,76
35047,97
35048,76
35049,104
35050,97
35051,38
35052,27
35053,36
35055,36
35056,85
35058,85
35059,11
35060,11
35061,11
35062,11
35064,11
35065,11
35066,11
35068,11
35069,11
35073,11
35074,11
35075,11
35077,11
35078,11
35079,25
35080,25
35084,25
35085,25
35086,25
35087,25
35088,25
35089,53
35090,53
35092,53
35093,53
35095,53
35096,113
35097,53
35098,66
35099,66
35100,66
35102,66
35103,117
35104,49
35105,49
35106,49
35107,49
35108,37
35109,49
35111,37
35114,49
35115,49
35116,59
35118,59
35120,59
35123,24
35124,24
35125,24
35127,59
35128,44
35129,53
35130,44
35131,44
35133,44
35134,44
35135,44
35136,44
35138,44
35142,54
35143,54
35144,54
35145,69
35146,72
35147,71
35148,71
35149,54
35152,46
35161,46
35162,46
35165,46
35166,78
35172,12
35173,69
35174,12
35176,54
35177,12
35179,12
35180,12
35181,75
35182,12
35183,12
35184,75
35185,12
35186,12
35187,75
35188,12
35189,12
35191,75
35192,12
35193,12
35194,75
35195,12
35196,12
35197,12
35198,75
35199,12
35200,12
35201,75
35202,12
35203,12
35204,12
35205,75
35206,12
35207,12
35208,75
35209,12
35210,12
35211,75
35212,12
35213,12
35214,12
35215,12
35216,12
35217,115
35219,85
35223,36
35229,36
35231,36
35233,36
35234,85
35237,36
35239,22
35240,22
35241,22
35242,22
35243,22
35244,99
35245,22
35246,22
35247,22
35248,19
35258,102
35259,82
35260,82
35261,32
35262,82
35263,20
35265,20
35266,82
35267,62
35268,62
35269,110
35271,23
35272,102
35277,15
35282,40
35288,40
35300,43
35301,43
35303,43
35304,43
35305,43
35306,43
35307,43
35308,43
35309,43
35310,43
35311,43
35312,43
35313,43
35314,43
35315,43
35316,43
35317,43
35318,43
35319,43
35320,43
35321,43
35322,43
35323,43
35324,43
35325,43
35326,43
35327,43
35328,43
35329,43
35330,43
35331,43
35332,43
35333,43
35334,43
35335,43
35336,43
35337,24
35338,24
35339,24
35341,61
35350,61
35358,9
35360,9
35362,9
35363,9
35378,61
35381,46
35382,16
35383,16
35384,46
35386,16
35392,6
35395,36
35397,36
35399,36
35401,85
35402,36
35403,42
35404,78
35405,67
35406,78
35407,36
35409,36
35410,85
35411,36
35412,36
35414,36
35416,36
35418,36
35419,85
35420,19
35421,19
35422,46
35423,109
35424,19
35425,19
35426,19
35427,19
35428,19
35429,6
35430,119
35432,5
35433,5
35434,38
35435,73
35436,73
35437,21
35438,10
35439,111
35440,111
35441,48
35442,110
35444,48
35445,48
35446,48
35447,102
35448,102
35449,82
35450,5
35451,5
35452,47
35453,47
35454,1
35455,1
35456,106
35457,106
35458,48
35459,48
35460,23
35461,23
35462,6
35463,2
35464,58
35465,2
35466,85
35467,26
35468,61
35469,61
35470,9
35471,9
35472,61
35473,61
35474,30
35475,85
35476,36
35477,36
35478,85
35479,85
35481,36
35482,36
35483,36
35484,36
35486,19
35488,85
35489,36
35490,36
35491,85
35492,36
35493,36
35496,46
35497,2
35501,46
35504,46
35506,46
35511,67
35521,30
35523,61
35525,16
35529,9
35530,61
35531,30
35532,9
35533,9
35534,9
35535,9
35537,42
35538,9
35539,9
35540,9
35541,9
35542,9
35543,42
35545,61
35546,9
35552,9
35554,9
35555,16
35556,9
35558,61
35560,16
35561,9
35562,61
35563,9
35564,36
35565,85
35566,36
35567,36
35568,36
35570,2
35571,36
35573,30
35574,30
35575,57
35578,30
35579,9
35582,36
35586,78
35587,78
35588,46
35589,46
35590,109
35591,46
35592,109
35625,46
35626,46
35632,93
35633,67
35635,67
35641,109
35643,78
35644,46
35645,46
35646,78
35647,46
35648,46
35649,46
35650,36
35651,85
35652,36
35653,85
35654,36
35655,6
35656,2
35657,85
35658,36
35659,36
35660,36
35661,9
35662,67
35663,78
35664,46
35665,9
35666,67
35667,67
35668,67
35669,67
35670,36
35671,2
35673,2
35674,36
35675,19
35676,109
35677,6
35678,2
35679,2
35680,85
35681,36
35682,36
35683,36
35684,19
35685,109
35686,16
35687,109
35688,2
35689,119
35690,2
35691,85
35692,19
35693,119
35694,109
35695,119
35696,19
35697,19
35698,2
35699,46
35700,19
35701,19
35702,46
35703,30
35704,2
35705,119
35706,19
35707,2
35708,2
35709,19
35710,19
35711,109
35712,119
35713,58
35714,58
35716,119
35720,46
35725,6
35755,2
35777,2
35782,9
35783,9
35784,42
35785,9
35786,9
35787,9
35788,42
35792,9
35793,9
35794,42
35796,61
35797,61
35798,61
35799,9
35800,61
35801,61
35802,61
35803,61
35806,61
35807,61
35808,61
35809,61
35810,61
35811,61
35813,42
35814,42
35815,16
35816,61
35817,42
35818,9
35819,61
35820,61
35821,42
35826,19
35827,19
35828,93
35845,16
35846,16
35848,109
35873,47
35874,106
35875,1
35876,94
35877,117
35878,52
35879,117
35880,23
35881,1
35882,98
35883,117
35884,1
35885,47
35886,47
35887,117
35888,98
35889,117
35890,80
35891,117
35892,47
35893,47
35894,23
35895,1
35896,47
35897,71
35898,88
35899,105
35900,8
35901,105
35902,70
35903,69
35905,37
35907,8
35908,88
35909,8
35910,105
35911,69
35912,71
35913,54
35915,70
35916,88
35917,69
35918,54
35923,72
35925,17
35927,72
35928,105
35930,85
35931,36
35932,2
35933,2
35934,119
35935,119
35936,2
35937,2
35938,2
35939,63
35940,86
35941,86
35947,55
35958,5
35968,52
35970,15
35971,15
35981,110
35982,34
35983,102
35984,82
35985,7
35986,20
35987,82
35988,62
35989,89
35990,89
35991,34
35992,110
35993,102
35994,73
35995,52
35996,117
35997,80
35998,47
35999,98
36000,1
36001,94
36002,41
36003,23
36004,23
36015,11
36016,11
36017,11
36018,11
36019,11
36020,11
36021,11
36022,11
36023,11
36024,11
36025,11
36026,11
36028,11
36031,11
36034,11
36035,115
36036,115
36037,71
36038,70
36039,115
36040,115
36042,70
36043,115
36044,115
36045,71
36046,70
36047,115
36048,115
36049,71
36050,70
36051,105
36052,105
36053,71
36054,70
36055,115
36056,115
36057,71
36058,70
36059,115
36060,115
36061,71
36062,70
36063,8
36064,8
36065,71
36066,75
36067,115
36068,115
36069,71
36070,70
36072,115
36073,115
36074,71
36075,70
36082,95
36083,95
36084,95
36085,95
36086,95
36087,95
36088,95
36089,95
36090,49
36093,37
36094,49
36097,37
36098,49
36101,37
36102,49
36103,37
36104,37
36105,10
36106,49
36110,49
36111,37
36113,37
36114,49
36117,37
36118,49
36119,37
36121,37
36122,49
36123,37
36125,37
36126,49
36127,37
36128,37
36129,37
36130,119
36131,58
36132,109
36133,19
36134,61
36135,19
36136,109
36137,58
36138,119
36139,2
36140,16
36141,119
36142,109
36143,16
36144,2
36146,2
36147,67
36148,119
36158,31
36164,15
36173,106
36184,41
36185,31
36199,80
36200,98
36202,74
36203,74
36205,47
36206,80
36207,110
36208,80
36209,60
36211,73
36212,62
36213,23
36215,21
36216,74
36217,74
36218,100
36219,109
36220,109
36221,2
36222,2
36223,2
36224,2
36225,6
36226,119
36227,85
36228,19
36229,109
36230,19
36231,19
36232,19
36233,16
36234,27
36235,76
36236,27
36237,27
36238,38
36239,102
36240,76
36243,108
36244,114
36245,114
36247,15
36248,108
36249,91
36250,91
36251,91
36252,91
36253,91
36254,91
36255,91
36256,91
36257,91
36258,91
36259,91
36260,91
36261,91
36262,91
36263,91
36264,91
36265,91
36266,91
36267,91
36268,91
36269,91
36270,91
36271,91
36272,91
36273,91
36274,91
36275,91
36276,91
36277,91
36278,91
36279,91
36280,91
36281,91
36282,91
36283,91
36284,91
36285,91
36286,91
36287,91
36288,91
36289,91
36290,91
36294,61
36295,61
36296,32
36297,38
36298,27
36301,106
36303,15
36304,108
36307,42
36308,30
36309,9
36310,117
36311,41
36312,45
36313,117
36314,110
36315,98
36316,47
36317,117
36318,98
36319,117
36320,1
36321,1
36322,47
36323,23
36324,47
36325,47
36326,117
36329,16
36331,16
36332,22
36333,99
36335,99
36342,25
36343,25
36345,25
36346,65
36347,25
36348,25
36349,25
36350,25
36351,25
36352,25
36353,25
36354,25
36355,25
36356,25
36357,25
36358,25
36359,25
36360,25
36361,25
36362,25
36363,25
36364,25
36365,25
36366,25
36367,25
36368,25
36369,25
36370,25
36371,25
36372,22
36373,22
36374,22
36375,22
36376,22
36377,99
36378,22
36379,22
36380,22
36381,22
36382,99
36383,22
36384,22
36385,22
36386,22
36387,22
36388,22
36389,22
36390,22
36391,22
36392,22
36393,22
36394,22
36395,22
36396,22
36397,22
36398,22
36399,22
36400,22
36401,22
36402,22
36403,22
36404,22
36405,22
36406,22
36407,22
36408,22
36409,22
36410,22
36411,22
36412,22
36413,22
36414,2
36415,2
36416,2
36417,46
36418,58
36419,109
36420,46
36421,46
36422,19
36423,19
36424,19
36425,19
36426,19
36427,19
36428,19
36429,19
36430,19
36431,19
36432,19
36433,2
36434,6
36435,119
36436,6
36437,19
36438,2
36439,2
36440,2
36441,2
36442,2
36443,19
36444,19
36445,2
36446,2
36447,19
36448,19
36449,19
36450,2
36451,2
36452,19
36453,2
36454,19
36455,19
36456,85
36457,36
36458,2
36459,19
36460,19
36461,119
36462,19
36463,19
36464,19
36465,19
36466,19
36467,119
36468,119
36469,19
36470,7
36471,32
36472,76
36473,7
36474,7
36475,20
36476,2
36477,6
36478,119
36479,2
36480,58
36481,2
36482,119
36483,2
36484,6
36485,2
36486,2
36487,6
36492,76
36493,76
36494,97
36495,113
36497,32
36498,113
36499,7
36500,76
36501,27
36502,27
36503,27
36505,71
36506,54
36507,71
36508,71
36509,105
36510,49
36511,17
36512,12
36513,11
36514,11
36515,11
36516,11
36518,11
36519,11
36520,71
36521,71
36522,54
36523,69
36526,11
36527,11
36532,11
36536,115
36537,17
36538,0
36540,11
36541,49
36542,49
36551,32
36557,114
36558,41
36559,31
36560,15
36561,106
36562,79
36563,41
36564,87
36565,87
36577,83
36581,90
36590,83
36605,15
36614,61
36615,61
36616,61
36617,61
36618,61
36619,9
36620,9
36621,9
36622,11
36638,11
36643,11
36646,95
36649,8
36650,69
36651,72
36653,70
36654,54
36655,54
36657,72
36658,71
36660,88
36662,88
36664,105
36665,69
36666,54
36669,105
36670,8
36672,70
36673,88
36674,115
36676,69
36677,8
36680,17
36687,46
36688,46
36693,46
36694,46
36695,81
36696,13
36698,13
36699,13
36700,13
36701,13
36702,13
36703,81
36704,13
36705,13
36706,87
36707,13
36708,81
36709,81
36710,13
36711,13
36712,13
36713,13
36714,13
36715,13
36716,110
36717,117
36718,117
36719,80
36720,80
36721,41
36722,98
36723,117
36724,48
36725,23
36726,80
36727,82
36728,102
36729,48
36730,34
36731,102
36732,35
36733,110
36734,110
36735,82
36736,102
36737,82
36738,110
36739,110
36741,63
36742,35
36743,48
36744,48
36745,5
36746,117
36747,47
36748,1
36749,5
36750,89
36751,110
36752,117
36753,73
36754,110
36755,3
36756,3
36757,40
36758,3
36759,3
36760,3
36761,40
36762,3
36763,3
36764,3
36765,3
36766,40
36767,3
36768,40
36769,3
36770,40
36771,3
36772,40
36773,3
36774,3
36775,40
36776,3
36777,3
36778,3
36779,3
36780,3
36781,40
36782,3
36783,3
36784,3
36785,40
36786,40
36787,3
36788,3
36789,40
36790,40
36791,3
36792,40
36793,3
36794,3
36795,3
36796,40
36797,3
36798,3
36799,40
36801,40
36802,3
36803,40
36804,3
36805,3
36806,3
36807,13
36808,13
36809,13
36810,13
36811,87
36812,87
36813,87
36814,76
36815,27
36817,113
36818,97
36819,76
36825,20
36826,76
36827,38
36828,76
36830,27
36832,27
36833,67
36834,78
36835,119
36836,109
36837,16
36841,51
36845,63
36852,107
36853,55
36857,111
36861,41
36862,41
36873,106
36874,55
36875,94
36883,11
36884,11
36885,11
36886,11
36887,11
36888,11
36889,11
36890,11
36891,11
36892,11
36893,40
36894,40
36895,3
36896,3
36897,3
36898,40
36899,40
36900,3
36901,40
36902,3
36903,40
36904,40
36905,40
36906,40
36907,37
36908,49
36909,49
36910,49
36911,37
36912,49
36913,49
36914,37
36915,37
36916,49
36917,49
36918,49
36919,49
36920,49
36921,37
36922,49
36923,49
36924,37
36925,37
36926,13
36927,13
36929,13
36930,13
36931,13
36933,87
36934,13
36935,13
36936,13
36937,13
36938,13
36939,81
36940,81
36941,3
36942,3
36943,36
36944,19
36945,119
36946,119
36948,85
36952,19
36954,109
36957,19
36974,17
36975,72
36976,72
36977,17
36978,17
36979,72
36983,49
36984,72
36987,72
36988,49
36989,72
36990,72
36991,71
36992,54
36993,54
36994,105
36995,69
36996,88
36998,72
37000,69
37001,70
37002,71
37003,115
37004,71
37005,70
37006,70
37047,11
37048,11
37049,11
37050,11
37051,11
37052,11
37053,11
37054,11
37055,11
37056,11
37057,11
37058,11
37059,11
37060,11
37061,11
37062,11
37063,11
37064,11
37065,11
37066,11
37067,71
37068,54
37069,70
37070,71
37071,105
37073,88
37074,54
37075,70
37076,71
37077,105
37078,115
37079,88
37080,70
37081,71
37082,115
37083,115
37085,72
37086,49
37087,105
37088,105
37089,105
37090,71
37093,114
37094,31
37097,45
37098,108
37099,45
37102,84
37103,84
37111,51
37117,10
37119,111
37129,39
37131,10
37132,39
37133,68
37135,84
37139,111
37141,111
37142,111
37143,60
37144,111
37145,55
37146,55
37148,31
37150,18
37151,31
37152,106
37153,18
37154,98
37155,106
37156,79
37158,82
37159,94
37160,102
37161,68
37164,62
37165,102
37166,102
37167,60
37172,86
37173,21
37178,102
37183,102
37184,82
37185,76
37186,62
37187,47
37188,98
37189,62
37190,62
37191,114
37195,84
37197,35
37198,89
37199,73
37200,63
37201,63
37202,50
37204,33
37205,51
37206,63
37207,35
37208,21
37209,63
37210,83
37212,83
37215,55
37220,47
37221,111
37222,111
37223,82
37224,38
37225,115
37226,12
37227,12
37228,72
37229,11
37230,11
37231,11
37232,37
37233,37
37234,17
37235,49
37236,37
37237,16
37238,9
37239,9
37240,6
37241,36
37242,36
37243,85
37244,6
37245,109
37246,36
37247,2
37248,2
37249,6
37250,119
37251,6
37252,119
37253,109
37254,109
37255,16
37256,36
37257,58
37259,49
37260,115
37261,115
37263,12
37265,32
37266,5
37267,98
37272,15
37278,82
37279,102
37280,82
37281,62
37282,20
37283,7
37284,20
37285,38
37286,7
37287,82
37288,3
37289,3
37290,40
37291,3
37292,3
37293,40
37294,3
37295,40
37296,40
37297,40
37298,40
37299,3
37300,3
37301,40
37302,3
37303,3
37304,40
37305,40
37306,40
37307,40
37308,40
37309,40
37310,40
37311,40
37312,3
37313,40
37314,40
37315,3
37316,3
37317,40
37318,40
37319,40
37320,3
37321,3
37322,3
37323,40
37324,3
37325,3
37326,3
37327,3
37328,3
37329,3
37330,3
37331,3
37332,3
37333,3
37334,3
37335,3
37341,94
37342,1
37343,80
37344,31
37345,1
37378,1
37405,105
37406,105
37407,105
37408,49
37409,93
37410,8
37411,105
37412,71
37413,105
37414,54
37415,69
37416,71
37417,71
37418,70
37419,69
37421,54
37422,54
37423,88
37428,69
37429,88
37430,105
37431,54
37432,8
37433,70
37434,54
37435,54
37437,105
37439,11
37440,11
37446,11
37447,11
37448,11
37449,11
37450,11
37457,11
37463,49
37468,37
37470,3
37471,3
37472,40
37473,40
37474,3
37477,40
37478,40
37479,3
37480,59
37481,3
37482,3
37483,3
37484,3
37485,40
37488,3
37489,40
37490,3
37494,3
37495,3
37497,3
37498,40
37503,40
37506,3
37509,40
37511,57
37512,57
37513,57
37514,74
37515,73
37516,74
37517,57
37518,57
37519,57
37520,74
37521,73
37522,74
37523,117
37524,57
37525,57
37526,117
37527,57
37528,57
37529,117
37531,117
37532,23
37533,117
37534,47
37537,57
37538,57
37539,57
37540,57
37541,57
37542,57
37543,117
37544,1
37545,117
37547,117
37549,57
37550,57
37551,57
37555,57
37556,57
37557,57
37558,74
37559,74
37560,74
37561,48
37562,23
37563,57
37564,48
37565,117
37566,48
37567,23
37568,48
37569,23
37570,48
37571,23
37574,57
37575,57
37576,57
37577,57
37578,57
37579,57
37580,74
37581,74
37582,74
37583,48
37584,23
37585,57
37586,48
37587,23
37588,48
37590,48
37593,117
37594,23
37595,1
37596,82
37597,47
37598,1
37599,117
37600,98
37601,47
37602,48
37603,20
37607,23
37608,98
37610,48
37611,23
37613,52
37620,23
37621,98
37622,98
37623,1
37624,82
37625,47
37626,48
37627,20
37628,47
37629,1
37630,98
37632,48
37633,20
37634,48
37636,98
37637,23
37638,56
37639,56
37640,69
37646,49
37650,72
37652,17
37653,22
37654,22
37655,99
37656,22
37657,99
37658,99
37671,12
37672,12
37673,12
37674,12
37675,12
37676,12
37677,12
37679,75
37680,12
37681,12
37682,12
37683,12
37684,75
37685,12
37686,12
37687,12
37688,12
37689,12
37690,75
37691,12
37692,75
37693,12
37694,12
37695,12
37696,75
37697,12
37698,12
37699,12
37700,75
37701,75
37704,11
37706,11
37708,2
37709,2
37710,1
37712,112
37713,52
37714,114
37715,90
37716,55
37717,41
37718,41
37719,114
37720,60
37721,31
37722,10
37723,55
37724,111
37725,55
37726,10
37727,34
37728,108
37729,111
37730,83
37731,111
37732,111
37733,111
37734,83
37735,111
37736,10
37737,111
37738,83
37739,108
37740,111
37741,10
37742,55
37743,60
37744,111
37745,55
37746,10
37747,55
37748,111
37749,83
37750,10
37751,83
37753,55
37754,10
37757,60
37758,55
37759,83
37760,39
37761,10
37763,83
37764,10
37765,112
37766,83
37767,83
37768,10
37769,55
37770,10
37771,55
37772,55
37773,83
37774,10
37775,83
37776,111
37777,83
37778,83
37779,10
37780,10
37781,55
37782,55
37783,41
37784,111
37785,10
37786,111
37787,10
37788,60
37789,39
37790,60
37791,10
37792,10
37793,55
37794,83
37795,55
37796,10
37797,55
37798,55
37800,47
37801,80
37802,39
37803,107
37804,41
37805,55
37808,107
37809,107
37810,83
37811,90
37812,107
37813,52
37847,49
37848,49
37849,49
37850,49
37854,70
37856,54
37857,70
37858,105
37859,49
37861,49
37863,49
37864,49
37866,37
37867,49
37870,49
37871,49
37872,49
37873,49
37874,37
37876,37
37877,22
37878,22
37879,22
37880,22
37881,22
37882,22
37883,22
37884,22
37885,118
37886,22
37887,22
37888,22
37889,99
37890,22
37891,99
37892,86
37893,86
37894,28
37895,4
37896,22
37899,41
37901,90
37902,81
37903,81
37904,13
37905,13
37906,13
37907,87
37908,87
37909,13
37910,13
37911,89
37912,89
37913,117
37916,110
37918,32
37919,34
37923,102
37925,7
37926,32
37927,7
37929,7
37930,5
37931,7
37932,32
37933,32
37934,20
37935,113
37936,76
37937,20
37938,113
37939,97
37940,76
37941,113
37943,76
37944,113
37945,34
37946,76
37947,66
37948,82
37949,32
37950,22
37951,69
37952,17
37955,54
37956,36
37957,85
37958,78
37959,46
37960,42
37961,16
37962,61
37963,46
37964,42
37965,61
37966,16
37967,16
37968,61
37969,61
37970,42
37971,9
37972,42
37973,85
37974,6
37975,2
37977,15
37981,106
37982,55
37984,15
37986,45
37989,49
37990,49
37992,11
37993,11
37994,11
37995,11
37996,11
37997,67
37998,78
38000,30
38003,40
38004,40
38005,3
38006,94
38007,40
38008,40
38009,3
38010,3
38011,40
38012,40
38013,40
38014,40
38015,40
38016,40
38017,3
38018,3
38019,59
38020,3
38021,3
38022,3
38023,3
38024,40
38025,3
38026,3
38027,3
38028,3
38029,3
38030,3
38031,3
38032,40
38033,40
38034,40
38035,3
38037,3
38038,40
38039,40
38040,40
38041,40
38042,40
38043,40
38044,40
38045,40
38046,40
38047,40
38048,40
38049,40
38050,40
38051,40
38052,40
38053,40
38054,40
38055,40
38086,39
38121,51
38122,84
38125,95
38126,95
38127,95
38128,17
38129,12
38130,12
38131,75
38132,12
38133,69
38134,72
38135,17
38136,75
38137,12
38138,12
38139,75
38140,12
38141,75
38142,12
38143,54
38144,49
38145,49
38146,95
38147,12
38148,12
38149,23
38150,20
38151,15
38152,110
38153,106
38154,68
38155,68
38156,108
38157,22
38158,14
38159,116
38160,14
38161,116
38162,116
38163,14
38164,14
38165,14
38166,116
38167,116
38168,116
38169,116
38170,14
38171,116
38172,14
38173,14
38174,116
38175,116
38176,14
38177,14
38178,14
38179,116
38180,116
38181,116
38182,116
38183,116
38184,14
38185,116
38186,116
38187,116
38188,116
38189,14
38190,14
38191,14
38192,14
38193,14
38194,14
38195,14
38196,14
38197,116
38198,14
38199,14
38200,14
38201,116
38202,14
38203,14
38204,14
38205,116
38206,116
38207,14
38208,14
38209,14
38210,14
38211,116
38212,14
38213,116
38214,14
38215,14
38216,14
38217,116
38218,14
38219,14
38220,14
38221,14
38222,116
38223,14
38224,14
38225,14
38226,14
38227,14
38228,14
38229,14
38230,116
38231,14
38232,116
38233,14
38234,14
38235,116
38236,14
38237,116
38238,14
38239,116
38240,14
38241,116
38242,30
38243,30
38246,23
38247,1
38248,106
38249,98
38282,98
38283,23
38284,23
38285,48
38286,82
38287,48
38288,117
38289,48
38290,82
38291,49
38292,49
38293,37
38295,37
38296,37
38297,49
38298,37
38299,37
38300,37
38301,49
38302,37
38303,37
38304,49
38305,49
38306,53
38307,53
38308,53
38309,53
38310,14
38311,116
38312,14
38313,14
38314,71
38315,71
38316,8
38317,49
38318,71
38319,12
38320,75
38321,70
38322,12
38323,12
38324,75
38325,12
38326,48
38327,82
38328,48
38329,110
38330,117
38331,110
38332,48
38333,117
38334,110
38335,98
38336,48
38337,117
38340,110
38342,110
38343,110
38344,98
38345,80
38346,114
38347,47
38357,4
38358,37
38359,49
38360,37
38361,49
38362,49
38363,49
38364,49
38365,49
38366,49
38367,11
38368,11
38369,11
38370,11
38371,11
38372,11
38373,11
38374,11
38375,11
38376,11
38377,11
38378,11
38379,11
38380,11
38381,11
38382,11
38383,11
38384,11
38385,11
38386,11
38389,1
38390,79
38392,1
38396,95
38397,114
38399,95
38400,82
38401,95
38402,11
38403,11
38404,11
38405,11
38406,11
38407,11
38408,11
38409,11
38410,11
38411,11
38412,11
38413,11
38414,11
38415,11
38416,11
38417,11
38418,11
38419,11
38420,11
38421,11
38422,105
38423,72
38424,88
38425,17
38426,37
38427,17
38428,17
38429,37
38430,72
38431,72
38432,72
38433,72
38434,70
38435,49
38436,54
38437,115
38438,37
38439,88
38440,49
38441,105
38442,17
38443,8
38444,105
38445,72
38446,71
38447,72
38448,69
38449,8
38450,88
38451,70
38452,69
38453,69
38454,54
38455,70
38456,69
38457,70
38458,69
38459,17
38460,8
38461,37
38462,70
38463,72
38464,71
38465,105
38466,69
38467,72
38468,72
38469,72
38470,105
38471,54
38472,22
38473,13
38474,71
38475,72
38476,17
38477,17
38478,111
38479,23
38480,48
38481,110
38482,117
38483,11
38484,11
38485,11
38486,11
38487,11
38488,11
38489,11
38490,47
38491,47
38492,117
38493,1
38494,23
38496,48
38497,117
38500,28
38501,63
38502,73
38503,73
38504,73
38505,73
38506,5
38521,79
38522,19
38523,2
38524,19
38525,36
38526,19
38527,2
38528,19
38529,2
38530,119
38531,16
38532,2
38533,19
38534,6
38535,19
38536,119
38537,119
38538,19
38539,119
38540,58
38541,2
38542,58
38543,19
38544,119
38545,119
38546,119
38547,119
38548,2
38549,19
38550,46
38551,46
38552,30
38557,1
38558,80
38559,52
38560,95
38561,95
38562,21
38563,21
38564,95
38565,95
38566,86
38567,86
38568,21
38569,21
38570,86
38571,50
38572,28
38573,28
38574,50
38575,28
38576,28
38577,50
38578,80
38579,1
38580,47
38581,98
38582,86
38583,80
38584,108
38585,80
38586,48
38587,110
38588,52
38589,80
38590,48
38591,106
38592,23
38593,80
38594,110
38595,20
38596,80
38597,106
38598,52
38599,1
38600,117
38601,31
38602,106
38603,1
38604,79
38605,117
38606,47
38607,117
38608,79
38609,1
38610,80
38611,1
38612,110
38613,80
38614,1
38615,80
38616,47
38617,80
38618,47
38619,106
38620,41
38621,108
38622,98
38623,108
38624,80
38625,34
38626,98
38627,79
38628,112
38629,80
38630,52
38631,98
38632,80
38633,1
38634,1
38635,1
38636,1
38637,98
38638,80
38639,1
38640,1
38641,98
38642,41
38643,47
38644,80
38645,47
38646,19
38647,119
38648,2
38649,19
38650,6
38651,2
38652,119
38653,2
38654,19
38655,19
38656,19
38657,36
38658,19
38659,109
38660,58
38661,2
38662,2
38663,119
38664,119
38665,119
38666,19
38667,119
38668,30
38669,30
38670,42
38671,58
38673,16
38674,19
38675,16
38676,67
38677,17
38678,72
38679,72
38680,72
38681,72
38682,17
38683,72
38687,17
38688,17
38689,17
38691,88
38692,17
38696,71
38717,32
38722,32
38735,54
38736,70
38737,12
38738,12
38739,12
38740,75
38741,12
38742,115
38743,12
38744,8
38745,12
38746,75
38747,12
38748,12
38749,12
38750,12
38751,12
38752,54
38753,54
38754,8
38755,54
38756,115
38757,115
38758,75
38759,12
38760,12
38761,119
38762,19
38765,23
38766,74
38767,74
38768,82
38769,82
38770,109
38771,6
38772,6
38774,85
38775,36
38776,6
38777,6
38779,6
38780,6
38781,6
38783,6
38784,6
38785,6
38786,78
38787,6
38788,6
38789,108
38791,114
38792,108
38793,15
38794,31
38795,45
38796,55
38798,55
38803,114
38804,114
38805,15
38806,31
38808,114
38810,34
38811,82
38812,32
38814,34
38815,47
38818,76
38822,48
38823,107
38825,97
38828,38
38830,89
38832,89
38833,97
38835,97
38836,89
38837,89
38838,89
38839,89
38840,89
38841,97
38842,20
38843,89
38844,89
38845,38
38846,89
38847,89
38848,101
38850,48
38856,110
38863,97
38864,32
38866,102
38868,60
38884,98
38900,50
38905,74
38907,98
38922,23
38930,35
38931,35
38932,100
38933,100
38934,28
38935,28
38936,73
38937,73
38938,73
38939,73
38940,21
38941,21
38942,34
38943,34
38944,110
38945,110
38946,23
38947,23
38948,48
38949,48
38950,110
38952,80
38953,80
38954,23
38955,23
38956,1
38957,1
38958,23
38959,23
38960,110
38961,110
38962,12
38963,12
38964,12
38965,12
38966,12
38967,115
38968,12
38970,106
38971,106
38973,80
38974,1
38976,100
38978,55
38979,60
38980,1
38981,10
38982,111
38983,51
38984,98
38985,98
38986,1
38987,1
38988,98
38989,117
38991,47
38992,1
38993,63
38994,35
38995,63
38996,73
38997,5
38998,5
38999,47
39001,48
39002,41
39003,110
39005,82
39009,48
39010,48
39011,35
39012,19
39013,19
39014,40
39015,40
39016,3
39017,40
39018,3
39019,40
39020,40
39021,40
39022,40
39023,3
39024,3
39025,3
39026,3
39027,40
39028,40
39029,40
39030,3
39031,3
39032,92
39033,92
39034,92
39035,92
39036,92
39037,92
39038,92
39039,92
39040,92
39041,92
39043,92
39054,49
39056,92
39057,92
39058,92
39059,92
39062,31
39063,114
39064,114
39067,108
39071,111
39074,55
39076,111
39080,21
39092,31
39103,51
39104,51
39107,95
39108,95
39113,31
39117,100
39118,100
39119,100
39120,100
39121,100
39122,100
39123,100
39124,100
39125,100
39126,100
39127,100
39128,100
39129,100
39130,100
39131,100
39132,100
39133,100
39134,33
39135,33
39136,33
39137,33
39138,33
39139,33
39140,33
39141,33
39142,33
39143,33
39144,33
39145,33
39146,33
39147,33
39149,7
39150,32
39151,113
39152,38
39153,76
39154,38
39155,7
39156,62
39157,97
39158,38
39159,27
39160,20
39161,97
39162,113
39163,97
39164,113
39165,113
39166,97
39167,27
39168,97
39169,7
39170,97
39171,27
39172,97
39173,7
39174,38
39175,7
39176,20
39177,20
39178,76
39179,38
39180,97
39181,76
39182,20
39183,97
39184,76
39185,76
39186,113
39187,9
39188,61
39189,9
39190,61
39191,61
39192,61
39193,61
39194,61
39195,61
39196,9
39197,61
39198,61
39199,61
39200,61
39201,61
39202,61
39203,9
39204,9
39205,61
39206,61
39207,42
39208,61
39209,36
39210,36
39211,36
39212,36
39213,36
39214,36
39215,97
39216,97
39217,89
39218,82
39219,97
39220,89
39221,89
39222,62
39223,97
39224,32
39225,84
39226,89
39227,89
39228,97
39229,32
39230,18
39231,94
39232,38
39233,89
39234,89
39235,89
39236,102
39237,32
39238,91
39239,89
39240,89
39241,89
39242,91
39245,85
39247,6
39248,85
39249,85
39251,36
39252,6
39253,85
39254,6
39255,36
39256,6
39257,36
39258,36
39259,85
39260,6
39261,6
39262,36
39263,36
39264,36
39265,36
39266,36
39267,6
39268,36
39269,6
39270,6
39272,6
39273,6
39274,6
39275,6
39276,6
39277,6
39278,6
39280,6
39281,46
39282,78
39283,78
39284,78
39285,46
39286,78
39287,67
39288,78
39289,36
39290,85
39291,6
39292,36
39293,6
39294,46
39295,78
39296,78
39297,46
39298,78
39299,6
39300,85
39301,85
39302,85
39303,6
39304,6
39305,6
39306,36
39307,36
39309,6
39310,6
39311,30
39314,5
39315,117
39316,110
39317,110
39318,98
39319,74
39320,73
39321,73
39322,73
39323,73
39324,73
39325,117
39326,28
39327,100
39328,74
39329,74
39330,5
39331,47
39332,47
39333,47
39334,47
39336,73
39337,74
39338,119
39339,119
39340,109
39341,19
39342,46
39344,108
39345,114
39347,52
39353,40
39355,40
39360,40
39361,40
39362,40
39363,40
39364,3
39365,3
39366,3
39368,40
39370,3
39371,3
39374,57
39375,19
39376,63
39377,28
39379,63
39380,63
39381,51
39382,63
39384,63
39385,84
39386,63
39387,50
39388,51
39394,41
39396,108
39397,106
39398,52
39399,45
39405,47
39412,55
39414,10
39424,98
39444,114
39447,76
39448,76
39449,76
39450,76
39451,7
39452,27
39453,97
39454,7
39455,27
39456,27
39457,110
39458,27
39459,27
39460,27
39461,76
39462,97
39463,38
39464,7
39465,76
39466,7
39467,27
39468,7
39469,27
39470,7
39471,113
39472,27
39473,97
39474,76
39475,27
39477,76
39478,7
39479,97
39480,7
39481,82
39482,12
39483,12
39484,8
39485,8
39486,12
39487,115
39488,12
39489,75
39490,12
39491,49
39492,95
39493,95
39495,95
39496,68
39499,112
39500,2
39502,115
39503,105
39504,54
39505,54
39506,12
39507,12
39508,12
39509,12
39510,12
39511,71
39512,12
39513,54
39514,54
39515,105
39516,115
39517,54
39518,54
39519,105
39520,54
39521,8
39522,54
39523,54
39524,115
39525,54
39526,54
39527,12
39530,26
39532,26
39533,26
39534,26
39535,26
39537,26
39539,26
39540,26
39541,26
39542,26
39543,26
39544,30
39545,30
39546,30
39547,30
39549,54
39551,49
39553,49
39557,37
39558,49
39559,37
39560,9
39561,42
39562,61
39563,61
39564,42
39565,61
39566,61
39567,61
39568,42
39569,42
39570,61
39571,61
39572,61
39573,61
39574,9
39575,9
39576,42
39577,9
39578,61
39579,9
39580,61
39581,61
39582,9
39583,9
39584,42
39585,42
39586,9
39587,9
39588,42
39589,61
39590,61
39591,42
39592,9
39593,16
39594,42
39595,16
39596,42
39597,61
39598,9
39599,61
39600,42
39601,42
39602,61
39603,61
39604,61
39605,61
39606,61
39607,61
39608,9
39609,61
39610,61
39611,42
39612,61
39613,61
39614,61
39616,9
39617,61
39618,9
39619,61
39620,61
39621,61
39622,19
39623,19
39624,109
39625,2
39626,19
39627,19
39628,19
39629,6
39630,19
39631,19
39632,58
39633,2
39634,19
39635,109
39636,19
39637,19
39638,19
39639,2
39640,2
39641,19
39642,19
39643,19
39644,19
39645,2
39646,2
39647,19
39651,19
39652,19
39653,19
39654,19
39655,19
39656,2
39657,19
39658,2
39659,58
39660,2
39661,2
39662,19
39663,119
39664,119
39665,119
39666,19
39667,19
39668,19
39669,2
39670,19
39671,19
39672,19
39673,19
39674,19
39675,19
39676,19
39677,19
39678,2
39682,19
39683,19
39684,19
39685,2
39686,19
39687,19
39697,41
39698,55
39701,108
39709,40
39710,40
39711,40
39712,40
39713,40
39714,40
39715,61
39716,89
39717,102
39718,110
39719,110
39720,115
39721,34
39722,32
39723,38
39724,89
39725,5
39726,39
39727,10
39728,102
39729,102
39730,102
39731,73
39732,102
39733,34
39734,102
39735,109
39737,67
39738,78
39739,67
39740,78
39741,6
39742,58
39743,110
39744,110
39745,73
39746,62
39749,74
39750,74
39752,84
39753,84
39754,98
39755,100
39756,74
39758,74
39759,74
39760,51
39761,84
39762,51
39763,50
39764,51
39765,84
39769,10
39770,111
39771,111
39773,111
39775,55
39776,111
39777,10
39780,83
39781,39
39782,39
39783,52
39784,52
39785,60
39786,10
39788,52
39790,107
39792,84
39793,51
39794,51
39795,51
39797,51
39798,10
39800,60
39801,10
39802,39
39803,39
39804,84
39805,51
39806,51
39807,51
39808,84
39809,51
39810,51
39811,51
39812,51
39813,78
39814,78
39815,67
39816,78
39817,78
39818,46
39819,78
39820,46
39821,67
39822,78
39823,78
39824,46
39825,78
39826,78
39827,78
39828,46
39829,78
39830,21
39831,74
39834,117
39835,102
39836,102
39837,98
39838,80
39839,80
39840,117
39841,102
39843,41
39844,41
39845,23
39846,23
39847,48
39849,34
39851,82
39852,82
39853,110
39854,110
39855,80
39856,80
39857,117
39858,117
39859,117
39860,23
39861,23
39862,80
39863,80
39864,48
39865,48
39867,42
39868,9
39869,78
39870,61
39871,61
39872,61
39873,61
39874,12
39875,105
39876,75
39877,75
39878,88
39879,54
39880,12
39881,12
39882,75
39883,70
39884,12
39885,75
39886,2
39887,19
39888,16
39889,19
39890,19
39891,119
39892,85
39893,6
39894,109
39895,19
39896,109
39897,46
39898,46
39899,46
39900,19
39901,2
39902,9
39903,19
39904,58
39906,19
39907,19
39909,109
39910,109
39914,17
39917,117
39920,105
39921,71
39922,54
39925,105
39926,105
39927,5
39930,105
39931,105
39932,54
39935,105
39936,54
39937,54
39938,105
39939,19
39940,36
39941,109
39942,2
39943,6
39944,36
39945,6
39946,6
39947,6
39948,16
39949,16
39950,30
39951,30
39952,30
39953,30
39954,63
39955,67
39956,30
39957,67
39958,78
39959,78
39960,78
39961,67
39963,46
39964,6
39965,2
39966,6
39967,85
39968,6
39969,19
39970,58
39971,6
39972,36
39973,85
39974,85
39975,6
39976,85
39977,2
39978,85
39979,119
39980,6
39981,16
39982,2
39983,2
39984,109
39985,6
39986,109
39987,109
39988,16
39989,109
39990,19
39991,6
39992,19
39993,2
39994,14
39995,14
39996,14
39997,14
39998,14
39999,116
40000,14
40001,14
40002,116
40003,14
40004,14
40005,116
40006,14
40007,14
40008,116
40009,14
40010,14
40011,116
40012,116
40013,116
40015,22
40016,99
40017,99
40018,31
40019,45
40020,45
40021,45
40022,79
40023,15
40024,79
40025,28
40026,95
40027,95
40028,114
40029,114
40030,15
40033,114
40034,28
40035,86
40036,41
40037,79
40038,99
40039,79
40040,106
40043,28
40044,15
40046,86
40047,15
40050,112
40051,107
40055,114
40057,114
40059,79
40060,79
40062,95
40063,95
40064,15
40065,31
40066,15
40067,112
40068,21
40070,86
40071,86
40074,86
40075,62
40078,41
40080,114
40081,108
40082,21
40083,110
40084,21
40085,21
40087,15
40089,50
40091,79
40092,114
40093,114
40094,15
40095,21
40096,114
40097,106
40098,41
40099,106
40100,31
40101,41
40103,41
40104,41
40105,15
40106,79
40107,15
40108,28
40109,50
40110,4
40111,95
40112,95
40113,95
40118,31
40119,102
40120,113
40121,22
40122,46
40124,1
40125,86
40126,74
40127,89
40128,5
40129,80
40130,47
40131,111
40132,83
40133,10
40134,111
40135,47
40136,80
40137,62
40138,117
40139,80
40140,98
40141,1
40142,23
40143,34
40144,48
40145,86
40146,28
40147,73
40148,73
40149,48
40150,23
40151,110
40152,98
40153,98
40154,23
40155,74
40156,23
40158,82
40159,48
40160,35
40161,74
40162,117
40163,14
40164,14
40165,14
40166,116
40167,116
40168,14
40169,14
40170,116
40171,14
40172,116
40173,14
40174,14
40175,14
40176,14
40177,14
40178,14
40179,14
40180,14
40181,14
40182,38
40183,27
40184,7
40185,27
40186,27
40187,82
40190,34
40194,27
40195,34
40196,113
40197,27
40198,34
40203,113
40206,25
40210,25
40216,25
40219,49
40220,49
40221,11
40223,11
40224,11
40227,11
40230,11
40232,11
40234,25
40237,22
40238,22
40239,22
40245,25
40254,111
40255,111
40256,111
40258,111
40260,111
40261,111
40262,55
40264,45
40265,45
40266,45
40267,45
40269,55
40270,45
40271,79
40272,45
40274,84
40275,84
40276,51
40278,84
40280,51
40281,84
40282,84
40284,30
40285,30
40286,9
40287,30
40288,30
40289,30
40290,30
40291,30
40292,30
40293,30
40294,9
40295,9
40300,78
40301,46
40302,16
40303,16
40304,30
40305,78
40306,109
40307,46
40308,9
40309,30
40310,16
40311,30
40312,16
40313,109
40314,9
40315,19
40316,119
40317,46
40318,19
40319,16
40320,42
40321,36
40322,19
40323,19
40325,19
40326,2
40352,35
40359,63
40364,35
40371,35
40373,110
40375,102
40376,117
40381,82
40382,102
40383,110
40385,34
40387,94
40388,98
40389,82
40390,82
40394,89
40395,110
40396,102
40398,32
40400,98
40402,89
40403,34
40404,32
40405,89
40406,62
40407,62
40408,34
40409,82
40410,94
40411,110
40412,89
40413,110
40415,48
40416,82
40417,82
40418,68
40419,32
40420,110
40421,62
40422,82
40423,32
40424,32
40426,102
40427,115
40428,74
40429,32
40430,89
40431,38
40432,21
40433,5
40434,21
40435,32
40436,82
40437,66
40442,66
40447,85
40448,85
40449,85
40450,85
40451,36
40452,85
40453,36
40454,36
40455,36
40456,85
40457,85
40458,2
40459,16
40460,2
40464,119
40466,119
40467,19
40468,36
40472,2
40473,36
40478,46
40480,109
40481,119
40482,2
40483,16
40485,16
40486,109
40487,109
40493,100
40494,100
40495,100
40496,66
40498,103
40499,3
40500,3
40501,3
40502,3
40503,40
40504,3
40505,40
40506,3
40507,3
40510,3
40511,3
40512,3
40513,3
40514,3
40515,3
40516,3
40517,3
40519,40
40520,3
40521,3
40522,3
40523,40
40524,3
40525,40
40526,3
40527,3
40528,3
40529,3
40530,3
40531,93
40532,3
40533,3
40534,3
40535,3
40536,3
40537,3
40538,43
40539,3
40540,59
40541,59
40542,3
40543,3
40544,3
40545,3
40546,3
40547,3
40548,59
40549,40
40551,3
40552,3
40553,3
40554,3
40556,3
40557,3
40558,3
40559,3
40560,40
40561,3
40562,3
40563,24
40564,3
40565,7
40566,7
40567,97
40568,91
40569,32
40570,27
40571,32
40572,32
40573,32
40574,32
40575,89
40576,97
40577,38
40578,32
40579,38
40580,32
40581,97
40582,38
40583,7
40584,76
40585,113
40586,32
40587,76
40588,7
40589,27
40590,76
40591,38
40592,89
40593,113
40594,7
40595,97
40596,76
40597,113
40598,102
40599,76
40600,113
40601,113
40602,113
40603,113
40604,7
40605,113
40606,38
40607,7
40608,113
40609,7
40610,20
40611,113
40612,113
40613,76
40614,7
40615,113
40616,38
40617,113
40618,20
40619,7
40620,38
40621,113
40622,7
40623,7
40624,76
40625,113
40626,7
40627,89
40629,76
40630,7
40631,76
40632,7
40633,7
40634,7
40636,113
40637,76
40638,7
40639,7
40640,113
40641,113
40642,7
40643,7
40644,7
40645,113
40646,113
40647,113
40648,7
40649,7
40650,7
40651,97
40652,113
40653,113
40654,7
40655,113
40656,7
40657,7
40658,27
40659,7
40660,7
40661,7
40662,38
40663,76
40664,113
40665,7
40666,82
40667,102
40668,34
40669,34
40670,97
40671,102
40672,10
40674,82
40675,82
40680,31
40683,114
40686,2
40687,19
40688,36
40689,85
40690,36
40691,36
40692,109
40693,19
40694,2
40695,78
40696,78
40697,67
40698,30
40737,109
40738,30
40739,67
40740,30
40741,67
40742,67
40743,95
40744,95
40745,95
40746,95
40747,95
40748,9
40749,30
40750,9
40751,9
40752,42
40753,9
40754,30
40755,30
40756,9
40757,9
40758,9
40759,9
40760,12
40761,12
40762,12
40763,71
40764,54
40765,95
40766,95
40767,95
40768,95
40769,95
40771,95
40772,95
40773,95
40774,36
40775,119
40776,67
40777,30
40778,67
40779,78
40780,30
40781,67
40782,9
40783,67
40784,30
40785,16
40786,30
40787,67
40788,2
40789,109
40790,119
40791,119
40792,119
40793,16
40826,47
40922,1
40923,35
40924,35
40925,63
40926,63
40927,63
40928,63
40929,63
40930,35
40931,35
40932,35
40933,73
40934,47
40935,110
40938,98
40941,48
40943,48
40944,48
40945,82
40946,82
40947,48
40948,47
40949,47
40950,41
40951,41
40952,98
40953,117
40954,98
40955,98
40956,98
40957,1
40958,110
40960,110
40969,2
40970,58
40971,85
40972,110
40974,23
40975,23
40977,23
40978,48
40979,117
40980,117
40982,47
40983,48
40984,48
40985,48
40986,48
40987,23
40988,1
40989,110
40990,110
40991,117
40992,117
40993,5
40995,5
40996,5
40997,28
40998,28
40999,28
41000,73
41001,73
41002,73
41003,73
41004,73
41005,73
41006,73
41007,73
41008,63
41009,63
41010,63
41011,47
41012,47
41016,11
41018,11
41022,11
41023,11
41026,95
41027,95
41028,95
41029,3
41030,3
41031,40
41034,40
41035,3
41036,40
41038,40
41041,40
41043,3
41044,3
41047,3
41048,40
41049,40
41050,40
41074,46
41077,78
41078,46
41079,78
41080,74
41098,32
41106,32
41131,102
41134,35
41140,32
41141,89
41144,102
41152,73
41153,21
41154,74
41159,21
41161,84
41162,86
41163,84
41172,98
41180,32
41194,60
41208,2
41209,2
41210,2
41211,16
41212,85
41213,67
41215,30
41219,30
41220,30
41221,30
41222,67
41227,30
41231,19
41232,19
41233,19
41234,86
41236,86
41237,11
41238,11
41239,11
41240,11
41241,11
41242,11
41243,11
41244,11
41245,11
41246,11
41247,11
41248,11
41249,11
41250,11
41251,11
41252,11
41253,11
41254,11
41255,11
41256,11
41258,49
41259,37
41260,37
41261,37
41262,37
41263,49
41264,49
41265,37
41266,37
41267,49
41268,49
41269,37
41270,37
41271,37
41272,49
41273,49
41274,49
41275,37
41276,49
41277,37
41278,49
41279,37
41298,111
41299,48
41300,23
41301,48
41302,73
41303,1
41304,47
41305,98
41307,62
41309,48
41310,48
41311,74
41312,86
41313,100
41314,100
41315,100
41316,100
41317,100
41320,100
41322,100
41324,66
41327,20
41328,66
41330,66
41331,66
41332,66
41346,28
41347,28
41348,51
41349,63
41350,63
41352,51
41353,28
41354,51
41355,63
41356,63
41357,63
41358,63
41359,63
41360,51
41361,63
41376,82
41377,117
41378,62
41379,102
41380,110
41381,62
41382,32
41383,38
41384,102
41385,23
41386,27
41387,27
41388,102
41391,83
41392,111
41393,52
41395,111
41396,10
41397,10
41398,10
41400,82
41401,110
41402,102
41403,102
41404,34
41405,114
41406,102
41407,79
41408,98
41411,45
41424,84
41426,84
41427,51
41433,2
41434,19
41435,19
41436,2
41437,19
41438,19
41439,2
41440,19
41441,2
41442,19
41443,19
41444,19
41445,19
41446,19
41447,19
41448,19
41449,19
41450,19
41451,19
41452,19
41453,19
41454,19
41455,46
41456,46
41457,46
41458,46
41459,58
41460,46
41466,42
41467,61
41468,61
41469,61
41470,42
41471,9
41472,9
41473,61
41474,42
41475,36
41476,85
41477,78
41478,36
41486,41
41495,52
41508,95
41511,95
41512,14
41513,14
41517,14
41518,14
41519,14
41520,14
41521,22
41522,22
41523,22
41525,22
41527,105
41528,11
41529,11
41530,110
41531,11
41532,11
41533,95
41535,95
41536,11
41551,85
41552,10
41558,108
41563,89
41565,89
41570,89
41571,7
41583,20
41585,55
41586,10
41587,108
41588,10
41589,10
41590,111
41591,10
41592,55
41593,55
41594,111
41595,60
41596,83
41597,111
41598,10
41599,60
41601,90
41602,41
41603,68
41605,60
41606,18
41607,106
41608,10
41609,83
41610,111
41611,111
41620,41
41625,51
41629,51
41636,39
41637,39
41653,10
41654,60
41660,10
41661,10
41665,60
41666,60
41667,61
41668,61
41669,16
41670,61
41671,61
41672,61
41673,61
41674,61
41675,61
41676,42
41677,61
41678,61
41679,61
41680,61
41681,16
41682,42
41683,61
41684,42
41685,61
41686,42
41687,61
41688,61
41689,61
41691,61
41692,61
41693,50
41694,28
41695,21
41696,21
41697,107
41698,28
41699,50
41700,21
41701,21
41702,61
41703,61
41704,61
41705,61
41706,61
41707,61
41708,61
41709,42
41710,61
41712,61
41713,61
41714,42
41715,61
41716,61
41717,42
41718,9
41719,9
41720,61
41721,61
41722,9
41723,42
41724,61
41725,61
41726,61
41727,16
41728,42
41729,9
41730,61
41731,61
41733,9
41734,9
41735,61
41736,61
41737,42
41738,61
41739,16
41740,42
41741,61
41742,61
41743,61
41744,110
41745,47
41747,23
41748,1
41750,23
41751,117
41752,117
41753,98
41754,47
41755,82
41756,48
41757,117
41759,38
41760,23
41761,23
41762,89
41763,110
41764,98
41765,89
41766,7
41767,98
41768,62
41769,76
41770,89
41771,82
41772,82
41773,89
41774,89
41775,23
41776,23
41777,102
41778,82
41779,89
41780,7
41781,89
41782,62
41783,20
41784,89
41785,20
41786,89
41787,20
41788,62
41789,62
41790,20
41791,89
41792,89
41793,7
41794,97
41795,83
41796,38
41797,27
41798,89
41799,32
41800,34
41811,26
41814,26
41819,67
41821,19
41822,19
41824,19
41825,19
41827,119
41828,2
41829,42
41830,2
41831,6
41832,2
41833,109
41834,2
41836,2
41837,119
41838,119
41839,30
41840,19
41841,19
41842,119
41843,109
41844,36
41845,12
41846,12
41847,71
41848,12
41849,12
41850,22
41851,22
41852,22
41854,70
41855,95
41857,46
41858,85
41859,67
41861,46
41862,78
41863,46
41864,78
41865,9
41866,9
41867,67
41868,9
41869,9
41870,67
41871,78
41872,46
41873,78
41874,67
41875,78
41876,78
41877,9
41878,78
41879,78
41880,78
41888,63
41889,63
41890,21
41898,81
41899,81
41900,81
41901,81
41902,81
41903,81
41904,81
41905,81
41906,81
41907,81
41908,81
41909,81
41910,81
41912,30
41921,9
41938,30
41939,9
41940,9
41944,9
41945,9
41957,23
41958,23
41959,23
41960,83
41961,35
41962,35
41963,23
41965,98
41966,98
41967,110
41968,110
41969,98
41970,98
41971,82
41972,82
41973,48
41975,74
41976,74
41977,74
41979,62
41980,110
41981,110
41982,47
41983,80
41984,80
41985,117
41986,80
41987,1
41988,10
41989,10
41990,111
41991,111
41992,86
41993,86
41994,74
41995,73
41996,89
41997,34
41998,34
41999,48
42001,86
42002,86
42003,28
42004,28
42005,72
42006,17
42007,67
42010,67
42011,67
42013,19
42015,19
42016,19
42017,19
42019,2
42020,6
42021,119
42022,67
42023,19
42024,19
42025,16
42026,19
42027,2
42028,19
42029,16
42031,109
42033,119
42034,109
42035,16
42036,30
42037,30
42038,2
42039,19
42040,119
42041,119
42042,19
42043,119
42044,119
42045,6
42046,49
42049,72
42054,72
42056,17
42059,69
42060,72
42061,72
42062,8
42063,49
42064,54
42065,54
42066,49
42067,49
42068,49
42069,49
42070,49
42071,49
42072,49
42073,49
42074,49
42075,49
42076,37
42077,49
42078,37
42079,49
42080,49
42081,37
42082,49
42083,37
42084,37
42085,19
42086,19
42087,19
42088,6
42089,19
42090,9
42091,42
42092,30
42093,30
42094,19
42096,79
42097,41
42098,41
42102,15
42103,15
42104,21
42105,21
42106,79
42107,41
42108,114
42109,15
42110,15
42112,15
42113,50
42114,21
42115,21
42117,106
42118,114
42119,21
42120,86
42121,110
42122,21
42123,41
42124,19
42125,19
42126,19
42127,67
42128,19
42129,2
42130,19
42131,109
42132,6
42133,19
42134,6
42135,119
42136,19
42137,19
42138,2
42139,85
42140,119
42141,19
42142,19
42143,2
42144,2
42145,119
42146,19
42147,19
42148,16
42152,108
42153,15
42164,108
42165,15
42168,114
42171,41
42172,31
42173,106
42174,114
42175,79
42176,45
42177,2
42178,58
42181,119
42196,82
42197,97
42198,76
42199,38
42200,117
42201,76
42202,94
42203,7
42204,102
42205,82
42206,82
42207,32
42208,38
42209,20
42210,20
42211,20
42212,7
42213,76
42214,32
42215,82
42216,89
42217,97
42218,38
42220,113
42221,38
42222,38
42223,82
42224,32
42225,82
42226,82
42228,113
42229,117
42230,38
42231,38
42232,82
42233,38
42234,38
42235,62
42236,23
42237,113
42238,32
42239,38
42240,20
42241,82
42242,62
42244,32
42245,102
42247,113
42248,102
42249,82
42250,102
42251,84
42255,84
42256,51
42257,28
42258,63
42260,63
42261,63
42262,63
42263,63
42264,63
42265,63
42267,21
42268,58
42269,2
42270,2
42271,19
42272,2
42273,119
42274,2
42275,6
42276,2
42290,5
42308,65
42309,65
42313,65
42319,65
42320,65
42322,65
42323,65
42326,65
42327,65
42329,65
42330,65
42331,65
42348,28
42349,86
42350,86
42366,34
42380,41
42390,82
42391,47
42392,82
42393,34
42394,20
42395,62
42396,82
42397,62
42398,34
42399,102
42400,34
42401,102
42402,73
42407,96
42408,96
42409,0
42410,96
42411,96
42413,96
42414,96
42415,27
42416,89
42417,88
42418,5
42419,23
42422,27
42423,27
42424,113
42425,7
42426,38
42427,113
42428,76
42429,76
42430,38
42509,76
42510,76
42511,7
42512,113
42513,7
42514,38
42515,23
42516,38
42517,113
42518,27
42519,60
42520,83
42521,18
42522,76
42523,76
42524,113
42525,20
42527,38
42528,7
42529,27
42530,76
42531,27
42532,7
42533,27
42534,76
42535,97
42536,76
42537,97
42538,7
42539,20
42540,38
42541,38
42542,97
42543,7
42544,27
42545,76
42546,76
42547,97
42548,113
42549,76
42550,38
42551,38
42552,97
42553,76
42554,27
42555,66
42556,76
42557,27
42558,27
42559,76
42560,76
42561,94
42562,97
42563,102
42564,102
42565,113
42566,34
42582,47
42583,60
42584,79
42585,41
42586,23
42587,45
42589,107
42590,47
42591,89
42592,5
42594,50
42595,50
42598,10
42600,94
42601,59
42602,59
42603,59
42605,59
42606,59
42608,59
42609,59
42610,59
42611,59
42612,59
42613,59
42614,59
42615,59
42616,59
42617,59
42618,59
42619,59
42620,43
42621,43
42622,43
42623,43
42624,43
42625,43
42626,43
42628,43
42629,43
42631,44
42632,44
42633,44
42634,44
42635,44
42636,44
42637,44
42639,44
42640,7
42641,38
42642,38
42643,76
42644,113
42645,97
42646,27
42647,20
42648,97
42649,97
42650,7
42651,38
42652,97
42653,97
42654,27
42655,7
42656,27
42657,7
42658,38
42659,113
42660,32
42661,27
42662,27
42663,27
42664,32
42665,76
42666,113
42667,38
42668,113
42669,89
42670,97
42671,97
42672,76
42673,32
42674,27
42675,97
42676,97
42677,113
42678,38
42679,76
42680,113
42681,38
42682,38
42683,27
42684,27
42685,27
42686,27
42688,42
42689,61
42690,61
42691,9
42692,9
42693,9
42694,61
42695,61
42696,61
42697,61
42698,61
42699,61
42700,61
42701,61
42703,42
42705,78
42708,61
42713,42
42717,61
42718,61
42720,61
42722,61
42723,61
42724,61
42725,42
42727,42
42728,42
42729,9
42730,61
42731,42
42732,9
42733,61
42736,42
42737,61
42738,61
42740,42
42749,42
42750,61
42777,114
42778,23
42801,42
42802,2
42804,26
42805,26
42806,0
42807,29
42808,29
42809,29
42810,29
42811,29
42812,29
42813,29
42814,29
42815,26
42816,29
42817,29
42818,29
42819,29
42820,29
42821,29
42822,29
42823,29
42824,29
42825,29
42826,29
42827,29
42828,98
42829,57
42830,56
42831,93
42832,105
42833,54
42834,115
42835,54
42836,17
42837,54
42838,54
42839,105
42840,54
42841,71
42842,105
42843,115
42844,54
42845,71
42846,37
42847,17
42848,37
42849,17
42850,17
42851,105
42852,71
42853,17
42854,105
42855,17
42856,71
42857,72
42858,105
42859,105
42860,71
42861,105
42862,17
42863,17
42864,72
42865,54
42866,17
42867,17
42868,54
42869,54
42870,88
42871,17
42872,17
42873,105
42874,54
42875,17
42876,54
42877,72
42878,72
42879,17
42880,105
42881,115
42882,105
42883,54
42884,17
42885,17
42886,69
42887,17
42888,70
42889,17
42890,54
42891,70
42892,17
42893,49
42894,11
42895,11
42896,11
42897,11
42898,11
42899,11
42900,11
42901,11
42902,11
42903,11
42904,11
42905,11
42906,11
42907,11
42908,11
42909,11
42910,11
42911,11
42912,11
42913,11
42914,11
42915,11
42916,11
42917,17
42918,17
42919,49
42920,17
42921,49
42922,17
42923,17
42924,49
42925,49
42926,17
42927,72
42928,37
42929,71
42930,49
42931,49
42933,70
42934,12
42935,115
42936,105
42937,54
42938,54
42939,11
42940,11
42941,11
42942,11
42943,11
42944,11
42945,11
42946,11
42947,11
42948,11
42949,11
42950,11
42951,11
42952,11
42953,11
42954,11
42955,11
42956,11
42957,11
42958,11
42959,11
42960,11
42961,11
42962,11
42963,11
42964,11
42965,49
42966,49
42967,49
42969,118
42970,62
42971,48
42972,62
42973,48
42974,118
42975,0
42976,0
42977,0
42978,0
42979,0
42980,21
42981,0
42982,0
42983,0
42984,19
42985,16
42986,67
42987,19
42988,119
42989,46
42990,16
42991,19
42992,19
42993,36
42994,119
42995,2
42996,19
42997,30
42998,9
42999,119
43000,19
43001,19
43002,119
43003,119
43004,46
43005,46
43006,46
43007,46
43008,67
43009,16
43010,0
43011,0
43013,96
43014,96
43015,96
43020,96
43023,0
43025,96
43030,107
43032,111
43033,10
43034,55
43036,111
43037,111
43041,48
43042,48
43043,41
43044,86
43045,74
43046,1
43047,31
43049,98
43050,1
43051,74
43052,86
43053,80
43054,108
43055,47
43056,80
43059,1
43060,55
43061,80
43062,80
43063,98
43064,80
43065,79
43066,80
43067,79
43068,98
43069,106
43070,95
43071,95
43072,95
43073,95
43074,86
43075,74
43076,86
43077,50
43078,86
43079,47
43080,23
43081,50
43082,50
43083,28
43084,108
43085,117
43088,87
43089,81
43091,87
43092,87
43094,81
43098,81
43099,81
43100,81
43101,81
43102,87
43103,81
43104,81
43105,81
43106,87
43107,13
43109,13
43111,87
43113,81
43116,13
43119,13
43120,13
43122,17
43124,87
43125,13
43129,13
43130,13
43131,13
43132,13
43135,13
43137,13
43147,12
43148,40
43149,3
43150,40
43151,3
43152,3
43153,3
43154,40
43155,40
43156,3
43157,40
43158,3
43159,3
43160,3
43161,3
43162,3
43163,3
43164,40
43165,40
43166,3
43167,3
43168,3
43169,3
43170,3
43171,40
43172,40
43173,40
43174,40
43175,40
43176,40
43177,40
43178,3
43179,3
43180,40
43181,40
43182,40
43183,40
43184,3
43185,40
43186,40
43187,40
43188,3
43189,3
43190,3
43191,3
43192,3
43193,3
43194,3
43195,3
43196,3
43197,3
43198,3
43199,40
43200,40
43201,40
43202,40
43203,3
43204,40
43205,40
43206,40
43207,40
43208,40
43209,40
43210,40
43211,40
43212,3
43213,3
43214,40
43215,3
43216,40
43217,40
43218,3
43219,3
43220,119
43221,58
43222,2
43223,35
43224,28
43225,74
43226,34
43227,105
43228,71
43229,85
43230,93
43231,19
43232,19
43233,119
43234,19
43235,19
43236,119
43237,2
43239,19
43240,119
43241,19
43242,19
43246,28
43249,35
43252,7
43253,27
43254,48
43255,38
43256,7
43257,32
43258,38
43259,20
43260,7
43261,27
43262,97
43263,27
43264,27
43265,76
43266,38
43267,7
43268,7
43269,7
43270,7
43271,54
43273,54
43275,105
43277,105
43280,71
43281,54
43285,54
43286,69
43288,70
43289,88
43290,71
43291,54
43292,69
43293,70
43294,65
43297,109
43298,67
43299,30
43300,30
43301,30
43302,89
43303,89
43304,55
43305,102
43306,68
43307,39
43308,83
43309,74
43310,100
43311,102
43312,107
43313,82
43314,117
43315,32
43316,34
43317,89
43318,51
43319,55
43320,102
43321,102
43322,38
43323,38
43324,34
43325,102
43326,82
43327,108
43328,62
43329,102
43330,117
43331,89
43332,110
43333,105
43334,105
43335,19
43336,19
43337,119
43339,2
43340,19
43341,119
43342,19
43343,19
43345,119
43346,19
43348,19
43349,109
43350,2
43352,19
43353,2
43354,119
43355,2
43356,119
43357,119
43359,119
43360,19
43362,19
43363,16
43364,16
43365,6
43366,109
43367,16
43368,30
43369,30
43370,30
43371,19
43372,19
43373,19
43374,19
43375,30
43377,67
43378,46
43379,109
43380,19
43381,30
43382,78
43383,30
43384,37
43386,49
43387,49
43388,49
43389,49
43390,49
43391,49
43392,37
43393,37
43394,37
43395,49
43397,49
43398,87
43399,100
43400,22
43401,22
43402,22
43404,22
43405,22
43406,111
43410,55
43411,9
43420,63
43421,63
43422,63
43432,76
43435,7
43437,33
43457,38
43460,91
43461,91
43462,91
43463,91
43464,91
43465,91
43466,91
43467,91
43468,91
43469,91
43470,91
43471,33
43472,91
43473,6
43474,6
43475,6
43476,6
43477,6
43478,6
43479,6
43480,85
43481,68
43482,55
43483,55
43484,106
43485,111
43486,60
43487,106
43488,55
43489,51
43490,15
43491,79
43492,79
43493,108
43494,114
43495,94
43496,41
43497,106
43498,106
43499,15
43500,79
43501,106
43502,106
43503,23
43504,15
43505,41
43506,41
43507,31
43508,89
43509,89
43510,89
43511,89
43512,89
43513,7
43514,89
43515,38
43516,94
43517,94
43518,111
43519,41
43520,73
43521,51
43522,51
43523,84
43524,35
43525,100
43526,35
43527,62
43528,102
43529,98
43530,94
43531,110
43532,34
43533,102
43534,94
43535,7
43536,32
43537,113
43538,82
43539,34
43540,3
43543,111
43544,10
43545,78
43546,46
43547,78
43548,78
43552,95
43553,95
43554,99
43555,99
43556,22
43557,99
43558,22
43559,22
43560,99
43561,22
43562,99
43563,99
43564,99
43565,12
43566,75
43567,75
43568,12
43569,12
43570,54
43571,88
43572,54
43573,48
43574,48
43575,110
43576,110
43577,48
43578,48
43579,110
43581,47
43582,47
43584,48
43585,48
43586,73
43587,1
43588,74
43589,86
43590,23
43592,48
43593,48
43598,15
43613,1
43614,48
43615,32
43616,117
43617,102
43618,34
43619,117
43620,82
43621,23
43622,97
43623,113
43624,110
43625,89
43627,113
43628,62
43629,62
43630,98
43631,23
43632,89
43633,7
43634,76
43635,98
43636,117
43637,48
43638,23
43639,20
43640,34
43641,62
43642,97
43643,89
43644,89
43645,89
43646,89
43647,82
43648,89
43649,27
43650,27
43651,110
43652,7
43653,7
43654,32
43655,89
43656,21
43657,73
43658,89
43659,48
43660,20
43661,89
43662,20
43663,113
43664,7
43665,20
43666,89
43667,20
43668,102
43669,82
43670,102
43671,48
43672,89
43673,10
43674,89
43675,89
43676,32
43677,89
43678,47
43679,7
43680,89
43681,38
43682,23
43683,82
43685,47
43686,47
43687,48
43688,48
43689,98
43690,98
43691,117
43692,47
43693,47
43694,38
43695,117
43696,117
43697,114
43698,117
43699,62
43700,23
43701,101
43702,62
43703,59
43704,59
43705,59
43706,59
43707,59
43710,44
43711,44
43714,44
43715,44
43716,44
43718,44
43721,44
43722,44
43723,44
43724,44
43727,44
43730,44
43731,44
43734,44
43735,44
43737,44
43740,44
43744,44
43745,44
43748,44
43749,44
43751,44
43753,44
43754,44
43755,44
43756,44
43757,44
43759,43
43760,43
43763,43
43765,43
43768,43
43769,43
43770,43
43771,43
43772,43
43773,43
43776,43
43777,43
43778,43
43779,43
43780,43
43783,43
43784,43
43786,43
43787,43
43788,43
43789,43
43790,43
43791,43
43792,43
43793,43
43794,43
43795,43
43796,43
43797,43
43798,43
43802,43
43803,43
43806,43
43808,43
43811,43
43812,43
43813,43
43814,43
43815,43
43816,43
43817,43
43818,43
43819,43
43820,43
43821,43
43822,43
43825,43
43826,43
43827,43
43828,43
43829,43
43830,43
43831,43
43835,43
43837,43
43838,43
43841,43
43842,43
43844,43
43846,43
43848,43
43849,43
43850,43
43851,43
43852,43
43855,43
43856,43
43857,43
43858,43
43859,43
43860,43
43861,43
43862,43
43863,43
43864,43
43865,43
43866,43
43867,43
43869,43
43870,43
43871,19
43872,2
43873,2
43874,19
43875,2
43876,19
43877,19
43878,6
43879,6
43880,109
43881,2
43882,16
43883,2
43884,119
43885,42
43886,16
43887,42
43888,9
43889,42
43890,46
43891,46
43893,2
43897,31
43904,111
43908,32
43909,38
43910,113
43911,32
43912,28
43913,32
43914,73
43915,74
43916,74
43917,35
43918,100
43919,97
43920,32
43921,7
43922,82
43923,52
43924,68
43925,119
43927,61
43928,16
43929,16
43930,42
43931,16
43932,42
43933,42
43934,42
43935,61
43936,42
43937,9
43938,42
43939,61
43940,61
43941,61
43942,16
43943,42
43944,61
43945,61
43946,61
43947,61
43948,61
43949,61
43950,42
43951,61
43952,9
43953,9
43955,55
43956,46
43957,46
43958,46
43959,16
43960,60
43962,13
43963,13
43965,13
43966,13
43967,13
43968,13
43969,13
43970,13
43971,13
43972,13
43973,13
43974,13
43975,13
43977,13
43978,13
43979,13
43980,13
43981,13
43983,13
43986,13
43987,13
43988,13
43990,87
43991,87
43992,13
43993,87
43994,87
43996,81
43998,87
44000,87
44001,87
44002,13
44003,13
44004,13
44005,13
44006,81
44007,81
44008,81
44009,13
44010,81
44011,81
44012,13
44013,81
44014,13
44015,13
44016,81
44017,13
44018,13
44020,81
44022,87
44023,87
44024,13
44025,87
44026,13
44027,87
44028,87
44029,13
44030,13
44031,13
44032,13
44034,13
44035,13
44036,13
44037,13
44038,13
44039,87
44040,13
44041,87
44042,13
44044,13
44045,13
44046,13
44048,13
44049,87
44050,13
44051,13
44052,13
44053,13
44054,81
44055,13
44056,13
44057,13
44058,81
44063,81
44065,13
44068,87
44069,13
44070,13
44071,87
44072,87
44073,13
44074,87
44075,87
44076,87
44081,13
44083,13
44084,13
44085,13
44090,87
44091,13
44092,13
44093,13
44094,81
44095,81
44096,87
44097,87
44098,13
44099,13
44100,13
44101,81
44102,81
44103,81
44106,81
44107,13
44112,13
44113,13
44114,81
44115,13
44116,13
44117,81
44118,81
44122,87
44123,87
44124,87
44125,87
44126,13
44127,87
44128,87
44130,81
44131,13
44132,13
44133,13
44134,87
44135,13
44136,13
44137,13
44138,13
44139,13
44140,13
44142,13
44143,13
44144,13
44146,87
44147,87
44148,87
44149,87
44150,81
44151,87
44152,87
44153,87
44154,81
44155,81
44156,87
44157,81
44158,13
44159,87
44161,81
44162,87
44163,87
44164,81
44165,81
44166,81
44167,81
44168,81
44169,81
44170,81
44171,13
44172,87
44173,87
44174,87
44175,87
44176,81
44177,87
44178,87
44179,87
44180,87
44181,87
44182,87
44183,87
44184,87
44185,87
44186,81
44187,87
44188,67
44189,9
44190,9
44191,9
44192,30
44193,9
44194,9
44195,9
44196,30
44197,61
44198,42
44199,61
44200,30
44201,9
44202,9
44203,9
44204,9
44205,9
44206,9
44207,9
44208,9
44209,67
44210,9
44211,9
44212,9
44213,30
44214,9
44215,30
44216,30
44217,30
44218,9
44219,80
44220,1
44221,47
44222,98
44223,80
44224,94
44225,47
44226,41
44227,119
44228,19
44229,19
44230,109
44231,19
44232,19
44233,2
44234,2
44235,109
44236,119
44237,16
44238,58
44239,78
44240,67
44242,54
44244,54
44245,105
44249,69
44250,69
44251,105
44252,70
44253,49
44254,49
44255,49
44257,72
44258,17
44259,17
44265,49
44266,37
44268,49
44269,49
44270,49
44271,49
44272,49
44273,49
44274,49
44278,71
44279,12
44280,12
44282,75
44284,12
44285,96
44287,106
44288,51
44289,84
44290,51
44292,111
44293,10
44304,21
44309,21
44310,10
44311,111
44313,84
44315,50
44333,108
44338,114
44341,114
44342,31
44343,31
44348,60
44371,52
44375,10
44376,10
44377,87
44378,13
44379,81
44380,13
44381,13
44382,87
44383,87
44384,87
44385,87
44386,87
44387,87
44389,81
44391,87
44396,2
44397,2
44398,2
44399,19
44400,19
44401,36
44402,19
44403,6
44404,6
44405,6
44406,6
44407,19
44408,119
44410,36
44411,36
44412,36
44413,36
44414,119
44415,85
44416,36
44417,36
44418,85
44419,85
44420,6
44421,36
44422,36
44424,16
44425,58
44426,16
44427,36
44428,36
44429,36
44433,36
44434,85
44435,36
44436,36
44437,6
44440,46
44441,46
44442,46
44443,46
44444,46
44445,30
44446,9
44447,46
44448,46
44454,42
44456,42
44458,42
44460,42
44461,61
44462,61
44463,9
44464,46
44465,61
44470,9
44473,46
44482,6
44492,2
44493,19
44494,2
44497,6
44500,19
44501,19
44502,19
44503,16
44509,109
44510,2
44511,67
44512,46
44516,67
44517,78
44518,67
44520,78
44521,46
44522,19
44523,78
44525,46
44528,46
44529,36
44530,46
44532,46
44533,46
44534,16
44535,46
44537,46
44539,67
44541,67
44544,42
44545,78
44546,46
44547,78
44548,46
44549,67
44550,78
44551,46
44552,78
44553,78
44554,67
44555,78
44556,67
44559,67
44560,46
44561,67
44562,78
44563,67
44564,78
44565,46
44566,78
44567,78
44568,78
44569,78
44570,46
44572,46
44573,78
44577,46
44578,63
44579,63
44580,51
44581,50
44582,63
44583,63
44584,63
44585,51
44586,63
44587,63
44588,111
44589,11
44590,11
44591,11
44592,11
44593,11
44594,11
44596,11
44600,72
44601,37
44604,37
44608,37
44610,2
44611,2
44612,109
44613,2
44614,2
44615,30
44616,9
44618,67
44619,30
44621,95
44622,95
44623,95
44624,95
44625,86
44626,1
44627,86
44628,106
44629,28
44630,51
44631,28
44632,28
44633,102
44634,15
44635,106
44636,79
44637,31
44638,2
44639,19
44640,58
44642,102
44643,62
44644,62
44645,32
44646,5
44647,101
44648,68
44649,34
44655,98
44656,107
44657,109
44658,58
44659,2
44660,2
44661,12
44662,93
44663,51
44664,51
44665,84
44666,84
44667,51
44668,102
44669,34
44670,47
44672,10
44674,90
44675,117
44676,47
44677,27
44678,34
44679,82
44680,62
44681,32
44682,89
44683,62
44684,89
44686,100
44687,89
44688,27
44689,34
44690,32
44691,117
44692,32
44693,34
44694,82
44695,32
44696,111
44697,98
44698,10
44699,102
44700,110
44701,34
44702,38
44703,34
44705,110
44706,47
44708,107
44709,30
44710,30
44711,30
44712,67
44713,67
44714,30
44715,30
44716,30
44717,30
44718,16
44719,67
44720,30
44721,30
44722,9
44723,9
44724,30
44725,9
44726,9
44728,9
44729,42
44730,67
44731,30
44732,30
44733,9
44734,9
44735,9
44736,36
44737,85
44738,109
44739,119
44740,19
44741,19
44742,36
44743,19
44744,2
44745,19
44746,2
44747,2
44748,19
44749,119
44750,2
44751,6
44752,19
44753,2
44754,119
44755,16
44756,36
44757,36
44758,19
44759,19
44760,19
44761,19
44762,119
44763,109
44764,2
44765,119
44766,36
44767,19
44768,2
44769,119
44770,2
44771,2
44772,119
44773,19
44774,19
44775,19
44776,2
44777,2
44778,2
44779,119
44780,109
44781,109
44782,19
44783,19
44784,19
44785,19
44786,109
44788,0
44790,0
44791,0
44796,96
44799,62
44800,20
44801,110
44802,117
44803,34
44804,62
44805,98
44806,82
44807,110
44808,82
44809,62
44810,20
44811,110
44812,20
44813,62
44814,102
44815,35
44816,35
44817,85
44821,36
44824,78
44829,79
44830,106
44831,15
44832,15
44833,79
44834,15
44835,106
44836,79
44837,98
44838,114
44839,15
44840,79
44841,79
44842,15
44843,79
44844,15
44845,31
44846,15
44847,31
44848,15
44849,95
44850,15
44851,31
44852,106
44853,95
44854,112
44855,31
44856,31
44857,15
44858,31
44859,15
44860,31
44861,108
44862,79
44863,79
44864,79
44865,79
44866,114
44867,108
44868,15
44869,15
44870,21
44871,21
44872,21
44873,79
44874,41
44875,106
44876,79
44877,31
44878,114
44879,15
44880,15
44881,28
44882,28
44883,106
44884,15
44885,31
44886,15
44887,41
44888,31
44889,79
44890,31
44891,41
44892,15
44893,106
44894,31
44895,108
44896,114
44897,106
44898,15
44899,15
44900,79
44901,15
44902,21
44903,112
44904,114
44905,86
44906,74
44907,45
44908,79
44909,79
44910,114
44911,4
44912,28
44913,50
44914,50
44915,114
44916,86
44917,50
44918,74
44919,21
44920,21
44921,21
44922,21
44923,51
44924,63
44925,84
44926,23
44927,106
44928,83
44929,15
44930,63
44931,63
44932,63
44933,78
44934,6
44936,85
44937,85
44938,85
44939,36
44940,85
44941,36
44942,78
44943,36
44944,89
44945,50
44947,19
44948,119
44949,81
44950,81
44951,87
44952,87
44953,81
44954,81
44955,81
44956,87
44957,81
44958,87
44959,87
44960,87
44961,87
44962,40
44963,3
44964,3
44965,3
44966,3
44967,3
44968,40
44969,3
44970,3
44971,40
44974,3
44975,3
44976,40
44977,3
44978,40
44979,3
44980,40
44981,40
44982,3
44983,3
44984,3
44985,40
44986,13
44987,3
44988,3
44989,3
44990,3
44991,3
44992,40
44993,3
44994,40
44995,40
44996,3
44997,40
44998,59
44999,40
45000,40
45001,40
45002,40
45003,40
45004,40
45005,40
45006,40
45007,40
45008,40
45009,40
45010,40
45011,40
45012,3
45013,3
45014,40
45015,40
45016,40
45017,3
45018,3
45019,40
45020,3
45021,3
45022,3
45023,3
45024,3
45025,3
45026,3
45027,40
45028,3
45029,40
45030,40
45031,3
45032,3
45033,3
45034,40
45035,40
45036,40
45037,3
45038,40
45039,3
45040,40
45041,40
45042,40
45043,40
45044,40
45045,3
45046,40
45047,40
45048,40
45049,30
45075,26
45076,26
45080,26
45082,89
45083,89
45084,89
45085,91
45086,91
45087,91
45088,26
45089,26
45091,26
45092,26
45093,26
45094,29
45095,91
45096,26
45097,66
45098,19
45100,26
45102,62
45103,103
45107,40
45108,40
45109,3
45110,3
45111,3
45112,40
45113,40
45114,3
45115,3
45116,40
45117,3
45118,40
45119,40
45120,3
45121,40
45122,3
45123,3
45124,3
45125,3
45126,3
45127,40
45128,3
45129,40
45130,40
45131,40
45132,3
45133,3
45134,3
45135,3
45136,3
45137,40
45138,40
45139,3
45140,40
45141,40
45142,40
45143,3
45144,3
45145,3
45146,3
45147,3
45148,3
45149,40
45150,3
45151,3
45152,40
45153,3
45154,3
45155,40
45156,40
45157,3
45158,40
45159,40
45160,40
45161,40
45162,40
45163,40
45164,3
45165,3
45166,40
45167,3
45168,40
45169,3
45170,3
45171,40
45172,40
45173,40
45174,40
45175,3
45177,40
45178,40
45179,3
45185,3
45186,3
45187,3
45188,3
45189,3
45190,3
45191,40
45192,3
45193,24
45194,3
45195,3
45196,3
45197,40
45198,3
45199,3
45200,3
45201,3
45202,40
45203,40
45204,3
45205,3
45206,3
45207,3
45208,3
45209,3
45210,3
45211,3
45212,3
45213,3
45214,40
45215,3
45216,3
45217,3
45218,40
45219,3
45220,40
45221,40
45222,3
45223,3
45224,40
45225,40
45226,3
45227,40
45228,40
45229,40
45230,3
45231,40
45232,40
45233,40
45234,40
45235,40
45236,40
45237,40
45238,3
45239,40
45240,40
45242,40
45243,3
45244,40
45245,40
45246,40
45247,40
45248,40
45249,40
45250,40
45251,40
45252,40
45253,40
45254,40
45255,40
45256,40
45257,3
45258,40
45259,40
45260,40
45261,40
45262,40
45263,40
45264,40
45265,40
45266,40
45268,40
45269,40
45270,3
45271,40
45272,3
45273,3
45274,17
45276,72
45277,37
45278,8
45279,3
45280,72
45281,72
45282,72
45283,17
45285,40
45286,40
45287,40
45288,40
45289,40
45290,40
45291,40
45292,3
45293,3
45294,40
45295,3
45296,3
45297,3
45298,40
45299,3
45301,40
45303,11
45304,11
45307,11
45308,11
45309,11
45310,11
45312,11
45313,11
45315,11
45317,11
45318,11
45319,42
45320,9
45321,61
45322,61
45323,61
45324,61
45325,61
45326,61
45327,61
45328,42
45329,61
45330,9
45331,42
45332,9
45333,61
45334,42
45335,61
45336,61
45337,61
45338,61
45339,61
45340,61
45341,61
45342,61
45343,61
45344,61
45345,61
45346,16
45347,61
45348,42
45349,61
45350,42
45351,61
45352,61
45353,61
45354,16
45355,61
45356,42
45357,61
45358,61
45359,61
45360,42
45361,61
45362,61
45363,61
45364,61
45365,42
45366,61
45367,9
45368,16
45369,42
45370,61
45371,61
45372,16
45373,42
45374,42
45375,61
45376,61
45377,9
45378,42
45379,61
45380,9
45382,42
45383,61
45384,61
45385,61
45386,42
45387,42
45388,61
45389,42
45390,42
45391,42
45392,61
45393,9
45394,42
45395,42
45396,42
45398,16
45399,9
45400,9
45401,42
45402,61
45403,61
45404,61
45405,61
45406,42
45407,61
45408,9
45409,9
45410,61
45411,42
45412,42
45413,42
45414,42
45415,61
45416,61
45417,42
45418,42
45419,42
45420,61
45421,61
45422,61
45423,9
45424,9
45425,42
45426,61
45440,114
45441,41
45488,86
45489,50
45499,86
45500,86
45512,41
45531,101
45533,41
45534,47
45535,79
45536,47
45561,110
45564,81
45565,81
45566,81
45567,81
45568,23
45574,36
45575,6
45576,36
45577,46
45578,78
45579,67
45580,67
45581,67
45582,36
45583,85
45584,36
45585,85
45586,36
45587,85
45588,36
45589,85
45590,36
45591,36
45592,85
45593,36
45594,46
45595,85
45596,36
45597,85
45598,36
45599,85
45600,36
45601,36
45602,85
45603,36
45604,85
45605,36
45606,85
45607,36
45608,85
45609,36
45610,36
45611,36
45612,85
45613,85
45614,36
45615,36
45616,36
45617,85
45618,109
45619,58
45620,85
45622,36
45623,6
45624,36
45625,85
45626,96
45627,96
45628,96
45629,96
45630,96
45631,96
45632,96
45633,96
45634,96
45635,96
45636,96
45637,96
45638,96
45639,96
45640,96
45641,96
45642,96
45643,96
45644,96
45645,96
45646,96
45647,96
45648,96
45649,96
45650,0
45651,0
45652,0
45653,0
45654,0
45655,0
45656,0
45657,0
45658,0
45659,101
45660,101
45661,101
45662,101
45663,101
45664,101
45665,101
45668,13
45669,13
45670,13
45671,87
45672,87
45673,13
45675,13
45676,81
45677,87
45683,13
45685,13
45687,87
45690,13
45691,13
45692,81
45693,8
45698,81
45708,13
45709,81
45710,87
45711,13
45712,13
45715,81
45716,87
45717,81
45718,81
45719,81
45720,81
45721,81
45723,76
45724,7
45725,38
45727,62
45731,32
45732,97
45733,20
45735,32
45736,97
45737,113
45739,32
45742,76
45748,27
45751,7
45752,113
45757,7
45758,87
45759,87
45760,87
45761,87
45762,81
45763,87
45764,87
45765,81
45766,87
45767,87
45768,87
45769,87
45770,87
45771,87
45772,87
45773,87
45774,81
45775,62
45776,98
45777,98
45778,7
45779,89
45780,97
45781,97
45782,117
45783,9
45784,42
45785,42
45786,9
45788,61
45789,9
45795,42
45796,9
45797,61
45799,61
45800,9
45802,9
45803,42
45804,42
45806,61
45809,61
45810,9
45811,61
45815,61
45816,61
45817,61
45821,61
45822,61
45823,9
45824,9
45825,61
45826,61
45829,61
45831,32
45832,32
45834,7
45835,38
45836,113
45837,20
45838,76
45843,27
45845,113
45848,7
45850,38
45856,76
45859,27
45861,27
45863,38
45864,19
45865,119
45866,2
45869,40
45870,3
45871,3
45872,40
45873,3
45874,3
45875,3
45876,3
45877,3
45878,3
45879,3
45880,3
45881,3
45882,3
45883,40
45884,40
45885,40
45886,3
45887,3
45888,3
45889,3
45890,40
45891,3
45892,3
45893,40
45894,40
45895,40
45896,3
45897,3
45898,3
45899,3
45900,40
45901,3
45902,40
45903,40
45904,40
45905,40
45906,40
45907,3
45908,3
45909,3
45910,3
45911,3
45912,3
45913,3
45914,40
45915,3
45916,40
45917,40
45918,3
45919,40
45920,3
45921,3
45922,3
45923,3
45924,3
45925,3
45926,40
45927,40
45928,40
45929,3
45930,40
45931,40
45932,3
45933,3
45934,3
45935,3
45936,3
45937,3
45938,40
45939,3
45940,40
45941,62
45942,48
45943,113
45946,102
45947,62
45949,110
45954,112
45955,82
45958,110
45959,62
45960,98
45962,117
45963,110
45964,110
45965,34
45968,110
45969,110
45970,34
45972,98
45973,82
45976,110
45977,117
45979,110
45980,82
45981,34
45982,82
45983,82
45984,65
45985,65
45986,65
45987,65
45988,65
45989,65
45990,65
45991,65
45992,65
45993,65
45994,65
45995,65
45996,65
45997,65
45998,65
45999,65
46000,65
46001,65
46002,65
46003,65
46004,65
46005,65
46006,65
46007,65
46008,65
46009,65
46010,65
46011,65
46012,65
46013,65
46014,76
46015,27
46016,27
46017,7
46018,113
46019,27
46020,32
46021,76
46022,32
46025,24
46026,59
46027,59
46029,24
46030,59
46031,24
46032,59
46034,59
46036,59
46039,59
46040,59
46042,59
46044,43
46045,43
46046,43
46047,43
46048,43
46049,43
46050,43
46051,43
46052,43
46054,44
46055,44
46057,44
46059,44
46060,44
46066,11
46067,11
46068,11
46069,11
46070,11
46071,11
46072,11
46073,11
46074,11
46075,11
46076,46
46077,46
46079,2
46080,109
46081,46
46082,19
46083,19
46084,16
46086,19
46087,16
46089,19
46090,2
46092,109
46093,58
46094,46
46095,30
46096,42
46098,6
46099,2
46100,2
46101,30
46102,58
46103,30
46104,67
46105,67
46106,30
46107,30
46108,30
46109,30
46110,30
46111,30
46112,109
46113,58
46114,36
46115,6
46116,119
46117,58
46118,19
46121,68
46122,24
46123,59
46124,59
46125,59
46126,59
46128,59
46129,59
46130,59
46132,59
46133,59
46134,59
46135,59
46137,59
46139,59
46140,59
46144,59
46145,59
46147,59
46150,59
46151,59
46152,59
46153,59
46154,59
46155,59
46156,59
46158,59
46159,56
46160,44
46162,59
46163,59
46164,59
46165,59
46167,59
46168,59
46169,59
46170,59
46174,59
46175,59
46176,59
46177,59
46180,59
46182,59
46184,59
46185,59
46187,59
46188,59
46190,59
46192,59
46195,59
46198,59
46203,44
46205,44
46207,44
46208,44
46210,44
46212,44
46215,119
46216,89
46239,55
46240,32
46241,76
46242,97
46243,32
46244,97
46245,76
46246,113
46247,7
46248,113
46249,7
46250,38
46251,38
46252,117
46253,76
46254,7
46255,76
46256,62
46257,62
46258,34
46259,113
46261,27
46262,34
46263,97
46264,34
46265,27
46266,82
46267,53
46268,102
46269,82
46270,20
46271,89
46272,76
46273,97
46274,34
46275,32
46276,62
46277,89
46278,7
46279,38
46280,7
46281,97
46282,117
46283,32
46284,62
46285,89
46286,27
46287,97
46288,117
46289,6
46290,2
46291,19
46292,87
46293,87
46294,87
46295,87
46296,87
46297,87
46298,87
46299,13
46300,13
46301,13
46302,81
46303,13
46304,13
46305,11
46306,11
46307,11
46308,3
46309,40
46310,40
46311,3
46312,3
46313,3
46314,40
46315,40
46316,3
46317,3
46318,40
46323,6
46324,19
46325,119
46326,2
46327,119
46328,19
46331,58
46332,119
46333,19
46334,16
46335,46
46336,119
46337,58
46338,119
46342,63
46344,63
46348,10
46351,39
46352,52
46353,107
46359,10
46360,111
46361,111
46362,83
46365,60
46367,10
46376,111
46377,10
46378,10
46379,83
46380,60
46381,15
46382,114
46383,68
46384,15
46385,108
46386,114
46387,86
46388,79
46389,94
46390,73
46391,15
46392,15
46393,106
46394,107
46395,111
46396,111
46397,60
46398,31
46399,21
46400,21
46401,55
46402,114
46403,101
46404,114
46405,94
46406,108
46407,31
46408,52
46409,114
46410,52
46411,80
46412,47
46413,52
46414,51
46417,40
46418,3
46419,40
46420,3
46422,3
46423,3
46424,40
46425,3
46426,3
46427,40
46428,40
46431,3
46432,40
46433,3
46434,40
46437,3
46438,40
46439,40
46440,3
46441,3
46442,3
46443,40
46444,40
46447,3
46448,40
46449,3
46450,40
46451,3
46452,40
46453,3
46454,40
46455,40
46458,3
46459,3
46460,3
46461,3
46462,3
46463,40
46464,40
46465,3
46466,3
46467,3
46468,3
46469,40
46470,3
46471,3
46472,3
46473,3
46474,40
46475,3
46476,3
46477,3
46478,3
46479,40
46480,3
46481,24
46482,3
46483,40
46484,3
46485,40
46486,40
46487,3
46488,40
46489,40
46490,3
46491,40
46492,40
46493,3
46494,40
46495,3
46498,40
46499,40
46500,3
46501,40
46502,40
46503,3
46505,3
46507,40
46508,3
46509,40
46510,40
46511,40
46512,3
46513,3
46514,3
46515,40
46516,3
46517,3
46519,3
46521,40
46523,40
46524,3
46525,3
46526,3
46527,3
46528,40
46529,3
46530,3
46531,3
46532,3
46534,40
46536,40
46537,3
46538,3
46539,40
46540,40
46541,3
46542,40
46543,3
46544,40
46545,40
46546,40
46547,3
46549,40
46552,3
46553,3
46554,40
46556,40
46557,40
46558,40
46559,40
46560,40
46561,40
46562,40
46563,40
46564,3
46565,3
46566,40
46567,3
46568,40
46569,40
46570,40
46572,40
46573,40
46574,3
46575,3
46576,3
46577,40
46578,40
46579,3
46580,15
46581,42
46582,61
46583,42
46584,61
46585,61
46586,42
46587,61
46588,61
46589,61
46590,61
46591,61
46593,61
46594,61
46595,61
46596,61
46597,61
46598,61
46599,61
46600,61
46601,61
46602,61
46603,61
46604,61
46605,61
46606,9
46607,16
46608,61
46609,61
46610,9
46611,61
46612,61
46613,61
46614,61
46615,9
46616,61
46617,61
46618,61
46619,61
46620,42
46621,61
46622,61
46623,12
46624,87
46625,87
46626,13
46627,87
46628,87
46629,87
46630,87
46631,81
46632,87
46633,81
46634,87
46635,87
46636,87
46637,87
46641,87
46642,87
46643,87
46644,87
46646,87
46647,87
46649,87
46650,87
46651,87
46652,81
46653,81
46654,87
46655,87
46656,87
46657,87
46658,87
46659,87
46660,87
46661,87
46662,13
46663,87
46665,81
46666,81
46667,81
46668,81
46669,81
46671,87
46674,13
46675,81
46676,87
46677,87
46679,81
46680,87
46681,87
46682,13
46683,87
46684,13
46686,87
46687,87
46688,13
46689,13
46690,13
46691,13
46692,13
46693,87
46694,13
46699,13
46700,13
46702,13
46703,13
46705,13
46706,13
46708,81
46710,87
46712,13
46714,87
46715,13
46716,13
46717,13
46719,13
46720,13
46721,13
46723,87
46724,87
46725,81
46726,13
46727,13
46728,87
46729,13
46731,98
46732,74
46733,50
46734,3
46735,40
46736,40
46737,3
46738,3
46739,40
46740,40
46741,106
46742,50
46743,28
46744,86
46745,28
46746,28
46747,28
46748,28
46749,28
46750,81
46751,87
46752,13
46753,13
46754,13
46755,13
46758,13
46759,13
46760,13
46761,13
46762,13
46763,13
46764,87
46765,87
46766,13
46767,13
46768,13
46770,13
46772,13
46773,13
46774,13
46775,13
46776,13
46777,13
46779,13
46780,13
46781,13
46782,13
46783,87
46784,13
46785,87
46786,13
46787,13
46788,13
46789,13
46790,87
46791,87
46792,13
46793,13
46795,36
46796,36
46797,2
46798,19
46799,119
46800,119
46801,19
46802,19
46803,19
46804,19
46805,119
46806,58
46807,119
46808,109
46809,48
46810,117
46811,80
46813,5
46814,5
46815,32
46816,32
46817,42
46818,61
46819,30
46820,61
46821,61
46822,61
46823,9
46824,9
46825,9
46826,42
46827,42
46828,61
46830,61
46831,48
46833,80
46834,86
46835,86
46836,30
46839,9
46841,16
46842,58
46844,30
46845,30
46846,30
46850,30
46851,30
46852,30
46859,30
46860,9
46861,30
46862,22
46863,22
46864,22
46865,22
46866,22
46867,22
46868,22
46869,22
46870,22
46872,99
46873,22
46874,99
46875,22
46876,22
46877,22
46878,22
46879,22
46881,30
46883,119
46884,46
46885,30
46890,63
46892,63
46893,63
46894,63
46895,63
46896,63
46897,81
46898,81
46899,81
46900,81
46901,81
46903,63
46905,63
46906,63
46908,50
46909,50
46910,51
46914,63
46917,13
46918,13
46919,13
46920,13
46921,87
46922,87
46923,87
46924,13
46925,13
46926,13
46927,13
46928,13
46929,13
46930,13
46931,13
46932,13
46933,13
46934,13
46935,87
46936,87
46937,87
46938,81
46939,13
46940,13
46941,13
46943,13
46944,13
46945,13
46946,87
46947,13
46948,13
46949,13
46950,13
46951,13
46952,13
46953,13
46954,13
46955,87
46956,87
46957,13
46958,30
46959,30
46962,109
46963,30
46965,54
46966,105
46967,54
46971,105
46972,88
46973,54
46974,105
46975,8
46976,54
46977,54
46978,105
46979,115
46980,54
46981,105
46982,54
46984,54
46985,54
46986,70
46987,54
46988,54
46991,113
46992,76
46995,7
46996,76
46997,76
46998,76
46999,7
47000,7
47002,76
47003,32
47004,76
47005,7
47006,76
47007,76
47008,27
47009,76
47010,76
47011,76
47012,76
47014,7
47015,76
47016,76
47017,76
47018,66
47019,113
47020,97
47022,7
47023,97
47025,7
47026,97
47027,66
47028,27
47029,76
47030,38
47031,76
47032,7
47033,97
47034,97
47035,27
47036,113
47037,76
47038,7
47039,38
47040,38
47041,104
47042,104
47043,104
47044,104
47045,104
47046,104
47047,104
47048,104
47049,104
47050,104
47051,104
47052,104
47053,104
47054,104
47055,104
47056,104
47057,104
47058,104
47060,104
47061,104
47062,104
47063,104
47064,104
47065,104
47066,104
47067,104
47068,104
47069,104
47070,104
47071,104
47072,104
47073,104
47074,104
47075,104
47076,104
47077,104
47078,104
47079,104
47080,104
47084,57
47087,30
47088,30
47089,30
47090,67
47091,9
47092,109
47095,109
47096,58
47097,58
47099,30
47100,58
47101,109
47105,30
47106,30
47108,46
47109,16
47110,16
47111,73
47112,30
47113,30
47114,109
47115,30
47117,109
47118,58
47119,46
47120,46
47121,109
47122,58
47123,16
47124,16
47125,109
47126,71
47127,71
47128,70
47129,70
47131,69
47132,69
47133,69
47135,40
47136,70
47137,71
47138,70
47139,54
47140,69
47141,12
47142,69
47143,69
47144,70
47145,8
47146,115
47147,93
47148,54
47151,86
47153,86
47154,86
47155,37
47156,49
47157,11
47158,11
47159,11
47160,11
47161,11
47162,11
47163,11
47164,11
47165,11
47166,11
47168,16
47169,36
47170,85
47171,46
47172,46
47173,78
47174,67
47175,67
47176,67
47177,67
47178,46
47179,36
47180,36
47181,6
47182,2
47183,58
47184,36
47185,36
47186,85
47187,36
47188,85
47189,36
47190,85
47191,36
47192,85
47193,85
47194,85
47195,67
47196,67
47197,67
47198,85
47199,85
47200,36
47201,85
47202,36
47203,85
47204,85
47205,85
47206,36
47207,85
47208,85
47209,36
47210,85
47211,36
47212,85
47213,36
47214,85
47215,67
47216,78
47217,67
47218,78
47219,36
47220,36
47221,78
47222,78
47223,67
47224,78
47225,36
47226,36
47227,36
47228,85
47229,67
47230,78
47231,46
47232,78
47233,67
47234,78
47235,2
47236,6
47237,119
47238,36
47239,58
47240,16
47241,119
47242,16
47243,16
47244,109
47245,16
47246,16
47247,109
47248,58
47249,96
47250,96
47251,96
47252,96
47253,96
47254,96
47255,96
47256,96
47257,96
47258,96
47259,96
47260,96
47261,96
47262,96
47263,96
47264,96
47265,96
47266,96
47267,96
47268,96
47269,96
47270,0
47271,0
47272,0
47273,96
47274,96
47275,96
47276,0
47277,0
47278,36
47279,85
47280,106
47281,98
47282,48
47283,1
47284,79
47285,1
47286,49
47287,72
47288,49
47289,69
47290,72
47291,72
47292,88
47293,37
47294,88
47295,88
47296,105
47297,71
47298,88
47299,37
47300,37
47301,105
47302,37
47303,49
47304,72
47305,105
47306,88
47307,72
47308,88
47309,8
47310,72
47311,72
47312,105
47313,37
47314,72
47315,72
47316,88
47317,17
47318,72
47319,17
47320,8
47321,72
47322,37
47323,72
47324,37
47325,54
47326,54
47327,105
47328,8
47329,72
47330,37
47331,72
47332,72
47333,17
47334,54
47335,8
47336,8
47337,115
47338,69
47339,70
47340,8
47341,17
47342,70
47343,105
47344,72
47345,37
47346,17
47347,8
47348,17
47349,105
47350,8
47351,49
47352,71
47353,71
47354,105
47355,88
47356,37
47357,88
47358,17
47359,105
47360,8
47361,54
47362,17
47363,17
47364,69
47365,72
47366,70
47367,115
47368,105
47369,72
47370,49
47371,72
47372,105
47373,8
47374,105
47375,71
47376,105
47377,105
47378,70
47379,70
47380,70
47381,105
47382,69
47383,70
47384,72
47385,105
47386,71
47387,17
47388,72
47389,71
47390,105
47391,71
47392,71
47393,115
47394,115
47395,8
47396,75
47397,8
47398,71
47399,8
47400,72
47401,72
47402,105
47403,72
47404,72
47405,72
47406,37
47407,72
47408,37
47409,72
47410,70
47411,88
47412,69
47413,72
47414,72
47415,17
47416,72
47417,69
47418,71
47419,54
47420,17
47421,115
47422,49
47423,69
47424,37
47425,72
47426,72
47427,72
47428,37
47429,88
47430,105
47431,8
47432,37
47433,105
47434,88
47446,67
47447,9
47448,78
47450,42
47451,61
47452,42
47453,9
47454,42
47455,9
47456,9
47457,9
47458,42
47459,78
47463,42
47464,9
47474,42
47475,42
47476,78
47477,42
47488,46
47492,58
47493,9
47495,9
47501,58
47502,101
47503,108
47504,101
47505,94
47506,114
47507,101
47508,96
47509,96
47510,96
47511,96
47512,96
47513,96
47514,96
47515,96
47516,96
47517,96
47518,96
47519,96
47520,96
47521,96
47522,96
47523,96
47524,96
47525,96
47526,96
47527,96
47528,61
47529,61
47530,61
47531,61
47532,61
47533,61
47534,61
47535,61
47536,61
47537,61
47538,61
47539,61
47540,61
47541,61
47542,61
47543,61
47544,9
47545,9
47546,9
47547,9
47548,61
47549,61
47550,42
47551,16
47552,61
47553,61
47554,9
47555,61
47556,61
47557,42
47558,9
47559,42
47560,9
47561,9
47562,9
47563,42
47564,9
47565,42
47566,9
47567,42
47568,42
47569,42
47570,42
47571,61
47572,61
47573,61
47574,61
47575,61
47576,61
47577,61
47578,61
47579,61
47580,61
47581,61
47582,61
47583,61
47584,61
47585,61
47586,61
47587,61
47588,61
47589,61
47590,61
47591,61
47592,61
47593,42
47594,61
47595,61
47596,61
47597,61
47598,61
47599,61
47600,61
47601,61
47602,61
47603,61
47604,9
47605,9
47606,9
47607,42
47608,42
47609,42
47610,61
47611,61
47612,42
47613,61
47614,9
47615,9
47616,61
47617,61
47618,9
47619,61
47620,9
47621,61
47622,61
47623,9
47624,9
47625,9
47626,61
47627,61
47629,42
47630,9
47631,9
47632,61
47633,9
47634,9
47635,9
47636,9
47637,61
47638,42
47639,61
47640,61
47641,61
47642,36
47643,6
47644,85
47645,36
47646,85
47647,36
47648,85
47649,85
47650,89
47651,97
47652,53
47653,53
47654,89
47655,89
47656,89
47657,5
47658,5
47659,62
47660,32
47661,27
47662,34
47663,53
47664,53
47665,53
47666,53
47667,53
47668,53
47669,53
47670,53
47671,53
47672,34
47673,97
47674,89
47675,89
47676,89
47677,84
47678,97
47679,0
47680,16
47681,46
47682,36
47689,105
47692,115
47724,105
47732,105
47734,115
47761,54
47794,105
47812,69
47814,69
47857,54
47868,71
47880,105
47881,54
47886,105
47888,48
47889,105
47896,8
47911,8
47916,105
47917,70
47921,105
47927,71
47928,70
47930,54
47945,69
47946,69
47955,54
47956,71
47957,70
47961,17
47965,3
47977,3
47978,40
47989,40
47991,3
47992,40
47993,3
47994,40
47995,40
48004,40
48005,40
48006,40
48007,40
48009,3
48010,40
48014,100
48015,28
48016,3
48017,3
48021,3
48022,3
48023,3
48024,40
48025,3
48026,3
48027,40
48028,40
48030,3
48031,40
48032,40
48033,40
48035,40
48036,40
48037,40
48038,3
48039,40
48042,40
48046,3
48062,39
48063,55
48064,55
48065,10
48066,51
48067,90
48068,15
48069,45
48070,79
48071,79
48072,15
48073,106
48074,52
48075,108
48076,45
48077,31
48078,41
48079,108
48080,108
48081,31
48082,55
48083,89
48084,7
48085,89
48086,89
48088,62
48089,20
48090,113
48091,82
48092,76
48093,7
48094,38
48095,32
48097,35
48098,35
48099,84
48100,7
48101,32
48102,98
48103,110
48104,110
48106,110
48107,82
48108,82
48109,45
48110,5
48111,74
48112,11
48113,11
48114,11
48115,11
48116,11
48117,11
48118,11
48119,11
48120,11
48121,11
48122,11
48123,11
48124,11
48125,11
48126,11
48127,37
48128,72
48129,17
48130,54
48131,88
48132,72
48133,72
48135,17
48136,72
48137,17
48138,72
48139,72
48140,37
48141,37
48142,72
48143,72
48144,49
48145,37
48146,17
48147,37
48148,72
48149,49
48150,37
48151,72
48152,37
48153,72
48154,72
48155,72
48156,49
48157,72
48158,72
48159,37
48160,17
48161,72
48162,17
48163,72
48164,72
48165,72
48166,17
48167,17
48168,72
48169,105
48170,72
48171,72
48172,72
48173,17
48174,71
48175,54
48177,17
48178,70
48179,8
48180,69
48181,105
48182,69
48183,105
48184,105
48185,105
48186,71
48187,115
48188,105
48189,88
48190,71
48191,105
48192,105
48193,14
48194,116
48195,116
48196,14
48197,14
48198,116
48199,14
48200,116
48201,116
48202,14
48203,14
48204,116
48206,116
48207,116
48208,116
48209,116
48210,116
48211,116
48212,14
48213,116
48214,14
48215,116
48216,116
48217,116
48218,14
48219,116
48220,14
48221,116
48222,14
48223,116
48224,116
48225,14
48226,116
48227,14
48228,14
48229,14
48230,116
48231,116
48232,116
48233,116
48235,116
48236,116
48237,14
48238,47
48239,1
48240,23
48241,110
48242,106
48243,80
48244,98
48245,80
48246,47
48247,1
48248,80
48250,98
48251,110
48252,117
48253,47
48254,98
48256,80
48257,98
48258,80
48259,80
48311,44
48313,44
48318,44
48319,44
48320,44
48326,72
48327,8
48328,48
48329,88
48330,8
48331,3
48332,59
48333,59
48335,24
48336,59
48337,59
48338,59
48340,59
48341,59
48342,59
48343,59
48344,59
48345,59
48346,59
48347,59
48348,17
48349,17
48352,17
48355,72
48357,17
48359,17
48360,111
48361,111
48362,60
48363,83
48365,60
48367,55
48368,83
48369,83
48370,101
48371,15
48372,83
48373,47
48374,15
48375,60
48376,51
48378,63
48380,28
48382,50
48383,51
48384,63
48385,28
48386,28
48387,63
48388,63
48391,51
48392,51
48393,63
48394,28
48395,28
48397,84
48398,63
48399,51
48400,79
48401,101
48402,79
48403,101
48404,55
48405,106
48406,79
48407,106
48408,31
48409,31
48410,106
48411,79
48412,110
48414,41
48415,15
48416,114
48417,45
48418,90
48419,15
48420,90
48421,101
48422,47
48423,79
48424,79
48426,47
48427,47
48428,55
48429,18
48430,79
48431,60
48432,106
48433,106
48434,15
48435,106
48436,15
48437,114
48438,41
48439,79
48440,15
48441,79
48442,47
48443,79
48444,15
48445,106
48447,79
48448,52
48449,79
48450,106
48451,15
48452,31
48453,79
48454,79
48455,79
48456,110
48457,21
48458,21
48459,21
48460,21
48462,73
48463,89
48464,89
48465,89
48466,89
48467,7
48468,89
48469,89
48470,89
48471,20
48472,62
48473,89
48474,89
48475,89
48476,38
48477,89
48478,5
48479,89
48480,89
48481,89
48482,7
48483,89
48484,38
48485,89
48486,38
48487,110
48488,62
48489,102
48490,20
48491,76
48492,32
48493,5
48494,28
48495,84
48496,28
48497,51
48498,63
48499,35
48500,35
48501,32
48502,62
48503,110
48504,82
48505,32
48506,110
48507,62
48508,89
48509,82
48510,110
48511,62
48512,97
48513,62
48514,32
48515,102
48516,102
48517,107
48518,102
48519,82
48520,7
48521,97
48522,89
48523,89
48524,110
48525,89
48526,78
48527,30
48528,30
48529,67
48530,67
48531,16
48532,67
48533,54
48535,95
48536,95
48537,95
48539,11
48541,11
48544,11
48548,11
48549,11
48551,11
48552,11
48556,11
48557,11
48558,11
48559,44
48560,44
48561,44
48562,44
48563,44
48564,44
48566,44
48568,44
48569,44
48570,44
48572,119
48573,44
48575,44
48576,44
48577,44
48578,44
48579,44
48580,44
48581,44
48582,44
48583,44
48584,44
48585,44
48587,44
48588,44
48589,44
48590,43
48591,43
48592,43
48593,43
48594,43
48596,43
48597,43
48599,43
48601,43
48602,43
48603,43
48604,43
48605,43
48606,43
48607,43
48608,43
48609,43
48610,43
48612,43
48613,43
48614,43
48615,43
48616,43
48617,43
48618,43
48619,43
48621,43
48622,43
48625,43
48626,43
48629,43
48633,43
48634,43
48636,43
48637,43
48638,43
48639,43
48644,43
48645,43
48646,43
48647,43
48649,43
48650,43
48651,43
48652,43
48653,43
48655,43
48656,43
48657,43
48659,43
48660,43
48662,43
48664,43
48665,43
48667,43
48670,43
48671,43
48673,43
48674,43
48675,43
48676,43
48678,43
48679,43
48680,43
48681,43
48683,43
48684,43
48686,43
48692,43
48693,43
48694,43
48695,43
48698,43
48700,43
48701,43
48702,43
48704,43
48707,43
48708,43
48710,43
48712,43
48713,43
48716,43
48717,43
48718,43
48720,43
48721,43
48724,43
48725,43
48726,43
48728,43
48731,44
48732,44
48733,44
48734,44
48735,44
48736,44
48737,44
48738,44
48739,44
48741,44
48742,44
48743,44
48744,44
48745,44
48746,44
48747,44
48748,44
48749,44
48750,44
48751,44
48752,44
48753,44
48755,24
48756,43
48757,43
48758,59
48759,24
48760,43
48761,43
48762,43
48763,43
48764,43
48765,43
48766,43
48767,43
48768,43
48769,43
48771,43
48772,24
48774,24
48776,24
48778,24
48781,24
48782,24
48783,24
48784,24
48785,24
48786,24
48787,24
48788,24
48789,24
48790,24
48791,24
48792,24
48793,24
48794,24
48795,24
48796,24
48799,24
48801,24
48803,24
48804,24
48805,24
48806,24
48807,24
48808,24
48809,24
48810,24
48811,24
48812,24
48815,24
48816,59
48821,24
48822,24
48823,24
48824,24
48825,24
48827,24
48833,24
48834,24
48835,24
48836,24
48837,24
48843,24
48844,24
48845,24
48846,24
48848,24
48851,24
48853,24
48854,24
48855,24
48856,24
48857,24
48858,24
48859,24
48861,24
48862,24
48865,24
48866,24
48867,24
48869,24
48870,24
48871,24
48877,24
48878,24
48879,24
48882,24
48883,24
48885,24
48886,24
48887,24
48888,24
48891,24
48892,24
48894,59
48895,24
48896,24
48897,24
48899,24
48900,24
48902,24
48903,24
48906,24
48907,24
48908,24
48910,24
48911,24
48914,24
48915,24
48916,24
48917,24
48921,64
48922,64
48923,64
48925,64
48927,64
48928,64
48929,64
48931,64
48933,64
48934,64
48935,64
48936,64
48939,64
48941,64
48942,64
48943,24
48944,64
48945,64
48946,64
48947,64
48948,64
48949,64
48950,64
48952,64
48953,64
48954,64
48955,64
48956,64
48958,64
48959,64
48960,64
48961,64
48962,64
48963,64
48964,64
48965,64
48966,64
48967,64
48968,64
48969,64
48970,64
48972,64
48975,64
48976,64
48980,64
48981,64
48983,64
48988,64
48989,64
48990,64
48991,64
48992,64
48993,64
48994,64
49001,64
49005,64
49006,64
49008,64
49009,64
49010,64
49011,64
49012,64
49014,64
49016,64
49017,64
49018,64
49019,64
49020,64
49021,64
49023,64
49024,64
49025,64
49026,64
49029,64
49033,64
49034,64
49035,64
49039,64
49040,64
49041,64
49047,64
49049,64
49050,64
49052,64
49054,64
49056,64
49057,64
49059,109
49060,36
49061,6
49062,19
49063,105
49064,69
49065,54
49066,70
49067,115
49068,71
49069,69
49070,119
49071,118
49072,118
49073,118
49074,118
49075,118
49076,93
49077,12
49078,22
49079,93
49080,118
49081,118
49083,118
49084,118
49085,118
49086,57
49087,118
49088,118
49089,118
49090,118
49091,118
49092,118
49093,118
49094,118
49095,57
49096,57
49097,57
49098,93
49099,103
49100,103
49101,118
49102,118
49103,118
49104,118
49105,118
49106,118
49107,118
49108,118
49109,103
49110,103
49111,103
49112,103
49113,103
49114,118
49115,118
49116,118
49117,118
49118,118
49119,118
49120,118
49121,118
49122,118
49123,118
49124,118
49125,118
49126,118
49127,118
49128,118
49129,118
49130,118
49131,118
49132,118
49133,118
49134,118
49135,118
49136,118
49137,118
49138,103
49139,118
49140,118
49141,118
49142,118
49143,118
49144,118
49145,118
49146,118
49147,118
49148,118
49149,118
49150,118
49151,118
49152,118
49153,93
49154,93
49155,93
49156,93
49157,118
49158,103
49159,103
49160,103
49161,103
49162,118
49163,118
49164,118
49165,118
49166,118
49167,116
49168,41
49222,22
49228,22
49229,22
49230,22
49232,22
49233,95
49234,95
49235,95
49236,95
49238,95
49239,95
49240,95
49241,95
49242,95
49244,95
49245,95
49246,95
49247,95
49248,95
49249,22
49250,22
49266,22
49267,22
49268,22
49269,22
49270,22
49287,22
49288,22
49289,22
49290,22
49298,99
49299,99
49300,22
49301,22
49302,22
49303,22
49304,22
49305,22
49306,22
49307,22
49308,22
49310,22
49321,40
49322,40
49323,12
49324,3
49325,3
49326,3
49327,3
49328,3
49329,3
49352,36
49353,16
49354,58
49355,6
49356,6
49357,36
49359,36
49362,2
49363,6
49364,36
49369,36
49371,6
49372,6
49373,2
49375,2
49377,6
49378,36
49381,36
49398,58
49406,6
49407,6
49408,2
49417,119
49419,6
49420,2
49433,2
49434,109
49435,109
49460,58
49461,119
49462,109
49468,58
49469,58
49470,58
49473,119
49475,6
49477,109
49478,119
49480,36
49481,36
49483,36
49484,2
49485,119
49486,109
49487,2
49488,2
49489,119
49490,119
49491,109
49492,58
49493,119
49494,36
49495,6
49496,119
49497,109
49498,2
49499,2
49501,109
49502,6
49503,2
49504,85
49505,85
49506,119
49509,36
49510,2
49511,2
49513,3
49514,40
49515,3
49516,3
49517,3
49518,71
49519,105
49520,71
49521,105
49523,17
49524,17
49525,17
49526,105
49527,71
49528,17
49529,71
49530,69
49532,17
49533,17
49534,17
49535,17
49536,17
49537,17
49538,17
49539,71
49540,71
49541,54
49542,70
49543,69
49544,54
49545,71
49546,71
49547,17
49548,71
49549,8
49551,71
49552,69
49553,105
49554,54
49555,105
49556,105
49557,105
49558,71
49559,88
49560,17
49561,17
49562,54
49563,71
49564,54
49567,54
49568,69
49569,11
49570,11
49571,11
49572,11
49573,11
49574,11
49575,11
49576,61
49577,9
49578,42
49579,61
49580,9
49581,61
49582,61
49583,61
49584,42
49585,61
49586,9
49587,61
49588,42
49589,61
49590,61
49592,61
49593,61
49594,61
49595,61
49596,61
49597,61
49598,61
49599,42
49600,61
49601,61
49602,61
49603,61
49604,61
49605,61
49606,61
49607,61
49608,9
49609,61
49610,9
49611,61
49612,61
49613,61
49614,61
49615,61
49616,61
49617,42
49618,61
49619,61
49620,61
49621,61
49622,61
49623,61
49624,9
49626,32
49629,32
49630,89
49631,89
49633,7
49634,89
49635,74
49636,74
49637,102
49638,102
49639,117
49640,113
49641,34
49642,32
49646,89
49647,89
49648,66
49650,117
49651,102
49652,82
49653,113
49654,74
49655,5
49657,76
49659,82
49660,23
49661,14
49662,14
49663,14
49664,116
49665,14
49666,116
49668,14
49669,116
49670,14
49671,14
49672,14
49673,14
49674,14
49675,116
49676,116
49677,14
49678,14
49679,14
49680,116
49681,25
49684,25
49686,25
49687,25
49688,25
49689,25
49690,25
49692,25
49693,25
49694,25
49696,25
49697,25
49699,25
49700,25
49701,25
49704,25
49705,25
49706,25
49707,25
49708,25
49709,25
49710,25
49711,25
49713,25
49714,25
49715,25
49716,25
49717,25
49718,25
49719,25
49720,25
49721,25
49722,25
49723,25
49726,25
49727,25
49728,25
49729,25
49730,25
49731,25
49732,25
49733,25
49734,25
49735,25
49736,25
49737,25
49738,25
49739,25
49740,25
49741,25
49742,25
49743,25
49744,25
49745,25
49746,25
49747,25
49749,25
49750,25
49751,25
49752,25
49753,25
49754,25
49755,25
49756,25
49757,100
49758,100
49759,100
49760,100
49761,100
49762,100
49763,35
49764,100
49765,97
49766,66
49767,38
49768,76
49769,32
49770,97
49772,32
49773,32
49774,38
49775,7
49776,38
49779,91
49780,91
49781,91
49782,91
49783,91
49784,91
49785,89
49786,91
49787,95
49788,95
49789,95
49790,95
49791,95
49792,95
49793,95
49794,95
49798,95
49799,95
49802,95
49804,95
49807,95
49808,9
49809,9
49810,9
49811,9
49812,30
49813,9
49814,9
49815,9
49816,30
49817,9
49818,9
49819,42
49820,9
49821,30
49822,9
49823,67
49824,30
49825,9
49826,42
49827,61
49828,30
49829,9
49830,30
49831,30
49832,30
49833,9
49834,67
49835,9
49836,9
49837,30
49838,42
49839,9
49843,74
49844,40
49845,3
49846,40
49847,40
49848,3
49849,99
49851,12
49855,40
49856,40
49857,40
49858,40
49859,40
49860,40
49861,3
49862,40
49863,3
49864,3
49865,40
49866,40
49867,40
49868,3
49869,3
49870,3
49871,3
49872,3
49873,24
49874,3
49875,3
49876,3
49877,40
49878,3
49879,3
49880,3
49881,24
49882,24
49883,24
49884,3
49885,3
49886,3
49887,3
49888,3
49889,3
49890,3
49891,3
49892,3
49893,117
49894,8
49895,3
49896,3
49897,3
49898,3
49899,3
49900,40
49901,3
49902,3
49903,3
49904,3
49906,3
49907,3
49911,3
49913,40
49914,40
49915,65
49916,65
49917,65
49918,65
49919,65
49920,65
49921,65
49922,65
49923,65
49924,65
49925,65
49926,65
49927,65
49928,65
49929,65
49930,65
49931,0
49933,29
49936,79
49937,79
49938,15
49939,106
49940,41
49941,31
49942,90
49943,106
49944,21
49945,21
49946,21
49948,21
49949,21
49951,28
49952,50
49953,50
49954,28
49955,50
49956,28
49957,50
49958,28
49959,86
49961,80
49962,47
49963,80
49964,47
49965,79
49966,96
49967,29
49968,101
49969,101
49970,101
49972,101
49973,101
49974,101
49975,101
49976,101
49977,101
49978,101
49979,101
49980,101
49981,101
49982,29
49983,29
49984,29
49985,29
49986,22
49987,99
49988,99
49989,99
49990,99
49991,99
49993,21
49995,103
49996,29
49997,29
49998,29
49999,26
50000,26
50001,26
50002,26
50003,26
50004,26
50005,26
50006,26
50007,26
50008,26
50009,26
50010,26
50011,26
50012,26
50013,26
50014,101
50015,110
50016,110
50017,79
50018,100
50019,100
50020,86
50021,100
50022,100
50023,100
50024,28
50025,100
50026,100
50027,100
50028,21
50029,101
50030,28
50031,50
50032,50
50033,50
50034,50
50035,26
50036,26
50037,26
50038,26
50039,26
50040,26
50041,26
50042,26
50043,26
50044,26
50045,26
50046,26
50047,26
50051,101
50145,42
50146,9
50147,61
50148,61
50149,9
50150,61
50151,61
50152,61
50153,42
50154,61
50155,61
50156,61
50157,42
50158,42
50159,42
50160,42
50161,9
50162,61
50163,42
50164,16
50165,42
50166,42
50167,61
50168,61
50169,42
50170,61
50171,61
50172,61
50173,61
50174,61
50175,61
50176,61
50177,42
50178,9
50179,71
50180,69
50181,118
50183,105
50184,105
50185,8
50186,8
50187,69
50188,69
50189,71
50190,103
50191,103
50192,101
50193,15
50194,80
50195,80
50199,116
50200,116
50201,14
50202,116
50203,116
50204,14
50205,116
50206,14
50207,14
50208,14
50209,116
50210,116
50211,14
50212,116
50213,11
50214,11
50215,11
50216,11
50217,49
50218,93
50219,11
50220,11
50221,11
50222,11
50223,11
50224,11
50225,11
50226,11
50227,11
50228,11
50229,11
50230,116
50231,14
50232,14
50233,14
50234,14
50235,14
50236,71
50237,69
50238,69
50239,70
50240,71
50241,70
50242,69
50243,69
50276,61
50277,85
50278,85
50279,2
50280,25
50281,25
50282,25
50283,25
50284,25
50285,25
50286,25
50287,25
50288,25
50289,25
50290,25
50291,25
50292,25
50293,25
50294,25
50295,25
50296,25
50297,25
50298,25
50302,25
50303,25
50304,25
50305,25
50306,25
50307,25
50308,25
50309,25
50310,25
50311,25
50312,25
50313,25
50314,25
50315,25
50316,25
50317,25
50318,25
50319,25
50320,25
50321,62
50322,97
50323,7
50324,7
50325,20
50326,27
50327,7
50328,113
50329,113
50330,76
50331,27
50332,27
50333,27
50334,7
50335,38
50336,27
50337,113
50338,82
50339,117
50340,76
50341,7
50342,20
50343,76
50344,97
50345,97
50346,7
50347,7
50348,38
50349,7
50350,38
50351,76
50352,97
50353,7
50354,20
50355,76
50356,97
50357,76
50375,85
50376,36
50377,6
50378,33
50379,65
50382,33
50383,33
50384,4
50385,33
50386,33
50387,3
50388,3
50389,3
50390,3
50391,3
50392,3
50393,40
50394,3
50395,3
50396,3
50400,3
50401,3
50402,40
50403,3
50404,3
50405,3
50406,24
50417,3
50418,3
50419,85
50420,85
50421,2
50422,36
50423,6
50425,69
50426,71
50427,70
50428,115
50429,70
50430,115
50431,105
50432,8
50433,80
50434,101
50435,47
50436,96
50437,96
50438,96
50439,96
50440,29
50441,96
50442,96
50443,96
50444,29
50445,96
50446,29
50447,96
50448,96
50449,96
50450,29
50451,96
50452,29
50453,96
50454,96
50455,29
50456,96
50457,96
50458,96
50459,96
50460,96
50461,29
50462,29
50463,96
50464,96
50465,96
50466,0
50467,0
50468,0
50469,0
50470,0
50471,96
50472,96
50473,96
50474,96
50475,96
50476,96
50477,96
50478,96
50480,96
50481,96
50482,96
50483,96
50484,96
50485,96
50486,96
50487,96
50488,0
50489,0
50490,0
50491,0
50492,101
50493,101
50494,101
50495,101
50496,79
50497,101
50498,101
50499,101
50500,101
50501,96
50502,96
50503,96
50504,96
50505,96
50506,96
50507,96
50508,96
50509,96
50510,96
50512,0
50513,0
50514,0
50515,0
50516,0
50518,101
50519,101
50520,101
50521,101
50522,110
50523,29
50524,96
50525,29
50526,29
50527,96
50528,96
50530,96
50532,96
50533,96
50535,96
50536,96
50540,96
50541,96
50542,96
50543,96
50544,96
50545,96
50546,29
50547,96
50548,96
50549,96
50550,73
50551,47
50552,101
50553,101
50554,101
50555,101
50556,15
50557,15
50558,106
50559,79
50560,29
50561,29
50562,29
50563,29
50564,96
50565,96
50567,0
50568,0
50569,0
50570,0
50571,0
50572,0
50573,0
50574,0
50575,0
50576,0
50577,0
50578,29
50579,29
50581,29
50583,29
50584,96
50585,29
50586,96
50587,96
50588,96
50589,96
50590,96
50591,96
50592,96
50593,96
50594,96
50595,96
50596,96
50597,96
50598,96
50599,96
50600,96
50601,96
50602,0
50603,0
50604,0
50605,47
50606,96
50607,96
50608,96
50609,96
50610,96
50611,96
50612,96
50613,96
50614,96
50615,96
50616,96
50617,96
50618,96
50619,96
50620,96
50621,96
50622,96
50623,96
50624,96
50625,96
50626,96
50627,96
50628,96
50629,0
50630,0
50631,0
50632,0
50633,0
50634,101
50635,101
50636,101
50637,101
50638,110
50639,101
50640,101
50641,101
50642,101
50643,101
50648,28
50649,50
50650,50
50651,86
50652,21
50653,21
50654,86
50655,50
50656,86
50657,86
50658,86
50659,86
50660,28
50661,50
50662,50
50663,21
50664,74
50665,21
50666,28
50667,50
50668,50
50669,50
50670,28
50671,50
50672,50
50673,0
50674,0
50675,0
50676,0
50678,0
50680,0
50681,0
50682,0
50683,0
50684,0
50686,0
50688,0
50689,0
50690,0
50691,0
50692,0
50693,0
50694,0
50698,89
50701,102
50702,94
50703,98
50705,110
50708,23
50710,62
50711,0
50712,0
50713,94
50714,47
50715,47
50717,47
50718,41
50719,98
50720,94
50721,48
50722,5
50723,5
50724,53
50725,36
50726,85
50727,6
50728,46
50729,46
50730,46
50731,67
50732,78
50733,78
50734,78
50735,78
50736,78
50737,6
50738,6
50739,36
50740,36
50741,36
50742,6
50743,6
50744,36
50746,36
50747,6
50748,6
50749,6
50750,6
50751,6
50752,36
50753,6
50754,6
50755,36
50756,78
50757,78
50758,78
50759,85
50760,85
50761,6
50762,78
50763,78
50764,78
50765,78
50773,36
50774,36
50775,85
50776,78
50777,85
50778,109
50783,46
50784,61
50815,37
50816,37
50817,37
50819,37
50820,37
50821,37
50822,37
50823,37
50824,37
50825,49
50826,49
50827,49
50828,49
50829,11
50830,11
50831,11
50832,11
50833,11
50834,11
50835,11
50836,11
50837,11
50838,11
50839,11
50842,66
50843,66
50844,66
50849,66
50850,65
50851,65
50852,65
50853,65
50854,65
50855,65
50856,65
50859,65
50860,65
50861,65
50864,65
50865,65
50866,65
50868,65
50869,65
50870,65
50871,65
50872,65
50873,65
50874,65
50875,65
50876,65
50877,65
50878,65
50879,65
50880,65
50881,65
50882,65
50883,65
50884,65
50885,65
50886,65
50887,65
50889,65
50890,65
50891,65
50892,65
50893,65
50894,65
50895,65
50896,65
50898,65
50899,65
50900,65
50901,65
50902,65
50903,65
50904,65
50905,65
50906,65
50907,65
50908,65
50910,65
50911,65
50916,96
50921,96
50928,96
50929,96
50936,15
50937,101
50939,101
50941,31
50942,35
50943,63
50944,35
50945,63
50946,35
50947,35
50948,100
50949,35
50950,35
50951,100
50952,35
50953,35
50954,35
50955,35
50956,51
50957,35
50958,35
50960,35
50961,100
50962,35
50963,35
50964,26
50965,26
50966,26
50967,26
50968,26
50969,26
50970,26
50971,26
50972,26
50973,26
50974,26
50975,26
50976,26
50977,26
50978,26
50979,26
50980,89
50981,89
50982,33
50983,89
50984,29
50985,74
50986,29
50987,29
50988,29
50989,29
50990,29
50991,29
50992,89
50993,89
50994,26
50995,26
50996,26
50997,26
50998,26
50999,29
51000,26
51001,26
51002,26
51003,26
51004,26
51005,26
51006,26
51007,26
51008,26
51009,26
51010,26
51011,26
51012,26
51013,26
51014,26
51015,26
51016,26
51017,26
51018,26
51019,26
51020,26
51021,26
51022,26
51023,26
51024,26
51025,26
51026,26
51027,26
51028,26
51029,26
51030,26
51031,26
51032,89
51033,89
51034,89
51035,89
51036,89
51037,29
51038,29
51039,29
51040,29
51041,29
51042,29
51043,29
51044,89
51045,89
51046,26
51047,26
51048,26
51049,26
51050,26
51051,26
51052,29
51053,96
51054,26
51055,26
51056,29
51057,29
51058,29
51059,89
51060,89
51061,89
51073,65
51075,65
51077,65
51078,65
51079,65
51081,65
51084,65
51088,65
51090,65
51091,65
51092,40
51101,65
51108,65
51115,65
51118,65
51119,65
51124,65
51126,65
51135,22
51140,22
51141,22
51142,99
51143,99
51144,22
51145,22
51147,22
51148,22
51149,22
51150,22
51151,22
51152,22
51153,99
51154,22
51155,22
51156,22
51157,22
51158,22
51159,22
51160,22
51161,22
51162,22
51163,22
51164,22
51165,22
51166,22
51167,22
51168,22
51169,22
51170,22
51171,22
51172,22
51173,22
51174,22
51175,22
51176,22
51177,22
51178,22
51179,22
51180,22
51181,22
51182,22
51183,22
51184,22
51185,22
51187,26
51188,26
51193,26
51194,26
51200,26
51202,26
51204,26
51205,26
51206,26
51207,26
51209,26
51214,9
51215,9
51222,76
51225,89
51226,113
51231,7
51232,66
51245,61
51252,11
51253,11
51254,11
51255,11
51256,11
51257,11
51258,11
51259,11
51260,11
51261,11
51262,11
51263,11
51264,11
51265,11
51266,11
51267,11
51269,3
51271,3
51272,3
51278,14
51288,116
51294,14
51301,40
51316,12
51317,115
51318,75
51319,4
51320,72
51321,12
51322,12
51323,54
51324,12
51325,54
51329,75
51330,12
51331,68
51332,28
51333,66
51334,50
51335,22
51336,99
51337,22
51338,22
51339,22
51340,99
51341,22
51342,22
51343,22
51344,22
51345,22
51346,22
51347,22
51348,22
51349,119
51350,119
51351,35
51352,35
51353,35
51354,35
51355,35
51356,63
51359,73
51360,35
51361,73
51362,35
51363,35
51364,63
51365,63
51366,35
51367,35
51368,35
51369,86
51370,68
51372,31
51374,2
51375,58
51376,119
51377,21
51378,21
51379,21
51380,21
51381,21
51382,21
51383,0
51384,0
51385,0
51386,0
51387,0
51388,0
51389,0
51390,0
51391,0
51392,0
51393,21
51394,21
51395,21
51396,21
51397,21
51398,21
51399,10
51400,112
51401,111
51402,114
51403,10
51404,114
51405,83
51406,112
51407,10
51408,111
51409,10
51410,60
51411,10
51412,60
51413,60
51414,111
51415,39
51417,60
51418,60
51419,10
51420,114
51421,10
51422,41
51423,31
51424,39
51425,112
51426,83
51427,60
51428,10
51429,10
51430,83
51431,60
51432,32
51433,32
51434,66
51435,102
51436,5
51437,32
51438,32
51439,34
51440,82
51442,110
51443,117
51444,32
51446,32
51447,89
51448,76
51449,34
51450,66
51452,7
51453,76
51454,66
51455,101
51456,5
51457,89
51458,62
51459,34
51460,34
51461,110
51462,62
51463,62
51464,89
51465,82
51466,108
51470,51
51471,51
51473,31
51475,63
51476,63
51478,15
51482,51
51485,28
51486,84
51487,28
51488,83
51489,68
51495,28
51497,51
51498,35
51499,35
51500,51
51501,35
51502,35
51503,35
51504,35
51505,35
51506,35
51507,51
51508,51
51509,35
51510,3
51511,40
51512,3
51513,3
51514,40
51515,3
51516,3
51517,40
51518,40
51519,40
51520,3
51521,3
51522,40
51523,40
51524,40
51525,3
51526,40
51527,3
51528,3
51529,3
51530,3
51531,3
51532,40
51533,3
51534,3
51535,40
51536,3
51537,3
51538,3
51539,40
51540,3
51541,3
51542,3
51543,40
51544,40
51545,3
51546,40
51547,40
51548,3
51549,40
51550,3
51551,40
51552,3
51553,3
51554,40
51555,40
51556,40
51557,40
51558,3
51559,40
51560,40
51561,40
51562,40
51563,3
51564,3
51565,40
51566,3
51570,3
51573,3
51574,40
51576,3
51577,40
51579,40
51581,3
51582,35
51583,35
51584,35
51585,35
51586,35
51587,35
51588,35
51589,35
51590,35
51591,51
51592,35
51594,35
51595,35
51596,51
51597,35
51598,35
51599,35
51600,35
51601,51
51602,63
51603,100
51604,35
51605,35
51606,35
51607,28
51608,51
51609,84
51610,84
51611,35
51612,35
51613,35
51614,100
51615,35
51616,35
51617,35
51618,35
51619,35
51620,40
51621,3
51622,3
51623,3
51624,3
51625,3
51626,3
51627,3
51628,3
51629,3
51630,3
51631,3
51632,3
51633,3
51634,3
51635,3
51636,3
51637,3
51638,3
51639,40
51640,40
51641,40
51642,40
51643,40
51644,3
51645,3
51646,40
51647,3
51648,40
51649,40
51650,40
51651,40
51652,40
51653,40
51654,40
51655,40
51656,40
51657,40
51658,40
51659,40
51660,40
51661,40
51662,116
51663,14
51664,14
51665,116
51666,14
51667,14
51668,116
51669,14
51670,14
51671,14
51672,116
51673,14
51674,116
51675,116
51676,14
51677,116
51678,116
51679,14
51680,14
51681,14
51682,116
51683,14
51684,14
51685,116
51686,116
51687,14
51688,116
51689,14
51690,116
51691,116
51692,14
51693,116
51694,116
51695,116
51696,116
51697,14
51698,14
51699,14
51700,116
51701,14
51702,14
51703,116
51704,14
51705,116
51706,14
51707,14
51708,116
51709,116
51710,14
51711,116
51712,116
51713,14
51714,116
51715,14
51716,116
51717,14
51718,116
51719,116
51720,14
51721,14
51722,14
51723,116
51724,116
51725,14
51726,116
51727,116
51728,14
51729,116
51730,14
51731,14
51732,116
51733,116
51734,14
51735,116
51736,116
51737,14
51741,109
51750,61
51751,9
51752,46
51753,46
51754,58
51755,2
51756,109
51757,61
51758,42
51759,61
51760,61
51761,61
51762,61
51763,9
51764,11
51765,11
51767,11
51768,11
51769,11
51770,11
51771,49
51772,49
51776,29
51777,26
51778,103
51779,29
51781,26
51784,26
51785,26
51786,26
51794,26
51795,29
51797,89
51798,89
51799,89
51800,89
51801,89
51802,89
51805,26
51806,113
51807,89
51808,89
51809,91
51810,89
51811,89
51812,89
51815,26
51816,26
51817,26
51825,26
51826,26
51827,26
51829,26
51832,26
51835,29
51838,29
51843,49
51844,89
51846,29
51847,26
51854,111
51857,111
51860,111
51867,26
51870,79
51874,114
51876,67
51877,54
51878,105
51879,69
51880,54
51881,17
51882,37
51883,72
51884,72
51885,17
51886,72
51887,17
51888,17
51889,72
51890,17
51891,17
51892,17
51893,72
51894,37
51895,37
51896,17
51897,72
51898,72
51899,37
51900,49
51901,17
51904,69
51905,70
51906,54
51908,105
51909,71
51910,88
51911,71
51912,17
51913,71
51914,17
51915,70
51916,105
51918,8
51919,54
51920,70
51921,71
51922,88
51923,105
51924,71
51926,69
51927,70
51928,71
51929,71
51931,71
51932,54
51934,8
51936,69
51937,70
51938,105
51939,71
51940,37
51941,88
51942,88
51944,37
51947,54
51948,54
51949,105
51951,71
51955,54
51956,115
51958,71
51960,71
51961,88
51966,89
51976,50
51978,86
51981,4
51982,102
51983,89
51988,50
51992,86
51993,86
51994,86
51995,86
51999,89
