id,gender,gender_confidence,usage,usage_confidence
52003,Women,0.8343,Casual,0.5732
52007,Women,0.9991,Casual,0.7547
52017,Women,0.9596,Casual,0.5255
52021,Women,1.0,Casual,0.505
52023,Men,0.9985,Casual,0.9036
52026,Women,0.6552,Casual,0.5193
52027,Men,0.9775,Casual,0.7574
52028,Men,0.5554,Ethnic,0.7046
52029,Women,0.7941,Casual,0.5634
52030,Men,0.6093,Casual,0.7633
52031,Men,0.9054,Casual,0.8729
52032,Women,0.676,Casual,0.8766
52034,Men,0.8738,Casual,0.8956
52042,Men,0.9017,Casual,0.8088
52043,Men,0.8614,Casual,0.91
52044,Men,0.6803,Casual,0.5018
52045,Men,0.7179,Casual,0.7751
52049,Men,0.9995,Casual,0.9699
52050,Men,0.9564,Casual,0.9117
52051,Men,0.9995,Casual,0.9742
52052,Men,0.9996,Casual,0.9329
52053,Men,0.9981,Casual,0.9938
52054,Men,0.999,Sports,0.623
52055,Men,0.9988,Casual,0.9634
52056,Men,1.0,Casual,0.9037
52057,Men,1.0,Casual,0.9685
52058,Men,0.9995,Casual,0.5075
52059,Men,0.8184,Casual,0.987
52060,Men,0.9883,Casual,0.9985
52061,Men,0.868,Casual,0.9967
52062,Men,0.9319,Casual,0.9737
52063,Men,0.9997,Casual,0.99
52064,Men,0.9894,Casual,0.9995
52065,Men,1.0,Casual,0.9793
52066,Men,0.7966,Casual,0.9892
52067,Men,0.8491,Casual,0.9753
52068,Men,0.9993,Casual,0.9939
52069,Men,0.9999,Casual,0.99
52070,Men,0.9975,Casual,0.9264
52071,Men,0.9955,Casual,0.9988
52072,Men,0.9892,Casual,0.9951
52073,Men,0.9985,Casual,0.9977
52074,Men,1.0,Casual,0.9594
52075,Men,0.9998,Casual,0.9496
52076,Men,0.9999,Casual,0.9869
52077,Men,0.9721,Casual,0.9887
52078,Men,0.9999,Casual,0.9959
52079,Men,0.9788,Casual,0.9761
52080,Men,0.9996,Casual,0.9972
52081,Men,0.9973,Casual,0.9822
52082,Men,0.9523,Casual,0.9949
52083,Women,0.9963,Casual,0.9789
52084,Women,1.0,Casual,0.9829
52085,Women,1.0,Casual,0.9946
52086,Women,0.9984,Casual,0.9673
52087,Women,1.0,Casual,0.8757
52088,Women,1.0,Casual,0.9772
52089,Women,0.9402,Casual,0.9414
52090,Women,0.9974,Casual,0.994
52091,Women,1.0,Casual,0.9445
52092,Women,0.9999,Casual,0.7622
52093,Women,0.9993,Casual,0.9928
52094,Women,1.0,Casual,0.9317
52095,Women,0.9947,Casual,0.8284
52096,Women,1.0,Casual,0.7736
52097,Women,1.0,Casual,0.9372
52098,Women,1.0,Casual,0.9948
52099,Women,0.9936,Casual,0.9465
52100,Women,1.0,Ethnic,0.9879
52101,Women,1.0,Ethnic,0.8536
52102,Women,1.0,Ethnic,0.9341
52103,Women,1.0,Casual,0.8525
52104,Women,1.0,Ethnic,0.9813
52105,Women,1.0,Ethnic,0.9893
52106,Women,1.0,Ethnic,0.9845
52107,Women,1.0,Ethnic,0.9992
52108,Women,1.0,Ethnic,0.9419
52109,Women,1.0,Ethnic,0.7629
52110,Women,1.0,Ethnic,0.9469
52111,Women,1.0,Casual,0.8303
52112,Women,1.0,Ethnic,0.5939
52113,Women,1.0,Ethnic,0.7204
52114,Women,1.0,Casual,0.9754
52115,Women,1.0,Casual,0.9941
52116,Women,0.9975,Casual,0.9958
52117,Women,1.0,Casual,0.9395
52118,Women,1.0,Casual,0.9907
52119,Women,1.0,Casual,0.9075
52120,Boys,0.9544,Casual,0.9782
52121,Boys,0.6868,Casual,0.9625
52122,Boys,0.7506,Casual,0.9858
52123,Girls,0.8205,Casual,0.9583
52124,Girls,0.7125,Casual,0.9076
52125,Girls,0.82,Casual,0.9678
52126,Girls,0.8159,Casual,0.9784
52127,Boys,0.9612,Casual,0.9999
52128,Girls,0.6697,Casual,0.9829
52129,Boys,0.8634,Casual,0.9439
52130,Girls,0.6568,Casual,0.968
52131,Girls,0.583,Casual,0.9516
52132,Boys,0.8799,Casual,0.9974
52133,Women,0.9863,Casual,0.9868
52134,Women,0.658,Sports,0.5181
52135,Women,1.0,Casual,0.8881
52136,Women,0.991,Casual,0.9073
52137,Women,0.8768,Casual,0.9792
52138,Men,0.8274,Casual,0.9556
52139,Women,0.9999,Casual,0.9689
52140,Women,0.9642,Casual,0.9858
52141,Women,0.9998,Casual,0.6913
52142,Women,0.9208,Casual,0.9813
52143,Women,0.9999,Casual,0.9808
52144,Women,0.9999,Casual,0.9431
52145,Women,0.9974,Casual,0.9746
52146,Women,0.9621,Casual,0.99
52147,Men,0.9127,Casual,0.9831
52148,Men,0.7565,Casual,0.9607
52149,Women,1.0,Casual,0.9939
52150,Men,0.7671,Casual,0.9568
52151,Women,0.992,Casual,0.991
52153,Women,0.9543,Casual,0.9419
52154,Women,0.999,Ethnic,0.607
52155,Women,0.9995,Casual,0.8871
52156,Women,0.9939,Casual,0.5577
52157,Women,0.4908,Casual,0.521
52158,Women,0.9998,Ethnic,0.7873
52159,Women,0.5554,Casual,0.4996
52160,Women,0.9985,Casual,0.8623
52161,Women,1.0,Casual,0.7085
52162,Women,0.9926,Casual,0.949
52163,Women,0.9956,Casual,0.9943
52164,Women,0.9956,Casual,0.9957
52165,Men,0.3856,Casual,0.7288
52166,Women,0.5436,Casual,0.6393
52168,Women,0.9041,Casual,0.9612
52169,Men,0.3762,Casual,0.834
52172,Women,0.3126,Casual,0.9608
52173,Men,0.4622,Casual,0.8534
52176,Men,0.3863,Casual,0.6178
52177,Men,0.4599,Casual,0.8957
52178,Women,0.8392,Casual,0.9966
52179,Women,0.4665,Casual,0.5499
52180,Women,0.5279,Casual,0.5711
52181,Women,0.9489,Casual,0.6857
52182,Men,0.4172,Casual,0.8744
52183,Women,0.976,Casual,0.5443
52185,Men,0.6446,Casual,0.4608
52186,Women,0.6683,Casual,0.4393
52187,Unisex,0.4384,Casual,0.5409
52190,Men,0.7446,Casual,0.9723
52191,Men,0.7844,Casual,0.9054
52193,Women,0.5662,Casual,0.5063
52195,Women,0.8662,Casual,0.5974
52198,Women,0.9235,Ethnic,0.8334
52200,Women,0.4458,Casual,0.6821
52202,Women,0.4275,Casual,0.5552
52204,Women,0.4219,Casual,0.646
52205,Women,0.4596,Casual,0.5672
52209,Men,0.4075,Casual,0.4912
52210,Men,0.3845,Casual,0.4619
52211,Men,0.3771,Casual,0.4617
52214,Men,0.3944,Casual,0.4504
52220,Women,0.9536,Casual,0.8887
52221,Women,0.8583,Casual,0.8287
52222,Men,0.4215,Casual,0.7463
52223,Women,0.9921,Casual,0.765
52224,Women,0.8486,Casual,0.6472
52225,Women,0.6163,Casual,0.9937
52228,Men,0.85,Casual,0.9644
52230,Men,0.4384,Casual,0.921
52235,Women,0.5888,Casual,0.998
52254,Men,0.9995,Casual,0.9695
52255,Men,0.9993,Casual,0.9961
52256,Men,0.9999,Casual,0.9851
52257,Men,0.9998,Casual,0.973
52299,Men,0.8823,Casual,0.5341
52303,Women,0.9853,Casual,0.8077
52304,Women,0.977,Casual,0.5497
52305,Women,0.9828,Ethnic,0.4787
52306,Women,0.9997,Casual,0.9547
52307,Women,0.992,Casual,0.9048
52308,Women,0.9946,Ethnic,0.5522
52309,Women,0.9342,Casual,0.8734
52310,Women,0.8921,Casual,0.8451
52311,Women,0.8574,Casual,0.8962
52312,Women,0.8883,Casual,0.8565
52313,Unisex,0.3759,Casual,0.9653
52314,Men,0.7256,Casual,0.9886
52315,Men,0.9451,Casual,0.9523
52316,Women,0.934,Casual,0.9577
52317,Women,0.5616,Casual,0.9837
52318,Men,0.5414,Casual,0.9807
52320,Women,0.8431,Casual,0.9899
52322,Men,0.5655,Casual,0.9322
52323,Women,0.9128,Casual,0.9987
52324,Unisex,0.8923,Casual,0.9351
52325,Women,0.4681,Casual,0.9368
52326,Women,0.8771,Casual,0.9725
52327,Men,0.3815,Casual,0.798
52328,Men,0.4242,Sports,0.9351
52329,Women,0.7386,Casual,0.5095
52330,Women,0.8266,Casual,0.9864
52331,Women,0.9714,Casual,0.9937
52332,Women,0.9338,Casual,0.9832
52333,Women,0.6539,Casual,0.984
52334,Women,0.5135,Casual,0.995
52335,Women,0.98,Casual,0.9948
52336,Women,0.9592,Casual,0.9859
52337,Women,0.943,Casual,0.9981
52338,Women,0.9848,Casual,0.9917
52339,Women,0.6936,Casual,0.9987
52340,Women,1.0,Casual,0.9327
52341,Women,0.9998,Casual,0.9134
52342,Women,1.0,Casual,0.9736
52343,Women,1.0,Casual,0.6371
52344,Women,1.0,Casual,0.7663
52345,Women,0.9999,Casual,0.98
52346,Women,1.0,Casual,0.821
52347,Women,0.9999,Casual,0.9463
52348,Women,0.9995,Casual,0.7622
52349,Women,0.9991,Ethnic,0.8306
52350,Women,0.9995,Casual,0.8831
52351,Women,0.9955,Casual,0.9258
52352,Women,0.9983,Ethnic,0.7967
52353,Women,0.9992,Casual,0.6585
52354,Women,0.9999,Ethnic,0.9332
52355,Women,0.9983,Casual,0.6549
52356,Women,0.9998,Casual,0.8895
52357,Women,0.9998,Casual,0.9424
52358,Women,1.0,Casual,0.9414
52359,Women,0.9215,Casual,0.9699
52360,Women,0.9993,Casual,0.9096
52361,Women,0.9999,Casual,0.9536
52362,Women,0.9999,Ethnic,0.9462
52363,Women,0.9998,Casual,0.8931
52364,Women,0.9992,Ethnic,0.8275
52366,Women,0.9999,Ethnic,0.6908
52367,Women,1.0,Ethnic,0.5662
52368,Women,1.0,Ethnic,0.5032
52369,Women,0.993,Casual,0.8675
52370,Women,0.9897,Casual,0.645
52371,Women,0.9904,Casual,0.751
52372,Women,1.0,Casual,0.6233
52373,Women,0.9999,Casual,0.5582
52374,Women,0.9999,Ethnic,0.9569
52375,Women,0.9902,Casual,0.9386
52376,Women,1.0,Casual,0.967
52377,Women,0.9998,Casual,0.9205
52378,Women,0.9666,Casual,0.4698
52379,Women,1.0,Casual,0.5099
52380,Women,1.0,Casual,0.7366
52381,Women,0.9997,Ethnic,0.9375
52382,Women,0.9999,Ethnic,0.8266
52383,Women,0.9805,Ethnic,0.9779
52384,Women,0.9999,Casual,0.5061
52385,Women,0.9999,Casual,0.5242
52386,Women,0.9927,Casual,0.8939
52387,Women,0.9999,Ethnic,0.8816
52390,Women,0.9897,Casual,0.7999
52391,Women,0.9993,Casual,0.9115
52392,Women,0.9825,Casual,0.8746
52393,Women,0.999,Casual,0.5586
52394,Women,0.9998,Casual,0.645
52395,Women,1.0,Casual,0.5926
52396,Women,0.9975,Casual,0.6421
52397,Women,1.0,Casual,0.565
52398,Women,0.9998,Casual,0.936
52399,Women,0.9965,Casual,0.9023
52400,Women,0.9992,Casual,0.8286
52401,Women,0.9994,Casual,0.9215
52402,Women,1.0,Casual,0.9522
52403,Women,0.9983,Casual,0.9297
52404,Women,0.9999,Casual,0.9842
52405,Women,1.0,Ethnic,0.6981
52406,Women,0.9999,Ethnic,0.7671
52407,Women,0.9999,Casual,0.8503
52408,Women,1.0,Casual,0.9543
52409,Women,0.8246,Ethnic,0.9765
52410,Women,0.9077,Casual,0.6611
52411,Women,0.9978,Ethnic,0.858
52412,Women,0.9734,Casual,0.8765
52413,Women,0.9997,Casual,0.8182
52414,Women,0.9997,Casual,0.8338
52415,Women,1.0,Casual,0.9143
52416,Women,0.9991,Casual,0.9708
52417,Women,0.9997,Casual,0.9101
52418,Women,0.9996,Casual,0.6785
52419,Women,0.9996,Casual,0.65
52420,Women,0.9984,Casual,0.4736
52421,Women,0.995,Casual,0.8645
52422,Women,1.0,Ethnic,0.6694
52423,Women,1.0,Casual,0.5806
52424,Women,0.9995,Casual,0.6967
52425,Women,1.0,Ethnic,0.8245
52426,Women,1.0,Ethnic,0.5602
52427,Women,1.0,Ethnic,0.548
52428,Women,1.0,Ethnic,0.5412
52429,Women,0.9993,Casual,0.6384
52430,Women,1.0,Casual,0.8891
52431,Women,1.0,Casual,0.8877
52432,Women,0.9717,Casual,0.918
52434,Women,1.0,Casual,0.8289
52435,Women,1.0,Casual,0.6482
52436,Women,1.0,Casual,0.551
52437,Women,1.0,Casual,0.9573
52438,Women,0.9999,Casual,0.7906
52439,Women,1.0,Casual,0.95
52440,Women,1.0,Casual,0.9847
52441,Women,0.9953,Casual,0.9151
52442,Women,1.0,Casual,0.794
52443,Women,1.0,Casual,0.7909
52444,Women,1.0,Casual,0.8524
52445,Women,0.9995,Casual,0.9633
52446,Women,0.9999,Casual,0.5697
52447,Women,0.934,Casual,0.9778
52448,Women,1.0,Ethnic,0.4738
52449,Women,1.0,Casual,0.6348
52450,Women,0.9992,Casual,0.8153
52451,Women,0.9996,Ethnic,0.5882
52452,Women,1.0,Casual,0.5496
52453,Women,1.0,Casual,0.9004
52454,Women,1.0,Casual,0.8964
52455,Women,0.9732,Casual,0.8576
52456,Women,0.9953,Casual,0.786
52457,Women,0.9971,Casual,0.7759
52458,Women,0.9991,Ethnic,0.7426
52459,Women,0.9984,Casual,0.7894
52460,Women,1.0,Ethnic,0.7554
52461,Women,1.0,Casual,0.9419
52462,Women,0.9991,Casual,0.8413
52463,Women,1.0,Casual,0.8303
52464,Women,1.0,Ethnic,0.6633
52465,Women,0.941,Casual,0.6746
52466,Women,0.9891,Casual,0.6677
52467,Women,0.9971,Casual,0.9854
52468,Women,0.9966,Casual,0.9684
52469,Women,0.9328,Casual,0.8793
52470,Women,0.9989,Casual,0.8711
52472,Women,0.9935,Ethnic,0.8355
52473,Women,1.0,Ethnic,0.7624
52474,Women,0.9737,Ethnic,0.665
52475,Women,0.9967,Casual,0.706
52476,Women,0.9735,Ethnic,0.7693
52477,Women,1.0,Casual,0.9673
52478,Women,0.9964,Casual,0.9893
52479,Women,0.8984,Casual,0.9463
52480,Women,1.0,Casual,0.9641
52481,Women,1.0,Casual,0.5377
52482,Women,1.0,Casual,0.886
52483,Women,0.7785,Casual,0.6042
52484,Women,0.988,Casual,0.8338
52485,Women,0.937,Casual,0.6351
52486,Women,0.8461,Sports,0.505
52487,Women,0.9708,Casual,0.7902
52488,Women,0.765,Casual,0.6609
52489,Women,0.9875,Casual,0.8161
52490,Women,0.9913,Casual,0.9398
52491,Women,0.9963,Casual,0.9785
52492,Women,0.9997,Casual,0.9615
52493,Women,0.9975,Casual,0.9856
52494,Women,0.934,Ethnic,0.6643
52495,Women,0.9999,Ethnic,0.9272
52496,Women,0.9996,Ethnic,0.9799
52497,Women,0.8557,Casual,0.4988
52498,Women,1.0,Casual,0.8564
52499,Women,0.9994,Casual,0.9865
52500,Women,0.995,Casual,0.9938
52501,Women,1.0,Ethnic,0.4749
52502,Women,0.9998,Casual,0.9883
52503,Women,0.9674,Casual,0.5319
52504,Women,0.9947,Casual,0.6656
52505,Women,0.9987,Casual,0.91
52506,Women,0.972,Casual,0.5942
52507,Women,1.0,Casual,0.547
52508,Women,0.9987,Casual,0.822
52509,Women,0.9996,Ethnic,0.7329
52510,Women,1.0,Casual,0.78
52511,Women,0.9995,Casual,0.66
52512,Women,0.9999,Casual,0.4952
52513,Women,0.9915,Casual,0.6279
52514,Women,0.9999,Casual,0.5812
52515,Women,1.0,Casual,0.871
52516,Women,0.9923,Casual,0.7895
52517,Women,1.0,Casual,0.8786
52518,Women,0.9996,Ethnic,0.6312
52519,Women,0.9997,Casual,0.8957
52520,Men,0.5206,Casual,0.9981
52522,Women,0.84,Casual,0.9856
52523,Women,0.9994,Casual,0.9876
52524,Women,0.9266,Casual,0.7687
52525,Women,0.9997,Casual,0.9981
52528,Women,0.9983,Casual,0.9825
52529,Men,0.8592,Casual,0.9727
52536,Women,0.9994,Casual,0.8024
52539,Women,0.9914,Casual,0.9795
52547,Women,0.7815,Casual,0.9634
52548,Men,0.6622,Casual,0.987
52553,Women,0.9823,Casual,0.9923
52554,Women,0.7694,Casual,0.9099
52555,Women,0.999,Casual,0.9678
52556,Women,0.9998,Casual,0.9975
52557,Women,0.9853,Casual,0.8873
52558,Women,0.998,Casual,0.9967
52559,Women,0.8821,Casual,0.9991
52560,Women,0.9949,Casual,0.9961
52561,Women,0.9693,Casual,0.9992
52563,Women,0.9703,Casual,0.9971
52564,Women,0.9688,Casual,0.9997
52565,Unisex,0.7446,Casual,0.9993
52568,Women,0.8173,Casual,0.9827
52569,Women,0.9858,Casual,0.9361
52570,Women,0.984,Casual,0.9673
52574,Women,0.9226,Casual,0.9947
52575,Women,0.5905,Casual,0.9874
52576,Women,0.9387,Casual,0.9923
52577,Women,0.9205,Casual,0.9582
52579,Women,0.9366,Casual,0.9926
52581,Women,0.9569,Casual,0.8256
52582,Women,0.8182,Casual,0.9778
52585,Women,0.9462,Casual,0.9905
52586,Women,0.7927,Casual,0.9976
52588,Women,0.9393,Casual,0.9697
52589,Women,0.968,Casual,0.9926
52593,Women,0.9111,Casual,0.9826
52594,Women,0.9211,Casual,0.9068
52599,Women,0.8986,Casual,0.9854
52602,Women,0.9754,Casual,0.9984
52603,Women,0.9759,Casual,0.9961
52604,Women,0.7769,Casual,0.962
52609,Women,0.9934,Casual,0.9875
52616,Women,0.9961,Casual,0.955
52618,Women,0.9987,Casual,0.9988
52622,Women,0.9875,Casual,0.9995
52623,Women,0.8682,Casual,0.9991
52626,Women,0.5215,Casual,0.9902
52632,Women,0.9178,Casual,0.9839
52633,Women,0.9989,Casual,0.9989
52634,Women,0.9997,Casual,0.9891
52635,Women,0.8997,Casual,0.9999
52636,Women,0.6437,Casual,0.9882
52637,Women,0.9999,Casual,0.9785
52638,Women,0.5953,Casual,0.9987
52639,Unisex,0.8725,Casual,0.9997
52641,Women,0.9912,Casual,0.9908
52642,Women,0.9336,Casual,0.9962
52643,Women,0.9578,Casual,0.9995
52647,Women,0.9519,Casual,0.9923
52648,Unisex,0.9258,Casual,0.9909
52649,Women,0.9978,Casual,0.9843
52650,Women,0.996,Casual,0.9781
52651,Women,0.9036,Casual,0.9825
52652,Unisex,0.4948,Casual,0.9743
52653,Women,0.934,Casual,0.9937
52654,Women,0.9837,Casual,0.9989
52655,Women,0.9875,Casual,0.9895
52656,Women,0.998,Casual,0.9462
52657,Women,0.9678,Casual,0.9969
52658,Women,0.996,Casual,0.9998
52659,Women,0.6925,Casual,0.9471
52660,Women,0.8995,Casual,0.9435
52661,Women,0.8338,Casual,0.9992
52665,Men,0.5988,Casual,0.9884
52670,Men,0.9716,Casual,0.9976
52671,Men,0.8892,Casual,0.9971
52673,Men,0.7198,Casual,0.9953
52675,Men,0.8816,Casual,0.9843
52676,Men,0.9482,Casual,0.9965
52677,Men,0.956,Casual,0.6051
52678,Women,0.6485,Casual,0.9887
52679,Women,0.5461,Casual,0.9394
52680,Men,0.971,Casual,0.9638
52681,Men,0.8097,Casual,0.9888
52682,Men,0.6574,Casual,0.8426
52683,Men,0.9373,Casual,0.9971
52684,Men,0.6863,Casual,0.975
52686,Men,0.7692,Casual,0.9883
52687,Women,0.6272,Casual,0.6455
52688,Men,0.8296,Casual,0.9748
52690,Women,0.8052,Casual,0.9534
52691,Men,0.5016,Casual,0.8347
52692,Girls,0.4777,Casual,0.7021
52693,Men,0.8769,Casual,0.9916
52694,Women,0.4984,Casual,0.9923
52695,Women,0.8029,Casual,0.8193
52749,Women,0.6353,Casual,0.9936
52751,Women,0.6201,Casual,0.9928
52754,Women,0.9876,Casual,0.9871
52756,Women,0.9999,Casual,0.993
52758,Women,0.805,Casual,0.9821
52759,Women,0.9456,Casual,0.9951
52766,Women,0.9966,Casual,0.995
52767,Women,0.7842,Casual,0.9993
52768,Women,0.9883,Casual,0.9992
52772,Women,0.9203,Casual,0.9894
52773,Women,0.9461,Casual,0.9961
52774,Women,0.9513,Casual,0.9639
52775,Women,0.9334,Casual,0.9404
52776,Women,0.9907,Casual,0.9811
52777,Women,0.9177,Casual,0.9905
52778,Women,0.9756,Casual,0.9824
52779,Women,0.7178,Casual,0.8941
52780,Men,0.5316,Casual,0.9935
52781,Men,0.5471,Casual,0.9908
52782,Women,0.9763,Casual,0.9884
52784,Women,0.6524,Casual,0.9931
52785,Unisex,0.411,Casual,0.957
52786,Women,0.8885,Casual,0.9885
52789,Women,0.9447,Casual,0.9964
52791,Men,0.9405,Casual,0.9536
52792,Men,0.8613,Casual,0.97
52793,Men,0.8342,Casual,0.9997
52794,Men,0.5876,Casual,0.992
52795,Men,0.9646,Casual,0.9974
52796,Men,0.8987,Casual,0.9954
52797,Men,0.9917,Casual,0.995
52798,Men,0.7717,Casual,0.9892
52799,Men,0.9639,Casual,0.9982
52800,Men,0.8848,Casual,0.9963
52801,Men,0.8752,Casual,0.9994
52802,Men,0.9636,Casual,0.9875
52803,Men,0.5765,Casual,0.96
52804,Men,0.9349,Casual,0.9329
52805,Men,0.9864,Casual,0.9901
52806,Men,0.8304,Casual,0.9921
52807,Men,0.9073,Casual,0.9983
52808,Men,0.9498,Casual,0.9924
52809,Men,0.9539,Casual,0.9945
52810,Men,0.9261,Casual,0.994
52811,Men,0.9733,Casual,0.9955
52812,Men,0.8627,Casual,0.9801
52813,Men,0.7641,Casual,0.9969
52814,Men,0.804,Casual,0.9951
52816,Men,0.9293,Casual,0.996
52817,Women,0.8102,Casual,0.6719
52818,Women,0.9494,Casual,0.7577
52819,Women,0.9986,Ethnic,0.6444
52820,Women,0.8272,Casual,0.532
52822,Women,0.6725,Casual,0.6087
52823,Women,0.9995,Ethnic,0.6754
52825,Women,0.9811,Ethnic,0.9447
52827,Women,0.6772,Casual,0.938
52828,Women,0.9961,Ethnic,0.8135
52831,Women,0.8716,Ethnic,0.5316
52834,Women,0.996,Ethnic,0.8529
52835,Women,0.9994,Casual,0.6941
52836,Women,0.6947,Casual,0.6141
52837,Women,0.9989,Casual,0.4838
52839,Women,0.98,Ethnic,0.6701
52840,Women,0.6415,Casual,0.6866
52841,Women,0.9385,Ethnic,0.7553
52842,Men,0.9242,Casual,0.4773
52846,Women,0.9892,Ethnic,0.9263
52847,Women,0.674,Casual,0.8097
52848,Women,0.7953,Casual,0.9976
52850,Women,0.5265,Casual,0.8768
52851,Women,0.9979,Casual,0.9534
52852,Women,0.9939,Casual,0.6403
52854,Women,0.8761,Casual,0.8469
52855,Women,0.9589,Ethnic,0.5847
52859,Women,0.5559,Casual,0.6787
52860,Women,0.9701,Casual,0.8621
52862,Women,0.9978,Ethnic,0.536
52863,Women,0.7649,Casual,0.7345
52864,Women,0.9034,Casual,0.7743
52868,Women,0.8256,Casual,0.6
52869,Men,0.6063,Casual,0.9409
52871,Women,0.6989,Casual,0.9381
52874,Women,0.9977,Ethnic,0.915
52875,Women,0.9297,Ethnic,0.9354
52876,Women,0.9932,Ethnic,0.9605
52877,Women,0.9961,Ethnic,0.9935
52878,Women,0.9839,Ethnic,0.9996
52879,Women,0.6836,Ethnic,0.9963
52880,Men,0.5935,Ethnic,0.5835
52881,Women,0.9993,Ethnic,0.9827
52882,Women,0.5909,Ethnic,0.9642
52883,Women,0.5974,Ethnic,0.9071
52884,Women,0.9613,Ethnic,0.9988
52885,Women,0.7841,Ethnic,0.9803
52886,Women,0.9999,Ethnic,0.974
52887,Women,0.9915,Ethnic,0.9941
52888,Women,0.9998,Ethnic,0.9668
52889,Women,0.9931,Ethnic,0.9677
52890,Women,1.0,Ethnic,0.9981
52891,Women,0.9974,Ethnic,0.9655
52892,Women,0.9989,Ethnic,0.9758
52893,Women,0.9681,Ethnic,0.9456
52894,Women,0.5631,Ethnic,0.9932
52895,Men,0.6799,Ethnic,0.9556
52896,Women,0.9944,Ethnic,0.6155
52897,Women,0.9547,Ethnic,0.8109
52898,Women,0.9948,Ethnic,0.9724
52899,Women,0.9818,Ethnic,0.5928
52901,Men,0.7757,Ethnic,0.9525
52902,Women,0.9908,Ethnic,0.8892
52903,Men,0.4803,Ethnic,0.8369
52904,Women,0.7643,Ethnic,0.8592
52905,Women,0.9859,Ethnic,0.9826
52906,Women,0.993,Ethnic,0.9294
52907,Women,0.9999,Ethnic,0.9692
52908,Women,0.9962,Ethnic,0.9604
52909,Men,0.5721,Ethnic,0.8667
52910,Women,0.8751,Ethnic,0.9622
52911,Men,0.8271,Ethnic,0.9923
52912,Women,0.918,Ethnic,0.998
52913,Women,0.9995,Ethnic,0.9734
52914,Women,0.925,Ethnic,0.9712
52915,Women,0.9412,Ethnic,0.796
52916,Women,0.597,Ethnic,0.9643
52917,Women,0.7991,Ethnic,0.8485
52918,Women,0.9989,Ethnic,0.9115
52919,Women,0.9852,Ethnic,0.994
52920,Women,0.9959,Ethnic,0.9818
52921,Women,0.9999,Ethnic,0.925
52922,Women,0.9665,Ethnic,0.8933
52923,Women,0.5997,Ethnic,0.8766
52924,Women,0.9996,Casual,0.4956
52925,Women,0.9304,Ethnic,0.8958
52926,Women,0.9979,Ethnic,0.8916
52927,Women,0.8724,Ethnic,0.7765
52928,Women,0.9972,Ethnic,0.9608
52929,Women,0.9998,Ethnic,0.9859
52930,Women,0.9823,Ethnic,0.9236
52931,Women,0.9963,Ethnic,0.9675
52934,Men,0.8655,Casual,0.9007
52935,Women,0.9975,Ethnic,0.972
52936,Women,0.9858,Ethnic,0.9597
52937,Women,0.9913,Ethnic,0.9884
52938,Women,0.9111,Casual,0.5961
52940,Women,0.9317,Ethnic,0.9841
52941,Women,0.9916,Ethnic,0.7349
52942,Women,0.9933,Ethnic,0.9578
52943,Women,0.9902,Ethnic,0.822
52944,Women,0.5392,Ethnic,0.7474
52945,Women,0.9786,Ethnic,0.9297
52946,Women,0.9875,Ethnic,0.9767
52947,Women,0.6483,Ethnic,0.7873
52948,Men,0.5158,Ethnic,0.5444
52949,Women,0.6455,Ethnic,0.6076
52950,Women,0.9109,Ethnic,0.9998
52951,Women,0.7561,Ethnic,0.9113
52952,Women,0.9922,Ethnic,0.9157
52953,Men,0.8667,Ethnic,0.9231
52954,Women,0.8056,Ethnic,0.9897
52955,Men,0.6079,Ethnic,0.9778
52956,Men,0.4624,Ethnic,0.9112
52957,Women,0.3658,Ethnic,0.5236
52958,Women,0.5214,Ethnic,0.8374
52959,Men,0.6887,Ethnic,0.7688
52960,Women,0.7224,Ethnic,0.9437
52961,Men,0.4838,Casual,0.7715
52962,Women,0.9218,Ethnic,0.959
52963,Women,0.7731,Ethnic,0.9527
52964,Women,0.5342,Casual,0.5694
52965,Women,0.6144,Ethnic,0.6829
52966,Women,0.7944,Ethnic,0.9522
52967,Men,0.7748,Ethnic,0.9214
52968,Women,0.7375,Ethnic,0.6345
52969,Women,0.6276,Ethnic,0.9444
52970,Women,0.8648,Ethnic,0.9758
52971,Women,0.387,Ethnic,0.8193
52972,Men,0.7604,Ethnic,0.6305
52973,Women,0.5721,Ethnic,0.7301
52975,Women,0.7396,Ethnic,0.9054
52976,Men,0.5782,Ethnic,0.9225
52978,Women,0.9996,Ethnic,0.9977
52979,Women,0.985,Ethnic,0.9995
52980,Men,0.4984,Ethnic,0.9584
52981,Women,0.9999,Ethnic,0.9995
52982,Women,0.9991,Ethnic,0.9953
52983,Women,0.5756,Ethnic,0.9489
52986,Women,0.9956,Ethnic,0.9225
52987,Women,0.9783,Ethnic,0.8902
52988,Women,1.0,Ethnic,0.9986
52989,Men,0.5148,Ethnic,0.9688
52990,Women,0.9962,Ethnic,0.9982
52991,Men,0.4452,Ethnic,0.9318
52992,Men,0.5968,Casual,0.498
52993,Women,1.0,Ethnic,0.9986
52996,Women,0.9997,Ethnic,0.9864
52998,Women,0.9983,Ethnic,0.9958
52999,Women,0.8671,Ethnic,0.9654
53000,Women,0.6225,Ethnic,0.9494
53001,Women,0.8747,Ethnic,0.8999
53002,Women,0.6066,Ethnic,0.9478
53003,Women,0.6956,Ethnic,0.9446
53004,Women,0.9326,Ethnic,0.5739
53006,Women,0.9917,Ethnic,0.8794
53007,Women,0.7025,Casual,0.9258
53008,Women,0.7494,Ethnic,0.916
53009,Women,0.9999,Ethnic,0.9742
53010,Women,0.5445,Ethnic,0.9546
53011,Women,1.0,Ethnic,0.9941
53013,Women,0.9579,Ethnic,0.9868
53014,Women,0.6037,Ethnic,0.9632
53015,Women,0.5657,Ethnic,0.9709
53016,Women,0.513,Casual,0.9172
53017,Women,0.4555,Ethnic,0.9755
53019,Women,0.5054,Ethnic,0.8135
53020,Women,0.9988,Ethnic,0.993
53021,Women,0.9979,Ethnic,0.9734
53023,Women,0.9803,Ethnic,0.9997
53024,Women,0.9987,Ethnic,0.9906
53025,Women,0.9998,Ethnic,0.9976
53026,Women,0.9964,Ethnic,0.9961
53027,Women,0.968,Ethnic,0.9066
53029,Women,0.9993,Ethnic,0.9987
53030,Women,0.9382,Ethnic,0.9105
53031,Women,0.9999,Ethnic,0.9956
53032,Women,0.9996,Ethnic,0.9935
53033,Women,0.7823,Ethnic,0.9866
53034,Women,0.9989,Ethnic,0.9964
53035,Women,0.7472,Ethnic,0.8607
53036,Men,0.6185,Ethnic,0.9791
53037,Women,0.9996,Ethnic,0.9943
53038,Women,1.0,Ethnic,0.9998
53039,Women,0.9939,Ethnic,0.9936
53040,Women,0.9693,Ethnic,0.9993
53041,Women,0.9994,Ethnic,0.9973
53042,Women,0.9984,Ethnic,0.979
53043,Women,0.9998,Ethnic,0.9988
53044,Women,0.9999,Ethnic,0.9774
53045,Women,0.9999,Ethnic,0.9975
53046,Women,0.9981,Ethnic,0.9709
53047,Women,0.9994,Ethnic,0.998
53048,Women,0.9996,Ethnic,0.794
53049,Women,0.9991,Ethnic,0.8366
53050,Women,1.0,Ethnic,0.9855
53051,Women,0.9986,Ethnic,0.9991
53052,Women,0.5328,Ethnic,0.9249
53053,Women,0.9303,Ethnic,0.7914
53054,Women,0.9998,Ethnic,0.9266
53055,Women,0.7413,Ethnic,0.9836
53056,Women,0.9993,Ethnic,0.99
53057,Women,0.9693,Ethnic,0.9374
53058,Women,0.828,Casual,0.9745
53059,Women,0.9759,Casual,0.9932
53060,Women,0.8848,Casual,0.9899
53061,Women,0.9999,Casual,0.9972
53062,Women,0.9999,Casual,0.9961
53063,Women,0.9999,Casual,0.9972
53064,Women,0.9972,Casual,0.9882
53065,Women,0.9991,Casual,0.998
53066,Women,0.9974,Casual,0.9968
53067,Women,0.9899,Casual,0.9946
53068,Women,0.9962,Casual,0.9969
53069,Women,0.9786,Casual,0.9998
53070,Women,0.9979,Casual,0.9962
53071,Women,0.9183,Casual,0.9855
53072,Women,0.7825,Casual,0.9671
53073,Women,0.985,Casual,0.9843
53075,Women,0.9995,Casual,0.9763
53076,Women,0.9961,Casual,0.9926
53077,Women,0.6767,Casual,0.9775
53078,Women,0.8229,Casual,0.9229
53079,Women,0.8465,Casual,0.9947
53080,Women,0.8723,Casual,0.922
53081,Women,0.9435,Casual,0.9943
53082,Women,0.8353,Casual,0.8401
53083,Women,0.7713,Casual,0.9675
53084,Women,0.8015,Casual,0.9604
53085,Women,0.6894,Casual,0.9531
53086,Women,0.8974,Casual,0.9554
53087,Women,0.5804,Casual,0.9707
53088,Women,0.9742,Formal,0.6593
53089,Women,0.9234,Casual,0.8671
53090,Women,0.9813,Casual,0.9772
53091,Women,0.9999,Casual,0.9638
53092,Women,0.9568,Casual,0.997
53093,Women,0.9931,Casual,0.9856
53094,Women,0.9974,Casual,0.4808
53095,Women,0.9953,Ethnic,0.6228
53096,Women,0.9968,Ethnic,0.5891
53097,Women,0.8526,Casual,0.738
53098,Women,0.9595,Casual,0.52
53099,Women,0.9387,Ethnic,0.9647
53100,Women,0.8029,Casual,0.7206
53101,Women,0.9618,Ethnic,0.6386
53102,Women,0.6849,Casual,0.9251
53103,Women,0.7491,Ethnic,0.4972
53104,Women,0.9619,Ethnic,0.9712
53105,Women,0.6702,Ethnic,0.9515
53106,Women,0.9394,Casual,0.5976
53107,Women,0.8896,Ethnic,0.9678
53108,Women,0.9792,Ethnic,0.6703
53109,Women,0.97,Ethnic,0.6392
53110,Unisex,0.4331,Casual,0.8736
53111,Men,0.9895,Casual,0.9892
53112,Men,0.9913,Casual,0.9984
53113,Men,0.9931,Casual,0.9977
53114,Women,0.5557,Casual,0.9673
53115,Men,0.6878,Casual,0.9603
53116,Men,0.9354,Casual,0.9963
53117,Women,0.9999,Casual,0.9983
53118,Women,0.9993,Casual,0.9879
53119,Women,1.0,Casual,0.983
53120,Women,1.0,Casual,0.9387
53121,Women,1.0,Casual,0.8356
53122,Women,0.999,Casual,0.9385
53123,Women,0.9998,Casual,0.9419
53124,Women,0.9995,Casual,0.9765
53125,Women,1.0,Casual,0.8362
53126,Women,1.0,Casual,0.9613
53127,Women,0.9966,Casual,0.9487
53128,Women,0.9997,Casual,0.8774
53129,Women,0.9855,Casual,0.9966
53130,Women,0.987,Casual,0.9686
53131,Women,0.9986,Casual,0.998
53132,Women,0.9751,Casual,0.9976
53133,Women,0.9986,Casual,0.9935
53134,Women,0.9842,Casual,0.9323
53135,Women,0.9972,Casual,0.9969
53136,Women,0.9964,Casual,0.9994
53137,Women,0.9796,Casual,0.9951
53138,Women,0.9983,Casual,0.9932
53139,Women,0.9995,Casual,0.9911
53140,Women,0.9998,Casual,0.9859
53141,Women,0.8737,Casual,0.998
53142,Women,0.9952,Casual,0.9877
53143,Women,1.0,Casual,0.9612
53144,Women,0.9992,Casual,0.8246
53145,Women,0.9441,Casual,0.971
53146,Women,0.9591,Casual,0.9607
53147,Women,0.9997,Casual,0.9952
53148,Women,0.9998,Casual,0.9871
53149,Women,0.9998,Casual,0.9365
53150,Women,0.9995,Casual,0.9973
53152,Men,0.9667,Casual,0.6882
53159,Men,0.9955,Casual,0.7461
53211,Men,0.9988,Formal,0.5655
53215,Men,0.9874,Casual,0.8885
53226,Men,0.9829,Casual,0.5153
53228,Men,0.9718,Formal,0.7734
53248,Men,0.9656,Casual,0.5705
53252,Men,0.9999,Casual,0.9684
53264,Men,0.9978,Casual,0.8684
53269,Men,0.9991,Casual,0.9563
53278,Men,0.8781,Casual,0.9284
53282,Men,0.9777,Casual,0.7987
53286,Men,0.985,Casual,0.9988
53287,Men,1.0,Casual,0.9018
53296,Men,0.9998,Casual,0.9856
53303,Men,1.0,Casual,0.9244
53307,Men,0.9182,Casual,0.9957
53312,Men,0.9987,Casual,0.9936
53313,Men,0.9792,Casual,0.9262
53314,Men,0.9935,Casual,0.9759
53318,Men,0.9952,Casual,0.9177
53319,Men,0.9998,Casual,0.9948
53328,Men,0.9826,Casual,0.9576
53329,Men,0.9831,Casual,0.983
53332,Men,0.9998,Casual,0.9934
53338,Men,0.9959,Casual,0.9976
53345,Men,0.848,Casual,0.9611
53348,Men,0.8093,Casual,0.9848
53357,Unisex,0.9201,Sports,0.6523
53358,Men,0.9186,Casual,0.8572
53360,Women,0.5036,Casual,0.9678
53361,Unisex,0.6423,Casual,0.9475
53362,Unisex,0.9843,Casual,0.9887
53363,Unisex,0.8968,Casual,0.9707
53364,Unisex,0.8689,Casual,0.9317
53365,Unisex,0.9524,Casual,0.9821
53366,Unisex,0.9686,Casual,0.9753
53367,Unisex,0.5029,Casual,0.9774
53368,Unisex,0.7259,Casual,0.9217
53369,Women,0.9875,Casual,0.9986
53370,Women,0.9387,Casual,0.9424
53371,Unisex,0.9228,Casual,0.98
53372,Unisex,0.9379,Casual,0.9697
53373,Unisex,0.9426,Casual,0.9302
53374,Women,0.9639,Casual,0.9984
53376,Women,0.757,Casual,0.9862
53377,Unisex,0.7786,Casual,0.9983
53378,Women,0.9735,Casual,0.9973
53379,Men,0.9213,Casual,0.9953
53380,Men,0.991,Casual,0.9901
53381,Men,0.8867,Casual,0.9621
53382,Women,0.979,Casual,0.9569
53383,Women,0.9934,Casual,0.977
53384,Unisex,0.646,Casual,0.9405
53386,Men,0.957,Casual,0.9995
53387,Men,0.5097,Casual,0.9961
53388,Women,1.0,Ethnic,0.9677
53389,Women,1.0,Ethnic,0.9933
53390,Women,1.0,Ethnic,0.9984
53391,Women,1.0,Ethnic,0.9967
53392,Women,1.0,Casual,0.804
53393,Women,0.9182,Ethnic,0.9943
53394,Women,1.0,Ethnic,0.9954
53395,Women,0.9785,Ethnic,0.9784
53396,Women,0.9369,Ethnic,0.9914
53397,Women,0.9804,Ethnic,0.9888
53398,Women,0.9672,Ethnic,0.953
53399,Women,0.9961,Ethnic,0.9985
53401,Women,0.998,Ethnic,0.9798
53402,Women,1.0,Casual,0.9456
53403,Women,0.6509,Ethnic,0.9008
53404,Women,0.6595,Ethnic,0.9987
53405,Women,0.9599,Ethnic,0.9672
53406,Women,0.9827,Ethnic,0.9994
53408,Women,0.9612,Ethnic,0.9997
53409,Women,0.8677,Ethnic,0.999
53410,Women,0.9989,Ethnic,0.9865
53411,Women,1.0,Ethnic,0.9375
53412,Women,0.9146,Ethnic,0.6172
53413,Men,0.5613,Ethnic,0.9937
53414,Women,1.0,Ethnic,0.986
53415,Women,0.9999,Ethnic,0.9994
53416,Women,0.9992,Ethnic,0.9659
53417,Women,0.9736,Ethnic,0.9863
53418,Women,0.9697,Ethnic,0.9997
53419,Women,0.9812,Ethnic,0.6703
53420,Women,0.9129,Ethnic,0.9934
53421,Women,0.9573,Ethnic,0.9831
53422,Women,0.9981,Ethnic,0.9886
53423,Women,0.9933,Ethnic,0.9981
53424,Women,0.9116,Ethnic,0.9984
53425,Women,0.9739,Ethnic,0.9994
53426,Women,0.9326,Ethnic,0.9965
53427,Women,0.5298,Ethnic,0.9996
53428,Women,0.9957,Ethnic,0.973
53429,Women,0.8636,Ethnic,0.9324
53430,Women,1.0,Ethnic,0.9349
53431,Women,0.9978,Ethnic,0.9646
53432,Men,0.9922,Casual,0.9972
53433,Men,0.9989,Casual,0.8579
53434,Men,0.9893,Casual,0.8691
53435,Men,0.9995,Casual,0.9732
53436,Men,0.9998,Sports,0.92
53437,Men,0.9306,Sports,0.6547
53438,Men,0.9999,Sports,0.7147
53439,Unisex,0.52,Casual,0.9798
53440,Men,0.9985,Sports,0.8778
53441,Men,0.886,Sports,0.9991
53442,Women,0.9856,Casual,0.9899
53444,Unisex,0.6282,Casual,0.9979
53445,Women,0.9965,Casual,0.9966
53446,Men,0.9724,Casual,0.9899
53447,Women,0.9927,Casual,0.9991
53448,Women,0.9945,Casual,0.986
53449,Women,0.5479,Casual,0.9992
53450,Women,0.93,Casual,0.998
53452,Women,0.9948,Casual,0.9732
53453,Women,0.9997,Casual,0.9683
53454,Women,0.998,Casual,0.9626
53455,Women,0.9791,Casual,0.9821
53456,Women,0.9891,Casual,0.8711
53457,Women,0.9983,Casual,0.8415
53458,Women,0.9993,Casual,0.8937
53459,Women,0.9984,Casual,0.9903
53460,Women,0.9998,Casual,0.9857
53461,Women,0.999,Casual,0.9241
53462,Women,0.9984,Casual,0.6948
53463,Women,0.9727,Casual,0.9205
53464,Women,0.9555,Casual,0.9786
53465,Women,0.9894,Casual,0.8418
53466,Women,0.9718,Casual,0.753
53467,Women,0.9996,Casual,0.7993
53468,Women,0.997,Casual,0.8341
53469,Women,0.5101,Casual,0.9972
53470,Women,0.7906,Casual,0.9064
53473,Women,0.9997,Casual,0.9485
53474,Women,0.9477,Casual,0.8488
53475,Women,0.9995,Casual,0.6898
53476,Women,0.9997,Casual,0.9025
53477,Women,0.5277,Casual,0.9298
53478,Women,0.9976,Casual,0.8426
53479,Women,0.9882,Casual,0.9512
53480,Women,0.9823,Casual,0.8702
53484,Women,0.9984,Casual,0.7662
53485,Women,0.6779,Casual,0.7274
53486,Women,0.9891,Casual,0.7653
53487,Women,0.8417,Casual,0.8839
53488,Women,0.9756,Casual,0.8434
53489,Women,0.9664,Casual,0.5592
53490,Women,0.9665,Casual,0.5934
53491,Women,0.998,Casual,0.6358
53492,Women,0.9968,Casual,0.9464
53493,Women,0.9697,Casual,0.9152
53498,Women,0.6916,Casual,0.5103
53506,Women,0.9922,Casual,0.7481
53507,Women,1.0,Casual,0.707
53508,Women,0.9847,Casual,0.9106
53520,Men,0.5319,Casual,0.8359
53525,Women,0.9816,Casual,0.92
53526,Women,0.7553,Casual,0.9828
53527,Women,0.9074,Casual,0.9878
53528,Women,0.4428,Casual,0.9974
53529,Women,0.9271,Casual,0.9777
53530,Women,0.8539,Casual,0.9631
53531,Women,0.5819,Casual,0.9829
53532,Women,0.661,Casual,0.935
53533,Women,0.7231,Casual,0.9516
53534,Women,0.913,Casual,0.9447
53535,Women,0.5503,Casual,0.9063
53536,Women,0.6576,Casual,0.8838
53537,Men,0.5886,Casual,0.9104
53538,Women,0.7653,Casual,0.9988
53539,Women,0.7822,Casual,0.9852
53540,Men,0.6572,Casual,0.9985
53541,Men,0.3158,Casual,0.9909
53542,Women,0.5534,Casual,0.9632
53543,Men,0.4869,Casual,0.8788
53545,Women,0.5237,Casual,0.8401
53546,Women,0.6986,Casual,0.9732
53547,Women,0.6715,Casual,0.9942
53548,Women,0.5974,Casual,0.9244
53554,Men,0.9125,Casual,0.8619
53555,Men,0.6435,Casual,0.9052
53556,Men,0.9716,Casual,0.8504
53557,Men,0.9928,Casual,0.8141
53558,Men,0.9399,Casual,0.8579
53559,Men,0.9868,Casual,0.8544
53560,Women,0.5991,Casual,0.9993
53561,Women,0.8863,Casual,0.9283
53562,Women,0.3697,Casual,0.926
53563,Men,0.7888,Casual,0.9997
53564,Women,0.4841,Casual,0.9866
53565,Men,0.8732,Casual,0.9691
53566,Men,0.4282,Casual,0.998
53567,Men,0.5447,Casual,0.9919
53568,Girls,0.4096,Casual,0.9999
53569,Women,0.9043,Casual,0.9869
53570,Women,0.5642,Casual,0.9993
53571,Women,0.4591,Casual,0.9961
53572,Women,0.6786,Casual,0.9985
53573,Women,0.636,Casual,0.999
53574,Women,0.8474,Casual,0.9996
53575,Girls,0.4254,Casual,0.9459
53576,Women,0.285,Casual,0.9815
53577,Girls,0.3823,Casual,0.9997
53578,Girls,0.6616,Casual,0.9767
53579,Men,0.5947,Casual,0.9855
53580,Men,0.9123,Casual,0.9435
53581,Men,0.828,Casual,0.8354
53582,Men,0.5377,Casual,0.9562
53583,Men,0.8549,Casual,0.9819
53584,Men,0.7834,Casual,0.9887
53585,Men,0.9852,Casual,0.9616
53586,Men,0.9339,Casual,0.9932
53587,Men,0.8906,Casual,0.9779
53588,Men,0.8948,Casual,0.993
53589,Men,0.8984,Casual,0.9911
53590,Women,0.6228,Casual,0.9912
53591,Women,0.6017,Casual,0.9845
53592,Men,0.5136,Casual,0.9986
53593,Men,0.6916,Casual,0.7747
53594,Men,0.4131,Casual,0.8043
53595,Men,0.4557,Casual,0.9237
53596,Men,0.8175,Casual,0.9001
53597,Men,0.9054,Casual,0.9664
53598,Men,0.7333,Casual,0.8962
53599,Men,0.9678,Casual,0.9418
53600,Men,0.8978,Casual,0.8033
53601,Men,0.8482,Casual,0.8539
53602,Men,0.7222,Casual,0.8693
53603,Men,0.9107,Casual,0.9711
53604,Men,0.6033,Casual,0.9865
53605,Men,0.8996,Casual,0.9043
53606,Unisex,0.3745,Casual,0.8773
53608,Men,0.6711,Casual,0.8958
53609,Men,0.85,Casual,0.8043
53611,Women,0.4633,Casual,0.9799
53612,Men,0.4349,Casual,0.9506
53613,Men,0.8198,Casual,0.8026
53614,Men,0.793,Casual,0.9499
53615,Men,0.9123,Casual,0.7582
53616,Men,0.9633,Casual,0.9561
53617,Men,0.4344,Casual,0.9944
53618,Unisex,0.5281,Casual,0.9931
53619,Men,0.8931,Casual,0.9977
53620,Women,0.6319,Casual,0.9727
53621,Men,0.9324,Casual,0.9994
53622,Men,0.9676,Casual,0.9967
53623,Men,0.8457,Casual,0.9988
53624,Women,0.8604,Casual,0.9673
53625,Men,0.8207,Casual,0.9881
53626,Men,0.7841,Casual,0.9885
53627,Men,0.9082,Casual,0.9895
53628,Men,0.807,Casual,0.998
53629,Men,0.7065,Casual,0.9971
53630,Women,0.9731,Casual,0.6971
53631,Women,0.9935,Casual,0.958
53632,Men,0.9687,Casual,0.994
53633,Men,0.8209,Casual,0.9977
53634,Men,0.9726,Casual,0.9985
53635,Unisex,0.641,Casual,0.9789
53636,Men,0.9979,Casual,0.5981
53637,Men,0.804,Sports,0.9434
53638,Men,0.6364,Casual,0.8275
53639,Men,0.8103,Casual,0.5673
53640,Men,0.9924,Casual,0.9962
53648,Women,0.8534,Casual,0.7777
53649,Women,0.602,Casual,0.9981
53651,Women,0.9844,Casual,0.9947
53652,Women,0.6428,Casual,0.9842
53653,Women,0.9562,Casual,0.9567
53654,Women,0.6112,Casual,0.9816
53655,Women,0.9937,Casual,0.9263
53656,Women,0.9629,Casual,0.9195
53657,Women,0.9036,Casual,0.9722
53659,Women,0.9953,Casual,0.9893
53660,Women,0.9976,Casual,0.9756
53661,Women,0.9689,Casual,0.8967
53663,Women,0.8493,Casual,0.977
53665,Women,0.81,Casual,0.9719
53666,Women,0.9997,Casual,0.9986
53667,Women,1.0,Casual,0.989
53668,Women,0.9957,Casual,0.9859
53669,Women,0.9974,Casual,0.9969
53670,Women,0.9981,Casual,0.9928
53671,Women,0.9993,Casual,0.9774
53672,Women,0.9981,Casual,0.9953
53673,Women,0.8608,Casual,0.9755
53674,Women,0.9907,Casual,0.995
53675,Women,0.9898,Casual,0.9911
53676,Women,0.9649,Casual,0.9836
53677,Women,0.9898,Casual,0.9642
53678,Women,0.9974,Casual,0.9941
53679,Women,0.9983,Casual,0.998
53680,Women,0.9764,Casual,0.9883
53681,Women,0.9974,Casual,0.9837
53682,Women,0.9934,Casual,0.9924
53683,Women,0.9953,Casual,0.9934
53684,Women,0.989,Casual,0.9978
53685,Women,0.9474,Casual,0.9741
53686,Women,0.9778,Casual,0.9977
53687,Women,0.9205,Casual,0.9751
53688,Women,0.9939,Casual,0.9931
53689,Women,0.9862,Casual,0.9936
53692,Women,0.9987,Casual,0.9943
53695,Women,0.9935,Casual,0.9915
53696,Women,0.9999,Casual,0.9853
53698,Women,0.8761,Casual,0.9955
53702,Women,0.9995,Casual,0.997
53706,Women,0.9974,Casual,0.9987
53708,Women,0.9914,Casual,0.9957
53710,Women,0.9959,Casual,0.9482
53715,Women,0.9951,Casual,0.9956
53719,Women,0.5941,Casual,0.9956
53720,Women,0.9092,Casual,0.9975
53723,Women,0.963,Casual,0.9984
53724,Women,0.9899,Casual,0.9969
53725,Women,0.7539,Casual,0.9872
53726,Women,0.9109,Casual,0.9933
53727,Women,0.9559,Casual,0.9596
53729,Women,0.9883,Sports,0.7094
53731,Men,0.9935,Casual,0.5403
53732,Men,0.8639,Casual,0.9849
53734,Men,0.9836,Casual,0.9728
53735,Men,0.9954,Casual,0.9947
53737,Men,0.6253,Casual,0.98
53738,Men,0.9836,Casual,0.9235
53740,Men,0.9999,Casual,0.6481
53741,Women,0.6002,Formal,0.5414
53742,Women,0.6986,Casual,0.9344
53743,Women,0.8188,Casual,0.6857
53744,Men,0.5433,Casual,0.8745
53745,Women,0.6731,Casual,0.5728
53747,Men,0.988,Casual,0.7391
53748,Women,0.8624,Casual,0.5225
53749,Men,0.4944,Casual,0.8164
53750,Men,0.7858,Casual,0.8543
53751,Women,0.5321,Casual,0.927
53752,Men,0.998,Casual,0.6292
53753,Women,0.5,Casual,0.6768
53754,Men,0.9945,Casual,0.692
53755,Men,0.6202,Ethnic,0.7709
53756,Unisex,0.6421,Casual,0.9489
53757,Women,0.9929,Sports,0.9412
53759,Men,1.0,Casual,0.9833
53760,Men,0.9909,Casual,0.7646
53761,Men,0.9999,Casual,0.9972
53762,Men,0.9973,Casual,0.961
53763,Men,0.9998,Casual,0.9752
53764,Men,0.9969,Casual,0.9796
53765,Men,1.0,Casual,0.9999
53766,Men,0.9997,Casual,0.9917
53767,Men,0.9992,Casual,0.9896
53768,Men,0.9999,Casual,0.9961
53770,Men,0.9989,Casual,0.9949
53771,Men,1.0,Casual,0.9967
53772,Men,0.9978,Casual,0.9543
53773,Men,0.9989,Casual,0.9964
53774,Men,0.9954,Casual,0.9985
53775,Men,0.9983,Casual,0.979
53776,Men,0.8238,Casual,0.9379
53777,Men,0.9807,Sports,1.0
53778,Women,0.9978,Casual,0.8735
53779,Women,1.0,Casual,0.9732
53780,Men,0.9634,Casual,0.5988
53781,Men,0.738,Casual,0.7014
53782,Men,1.0,Casual,0.9499
53783,Men,0.9697,Casual,0.9967
53784,Men,0.9925,Casual,0.9396
53785,Men,0.4441,Casual,0.7671
53786,Men,0.9992,Casual,0.9333
53787,Men,0.9733,Casual,0.9191
53788,Men,0.9736,Casual,0.9925
53791,Men,0.9949,Casual,0.9102
53793,Men,0.9986,Casual,0.9822
53794,Men,0.9959,Casual,0.9731
53795,Men,1.0,Casual,0.9897
53796,Men,0.9892,Casual,0.8438
53797,Men,0.9983,Casual,0.6939
53798,Men,0.9907,Casual,0.9966
53799,Men,0.9968,Casual,0.9708
53800,Men,0.9988,Casual,0.8196
53801,Men,0.9914,Casual,0.9734
53802,Men,0.9967,Casual,0.9226
53803,Men,0.9996,Casual,0.9081
53804,Men,0.996,Casual,0.8696
53805,Women,0.4645,Casual,0.8408
53806,Unisex,0.7686,Casual,0.7942
53807,Men,0.5897,Casual,0.8246
53808,Women,0.9889,Ethnic,0.5365
53809,Women,1.0,Casual,0.8662
53810,Women,0.995,Ethnic,0.9829
53811,Women,0.5255,Casual,0.7611
53812,Women,0.8887,Ethnic,0.7015
53813,Women,0.9881,Ethnic,0.5991
53814,Women,0.9999,Ethnic,0.9594
53815,Women,0.9668,Ethnic,0.8287
53816,Women,0.9813,Ethnic,0.8982
53817,Women,0.9986,Casual,0.8795
53818,Women,0.9709,Ethnic,0.9957
53819,Women,0.9332,Ethnic,0.7921
53820,Women,0.8084,Ethnic,0.9708
53822,Women,0.9967,Casual,0.515
53823,Women,0.9708,Ethnic,0.9988
53824,Women,0.9957,Casual,0.8157
53825,Women,1.0,Casual,0.9183
53826,Women,1.0,Ethnic,0.6896
53829,Women,1.0,Ethnic,0.9807
53830,Women,0.9996,Ethnic,0.8002
53832,Women,0.995,Casual,0.5757
53833,Women,1.0,Ethnic,0.9741
53834,Women,1.0,Ethnic,0.9623
53835,Women,1.0,Ethnic,0.5053
53836,Women,1.0,Ethnic,0.9758
53837,Women,0.9926,Ethnic,0.9355
53838,Women,0.9971,Ethnic,0.9625
53839,Women,1.0,Ethnic,0.8866
53840,Women,1.0,Ethnic,0.8835
53841,Women,1.0,Ethnic,0.9983
53842,Women,0.9999,Ethnic,0.5756
53843,Women,0.9999,Casual,0.63
53849,Women,1.0,Ethnic,0.7565
53850,Women,1.0,Ethnic,0.9993
53851,Women,1.0,Ethnic,0.9996
53852,Women,1.0,Ethnic,0.8743
53856,Women,1.0,Ethnic,0.9877
53857,Women,1.0,Ethnic,0.8133
53859,Women,0.9599,Casual,0.6183
53861,Women,1.0,Ethnic,0.9947
53863,Women,0.9999,Ethnic,0.9545
53864,Women,1.0,Ethnic,0.9317
53866,Women,0.9995,Ethnic,0.9702
53867,Women,0.953,Casual,0.9989
53868,Women,0.9969,Casual,0.9985
53869,Women,0.997,Casual,0.9988
53870,Women,0.9972,Casual,0.9884
53871,Men,0.7181,Casual,0.9772
53872,Women,0.9852,Sports,0.9997
53873,Women,0.8342,Sports,0.9969
53874,Men,0.9063,Sports,0.8019
53875,Men,0.9746,Casual,0.9945
53876,Men,0.9849,Casual,0.9993
53877,Men,0.9635,Casual,0.9953
53878,Men,0.7284,Casual,0.9966
53879,Unisex,0.52,Casual,0.9984
53880,Men,0.4824,Casual,0.9944
53881,Men,0.966,Casual,0.9893
53882,Men,0.971,Casual,0.9978
53883,Men,0.9511,Casual,0.9962
53884,Women,0.8339,Casual,0.9992
53886,Women,0.9261,Casual,0.9665
53887,Women,0.998,Casual,0.9986
53888,Women,0.9566,Casual,0.9997
53889,Women,0.9161,Casual,0.9998
53890,Women,0.8609,Casual,0.9837
53891,Women,0.9392,Casual,0.9991
53892,Women,0.9551,Casual,0.9476
53893,Women,0.8813,Casual,0.9991
53894,Women,0.9314,Casual,0.8802
53895,Women,0.9503,Casual,0.8348
53896,Women,0.3941,Casual,0.9724
53897,Women,0.9912,Casual,0.955
53900,Women,0.8389,Casual,0.9952
53902,Women,0.9973,Casual,0.99
53905,Women,0.9936,Casual,0.9411
53907,Women,0.9999,Casual,0.9989
53911,Women,0.9775,Casual,0.9435
53914,Women,0.9893,Casual,0.9804
53918,Women,0.9967,Casual,0.9871
53921,Women,0.9981,Casual,0.9495
53927,Women,0.9956,Casual,0.9804
53928,Women,0.9963,Casual,0.9875
53930,Women,0.9976,Casual,0.9988
53931,Women,0.9993,Casual,0.9933
53934,Women,0.9997,Casual,0.9778
53935,Women,0.5079,Casual,0.9663
53941,Women,0.9549,Casual,0.9963
53942,Women,0.7843,Casual,0.997
53943,Unisex,0.8182,Casual,0.9918
53944,Women,0.9801,Casual,0.9969
53946,Women,0.9822,Casual,0.9998
53961,Women,0.9991,Casual,0.9905
53963,Women,0.9969,Casual,0.9937
53964,Women,0.931,Casual,0.9365
53979,Women,0.9663,Casual,0.995
53981,Women,0.9956,Casual,0.9868
53985,Women,0.9895,Casual,0.9932
53990,Women,0.8245,Casual,0.9504
53991,Women,0.9995,Casual,0.9878
53994,Unisex,0.5483,Casual,0.9922
53997,Women,0.8747,Casual,0.9991
53999,Women,0.9156,Casual,0.998
54000,Women,0.9797,Casual,0.9523
54002,Women,0.9217,Casual,0.999
54003,Women,0.979,Casual,0.9958
54007,Women,0.8748,Casual,0.9987
54008,Women,0.9995,Casual,0.9922
54009,Women,0.8441,Casual,0.9966
54014,Women,0.581,Casual,0.9921
54016,Women,0.9478,Casual,0.9564
54017,Women,0.8368,Casual,0.997
54018,Women,0.9589,Casual,0.9655
54019,Women,0.6021,Casual,0.9434
54020,Women,0.9561,Casual,0.9534
54031,Women,0.9893,Casual,0.9075
54032,Women,0.9609,Casual,0.9825
54033,Unisex,0.511,Casual,0.9511
54035,Women,0.7549,Casual,0.9906
54036,Women,0.9623,Casual,0.9984
54040,Women,0.8569,Casual,0.972
54041,Unisex,0.5302,Casual,0.9996
54049,Women,0.954,Casual,0.9301
54050,Women,0.9031,Casual,0.8896
54051,Women,0.9992,Casual,0.7581
54052,Women,1.0,Formal,0.6735
54053,Women,0.9873,Casual,0.6518
54054,Women,0.9963,Casual,0.9035
54055,Women,0.9617,Ethnic,0.5393
54056,Women,0.9909,Casual,0.8865
54057,Women,0.9754,Casual,0.897
54058,Women,0.8921,Casual,0.796
54059,Women,0.958,Casual,0.7085
54060,Women,0.9727,Casual,0.9926
54061,Women,0.4982,Casual,0.9948
54062,Men,0.6596,Casual,0.9846
54063,Women,0.5976,Casual,0.9876
54064,Women,0.7263,Casual,0.9959
54065,Unisex,0.7104,Casual,0.999
54066,Men,0.7179,Casual,0.9953
54068,Men,0.9989,Sports,0.9922
54069,Men,0.7726,Casual,0.9993
54070,Men,0.9673,Sports,0.9787
54071,Men,0.9938,Sports,0.9938
54072,Men,0.9434,Sports,0.9939
54073,Men,0.9995,Sports,0.696
54076,Men,0.9948,Casual,0.9991
54077,Women,0.8942,Casual,0.9979
54078,Men,0.7732,Sports,0.9393
54079,Women,0.9997,Ethnic,0.696
54080,Women,1.0,Ethnic,0.9374
54081,Women,1.0,Ethnic,0.8696
54082,Men,0.985,Casual,0.9089
54083,Men,0.9264,Casual,0.8055
54084,Women,1.0,Casual,0.8212
54086,Women,0.9981,Ethnic,0.6353
54087,Women,1.0,Casual,0.9345
54088,Women,1.0,Casual,0.6159
54089,Men,0.5699,Casual,0.982
54090,Men,0.8909,Casual,0.9516
54095,Men,0.6324,Casual,0.8023
54103,Women,0.9436,Casual,0.997
54104,Women,0.715,Casual,0.9791
54105,Women,0.9877,Casual,0.9965
54106,Women,0.995,Casual,0.966
54107,Women,0.9993,Casual,0.9286
54108,Women,0.9701,Casual,0.9898
54109,Women,0.9949,Casual,0.9547
54110,Women,0.9997,Casual,0.997
54111,Women,0.9999,Casual,0.9933
54112,Women,0.9994,Casual,0.9995
54113,Women,0.9992,Casual,0.9987
54114,Women,0.9994,Casual,0.9959
54115,Women,0.9975,Casual,0.9987
54116,Women,0.997,Casual,0.998
54117,Women,0.9767,Casual,0.9793
54118,Women,0.9847,Casual,0.9814
54119,Women,0.9939,Casual,0.9681
54120,Women,0.9911,Casual,0.9352
54121,Women,0.933,Casual,0.9981
54122,Women,0.9851,Casual,0.9702
54123,Women,0.9981,Casual,0.9919
54124,Women,0.9933,Casual,0.9814
54125,Women,0.9999,Casual,0.9543
54126,Women,0.9999,Casual,0.9978
54127,Women,1.0,Casual,0.9397
54128,Women,0.9998,Casual,0.9226
54129,Women,0.9752,Casual,0.9906
54130,Women,0.984,Casual,0.9775
54131,Women,0.9992,Casual,0.977
54132,Women,0.9998,Casual,0.966
54133,Women,0.9983,Casual,0.9982
54134,Women,0.9971,Casual,1.0
54135,Women,0.9978,Casual,0.9982
54136,Women,0.9988,Casual,0.9974
54137,Women,0.9994,Casual,0.9128
54138,Women,0.9997,Casual,0.9934
54139,Women,0.9997,Casual,0.9993
54140,Women,0.9993,Casual,0.9837
54141,Women,0.997,Casual,0.9581
54142,Women,0.9999,Casual,0.9943
54143,Women,0.9989,Casual,0.7772
54144,Women,0.9998,Casual,0.9473
54145,Women,0.9944,Casual,0.987
54146,Women,1.0,Casual,0.9508
54147,Women,0.9959,Casual,0.8978
54148,Women,0.987,Casual,0.9451
54149,Women,0.9928,Casual,0.9845
54150,Women,0.9371,Casual,0.9068
54151,Women,0.9834,Casual,0.9785
54152,Women,0.9993,Ethnic,0.6633
54153,Women,0.9955,Casual,0.9271
54154,Women,0.9991,Casual,0.7917
54155,Women,0.9826,Casual,0.9635
54156,Women,0.9784,Casual,0.8994
54157,Women,0.9984,Casual,0.986
54158,Women,0.9869,Casual,0.9973
54159,Women,0.9964,Casual,0.9639
54160,Women,0.994,Casual,0.7714
54161,Women,0.9803,Casual,0.9815
54162,Women,0.9973,Casual,0.8052
54163,Women,0.9981,Formal,0.8144
54164,Women,0.8678,Casual,0.9249
54165,Women,0.9999,Casual,0.9826
54166,Women,0.9957,Casual,0.9904
54167,Women,0.9893,Casual,0.8327
54168,Women,0.7675,Casual,0.8597
54169,Women,0.9967,Casual,0.9739
54170,Women,0.9967,Casual,0.9797
54171,Women,0.939,Casual,0.8309
54172,Women,0.9975,Casual,0.981
54173,Women,0.9456,Casual,0.8889
54174,Women,0.999,Casual,0.9704
54175,Women,0.9721,Casual,0.5356
54176,Women,0.9956,Casual,0.9239
54177,Women,0.9917,Casual,0.958
54178,Women,0.9792,Casual,0.961
54182,Women,0.978,Casual,0.9931
54183,Women,0.9795,Casual,0.963
54185,Unisex,0.9663,Casual,0.991
54186,Men,0.995,Casual,0.9994
54187,Men,0.9957,Casual,0.9998
54188,Men,0.948,Casual,0.9974
54189,Men,0.7871,Casual,0.9953
54192,Men,0.9865,Casual,0.563
54194,Men,0.9932,Casual,0.9627
54200,Men,0.9892,Sports,0.7784
54202,Men,0.9977,Casual,0.9906
54225,Men,0.9962,Formal,0.5002
54226,Men,0.9855,Casual,0.9704
54228,Women,0.9994,Casual,0.9957
54229,Women,0.9695,Casual,0.9982
54252,Men,0.9842,Formal,0.8895
54280,Men,0.9969,Casual,0.7227
54302,Women,0.9872,Casual,0.9723
54303,Women,0.6861,Casual,0.9966
54304,Men,0.7258,Casual,0.9814
54305,Women,0.7007,Casual,0.968
54306,Women,0.7699,Casual,0.9653
54307,Women,0.789,Casual,0.9843
54311,Women,0.6021,Casual,0.9685
54318,Women,0.8587,Casual,0.8951
54319,Women,0.5752,Casual,0.9899
54320,Men,0.5942,Casual,0.979
54325,Women,0.7284,Casual,0.9083
54326,Men,0.4886,Casual,0.9696
54327,Women,0.9784,Casual,0.6586
54328,Women,0.838,Casual,0.9475
54329,Women,0.5538,Casual,0.9535
54330,Women,0.7419,Casual,0.9713
54332,Women,0.8966,Casual,0.998
54334,Women,0.9967,Casual,0.5027
54338,Women,1.0,Casual,0.9063
54339,Men,0.9426,Casual,0.7209
54340,Men,0.9538,Casual,0.6521
54341,Men,0.9702,Casual,0.854
54342,Women,0.9996,Casual,0.9147
54343,Men,0.8497,Casual,0.9596
54344,Men,0.9982,Casual,0.9772
54345,Men,0.7681,Sports,0.7526
54346,Men,0.9881,Casual,0.8288
54375,Women,0.9994,Ethnic,0.7835
54380,Women,0.9342,Casual,0.9956
54381,Women,0.9568,Casual,0.9924
54382,Women,0.8663,Casual,0.9961
54383,Women,0.9618,Casual,0.9973
54384,Women,0.9938,Casual,0.9952
54385,Women,0.8105,Casual,0.9952
54386,Women,0.85,Casual,0.9982
54387,Women,0.9777,Casual,0.9873
54388,Women,0.596,Casual,0.9981
54389,Women,0.9945,Casual,0.9965
54390,Women,0.9803,Casual,0.9993
54391,Unisex,0.488,Casual,0.8916
54392,Women,0.9976,Casual,0.9933
54393,Women,0.9963,Casual,0.9701
54394,Women,0.9997,Casual,0.9471
54395,Women,0.9866,Casual,0.9965
54396,Women,0.9359,Casual,0.9976
54397,Women,0.9462,Casual,0.9782
54398,Women,0.7533,Casual,0.9523
54399,Women,0.9958,Casual,0.9954
54400,Women,0.921,Casual,0.9925
54401,Women,0.9931,Casual,0.9968
54402,Women,0.8728,Casual,0.9864
54403,Women,0.9986,Casual,0.9948
54404,Women,0.9649,Casual,0.9939
54405,Women,0.9958,Casual,0.9953
54406,Women,0.9899,Casual,0.971
54407,Women,0.9671,Casual,0.9994
54408,Women,0.8515,Casual,0.9503
54409,Unisex,0.74,Casual,0.9968
54410,Women,0.9869,Casual,0.9892
54411,Women,0.9953,Casual,0.9996
54412,Women,0.9952,Casual,0.9944
54475,Women,0.9808,Casual,0.9994
54476,Women,0.6642,Casual,0.9787
54477,Men,0.9949,Casual,0.9974
54478,Men,0.9971,Casual,0.998
54479,Men,0.999,Casual,0.9976
54480,Men,0.9962,Casual,0.998
54481,Men,0.9991,Casual,0.9982
54482,Men,0.7861,Casual,0.9973
54483,Men,0.9231,Casual,0.9973
54484,Men,0.886,Casual,0.9813
54485,Men,0.9949,Casual,0.9989
54486,Men,0.976,Casual,0.9996
54487,Unisex,0.4918,Casual,0.973
54488,Unisex,0.654,Casual,0.9854
54489,Unisex,0.6409,Casual,0.8506
54490,Unisex,0.5382,Casual,0.9418
54491,Women,0.9857,Casual,0.9965
54492,Women,0.7489,Casual,0.9974
54493,Women,0.999,Casual,0.9868
54494,Women,0.5496,Casual,0.9678
54495,Unisex,0.4936,Casual,0.9914
54496,Women,0.9611,Casual,0.8365
54497,Unisex,0.6494,Casual,0.9923
54498,Women,0.9978,Casual,0.992
54499,Women,0.957,Casual,0.9935
54500,Women,0.9295,Casual,0.9945
54501,Women,0.463,Casual,0.9963
54502,Unisex,0.9558,Casual,0.96
54503,Unisex,0.6325,Casual,0.7748
54504,Women,0.9973,Casual,0.9987
54505,Women,0.9522,Casual,0.9997
54506,Women,0.9811,Casual,0.9698
54507,Women,0.9829,Casual,0.988
54508,Women,0.8209,Casual,0.9613
54509,Women,0.6584,Casual,1.0
54510,Women,0.7682,Casual,0.9988
54511,Women,0.8419,Casual,0.9975
54512,Women,0.9601,Casual,0.9919
54513,Men,0.9977,Casual,0.9904
54514,Men,0.7582,Casual,0.7584
54515,Men,0.9724,Casual,0.735
54516,Men,0.9928,Sports,0.6316
54517,Men,0.9876,Casual,0.9849
54518,Men,0.944,Sports,0.7044
54519,Men,0.5806,Casual,0.9985
54520,Men,0.98,Casual,0.9958
54521,Men,0.9919,Casual,0.9208
54522,Men,0.9773,Casual,0.8541
54523,Men,0.9256,Casual,0.9681
54524,Men,0.9927,Sports,0.9498
54525,Men,0.9826,Sports,0.944
54526,Men,0.9991,Casual,0.95
54527,Men,0.9989,Casual,0.9286
54528,Men,0.9843,Casual,0.9338
54529,Men,0.9936,Sports,0.9682
54530,Men,0.9991,Sports,0.9818
54533,Men,0.7974,Sports,0.9909
54534,Men,0.9999,Sports,0.5877
54535,Men,0.9975,Casual,0.6614
54536,Men,0.9912,Casual,0.6098
54537,Men,1.0,Casual,0.9054
54538,Men,0.9992,Sports,0.5092
54539,Men,0.9927,Sports,0.9038
54540,Men,0.9962,Casual,0.955
54541,Men,0.9847,Casual,0.9501
54542,Men,0.9997,Casual,0.94
54543,Men,0.9925,Sports,0.8487
54544,Men,0.9834,Sports,0.684
54545,Women,0.4211,Casual,0.9783
54546,Unisex,0.5073,Casual,0.9258
54547,Women,0.9749,Ethnic,0.9848
54548,Men,0.6642,Ethnic,0.9927
54549,Women,0.9391,Casual,0.7949
54550,Men,0.7205,Ethnic,0.9999
54551,Women,1.0,Ethnic,0.8076
54553,Women,0.9959,Ethnic,0.9947
54554,Women,0.9713,Casual,0.6064
54555,Women,0.9997,Ethnic,0.9486
54556,Women,0.9999,Ethnic,0.9995
54557,Women,0.9894,Ethnic,0.9838
54558,Women,0.9689,Ethnic,0.994
54559,Men,0.6263,Ethnic,0.9624
54561,Women,0.9974,Ethnic,0.9958
54562,Women,0.9986,Ethnic,0.9948
54563,Women,0.9041,Ethnic,0.995
54564,Women,1.0,Ethnic,0.9543
54565,Women,1.0,Ethnic,0.9719
54566,Women,0.9999,Ethnic,0.9865
54567,Women,1.0,Ethnic,0.9993
54568,Women,1.0,Ethnic,0.9999
54569,Women,0.9968,Ethnic,0.9816
54570,Women,1.0,Ethnic,0.9985
54571,Women,1.0,Ethnic,0.975
54572,Women,1.0,Ethnic,0.9182
54573,Women,1.0,Casual,0.5391
54574,Women,1.0,Ethnic,0.7292
54575,Women,1.0,Ethnic,0.5902
54576,Women,1.0,Ethnic,0.9844
54577,Women,0.9999,Ethnic,0.9925
54578,Women,1.0,Ethnic,0.8631
54579,Women,1.0,Ethnic,0.9923
54580,Women,0.9999,Ethnic,0.792
54581,Women,1.0,Ethnic,0.9793
54582,Women,1.0,Ethnic,0.9985
54584,Women,1.0,Ethnic,0.9992
54585,Women,1.0,Ethnic,0.9983
54586,Women,0.9999,Ethnic,0.9397
54587,Women,1.0,Ethnic,0.9997
54588,Women,1.0,Ethnic,0.9658
54589,Women,1.0,Ethnic,0.9376
54590,Women,0.9831,Ethnic,0.6468
54595,Women,0.9999,Ethnic,0.9995
54596,Women,1.0,Ethnic,0.9991
54597,Women,0.9999,Ethnic,0.9592
54598,Women,0.9998,Ethnic,0.9932
54599,Women,1.0,Ethnic,0.9615
54600,Men,0.9796,Casual,0.9933
54601,Men,0.986,Casual,0.9951
54602,Men,0.9833,Casual,0.993
54603,Men,0.9605,Casual,0.998
54604,Men,0.9407,Casual,0.9976
54605,Men,0.9579,Casual,0.9913
54606,Men,0.9941,Casual,0.9994
54607,Men,0.9698,Casual,0.9949
54608,Men,0.9942,Casual,0.9974
54609,Men,0.9861,Casual,0.9981
54610,Men,0.8948,Casual,0.9471
54611,Men,0.9868,Casual,0.9968
54612,Men,0.9635,Casual,0.7481
54613,Men,0.8805,Casual,0.9724
54614,Men,0.911,Casual,0.9278
54615,Men,0.8446,Casual,0.9779
54616,Men,0.91,Casual,0.9744
54617,Men,0.8191,Casual,0.8886
54618,Men,0.8883,Casual,0.9993
54619,Men,0.9477,Casual,0.9324
54620,Men,0.8243,Casual,0.7004
54621,Women,0.5245,Casual,0.9535
54622,Men,0.8679,Casual,0.9875
54623,Men,0.6604,Casual,0.9783
54625,Men,0.9616,Casual,0.9913
54626,Men,0.9279,Casual,0.9944
54627,Men,0.729,Casual,0.9252
54628,Men,0.9805,Casual,0.9953
54629,Men,0.9719,Casual,0.9972
54630,Men,0.9242,Casual,0.9895
54631,Men,0.8486,Casual,0.9992
54632,Men,0.8953,Casual,0.8742
54633,Men,0.8958,Casual,0.8924
54634,Men,0.9332,Casual,0.9362
54635,Men,0.7812,Casual,0.921
54636,Men,0.7647,Casual,0.9993
54637,Men,0.9747,Casual,0.997
54638,Women,0.5113,Casual,0.9752
54639,Men,0.6556,Casual,0.9959
54640,Men,0.8885,Casual,0.9444
54641,Men,0.9905,Casual,0.9968
54642,Men,0.7078,Casual,0.9951
54643,Men,0.8797,Casual,0.9413
54644,Men,0.5454,Casual,0.9185
54645,Women,0.3999,Casual,0.9425
54646,Men,0.8558,Casual,0.9466
54647,Men,0.7957,Casual,0.9787
54648,Women,0.5324,Casual,0.8774
54649,Women,0.8229,Casual,0.9948
54650,Men,0.5632,Casual,0.9898
54651,Women,0.7094,Casual,0.9767
54652,Men,0.5542,Casual,0.9924
54653,Women,0.9148,Casual,0.9882
54654,Women,0.8215,Casual,0.9698
54655,Men,0.7064,Casual,0.9763
54656,Women,0.6026,Casual,0.8703
54657,Women,0.5622,Casual,0.9629
54658,Men,0.5656,Casual,0.9976
54659,Women,0.5561,Casual,0.9821
54660,Men,0.6914,Casual,0.9987
54661,Women,0.903,Casual,0.9356
54662,Men,0.7611,Casual,0.9714
54663,Men,0.5832,Casual,0.9878
54664,Men,0.9344,Casual,0.9991
54665,Men,0.8393,Casual,0.996
54666,Men,0.8913,Casual,0.9983
54667,Men,0.9683,Casual,0.9996
54668,Men,0.5894,Casual,0.9975
54669,Women,0.9659,Casual,0.999
54670,Men,0.9756,Casual,0.9948
54671,Men,0.9333,Casual,0.9958
54672,Men,0.7761,Casual,0.9858
54674,Men,0.8786,Casual,0.9997
54675,Women,0.5226,Casual,0.9853
54676,Women,0.3812,Casual,0.8721
54677,Men,0.7657,Casual,0.9824
54678,Women,0.7054,Casual,0.9988
54679,Men,0.782,Casual,0.9848
54680,Women,1.0,Ethnic,0.8838
54681,Women,0.9995,Ethnic,0.5767
54682,Women,0.9911,Ethnic,0.9302
54683,Women,0.9993,Casual,0.8721
54684,Women,0.9949,Ethnic,0.9261
54685,Women,0.9974,Ethnic,0.7513
54686,Women,0.9829,Casual,0.5466
54687,Women,0.9607,Ethnic,0.892
54688,Women,0.9802,Ethnic,0.912
54689,Women,0.9859,Ethnic,0.5769
54690,Women,0.8416,Casual,0.5436
54691,Women,0.9973,Ethnic,0.9893
54692,Women,0.9998,Ethnic,0.9656
54693,Women,0.9384,Ethnic,0.7671
54694,Women,0.999,Ethnic,0.986
54695,Women,0.9999,Ethnic,0.8922
54696,Women,0.7137,Ethnic,0.7037
54697,Women,0.9987,Casual,0.7101
54698,Women,0.9999,Casual,0.8835
54699,Women,0.9944,Ethnic,0.9334
54700,Women,0.6931,Casual,0.7248
54702,Women,0.9914,Casual,0.8063
54703,Women,0.9266,Casual,0.9707
54704,Women,0.8619,Ethnic,0.7045
54705,Women,0.9868,Casual,0.7124
54706,Women,0.9999,Ethnic,0.9842
54708,Women,0.9724,Ethnic,0.9881
54710,Women,0.9996,Ethnic,0.9684
54711,Women,1.0,Ethnic,0.7948
54712,Men,0.4942,Casual,0.9592
54713,Women,0.9838,Ethnic,0.5048
54714,Women,0.9965,Ethnic,0.7377
54715,Women,0.8517,Casual,0.9155
54716,Women,0.9996,Ethnic,0.7985
54717,Women,1.0,Casual,0.9689
54718,Women,0.9942,Ethnic,0.6834
54719,Women,0.9578,Ethnic,0.618
54720,Women,0.9965,Casual,0.5889
54721,Women,0.9157,Casual,0.6077
54722,Women,0.992,Ethnic,0.6997
54723,Women,0.8274,Casual,0.6028
54724,Women,0.999,Ethnic,0.5446
54725,Women,0.9973,Ethnic,0.9683
54726,Women,0.9898,Ethnic,0.9971
54727,Women,0.9906,Casual,0.8889
54728,Men,0.7378,Casual,0.9796
54729,Men,0.9897,Casual,0.8635
54730,Men,0.9996,Casual,0.9913
54731,Unisex,0.6182,Casual,0.9919
54732,Men,0.8459,Casual,0.9921
54733,Men,0.999,Casual,0.9621
54734,Men,0.9999,Casual,0.9997
54735,Men,0.9966,Casual,0.9935
54736,Men,0.8287,Casual,0.9976
54737,Men,0.942,Casual,0.999
54738,Men,0.9904,Casual,0.9738
54739,Men,0.9877,Casual,0.9759
54740,Men,0.9739,Casual,0.9957
54741,Men,0.9232,Casual,0.996
54742,Men,0.9658,Casual,0.9948
54744,Women,0.9996,Ethnic,0.9727
54767,Women,1.0,Ethnic,0.8348
54792,Men,0.9996,Casual,0.9972
54794,Men,0.9038,Casual,0.865
54796,Men,0.991,Casual,0.9048
54800,Men,0.695,Casual,0.9908
54804,Women,0.957,Casual,0.9955
54805,Women,0.7987,Casual,0.9807
54807,Women,0.9592,Casual,0.9608
54808,Women,0.9224,Casual,0.875
54812,Women,0.9832,Casual,0.9823
54813,Women,0.7176,Casual,0.9627
54819,Women,0.9858,Casual,0.9904
54823,Women,0.9421,Casual,0.9391
54827,Women,0.7389,Casual,0.9831
54828,Unisex,0.8607,Casual,0.9696
54829,Unisex,0.8177,Casual,0.9965
54831,Women,0.9205,Casual,0.7661
54834,Women,0.9285,Casual,0.9591
54836,Women,0.6176,Casual,0.9235
54838,Women,0.9207,Casual,0.983
54842,Women,0.7915,Casual,0.83
54849,Women,0.9829,Casual,0.9226
54850,Women,0.9489,Casual,0.952
54851,Women,0.9588,Casual,0.9508
54852,Women,0.6885,Casual,0.9881
54853,Women,0.9119,Casual,0.9539
54854,Women,0.9627,Casual,0.9123
54856,Women,0.7987,Casual,0.9237
54857,Women,0.9998,Casual,0.5794
54858,Women,0.9945,Casual,0.9915
54859,Women,0.9983,Casual,0.5382
54860,Women,0.9987,Casual,0.8621
54861,Women,0.9993,Casual,0.8991
54862,Women,0.9934,Casual,0.7194
54863,Women,0.9995,Casual,0.7632
54864,Women,0.9842,Casual,0.986
54865,Women,0.9916,Casual,0.8135
54866,Women,0.9741,Casual,0.9484
54867,Women,0.6526,Casual,0.9603
54868,Women,0.9972,Casual,0.9268
54869,Women,0.9999,Casual,0.8109
54870,Women,0.9995,Casual,0.9265
54871,Women,0.9767,Casual,0.592
54872,Women,0.9999,Casual,0.7991
54873,Women,0.9723,Casual,0.8419
54874,Women,0.9982,Casual,0.6895
54875,Women,0.993,Casual,0.8185
54876,Women,0.9923,Casual,0.683
54877,Women,0.9812,Casual,0.9345
54878,Women,0.9912,Casual,0.9148
54879,Women,0.9921,Casual,0.8875
54880,Women,0.9747,Casual,0.6317
54881,Women,0.993,Casual,0.9479
54882,Women,0.9758,Casual,0.8322
54883,Women,0.7757,Casual,0.7369
54884,Women,0.9974,Casual,0.9451
54885,Women,0.9957,Casual,0.7528
54886,Women,0.9583,Casual,0.925
54888,Women,0.9974,Casual,0.8311
54889,Men,0.9723,Casual,0.6741
54890,Women,0.9905,Casual,0.9721
54891,Women,0.7856,Casual,0.8725
54894,Men,0.7014,Sports,0.5098
54896,Men,0.5792,Casual,0.7399
54897,Women,0.9992,Casual,0.8764
54899,Women,0.9996,Casual,0.9672
54900,Men,0.9999,Casual,0.9708
54901,Men,0.9999,Casual,0.8004
54902,Men,1.0,Casual,0.91
54903,Men,0.9986,Casual,0.9845
54904,Men,1.0,Casual,0.9406
54905,Men,1.0,Casual,0.885
54906,Men,0.9993,Casual,0.9837
54907,Boys,0.9181,Casual,0.999
54908,Men,0.9991,Casual,0.9634
54909,Men,0.9991,Casual,0.9829
54911,Women,0.8046,Casual,0.66
54913,Men,0.9742,Casual,0.9176
54914,Women,0.9811,Casual,0.9394
54915,Men,0.9607,Casual,0.8659
54918,Men,0.8426,Casual,0.9825
54919,Men,0.9989,Casual,0.99
54921,Women,0.9999,Casual,0.7136
54923,Women,0.6752,Casual,0.9422
54924,Men,0.9964,Casual,0.9881
54925,Men,0.9889,Casual,0.9671
54926,Men,0.9999,Casual,0.8584
54927,Men,0.9997,Casual,0.8951
54928,Men,0.9982,Casual,0.9989
54929,Men,0.5934,Casual,0.9453
54930,Men,1.0,Casual,0.9406
54931,Men,1.0,Casual,0.9948
54932,Girls,0.6116,Casual,0.9908
54933,Women,0.7703,Casual,0.9827
54934,Women,1.0,Casual,0.9789
54935,Women,0.9254,Casual,0.8966
54936,Women,0.908,Casual,0.9044
54937,Women,0.9981,Casual,0.8113
54938,Women,1.0,Casual,0.9371
54939,Women,0.9999,Casual,0.8815
54940,Women,1.0,Casual,0.9817
54941,Women,0.9942,Casual,0.992
54942,Men,0.9452,Casual,0.954
54943,Men,0.9999,Casual,0.8567
54944,Men,0.9968,Sports,0.7837
54945,Men,0.6431,Casual,0.9991
54946,Men,0.9794,Casual,0.888
54947,Men,0.9999,Casual,0.9666
54948,Men,0.9624,Casual,0.9629
54949,Men,0.9852,Casual,0.813
54950,Men,0.9977,Casual,0.7947
54951,Men,1.0,Casual,0.8328
54953,Men,0.9994,Casual,0.9982
54954,Men,0.9959,Casual,0.9947
54955,Men,0.9541,Casual,0.9661
54957,Boys,0.7515,Casual,0.9846
54958,Boys,0.8186,Casual,0.9978
54959,Girls,0.3441,Casual,0.9903
54960,Men,0.9999,Casual,0.9905
54961,Men,0.9992,Casual,0.9835
54964,Women,0.9999,Casual,0.7604
54965,Men,0.9997,Casual,0.9877
54966,Men,0.9241,Casual,0.9788
54967,Men,0.925,Casual,0.9756
54968,Men,0.8814,Casual,0.9877
54969,Men,0.8937,Casual,0.9678
54970,Women,0.8154,Casual,0.999
54971,Women,0.9095,Casual,0.7285
54972,Women,0.9981,Casual,0.8397
54973,Women,0.7062,Casual,0.9132
54974,Women,0.9997,Casual,0.8614
54975,Women,0.9261,Casual,0.6648
54976,Women,0.9979,Casual,0.6661
54977,Women,0.9897,Casual,0.9928
54978,Men,0.834,Casual,0.9957
54979,Men,0.597,Casual,0.892
54980,Women,0.5294,Ethnic,0.6842
54981,Women,1.0,Casual,0.8257
54982,Women,0.9884,Casual,0.9831
54983,Men,0.8243,Casual,0.9799
54984,Women,0.5187,Casual,0.9892
54985,Women,0.9953,Casual,0.9842
54986,Women,1.0,Casual,0.8625
54987,Women,0.9431,Ethnic,0.7663
54988,Women,0.9999,Casual,0.5886
54989,Women,1.0,Ethnic,0.5756
54990,Men,0.8327,Casual,0.8296
54991,Women,1.0,Ethnic,0.7454
54992,Women,0.9971,Casual,0.818
54993,Women,0.8335,Casual,0.9143
54995,Women,0.3914,Casual,0.8519
54997,Women,0.3975,Casual,0.8707
55000,Women,0.381,Casual,0.8638
55001,Men,0.3902,Casual,0.8577
55002,Women,0.3909,Casual,0.87
55003,Women,0.3487,Casual,0.8599
55004,Women,0.3822,Casual,0.9737
55005,Women,0.5541,Casual,0.8531
55006,Men,0.9674,Casual,0.9865
55007,Men,0.9687,Casual,0.9853
55008,Men,0.9175,Casual,0.9806
55009,Men,0.9591,Casual,0.985
55010,Men,0.9659,Casual,0.9892
55012,Women,0.741,Sports,0.5804
55013,Women,0.6577,Casual,0.8185
55015,Women,0.739,Sports,0.5617
55016,Women,0.6923,Casual,0.8799
55018,Women,0.7296,Sports,0.5369
55020,Women,0.74,Sports,0.5957
55021,Men,0.8993,Casual,0.9114
55022,Men,0.8891,Casual,0.911
55023,Men,0.8705,Casual,0.9214
55024,Men,0.8518,Casual,0.9232
55025,Men,0.9009,Casual,0.9061
55026,Men,0.8782,Casual,0.9188
55027,Men,0.8563,Casual,0.9182
55028,Men,0.8781,Casual,0.9158
55029,Men,0.8573,Casual,0.9193
55030,Men,0.8668,Casual,0.9174
55031,Men,0.8783,Casual,0.9132
55032,Men,0.916,Casual,0.9669
55033,Men,0.8518,Casual,0.9232
55034,Men,0.9807,Casual,0.9304
55035,Men,0.8618,Casual,0.9216
55036,Men,0.9031,Casual,0.9124
55037,Men,0.8751,Casual,0.9167
55038,Men,0.8736,Casual,0.9182
55039,Men,0.9258,Casual,0.8713
55040,Men,0.885,Casual,0.9772
55041,Women,0.7032,Casual,0.6743
55042,Men,0.8767,Casual,0.918
55043,Men,0.8747,Casual,0.9162
55044,Men,0.8774,Casual,0.9187
55045,Women,0.9364,Casual,0.8955
55046,Women,0.9365,Casual,0.898
55047,Women,0.9651,Casual,0.4976
55048,Women,0.9189,Casual,0.8805
55049,Women,0.8954,Casual,0.892
55050,Women,0.9179,Casual,0.8869
55051,Women,0.9004,Casual,0.9197
55052,Women,0.9035,Casual,0.8887
55053,Women,0.9372,Casual,0.9108
55054,Women,0.8882,Casual,0.8909
55055,Women,0.8842,Casual,0.8863
55056,Women,0.9256,Casual,0.8887
55057,Women,0.9397,Casual,0.9314
55058,Women,0.9355,Casual,0.8969
55059,Women,0.931,Casual,0.9118
55060,Women,0.9348,Casual,0.9117
55061,Women,0.919,Casual,0.8809
55062,Women,0.9258,Casual,0.9038
55063,Women,0.6531,Casual,0.9392
55064,Women,0.8932,Casual,0.787
55065,Women,0.9016,Casual,0.8821
55066,Women,0.9294,Casual,0.8985
55067,Women,0.7876,Casual,0.8914
55068,Women,0.9938,Casual,0.9943
55069,Women,0.9947,Casual,0.9829
55070,Women,0.8931,Casual,0.7765
55071,Men,0.7963,Casual,0.66
55072,Women,0.8686,Casual,0.9681
55073,Men,0.6593,Casual,0.9028
55074,Women,0.7938,Casual,0.9309
55075,Women,0.8634,Casual,0.9711
55078,Women,0.6188,Casual,0.9638
55079,Women,0.6965,Casual,0.9586
55080,Women,0.3666,Casual,0.9814
55081,Women,0.7864,Casual,0.9681
55083,Unisex,0.7717,Casual,0.8232
55086,Women,0.998,Casual,0.9301
55087,Women,0.8033,Casual,0.9844
55089,Women,0.6561,Sports,0.6408
55090,Women,0.631,Sports,0.6012
55093,Unisex,0.4695,Casual,0.8342
55094,Men,0.6414,Casual,0.9168
55095,Women,0.9964,Casual,0.9886
55097,Women,0.9871,Casual,0.9962
55098,Women,0.8942,Casual,0.8844
55099,Women,0.9952,Casual,0.9946
55100,Women,0.6345,Casual,0.9975
55101,Unisex,0.5584,Casual,0.595
55107,Unisex,0.8916,Casual,0.5699
55108,Unisex,0.8875,Sports,0.8204
55109,Women,0.9199,Casual,0.9193
55110,Women,0.8162,Casual,0.97
55111,Women,0.8345,Casual,0.9758
55112,Women,0.8215,Casual,0.9738
55113,Men,0.8923,Casual,0.5889
55114,Men,0.8711,Casual,0.5842
55115,Men,0.8882,Casual,0.5408
55116,Women,0.6746,Sports,0.7046
55117,Women,0.67,Sports,0.7023
55118,Women,0.6792,Sports,0.7056
55119,Women,0.5219,Casual,0.9763
55120,Women,0.4834,Casual,0.9656
55121,Women,0.8882,Casual,0.9611
55122,Women,0.5777,Casual,0.9656
55123,Women,0.5911,Casual,0.9449
55124,Women,0.6219,Casual,0.9647
55125,Women,0.6184,Casual,0.9543
55126,Women,0.5739,Casual,0.97
55127,Men,0.5051,Casual,0.9263
55128,Women,0.585,Casual,0.9619
55129,Women,0.421,Casual,0.9353
55130,Men,0.9041,Casual,0.9734
55131,Men,0.5534,Casual,0.9801
55132,Men,0.8039,Casual,0.9362
55133,Women,0.6276,Casual,0.8954
55134,Men,0.578,Casual,0.9183
55135,Men,0.595,Casual,0.9544
55136,Men,0.7811,Casual,0.9171
55137,Men,0.56,Casual,0.9291
55138,Unisex,0.5349,Casual,0.9941
55139,Women,0.8623,Casual,0.9344
55140,Women,0.6491,Casual,0.7693
55141,Men,0.5213,Casual,0.9162
55142,Women,0.5894,Casual,0.9196
55143,Men,0.5244,Casual,0.9423
55144,Women,0.7477,Casual,0.6718
55145,Women,0.8733,Casual,0.9797
55146,Women,0.9376,Casual,0.9747
55147,Women,0.9053,Casual,0.9495
55148,Women,0.8618,Casual,0.9496
55149,Women,0.8725,Casual,0.9553
55150,Women,0.8903,Casual,0.9706
55151,Women,0.89,Casual,0.959
55152,Women,0.9142,Casual,0.9326
55153,Women,0.8496,Casual,0.9859
55154,Women,0.8418,Casual,0.9633
55155,Men,0.6255,Casual,0.9964
55156,Men,0.5114,Casual,0.9913
55157,Women,0.8814,Casual,0.9614
55158,Women,0.8458,Casual,0.9547
55159,Women,0.844,Casual,0.9402
55160,Women,0.9085,Casual,0.9561
55161,Women,0.8786,Casual,0.9506
55162,Women,0.882,Casual,0.9483
55163,Women,0.9067,Casual,0.9511
55164,Men,0.8765,Casual,0.9977
55165,Women,0.5268,Casual,0.9973
55166,Women,0.8673,Casual,0.9587
55168,Men,0.7897,Casual,0.9989
55170,Men,0.613,Casual,0.9172
55172,Women,0.4794,Casual,0.9956
55173,Men,0.3983,Casual,0.9922
55175,Women,0.5306,Casual,0.9981
55177,Men,0.5212,Casual,0.9959
55179,Women,0.4309,Casual,0.9944
55180,Women,0.7913,Casual,0.9981
55181,Women,0.4602,Casual,0.9805
55184,Men,0.4751,Casual,0.9292
55185,Women,0.4583,Casual,0.9784
55186,Men,0.6419,Casual,0.9998
55187,Men,0.6085,Casual,0.9994
55190,Men,0.8869,Casual,0.9848
55191,Women,0.4322,Casual,0.9958
55192,Men,0.6644,Casual,0.9885
55194,Boys,0.3603,Casual,0.9992
55195,Men,0.8176,Casual,0.9851
55196,Men,0.5985,Casual,0.9638
55197,Women,0.8405,Casual,0.9741
55198,Women,0.7585,Casual,0.9903
55200,Women,0.7041,Casual,0.9898
55201,Women,0.5543,Casual,0.9894
55202,Women,0.7754,Casual,0.9558
55203,Women,0.6212,Casual,0.9809
55205,Men,0.4394,Casual,0.8042
55206,Men,0.441,Casual,0.7582
55208,Men,0.435,Casual,0.7551
55209,Men,0.4788,Casual,0.8375
55210,Men,0.4913,Casual,0.8316
55211,Women,0.8907,Casual,0.8412
55212,Men,0.74,Casual,0.787
55213,Men,0.7516,Casual,0.8847
55214,Men,0.7355,Casual,0.8555
55215,Men,0.9098,Casual,0.9711
55216,Men,0.6885,Casual,0.8935
55217,Women,0.9351,Casual,0.9879
55218,Women,0.9188,Casual,0.954
55219,Men,0.6293,Casual,0.9857
55220,Men,0.6284,Casual,0.9868
55221,Men,0.6287,Casual,0.9843
55222,Women,0.9535,Casual,0.8982
55223,Women,0.8515,Casual,0.8448
55224,Women,0.8898,Casual,0.8156
55225,Women,0.7094,Casual,0.8406
55226,Women,0.9768,Casual,0.8844
55227,Women,0.9789,Casual,0.965
55228,Men,0.5634,Casual,0.9814
55229,Men,0.7608,Casual,0.9741
55230,Women,0.9285,Casual,0.7368
55231,Women,0.9289,Casual,0.7351
55232,Women,0.9278,Casual,0.7388
55233,Women,0.8501,Casual,0.8688
55234,Women,0.9923,Casual,0.9893
55235,Women,0.9951,Casual,0.9884
55236,Men,0.6929,Casual,0.9896
55237,Men,0.631,Casual,0.9742
55238,Men,0.6669,Casual,0.9805
55239,Men,0.7292,Casual,0.9855
55240,Women,0.8604,Casual,0.9895
55241,Women,0.8375,Casual,0.9841
55242,Women,0.8741,Casual,0.9886
55243,Women,0.8578,Casual,0.9888
55244,Women,0.4971,Casual,0.9661
55245,Women,0.5445,Casual,0.9504
55246,Women,0.5904,Casual,0.9516
55247,Women,0.4636,Casual,0.8605
55248,Women,0.5589,Casual,0.8636
55249,Women,0.5071,Casual,0.8448
55250,Women,0.7425,Casual,0.8613
55251,Women,0.7345,Casual,0.5158
55252,Women,0.8216,Casual,0.8565
55253,Women,0.6406,Casual,0.918
55254,Women,0.615,Casual,0.917
55255,Women,0.6503,Casual,0.92
55256,Women,0.7139,Casual,0.8549
55257,Men,0.8088,Casual,0.9811
55258,Men,0.6162,Casual,0.7986
55259,Men,0.7345,Casual,0.9363
55260,Men,0.7862,Casual,0.9812
55261,Women,0.7139,Casual,0.9193
55262,Men,0.5778,Casual,0.8014
55263,Women,0.959,Casual,0.7418
55264,Women,0.9783,Casual,0.7472
55265,Women,0.9331,Casual,0.728
55266,Women,0.6792,Casual,0.668
55267,Women,0.8503,Casual,0.6406
55268,Women,0.9539,Casual,0.5323
55269,Women,0.9275,Casual,0.4626
55270,Women,0.6277,Casual,0.6552
55271,Women,0.9629,Casual,0.8646
55272,Men,0.4918,Casual,0.8588
55273,Women,0.9347,Casual,0.8837
55274,Women,0.9443,Casual,0.8805
55275,Women,0.8686,Casual,0.9628
55276,Women,0.8919,Casual,0.9751
55277,Women,0.7412,Casual,0.898
55278,Women,0.7793,Casual,0.8682
55280,Women,0.8995,Casual,0.8651
55281,Women,0.9186,Casual,0.7367
55282,Men,0.8466,Casual,0.8583
55283,Men,0.8711,Casual,0.793
55284,Men,0.8672,Casual,0.8806
55285,Women,0.6872,Casual,0.8535
55286,Women,0.7249,Casual,0.9942
55287,Unisex,0.5063,Casual,0.9136
55288,Unisex,0.487,Casual,0.9186
55289,Unisex,0.487,Casual,0.9186
55290,Women,0.8127,Casual,0.5228
55291,Women,0.6915,Casual,0.706
55292,Girls,0.3781,Casual,0.8846
55293,Women,0.6713,Casual,0.6575
55294,Women,0.8733,Casual,0.6829
55295,Women,0.5768,Casual,0.5256
55296,Women,0.5587,Casual,0.979
55297,Women,0.4939,Casual,0.9777
55298,Women,0.6477,Casual,0.9868
55299,Women,0.7093,Casual,0.9869
55300,Women,0.9879,Casual,0.8562
55301,Women,0.9888,Casual,0.8774
55306,Men,0.6302,Casual,0.915
55307,Men,0.782,Casual,0.5515
55314,Men,0.9787,Casual,0.9788
55315,Men,0.9385,Sports,0.5308
55316,Men,0.921,Casual,0.987
55317,Girls,0.2607,Casual,0.9345
55318,Women,0.4755,Casual,0.7083
55319,Men,0.2934,Casual,0.9384
55320,Men,0.4057,Casual,0.8173
55321,Women,0.6103,Casual,0.977
55322,Women,0.516,Casual,0.5992
55323,Women,0.9577,Casual,0.6939
55324,Women,0.895,Casual,0.8813
55325,Women,0.5968,Casual,0.8557
55326,Women,0.9078,Casual,0.9811
55328,Women,0.82,Casual,0.9972
55329,Men,0.4789,Casual,0.7933
55330,Women,0.4649,Casual,0.6213
55331,Men,0.4644,Casual,0.8351
55332,Women,0.8927,Casual,0.7048
55333,Women,0.8582,Casual,0.7522
55334,Women,0.2775,Casual,0.7408
55335,Women,0.4317,Casual,0.8913
55336,Women,0.4497,Casual,0.8393
55337,Women,0.9217,Casual,0.9956
55338,Women,0.978,Casual,0.8677
55339,Women,0.6973,Casual,0.8487
55344,Men,0.5868,Casual,0.9986
55347,Men,0.8925,Casual,0.9961
55349,Men,0.5383,Casual,0.7618
55350,Women,0.829,Casual,0.9446
55351,Men,0.6804,Casual,0.9821
55352,Men,0.4275,Casual,0.9264
55354,Men,0.5879,Casual,0.9981
55357,Men,0.331,Casual,0.9902
55358,Unisex,0.5394,Casual,0.9868
55359,Women,0.3907,Casual,0.9909
55361,Unisex,0.3672,Casual,0.9935
55362,Men,0.4459,Casual,0.9992
55363,Unisex,0.6698,Casual,0.9946
55364,Unisex,0.4977,Casual,0.9966
55365,Women,0.3411,Casual,0.9921
55366,Women,0.5395,Casual,0.9987
55368,Unisex,0.4596,Casual,0.9968
55369,Men,0.4868,Casual,0.9975
55370,Unisex,0.4837,Casual,0.9885
55373,Men,0.3737,Casual,0.9931
55375,Men,0.3842,Casual,0.9842
55376,Women,0.6055,Casual,0.9957
55377,Unisex,0.5629,Casual,0.993
55378,Men,0.4202,Casual,0.9981
55379,Unisex,0.639,Casual,0.9912
55380,Women,0.5298,Casual,0.9877
55381,Unisex,0.5598,Casual,0.9886
55382,Men,0.5431,Casual,0.9954
55383,Men,0.3473,Casual,0.9952
55384,Unisex,0.5645,Casual,0.995
55385,Women,0.7062,Casual,0.9195
55387,Unisex,0.5526,Casual,0.9926
55388,Unisex,0.4384,Casual,0.9922
55389,Men,0.7343,Casual,0.9613
55390,Unisex,0.4673,Casual,0.9908
55391,Men,0.5472,Casual,0.9913
55392,Men,0.4836,Casual,0.9958
55394,Men,0.6954,Casual,0.9838
55395,Men,0.7245,Casual,0.9318
55396,Women,0.4899,Casual,0.9825
55397,Men,0.7054,Casual,0.9156
55398,Women,0.9053,Formal,0.5878
55399,Men,0.68,Casual,0.9143
55400,Men,0.5962,Casual,0.907
55402,Men,0.5967,Casual,0.9091
55407,Men,0.6703,Casual,0.8885
55408,Men,0.7947,Casual,0.8595
55409,Women,0.9613,Casual,0.7618
55410,Men,0.7126,Casual,0.8951
55418,Women,0.973,Casual,0.8756
55419,Men,0.8668,Casual,0.9925
55420,Men,0.9932,Casual,0.984
55421,Women,0.9589,Casual,0.8862
55423,Men,0.9394,Casual,0.989
55424,Women,0.9832,Casual,0.8762
55425,Women,0.9677,Casual,0.8773
55426,Men,0.8883,Casual,0.9909
55427,Women,0.9669,Casual,0.8908
55428,Men,0.9921,Casual,0.984
55429,Men,0.9936,Casual,0.9847
55430,Men,0.4165,Casual,0.8664
55431,Men,0.4266,Casual,0.8508
55432,Men,0.4565,Casual,0.8738
55433,Men,0.4257,Casual,0.8424
55434,Unisex,0.4227,Casual,0.892
55436,Men,0.4606,Casual,0.8741
55437,Unisex,0.4079,Casual,0.9056
55438,Men,0.4925,Casual,0.873
55439,Men,0.4747,Casual,0.8713
55440,Men,0.4577,Casual,0.873
55441,Men,0.4247,Casual,0.8571
55442,Men,0.4303,Casual,0.8651
55443,Unisex,0.4161,Casual,0.8792
55444,Women,0.933,Casual,0.8986
55445,Women,0.9999,Casual,0.8981
55446,Women,0.9172,Casual,0.8913
55447,Women,0.9999,Casual,0.884
55448,Women,0.9999,Casual,0.8781
55449,Women,0.9325,Casual,0.8985
55450,Women,0.5471,Casual,0.9979
55451,Women,0.9999,Casual,0.8868
55454,Women,0.9628,Casual,0.8881
55455,Women,0.9297,Casual,0.8501
55456,Men,0.7264,Casual,0.9704
55457,Women,0.9108,Casual,0.9822
55458,Women,0.9068,Casual,0.9813
55459,Men,0.7195,Casual,0.9721
55460,Women,0.9866,Casual,0.948
55461,Men,0.6996,Casual,0.9691
55462,Women,0.8168,Casual,0.9489
55463,Women,0.9504,Casual,0.984
55464,Women,0.9463,Casual,0.9843
55465,Women,0.9638,Casual,0.9829
55466,Women,0.8587,Casual,0.8636
55467,Men,0.7334,Casual,0.9711
55468,Women,0.9574,Casual,0.9834
55469,Women,0.9523,Casual,0.9839
55470,Women,0.7197,Casual,0.9852
55471,Men,0.7261,Casual,0.9688
55472,Men,0.7156,Casual,0.9711
55473,Women,0.864,Casual,0.9769
55474,Men,0.8403,Casual,0.8864
55475,Men,0.8462,Casual,0.905
55476,Men,0.8457,Casual,0.8869
55477,Men,0.8476,Casual,0.8949
55478,Women,0.7313,Casual,0.8577
55479,Men,0.8438,Casual,0.8873
55480,Men,0.8124,Casual,0.858
55482,Women,0.9092,Casual,0.9534
55485,Women,0.8884,Casual,0.8287
55486,Women,0.8104,Casual,0.9032
55487,Women,0.7808,Casual,0.9379
55488,Women,0.8236,Casual,0.9114
55489,Women,0.8288,Casual,0.8981
55490,Women,0.9195,Casual,0.9307
55491,Women,0.9403,Casual,0.9322
55492,Women,0.7826,Casual,0.8663
55493,Women,0.9246,Casual,0.7948
55494,Women,0.6597,Casual,0.8454
55495,Women,0.9334,Casual,0.749
55496,Women,0.9645,Casual,0.719
55497,Women,0.9564,Casual,0.9316
55498,Women,0.8674,Casual,0.693
55499,Women,0.9806,Casual,0.9124
55500,Women,0.9731,Casual,0.8926
55501,Women,0.9516,Casual,0.9594
55502,Women,0.9594,Casual,0.9806
55503,Women,0.9764,Casual,0.9865
55504,Women,0.8547,Casual,0.9794
55505,Women,0.9851,Casual,0.9856
55506,Women,0.9553,Casual,0.9897
55507,Women,0.9394,Casual,0.9759
55508,Women,0.8642,Casual,0.9757
55509,Women,0.9222,Casual,0.9847
55510,Women,0.9461,Casual,0.9901
55511,Women,0.9555,Casual,0.9863
55512,Women,0.9581,Casual,0.9922
55513,Women,0.6147,Casual,0.8424
55514,Men,0.4797,Casual,0.8468
55516,Women,0.4705,Casual,0.9616
55517,Men,0.7691,Casual,0.8832
55518,Women,0.5339,Casual,0.6596
55519,Men,0.8095,Casual,0.9713
55520,Men,0.8168,Casual,0.9921
55521,Men,0.9646,Casual,0.9927
55522,Men,0.8373,Casual,0.9966
55523,Men,0.7613,Casual,0.9939
55524,Women,0.5629,Casual,0.9261
55525,Women,0.5431,Casual,0.9292
55526,Men,0.5231,Casual,0.926
55527,Women,0.9844,Casual,0.9555
55528,Women,0.9835,Casual,0.9617
55529,Men,0.7669,Casual,0.9763
55530,Women,0.6818,Casual,0.9702
55531,Women,0.5868,Casual,0.9452
55532,Women,0.5436,Casual,0.9712
55533,Women,0.9939,Casual,0.981
55534,Women,0.9812,Casual,0.8385
55535,Men,0.5029,Casual,0.9613
55536,Men,0.5394,Casual,0.8764
55537,Men,0.6683,Casual,0.8844
55538,Men,0.8175,Casual,0.9273
55539,Men,0.8423,Casual,0.9413
55540,Men,0.5313,Casual,0.991
55541,Women,0.8651,Casual,0.8768
55542,Women,0.6046,Casual,0.9149
55543,Women,0.9398,Casual,0.8714
55544,Women,0.9426,Casual,0.8574
55545,Women,0.9393,Casual,0.8607
55546,Women,0.9522,Casual,0.9014
55547,Women,0.6765,Casual,0.9063
55548,Men,0.4658,Casual,0.919
55549,Women,0.7054,Casual,0.8558
55550,Women,0.5517,Casual,0.9086
55551,Women,0.9526,Casual,0.876
55553,Women,0.8384,Casual,0.9844
55556,Women,0.9115,Casual,0.8798
55557,Women,0.9573,Casual,0.8085
55558,Women,0.9136,Casual,0.8754
55559,Men,0.3865,Casual,0.9927
55560,Men,0.7134,Casual,0.9973
55561,Girls,0.5713,Casual,0.9738
55564,Women,0.9619,Casual,0.9993
55565,Women,0.7276,Casual,0.932
55568,Women,0.6559,Casual,0.9912
55569,Girls,0.3299,Casual,0.9876
55570,Women,0.8228,Casual,0.9792
55571,Men,0.5575,Casual,0.9501
55572,Women,0.8516,Casual,0.9505
55573,Women,0.8646,Casual,0.9514
55574,Women,0.6718,Casual,0.9813
55575,Men,0.5312,Casual,0.9399
55576,Women,0.6161,Casual,0.9795
55577,Women,0.6631,Casual,0.5351
55578,Unisex,0.655,Casual,0.6616
55579,Unisex,0.675,Casual,0.6647
55580,Men,0.4661,Casual,0.8548
55581,Men,0.6435,Casual,0.9783
55582,Men,0.7167,Casual,0.9803
55583,Women,0.881,Casual,0.9959
55584,Men,0.5884,Casual,0.9905
55585,Men,0.5638,Casual,0.9915
55586,Men,0.5763,Casual,0.9922
55587,Men,0.6288,Casual,0.8844
55590,Women,0.4452,Casual,0.9545
55591,Men,0.8505,Casual,0.8353
55595,Men,0.9968,Casual,0.9911
55597,Men,0.9953,Casual,0.9909
55599,Men,0.935,Casual,0.9951
55608,Men,0.9486,Casual,0.9987
55612,Men,0.9951,Formal,0.7497
55613,Men,0.9986,Formal,0.8355
55614,Men,0.9955,Formal,0.8367
55615,Men,0.9647,Formal,0.8044
55616,Men,0.9762,Formal,0.9615
55617,Men,0.9914,Formal,0.9135
55618,Men,0.9874,Formal,0.9737
55619,Men,0.8796,Formal,0.9758
55620,Men,0.8663,Formal,0.9802
55621,Men,0.9493,Formal,0.9426
55622,Men,0.9847,Formal,0.8727
55623,Men,0.9358,Formal,0.697
55624,Men,0.9885,Formal,0.8776
55625,Men,0.9892,Formal,0.8164
55626,Men,0.996,Casual,0.5731
55627,Men,0.9978,Casual,0.5091
55628,Men,0.998,Casual,0.8361
55629,Men,0.9991,Casual,0.6668
55630,Women,0.994,Casual,0.8719
55631,Women,0.9928,Casual,0.7248
55632,Women,0.9838,Casual,0.991
55633,Women,0.9993,Casual,0.9949
55634,Women,0.999,Casual,0.9964
55635,Women,0.9999,Casual,0.9935
55636,Women,0.9753,Casual,0.877
55637,Women,0.9987,Casual,0.9865
55638,Women,0.9969,Casual,0.9769
55639,Women,0.7591,Casual,0.9411
55640,Women,0.9999,Casual,0.9993
55641,Women,0.9949,Casual,0.916
55642,Women,0.9881,Casual,0.9147
55643,Women,0.9996,Casual,0.9928
55644,Women,0.997,Casual,0.8619
55645,Women,0.9997,Casual,0.9938
55646,Women,0.539,Casual,0.6605
55647,Women,0.8999,Casual,0.9755
55648,Women,0.9666,Casual,0.9576
55649,Women,1.0,Casual,0.9818
55650,Women,0.9999,Casual,0.9676
55651,Women,0.905,Casual,0.9955
55652,Women,0.9267,Casual,0.9983
55653,Women,0.9985,Casual,0.997
55654,Women,0.9994,Casual,0.9744
55655,Women,0.9993,Casual,0.8963
55656,Women,0.9998,Casual,0.9982
55657,Women,0.9997,Casual,0.9474
55783,Men,0.9962,Casual,0.9907
55784,Men,0.9476,Sports,0.7455
55785,Men,0.6767,Casual,0.8375
55786,Women,0.9279,Casual,0.9159
55787,Women,1.0,Ethnic,0.9488
55788,Women,0.9309,Casual,0.9386
55789,Women,0.4041,Ethnic,0.9734
55790,Women,0.9413,Ethnic,0.9921
55791,Women,0.9963,Casual,0.8621
55794,Women,0.9915,Casual,0.569
55795,Women,0.9992,Casual,0.6654
55796,Women,0.9894,Casual,0.9473
55797,Women,0.9727,Casual,0.9944
55798,Women,0.9998,Casual,0.9183
55799,Women,0.9927,Casual,0.9189
55800,Women,0.9998,Casual,0.9502
55801,Women,0.9974,Casual,0.9063
55802,Women,0.987,Casual,0.7993
55803,Women,0.9953,Casual,0.9642
55804,Women,0.9931,Casual,0.977
55805,Women,0.9701,Casual,0.8722
55806,Women,0.7304,Casual,0.9983
55807,Women,0.9998,Casual,0.9373
55809,Women,0.9999,Casual,0.8994
55810,Women,0.9999,Casual,0.8916
55811,Women,0.9999,Casual,0.5782
55812,Women,0.9996,Casual,0.8871
55813,Men,0.9921,Casual,0.9733
55814,Women,0.9993,Casual,0.9264
55817,Women,0.998,Casual,0.712
55818,Women,0.9994,Casual,0.9219
55819,Women,0.984,Casual,0.9023
55821,Women,0.9509,Casual,0.9836
55822,Women,1.0,Ethnic,0.762
55823,Women,1.0,Casual,0.981
55824,Women,0.9998,Casual,0.5695
55825,Women,0.9884,Casual,0.9664
55826,Women,0.9906,Ethnic,0.8079
55827,Women,0.9937,Casual,0.8462
55828,Women,0.9914,Casual,0.9889
55829,Women,0.9982,Ethnic,0.5032
55830,Women,0.9895,Casual,0.7508
55831,Women,0.9997,Casual,0.6513
55832,Women,0.9998,Casual,0.5481
55833,Women,0.8665,Casual,0.9053
55834,Women,0.5759,Casual,0.9869
55835,Women,0.7521,Casual,0.9032
55836,Men,0.6974,Casual,0.9976
55837,Women,0.5682,Casual,0.9441
55838,Women,0.6479,Casual,0.9765
55839,Women,0.7956,Casual,0.9825
55840,Women,0.923,Casual,0.9662
55841,Men,0.8211,Casual,0.9946
55842,Women,0.7662,Casual,0.9371
55843,Women,0.7695,Casual,0.9621
55844,Women,0.9073,Casual,0.9754
55845,Women,0.8694,Casual,0.9754
55846,Women,0.8611,Casual,0.9769
55847,Women,0.7373,Casual,0.9759
55848,Boys,0.3287,Casual,0.5062
55849,Women,0.8112,Casual,0.9905
55850,Women,0.6441,Casual,0.961
55851,Women,0.5476,Casual,0.9735
55852,Women,0.8434,Casual,0.9877
55853,Women,0.8275,Casual,0.9604
55854,Women,0.8658,Casual,0.9295
55855,Women,0.5074,Casual,0.9921
55856,Women,0.7755,Casual,0.9708
55857,Women,0.8122,Casual,0.9645
55858,Women,0.9604,Casual,0.9602
55859,Women,0.9458,Casual,0.9638
55860,Women,0.6196,Casual,0.9917
55861,Women,0.4321,Casual,0.9978
55862,Men,0.413,Casual,0.9929
55863,Women,0.3599,Casual,0.9976
55864,Men,0.4998,Casual,0.9909
55865,Boys,0.5293,Casual,0.9908
55866,Women,0.4757,Casual,0.9991
55867,Men,0.4046,Casual,0.8487
55868,Men,0.4126,Casual,0.9956
55869,Men,0.4244,Casual,0.8451
55870,Women,0.6087,Casual,0.9979
55871,Women,0.8929,Casual,0.9971
55872,Boys,0.4274,Casual,0.9939
55873,Women,0.4878,Casual,0.9985
55874,Women,0.8044,Casual,0.9978
55875,Women,0.758,Casual,0.9786
55876,Women,0.624,Casual,0.9967
55877,Men,0.4392,Casual,0.9971
55878,Women,0.7377,Casual,0.9986
55879,Women,0.8865,Casual,0.9972
55880,Women,0.3238,Casual,0.9939
55881,Boys,0.6453,Casual,0.9894
55882,Women,0.5025,Casual,0.9919
55883,Boys,0.6649,Casual,0.9991
55884,Men,0.4732,Casual,0.9979
55885,Boys,0.4026,Casual,0.9975
55886,Men,0.4492,Casual,0.9936
55887,Women,0.7725,Casual,0.9987
55888,Men,0.4147,Casual,0.995
55889,Women,0.5789,Casual,0.9988
55890,Boys,0.5348,Casual,0.9986
55891,Women,0.8083,Casual,0.9984
55892,Men,0.3499,Casual,0.9983
55893,Boys,0.7091,Casual,0.9993
55894,Boys,0.533,Casual,0.9983
55895,Men,0.3927,Casual,0.9959
55896,Boys,0.6462,Casual,0.9986
55897,Boys,0.5334,Casual,0.9966
55898,Boys,0.459,Casual,0.9919
55899,Men,0.496,Casual,0.9912
55900,Women,0.5993,Casual,0.9989
55901,Women,0.4657,Casual,0.9793
55902,Men,0.3475,Casual,0.996
55903,Women,0.7861,Casual,0.9993
55904,Men,0.3207,Casual,0.9967
55905,Women,0.751,Casual,0.9876
55906,Women,0.775,Casual,0.9965
55907,Women,0.772,Casual,0.9965
55909,Women,0.5381,Casual,0.9632
55910,Men,0.4817,Casual,0.9894
55911,Women,0.9572,Casual,0.876
55912,Women,0.9359,Casual,0.9778
55913,Women,0.7989,Casual,0.9866
55914,Women,0.7675,Casual,0.9905
55915,Women,0.4998,Casual,0.9892
55916,Women,0.7662,Casual,0.9557
55917,Women,0.9519,Casual,0.8972
55918,Women,0.6132,Casual,0.9798
55919,Men,0.4755,Casual,0.9917
55920,Men,0.4892,Casual,0.996
55921,Women,0.8038,Casual,0.9571
55922,Women,0.603,Casual,0.9884
55923,Women,0.6247,Casual,0.9727
55924,Women,0.8,Casual,0.9803
55925,Women,0.8244,Casual,0.9912
55926,Women,0.793,Casual,0.9773
55927,Women,0.8392,Casual,0.9329
55928,Women,0.7579,Casual,0.9908
55929,Women,0.7977,Casual,0.9325
55930,Women,0.6142,Casual,0.9739
55931,Women,0.4994,Casual,0.9895
55932,Women,0.6893,Casual,0.9866
55933,Women,0.7334,Casual,0.9889
55935,Women,0.7781,Casual,0.9815
55936,Women,0.5567,Casual,0.9921
55937,Women,0.6762,Casual,0.9959
55938,Women,0.8819,Casual,0.9795
55939,Women,0.7375,Casual,0.9819
55940,Women,0.7495,Casual,0.9933
55941,Women,0.8142,Casual,0.9901
55942,Women,0.7448,Casual,0.9648
55943,Women,0.7439,Casual,0.8969
55944,Women,0.845,Casual,0.9748
55945,Women,0.6793,Casual,0.9766
55946,Women,0.7529,Casual,0.9608
55947,Women,0.8462,Casual,0.9818
55948,Women,0.7049,Casual,0.9821
55949,Women,0.8646,Casual,0.9353
55950,Women,0.8267,Casual,0.9539
55951,Women,0.76,Casual,0.9724
55952,Women,0.7507,Casual,0.9542
55953,Women,0.6172,Casual,0.9479
55954,Men,0.4587,Casual,0.9902
55955,Women,0.7035,Casual,0.9683
55956,Men,0.3985,Casual,0.5752
55957,Men,0.5578,Casual,0.7583
55958,Women,0.9159,Casual,0.9947
55959,Men,0.5945,Casual,0.8319
55960,Men,0.4993,Casual,0.6213
55961,Men,0.6751,Casual,0.8121
55962,Women,0.9607,Casual,0.9937
55963,Women,0.8641,Casual,0.9776
55964,Women,0.9137,Casual,0.974
55965,Women,0.9152,Casual,0.9773
55966,Women,0.9359,Casual,0.9891
55967,Women,0.9373,Casual,0.9868
55968,Women,0.9426,Casual,0.9062
55969,Women,0.8703,Casual,0.9634
55970,Women,0.9256,Casual,0.8879
55971,Women,0.881,Casual,0.877
55972,Women,0.9599,Casual,0.8784
55973,Women,0.9499,Casual,0.9894
55974,Women,0.9402,Casual,0.9884
55975,Women,0.922,Casual,0.9786
55976,Women,0.7479,Casual,0.9559
55977,Women,0.8786,Casual,0.7479
55978,Women,0.9557,Casual,0.9832
55979,Women,0.9354,Casual,0.8809
55980,Women,0.9234,Casual,0.8871
55981,Women,0.9421,Casual,0.9664
55982,Women,0.9813,Casual,0.9478
55983,Women,0.9503,Casual,0.9804
55984,Women,0.9662,Casual,0.8974
55985,Women,0.9375,Casual,0.9884
55986,Women,0.9378,Casual,0.9637
55987,Women,0.9468,Casual,0.9601
55988,Women,0.9268,Casual,0.9284
55989,Women,0.8976,Casual,0.9786
55990,Women,0.9514,Casual,0.9305
55991,Women,0.9768,Casual,0.9912
55992,Women,0.9454,Casual,0.977
55993,Women,0.9194,Casual,0.9833
55994,Women,0.9525,Casual,0.9872
55995,Women,0.8406,Casual,0.9441
55996,Women,0.9109,Casual,0.9774
55997,Women,0.9424,Casual,0.9894
55998,Women,0.9245,Casual,0.9788
55999,Women,0.8676,Casual,0.9651
56000,Women,0.7928,Casual,0.9495
56001,Women,0.9433,Casual,0.9906
56002,Women,0.7533,Casual,0.9602
56003,Women,0.9618,Casual,0.9551
56004,Women,0.9394,Casual,0.8968
56005,Women,0.941,Casual,0.9296
56006,Women,0.9431,Casual,0.8944
56007,Women,0.8501,Casual,0.8657
56008,Women,0.9574,Casual,0.9639
56009,Women,0.9775,Casual,0.9476
56010,Women,0.7506,Casual,0.9508
56011,Women,0.9177,Casual,0.8751
56012,Women,0.7663,Casual,0.85
56013,Women,0.787,Casual,0.867
56014,Women,0.8282,Casual,0.8832
56015,Women,0.9215,Casual,0.8819
56016,Women,0.9843,Casual,0.9796
56017,Women,0.9765,Casual,0.9944
56018,Women,0.7778,Casual,0.8772
56019,Women,0.9528,Casual,0.6204
56020,Women,0.8951,Casual,0.8408
56021,Women,0.822,Casual,0.8901
56022,Women,0.8141,Casual,0.8892
56023,Women,0.9502,Casual,0.8473
56024,Women,0.8276,Casual,0.927
56025,Women,0.8175,Casual,0.8927
56026,Women,0.7825,Casual,0.8619
56027,Women,0.8412,Casual,0.8512
56028,Women,0.791,Casual,0.8714
56029,Women,0.8129,Casual,0.9065
56030,Women,0.8179,Casual,0.9112
56031,Women,0.9255,Casual,0.8663
56032,Women,0.8755,Casual,0.5476
56033,Women,0.9541,Casual,0.8414
56034,Women,0.7876,Casual,0.8454
56035,Women,0.9498,Casual,0.8517
56036,Women,0.9259,Casual,0.889
56037,Women,0.8143,Casual,0.9032
56038,Women,0.8566,Casual,0.8901
56039,Women,0.8725,Casual,0.9797
56040,Women,0.9341,Casual,0.8749
56041,Women,0.9122,Casual,0.8412
56042,Women,0.9435,Casual,0.867
56043,Women,0.8923,Casual,0.8212
56044,Women,0.9152,Casual,0.8208
56045,Women,0.9218,Casual,0.8155
56046,Women,0.9194,Casual,0.8128
56047,Women,0.9405,Casual,0.8557
56048,Women,0.9455,Casual,0.8609
56049,Women,0.9309,Casual,0.8689
56050,Women,0.9533,Casual,0.8856
56051,Women,0.9158,Casual,0.7677
56052,Women,0.941,Casual,0.7415
56053,Women,0.9729,Casual,0.8365
56054,Women,0.9114,Casual,0.7556
56055,Women,0.8928,Casual,0.6885
56056,Women,0.9071,Casual,0.6341
56057,Women,0.9014,Casual,0.7145
56058,Women,0.8876,Casual,0.7222
56059,Women,0.8125,Casual,0.7513
56060,Women,0.7963,Casual,0.8754
56061,Women,0.8892,Casual,0.7725
56062,Women,0.9344,Casual,0.776
56063,Women,0.892,Casual,0.7317
56064,Women,0.92,Casual,0.7665
56065,Women,0.9802,Casual,0.8918
56066,Women,0.967,Casual,0.534
56067,Women,0.7224,Casual,0.616
56068,Women,0.6969,Casual,0.88
56069,Women,0.9594,Casual,0.9347
56070,Women,0.8403,Casual,0.8883
56071,Women,0.881,Casual,0.9561
56072,Women,0.9449,Casual,0.9781
56073,Women,0.8887,Casual,0.882
56074,Women,0.949,Formal,0.5875
56075,Women,0.734,Casual,0.5368
56076,Women,0.9357,Casual,0.9919
56077,Women,0.8369,Casual,0.8478
56078,Women,0.9906,Casual,0.8927
56079,Women,0.971,Casual,0.7925
56080,Women,0.9899,Casual,0.8377
56081,Women,0.9297,Casual,0.9822
56082,Women,0.9312,Casual,0.8226
56083,Women,0.8753,Casual,0.8419
56084,Women,0.986,Casual,0.8325
56085,Women,0.8313,Casual,0.915
56086,Women,0.6168,Casual,0.882
56087,Women,0.784,Casual,0.7811
56088,Women,0.8715,Casual,0.6815
56089,Women,0.9369,Casual,0.7739
56090,Women,0.9249,Casual,0.8165
56091,Women,0.9654,Casual,0.834
56092,Women,0.9405,Casual,0.8547
56093,Women,0.974,Casual,0.7997
56094,Women,0.9847,Casual,0.5255
56095,Women,0.976,Casual,0.9739
56096,Women,0.9175,Casual,0.78
56097,Women,0.9591,Casual,0.7934
56098,Women,0.9295,Casual,0.8793
56099,Women,0.8959,Casual,0.8061
56100,Women,0.9804,Casual,0.8094
56101,Women,0.9907,Casual,0.6682
56102,Women,0.8923,Casual,0.7455
56103,Women,0.8178,Casual,0.8455
56104,Women,0.9203,Casual,0.7653
56105,Women,0.9526,Casual,0.7694
56106,Women,0.9415,Casual,0.757
56107,Women,0.8544,Casual,0.7532
56108,Women,0.9723,Casual,0.9094
56109,Men,0.5529,Casual,0.9396
56110,Men,0.4095,Casual,0.9465
56111,Men,0.7785,Casual,0.8994
56112,Men,0.7802,Casual,0.9284
56113,Women,0.4978,Casual,0.9006
56114,Women,0.6138,Casual,0.9473
56115,Women,0.6236,Casual,0.9407
56116,Women,0.5202,Casual,0.9305
56117,Women,0.6772,Casual,0.9239
56118,Women,0.6414,Casual,0.9501
56119,Women,0.5754,Casual,0.9615
56120,Women,0.5747,Casual,0.9471
56121,Women,0.9612,Casual,0.8589
56122,Men,0.4981,Casual,0.9887
56123,Women,0.5671,Casual,0.9871
56124,Women,0.6654,Casual,0.9894
56125,Women,0.7258,Casual,0.9833
56126,Women,0.8102,Casual,0.9772
56127,Women,0.9791,Casual,0.8076
56128,Women,0.9797,Casual,0.8763
56129,Women,0.9888,Casual,0.8439
56133,Women,0.9859,Casual,0.997
56134,Women,0.966,Casual,0.9825
56135,Women,0.5207,Casual,0.9316
56136,Men,0.3565,Casual,0.9791
56137,Women,0.55,Casual,0.9927
56138,Women,0.7205,Casual,0.9818
56139,Women,0.8471,Casual,0.9828
56140,Women,0.7017,Casual,0.9616
56141,Women,0.4176,Casual,0.9042
56142,Women,0.5376,Casual,0.9808
56143,Unisex,0.6822,Sports,0.742
56144,Unisex,0.5557,Casual,0.7104
56145,Women,0.9019,Casual,0.5222
56146,Unisex,0.5745,Sports,0.7214
56147,Men,0.6139,Casual,0.5402
56148,Women,0.4411,Sports,0.5699
56149,Women,0.8673,Casual,0.9723
56150,Women,0.9054,Casual,0.9073
56151,Women,0.8678,Casual,0.8652
56152,Women,0.9639,Casual,0.972
56153,Women,0.9499,Casual,0.8988
56154,Women,0.8238,Casual,0.9686
56155,Women,0.9521,Casual,0.5767
56156,Women,0.8774,Casual,0.9854
56157,Women,0.8238,Casual,0.9686
56158,Women,0.8203,Casual,0.9253
56159,Women,0.7061,Casual,0.8293
56160,Women,0.838,Casual,0.7248
56161,Women,0.9791,Casual,0.9639
56162,Women,0.9351,Casual,0.6951
56164,Men,0.7348,Casual,0.8335
56165,Women,0.763,Casual,0.9142
56166,Men,0.5134,Casual,0.7874
56167,Women,0.7887,Casual,0.9112
56168,Women,0.9429,Casual,0.8073
56170,Women,0.9867,Casual,0.9677
56171,Women,0.978,Casual,0.7475
56172,Women,0.9336,Casual,0.8406
56173,Women,0.9026,Casual,0.6893
56174,Women,0.9462,Casual,0.7779
56175,Women,0.943,Casual,0.7774
56176,Women,0.9517,Casual,0.7737
56177,Women,0.939,Casual,0.6114
56178,Women,0.6781,Casual,0.9496
56179,Women,0.7763,Casual,0.9976
56180,Women,0.5562,Casual,0.969
56181,Men,0.4181,Casual,0.8386
56182,Men,0.4591,Casual,0.8437
56183,Women,0.4358,Casual,0.863
56184,Women,0.3381,Casual,0.9454
56185,Women,0.6248,Casual,0.9268
56186,Women,0.7369,Casual,0.8705
56187,Women,0.7673,Casual,0.8767
56188,Women,0.7231,Casual,0.8798
56189,Men,0.3632,Casual,0.9456
56190,Women,0.7924,Casual,0.8974
56191,Women,0.399,Casual,0.9525
56192,Women,0.4481,Casual,0.9307
56193,Women,0.895,Casual,0.9056
56194,Women,0.7478,Casual,0.8581
56195,Women,0.8647,Casual,0.8331
56196,Women,0.9057,Casual,0.9089
56198,Women,0.8063,Casual,0.9733
56199,Women,0.9251,Sports,0.5026
56201,Women,0.9621,Casual,0.629
56202,Women,0.9883,Ethnic,0.4436
56203,Women,0.8919,Casual,0.5818
56205,Women,0.8777,Casual,0.4173
56206,Women,0.9678,Casual,0.5195
56207,Women,0.9504,Casual,0.8014
56208,Women,0.834,Casual,0.5192
56209,Women,0.971,Casual,0.7951
56210,Women,0.9351,Ethnic,0.4951
56211,Women,0.9889,Casual,0.5329
56212,Women,0.924,Casual,0.9428
56213,Women,0.9832,Casual,0.6876
56214,Women,0.9858,Ethnic,0.7759
56215,Women,0.9712,Ethnic,0.5294
56216,Women,0.9983,Casual,0.5247
56217,Women,0.8571,Casual,0.7621
56218,Women,0.9901,Casual,0.861
56219,Women,0.8964,Casual,0.9143
56220,Women,0.9988,Casual,0.8643
56221,Men,0.9832,Casual,0.9808
56222,Men,0.9626,Casual,0.6139
56223,Women,0.7865,Casual,0.9477
56224,Men,0.5154,Formal,0.7037
56225,Men,0.9776,Casual,0.9301
56226,Men,0.5687,Casual,0.9848
56227,Men,0.9971,Casual,0.7911
56228,Men,0.6981,Casual,0.9268
56229,Men,0.9067,Casual,0.5551
56230,Men,0.7194,Casual,0.589
56231,Men,0.851,Casual,0.8909
56232,Men,0.9599,Casual,0.6818
56233,Men,0.6935,Casual,0.9733
56234,Men,0.9493,Casual,0.5412
56235,Men,0.6467,Casual,0.9329
56236,Men,0.9831,Casual,0.7956
56237,Men,0.9517,Casual,0.6434
56238,Men,0.945,Casual,0.8298
56239,Men,0.8806,Casual,0.8747
56240,Men,0.9867,Casual,0.8767
56241,Men,0.9991,Casual,0.6346
56243,Men,0.9918,Casual,0.8632
56244,Women,0.749,Casual,0.5251
56245,Men,0.9626,Casual,0.9141
56247,Men,0.9766,Casual,0.9207
56248,Men,0.6394,Casual,0.8003
56249,Men,0.9889,Sports,0.7839
56250,Men,0.9987,Casual,0.6867
56251,Men,0.6188,Sports,0.5683
56252,Men,0.5647,Casual,0.9697
56253,Men,0.6925,Casual,0.851
56254,Men,0.9546,Casual,0.9808
56255,Men,0.9664,Casual,0.9171
56256,Men,0.6872,Casual,0.9812
56257,Men,0.9542,Casual,0.7049
56258,Men,0.7553,Casual,0.8905
56260,Men,0.9029,Casual,0.9949
56261,Men,0.9399,Sports,0.5157
56262,Men,0.9823,Casual,0.8216
56263,Men,0.7335,Casual,0.8324
56265,Women,0.8765,Casual,0.9345
56266,Men,0.9977,Casual,0.9977
56267,Men,0.9481,Casual,0.9832
56268,Men,0.9182,Casual,0.9116
56269,Men,0.9354,Casual,0.9943
56270,Women,0.9933,Casual,0.744
56271,Women,0.9889,Casual,0.8064
56272,Women,0.9345,Casual,0.8959
56273,Women,0.8973,Casual,0.8989
56274,Women,0.8629,Casual,0.9089
56275,Women,0.9984,Casual,0.7025
56276,Women,0.9989,Casual,0.8563
56277,Women,0.9655,Casual,0.8457
56278,Women,0.9698,Casual,0.6189
56279,Women,0.9999,Casual,0.8448
56280,Women,0.9383,Casual,0.9729
56281,Women,0.9997,Casual,0.8681
56282,Women,0.9458,Casual,0.969
56283,Women,0.6097,Casual,0.8664
56284,Women,0.9999,Casual,0.8571
56285,Women,0.9747,Casual,0.8174
56286,Women,0.932,Casual,0.8054
56287,Women,0.9284,Casual,0.8327
56288,Women,0.9567,Casual,0.9267
56289,Women,0.9866,Casual,0.8234
56290,Men,0.5848,Casual,0.9777
56291,Women,0.8685,Casual,0.9291
56292,Women,0.9919,Casual,0.9387
56293,Women,0.9859,Casual,0.895
56294,Women,0.9812,Casual,0.9147
56295,Women,0.959,Casual,0.9521
56296,Men,0.461,Casual,0.9714
56297,Women,0.8804,Casual,0.9848
56298,Women,0.9565,Casual,0.7007
56299,Women,0.9957,Casual,0.8781
56300,Women,0.9827,Casual,0.8259
56301,Women,0.8443,Casual,0.8608
56302,Women,0.9969,Casual,0.8481
56303,Men,0.6461,Casual,0.9798
56304,Women,0.5166,Casual,0.9884
56305,Women,0.4606,Casual,0.9904
56306,Women,0.9712,Casual,0.7857
56307,Women,0.9962,Casual,0.8092
56308,Women,0.7323,Casual,0.9325
56309,Women,0.6427,Casual,0.9218
56310,Women,0.9523,Casual,0.8935
56311,Women,0.9847,Casual,0.7655
56312,Unisex,0.4072,Casual,0.9763
56313,Men,0.8863,Casual,0.9706
56314,Women,0.7957,Casual,0.9561
56315,Women,0.8914,Casual,0.9948
56316,Women,0.8212,Casual,0.9746
56317,Women,0.9481,Casual,0.9978
56318,Women,0.6598,Casual,0.9985
56319,Men,0.7279,Casual,0.9602
56320,Women,0.8993,Casual,0.9951
56321,Women,0.7682,Casual,0.9998
56322,Women,0.8744,Casual,0.9975
56323,Women,0.8848,Casual,0.9931
56324,Women,0.7467,Casual,0.9986
56326,Men,0.8891,Casual,0.8467
56327,Women,0.8271,Casual,0.9178
56329,Men,0.887,Casual,0.9978
56330,Men,0.4888,Casual,0.9591
56331,Men,0.4166,Casual,0.8768
56332,Women,0.7194,Casual,0.8832
56333,Men,0.5663,Casual,0.9799
56335,Men,0.9286,Casual,0.9982
56336,Men,0.7717,Casual,0.9849
56337,Men,0.9245,Casual,0.8372
56338,Women,0.5454,Casual,0.9987
56339,Men,0.9786,Casual,0.6478
56340,Men,0.7771,Casual,0.9439
56341,Men,0.8431,Casual,0.9533
56342,Men,0.6936,Casual,0.674
56343,Men,0.6228,Casual,0.956
56344,Men,0.6595,Casual,0.775
56346,Men,0.8883,Casual,0.9925
56348,Men,0.8991,Casual,0.999
56349,Men,0.7282,Casual,0.9798
56351,Men,0.9697,Casual,0.995
56352,Men,0.9698,Casual,0.9859
56353,Men,0.972,Casual,0.9729
56354,Men,0.908,Casual,0.997
56355,Women,0.429,Casual,0.8468
56356,Men,0.5159,Casual,0.905
56359,Women,0.7043,Casual,0.7586
56360,Women,0.6304,Casual,0.8223
56361,Men,0.4899,Casual,0.9961
56362,Men,0.8969,Casual,0.9934
56363,Men,0.935,Casual,0.9933
56364,Men,0.8371,Casual,0.9775
56365,Men,0.7064,Casual,0.9953
56366,Men,0.8718,Casual,0.992
56367,Women,0.3515,Casual,0.9927
56368,Men,0.9696,Casual,0.9883
56375,Men,0.8407,Casual,0.9942
56376,Men,0.9266,Casual,0.997
56377,Men,0.5359,Casual,0.9922
56378,Men,0.7461,Casual,0.9939
56379,Men,0.5942,Casual,0.9931
56380,Women,0.5673,Casual,0.911
56381,Women,0.9405,Casual,0.9212
56385,Men,0.8747,Casual,0.9653
56386,Women,0.7105,Casual,0.9931
56388,Women,0.7212,Casual,0.9981
56389,Women,0.6132,Casual,0.9328
56390,Women,0.7893,Casual,0.9876
56391,Women,0.8923,Casual,0.984
56392,Women,0.583,Casual,0.9879
56393,Men,0.5634,Casual,0.995
56394,Women,0.9624,Casual,0.9944
56395,Men,0.5648,Casual,0.9975
56402,Women,0.9774,Casual,0.9403
56403,Women,0.7492,Casual,0.8652
56404,Women,0.9711,Casual,0.9257
56405,Women,0.9983,Casual,0.9928
56406,Women,0.9955,Casual,0.9958
56407,Women,0.9937,Casual,0.9985
56410,Men,0.9989,Casual,0.8828
56411,Men,0.9711,Casual,0.9985
56412,Men,0.9913,Casual,0.9939
56413,Men,0.9182,Casual,0.9862
56414,Men,0.9398,Casual,0.9905
56415,Men,0.9988,Casual,0.9931
56416,Women,0.9238,Casual,0.8351
56417,Women,0.9774,Casual,0.87
56418,Women,0.9678,Casual,0.7352
56419,Women,0.9989,Casual,0.8429
56420,Women,0.9948,Casual,0.8891
56421,Women,0.9975,Casual,0.9118
56422,Women,0.9953,Casual,0.9402
56423,Women,0.8717,Casual,0.86
56424,Women,0.7433,Casual,0.8025
56425,Women,0.9664,Casual,0.9677
56427,Women,0.805,Casual,0.9199
56428,Women,0.9772,Casual,0.8784
56429,Women,0.7145,Casual,0.7222
56432,Women,0.4842,Casual,0.9863
56436,Women,0.485,Casual,0.9806
56440,Women,0.9548,Casual,0.9712
56443,Women,0.8203,Casual,0.9598
56444,Women,0.7905,Casual,0.9862
56446,Women,0.6682,Casual,0.9771
56447,Women,0.7846,Casual,0.9958
56448,Women,0.9193,Casual,0.9378
56450,Women,0.6413,Casual,0.9646
56451,Women,0.5199,Casual,0.9856
56452,Women,0.5178,Casual,0.9869
56454,Women,0.5605,Casual,0.9934
56455,Women,0.5077,Casual,0.9868
56456,Women,0.4391,Casual,0.9914
56458,Women,0.5503,Casual,0.99
56460,Women,0.7386,Casual,0.998
56461,Women,0.9099,Casual,0.9503
56462,Women,0.8624,Casual,0.9972
56463,Women,0.7484,Casual,0.996
56464,Women,0.7553,Casual,0.9818
56465,Women,0.7834,Casual,0.9876
56466,Women,0.7314,Casual,0.9388
56467,Men,0.5099,Casual,0.9769
56468,Men,0.4616,Casual,0.967
56469,Women,0.766,Casual,0.9972
56470,Women,0.4993,Casual,0.9933
56471,Women,0.5566,Casual,0.9937
56472,Women,0.6758,Casual,0.9958
56473,Women,0.585,Casual,0.9945
56474,Women,0.5899,Casual,0.9946
56475,Men,0.3758,Casual,0.9768
56476,Men,0.4113,Casual,0.9854
56477,Women,0.8511,Casual,0.9979
56478,Women,0.564,Casual,0.9886
56479,Women,0.8107,Casual,0.9914
56480,Women,0.6256,Casual,0.9553
56481,Women,0.6939,Casual,0.9768
56482,Women,0.6222,Casual,0.9911
56483,Women,0.6714,Casual,0.9889
56484,Women,0.7767,Casual,0.9969
56485,Women,0.646,Casual,0.8885
56486,Women,0.8641,Casual,0.9825
56488,Women,0.4582,Casual,0.9761
56489,Women,0.8127,Casual,0.998
56490,Women,0.7955,Casual,0.9803
56491,Women,0.7677,Casual,0.9976
56492,Women,0.8409,Casual,0.9679
56493,Women,0.7212,Casual,0.9918
56494,Women,0.7985,Casual,0.9977
56495,Women,0.5953,Casual,0.9963
56496,Women,0.7083,Casual,0.9994
56497,Women,0.7338,Casual,0.999
56498,Women,0.6912,Casual,0.9979
56499,Women,0.765,Casual,0.9952
56500,Women,0.699,Casual,0.9802
56501,Women,0.8399,Casual,0.9954
56502,Women,0.4932,Casual,0.9986
56503,Women,0.5568,Casual,0.9976
56504,Women,0.4344,Casual,0.9958
56505,Women,0.5714,Casual,0.9979
56506,Men,0.8535,Casual,0.9823
56507,Men,0.9089,Casual,0.9856
56508,Women,0.9664,Casual,0.9087
56509,Women,0.9692,Casual,0.9043
56511,Women,0.9629,Casual,0.907
56512,Women,0.9697,Casual,0.8945
56513,Women,0.9659,Casual,0.9175
56515,Men,0.6943,Casual,0.9551
56516,Men,0.7131,Casual,0.9536
56517,Women,0.9729,Casual,0.9058
56518,Men,0.6359,Casual,0.9656
56519,Women,0.9171,Casual,0.9751
56520,Women,0.7158,Casual,0.685
56521,Women,0.7071,Casual,0.6562
56522,Women,0.6168,Casual,0.4905
56523,Women,0.6361,Casual,0.6595
56524,Women,0.6104,Casual,0.5784
56525,Women,0.6862,Casual,0.646
56526,Women,0.7018,Casual,0.6544
56527,Men,0.4939,Casual,0.5351
56528,Women,0.4656,Casual,0.6295
56529,Women,0.7259,Casual,0.6857
56530,Women,0.6171,Casual,0.5891
56531,Women,0.6778,Casual,0.6327
56532,Women,0.6649,Casual,0.6333
56533,Women,0.7123,Casual,0.6388
56534,Women,0.6727,Casual,0.5995
56535,Women,0.6559,Casual,0.6443
56536,Women,0.6431,Casual,0.6724
56537,Women,0.6063,Sports,0.5308
56539,Women,0.6353,Casual,0.6091
56540,Women,0.544,Casual,0.5983
56541,Women,0.6856,Casual,0.6245
56542,Women,0.4547,Casual,0.9545
56543,Women,0.9899,Casual,0.8796
56544,Women,0.962,Casual,0.9153
56545,Women,0.9651,Casual,0.6509
56546,Women,0.9802,Casual,0.9612
56547,Women,0.9563,Casual,0.8473
56548,Women,0.9246,Casual,0.8705
56549,Women,0.9246,Casual,0.8684
56550,Women,0.9719,Casual,0.8473
56551,Women,0.8901,Casual,0.9895
56553,Women,0.9208,Casual,0.9916
56554,Women,0.9819,Casual,0.9925
56555,Women,0.9574,Casual,0.9178
56556,Men,0.9836,Casual,0.9913
56558,Men,0.9777,Casual,0.9797
56559,Men,0.8948,Casual,0.9884
56560,Women,0.9922,Casual,0.8896
56561,Men,0.9836,Casual,0.9877
56562,Men,0.9852,Casual,0.9892
56563,Men,0.9204,Casual,0.9867
56564,Men,0.9026,Casual,0.9889
56565,Men,0.894,Casual,0.9886
56566,Women,0.9625,Casual,0.6964
56568,Women,0.7904,Casual,0.9049
56569,Women,0.9115,Casual,0.9059
56570,Women,0.9115,Casual,0.9059
56571,Women,0.3192,Casual,0.8281
56572,Men,0.5093,Casual,0.9978
56573,Women,0.2992,Casual,0.8582
56574,Women,0.5075,Casual,0.9692
56575,Men,0.5236,Casual,0.9559
56576,Men,0.498,Casual,0.958
56579,Women,0.8998,Casual,0.9918
56580,Men,0.6598,Casual,0.9425
56581,Women,0.7759,Casual,0.7692
56582,Women,0.775,Casual,0.714
56583,Women,0.9932,Casual,0.9956
56584,Women,0.9658,Casual,0.9914
56585,Women,0.9381,Casual,0.9849
56588,Women,0.9508,Casual,0.955
56590,Women,0.7506,Casual,0.9481
56591,Women,0.4659,Casual,0.8909
56592,Women,0.4862,Casual,0.9276
56593,Men,0.5893,Casual,0.8925
56594,Women,0.7365,Casual,0.9805
56597,Women,0.97,Casual,0.8263
56598,Women,0.9165,Casual,0.847
56599,Women,0.9072,Casual,0.8376
56600,Men,0.7508,Casual,0.9726
56601,Women,0.976,Casual,0.8899
56602,Women,0.9531,Casual,0.8583
56603,Women,0.9288,Casual,0.8594
56604,Women,0.9835,Casual,0.8606
56605,Men,0.6641,Casual,0.8707
56606,Women,0.8113,Casual,0.9633
56607,Women,0.8559,Casual,0.8784
56608,Women,0.8512,Casual,0.8619
56609,Men,0.7014,Casual,0.9522
56610,Men,0.7013,Casual,0.9616
56611,Women,0.3927,Casual,0.8477
56612,Women,0.8179,Casual,0.9771
56613,Women,0.8659,Casual,0.9813
56614,Women,0.8239,Casual,0.9784
56615,Women,0.6703,Casual,0.982
56616,Women,0.6635,Casual,0.9834
56617,Women,0.4734,Casual,0.9909
56618,Women,0.4563,Casual,0.8909
56619,Women,0.7112,Casual,0.8301
56620,Men,0.5201,Casual,0.9942
56622,Women,0.9131,Casual,0.9721
56624,Women,0.8893,Casual,0.9652
56626,Men,0.5253,Casual,0.6496
56627,Women,0.888,Casual,0.9931
56631,Men,0.7365,Casual,0.9781
56632,Women,0.5334,Casual,0.9963
56634,Men,0.6765,Casual,0.9969
56638,Women,1.0,Casual,0.9897
56639,Women,1.0,Ethnic,0.7481
56640,Women,1.0,Ethnic,0.9276
56642,Women,0.9998,Ethnic,0.7712
56643,Women,1.0,Casual,0.8982
56646,Women,1.0,Casual,0.8137
56647,Women,0.7307,Casual,0.7514
56649,Women,0.9997,Casual,0.8882
56650,Women,0.9991,Casual,0.9616
56651,Women,1.0,Casual,0.9115
56652,Men,0.9992,Formal,0.9519
56653,Men,0.8028,Casual,0.9984
56654,Men,0.7896,Casual,0.9844
56655,Men,0.6216,Casual,0.9859
56656,Men,0.9816,Casual,0.8567
56657,Men,0.9541,Casual,0.9629
56658,Men,0.9882,Casual,0.9986
56659,Men,0.999,Formal,0.9548
56660,Men,0.8694,Casual,0.9955
56661,Men,0.9935,Casual,0.9842
56662,Men,0.9887,Casual,0.5907
56663,Men,0.9622,Casual,0.9147
56664,Men,0.9796,Casual,0.9259
56665,Men,0.9836,Casual,0.9951
56666,Men,0.8749,Casual,0.8084
56667,Men,0.7111,Casual,0.995
56668,Men,0.8357,Casual,0.9923
56669,Men,0.6084,Casual,0.7561
56670,Men,0.9209,Casual,0.9175
56671,Men,0.9117,Casual,0.9554
56672,Men,0.8672,Casual,0.9758
56673,Men,0.4454,Casual,0.9115
56674,Men,0.9312,Casual,0.9552
56675,Men,0.8378,Casual,0.948
56676,Men,0.7374,Casual,0.9959
56677,Men,0.7731,Casual,0.9901
56678,Men,0.9812,Casual,0.9849
56679,Women,0.9931,Casual,0.8341
56680,Women,0.991,Casual,0.8452
56681,Men,0.8912,Casual,0.9803
56682,Men,0.8794,Casual,0.9603
56684,Women,1.0,Ethnic,0.9889
56685,Women,0.89,Ethnic,0.9935
56686,Women,1.0,Ethnic,0.9745
56687,Men,0.7052,Ethnic,0.7663
56688,Men,0.8459,Ethnic,0.7524
56689,Men,0.9842,Ethnic,0.674
56691,Men,0.8187,Ethnic,0.5032
56692,Men,0.8815,Casual,0.6012
56693,Men,0.9646,Casual,0.5205
56694,Men,0.9869,Casual,0.8749
56695,Men,1.0,Casual,0.9911
56696,Men,0.9958,Casual,0.9817
56697,Men,0.9914,Casual,0.935
56698,Men,0.9178,Casual,0.9712
56699,Men,0.8615,Casual,0.9381
56700,Men,0.9122,Casual,0.9527
56701,Men,0.979,Casual,0.9502
56702,Men,1.0,Casual,0.993
56703,Men,0.9763,Casual,0.9141
56704,Men,0.9768,Casual,0.8233
56705,Women,0.9998,Ethnic,0.9832
56709,Women,1.0,Ethnic,0.9077
56711,Women,0.9975,Ethnic,0.9182
56713,Women,1.0,Ethnic,0.9989
56714,Women,0.9913,Ethnic,0.9957
56715,Women,0.5487,Ethnic,0.9903
56718,Women,0.934,Ethnic,0.9977
56720,Men,0.9974,Casual,0.9994
56721,Men,0.9793,Casual,0.8503
56722,Men,0.9164,Casual,0.743
56723,Men,0.9973,Casual,0.9915
56724,Men,0.8801,Casual,0.9996
56725,Men,0.9972,Casual,0.9619
56733,Men,1.0,Casual,0.9991
56734,Men,0.5592,Casual,0.997
56736,Men,0.9998,Casual,0.9708
56752,Men,0.9992,Casual,0.9966
56753,Men,1.0,Casual,0.9966
56765,Men,0.9726,Casual,0.8779
56769,Men,0.9889,Casual,0.9917
56770,Men,1.0,Casual,0.9991
56771,Men,0.9412,Casual,0.9971
56787,Men,0.9993,Casual,0.9917
56795,Men,0.6465,Casual,0.9716
56798,Men,0.9551,Casual,0.9962
56805,Women,0.9997,Ethnic,0.9424
56806,Women,0.9997,Ethnic,0.6736
56807,Women,1.0,Casual,0.6517
56808,Women,1.0,Casual,0.5039
56809,Women,1.0,Ethnic,0.9538
56810,Women,0.9964,Ethnic,0.7272
56811,Women,1.0,Ethnic,0.9306
56812,Women,0.9999,Ethnic,0.7469
56813,Women,0.9992,Ethnic,0.9774
56814,Women,0.9985,Ethnic,0.6178
56815,Women,1.0,Ethnic,0.9335
56816,Men,0.9921,Casual,0.9959
56817,Women,0.8103,Casual,0.9709
56818,Men,0.9907,Casual,0.9266
56819,Men,0.9805,Casual,0.9896
56820,Men,0.9377,Casual,0.9945
56821,Men,0.9243,Casual,0.9404
56822,Men,0.9629,Casual,0.4386
56825,Men,0.9283,Casual,0.528
56827,Men,0.9277,Casual,0.972
56828,Women,0.7459,Casual,0.7928
56829,Men,0.8774,Casual,0.5647
56843,Men,0.5604,Casual,0.9553
56844,Men,0.9832,Casual,0.943
56845,Men,0.727,Casual,0.8478
56846,Men,0.9047,Casual,0.7491
56847,Men,0.9989,Casual,0.997
56849,Men,0.9941,Casual,0.8411
56850,Men,0.9998,Casual,0.9483
56852,Women,0.8753,Casual,0.9456
56854,Men,0.9437,Casual,0.7311
56855,Men,0.9998,Casual,0.7689
56856,Men,0.99,Casual,0.9999
56857,Unisex,0.3881,Casual,0.989
56858,Men,0.9336,Casual,0.9862
56859,Women,0.9879,Casual,0.8986
56860,Women,0.969,Casual,0.9887
56861,Women,0.9957,Casual,0.9752
56862,Women,0.9864,Casual,0.9747
56863,Women,0.9998,Casual,0.9931
56864,Women,0.9999,Casual,0.9992
56865,Women,0.9588,Casual,0.962
56866,Women,0.9474,Casual,0.9093
56867,Girls,0.4732,Casual,0.99
56868,Women,0.8419,Casual,0.9933
56869,Women,0.9866,Casual,0.9773
56870,Women,0.797,Casual,0.9856
56871,Women,0.9922,Casual,0.9938
56872,Women,0.9817,Casual,0.9929
56873,Men,0.5617,Casual,0.9371
56874,Women,0.9919,Casual,0.8929
56875,Women,0.6676,Casual,0.9909
56876,Women,0.9941,Casual,0.9802
56877,Women,0.9989,Casual,0.6082
56878,Women,0.9961,Casual,0.8003
56879,Women,0.9973,Casual,0.9994
56880,Women,0.9706,Casual,0.9971
56881,Women,0.9982,Casual,0.9908
56882,Women,0.9936,Casual,0.9666
56883,Women,0.9962,Casual,0.9649
56884,Women,0.9991,Casual,0.9809
56885,Women,0.9997,Casual,0.9967
56886,Women,0.9993,Casual,0.9981
56887,Women,0.9999,Casual,0.9731
56888,Women,0.9929,Casual,0.9963
56889,Women,0.9998,Casual,0.9806
56890,Women,0.9715,Casual,0.9926
56891,Women,0.981,Casual,0.9891
56893,Women,0.9826,Casual,0.9828
56894,Women,0.9714,Casual,0.9985
56895,Women,0.9822,Casual,0.9986
56896,Women,0.9998,Casual,0.9882
56897,Women,0.9997,Casual,0.8487
56898,Women,0.9986,Casual,0.923
56899,Women,0.9897,Casual,0.8734
56900,Women,0.9986,Casual,0.9864
56901,Women,0.9999,Casual,0.9978
56902,Women,0.9858,Casual,0.9847
56903,Women,0.998,Casual,0.953
56904,Women,0.9323,Casual,0.984
56905,Women,0.9714,Casual,0.9932
56906,Women,0.9785,Casual,0.984
56907,Women,0.9963,Casual,0.9207
56908,Women,0.9804,Casual,0.9892
56909,Women,0.9835,Casual,0.976
56910,Women,0.9965,Casual,0.9859
56911,Women,0.9856,Casual,0.9971
56912,Women,0.9036,Casual,0.9832
56913,Women,0.9732,Casual,0.9624
56914,Women,0.9968,Casual,0.9673
56915,Women,0.9894,Casual,0.9517
56916,Women,0.9547,Casual,0.9427
56917,Women,0.9977,Casual,0.9459
56918,Women,0.9999,Casual,0.9996
56919,Women,0.9998,Casual,0.9984
56920,Women,0.9914,Casual,0.8723
56921,Women,0.9995,Casual,0.9876
56922,Women,0.9965,Casual,0.9988
56923,Women,0.969,Casual,0.9898
56924,Women,0.9976,Casual,0.9832
56925,Women,0.9993,Casual,0.9994
56926,Women,0.9984,Casual,0.9986
56927,Women,0.9936,Casual,0.9935
56928,Women,0.9996,Casual,0.9574
56929,Women,0.9961,Casual,0.9979
56930,Women,0.9958,Casual,0.9795
56931,Women,0.9861,Casual,0.9846
56932,Women,0.9884,Casual,0.9819
56933,Unisex,0.5848,Casual,0.999
56934,Women,0.9992,Casual,0.9541
56935,Women,0.9955,Casual,0.9824
56936,Women,0.9991,Casual,0.9911
56937,Women,0.9788,Casual,0.9804
56938,Women,0.9691,Casual,0.7047
56939,Women,0.9966,Casual,0.9961
56940,Women,0.9866,Casual,0.9535
56941,Women,0.999,Casual,0.9479
56942,Women,0.9987,Casual,0.9388
56943,Women,0.967,Casual,0.9172
56944,Women,0.9999,Casual,0.6258
56945,Women,0.9986,Casual,0.9205
56946,Women,0.9979,Casual,0.9515
56947,Women,1.0,Casual,0.9148
56948,Women,0.9997,Casual,0.8364
56949,Women,0.9982,Casual,0.912
56950,Women,0.9995,Casual,0.8443
56951,Women,0.999,Casual,0.9981
56952,Women,0.9996,Casual,0.9976
56953,Women,0.9961,Casual,0.9796
56954,Women,0.993,Casual,0.9942
56955,Women,0.9976,Casual,0.9793
56956,Women,0.8298,Casual,0.9389
56957,Women,0.8524,Casual,0.9767
56958,Women,0.9139,Casual,0.9625
56959,Women,0.8034,Casual,0.9566
56960,Women,0.9966,Casual,0.9942
56961,Women,0.9499,Casual,0.9947
56962,Women,0.997,Casual,0.9387
56963,Women,0.9999,Casual,0.967
56964,Women,0.8996,Casual,0.9624
56965,Women,0.8511,Casual,0.9963
56966,Women,0.9887,Casual,0.9727
56967,Women,0.9789,Casual,0.9874
56968,Women,0.9054,Casual,0.8526
56969,Women,0.9056,Casual,0.8721
56970,Women,0.9312,Casual,0.9829
56971,Women,0.996,Casual,0.9665
56972,Women,0.9855,Casual,0.944
56973,Women,0.7178,Casual,0.9133
56974,Women,0.9967,Casual,0.945
56975,Women,0.9925,Casual,0.8986
56976,Women,0.9961,Casual,0.9766
56977,Women,0.9977,Casual,0.9821
56978,Women,0.9821,Casual,0.9979
56979,Women,0.9945,Casual,0.9986
56980,Women,0.9868,Casual,0.9775
56981,Women,0.9947,Casual,0.9891
56982,Women,0.9825,Casual,0.9931
56983,Women,0.9843,Casual,0.9979
56984,Women,0.9852,Casual,0.9985
56985,Women,0.9998,Casual,0.9809
56986,Women,0.9989,Casual,0.9894
56987,Women,0.9957,Casual,0.9887
56988,Women,0.9983,Casual,0.8071
56989,Women,0.9769,Casual,0.98
56990,Women,0.9997,Casual,0.5453
56991,Women,0.9854,Casual,0.9901
56992,Women,0.9978,Casual,0.9901
56993,Women,0.9968,Casual,0.9405
56994,Women,0.9914,Casual,0.9471
56995,Women,0.9988,Casual,0.9686
56996,Women,0.9839,Casual,0.8972
56997,Women,0.9766,Casual,0.9935
56998,Women,0.6006,Casual,0.9231
56999,Women,0.998,Casual,0.9819
57000,Women,0.9744,Casual,0.9753
57001,Women,0.961,Casual,0.9971
57002,Women,0.5491,Casual,0.9903
57003,Women,0.9672,Casual,0.9804
57004,Women,0.9806,Casual,0.9932
57005,Women,0.9878,Casual,0.9581
57006,Women,0.9775,Casual,0.9362
57007,Women,0.9996,Casual,0.914
57008,Women,0.999,Casual,0.9963
57009,Women,0.9955,Casual,0.999
57010,Women,0.9974,Casual,0.9634
57011,Women,0.8823,Casual,0.9799
57012,Women,0.98,Casual,0.9812
57013,Women,0.9966,Casual,0.9939
57014,Women,0.9984,Casual,0.9681
57015,Men,0.9471,Casual,0.9846
57016,Men,0.9633,Casual,0.9933
57017,Men,0.9999,Casual,0.9997
57018,Men,0.9014,Casual,0.9754
57019,Men,0.8936,Casual,0.9397
57021,Men,0.9644,Casual,0.9959
57022,Men,0.9672,Casual,0.9848
57023,Men,0.9606,Casual,0.9987
57024,Men,0.9839,Casual,0.9963
57025,Men,0.973,Casual,0.9965
57026,Men,0.9409,Casual,0.9994
57027,Men,0.9508,Casual,0.9925
57028,Men,0.5201,Casual,0.8544
57029,Women,0.8962,Casual,0.9924
57030,Women,0.8933,Casual,0.9064
57031,Women,0.9998,Casual,0.595
57032,Women,0.8344,Casual,0.8872
57033,Women,0.5195,Casual,0.8186
57034,Women,0.9722,Casual,0.9915
57035,Women,1.0,Casual,0.5355
57036,Women,0.9983,Ethnic,0.7547
57037,Women,1.0,Casual,0.7127
57038,Women,1.0,Casual,0.8867
57039,Women,0.9999,Casual,0.697
57040,Women,1.0,Casual,0.8327
57041,Women,1.0,Casual,0.9442
57042,Women,0.931,Casual,0.8809
57043,Women,0.9709,Casual,0.9678
57044,Women,1.0,Casual,0.7907
57045,Women,1.0,Casual,0.9522
57046,Women,1.0,Ethnic,0.5858
57047,Women,1.0,Ethnic,0.6806
57048,Women,1.0,Casual,0.5227
57049,Women,0.9999,Casual,0.7575
57050,Women,1.0,Casual,0.7779
57051,Women,0.9973,Casual,0.8384
57052,Women,1.0,Ethnic,0.9721
57053,Women,0.9993,Ethnic,0.926
57054,Women,1.0,Casual,0.7684
57055,Women,0.9987,Casual,0.9546
57056,Women,1.0,Casual,0.9306
57057,Women,0.7095,Ethnic,0.6998
57058,Women,1.0,Casual,0.9185
57059,Women,1.0,Casual,0.7566
57060,Women,1.0,Casual,0.937
57061,Women,1.0,Casual,0.7737
57062,Women,0.9941,Casual,0.9755
57063,Women,0.7062,Casual,0.7504
57064,Women,0.9977,Casual,0.8456
57065,Women,0.9998,Casual,0.8707
57066,Women,0.7157,Casual,0.8667
57067,Women,0.9999,Casual,0.7717
57068,Women,0.9982,Casual,0.8969
57069,Women,0.9988,Casual,0.9885
57070,Women,0.999,Casual,0.4822
57071,Women,1.0,Casual,0.7859
57072,Women,0.958,Casual,0.816
57073,Women,0.9981,Casual,0.5832
57074,Women,0.9999,Casual,0.9963
57075,Women,0.9952,Casual,0.6823
57076,Women,0.9999,Casual,0.9948
57077,Women,0.9577,Casual,0.9897
57078,Men,0.8483,Casual,0.434
57079,Women,1.0,Casual,0.9971
57080,Women,0.9984,Casual,0.9645
57081,Women,0.9823,Casual,0.9141
57082,Women,0.9512,Casual,0.873
57083,Women,0.9895,Casual,0.8978
57084,Women,0.997,Casual,0.7535
57085,Women,0.9143,Casual,0.4281
57086,Women,0.9862,Casual,0.8188
57087,Women,1.0,Casual,0.64
57088,Women,0.9891,Formal,0.631
57089,Women,0.9985,Ethnic,0.483
57090,Women,0.9987,Casual,0.3409
57091,Women,0.9321,Casual,0.8984
57092,Women,1.0,Casual,0.5964
57093,Women,0.9946,Casual,0.9753
57094,Women,0.9971,Casual,0.5667
57095,Women,0.9999,Casual,0.8886
57096,Women,0.4923,Ethnic,0.8347
57097,Women,0.9996,Casual,0.9785
57099,Women,0.5661,Casual,0.9309
57100,Women,1.0,Casual,0.9623
57101,Women,0.9975,Casual,0.9811
57102,Women,0.9741,Casual,0.8113
57103,Women,1.0,Casual,0.8371
57104,Men,0.5369,Casual,0.9965
57105,Women,1.0,Casual,0.9184
57106,Women,0.9996,Casual,0.974
57107,Women,0.6565,Casual,0.9913
57108,Women,0.9905,Casual,0.8171
57109,Women,0.708,Casual,0.7689
57110,Men,0.5719,Casual,0.749
57111,Women,0.9991,Casual,0.8598
57112,Women,0.995,Casual,0.9815
57114,Women,1.0,Casual,0.9861
57115,Women,1.0,Casual,0.9765
57116,Women,1.0,Casual,0.999
57117,Women,0.9999,Casual,0.9466
57118,Women,0.9979,Casual,0.8414
57119,Women,1.0,Casual,0.9996
57120,Women,1.0,Casual,0.9317
57121,Women,0.9908,Casual,0.8741
57122,Women,0.9981,Casual,0.9991
57123,Women,1.0,Casual,0.7927
57124,Women,1.0,Casual,0.906
57125,Women,0.9968,Casual,0.9801
57126,Women,1.0,Casual,0.9116
57127,Women,0.9999,Casual,0.8861
57128,Women,0.9995,Casual,0.9796
57129,Women,1.0,Casual,0.9839
57130,Women,0.9997,Casual,0.9908
57131,Women,0.9936,Casual,0.967
57132,Women,0.9132,Casual,0.9427
57133,Women,0.9994,Casual,0.5589
57134,Women,0.9997,Casual,0.998
57135,Women,0.9812,Casual,0.8079
57136,Women,0.9971,Casual,0.9902
57137,Women,0.5838,Casual,0.9943
57138,Women,0.9988,Casual,0.626
57139,Women,0.7926,Casual,0.4268
57140,Women,0.9935,Casual,0.9947
57141,Women,0.5718,Casual,0.9164
57142,Women,0.9916,Casual,0.9956
57143,Women,1.0,Casual,0.9376
57144,Women,0.9997,Casual,0.9837
57145,Women,1.0,Casual,0.9984
57146,Women,0.9979,Casual,0.9867
57147,Women,0.9774,Casual,0.5235
57148,Women,1.0,Casual,0.9768
57149,Women,1.0,Casual,0.9909
57150,Women,0.9711,Casual,0.8997
57151,Women,1.0,Casual,0.7636
57152,Women,1.0,Casual,0.9553
57153,Women,1.0,Casual,0.9917
57154,Women,1.0,Casual,0.983
57155,Women,1.0,Ethnic,0.783
57156,Women,1.0,Casual,0.9448
57157,Women,1.0,Casual,0.9953
57158,Women,0.9999,Casual,0.993
57159,Women,0.9475,Casual,0.8895
57160,Women,1.0,Casual,0.9958
57161,Women,0.9997,Casual,0.9946
57162,Women,0.9991,Casual,0.9523
57163,Women,1.0,Casual,0.9968
57164,Women,1.0,Casual,0.9912
57165,Women,1.0,Casual,0.9598
57166,Women,0.9996,Casual,0.8931
57167,Women,0.9078,Casual,0.9959
57168,Women,1.0,Casual,0.9677
57169,Women,1.0,Casual,0.9833
57170,Women,0.9966,Casual,0.9923
57171,Women,0.9879,Casual,0.9842
57172,Women,0.9936,Casual,0.9716
57173,Women,0.9916,Casual,0.7606
57174,Women,1.0,Casual,0.9685
57175,Women,0.9994,Casual,0.9031
57176,Women,1.0,Casual,0.9441
57177,Women,0.8179,Ethnic,0.9785
57178,Women,1.0,Casual,0.9737
57179,Men,0.6463,Casual,0.9133
57180,Women,0.9572,Casual,0.9255
57181,Women,0.9999,Casual,0.7997
57182,Women,1.0,Ethnic,0.8909
57183,Women,0.9998,Casual,0.902
57184,Women,1.0,Casual,0.9673
57185,Women,1.0,Ethnic,0.5202
57186,Women,1.0,Casual,0.6239
57187,Women,1.0,Casual,0.9236
57188,Women,1.0,Ethnic,0.9341
57189,Women,0.9997,Casual,0.8952
57190,Women,0.9963,Casual,0.9451
57191,Women,1.0,Casual,0.9621
57192,Men,0.4944,Casual,0.8677
57193,Women,1.0,Casual,0.8589
57194,Women,1.0,Casual,0.991
57195,Women,0.8327,Casual,0.7337
57196,Women,0.9998,Ethnic,0.6606
57197,Women,1.0,Casual,0.9575
57198,Women,0.9997,Ethnic,0.5973
57199,Women,0.9975,Casual,0.8425
57200,Women,0.9951,Casual,0.8634
57201,Women,1.0,Casual,0.8772
57202,Women,1.0,Casual,0.9855
57203,Women,0.9645,Ethnic,0.5992
57204,Women,0.9869,Casual,0.9816
57205,Women,0.684,Casual,0.8593
57207,Women,0.6795,Casual,0.9511
57208,Women,0.9482,Casual,0.8703
57209,Women,0.9654,Casual,0.9966
57210,Women,0.9951,Casual,0.932
57211,Women,0.7787,Casual,0.9999
57212,Women,0.9953,Casual,0.9981
57213,Women,0.9826,Casual,0.9619
57214,Women,0.9985,Casual,0.9973
57215,Women,0.9741,Casual,0.9932
57216,Men,0.5707,Casual,0.9419
57217,Women,0.9997,Casual,0.7269
57218,Women,0.9993,Casual,0.9988
57225,Women,1.0,Casual,0.9964
57226,Women,0.9666,Casual,0.9976
57229,Women,0.9975,Casual,0.9959
57230,Women,0.9993,Casual,0.9964
57231,Women,0.9908,Casual,0.9956
57235,Women,0.9995,Casual,0.9954
57236,Women,0.9989,Casual,0.9951
57237,Women,0.9989,Casual,0.9941
57238,Women,0.9817,Casual,0.9829
57239,Women,0.8768,Casual,0.9962
57240,Women,0.9549,Casual,0.997
57241,Women,0.9701,Casual,0.9983
57242,Women,0.6139,Casual,0.9221
57243,Women,0.9852,Casual,0.9995
57244,Women,0.9984,Casual,0.9989
57246,Women,0.9994,Casual,0.9993
57247,Women,0.9953,Casual,0.9986
57252,Women,0.9256,Casual,0.9973
57253,Women,0.9999,Casual,0.991
57254,Women,0.9998,Casual,0.9969
57255,Women,0.8812,Casual,0.9857
57256,Women,0.9973,Casual,0.9958
57258,Women,0.9974,Casual,0.9857
57259,Women,0.9998,Casual,0.9984
57261,Women,0.998,Casual,0.9958
57262,Women,0.9295,Casual,0.9994
57263,Women,0.89,Casual,0.9849
57264,Women,0.9987,Casual,0.9803
57266,Women,0.9986,Casual,0.9962
57268,Men,0.9972,Casual,0.9885
57273,Men,0.9617,Casual,0.7436
57274,Men,0.9999,Casual,0.9083
57275,Men,0.9876,Casual,0.9243
57276,Men,0.9981,Casual,0.9984
57277,Men,0.9899,Casual,0.6082
57280,Men,0.9546,Casual,0.9654
57281,Men,0.7301,Casual,0.5278
57282,Men,0.9813,Casual,0.9761
57283,Men,0.9436,Casual,0.7488
57284,Men,0.8891,Casual,0.9757
57285,Men,0.9955,Casual,0.8094
57286,Men,1.0,Casual,0.976
57287,Men,0.9947,Casual,0.653
57288,Men,0.9992,Casual,0.9664
57289,Men,0.9795,Casual,0.8169
57290,Men,0.8583,Casual,0.9817
57291,Men,0.982,Casual,0.9776
57292,Men,0.9493,Casual,0.8188
57293,Men,0.9335,Ethnic,0.6655
57294,Men,0.9999,Casual,0.9591
57295,Men,1.0,Casual,0.5881
57296,Men,0.8012,Casual,0.9996
57297,Men,0.9901,Casual,0.9972
57298,Women,0.9979,Casual,0.987
57299,Women,0.9999,Casual,0.9983
57300,Women,0.9998,Casual,1.0
57301,Women,0.9995,Casual,0.9995
57302,Women,0.9735,Casual,0.9998
57303,Women,0.9834,Casual,0.9995
57304,Women,1.0,Casual,0.954
57305,Women,0.9991,Casual,0.9959
57306,Women,0.9983,Casual,0.9911
57307,Women,0.9878,Casual,0.9713
57308,Women,0.9938,Casual,0.9443
57309,Women,0.9932,Casual,0.9967
57310,Men,1.0,Casual,0.9872
57311,Women,0.9295,Casual,0.9249
57312,Women,0.7221,Casual,0.9949
57313,Women,0.6786,Casual,0.9572
57316,Women,0.7504,Casual,0.9367
57318,Women,0.8857,Sports,0.69
57319,Women,0.9545,Casual,0.8907
57320,Women,0.9955,Sports,0.4894
57321,Women,0.4163,Casual,0.967
57322,Women,0.7627,Casual,0.9277
57323,Women,0.9949,Casual,0.7855
57324,Women,0.9722,Casual,0.7263
57325,Women,0.9996,Casual,0.7585
57326,Women,0.8986,Casual,0.8928
57327,Women,0.9918,Casual,0.8424
57328,Women,0.997,Casual,0.8713
57329,Women,0.9793,Casual,0.8556
57330,Women,0.9363,Casual,0.9365
57331,Women,0.9646,Casual,0.8626
57333,Women,0.816,Casual,0.835
57334,Women,0.9984,Casual,0.7941
57335,Women,0.9836,Casual,0.8895
57336,Women,0.9933,Casual,0.9016
57338,Women,0.9936,Casual,0.9354
57339,Women,0.8657,Casual,0.9845
57340,Women,0.9931,Casual,0.8222
57342,Women,0.7338,Casual,0.8795
57343,Women,0.999,Casual,0.8859
57344,Women,0.9749,Casual,0.9246
57345,Women,0.9993,Casual,0.8399
57346,Women,0.9736,Casual,0.9547
57347,Women,0.9284,Casual,0.7594
57348,Women,0.9953,Casual,0.7911
57349,Women,0.996,Casual,0.8799
57350,Women,0.8253,Casual,0.8695
57351,Women,0.9643,Casual,0.8182
57352,Women,0.8992,Casual,0.9254
57353,Women,0.9979,Casual,0.887
57354,Women,0.5232,Casual,0.9014
57355,Women,0.9757,Casual,0.894
57356,Women,0.9818,Casual,0.7801
57357,Women,0.9993,Casual,0.9096
57358,Women,0.5437,Casual,0.9189
57359,Women,0.8804,Casual,0.856
57360,Women,0.6435,Casual,0.8222
57361,Women,0.9937,Casual,0.9067
57362,Women,0.7102,Casual,0.8724
57363,Women,0.5687,Casual,0.5997
57365,Women,0.6274,Casual,0.9886
57366,Women,0.7958,Casual,0.9889
57367,Women,0.6865,Casual,0.9383
57368,Men,0.7116,Casual,0.9982
57369,Women,0.4968,Casual,0.9903
57370,Women,0.95,Casual,0.9735
57371,Women,0.6918,Casual,0.9889
57372,Women,0.6589,Casual,0.9825
57373,Men,0.4918,Casual,0.9941
57374,Men,0.5477,Casual,0.9785
57375,Women,0.7449,Casual,0.9785
57376,Men,0.4232,Casual,0.9144
57378,Women,0.6607,Casual,0.9856
57379,Women,0.7057,Casual,0.9776
57380,Women,0.8068,Casual,0.96
57382,Women,0.7104,Casual,0.9971
57383,Women,0.8365,Casual,0.9977
57384,Women,0.7183,Casual,0.9942
57388,Men,0.7978,Casual,0.9982
57389,Women,0.5673,Casual,0.9995
57390,Women,0.8436,Casual,0.9907
57391,Women,0.7224,Casual,0.9768
57392,Women,0.7477,Casual,0.9782
57393,Men,0.5879,Casual,0.9783
57395,Women,0.7208,Casual,0.9959
57397,Women,0.6632,Casual,0.9795
57398,Women,0.762,Casual,0.9922
57399,Women,0.844,Casual,0.9855
57400,Women,0.9095,Casual,0.9727
57401,Men,0.6881,Casual,0.9883
57402,Women,0.8945,Casual,0.9571
57403,Women,0.8111,Casual,0.995
57404,Women,0.7225,Casual,0.9748
57405,Women,0.7676,Casual,0.9787
57406,Women,0.8269,Casual,0.9645
57407,Women,0.7678,Casual,0.9939
57408,Women,0.7483,Casual,0.9962
57409,Women,0.5939,Casual,0.9819
57410,Women,0.5676,Casual,0.9912
57411,Women,0.5592,Casual,0.9894
57412,Women,0.6124,Casual,0.9832
57413,Women,0.7712,Casual,0.9767
57414,Men,0.5405,Casual,0.9975
57415,Women,0.6267,Casual,0.9672
57416,Women,0.9997,Casual,0.9012
57418,Women,1.0,Casual,0.9797
57419,Women,1.0,Casual,0.901
57420,Women,0.9968,Casual,0.8339
57421,Women,0.9992,Casual,0.9373
57422,Women,0.9989,Casual,0.9877
57423,Women,0.993,Casual,0.8077
57424,Women,1.0,Casual,0.9676
57425,Women,0.9969,Casual,0.9818
57426,Women,1.0,Casual,0.9927
57427,Women,0.9996,Casual,0.8048
57428,Women,1.0,Casual,0.9301
57429,Women,0.9999,Casual,0.9445
57430,Women,0.9997,Casual,0.8537
57431,Women,0.9999,Casual,0.642
57432,Women,0.9998,Casual,0.94
57433,Women,0.9999,Casual,0.8707
57434,Women,0.9883,Casual,0.8859
57435,Women,0.9999,Casual,0.9911
57436,Women,0.9978,Casual,0.9476
57437,Women,0.9995,Casual,0.9307
57438,Women,0.9999,Casual,0.9607
57439,Women,0.9999,Casual,0.8418
57440,Women,0.9975,Casual,0.6494
57441,Women,0.9021,Casual,0.9932
57442,Women,1.0,Casual,0.9986
57443,Women,0.9995,Casual,0.9982
57444,Women,0.9978,Casual,0.9949
57445,Women,0.8051,Casual,0.8185
57446,Women,0.9936,Casual,0.8711
57447,Women,0.9705,Casual,0.9975
57448,Women,0.9988,Casual,0.9922
57449,Women,0.9959,Casual,0.7696
57450,Women,1.0,Casual,0.9011
57457,Women,0.7921,Casual,0.9876
57458,Women,0.955,Casual,0.9878
57459,Women,0.8185,Casual,0.9938
57462,Women,0.9965,Casual,0.999
57463,Men,0.746,Formal,0.4997
57466,Men,0.5863,Casual,0.9954
57467,Unisex,0.8766,Casual,0.998
57468,Men,0.9977,Casual,0.9981
57469,Men,0.9553,Casual,0.9987
57470,Unisex,0.7119,Casual,0.9972
57471,Men,0.8072,Casual,0.9833
57475,Men,0.9796,Casual,0.9893
57476,Men,0.994,Casual,0.8387
57477,Men,0.6071,Casual,0.5556
57478,Men,0.9119,Casual,0.9532
57479,Men,0.4934,Casual,0.6717
57480,Men,0.7391,Casual,0.6143
57481,Unisex,0.6737,Casual,0.9511
57482,Men,0.9828,Casual,0.8989
57483,Men,0.9635,Casual,0.8669
57484,Men,0.8425,Casual,0.9953
57487,Men,0.9991,Formal,0.9166
57488,Men,0.9554,Casual,0.5762
57489,Men,0.9384,Casual,0.5755
57490,Men,0.9481,Casual,0.4484
57491,Men,0.9948,Casual,0.5985
57492,Men,0.967,Formal,0.9405
57493,Men,0.8187,Formal,0.7515
57494,Men,0.9883,Formal,0.8473
57495,Men,0.9996,Formal,0.8949
57496,Men,0.9998,Formal,0.9723
57497,Men,0.9983,Formal,0.8515
57498,Men,0.9574,Formal,0.9721
57499,Men,0.9724,Formal,0.9241
57500,Men,0.9582,Casual,0.9987
57501,Men,0.993,Casual,0.9988
57502,Men,0.9983,Casual,0.9948
57503,Men,0.9726,Casual,0.9925
57504,Men,0.9988,Casual,0.9983
57505,Men,0.9999,Casual,0.9899
57506,Men,0.989,Casual,0.9468
57507,Men,0.9949,Casual,0.7485
57508,Men,0.9904,Casual,0.9959
57509,Men,0.9037,Formal,0.6586
57510,Men,0.9921,Casual,0.8243
57511,Men,0.9661,Formal,0.7991
57512,Men,0.9858,Formal,0.8886
57513,Men,0.9999,Formal,0.9855
57514,Men,0.9834,Formal,0.8949
57515,Men,0.9883,Formal,0.9444
57516,Men,0.9895,Formal,0.9037
57517,Men,0.9894,Casual,0.5957
57518,Men,1.0,Formal,0.8127
57519,Men,0.9516,Formal,0.6991
57520,Men,0.8306,Formal,0.8006
57521,Men,0.9974,Formal,0.6772
57522,Men,0.9985,Casual,0.9509
57523,Men,0.9795,Casual,0.597
57524,Men,0.9847,Casual,0.5532
57525,Men,0.9861,Casual,0.906
57526,Men,0.9803,Formal,0.9173
57527,Men,0.9877,Casual,0.5985
57528,Men,0.998,Formal,0.8555
57529,Men,0.9988,Casual,0.8602
57530,Men,0.883,Formal,0.7112
57531,Men,0.9387,Formal,0.8707
57532,Men,0.9726,Formal,0.7227
57533,Men,0.9981,Formal,0.7903
57534,Men,0.7722,Casual,0.9262
57536,Women,0.9246,Casual,0.9082
57539,Men,0.9544,Casual,0.9702
57543,Women,0.9967,Casual,0.9274
57544,Women,0.99,Casual,0.9371
57545,Women,0.9907,Casual,0.9536
57547,Women,0.9871,Casual,0.9885
57548,Women,0.9952,Casual,0.9222
57549,Women,0.9671,Casual,0.9083
57550,Men,0.5533,Casual,0.9971
57552,Men,0.6243,Casual,0.9608
57553,Men,0.6995,Casual,0.9573
57554,Men,0.6787,Casual,0.9551
57555,Men,0.6531,Casual,0.9592
57556,Men,0.6182,Casual,0.9606
57557,Men,0.6204,Casual,0.9609
57558,Men,0.669,Casual,0.9553
57559,Men,0.6754,Casual,0.9604
57560,Women,0.9149,Casual,0.9861
57561,Women,0.8644,Casual,0.7724
57562,Women,0.9591,Casual,0.9548
57563,Women,0.9969,Casual,0.5014
57566,Women,0.9517,Casual,0.954
57567,Women,0.7723,Casual,0.821
57568,Women,0.9355,Casual,0.9541
57569,Women,0.9764,Casual,0.9606
57570,Women,0.9735,Casual,0.9598
57571,Women,0.9523,Casual,0.9648
57572,Women,0.9836,Casual,0.8744
57573,Women,0.9757,Casual,0.9725
57574,Women,0.9051,Casual,0.9574
57575,Women,0.9685,Casual,0.5091
57576,Women,0.9868,Casual,0.7797
57577,Women,0.9356,Casual,0.9559
57578,Women,0.9575,Casual,0.9469
57579,Women,0.9451,Casual,0.9572
57580,Women,0.8027,Casual,0.9776
57581,Women,0.9639,Casual,0.8769
57582,Women,0.7934,Casual,0.6328
57583,Women,0.8997,Casual,0.8755
57584,Women,0.9609,Casual,0.8349
57586,Women,0.9384,Casual,0.9129
57587,Women,0.9612,Casual,0.8578
57588,Women,0.8937,Casual,0.7241
57589,Women,0.964,Casual,0.8415
57591,Women,0.8991,Casual,0.7319
57592,Women,0.9215,Casual,0.781
57593,Women,0.9661,Casual,0.8466
57594,Women,0.9699,Casual,0.8727
57595,Women,0.9648,Casual,0.841
57596,Women,0.9112,Casual,0.726
57597,Women,0.9689,Casual,0.8508
57598,Women,0.9257,Casual,0.9398
57599,Women,0.8894,Casual,0.8734
57600,Women,0.9024,Casual,0.8814
57601,Women,0.8947,Casual,0.8835
57603,Women,0.9418,Casual,0.864
57604,Women,0.9426,Casual,0.9436
57605,Women,0.9635,Casual,0.8454
57606,Women,0.9233,Casual,0.9005
57607,Women,0.9772,Casual,0.9892
57608,Women,0.9656,Casual,0.9972
57609,Men,0.8418,Casual,0.8981
57610,Men,0.8518,Casual,0.9549
57611,Men,0.7485,Casual,0.9817
57613,Girls,0.5087,Casual,0.718
57614,Men,0.859,Casual,0.924
57615,Girls,0.6615,Casual,0.9945
57616,Women,0.9142,Casual,0.9901
57617,Men,0.6809,Casual,0.9788
57619,Girls,0.2501,Casual,0.9646
57620,Women,0.9903,Casual,0.9689
57621,Women,0.8006,Casual,0.9558
57622,Men,0.3229,Casual,0.9965
57623,Women,0.3727,Casual,0.9803
57624,Women,0.8745,Casual,0.985
57625,Girls,0.8059,Casual,0.99
57627,Women,0.9612,Casual,0.9863
57628,Women,0.3938,Casual,0.989
57629,Women,0.9674,Casual,0.9981
57630,Women,0.6523,Casual,0.9337
57631,Men,0.85,Casual,0.9831
57632,Women,0.9675,Casual,0.9975
57633,Women,0.9828,Casual,0.9977
57634,Women,0.9323,Casual,0.9981
57635,Women,0.5767,Casual,0.9797
57636,Women,0.9877,Casual,0.9979
57637,Women,0.9885,Casual,0.9981
57638,Women,0.9835,Casual,0.9686
57639,Women,0.8601,Casual,0.9906
57640,Men,0.7127,Casual,0.9176
57642,Women,0.9708,Casual,0.998
57643,Women,0.9541,Casual,0.9901
57644,Men,0.9616,Casual,0.9549
57645,Men,0.7913,Casual,0.927
57646,Men,0.5316,Casual,0.9777
57647,Men,0.8203,Casual,0.9491
57649,Men,0.5001,Casual,0.9722
57650,Women,0.5213,Casual,0.9927
57651,Women,0.9545,Casual,0.9974
57652,Women,0.5237,Casual,0.9787
57653,Men,0.5973,Casual,0.9817
57654,Women,0.9691,Casual,0.9982
57655,Men,0.7781,Casual,0.9888
57656,Women,0.9704,Casual,0.9816
57657,Women,0.6868,Casual,0.9147
57658,Women,0.9368,Casual,0.9962
57660,Men,0.9687,Casual,0.9569
57661,Men,0.615,Casual,0.9901
57662,Men,0.9665,Casual,0.965
57664,Women,0.945,Casual,0.9297
57667,Women,0.845,Casual,0.9772
57668,Women,0.9116,Casual,0.9968
57669,Men,0.7372,Casual,0.9456
57670,Men,0.7413,Casual,0.9789
57671,Men,0.6351,Casual,0.9827
57672,Men,0.7187,Casual,0.978
57673,Women,0.9607,Casual,0.8048
57674,Women,0.7835,Casual,0.941
57675,Women,0.9716,Casual,0.999
57676,Men,0.5543,Casual,0.8857
57677,Women,0.6371,Casual,0.9627
57678,Men,0.7662,Casual,0.904
57679,Women,0.901,Casual,0.9973
57681,Women,0.72,Casual,0.9887
57683,Women,0.8158,Casual,0.9975
57685,Women,0.7007,Casual,0.9865
57687,Women,0.8944,Casual,0.9951
57689,Women,0.9431,Casual,0.9811
57690,Women,0.9928,Casual,0.9943
57691,Women,0.9837,Casual,0.9792
57692,Women,0.9022,Casual,0.9941
57694,Women,0.9772,Casual,0.9907
57696,Women,0.8046,Casual,0.714
57697,Women,0.8962,Casual,0.9172
57698,Women,0.8835,Casual,0.9608
57699,Women,0.9204,Casual,0.9652
57700,Women,0.4717,Casual,0.7856
57701,Women,0.5648,Casual,0.7636
57702,Women,0.8985,Casual,0.995
57703,Boys,0.3956,Casual,0.9975
57704,Women,0.6728,Casual,0.9975
57705,Women,0.8737,Casual,0.9994
57706,Women,0.6214,Casual,0.6827
57707,Women,0.8812,Casual,0.9495
57708,Women,0.8331,Casual,0.9702
57709,Women,0.8105,Casual,0.9689
57710,Women,0.8253,Casual,0.9702
57711,Women,0.814,Casual,0.9612
57712,Women,0.8265,Casual,0.9596
57713,Women,0.9585,Casual,0.8494
57714,Women,0.9762,Casual,0.9494
57715,Women,0.9079,Casual,0.8995
57716,Women,0.8619,Casual,0.8624
57717,Women,0.9767,Casual,0.8385
57718,Women,0.8499,Casual,0.9124
57719,Women,0.9138,Casual,0.9305
57720,Women,0.9919,Casual,0.9334
57721,Women,0.8643,Casual,0.8615
57724,Women,0.8168,Casual,0.9773
57725,Women,0.9715,Casual,0.8295
57727,Men,0.6735,Casual,0.9569
57728,Women,0.8057,Casual,0.9551
57729,Women,0.8637,Casual,0.971
57730,Women,0.4969,Casual,0.9988
57731,Women,0.6084,Casual,0.9255
57732,Women,0.6196,Casual,0.9556
57733,Women,0.836,Casual,0.9538
57734,Women,0.8932,Casual,0.9598
57735,Women,0.4451,Casual,0.9713
57736,Women,0.7781,Casual,0.9426
57737,Women,0.8023,Casual,0.9211
57738,Women,0.602,Casual,0.9587
57739,Women,0.7864,Casual,0.9937
57740,Women,0.8268,Casual,0.9851
57741,Women,0.7933,Casual,0.9945
57742,Women,0.7447,Casual,0.9929
57743,Women,0.8172,Casual,0.9882
57744,Women,0.7724,Casual,0.9905
57745,Women,0.9437,Casual,0.8617
57746,Women,0.9482,Casual,0.8606
57747,Women,0.9484,Casual,0.8587
57749,Women,0.756,Casual,0.9768
57750,Women,0.7549,Casual,0.9777
57752,Women,0.9645,Casual,0.9852
57753,Women,0.9875,Casual,0.9962
57754,Men,0.642,Casual,0.9946
57755,Women,0.9589,Casual,0.9977
57756,Women,0.5209,Casual,0.9995
57757,Women,0.9994,Casual,0.9964
57758,Women,0.8222,Casual,0.999
57759,Women,0.9899,Casual,0.9988
57760,Women,0.9973,Casual,0.9982
57761,Women,0.8054,Casual,0.9979
57762,Women,0.9689,Casual,0.9952
57763,Girls,0.6647,Casual,0.9417
57764,Women,0.7395,Casual,0.9941
57765,Women,0.9785,Casual,0.9954
57766,Women,0.9592,Casual,0.9548
57767,Men,0.5361,Casual,0.9762
57768,Men,0.5018,Casual,0.9981
57770,Girls,0.3465,Casual,0.9959
57771,Women,0.9922,Casual,0.9929
57772,Women,0.8526,Casual,0.9991
57773,Women,0.4769,Casual,0.9651
57774,Women,0.9349,Casual,0.994
57776,Unisex,0.3637,Casual,0.9708
57777,Boys,0.2759,Casual,0.9982
57778,Boys,0.4432,Casual,0.9786
57779,Boys,0.4753,Casual,0.9801
57780,Women,0.6052,Casual,0.9408
57781,Women,0.5088,Casual,0.7399
57782,Women,0.8436,Casual,0.8087
57783,Women,0.2917,Casual,0.8855
57784,Women,0.6994,Casual,0.9662
57785,Women,0.6606,Casual,0.9671
57786,Women,0.565,Casual,0.9758
57787,Women,0.8107,Casual,0.9881
57788,Women,0.7857,Casual,0.9846
57789,Women,0.7979,Casual,0.987
57790,Women,0.7122,Casual,0.9797
57791,Women,0.9504,Casual,0.9552
57792,Women,0.9051,Casual,0.9525
57793,Women,0.9476,Casual,0.953
57794,Men,0.6085,Casual,0.8895
57795,Women,0.6346,Casual,0.8327
57796,Women,0.4822,Casual,0.9616
57798,Women,0.9854,Casual,0.9953
57800,Women,0.8912,Casual,0.9984
57801,Women,0.4465,Casual,0.9996
57802,Women,0.8229,Casual,0.9555
57803,Unisex,0.4657,Casual,0.8307
57804,Men,0.3665,Casual,0.9982
57805,Unisex,0.4769,Casual,0.9922
57810,Women,1.0,Casual,0.9701
57811,Women,1.0,Casual,0.9766
57812,Women,0.9998,Casual,0.8812
57815,Women,0.9999,Casual,0.9831
57816,Women,1.0,Casual,0.9953
57817,Women,1.0,Casual,0.9436
57818,Women,1.0,Casual,0.9328
57819,Women,1.0,Ethnic,0.8194
57820,Women,1.0,Casual,0.9756
57823,Women,0.9995,Casual,0.6278
57824,Women,0.9982,Casual,0.9223
57832,Women,1.0,Casual,0.9047
57833,Men,0.9985,Casual,0.9914
57834,Men,0.9004,Casual,0.9881
57835,Women,0.8574,Casual,0.961
57836,Men,0.5121,Casual,0.844
57837,Unisex,0.7281,Casual,0.9373
57838,Women,0.4085,Casual,0.9702
57845,Unisex,0.5836,Casual,0.9878
57846,Women,0.9681,Casual,0.9964
57847,Unisex,0.7745,Casual,0.9726
57849,Women,0.9997,Casual,0.9926
57850,Women,0.9996,Casual,0.9942
57851,Women,0.9661,Casual,0.6782
57852,Women,0.9999,Casual,0.9933
57853,Women,0.9976,Casual,0.9948
57854,Women,0.9618,Casual,0.9943
57855,Women,0.9805,Casual,0.9875
57856,Women,0.994,Casual,0.9894
57857,Women,0.9939,Casual,0.9758
57858,Women,0.9984,Casual,0.9924
57859,Men,0.5698,Casual,0.9918
57860,Women,0.6651,Casual,0.9984
57861,Men,0.6029,Casual,0.999
57862,Men,0.4745,Casual,0.9953
57863,Girls,0.4472,Casual,0.9993
57864,Boys,0.3405,Casual,0.9992
57865,Men,0.6474,Casual,0.9973
57866,Men,0.6215,Casual,0.9769
57867,Men,0.5802,Casual,0.9915
57868,Men,0.8732,Casual,0.9928
57869,Men,0.5861,Casual,0.9033
57870,Women,0.5622,Casual,0.9984
57871,Men,0.6744,Casual,0.9974
57872,Women,0.6945,Casual,0.9486
57873,Women,0.7158,Casual,0.9852
57874,Boys,0.4795,Casual,0.9965
57875,Women,0.9211,Casual,0.9971
57876,Women,0.9505,Casual,0.9602
57877,Men,0.7624,Casual,0.9992
57878,Boys,0.3239,Casual,0.9974
57879,Women,0.4283,Casual,0.9417
57880,Women,0.5792,Casual,0.9952
57881,Men,0.8922,Casual,0.9906
57883,Men,0.9379,Casual,0.9987
57884,Women,0.4713,Casual,0.985
57885,Boys,0.8433,Casual,0.9974
57886,Women,0.5024,Casual,0.9928
57887,Men,0.8349,Casual,0.9698
57888,Men,0.5451,Casual,0.9728
57889,Men,0.8605,Casual,0.9661
57890,Men,0.5624,Casual,0.9819
57891,Women,0.7856,Casual,0.8444
57892,Women,0.552,Casual,0.864
57893,Women,0.9997,Casual,0.9514
57894,Women,0.9947,Casual,0.971
57895,Women,1.0,Ethnic,0.8628
57896,Women,0.9618,Casual,0.8864
57897,Women,1.0,Casual,0.9627
57898,Women,1.0,Casual,0.8916
57899,Women,0.9874,Casual,0.9836
57906,Men,0.2813,Casual,0.6646
57907,Women,0.5573,Casual,0.6612
57908,Men,0.5127,Sports,0.6135
57909,Women,0.7383,Casual,0.5535
57910,Men,0.561,Sports,0.6215
57911,Men,0.5331,Casual,0.6382
57912,Men,0.9828,Casual,0.7732
57913,Men,0.4402,Casual,0.7523
57914,Men,0.5203,Casual,0.9511
57915,Women,0.3341,Casual,0.8309
57916,Men,0.7206,Casual,0.5612
57917,Men,0.2813,Casual,0.6646
57918,Men,0.3916,Casual,0.9222
57919,Men,0.8505,Casual,0.9642
57920,Men,0.8472,Casual,0.7407
57921,Men,0.9563,Casual,0.5747
57922,Women,0.9956,Casual,0.9669
57923,Women,0.9988,Casual,0.9639
57924,Women,0.9558,Casual,0.9805
57925,Women,0.996,Casual,0.9985
57930,Men,0.9951,Casual,0.9967
57931,Men,0.9646,Casual,0.9968
57932,Men,0.964,Casual,0.9858
57933,Women,0.6961,Casual,0.8975
57934,Men,0.9959,Casual,0.983
57935,Men,0.9975,Casual,0.9947
57936,Men,0.942,Casual,0.9382
57937,Men,0.7061,Casual,0.5948
57938,Men,0.9856,Casual,0.9855
57939,Men,0.9996,Casual,0.9965
57940,Men,0.9243,Casual,0.9991
57941,Men,0.9993,Casual,0.9455
57942,Men,0.9997,Casual,0.9813
57943,Men,0.9947,Casual,0.9373
57944,Men,0.9946,Casual,0.9992
57945,Men,0.9942,Casual,0.9945
57946,Men,0.9999,Casual,0.8628
57947,Men,0.9937,Casual,0.958
57948,Men,0.9972,Casual,0.7967
57949,Men,0.9996,Formal,0.9092
57950,Men,0.9996,Formal,0.9385
57952,Women,0.9964,Ethnic,0.9244
57953,Women,0.9997,Ethnic,0.9985
57954,Women,0.5984,Ethnic,0.9251
57956,Women,0.8768,Ethnic,0.9557
57957,Women,0.9961,Ethnic,0.9921
57958,Women,0.9599,Ethnic,0.9871
57959,Women,0.981,Ethnic,0.8302
57960,Women,0.9969,Ethnic,0.7907
57961,Women,0.9992,Ethnic,0.8727
57962,Women,0.9907,Ethnic,0.9853
57963,Women,0.8032,Ethnic,0.8899
57964,Women,0.9917,Ethnic,0.9447
57965,Women,0.9999,Ethnic,0.9986
57966,Women,0.9864,Ethnic,0.9224
57967,Women,0.9677,Ethnic,0.965
57968,Women,0.9998,Ethnic,0.6797
57969,Women,0.999,Ethnic,0.9801
57970,Women,0.9613,Casual,0.6361
57971,Women,0.9759,Ethnic,0.9275
57972,Women,0.9993,Ethnic,0.9806
57973,Women,0.9985,Ethnic,0.9577
57974,Women,0.9994,Ethnic,0.9833
57975,Women,0.9918,Ethnic,0.9934
57976,Women,0.9892,Ethnic,0.9408
57980,Girls,0.6735,Casual,0.995
57981,Women,0.9893,Casual,0.8849
57982,Women,0.9999,Casual,0.8194
57983,Women,0.9845,Casual,0.9484
57985,Women,0.9982,Ethnic,0.8077
57986,Women,0.9998,Casual,0.9267
57987,Women,1.0,Casual,0.9327
57988,Women,1.0,Casual,0.6808
57989,Women,0.9995,Casual,0.9767
57990,Women,1.0,Casual,0.889
57991,Women,1.0,Ethnic,0.5086
57992,Women,1.0,Casual,0.8247
57993,Women,0.9988,Casual,0.865
57994,Women,1.0,Casual,0.8461
57995,Women,1.0,Casual,0.6389
57996,Women,1.0,Casual,0.9719
57997,Women,1.0,Casual,0.8547
57998,Women,1.0,Casual,0.5747
57999,Women,0.9997,Casual,0.7909
58000,Women,1.0,Ethnic,0.8485
58001,Women,1.0,Casual,0.9149
58002,Women,1.0,Casual,0.8124
58003,Women,1.0,Casual,0.9051
58004,Women,0.9999,Casual,0.9264
58005,Women,1.0,Casual,0.5686
58006,Women,1.0,Casual,0.8137
58007,Women,1.0,Casual,0.849
58008,Women,0.9965,Casual,0.7986
58009,Women,1.0,Casual,0.9061
58010,Women,1.0,Casual,0.9965
58011,Women,0.9744,Casual,0.8103
58012,Women,1.0,Casual,0.7205
58013,Women,0.9932,Casual,0.863
58014,Women,1.0,Casual,0.7992
58015,Women,0.9998,Casual,0.8624
58016,Women,0.9755,Casual,0.6431
58017,Unisex,0.5812,Casual,0.8951
58018,Women,0.4902,Casual,0.8393
58020,Women,0.9499,Casual,0.5596
58022,Women,0.9973,Casual,0.685
58023,Women,0.9593,Ethnic,0.8505
58024,Women,0.997,Ethnic,0.9102
58027,Women,0.9597,Ethnic,0.5455
58028,Women,0.9976,Ethnic,0.8387
58030,Women,0.9985,Ethnic,0.6607
58032,Women,0.9912,Ethnic,0.6248
58035,Men,0.4455,Casual,0.7362
58037,Men,0.4915,Casual,0.7025
58039,Women,0.9341,Casual,0.8735
58041,Women,0.9946,Ethnic,0.6378
58042,Women,0.9904,Casual,0.6551
58044,Women,0.8499,Casual,0.7046
58045,Women,0.9615,Casual,0.7452
58046,Women,0.7159,Casual,0.7556
58049,Women,0.9671,Casual,0.7663
58050,Women,0.6477,Casual,0.4883
58051,Women,0.8661,Casual,0.701
58052,Women,0.9969,Ethnic,0.8873
58053,Women,0.9986,Casual,0.6829
58057,Women,0.992,Casual,0.9657
58058,Women,0.5601,Casual,0.4973
58059,Women,0.9977,Ethnic,0.4909
58060,Women,0.9715,Casual,0.9012
58061,Women,0.9592,Ethnic,0.7732
58062,Women,0.9605,Ethnic,0.8065
58063,Women,0.9924,Casual,0.7116
58071,Women,0.9463,Casual,0.4736
58072,Women,0.8889,Ethnic,0.5642
58073,Women,0.9995,Ethnic,0.6806
58074,Women,0.9999,Ethnic,0.6674
58075,Women,0.9945,Ethnic,0.9128
58076,Women,0.9998,Ethnic,0.7073
58078,Women,0.9648,Ethnic,0.6237
58085,Women,0.6481,Ethnic,0.7604
58086,Women,0.6781,Ethnic,0.8812
58087,Women,0.6352,Ethnic,0.7665
58093,Women,0.697,Casual,0.5796
58096,Women,0.4512,Casual,0.5896
58097,Boys,0.6114,Casual,0.7856
58098,Women,0.4904,Casual,0.6751
58099,Men,0.6765,Casual,0.9358
58100,Women,0.3629,Casual,0.7721
58104,Women,0.3728,Casual,0.9724
58107,Women,0.9856,Ethnic,0.8421
58108,Women,0.9847,Ethnic,0.5621
58109,Women,0.9855,Casual,0.8131
58110,Women,0.9755,Ethnic,0.7661
58111,Women,0.9395,Ethnic,0.8285
58112,Women,0.9899,Casual,0.839
58115,Women,0.9912,Casual,0.9775
58116,Women,0.9884,Casual,0.9293
58117,Women,0.9641,Casual,0.982
58118,Women,0.7478,Casual,0.7732
58121,Women,0.9493,Ethnic,0.7808
58123,Women,0.9981,Ethnic,0.8629
58128,Women,0.9959,Casual,0.5067
58129,Women,0.994,Ethnic,0.8785
58131,Women,0.9961,Casual,0.8327
58132,Women,0.9973,Ethnic,0.5064
58133,Women,0.9991,Ethnic,0.6312
58135,Women,0.9513,Ethnic,0.9504
58136,Women,0.8924,Casual,0.9879
58137,Women,0.9892,Casual,0.9081
58138,Men,0.4189,Casual,0.9046
58139,Women,0.7189,Sports,0.6014
58140,Women,0.9799,Ethnic,0.5112
58141,Women,0.9892,Casual,0.5733
58143,Unisex,0.8844,Casual,0.964
58144,Unisex,0.7329,Casual,0.9844
58145,Unisex,0.9141,Casual,0.8676
58146,Unisex,0.9907,Casual,0.9653
58147,Men,0.417,Sports,0.8774
58148,Men,0.5918,Casual,0.6648
58149,Unisex,0.787,Casual,0.5449
58150,Unisex,0.9503,Casual,0.5877
58151,Unisex,0.5696,Casual,0.767
58152,Unisex,0.9585,Casual,0.5418
58153,Unisex,0.8288,Casual,0.9082
58154,Unisex,0.9495,Casual,0.6985
58155,Women,0.8495,Casual,0.9418
58156,Women,0.9984,Casual,0.9513
58157,Women,0.9978,Casual,0.9486
58158,Women,1.0,Casual,0.743
58159,Women,0.9966,Casual,0.981
58160,Women,0.9887,Casual,0.9865
58161,Women,0.6873,Casual,0.9792
58162,Women,0.841,Casual,0.9956
58163,Women,0.7831,Casual,0.9933
58164,Women,0.9334,Casual,0.993
58165,Women,0.9424,Casual,0.9967
58166,Women,0.9969,Casual,0.995
58167,Women,0.9945,Casual,0.9999
58168,Women,0.9613,Casual,0.9919
58169,Women,0.9467,Casual,0.8958
58170,Women,0.8739,Casual,0.995
58171,Women,0.9913,Casual,0.9899
58172,Women,0.9927,Casual,0.9979
58173,Women,0.9996,Casual,0.9918
58174,Women,0.7469,Casual,0.8443
58175,Women,0.9982,Casual,0.9758
58176,Women,0.9994,Casual,0.9971
58177,Women,0.9771,Casual,0.9951
58178,Women,0.9816,Casual,0.9982
58179,Women,0.9369,Casual,0.999
58180,Women,0.999,Casual,0.9952
58181,Women,0.9596,Casual,0.9949
58182,Women,0.9971,Casual,0.9974
58183,Women,0.9954,Casual,0.9966
58184,Women,0.9616,Casual,0.9994
58185,Women,0.9555,Casual,0.9995
58186,Women,0.9964,Casual,0.9772
58187,Women,0.9769,Casual,0.9853
58188,Unisex,0.4866,Casual,0.9696
58189,Unisex,0.5297,Casual,0.9864
58190,Women,0.9991,Casual,0.9957
58191,Women,0.9038,Casual,0.9987
58194,Women,0.979,Casual,0.9971
58195,Women,0.9384,Casual,0.9963
58196,Women,0.9991,Casual,0.9669
58200,Men,0.9115,Sports,0.5677
58201,Men,0.9376,Casual,0.9929
58202,Men,0.9336,Casual,0.5166
58203,Men,0.9894,Casual,0.5225
58204,Men,0.9419,Formal,0.4956
58205,Men,0.9666,Formal,0.5158
58206,Men,0.6297,Casual,0.9726
58207,Men,0.9401,Formal,0.5283
58208,Men,0.807,Casual,0.93
58209,Women,0.6439,Ethnic,0.4819
58210,Women,0.5232,Ethnic,0.6021
58211,Men,0.6242,Casual,0.6415
58212,Men,0.4673,Casual,0.7711
58213,Women,0.6379,Ethnic,0.7162
58214,Women,0.9885,Ethnic,0.8669
58215,Men,0.6348,Ethnic,0.5765
58216,Men,0.6598,Ethnic,0.5298
58218,Men,0.5206,Casual,0.6651
58220,Men,0.5232,Casual,0.8886
58222,Women,0.9984,Casual,0.999
58225,Men,0.4581,Casual,0.9925
58226,Men,0.9988,Casual,0.9643
58227,Men,0.9984,Casual,0.9955
58229,Men,0.9987,Casual,0.981
58231,Women,0.986,Casual,0.9981
58232,Men,0.9232,Casual,0.9993
58233,Women,0.6612,Casual,0.9293
58234,Women,0.7586,Casual,0.9923
58235,Unisex,0.5508,Casual,0.9503
58236,Women,0.7901,Casual,0.8673
58237,Women,0.8139,Casual,0.9957
58238,Women,0.998,Casual,0.9995
58239,Women,0.9889,Casual,0.9979
58240,Women,0.8145,Casual,0.9515
58241,Women,0.9809,Casual,0.9944
58242,Women,0.8942,Casual,0.9856
58243,Women,0.9587,Casual,0.9813
58244,Women,0.7007,Casual,0.9228
58245,Women,0.9811,Casual,0.9904
58246,Women,0.9824,Casual,0.9928
58247,Women,0.997,Casual,0.9919
58248,Women,0.9963,Casual,0.9946
58249,Women,0.9908,Casual,0.9908
58250,Women,0.9978,Casual,0.9928
58251,Women,0.7896,Casual,0.9985
58252,Unisex,0.5707,Casual,0.9887
58253,Women,0.4852,Casual,0.9848
58254,Women,0.8827,Casual,0.99
58255,Women,0.946,Casual,0.9886
58256,Women,0.7211,Casual,0.9964
58257,Women,0.9792,Casual,0.9946
58258,Women,0.995,Casual,0.9993
58259,Unisex,0.5102,Casual,0.9311
58260,Women,0.9218,Casual,0.9897
58261,Women,0.9706,Casual,0.9946
58262,Women,0.9664,Casual,0.9968
58263,Women,0.9834,Casual,0.992
58264,Women,0.9824,Casual,0.9976
58265,Women,0.9999,Casual,0.9973
58266,Women,0.999,Casual,0.9981
58267,Women,0.9981,Casual,0.9875
58268,Women,0.9994,Casual,0.993
58269,Women,0.9958,Casual,0.9945
58270,Women,0.9852,Casual,0.9985
58271,Women,0.9681,Casual,0.9937
58272,Women,0.9124,Casual,0.9771
58273,Women,0.9776,Casual,0.9984
58274,Women,0.9999,Casual,0.9983
58275,Women,0.716,Casual,0.998
58276,Women,0.9404,Casual,0.9997
58277,Women,0.9659,Casual,0.8227
58278,Women,0.9939,Casual,0.9805
58279,Women,0.6129,Casual,0.9976
58280,Unisex,0.5528,Casual,0.9995
58281,Men,0.5691,Casual,0.9869
58282,Men,0.7347,Casual,0.9425
58283,Women,0.9241,Casual,0.9876
58284,Women,0.9797,Casual,0.9946
58286,Women,0.7767,Casual,0.8989
58291,Men,0.6884,Casual,0.888
58292,Men,0.6871,Formal,0.6373
58293,Unisex,0.5459,Casual,0.7985
58294,Unisex,0.5379,Casual,0.722
58295,Men,0.7977,Casual,0.8001
58296,Men,0.6636,Casual,0.9034
58297,Men,0.488,Casual,0.7677
58298,Men,0.4467,Casual,0.7744
58299,Men,0.6146,Casual,0.6984
58300,Men,0.4791,Casual,0.7532
58301,Men,0.442,Casual,0.5404
58304,Men,0.9369,Casual,0.8698
58305,Men,0.9835,Casual,0.9202
58306,Men,0.9674,Casual,0.5429
58307,Men,0.822,Casual,0.9133
58308,Men,0.7319,Casual,0.8062
58309,Men,0.9745,Casual,0.8614
58310,Men,0.9643,Casual,0.7379
58311,Women,0.616,Casual,0.8223
58312,Men,0.6383,Casual,0.75
58313,Men,0.5939,Sports,0.9662
58314,Men,0.6742,Sports,0.9347
58315,Men,0.766,Sports,0.8918
58316,Men,0.8032,Sports,0.8426
58317,Men,0.4977,Sports,0.8158
58318,Men,0.7306,Sports,0.8225
58319,Men,0.5852,Sports,0.9445
58320,Men,0.6898,Sports,0.5302
58321,Men,0.4826,Sports,0.938
58322,Men,0.5999,Sports,0.5659
58323,Men,0.8446,Casual,0.8197
58324,Men,0.473,Casual,0.9957
58325,Women,0.6999,Casual,0.853
58326,Women,0.8468,Casual,0.9937
58327,Women,0.8395,Casual,0.9912
58328,Women,0.4528,Casual,0.9969
58329,Men,0.9345,Casual,0.9974
58330,Men,0.8202,Casual,0.9918
58331,Men,0.9815,Casual,0.9901
58332,Men,0.9952,Casual,0.9983
58333,Men,0.9952,Casual,0.9997
58334,Men,0.9628,Casual,0.999
58335,Men,0.994,Casual,0.9867
58336,Men,0.9881,Casual,0.9967
58337,Women,0.9915,Casual,0.9793
58338,Women,0.9873,Casual,0.991
58339,Women,0.9507,Casual,0.9992
58340,Women,0.9806,Casual,0.9981
58349,Men,0.9995,Casual,0.9898
58351,Men,1.0,Casual,0.9694
58357,Men,0.9984,Casual,0.967
58358,Men,0.9964,Casual,0.9983
58372,Women,0.7324,Casual,0.7092
58375,Men,1.0,Casual,0.9779
58381,Men,1.0,Casual,0.9949
58385,Men,0.9999,Casual,0.9455
58394,Men,0.9994,Casual,0.8576
58395,Men,1.0,Casual,0.9819
58411,Men,1.0,Casual,0.9899
58418,Men,0.9896,Casual,0.9887
58425,Women,1.0,Ethnic,0.6153
58439,Women,1.0,Casual,0.8718
58444,Men,0.5873,Casual,0.9985
58445,Men,0.8797,Casual,0.9925
58446,Women,1.0,Ethnic,0.7069
58447,Men,0.8159,Casual,0.9138
58448,Men,0.9746,Casual,0.8927
58449,Men,0.9113,Casual,0.9656
58450,Men,0.9868,Casual,0.9646
58451,Men,0.9541,Casual,0.9896
58452,Men,0.9957,Casual,0.9936
58453,Men,0.9353,Casual,0.9386
58454,Men,0.9135,Casual,0.9622
58455,Women,0.7582,Casual,0.9526
58456,Men,0.889,Casual,0.97
58458,Boys,0.8444,Casual,0.9996
58459,Boys,0.5678,Casual,0.9984
58460,Boys,0.7955,Casual,0.9656
58463,Men,0.956,Casual,0.9869
58464,Men,0.9845,Casual,0.9815
58465,Men,0.8547,Casual,0.9913
58466,Men,0.8932,Casual,0.976
58467,Men,0.9098,Casual,0.9933
58468,Women,0.64,Casual,0.8461
58470,Unisex,0.5895,Casual,0.9882
58471,Men,0.9205,Casual,0.999
58472,Men,0.9403,Casual,0.9975
58473,Men,0.7957,Casual,0.9947
58474,Men,0.8819,Casual,0.9915
58475,Men,0.907,Casual,0.9984
58476,Men,0.6458,Casual,0.9988
58477,Men,0.8582,Casual,0.9968
58478,Men,0.9374,Casual,0.9976
58479,Men,0.9577,Casual,0.9972
58480,Men,0.9594,Casual,0.9969
58481,Men,0.9668,Casual,0.9533
58482,Men,0.8585,Casual,0.9565
58483,Men,0.9838,Casual,0.9968
58484,Men,0.9847,Casual,0.9987
58485,Men,0.9289,Casual,0.9968
58486,Men,0.8498,Casual,0.9962
58487,Men,0.9873,Casual,0.9968
58488,Women,0.9999,Casual,0.9346
58489,Women,0.9969,Casual,0.9167
58490,Women,1.0,Casual,0.9962
58491,Women,0.9701,Casual,0.9589
58492,Women,1.0,Casual,0.9118
58493,Women,1.0,Casual,0.9192
58494,Women,0.9951,Ethnic,0.9834
58495,Women,0.9953,Casual,0.9483
58496,Women,0.9868,Casual,0.9663
58497,Women,0.9999,Casual,0.9813
58498,Women,0.9999,Casual,0.9083
58499,Women,1.0,Casual,0.9226
58500,Women,0.9999,Casual,0.9346
58501,Women,1.0,Casual,0.9229
58502,Women,1.0,Casual,0.6719
58503,Women,0.9998,Casual,0.98
58504,Women,0.9999,Casual,0.8075
58505,Women,1.0,Casual,0.6539
58506,Women,0.8435,Casual,0.8544
58507,Women,1.0,Casual,0.9879
58508,Men,0.5513,Casual,0.9807
58509,Women,1.0,Ethnic,0.5088
58510,Women,1.0,Casual,0.817
58511,Women,0.9996,Casual,0.5495
58512,Women,1.0,Casual,0.904
58513,Women,0.9943,Casual,0.9632
58514,Women,0.9959,Casual,0.9399
58515,Women,0.9997,Casual,0.9921
58516,Women,0.9928,Casual,0.9665
58517,Women,0.9988,Casual,0.9954
58518,Women,0.9972,Casual,0.8927
58519,Women,0.9301,Casual,0.7572
58520,Women,0.9998,Casual,0.9377
58521,Unisex,0.8004,Casual,0.7847
58522,Women,0.463,Casual,0.8694
58523,Unisex,0.7197,Casual,0.9902
58524,Unisex,0.6586,Casual,0.9455
58525,Unisex,0.7115,Casual,0.9837
58526,Men,0.9964,Casual,0.954
58527,Unisex,0.4952,Casual,0.9966
58528,Unisex,0.3899,Casual,0.9967
58529,Unisex,0.6726,Casual,0.9948
58530,Men,0.6142,Casual,0.9986
58531,Men,0.8636,Casual,0.9932
58532,Women,0.601,Casual,0.996
58533,Men,0.5674,Casual,0.9937
58534,Men,0.9332,Casual,0.9773
58535,Men,0.8771,Casual,0.9884
58536,Men,0.9585,Casual,0.9997
58537,Men,0.8975,Casual,0.9997
58538,Men,0.5418,Casual,0.9992
58539,Men,0.7893,Casual,0.9986
58540,Men,0.9592,Casual,0.9971
58541,Men,0.9441,Casual,0.9997
58542,Men,0.9622,Casual,0.9985
58543,Men,0.5193,Casual,0.9989
58544,Women,0.936,Casual,0.9991
58545,Women,0.974,Casual,0.9983
58546,Women,0.9594,Casual,0.9986
58547,Women,0.83,Casual,0.9838
58548,Women,0.9611,Casual,0.9962
58549,Women,0.9521,Casual,0.9942
58550,Women,0.9334,Casual,0.9923
58551,Women,0.9806,Casual,0.9938
58552,Women,0.9505,Casual,0.9962
58553,Women,0.9828,Casual,0.9992
58555,Men,0.9981,Formal,0.7898
58559,Men,0.9727,Casual,0.9977
58560,Women,0.9591,Casual,0.943
58561,Women,0.9999,Casual,0.9556
58562,Women,0.9645,Casual,0.9239
58563,Men,0.9957,Casual,0.7343
58565,Men,0.9999,Casual,0.7205
58566,Men,0.9997,Casual,0.9621
58567,Men,0.7144,Casual,0.787
58569,Men,1.0,Casual,0.9916
58570,Men,0.9977,Casual,0.9416
58571,Men,0.9983,Casual,0.7253
58573,Women,0.9383,Casual,0.9452
58574,Women,0.9999,Casual,0.7843
58576,Women,0.9734,Casual,0.809
58577,Men,0.9934,Casual,0.9878
58581,Women,0.5718,Casual,0.7697
58586,Women,0.9996,Casual,0.9486
58588,Women,0.9428,Casual,0.7814
58589,Women,0.9962,Casual,0.9269
58590,Women,0.7617,Casual,0.7549
58591,Women,0.9959,Casual,0.9651
58600,Women,0.9408,Casual,0.9223
58603,Women,0.7044,Casual,0.9838
58605,Women,0.9784,Ethnic,0.9716
58606,Women,0.9983,Ethnic,0.9349
58607,Women,0.8323,Casual,0.7634
58608,Women,0.9491,Ethnic,0.6998
58609,Women,0.9995,Ethnic,0.9388
58610,Women,0.9843,Ethnic,0.9707
58611,Men,0.5657,Casual,0.584
58612,Women,0.7973,Casual,0.7369
58614,Men,0.5818,Casual,0.9615
58615,Men,0.5081,Casual,0.911
58616,Women,0.9046,Ethnic,0.9011
58618,Women,0.95,Casual,0.8195
58619,Women,0.7771,Casual,0.8469
58620,Women,0.4474,Casual,0.7035
58621,Women,0.3719,Casual,0.9152
58622,Women,0.7688,Casual,0.8634
58624,Boys,0.5067,Sports,0.6317
58625,Unisex,0.5744,Casual,0.9792
58626,Men,0.5068,Casual,0.8164
58627,Unisex,0.5488,Casual,0.9429
58628,Women,0.5658,Casual,0.9249
58629,Men,0.5711,Casual,0.9944
58634,Men,0.8036,Casual,0.8275
58635,Men,0.8561,Casual,0.9324
58636,Men,0.6237,Casual,0.926
58637,Men,0.7842,Casual,0.6007
58638,Men,0.9583,Sports,0.6401
58639,Men,0.7843,Sports,0.7474
58640,Unisex,0.5636,Sports,0.4915
58641,Men,0.7083,Casual,0.9753
58642,Men,0.5234,Casual,0.8838
58643,Women,1.0,Ethnic,0.7225
58644,Women,0.9989,Ethnic,0.6046
58645,Women,1.0,Ethnic,0.959
58646,Women,0.9957,Casual,0.9494
58647,Women,1.0,Ethnic,0.6144
58648,Women,1.0,Ethnic,0.8345
58652,Women,1.0,Ethnic,0.8604
58653,Women,1.0,Ethnic,0.9779
58654,Women,1.0,Ethnic,0.9054
58655,Women,1.0,Ethnic,0.8592
58656,Women,1.0,Ethnic,0.974
58657,Women,0.9999,Casual,0.5221
58658,Women,1.0,Ethnic,0.9948
58659,Women,0.9999,Ethnic,0.9955
58660,Women,1.0,Ethnic,0.961
58661,Women,0.9999,Ethnic,0.9809
58662,Women,0.9943,Ethnic,0.9095
58663,Women,1.0,Ethnic,0.5098
58664,Women,0.9999,Ethnic,0.9705
58666,Women,0.9925,Ethnic,0.967
58667,Women,1.0,Ethnic,0.9966
58668,Women,0.9921,Ethnic,0.6161
58669,Women,1.0,Ethnic,0.9352
58670,Women,1.0,Casual,0.563
58671,Women,1.0,Ethnic,0.9823
58672,Women,1.0,Ethnic,0.5122
58673,Women,1.0,Ethnic,0.9847
58674,Women,1.0,Ethnic,0.9989
58675,Women,1.0,Ethnic,0.9557
58676,Women,1.0,Ethnic,0.9697
58677,Women,1.0,Casual,0.6152
58678,Women,0.9998,Ethnic,0.978
58680,Women,0.9999,Ethnic,0.9482
58681,Women,1.0,Ethnic,0.8832
58682,Women,1.0,Ethnic,0.9982
58683,Women,0.9993,Ethnic,0.9683
58684,Women,1.0,Ethnic,0.9682
58685,Women,0.9988,Casual,0.5889
58686,Women,0.9999,Ethnic,0.934
58687,Women,0.9999,Ethnic,0.6539
58689,Women,0.9873,Ethnic,0.98
58690,Women,1.0,Ethnic,0.9842
58691,Women,1.0,Ethnic,0.5231
58692,Women,1.0,Ethnic,0.9377
58693,Women,0.9997,Ethnic,0.9493
58694,Women,1.0,Ethnic,0.6093
58695,Women,1.0,Ethnic,0.5916
58696,Women,1.0,Ethnic,0.8973
58698,Women,1.0,Casual,0.5951
58700,Women,1.0,Casual,0.6786
58701,Women,0.9999,Ethnic,0.9551
58702,Women,1.0,Ethnic,0.5181
58703,Women,1.0,Ethnic,0.84
58718,Women,1.0,Casual,0.8436
58719,Women,1.0,Ethnic,0.9778
58720,Men,1.0,Sports,0.5187
58722,Men,1.0,Casual,0.9796
58723,Men,0.9999,Casual,0.9875
58724,Men,1.0,Casual,0.9988
58725,Men,0.9972,Sports,0.6716
58726,Men,1.0,Casual,0.9667
58727,Women,0.9877,Casual,0.8402
58728,Women,0.9997,Casual,0.9735
58729,Women,0.9999,Casual,0.952
58730,Women,0.9996,Casual,0.9569
58731,Women,0.9988,Casual,0.9875
58732,Men,0.9996,Casual,0.9464
58734,Men,0.9986,Casual,0.9566
58735,Women,0.9994,Casual,0.959
58736,Women,0.941,Casual,0.8373
58737,Women,0.9995,Casual,0.9507
58738,Women,0.9926,Casual,0.8894
58740,Men,0.9992,Casual,0.9888
58741,Men,1.0,Casual,0.9975
58742,Men,0.9967,Casual,0.99
58743,Men,1.0,Casual,0.982
58744,Men,0.9998,Casual,0.9652
58745,Men,0.5764,Casual,0.7667
58765,Men,0.9968,Casual,0.9302
58770,Men,0.9998,Casual,0.9487
58793,Men,0.9948,Casual,0.9897
58794,Men,0.9997,Casual,0.597
58795,Men,0.9813,Casual,0.942
58796,Men,0.9999,Casual,0.9911
58797,Men,0.9129,Casual,0.9826
58798,Men,0.9954,Casual,0.9361
58800,Men,0.9994,Casual,1.0
58801,Men,0.8311,Casual,0.9799
58802,Men,0.9693,Casual,0.8789
58805,Men,0.9999,Casual,0.999
58807,Men,0.9973,Casual,0.9369
58808,Men,1.0,Casual,0.9192
58809,Men,0.9991,Casual,0.967
58810,Men,1.0,Casual,0.8652
58815,Women,0.9557,Casual,0.9554
58816,Women,0.9959,Casual,0.9753
58817,Women,0.985,Casual,0.9398
58818,Women,0.9847,Casual,0.894
58819,Women,0.9918,Casual,0.8593
58820,Men,0.9997,Casual,0.7315
58821,Men,0.9907,Casual,0.9671
58822,Men,0.8223,Casual,0.9995
58823,Men,0.9539,Casual,0.8389
58825,Men,0.6754,Casual,0.9655
58827,Men,0.8802,Casual,0.9948
58828,Women,0.9603,Casual,0.9972
58829,Women,0.9468,Casual,0.9953
58830,Women,0.5542,Casual,0.8091
58831,Women,0.7677,Casual,0.9937
58832,Women,0.7653,Casual,0.954
58833,Men,0.6591,Casual,0.9347
58834,Women,0.7294,Casual,0.9899
58835,Men,0.968,Formal,0.9713
58836,Men,0.9688,Formal,0.908
58837,Men,0.4504,Formal,0.5413
58838,Men,0.7991,Formal,0.6032
58839,Men,0.8607,Formal,0.8269
58840,Men,0.8764,Formal,0.8264
58841,Men,0.9544,Formal,0.9856
58842,Men,0.8707,Formal,0.9669
58843,Men,0.7884,Formal,0.8463
58844,Men,0.932,Formal,0.9619
58845,Men,0.9739,Formal,0.9122
58846,Men,0.7908,Formal,0.6878
58847,Men,0.6605,Formal,0.8724
58848,Unisex,0.4688,Formal,0.8601
58849,Men,0.7818,Formal,0.8533
58850,Men,0.7684,Formal,0.873
58851,Men,0.6552,Formal,0.7562
58852,Men,0.7941,Formal,0.75
58853,Men,0.8123,Formal,0.7429
58854,Men,0.9412,Formal,0.9622
58855,Men,0.74,Casual,0.5821
58856,Men,0.8488,Formal,0.8075
58857,Men,0.6452,Casual,0.8494
58858,Men,0.8074,Formal,0.8493
58859,Men,0.8208,Formal,0.9037
58860,Men,0.9291,Formal,0.9527
58861,Men,0.8347,Formal,0.9651
58862,Men,0.691,Formal,0.9352
58863,Men,0.8851,Formal,0.9121
58864,Men,0.7068,Formal,0.8483
58865,Men,0.779,Formal,0.9482
58867,Men,0.7866,Formal,0.7738
58868,Men,0.58,Formal,0.5493
58869,Men,0.9225,Formal,0.6463
58870,Men,0.8702,Formal,0.8947
58871,Men,0.9858,Formal,0.8679
58872,Men,0.9662,Casual,0.8346
58873,Men,0.9928,Casual,0.5543
58874,Men,0.9895,Casual,0.6241
58875,Men,0.9981,Formal,0.8443
58876,Men,0.9911,Casual,0.7264
58877,Men,0.9939,Formal,0.493
58878,Men,0.9911,Casual,0.6134
58879,Men,0.9442,Casual,0.7936
58880,Men,0.7899,Formal,0.7988
58881,Men,0.9822,Formal,0.525
58882,Men,0.9906,Casual,0.5797
58883,Men,0.9938,Formal,0.7031
58884,Men,0.7951,Formal,0.7829
58885,Men,0.9847,Casual,0.5856
58886,Men,0.9804,Formal,0.844
58887,Men,0.843,Formal,0.7732
58888,Men,0.9845,Formal,0.9093
58889,Men,0.9866,Casual,0.6792
58890,Men,0.9728,Casual,0.6521
58891,Men,0.9454,Formal,0.9162
58892,Men,0.9934,Formal,0.7289
58893,Men,0.9882,Formal,0.8372
58894,Men,0.9916,Casual,0.5923
58895,Men,0.9959,Formal,0.5088
58896,Men,0.9954,Casual,0.814
58897,Men,0.9942,Formal,0.7414
58898,Men,0.9904,Formal,0.5767
58899,Men,0.988,Formal,0.6535
58900,Men,0.9988,Casual,0.5969
58901,Men,0.9943,Formal,0.4941
58902,Men,0.9901,Casual,0.5616
58903,Men,0.9969,Formal,0.7689
58904,Men,0.9988,Formal,0.6862
58905,Men,0.9981,Casual,0.7756
58906,Men,0.9981,Formal,0.5327
58907,Men,0.985,Casual,0.7341
58908,Men,0.9979,Casual,0.4871
58909,Men,0.9402,Casual,0.5062
58910,Men,0.9984,Casual,0.5603
58911,Men,0.9966,Formal,0.6597
58912,Men,0.9868,Casual,0.5841
58913,Men,0.9283,Casual,0.6222
58914,Men,0.9966,Formal,0.77
58915,Men,0.9951,Formal,0.7663
58916,Men,0.9985,Casual,0.5398
58917,Men,0.9976,Formal,0.8662
58918,Men,0.9916,Formal,0.7489
58919,Men,0.9941,Formal,0.913
58920,Men,0.8011,Sports,0.4716
58921,Men,0.6364,Casual,0.3813
58922,Men,0.7311,Sports,0.4569
58923,Men,0.7622,Sports,0.491
58924,Men,0.5317,Formal,0.4844
58925,Unisex,0.5268,Casual,0.9844
58926,Men,0.6404,Casual,0.9925
58928,Unisex,0.4598,Casual,0.9906
58931,Women,0.5941,Casual,0.9288
58932,Unisex,0.6038,Casual,0.9458
58934,Men,0.8857,Casual,0.9864
58935,Men,0.9849,Casual,0.9833
58937,Men,0.9532,Casual,0.9975
58939,Men,0.7964,Casual,0.9953
58940,Men,0.9861,Casual,0.9987
58941,Men,0.7762,Casual,0.997
58942,Women,0.839,Casual,0.9707
58943,Women,0.8606,Casual,0.9636
58944,Women,0.9866,Casual,0.9684
58945,Women,0.9886,Casual,0.9879
58946,Women,0.9938,Casual,0.8791
58947,Women,0.8735,Casual,0.9935
58948,Women,0.8844,Casual,0.9923
58949,Women,0.9929,Casual,0.9924
58950,Women,0.7643,Casual,0.9938
58951,Men,0.939,Casual,0.9972
58952,Men,0.8247,Casual,0.9974
58954,Men,0.5233,Casual,0.9767
58955,Men,0.839,Casual,0.983
58956,Men,0.8954,Casual,0.9981
58958,Men,0.8705,Casual,0.9374
58959,Men,0.8093,Casual,0.9799
58960,Men,0.7143,Casual,0.9504
58961,Men,0.6468,Casual,0.9868
58962,Women,0.9681,Casual,0.9661
58963,Women,0.6156,Casual,0.9945
58964,Women,0.7641,Casual,0.9591
58965,Women,0.8054,Casual,0.9555
58966,Women,0.9955,Casual,0.9677
58967,Women,0.7536,Casual,0.9331
58968,Women,0.9967,Casual,0.9919
58969,Women,0.5773,Casual,0.9364
58970,Women,0.9466,Casual,0.8518
58971,Women,0.95,Casual,0.9917
58972,Women,0.9221,Casual,0.9482
58973,Women,0.9977,Casual,0.9938
58974,Women,0.6779,Casual,0.9827
58975,Men,0.506,Casual,0.9747
58976,Women,0.5017,Casual,0.9916
58977,Men,0.5349,Casual,0.9792
58978,Men,0.4932,Casual,0.977
58979,Women,0.8029,Casual,0.9954
58980,Women,0.9818,Casual,0.9921
58981,Women,0.9376,Casual,0.9656
58982,Women,0.8703,Casual,0.967
58983,Women,0.9904,Casual,0.9791
58984,Women,0.6208,Casual,0.9736
58985,Men,0.9055,Casual,0.9817
58986,Women,0.944,Casual,0.9471
58987,Women,0.5083,Casual,0.9844
58988,Women,0.8818,Casual,0.9862
58989,Women,0.6431,Casual,0.9987
58990,Women,0.7439,Casual,0.9985
58991,Men,0.9711,Casual,0.9597
58992,Men,0.8718,Casual,0.9698
59002,Men,0.6218,Casual,0.999
59003,Men,0.9387,Casual,0.9986
59004,Men,0.9894,Casual,0.9998
59005,Men,0.993,Casual,0.999
59006,Men,0.9749,Casual,0.999
59008,Women,0.9908,Sports,0.9811
59010,Men,0.9996,Sports,0.9801
59011,Men,0.9832,Sports,0.9996
59012,Men,0.9984,Sports,0.8589
59013,Men,0.994,Sports,0.8737
59014,Men,0.9993,Sports,0.8362
59015,Men,0.6771,Sports,0.9743
59016,Men,0.9992,Sports,0.9571
59017,Men,0.9992,Casual,0.9979
59018,Women,0.9983,Casual,0.7949
59019,Women,0.9657,Casual,0.9532
59020,Women,0.987,Casual,0.9648
59021,Women,0.9879,Casual,0.9612
59022,Women,0.9943,Casual,0.9861
59023,Women,0.9639,Casual,0.9983
59024,Women,0.979,Casual,0.9879
59025,Women,0.9992,Casual,0.8816
59026,Women,0.9999,Casual,0.9517
59027,Women,0.9998,Casual,0.9769
59028,Women,0.9999,Casual,0.9959
59029,Women,0.9999,Casual,0.978
59030,Women,0.9996,Casual,0.9201
59031,Women,0.9992,Casual,0.9561
59032,Women,0.9998,Casual,0.9509
59033,Women,0.9995,Casual,0.9557
59034,Women,0.999,Casual,0.9976
59035,Women,0.9983,Casual,0.9831
59036,Women,0.9948,Casual,0.9893
59037,Women,0.9961,Casual,0.99
59038,Women,0.995,Casual,0.9992
59039,Women,0.999,Casual,0.9983
59040,Women,0.9963,Casual,0.9995
59042,Women,0.9644,Casual,0.9808
59043,Women,0.9996,Casual,0.9805
59044,Women,0.9986,Casual,0.8817
59045,Women,0.9989,Casual,0.9728
59046,Women,0.9998,Casual,0.9618
59047,Women,0.9952,Casual,0.9809
59048,Women,0.9998,Casual,0.9511
59049,Women,0.9977,Casual,0.996
59050,Women,0.9998,Casual,0.9899
59051,Women,0.9642,Casual,0.9794
59052,Women,0.9549,Casual,0.8618
59053,Women,0.9966,Casual,0.9479
59054,Women,0.9968,Casual,0.9741
59055,Women,0.9139,Casual,0.7544
59056,Women,0.9906,Casual,0.9948
59058,Women,0.9999,Casual,0.5858
59059,Women,1.0,Ethnic,0.9848
59060,Women,1.0,Ethnic,0.987
59061,Women,1.0,Ethnic,0.8808
59062,Women,0.9993,Ethnic,0.6252
59063,Women,0.9999,Ethnic,0.9007
59064,Women,0.6704,Casual,0.7899
59065,Women,0.8614,Casual,0.9521
59066,Women,0.5599,Casual,0.8181
59067,Women,0.5043,Casual,0.7369
59068,Women,0.5143,Casual,0.9144
59069,Women,0.8226,Casual,0.9249
59070,Women,0.8219,Casual,0.8847
59071,Women,0.5174,Casual,0.9368
59072,Women,0.653,Casual,0.8626
59073,Women,0.8171,Casual,0.8071
59074,Women,0.8288,Casual,0.9175
59075,Women,0.7833,Casual,0.8311
59076,Women,0.6843,Casual,0.9151
59077,Women,0.8087,Casual,0.818
59078,Women,0.7301,Casual,0.9728
59079,Women,0.7527,Casual,0.8789
59080,Men,0.5902,Casual,0.9623
59081,Women,0.6875,Casual,0.8356
59082,Women,0.5703,Casual,0.9665
59083,Women,0.9482,Casual,0.8915
59084,Women,0.7281,Casual,0.8969
59085,Women,0.6435,Casual,0.9783
59086,Women,0.7932,Casual,0.9903
59087,Women,0.4245,Casual,0.9134
59088,Women,0.8951,Casual,0.8603
59089,Women,0.7205,Casual,0.9827
59090,Men,0.7943,Casual,0.9751
59091,Women,0.7146,Casual,0.9548
59092,Women,0.6844,Casual,0.9728
59093,Women,0.9144,Sports,0.5328
59094,Women,0.6165,Casual,0.8453
59095,Women,0.927,Casual,0.8765
59096,Women,0.7375,Casual,0.8473
59097,Women,0.9593,Casual,0.914
59098,Women,0.6328,Casual,0.9589
59099,Women,0.5722,Casual,0.9183
59100,Women,0.904,Casual,0.9298
59101,Women,0.9286,Casual,0.9042
59102,Men,0.959,Casual,0.8866
59103,Men,0.982,Casual,0.7471
59104,Men,0.8848,Casual,0.8367
59105,Men,0.8056,Casual,0.9588
59106,Men,0.767,Casual,0.7088
59112,Men,0.9597,Casual,0.8273
59115,Men,0.9978,Casual,0.9535
59116,Men,0.9997,Casual,0.8348
59117,Men,0.8869,Casual,0.495
59118,Men,0.6006,Casual,0.8514
59119,Men,0.9416,Casual,0.5494
59120,Men,0.9753,Casual,0.7519
59121,Men,0.9515,Casual,0.7432
59122,Men,0.7056,Casual,0.9574
59123,Men,0.981,Casual,0.8193
59124,Men,0.9846,Casual,0.9026
59126,Men,0.9902,Casual,0.6709
59127,Men,0.9718,Casual,0.7947
59128,Women,0.4923,Casual,0.6717
59129,Men,0.947,Casual,0.7546
59130,Men,0.9074,Casual,0.8992
59131,Men,0.9225,Casual,0.8927
59132,Men,0.9085,Casual,0.9465
59133,Men,0.7617,Casual,0.7618
59142,Women,0.6993,Casual,0.9916
59143,Women,0.8372,Casual,0.9601
59144,Women,0.9099,Casual,0.9484
59145,Women,0.9223,Casual,0.9865
59146,Women,0.7187,Casual,0.9514
59147,Women,0.859,Casual,0.9957
59149,Men,1.0,Formal,0.7076
59160,Men,0.9865,Formal,0.9602
59161,Men,0.9952,Formal,0.8677
59165,Women,0.986,Casual,0.9992
59166,Men,0.9997,Formal,0.9074
59167,Men,0.999,Formal,0.9415
59172,Men,0.9848,Formal,0.595
59173,Men,0.9863,Formal,0.9394
59174,Men,0.9982,Formal,0.5496
59175,Men,0.9383,Casual,0.7248
59176,Men,0.9921,Casual,0.9522
59177,Men,0.9055,Casual,0.9606
59178,Men,0.9787,Formal,0.6527
59181,Men,0.9958,Casual,0.7751
59185,Men,0.9901,Casual,0.8552
59187,Women,0.9972,Casual,0.9994
59188,Women,0.9991,Casual,0.9989
59190,Men,0.9043,Casual,0.987
59212,Women,0.9931,Casual,0.9979
59213,Men,0.8597,Casual,0.9908
59214,Women,0.7213,Casual,0.9929
59215,Men,0.6529,Casual,0.9908
59216,Men,0.8404,Casual,0.9937
59217,Men,0.7337,Casual,0.8238
59218,Men,0.6272,Casual,0.5197
59219,Men,0.8499,Casual,0.9771
59220,Women,0.9039,Casual,0.9642
59221,Women,0.999,Casual,0.9964
59222,Women,0.995,Casual,0.9927
59223,Women,0.9798,Casual,0.9917
59224,Women,0.985,Casual,0.9657
59225,Women,0.9246,Casual,0.9938
59226,Women,0.9927,Casual,0.9871
59227,Women,0.9902,Casual,0.9971
59228,Women,0.975,Casual,0.9899
59229,Men,0.5139,Casual,0.9841
59230,Men,0.9142,Casual,0.9956
59231,Men,0.987,Casual,0.9807
59232,Men,0.8188,Casual,0.9662
59233,Men,0.8151,Casual,0.9638
59235,Men,0.8953,Casual,0.9935
59236,Men,0.9842,Casual,0.9713
59237,Men,0.8639,Casual,0.8319
59238,Men,0.8657,Casual,0.8932
59239,Men,0.9404,Casual,0.9922
59240,Men,0.7587,Casual,0.9293
59241,Men,0.822,Casual,0.8921
59242,Men,0.9343,Casual,0.9535
59243,Men,0.9714,Casual,0.9945
59244,Men,0.9805,Casual,0.9989
59245,Men,0.7756,Casual,0.9906
59246,Men,0.8249,Casual,0.8788
59247,Men,0.6668,Casual,0.9841
59248,Men,0.9889,Casual,0.9979
59249,Men,0.9023,Casual,0.9937
59250,Men,0.953,Casual,0.9041
59251,Men,0.9629,Casual,0.685
59252,Men,0.9043,Casual,0.9939
59253,Men,0.9835,Casual,0.9831
59254,Men,0.9649,Casual,0.9953
59255,Men,0.8136,Casual,0.9779
59256,Men,0.8681,Casual,0.9955
59257,Men,0.9594,Casual,0.9885
59258,Women,0.9998,Casual,0.9906
59259,Women,0.8484,Casual,0.8079
59260,Women,0.7809,Casual,0.9924
59261,Women,0.9962,Casual,0.9218
59262,Men,0.9537,Casual,0.9918
59263,Women,0.6116,Casual,0.9924
59264,Women,0.9442,Casual,0.9962
59265,Women,0.9994,Casual,0.9947
59266,Men,0.6782,Casual,0.8666
59267,Women,0.9243,Casual,0.9723
59268,Men,0.4934,Casual,0.9493
59269,Women,0.9236,Casual,0.9944
59270,Men,0.7773,Casual,0.9992
59271,Men,0.8201,Casual,0.9994
59272,Women,0.8723,Casual,0.9952
59273,Women,0.9924,Casual,0.998
59274,Women,0.6397,Casual,0.8845
59275,Men,0.6112,Casual,0.9317
59276,Men,0.8463,Casual,0.9899
59277,Women,0.5009,Casual,0.9852
59278,Men,0.6153,Casual,0.9096
59279,Women,0.8645,Casual,0.9351
59280,Women,0.9813,Casual,0.9885
59281,Men,0.8192,Casual,0.9739
59282,Men,0.7322,Casual,0.8919
59283,Men,0.9206,Casual,0.9966
59284,Men,0.8116,Casual,0.9946
59286,Women,0.961,Casual,0.9883
59287,Women,0.9999,Casual,0.9975
59290,Women,0.4674,Casual,0.9459
59291,Men,0.6865,Casual,0.9981
59292,Men,0.6974,Casual,0.9537
59293,Men,0.8184,Casual,0.9917
59294,Men,0.9994,Casual,0.9722
59295,Men,0.9976,Casual,0.9806
59296,Men,0.98,Casual,0.8641
59297,Men,0.9934,Casual,0.7513
59298,Men,0.546,Casual,0.8716
59299,Men,0.9822,Casual,0.8663
59300,Women,0.5105,Casual,0.7848
59301,Men,0.9989,Casual,0.9227
59302,Men,0.9156,Casual,0.969
59303,Men,0.6358,Casual,0.9804
59304,Men,0.9943,Casual,0.9989
59305,Men,0.9256,Casual,0.9823
59306,Men,0.9997,Casual,0.9768
59311,Men,0.9767,Casual,0.9934
59312,Men,0.9858,Casual,0.9105
59315,Women,0.6857,Casual,0.9754
59323,Men,0.9035,Casual,0.9983
59324,Men,0.9992,Casual,0.9994
59326,Women,0.9746,Casual,0.727
59329,Men,0.9989,Sports,0.842
59330,Men,0.9011,Casual,0.9999
59338,Women,0.9871,Casual,0.9737
59342,Men,0.9881,Casual,0.8863
59349,Men,0.8134,Casual,0.9996
59352,Women,1.0,Ethnic,0.9855
59353,Women,0.9995,Ethnic,0.9901
59354,Women,0.9857,Ethnic,0.8839
59355,Women,1.0,Ethnic,0.9572
59356,Women,0.9997,Ethnic,0.8891
59357,Women,1.0,Ethnic,0.9686
59358,Women,1.0,Casual,0.5862
59359,Women,1.0,Ethnic,0.9208
59360,Women,1.0,Ethnic,0.9781
59361,Women,1.0,Ethnic,0.9922
59362,Women,0.9968,Ethnic,0.842
59363,Women,1.0,Ethnic,0.9888
59364,Women,1.0,Ethnic,0.9974
59365,Women,1.0,Ethnic,0.8727
59366,Women,0.9577,Ethnic,0.9468
59367,Women,1.0,Ethnic,0.8528
59368,Women,1.0,Ethnic,1.0
59369,Women,1.0,Ethnic,0.9792
59370,Women,1.0,Ethnic,0.8392
59371,Women,0.9999,Ethnic,0.9998
59372,Women,0.9998,Ethnic,0.9959
59373,Women,1.0,Ethnic,0.9895
59374,Women,1.0,Ethnic,0.9984
59375,Women,1.0,Ethnic,0.9271
59376,Women,0.9998,Casual,0.5259
59377,Women,0.9909,Casual,0.6613
59378,Women,1.0,Ethnic,0.9663
59379,Women,1.0,Ethnic,0.9607
59380,Women,1.0,Ethnic,0.9445
59381,Women,0.9646,Ethnic,0.8516
59382,Women,1.0,Ethnic,0.9909
59383,Women,1.0,Ethnic,0.9956
59387,Women,0.9907,Casual,0.9992
59388,Women,0.932,Casual,0.9624
59390,Men,0.9985,Formal,0.822
59396,Men,0.9985,Casual,0.86
59399,Women,0.992,Ethnic,0.6851
59400,Women,1.0,Ethnic,0.9824
59403,Women,1.0,Ethnic,0.9421
59404,Women,1.0,Casual,0.8187
59405,Women,0.9999,Casual,0.8677
59407,Women,1.0,Casual,0.7109
59410,Women,0.9985,Casual,0.7096
59413,Women,0.8425,Casual,0.9796
59418,Women,1.0,Casual,0.9359
59421,Women,1.0,Casual,0.9568
59422,Women,0.7458,Casual,0.9925
59428,Women,0.4527,Casual,0.988
59430,Women,0.8358,Casual,0.9665
59432,Women,0.976,Casual,0.9958
59433,Women,0.9934,Casual,0.996
59435,Men,0.9927,Formal,0.9178
59436,Women,0.9952,Casual,0.999
59437,Women,0.9937,Casual,0.9564
59439,Men,1.0,Casual,0.9575
59440,Men,0.9998,Casual,0.9887
59441,Men,0.9985,Casual,0.8884
59442,Men,0.9999,Formal,0.7437
59443,Men,1.0,Casual,0.9
59444,Men,0.9924,Formal,0.7428
59445,Men,0.7927,Casual,0.7931
59446,Men,0.9977,Casual,0.7782
59448,Men,0.9992,Casual,0.9803
59451,Men,1.0,Formal,0.9236
59452,Men,0.9994,Casual,0.7498
59453,Men,0.9961,Casual,0.7051
59454,Men,0.9819,Casual,0.935
59455,Women,0.5639,Casual,0.9888
59456,Women,0.7163,Casual,0.9962
59457,Women,0.8839,Casual,0.9992
59458,Men,0.8853,Casual,0.5831
59459,Women,0.8,Casual,0.9016
59460,Women,0.8432,Casual,0.966
59461,Women,0.6101,Casual,0.9959
59462,Men,0.4216,Casual,0.9826
59463,Women,0.463,Casual,0.8767
59464,Women,0.6421,Casual,0.995
59465,Women,0.9138,Casual,0.9159
59466,Men,0.6055,Casual,0.8898
59467,Women,0.8691,Casual,0.9696
59468,Men,0.6032,Casual,0.9041
59469,Women,0.6814,Casual,0.7249
59470,Men,0.514,Casual,0.9299
59471,Women,0.3941,Casual,0.9838
59474,Women,0.9592,Casual,0.941
59481,Women,0.985,Casual,0.96
59484,Women,0.9994,Casual,0.9757
59498,Women,0.9972,Casual,0.9968
59499,Women,0.9981,Casual,0.9409
59501,Women,0.99,Casual,0.9759
59502,Women,0.9358,Casual,0.9536
59503,Women,0.9667,Casual,0.573
59504,Women,0.9932,Casual,0.806
59505,Women,0.9273,Casual,0.809
59507,Women,0.9574,Casual,0.7222
59508,Women,0.9671,Casual,0.6387
59509,Women,0.9209,Casual,0.5106
59510,Women,0.9512,Casual,0.5912
59511,Women,0.976,Formal,0.5485
59512,Women,0.9766,Casual,0.7189
59513,Women,0.9979,Casual,0.9883
59514,Women,0.9967,Casual,0.8174
59515,Women,0.9787,Casual,0.964
59516,Women,0.9981,Casual,0.9409
59518,Women,0.9997,Casual,0.9817
59519,Women,0.7763,Casual,0.9475
59520,Men,0.5273,Casual,0.9
59521,Women,0.9784,Ethnic,0.5992
59522,Women,0.9726,Casual,0.8354
59523,Women,0.9892,Ethnic,0.8277
59524,Women,0.9842,Casual,0.7133
59525,Women,0.9979,Ethnic,0.5644
59526,Women,0.9806,Casual,0.8616
59527,Women,0.9872,Casual,0.6223
59528,Women,0.9304,Ethnic,0.7323
59529,Women,0.9817,Ethnic,0.6903
59530,Women,0.8785,Casual,0.7536
59531,Women,0.5521,Casual,0.6931
59532,Women,0.9905,Casual,0.7471
59533,Women,0.994,Casual,0.5197
59534,Women,0.923,Casual,0.8852
59535,Women,0.9922,Ethnic,0.9709
59537,Women,0.9476,Casual,0.7247
59541,Women,0.9915,Casual,0.6337
59543,Women,0.9674,Casual,0.7224
59544,Women,0.8965,Casual,0.8182
59545,Women,0.9737,Casual,0.7639
59546,Women,0.8539,Casual,0.6527
59547,Women,0.9326,Ethnic,0.6646
59550,Women,0.7239,Casual,0.8293
59551,Women,0.7034,Casual,0.6468
59552,Men,0.8959,Casual,0.9887
59553,Women,0.733,Casual,0.9858
59554,Women,0.9165,Casual,0.9648
59555,Women,0.8712,Casual,0.9278
59556,Women,0.7826,Casual,0.9776
59557,Women,0.7891,Casual,0.984
59558,Women,0.5444,Casual,0.9916
59559,Women,0.7663,Casual,0.9852
59560,Women,0.8455,Casual,0.9718
59561,Women,0.5081,Casual,0.9522
59563,Women,0.3868,Casual,0.7092
59564,Men,0.7983,Formal,0.7727
59565,Men,0.7588,Formal,0.7738
59566,Men,0.7495,Formal,0.9653
59567,Unisex,0.5072,Casual,0.9337
59568,Men,0.6017,Formal,0.8165
59569,Men,0.6772,Formal,0.9247
59570,Men,0.7094,Casual,0.4566
59571,Men,0.8212,Formal,0.8137
59572,Unisex,0.4681,Casual,0.8109
59573,Men,0.8139,Formal,0.7957
59574,Men,0.8623,Formal,0.9457
59575,Men,0.8839,Formal,0.7582
59576,Unisex,0.8605,Casual,0.7095
59577,Men,0.9593,Formal,0.8214
59578,Men,0.6134,Formal,0.5359
59579,Men,0.8805,Formal,0.8184
59580,Unisex,0.645,Casual,0.7067
59581,Men,0.902,Formal,0.648
59582,Men,0.9161,Formal,0.82
59583,Men,0.7278,Formal,0.7884
59584,Men,0.8355,Formal,0.9141
59585,Men,0.9038,Formal,0.5568
59586,Unisex,0.5378,Formal,0.5313
59587,Men,0.5829,Formal,0.7036
59589,Women,0.9995,Ethnic,0.9306
59590,Women,0.9601,Ethnic,0.9618
59591,Women,1.0,Ethnic,0.9997
59592,Women,0.9695,Ethnic,0.8644
59593,Women,0.8078,Ethnic,0.9736
59594,Women,0.9069,Ethnic,0.9773
59595,Women,0.6603,Ethnic,0.9971
59596,Women,0.5729,Ethnic,0.9618
59597,Women,0.9922,Ethnic,0.996
59598,Women,0.9609,Ethnic,0.8688
59599,Women,0.9945,Ethnic,0.9709
59600,Women,0.9995,Ethnic,0.9974
59601,Women,0.9901,Ethnic,0.9326
59603,Women,0.9959,Ethnic,0.9949
59604,Women,0.9999,Ethnic,0.9588
59606,Women,0.4238,Ethnic,0.9677
59607,Women,0.9999,Ethnic,0.975
59608,Women,0.9997,Ethnic,0.9989
59609,Women,0.9989,Ethnic,0.9771
59610,Women,0.9937,Ethnic,0.9895
59611,Women,0.8874,Ethnic,0.955
59612,Women,0.985,Ethnic,0.9631
59613,Women,0.9481,Ethnic,0.9333
59614,Women,0.9998,Ethnic,0.9748
59615,Women,0.9825,Ethnic,0.9907
59616,Women,0.9797,Ethnic,0.9813
59618,Women,0.9981,Ethnic,0.9913
59619,Women,0.9953,Ethnic,0.9973
59620,Women,0.8784,Ethnic,0.984
59621,Women,0.9993,Ethnic,0.9828
59622,Women,0.9752,Ethnic,0.9728
59623,Women,0.9993,Ethnic,0.9373
59624,Women,0.9957,Ethnic,0.9427
59625,Women,0.9983,Ethnic,0.997
59626,Women,0.9968,Ethnic,0.983
59628,Women,0.9997,Ethnic,0.9889
59630,Women,0.9995,Ethnic,0.9959
59631,Women,0.9293,Ethnic,0.9953
59632,Women,0.5492,Ethnic,0.9809
59633,Women,0.9941,Ethnic,0.9905
59634,Women,0.9901,Ethnic,0.9881
59635,Women,0.9121,Ethnic,0.4905
59636,Women,0.974,Ethnic,0.9706
59637,Women,0.9973,Ethnic,0.9975
59638,Women,0.9622,Ethnic,0.9488
59639,Women,0.9893,Ethnic,0.9679
59640,Women,0.9221,Ethnic,0.8257
59641,Women,0.9998,Ethnic,0.9245
59642,Women,0.7103,Ethnic,0.7957
59643,Women,0.9978,Ethnic,0.9929
59644,Women,0.6088,Ethnic,0.8303
59645,Women,0.9995,Ethnic,0.9506
59646,Women,0.9685,Ethnic,0.9839
59647,Women,0.9953,Ethnic,0.6054
59648,Women,0.9998,Ethnic,0.934
59649,Women,0.9809,Ethnic,0.9648
59650,Women,0.9961,Ethnic,0.9677
59651,Women,0.9964,Ethnic,0.901
59652,Women,0.9968,Ethnic,0.9508
59653,Women,0.8865,Ethnic,0.7907
59654,Women,0.9561,Ethnic,0.8427
59655,Women,0.996,Ethnic,0.9955
59656,Women,0.9929,Ethnic,0.9912
59657,Women,0.9998,Casual,0.5992
59658,Women,0.9925,Ethnic,0.8112
59659,Women,0.9999,Ethnic,0.9089
59660,Women,0.9985,Ethnic,0.8251
59661,Women,0.9823,Ethnic,0.9746
59662,Women,0.9787,Ethnic,0.6372
59663,Women,0.9983,Ethnic,0.9811
59664,Women,0.9996,Ethnic,0.9865
59665,Women,0.994,Ethnic,0.9108
59666,Women,0.9047,Casual,0.7195
59667,Women,0.893,Ethnic,0.9898
59668,Women,0.9631,Ethnic,0.9601
59669,Women,0.5197,Ethnic,0.8971
59670,Women,0.9841,Ethnic,0.9613
59672,Women,0.9892,Ethnic,0.9885
59673,Men,0.4216,Ethnic,0.702
59674,Women,0.969,Ethnic,0.9962
59675,Women,0.9417,Casual,0.9935
59676,Women,0.9995,Casual,0.9947
59677,Women,0.8862,Casual,0.9648
59678,Men,0.6684,Casual,0.927
59679,Women,0.7961,Casual,0.8782
59680,Women,0.8039,Casual,0.914
59681,Women,0.9287,Casual,0.985
59682,Women,0.9235,Casual,0.9885
59683,Women,0.4947,Casual,0.9705
59684,Men,0.5231,Casual,0.9732
59685,Men,0.5035,Casual,0.9695
59686,Women,0.6325,Casual,0.9754
59687,Women,0.8363,Casual,0.9407
59688,Women,0.5318,Casual,0.9773
59689,Women,0.9983,Casual,0.7771
59690,Women,0.9986,Casual,0.8688
59691,Women,0.9996,Casual,0.8351
59692,Women,0.9237,Casual,0.801
59693,Women,0.7624,Casual,0.9684
59694,Women,0.9072,Casual,0.9629
59695,Women,0.5499,Casual,0.9463
59696,Women,0.6916,Casual,0.8889
59697,Women,1.0,Casual,0.9351
59698,Women,1.0,Casual,0.952
59699,Women,0.6804,Sports,0.4972
59700,Women,0.9997,Casual,0.9085
59701,Women,0.5098,Casual,0.8271
59702,Women,0.9999,Casual,0.9954
59703,Women,0.5135,Casual,0.9752
59704,Women,0.479,Casual,0.8855
59705,Women,0.9416,Casual,0.8496
59706,Women,0.9748,Casual,0.8487
59707,Men,0.4943,Casual,0.9385
59708,Women,0.789,Casual,0.9855
59709,Women,0.6735,Casual,0.9771
59710,Women,0.5933,Casual,0.8777
59711,Women,0.7686,Casual,0.9807
59712,Women,1.0,Casual,0.9851
59713,Women,1.0,Casual,0.9363
59714,Women,0.9995,Casual,0.5615
59715,Women,0.9952,Casual,0.7496
59716,Women,0.9978,Casual,0.7442
59717,Women,0.9354,Casual,0.8958
59718,Women,0.9992,Casual,0.7887
59719,Women,0.9401,Casual,0.8821
59720,Women,0.996,Casual,0.8425
59721,Women,0.5511,Casual,0.9168
59722,Women,0.9567,Casual,0.9775
59723,Women,0.998,Casual,0.7945
59724,Women,0.6989,Casual,0.9017
59725,Women,0.9844,Casual,0.8305
59726,Women,0.8199,Casual,0.7446
59727,Women,0.9893,Casual,0.8394
59728,Women,0.9983,Casual,0.9223
59729,Women,0.9878,Casual,0.9692
59730,Women,0.9981,Casual,0.9007
59731,Women,0.905,Sports,0.5618
59732,Men,0.6871,Casual,0.8923
59733,Women,0.8082,Casual,0.9788
59734,Women,0.9521,Casual,0.9877
59735,Women,0.8882,Casual,0.9343
59736,Women,0.7384,Casual,0.9739
59739,Women,0.9985,Casual,0.7474
59740,Women,0.9988,Casual,0.784
59741,Women,0.9798,Sports,0.589
59742,Women,0.5673,Casual,0.9727
59743,Women,0.5161,Casual,0.944
59744,Women,0.9988,Casual,0.9113
59745,Women,1.0,Casual,0.9829
59746,Women,0.9975,Casual,0.8496
59747,Women,0.9953,Casual,0.9678
59748,Women,1.0,Ethnic,0.6091
59749,Women,1.0,Casual,0.6884
59750,Men,0.6283,Casual,0.9163
59751,Women,0.7669,Casual,0.9395
59752,Men,0.6645,Casual,0.8913
59753,Women,0.8541,Casual,0.9742
59754,Women,0.9991,Casual,0.8902
59755,Women,0.9083,Casual,0.9258
59756,Women,0.9981,Casual,0.9956
59757,Women,0.9964,Casual,0.9967
59758,Women,0.987,Casual,0.9718
59759,Women,0.9853,Casual,0.994
59760,Women,0.9992,Casual,0.9956
59761,Women,0.9928,Casual,0.9938
59762,Women,0.8936,Casual,0.9849
59763,Women,0.9866,Casual,0.9993
59764,Women,0.995,Casual,0.998
59765,Women,0.9926,Ethnic,0.8938
59766,Women,0.9848,Ethnic,0.84
59767,Women,0.996,Ethnic,0.5573
59768,Women,0.7791,Casual,0.5313
59769,Women,0.9634,Casual,0.8732
59770,Women,0.856,Casual,0.9742
59771,Women,0.9968,Casual,0.9857
59772,Women,0.9422,Casual,0.7804
59773,Women,0.9894,Casual,0.9705
59774,Men,0.4235,Casual,0.7272
59775,Men,0.6586,Casual,0.9946
59776,Women,0.469,Casual,0.9958
59777,Women,0.5809,Casual,0.968
59778,Men,0.5241,Casual,0.9947
59779,Women,0.6909,Casual,0.9256
59780,Men,0.61,Casual,0.9926
59781,Women,0.8222,Casual,0.972
59782,Women,0.8073,Casual,0.9366
59783,Women,0.8523,Casual,0.9962
59784,Women,0.8532,Casual,0.9931
59794,Women,1.0,Casual,0.9745
59795,Women,0.9999,Casual,0.9943
59796,Women,0.9999,Casual,0.991
59797,Men,0.9988,Casual,0.8824
59810,Men,0.9124,Casual,0.9977
59811,Women,1.0,Casual,0.8865
59813,Women,0.6776,Casual,0.7844
59814,Men,0.977,Casual,0.6696
59819,Men,0.9915,Casual,0.9436
59824,Men,0.9986,Casual,0.9991
59826,Men,0.9999,Casual,0.9984
59827,Men,0.9881,Casual,0.9993
59832,Men,0.8303,Casual,0.9051
59833,Men,0.9896,Casual,0.6392
59834,Men,0.9998,Casual,0.8716
59838,Men,0.9998,Casual,0.8821
59839,Women,0.7327,Casual,0.7578
59851,Women,0.9906,Casual,0.979
59853,Men,0.5842,Casual,0.7993
59856,Men,0.6853,Casual,0.9723
59858,Men,0.7391,Casual,0.9883
59859,Women,0.4864,Casual,0.9912
59860,Men,0.9424,Casual,0.9461
59862,Men,0.4718,Casual,0.9939
59863,Men,0.7632,Casual,0.9583
59866,Men,0.6086,Casual,0.9734
59872,Women,0.9984,Casual,0.8997
59873,Women,0.7046,Casual,0.7057
59874,Women,0.9981,Casual,0.9774
59875,Women,0.9968,Casual,0.9364
59876,Women,0.9513,Ethnic,0.8657
59877,Women,0.9851,Formal,0.4908
59878,Men,0.7542,Casual,0.8685
59879,Women,0.8247,Casual,0.8787
59880,Women,0.9737,Casual,0.8561
59881,Men,0.8993,Casual,0.7735
59882,Women,1.0,Casual,0.9198
59883,Women,1.0,Casual,0.9987
59884,Women,1.0,Casual,0.795
59885,Women,1.0,Casual,0.9989
59886,Women,0.9991,Casual,0.9871
59887,Women,1.0,Casual,0.9899
59888,Women,1.0,Casual,0.8879
59889,Women,1.0,Casual,0.9967
59890,Women,0.9999,Casual,0.9037
59891,Women,0.9804,Casual,0.9865
59892,Women,0.998,Casual,0.71
59893,Women,0.9029,Casual,0.9071
59894,Women,1.0,Casual,0.9599
59895,Women,1.0,Casual,0.8852
59896,Women,0.9987,Ethnic,0.6847
59897,Women,0.9998,Ethnic,0.8874
59898,Women,0.5207,Casual,0.8763
59900,Women,0.9948,Casual,0.8829
59901,Women,0.9569,Casual,0.6315
59902,Women,0.8797,Casual,0.8721
59903,Women,1.0,Casual,0.8571
59904,Women,1.0,Casual,0.8192
59905,Women,0.9985,Casual,0.8979
59906,Women,0.9996,Ethnic,0.7086
59907,Women,0.9361,Casual,0.8323
59908,Women,0.991,Ethnic,0.9162
59909,Women,0.7912,Ethnic,0.5332
59910,Women,0.983,Ethnic,0.942
59911,Women,0.602,Ethnic,0.972
59912,Women,0.8924,Ethnic,0.8952
59914,Women,0.9124,Ethnic,0.5324
59915,Women,0.5257,Ethnic,0.9381
59916,Women,0.9946,Ethnic,0.7196
59917,Women,0.9984,Ethnic,0.7075
59918,Women,0.5007,Casual,0.6917
59919,Women,0.8362,Ethnic,0.8121
59920,Women,0.9988,Ethnic,0.9534
59921,Women,0.5301,Casual,0.4937
59922,Women,0.9358,Ethnic,0.9958
59923,Women,0.9991,Ethnic,0.9203
59924,Women,0.9961,Ethnic,0.8414
59925,Women,0.8173,Ethnic,0.962
59926,Women,0.8825,Ethnic,0.9502
59927,Women,0.9559,Casual,0.8177
59928,Women,0.5308,Casual,0.821
59929,Women,0.9974,Ethnic,0.6369
59930,Women,0.9999,Ethnic,0.9083
59931,Women,0.9771,Ethnic,0.7508
59932,Women,0.6899,Casual,0.9129
59933,Women,0.9989,Ethnic,0.956
59934,Women,0.9992,Ethnic,0.5217
59935,Men,0.9651,Casual,0.9971
59936,Men,0.9966,Casual,0.9996
59937,Men,0.9941,Casual,0.9971
59938,Men,0.5126,Casual,0.999
59939,Men,0.8918,Casual,0.9998
59940,Unisex,0.697,Casual,0.9995
59941,Men,0.5876,Casual,0.9954
59942,Men,0.7165,Casual,0.9992
59943,Unisex,0.6651,Casual,0.9988
59944,Unisex,0.635,Casual,0.9998
59945,Men,0.9844,Casual,0.9927
59946,Women,0.8697,Casual,0.9958
59947,Women,0.9846,Casual,0.9921
59948,Women,0.7596,Casual,0.9613
59949,Women,0.9602,Casual,0.9797
59950,Women,0.8584,Casual,0.997
59951,Women,0.7421,Casual,0.9999
59961,Men,0.8488,Casual,0.9928
59962,Men,0.8728,Casual,0.9613
59963,Women,1.0,Casual,0.9182
59964,Women,1.0,Casual,0.5903
59965,Men,0.9846,Sports,0.5752
59966,Women,0.998,Casual,0.5805
59967,Women,1.0,Ethnic,0.8037
59968,Women,0.9721,Casual,0.9358
59969,Women,0.7764,Casual,0.9412
59970,Women,0.9997,Casual,0.819
59971,Women,0.9986,Casual,0.967
59972,Women,0.9997,Casual,0.6874
59973,Women,1.0,Casual,0.9671
59974,Women,0.5264,Casual,0.9345
59975,Women,0.9999,Ethnic,0.5683
59976,Women,0.5025,Casual,0.8969
59977,Women,1.0,Casual,0.8652
59978,Women,0.9692,Casual,0.9041
59979,Women,1.0,Casual,0.578
59980,Women,0.9622,Casual,0.6396
59981,Women,0.9874,Casual,0.9968
59982,Women,0.9686,Casual,0.6651
59983,Women,0.9982,Ethnic,0.5807
59984,Women,0.9997,Casual,0.6694
59985,Women,0.9999,Casual,0.7369
59986,Women,0.9974,Casual,0.6017
59987,Women,0.7306,Casual,0.4635
59988,Women,1.0,Casual,0.6708
59989,Women,1.0,Casual,0.6183
59990,Women,0.9991,Casual,0.8729
59991,Women,0.9739,Casual,0.9133
59992,Women,0.9974,Casual,0.9857
59993,Women,0.9386,Sports,0.592
59994,Women,0.9998,Casual,0.7386
59995,Men,0.4858,Sports,0.6036
59996,Women,1.0,Ethnic,0.8253
59998,Women,0.9855,Casual,0.9641
59999,Women,0.9989,Casual,0.9906
60000,Women,0.9963,Ethnic,0.6408
