id,gender,articleType,season,usage
52003,,Flip Flops,,
52007,,Dresses,,
52017,,Dresses,,
52021,,Dresses,,
52023,,Tops,,
52026,,Jackets,,
52027,,Sweatshirts,,
52028,,Kurtas,,
52029,,Jackets,,
52030,,Tops,,
52031,,Shirts,,
52032,,Shirts,,
52034,,Shirts,,
52042,,Stoles,,
52043,,Jackets,,
52044,,Tops,,
52045,,Jackets,,
52049,,Shirts,,
52050,,Innerwear Vests,,
52051,,Tshirts,,
52052,,Tshirts,,
52053,,Innerwear Vests,,
52054,,Tops,,
52055,,Tshirts,,
52056,,Tshirts,,
52057,,Tshirts,,
52058,,Tshirts,,
52059,,Tshirts,,
52060,,Tshirts,,
52061,,Tshirts,,
52062,,Tshirts,,
52063,,Tshirts,,
52064,,Tshirts,,
52065,,Tshirts,,
52066,,Tshirts,,
52067,,Tshirts,,
52068,,Tshirts,,
52069,,Tshirts,,
52070,,Tshirts,,
52071,,Tshirts,,
52072,,Tshirts,,
52073,,Tshirts,,
52074,,Tshirts,,
52075,,Tshirts,,
52076,,Tshirts,,
52077,,Shirts,,
52078,,Tshirts,,
52079,,Perfume and Body Mist,,
52080,,Tshirts,,
52081,,Tshirts,,
52082,,Innerwear Vests,,
52083,,Tshirts,,
52084,,Tops,,
52085,,Tops,,
52086,,Tops,,
52087,,Tops,,
52088,,Tops,,
52089,,Tops,,
52090,,Tops,,
52091,,Tops,,
52092,,Tops,,
52093,,Tops,,
52094,,Tops,,
52095,,Tops,,
52096,,Tops,,
52097,,Tops,,
52098,,Tops,,
52099,,Tops,,
52100,,Kurtas,,
52101,,Kurtas,,
52102,,Kurtas,,
52103,,Tops,,
52104,,Kurtas,,
52105,,Kurtas,,
52106,,Kurtas,,
52107,,Kurtas,,
52108,,Kurtas,,
52109,,Dresses,,
52110,,Kurtas,,
52111,,Kurtas,,
52112,,Tops,,
52113,,Tops,,
52114,,Tops,,
52115,,Tops,,
52116,,Tops,,
52117,,Tops,,
52118,,Tops,,
52119,,Tops,,
52120,,Tshirts,,
52121,,Tshirts,,
52122,,Tshirts,,
52123,,Tops,,
52124,,Dresses,,
52125,,Dresses,,
52126,,Tops,,
52127,,Tshirts,,
52128,,Dresses,,
52129,,Earrings,,
52130,,Dresses,,
52131,,Dresses,,
52132,,Tshirts,,
52133,,Skirts,,
52134,,Jeans,,
52135,,Tops,,
52136,,Tops,,
52137,,Tops,,
52138,,Tshirts,,
52139,,Tops,,
52140,,Tops,,
52141,,Tshirts,,
52142,,Tshirts,,
52143,,Tshirts,,
52144,,Tshirts,,
52145,,Tops,,
52146,,Tshirts,,
52147,,Tshirts,,
52148,,Tshirts,,
52149,,Tshirts,,
52150,,Tshirts,,
52151,,Tshirts,,
52153,,Tops,,
52154,,Tops,,
52155,,Tops,,
52156,,Tops,,
52157,,Ties,,
52158,,Nightdress,,
52159,,Tops,,
52160,,Tops,,
52161,,Dresses,,
52162,,Dresses,,
52163,,Tops,,
52164,,Tops,,
52165,,Watches,,
52166,,Socks,,
52168,,Ring,,
52169,,Watches,,
52172,,Sports Shoes,,
52173,,Tops,,
52176,,Watches,,
52177,,Kurtas,,
52178,,Sandals,,
52179,,Watches,,
52180,,Ties,,
52181,,Earrings,,
52182,,Watches,,
52183,,Earrings,,
52185,,Earrings,,
52186,,Earrings,,
52187,,Cufflinks,,
52190,,Casual Shoes,,
52191,,Socks,,
52193,,Earrings,,
52195,,Earrings,,
52198,,Pendant,,
52200,,Watches,,
52202,,Watches,,
52204,,Watches,,
52205,,Ties,,
52209,,Necklace and Chains,,
52210,,Ties,,
52211,,Watches,,
52214,,Watches,,
52220,,Necklace and Chains,,
52221,,Pendant,,
52222,,Handbags,,
52223,,Skirts,,
52224,,Necklace and Chains,,
52225,,Socks,,
52228,,Sports Shoes,,
52230,,Handbags,,
52235,,Jeans,,
52254,,Briefs,,
52255,,Trunk,,
52256,,Trunk,,
52257,,Trunk,,
52299,,Shorts,,
52303,,Ties,,
52304,,Ties,,
52305,,Necklace and Chains,,
52306,,Necklace and Chains,,
52307,,Necklace and Chains,,
52308,,Necklace and Chains,,
52309,,Necklace and Chains,,
52310,,Earrings,,
52311,,Necklace and Chains,,
52312,,Necklace and Chains,,
52313,,Belts,,
52314,,Handbags,,
52315,,Belts,,
52316,,Belts,,
52317,,Wallets,,
52318,,Belts,,
52320,,Belts,,
52322,,Belts,,
52323,,Belts,,
52324,,Belts,,
52325,,Belts,,
52326,,Belts,,
52327,,Belts,,
52328,,Handbags,,
52329,,Belts,,
52330,,Wallets,,
52331,,Wallets,,
52332,,Wallets,,
52333,,Wallets,,
52334,,Clutches,,
52335,,Clutches,,
52336,,Clutches,,
52337,,Wallets,,
52338,,Clutches,,
52339,,Wallets,,
52340,,Dresses,,
52341,,Dresses,,
52342,,Dresses,,
52343,,Dresses,,
52344,,Dresses,,
52345,,Dresses,,
52346,,Dresses,,
52347,,Dresses,,
52348,,Dresses,,
52349,,Dresses,,
52350,,Dresses,,
52351,,Nightdress,,
52352,,Dresses,,
52353,,Dresses,,
52354,,Dresses,,
52355,,Ties,,
52356,,Dresses,,
52357,,Dresses,,
52358,,Dresses,,
52359,,Dresses,,
52360,,Dresses,,
52361,,Dresses,,
52362,,Dresses,,
52363,,Dresses,,
52364,,Nightdress,,
52366,,Dresses,,
52367,,Dresses,,
52368,,Nightdress,,
52369,,Dresses,,
52370,,Dresses,,
52371,,Dresses,,
52372,,Dresses,,
52373,,Dresses,,
52374,,Dresses,,
52375,,Dresses,,
52376,,Dresses,,
52377,,Dresses,,
52378,,Dresses,,
52379,,Dresses,,
52380,,Dresses,,
52381,,Night suits,,
52382,,Kurtas,,
52383,,Kurtas,,
52384,,Dresses,,
52385,,Dresses,,
52386,,Dresses,,
52387,,Dresses,,
52390,,Nightdress,,
52391,,Dresses,,
52392,,Nightdress,,
52393,,Nightdress,,
52394,,Nightdress,,
52395,,Dresses,,
52396,,Dresses,,
52397,,Dresses,,
52398,,Dresses,,
52399,,Nightdress,,
52400,,Dresses,,
52401,,Dresses,,
52402,,Tops,,
52403,,Dresses,,
52404,,Dresses,,
52405,,Dresses,,
52406,,Dresses,,
52407,,Dresses,,
52408,,Dresses,,
52409,,Dresses,,
52410,,Dresses,,
52411,,Dresses,,
52412,,Dresses,,
52413,,Dresses,,
52414,,Dresses,,
52415,,Dresses,,
52416,,Dresses,,
52417,,Dresses,,
52418,,Dresses,,
52419,,Dresses,,
52420,,Dresses,,
52421,,Dresses,,
52422,,Dresses,,
52423,,Dresses,,
52424,,Dresses,,
52425,,Dresses,,
52426,,Dresses,,
52427,,Nightdress,,
52428,,Dresses,,
52429,,Dresses,,
52430,,Nightdress,,
52431,,Dresses,,
52432,,Dresses,,
52434,,Dresses,,
52435,,Dresses,,
52436,,Dresses,,
52437,,Dresses,,
52438,,Dresses,,
52439,,Dresses,,
52440,,Dresses,,
52441,,Dresses,,
52442,,Dresses,,
52443,,Nightdress,,
52444,,Dresses,,
52445,,Tops,,
52446,,Dresses,,
52447,,Nightdress,,
52448,,Dresses,,
52449,,Nightdress,,
52450,,Nightdress,,
52451,,Dresses,,
52452,,Dresses,,
52453,,Dresses,,
52454,,Dresses,,
52455,,Tops,,
52456,,Dresses,,
52457,,Nightdress,,
52458,,Dresses,,
52459,,Nightdress,,
52460,,Nightdress,,
52461,,Dresses,,
52462,,Dresses,,
52463,,Dresses,,
52464,,Dresses,,
52465,,Bra,,
52466,,Bra,,
52467,,Tops,,
52468,,Tops,,
52469,,Tops,,
52470,,Bra,,
52472,,Dresses,,
52473,,Dresses,,
52474,,Dresses,,
52475,,Dresses,,
52476,,Dresses,,
52477,,Dresses,,
52478,,Nightdress,,
52479,,Bra,,
52480,,Dresses,,
52481,,Nightdress,,
52482,,Nightdress,,
52483,,Bra,,
52484,,Bra,,
52485,,Bra,,
52486,,Bra,,
52487,,Bra,,
52488,,Bra,,
52489,,Bra,,
52490,,Bra,,
52491,,Tops,,
52492,,Tops,,
52493,,Tops,,
52494,,Skirts,,
52495,,Kurtas,,
52496,,Kurtas,,
52497,,Tshirts,,
52498,,Dresses,,
52499,,Dresses,,
52500,,Dresses,,
52501,,Dresses,,
52502,,Dresses,,
52503,,Dresses,,
52504,,Dresses,,
52505,,Dresses,,
52506,,Dresses,,
52507,,Dresses,,
52508,,Dresses,,
52509,,Nightdress,,
52510,,Dresses,,
52511,,Dresses,,
52512,,Dresses,,
52513,,Dresses,,
52514,,Bra,,
52515,,Bra,,
52516,,Bra,,
52517,,Nightdress,,
52518,,Nightdress,,
52519,,Nightdress,,
52520,,Shorts,,
52522,,Jeans,,
52523,,Jeans,,
52524,,Leggings,,
52525,,Trousers,,
52528,,Leggings,,
52529,,Jeans,,
52536,,Trousers,,
52539,,Trousers,,
52547,,Jeans,,
52548,,Jeans,,
52553,,Ties,,
52554,,Ties,,
52555,,Jeans,,
52556,,Jeans,,
52557,,Trousers,,
52558,,Wallets,,
52559,,Wallets,,
52560,,Clutches,,
52561,,Wallets,,
52563,,Wallets,,
52564,,Clutches,,
52565,,Clutches,,
52568,,Wallets,,
52569,,Handbags,,
52570,,Clutches,,
52574,,Clutches,,
52575,,Clutches,,
52576,,Clutches,,
52577,,Clutches,,
52579,,Clutches,,
52581,,Handbags,,
52582,,Casual Shoes,,
52585,,Clutches,,
52586,,Clutches,,
52588,,Clutches,,
52589,,Handbags,,
52593,,Handbags,,
52594,,Clutches,,
52599,,Wallets,,
52602,,Clutches,,
52603,,Clutches,,
52604,,Clutches,,
52609,,Handbags,,
52616,,Handbags,,
52618,,Handbags,,
52622,,Handbags,,
52623,,Handbags,,
52626,,Handbags,,
52632,,Handbags,,
52633,,Handbags,,
52634,,Handbags,,
52635,,Handbags,,
52636,,Handbags,,
52637,,Handbags,,
52638,,Handbags,,
52639,,Handbags,,
52641,,Handbags,,
52642,,Handbags,,
52643,,Handbags,,
52647,,Handbags,,
52648,,Handbags,,
52649,,Handbags,,
52650,,Handbags,,
52651,,Handbags,,
52652,,Handbags,,
52653,,Handbags,,
52654,,Handbags,,
52655,,Handbags,,
52656,,Handbags,,
52657,,Handbags,,
52658,,Handbags,,
52659,,Sandals,,
52660,,Handbags,,
52661,,Handbags,,
52665,,Watches,,
52670,,Watches,,
52671,,Watches,,
52673,,Watches,,
52675,,Watches,,
52676,,Watches,,
52677,,Watches,,
52678,,Watches,,
52679,,Ties,,
52680,,Watches,,
52681,,Watches,,
52682,,Watches,,
52683,,Watches,,
52684,,Watches,,
52686,,Watches,,
52687,,Scarves,,
52688,,Watches,,
52690,,Watches,,
52691,,Wallets,,
52692,,Watches,,
52693,,Watches,,
52694,,Watches,,
52695,,Watches,,
52749,,Deodorant,,
52751,,Deodorant,,
52754,,Handbags,,
52756,,Handbags,,
52758,,Handbags,,
52759,,Handbags,,
52766,,Handbags,,
52767,,Handbags,,
52768,,Handbags,,
52772,,Wallets,,
52773,,Wallets,,
52774,,Wallets,,
52775,,Wallets,,
52776,,Wallets,,
52777,,Wallets,,
52778,,Wallets,,
52779,,Wallets,,
52780,,Wallets,,
52781,,Wallets,,
52782,,Wallets,,
52784,,Wallets,,
52785,,Wallets,,
52786,,Wallets,,
52789,,Wallets,,
52791,,Wallets,,
52792,,Wallets,,
52793,,Wallets,,
52794,,Wallets,,
52795,,Wallets,,
52796,,Wallets,,
52797,,Wallets,,
52798,,Wallets,,
52799,,Wallets,,
52800,,Wallets,,
52801,,Wallets,,
52802,,Wallets,,
52803,,Wallets,,
52804,,Wallets,,
52805,,Wallets,,
52806,,Wallets,,
52807,,Wallets,,
52808,,Wallets,,
52809,,Wallets,,
52810,,Wallets,,
52811,,Wallets,,
52812,,Wallets,,
52813,,Wallets,,
52814,,Wallets,,
52816,,Watches,,
52817,,Earrings,,
52818,,Earrings,,
52819,,Earrings,,
52820,,Earrings,,
52822,,Earrings,,
52823,,Earrings,,
52825,,Earrings,,
52827,,Earrings,,
52828,,Earrings,,
52831,,Earrings,,
52834,,Earrings,,
52835,,Earrings,,
52836,,Watches,,
52837,,Earrings,,
52839,,Earrings,,
52840,,Earrings,,
52841,,Earrings,,
52842,,Earrings,,
52846,,Earrings,,
52847,,Earrings,,
52848,,Ring,,
52850,,Earrings,,
52851,,Earrings,,
52852,,Earrings,,
52854,,Earrings,,
52855,,Earrings,,
52859,,Earrings,,
52860,,Earrings,,
52862,,Earrings,,
52863,,Earrings,,
52864,,Earrings,,
52868,,Earrings,,
52869,,Earrings,,
52871,,Deodorant,,
52874,,Sarees,,
52875,,Sarees,,
52876,,Sarees,,
52877,,Sarees,,
52878,,Sarees,,
52879,,Sarees,,
52880,,Dresses,,
52881,,Sarees,,
52882,,Sarees,,
52883,,Sarees,,
52884,,Sarees,,
52885,,Sarees,,
52886,,Dresses,,
52887,,Sarees,,
52888,,Sarees,,
52889,,Kurtas,,
52890,,Sarees,,
52891,,Sarees,,
52892,,Sarees,,
52893,,Sarees,,
52894,,Sarees,,
52895,,Sarees,,
52896,,Dresses,,
52897,,Sarees,,
52898,,Sarees,,
52899,,Sarees,,
52901,,Sarees,,
52902,,Sarees,,
52903,,Sarees,,
52904,,Sarees,,
52905,,Sarees,,
52906,,Sarees,,
52907,,Sarees,,
52908,,Sarees,,
52909,,Dresses,,
52910,,Sarees,,
52911,,Sarees,,
52912,,Sarees,,
52913,,Sarees,,
52914,,Sarees,,
52915,,Sarees,,
52916,,Sarees,,
52917,,Sarees,,
52918,,Sarees,,
52919,,Sarees,,
52920,,Sarees,,
52921,,Sarees,,
52922,,Sarees,,
52923,,Sarees,,
52924,,Kurtas,,
52925,,Sarees,,
52926,,Sarees,,
52927,,Sarees,,
52928,,Sarees,,
52929,,Sarees,,
52930,,Sarees,,
52931,,Sarees,,
52934,,Dresses,,
52935,,Sarees,,
52936,,Sarees,,
52937,,Sarees,,
52938,,Sarees,,
52940,,Sarees,,
52941,,Sarees,,
52942,,Sarees,,
52943,,Sarees,,
52944,,Sarees,,
52945,,Sarees,,
52946,,Sarees,,
52947,,Dresses,,
52948,,Sarees,,
52949,,Sarees,,
52950,,Sarees,,
52951,,Sarees,,
52952,,Sarees,,
52953,,Sarees,,
52954,,Sarees,,
52955,,Dresses,,
52956,,Sarees,,
52957,,Sarees,,
52958,,Sarees,,
52959,,Sarees,,
52960,,Sarees,,
52961,,Sarees,,
52962,,Sarees,,
52963,,Sarees,,
52964,,Sarees,,
52965,,Sarees,,
52966,,Sarees,,
52967,,Dresses,,
52968,,Sarees,,
52969,,Sarees,,
52970,,Sarees,,
52971,,Sarees,,
52972,,Sarees,,
52973,,Sarees,,
52975,,Sarees,,
52976,,Sarees,,
52978,,Sarees,,
52979,,Sarees,,
52980,,Sarees,,
52981,,Sarees,,
52982,,Sarees,,
52983,,Sarees,,
52986,,Sarees,,
52987,,Sarees,,
52988,,Sarees,,
52989,,Sarees,,
52990,,Sarees,,
52991,,Sarees,,
52992,,Sarees,,
52993,,Sarees,,
52996,,Sarees,,
52998,,Sarees,,
52999,,Dresses,,
53000,,Sarees,,
53001,,Dresses,,
53002,,Dresses,,
53003,,Nightdress,,
53004,,Dresses,,
53006,,Kurtas,,
53007,,Dresses,,
53008,,Sarees,,
53009,,Sarees,,
53010,,Kurtas,,
53011,,Sarees,,
53013,,Sarees,,
53014,,Sarees,,
53015,,Sarees,,
53016,,Sarees,,
53017,,Sarees,,
53019,,Sarees,,
53020,,Sarees,,
53021,,Sarees,,
53023,,Sarees,,
53024,,Sarees,,
53025,,Sarees,,
53026,,Sarees,,
53027,,Sarees,,
53029,,Sarees,,
53030,,Sarees,,
53031,,Sarees,,
53032,,Sarees,,
53033,,Sarees,,
53034,,Sarees,,
53035,,Sarees,,
53036,,Sarees,,
53037,,Sarees,,
53038,,Sarees,,
53039,,Sarees,,
53040,,Sarees,,
53041,,Sarees,,
53042,,Sarees,,
53043,,Dresses,,
53044,,Sarees,,
53045,,Sarees,,
53046,,Sarees,,
53047,,Sarees,,
53048,,Sarees,,
53049,,Sarees,,
53050,,Sarees,,
53051,,Sarees,,
53052,,Sarees,,
53053,,Sarees,,
53054,,Sarees,,
53055,,Sarees,,
53056,,Sarees,,
53057,,Sarees,,
53058,,Handbags,,
53059,,Handbags,,
53060,,Handbags,,
53061,,Handbags,,
53062,,Handbags,,
53063,,Handbags,,
53064,,Handbags,,
53065,,Handbags,,
53066,,Handbags,,
53067,,Handbags,,
53068,,Handbags,,
53069,,Handbags,,
53070,,Handbags,,
53071,,Clutches,,
53072,,Clutches,,
53073,,Clutches,,
53075,,Handbags,,
53076,,Handbags,,
53077,,Clutches,,
53078,,Wallets,,
53079,,Clutches,,
53080,,Clutches,,
53081,,Clutches,,
53082,,Clutches,,
53083,,Socks,,
53084,,Perfume and Body Mist,,
53085,,Sunglasses,,
53086,,Sunglasses,,
53087,,Sunglasses,,
53088,,Ties,,
53089,,Pendant,,
53090,,Perfume and Body Mist,,
53091,,Pendant,,
53092,,Pendant,,
53093,,Pendant,,
53094,,Earrings,,
53095,,Earrings,,
53096,,Earrings,,
53097,,Earrings,,
53098,,Earrings,,
53099,,Earrings,,
53100,,Earrings,,
53101,,Earrings,,
53102,,Earrings,,
53103,,Earrings,,
53104,,Earrings,,
53105,,Earrings,,
53106,,Earrings,,
53107,,Earrings,,
53108,,Earrings,,
53109,,Earrings,,
53110,,Earrings,,
53111,,Tshirts,,
53112,,Tshirts,,
53113,,Tshirts,,
53114,,Tshirts,,
53115,,Tshirts,,
53116,,Tshirts,,
53117,,Tops,,
53118,,Tops,,
53119,,Tops,,
53120,,Tops,,
53121,,Tops,,
53122,,Tops,,
53123,,Tops,,
53124,,Tops,,
53125,,Tops,,
53126,,Tops,,
53127,,Casual Shoes,,
53128,,Heels,,
53129,,Heels,,
53130,,Heels,,
53131,,Heels,,
53132,,Heels,,
53133,,Heels,,
53134,,Heels,,
53135,,Heels,,
53136,,Heels,,
53137,,Flats,,
53138,,Heels,,
53139,,Heels,,
53140,,Heels,,
53141,,Flip Flops,,
53142,,Flats,,
53143,,Heels,,
53144,,Heels,,
53145,,Heels,,
53146,,Flats,,
53147,,Heels,,
53148,,Heels,,
53149,,Heels,,
53150,,Heels,,
53152,,Shirts,,
53159,,Shirts,,
53211,,Shirts,,
53215,,Shirts,,
53226,,Tops,,
53228,,Trousers,,
53248,,Trousers,,
53252,,Jeans,,
53264,,Shirts,,
53269,,Shirts,,
53278,,Shirts,,
53282,,Tshirts,,
53286,,Jeans,,
53287,,Jeans,,
53296,,Jeans,,
53303,,Tshirts,,
53307,,Tops,,
53312,,Tshirts,,
53313,,Tshirts,,
53314,,Tshirts,,
53318,,Innerwear Vests,,
53319,,Tshirts,,
53328,,Briefs,,
53329,,Briefs,,
53332,,Briefs,,
53338,,Briefs,,
53345,,Briefs,,
53348,,Briefs,,
53357,,Flip Flops,,
53358,,Belts,,
53360,,Wallets,,
53361,,Backpacks,,
53362,,Backpacks,,
53363,,Handbags,,
53364,,Backpacks,,
53365,,Backpacks,,
53366,,Backpacks,,
53367,,Backpacks,,
53368,,Backpacks,,
53369,,Handbags,,
53370,,Handbags,,
53371,,Backpacks,,
53372,,Backpacks,,
53373,,Backpacks,,
53374,,Wallets,,
53376,,Clutches,,
53377,,Handbags,,
53378,,Heels,,
53379,,Sandals,,
53380,,Sandals,,
53381,,Sandals,,
53382,,Heels,,
53383,,Heels,,
53384,,Casual Shoes,,
53386,,Casual Shoes,,
53387,,Sandals,,
53388,,Kurtas,,
53389,,Kurtas,,
53390,,Kurtas,,
53391,,Kurtas,,
53392,,Tops,,
53393,,Kurtas,,
53394,,Kurtas,,
53395,,Kurtas,,
53396,,Kurtas,,
53397,,Kurtas,,
53398,,Kurtas,,
53399,,Kurtas,,
53401,,Kurtas,,
53402,,Tops,,
53403,,Kurtas,,
53404,,Kurtas,,
53405,,Kurtas,,
53406,,Kurtas,,
53408,,Kurtas,,
53409,,Kurtas,,
53410,,Kurtas,,
53411,,Kurtas,,
53412,,Shirts,,
53413,,Kurtas,,
53414,,Kurtas,,
53415,,Kurtas,,
53416,,Kurtas,,
53417,,Kurtas,,
53418,,Kurtas,,
53419,,Kurtas,,
53420,,Kurtas,,
53421,,Kurtas,,
53422,,Kurtas,,
53423,,Kurtas,,
53424,,Kurtas,,
53425,,Kurtas,,
53426,,Kurtas,,
53427,,Kurtas,,
53428,,Kurtas,,
53429,,Dresses,,
53430,,Kurtas,,
53431,,Kurtas,,
53432,,Tshirts,,
53433,,Tshirts,,
53434,,Tshirts,,
53435,,Sweatshirts,,
53436,,Sports Shoes,,
53437,,Sports Shoes,,
53438,,Casual Shoes,,
53439,,Flip Flops,,
53440,,Sports Shoes,,
53441,,Sports Shoes,,
53442,,Flip Flops,,
53444,,Flip Flops,,
53445,,Flats,,
53446,,Sandals,,
53447,,Flats,,
53448,,Flip Flops,,
53449,,Flip Flops,,
53450,,Flip Flops,,
53452,,Casual Shoes,,
53453,,Casual Shoes,,
53454,,Heels,,
53455,,Flip Flops,,
53456,,Flats,,
53457,,Heels,,
53458,,Heels,,
53459,,Heels,,
53460,,Heels,,
53461,,Bra,,
53462,,Nightdress,,
53463,,Bra,,
53464,,Bra,,
53465,,Bra,,
53466,,Bra,,
53467,,Bra,,
53468,,Bra,,
53469,,Briefs,,
53470,,Bra,,
53473,,Bra,,
53474,,Bra,,
53475,,Tops,,
53476,,Bra,,
53477,,Bra,,
53478,,Bra,,
53479,,Bra,,
53480,,Bra,,
53484,,Tops,,
53485,,Bra,,
53486,,Bra,,
53487,,Bra,,
53488,,Tops,,
53489,,Tops,,
53490,,Bra,,
53491,,Briefs,,
53492,,Bra,,
53493,,Bra,,
53498,,Ties,,
53506,,Bra,,
53507,,Bra,,
53508,,Bra,,
53520,,Bra,,
53525,,Bra,,
53526,,Briefs,,
53527,,Briefs,,
53528,,Briefs,,
53529,,Briefs,,
53530,,Briefs,,
53531,,Briefs,,
53532,,Briefs,,
53533,,Briefs,,
53534,,Briefs,,
53535,,Briefs,,
53536,,Briefs,,
53537,,Briefs,,
53538,,Briefs,,
53539,,Briefs,,
53540,,Briefs,,
53541,,Ties,,
53542,,Briefs,,
53543,,Briefs,,
53545,,Briefs,,
53546,,Briefs,,
53547,,Briefs,,
53548,,Briefs,,
53554,,Briefs,,
53555,,Briefs,,
53556,,Boxers,,
53557,,Boxers,,
53558,,Ties,,
53559,,Briefs,,
53560,,Watches,,
53561,,Watches,,
53562,,Watches,,
53563,,Watches,,
53564,,Watches,,
53565,,Watches,,
53566,,Watches,,
53567,,Watches,,
53568,,Watches,,
53569,,Watches,,
53570,,Watches,,
53571,,Watches,,
53572,,Watches,,
53573,,Watches,,
53574,,Watches,,
53575,,Watches,,
53576,,Watches,,
53577,,Watches,,
53578,,Watches,,
53579,,Watches,,
53580,,Watches,,
53581,,Watches,,
53582,,Watches,,
53583,,Watches,,
53584,,Watches,,
53585,,Watches,,
53586,,Watches,,
53587,,Watches,,
53588,,Watches,,
53589,,Watches,,
53590,,Watches,,
53591,,Watches,,
53592,,Watches,,
53593,,Watches,,
53594,,Watches,,
53595,,Watches,,
53596,,Watches,,
53597,,Watches,,
53598,,Watches,,
53599,,Watches,,
53600,,Watches,,
53601,,Watches,,
53602,,Watches,,
53603,,Watches,,
53604,,Watches,,
53605,,Watches,,
53606,,Watches,,
53608,,Watches,,
53609,,Watches,,
53611,,Watches,,
53612,,Watches,,
53613,,Watches,,
53614,,Watches,,
53615,,Watches,,
53616,,Watches,,
53617,,Watches,,
53618,,Watches,,
53619,,Watches,,
53620,,Watches,,
53621,,Watches,,
53622,,Watches,,
53623,,Watches,,
53624,,Watches,,
53625,,Watches,,
53626,,Watches,,
53627,,Watches,,
53628,,Watches,,
53629,,Watches,,
53630,,Tops,,
53631,,Bra,,
53632,,Sandals,,
53633,,Casual Shoes,,
53634,,Casual Shoes,,
53635,,Casual Shoes,,
53636,,Casual Shoes,,
53637,,Sports Shoes,,
53638,,Casual Shoes,,
53639,,Casual Shoes,,
53640,,Casual Shoes,,
53648,,Handbags,,
53649,,Handbags,,
53651,,Handbags,,
53652,,Handbags,,
53653,,Handbags,,
53654,,Handbags,,
53655,,Handbags,,
53656,,Handbags,,
53657,,Handbags,,
53659,,Handbags,,
53660,,Handbags,,
53661,,Handbags,,
53663,,Handbags,,
53665,,Handbags,,
53666,,Handbags,,
53667,,Handbags,,
53668,,Handbags,,
53669,,Handbags,,
53670,,Handbags,,
53671,,Handbags,,
53672,,Handbags,,
53673,,Handbags,,
53674,,Handbags,,
53675,,Handbags,,
53676,,Handbags,,
53677,,Handbags,,
53678,,Handbags,,
53679,,Handbags,,
53680,,Handbags,,
53681,,Handbags,,
53682,,Handbags,,
53683,,Handbags,,
53684,,Handbags,,
53685,,Handbags,,
53686,,Handbags,,
53687,,Handbags,,
53688,,Handbags,,
53689,,Handbags,,
53692,,Handbags,,
53695,,Handbags,,
53696,,Handbags,,
53698,,Handbags,,
53702,,Handbags,,
53706,,Handbags,,
53708,,Handbags,,
53710,,Handbags,,
53715,,Handbags,,
53719,,Handbags,,
53720,,Handbags,,
53723,,Flip Flops,,
53724,,Flip Flops,,
53725,,Heels,,
53726,,Flip Flops,,
53727,,Casual Shoes,,
53729,,Casual Shoes,,
53731,,Casual Shoes,,
53732,,Casual Shoes,,
53734,,Casual Shoes,,
53735,,Casual Shoes,,
53737,,Shorts,,
53738,,Watches,,
53740,,Track Pants,,
53741,,Jeans,,
53742,,Capris,,
53743,,Track Pants,,
53744,,Shorts,,
53745,,Skirts,,
53747,,Trousers,,
53748,,Trousers,,
53749,,Jeans,,
53750,,Track Pants,,
53751,,Lounge Pants,,
53752,,Shorts,,
53753,,Shorts,,
53754,,Jackets,,
53755,,Skirts,,
53756,,Backpacks,,
53757,,Casual Shoes,,
53759,,Tshirts,,
53760,,Tshirts,,
53761,,Tshirts,,
53762,,Tshirts,,
53763,,Tshirts,,
53764,,Tshirts,,
53765,,Tshirts,,
53766,,Tshirts,,
53767,,Tshirts,,
53768,,Tshirts,,
53770,,Tops,,
53771,,Tshirts,,
53772,,Tshirts,,
53773,,Tshirts,,
53774,,Tshirts,,
53775,,Tshirts,,
53776,,Shorts,,
53777,,Sports Shoes,,
53778,,Tops,,
53779,,Tshirts,,
53780,,Innerwear Vests,,
53781,,Tshirts,,
53782,,Tshirts,,
53783,,Shirts,,
53784,,Shirts,,
53785,,Shirts,,
53786,,Tshirts,,
53787,,Innerwear Vests,,
53788,,Tshirts,,
53791,,Tshirts,,
53793,,Tshirts,,
53794,,Tshirts,,
53795,,Tshirts,,
53796,,Tshirts,,
53797,,Tops,,
53798,,Tshirts,,
53799,,Tshirts,,
53800,,Tshirts,,
53801,,Innerwear Vests,,
53802,,Tshirts,,
53803,,Tshirts,,
53804,,Tshirts,,
53805,,Socks,,
53806,,Sandals,,
53807,,Skirts,,
53808,,Kurtas,,
53809,,Dresses,,
53810,,Dresses,,
53811,,Kurtas,,
53812,,Ties,,
53813,,Kurtas,,
53814,,Kurta Sets,,
53815,,Kurtas,,
53816,,Dresses,,
53817,,Kurta Sets,,
53818,,Kurtas,,
53819,,Kurtas,,
53820,,Kurtas,,
53822,,Tops,,
53823,,Kurtas,,
53824,,Tops,,
53825,,Earrings,,
53826,,Dresses,,
53829,,Kurtas,,
53830,,Kurtas,,
53832,,Dresses,,
53833,,Kurtas,,
53834,,Tunics,,
53835,,Kurtas,,
53836,,Kurtas,,
53837,,Kurtas,,
53838,,Dresses,,
53839,,Kurtas,,
53840,,Kurtas,,
53841,,Kurtas,,
53842,,Kurtas,,
53843,,Kurtas,,
53849,,Kurtas,,
53850,,Kurtas,,
53851,,Kurtas,,
53852,,Kurtas,,
53856,,Kurtas,,
53857,,Kurtas,,
53859,,Kurtas,,
53861,,Kurtas,,
53863,,Kurtas,,
53864,,Kurtas,,
53866,,Tops,,
53867,,Heels,,
53868,,Flats,,
53869,,Heels,,
53870,,Flats,,
53871,,Watches,,
53872,,Sports Shoes,,
53873,,Sports Shoes,,
53874,,Sports Shoes,,
53875,,Flip Flops,,
53876,,Flip Flops,,
53877,,Flip Flops,,
53878,,Flip Flops,,
53879,,Sandals,,
53880,,Flip Flops,,
53881,,Flip Flops,,
53882,,Flip Flops,,
53883,,Flip Flops,,
53884,,Handbags,,
53886,,Handbags,,
53887,,Handbags,,
53888,,Handbags,,
53889,,Handbags,,
53890,,Handbags,,
53891,,Handbags,,
53892,,Wallets,,
53893,,Handbags,,
53894,,Handbags,,
53895,,Handbags,,
53896,,Handbags,,
53897,,Handbags,,
53900,,Handbags,,
53902,,Handbags,,
53905,,Handbags,,
53907,,Handbags,,
53911,,Handbags,,
53914,,Handbags,,
53918,,Handbags,,
53921,,Handbags,,
53927,,Handbags,,
53928,,Handbags,,
53930,,Handbags,,
53931,,Handbags,,
53934,,Handbags,,
53935,,Handbags,,
53941,,Handbags,,
53942,,Handbags,,
53943,,Handbags,,
53944,,Handbags,,
53946,,Handbags,,
53961,,Handbags,,
53963,,Handbags,,
53964,,Handbags,,
53979,,Handbags,,
53981,,Handbags,,
53985,,Handbags,,
53990,,Handbags,,
53991,,Handbags,,
53994,,Socks,,
53997,,Handbags,,
53999,,Handbags,,
54000,,Handbags,,
54002,,Handbags,,
54003,,Handbags,,
54007,,Handbags,,
54008,,Handbags,,
54009,,Handbags,,
54014,,Handbags,,
54016,,Wallets,,
54017,,Clutches,,
54018,,Handbags,,
54019,,Handbags,,
54020,,Clutches,,
54031,,Clutches,,
54032,,Clutches,,
54033,,Handbags,,
54035,,Handbags,,
54036,,Handbags,,
54040,,Handbags,,
54041,,Handbags,,
54049,,Leggings,,
54050,,Jeans,,
54051,,Trousers,,
54052,,Leggings,,
54053,,Leggings,,
54054,,Leggings,,
54055,,Earrings,,
54056,,Leggings,,
54057,,Leggings,,
54058,,Trousers,,
54059,,Trousers,,
54060,,Trousers,,
54061,,Deodorant,,
54062,,Deodorant,,
54063,,Deodorant,,
54064,,Deodorant,,
54065,,Casual Shoes,,
54066,,Casual Shoes,,
54068,,Casual Shoes,,
54069,,Flip Flops,,
54070,,Sports Shoes,,
54071,,Sports Shoes,,
54072,,Sports Shoes,,
54073,,Sports Shoes,,
54076,,Casual Shoes,,
54077,,Flip Flops,,
54078,,Sports Shoes,,
54079,,Dresses,,
54080,,Kurtas,,
54081,,Kurtas,,
54082,,Shirts,,
54083,,Tshirts,,
54084,,Tops,,
54086,,Tops,,
54087,,Tops,,
54088,,Tops,,
54089,,Tops,,
54090,,Tops,,
54095,,Caps,,
54103,,Heels,,
54104,,Heels,,
54105,,Heels,,
54106,,Heels,,
54107,,Heels,,
54108,,Heels,,
54109,,Heels,,
54110,,Heels,,
54111,,Heels,,
54112,,Heels,,
54113,,Heels,,
54114,,Heels,,
54115,,Heels,,
54116,,Heels,,
54117,,Heels,,
54118,,Heels,,
54119,,Heels,,
54120,,Heels,,
54121,,Flip Flops,,
54122,,Flats,,
54123,,Heels,,
54124,,Flats,,
54125,,Flats,,
54126,,Heels,,
54127,,Heels,,
54128,,Heels,,
54129,,Flats,,
54130,,Heels,,
54131,,Flats,,
54132,,Heels,,
54133,,Heels,,
54134,,Heels,,
54135,,Heels,,
54136,,Flip Flops,,
54137,,Heels,,
54138,,Heels,,
54139,,Heels,,
54140,,Heels,,
54141,,Heels,,
54142,,Heels,,
54143,,Heels,,
54144,,Heels,,
54145,,Flats,,
54146,,Tops,,
54147,,Necklace and Chains,,
54148,,Necklace and Chains,,
54149,,Pendant,,
54150,,Necklace and Chains,,
54151,,Necklace and Chains,,
54152,,Necklace and Chains,,
54153,,Necklace and Chains,,
54154,,Pendant,,
54155,,Necklace and Chains,,
54156,,Necklace and Chains,,
54157,,Necklace and Chains,,
54158,,Necklace and Chains,,
54159,,Necklace and Chains,,
54160,,Pendant,,
54161,,Pendant,,
54162,,Necklace and Chains,,
54163,,Pendant,,
54164,,Socks,,
54165,,Necklace and Chains,,
54166,,Necklace and Chains,,
54167,,Necklace and Chains,,
54168,,Pendant,,
54169,,Pendant,,
54170,,Necklace and Chains,,
54171,,Pendant,,
54172,,Necklace and Chains,,
54173,,Pendant,,
54174,,Necklace and Chains,,
54175,,Pendant,,
54176,,Pendant,,
54177,,Handbags,,
54178,,Handbags,,
54182,,Handbags,,
54183,,Handbags,,
54185,,Backpacks,,
54186,,Briefs,,
54187,,Briefs,,
54188,,Briefs,,
54189,,Briefs,,
54192,,Trousers,,
54194,,Trousers,,
54200,,Shorts,,
54202,,Shirts,,
54225,,Trousers,,
54226,,Socks,,
54228,,Flip Flops,,
54229,,Handbags,,
54252,,Shirts,,
54280,,Shirts,,
54302,,Bra,,
54303,,Briefs,,
54304,,Briefs,,
54305,,Bra,,
54306,,Briefs,,
54307,,Briefs,,
54311,,Briefs,,
54318,,Bra,,
54319,,Briefs,,
54320,,Briefs,,
54325,,Bra,,
54326,,Briefs,,
54327,,Bra,,
54328,,Briefs,,
54329,,Briefs,,
54330,,Briefs,,
54332,,Briefs,,
54334,,Leggings,,
54338,,Tops,,
54339,,Socks,,
54340,,Socks,,
54341,,Socks,,
54342,,Leggings,,
54343,,Casual Shoes,,
54344,,Casual Shoes,,
54345,,Socks,,
54346,,Socks,,
54375,,Earrings,,
54380,,Handbags,,
54381,,Wallets,,
54382,,Handbags,,
54383,,Wallets,,
54384,,Handbags,,
54385,,Clutches,,
54386,,Handbags,,
54387,,Handbags,,
54388,,Handbags,,
54389,,Wallets,,
54390,,Wallets,,
54391,,Handbags,,
54392,,Handbags,,
54393,,Handbags,,
54394,,Handbags,,
54395,,Wallets,,
54396,,Wallets,,
54397,,Handbags,,
54398,,Handbags,,
54399,,Wallets,,
54400,,Wallets,,
54401,,Wallets,,
54402,,Wallets,,
54403,,Wallets,,
54404,,Wallets,,
54405,,Wallets,,
54406,,Handbags,,
54407,,Handbags,,
54408,,Handbags,,
54409,,Handbags,,
54410,,Wallets,,
54411,,Wallets,,
54412,,Wallets,,
54475,,Handbags,,
54476,,Sunglasses,,
54477,,Briefs,,
54478,,Briefs,,
54479,,Briefs,,
54480,,Briefs,,
54481,,Briefs,,
54482,,Briefs,,
54483,,Briefs,,
54484,,Briefs,,
54485,,Briefs,,
54486,,Briefs,,
54487,,Handbags,,
54488,,Handbags,,
54489,,Sandals,,
54490,,Handbags,,
54491,,Handbags,,
54492,,Handbags,,
54493,,Handbags,,
54494,,Handbags,,
54495,,Handbags,,
54496,,Handbags,,
54497,,Handbags,,
54498,,Handbags,,
54499,,Handbags,,
54500,,Handbags,,
54501,,Handbags,,
54502,,Handbags,,
54503,,Backpacks,,
54504,,Handbags,,
54505,,Handbags,,
54506,,Handbags,,
54507,,Handbags,,
54508,,Handbags,,
54509,,Handbags,,
54510,,Handbags,,
54511,,Handbags,,
54512,,Handbags,,
54513,,Casual Shoes,,
54514,,Casual Shoes,,
54515,,Casual Shoes,,
54516,,Sports Shoes,,
54517,,Casual Shoes,,
54518,,Sports Shoes,,
54519,,Casual Shoes,,
54520,,Casual Shoes,,
54521,,Casual Shoes,,
54522,,Casual Shoes,,
54523,,Casual Shoes,,
54524,,Sports Shoes,,
54525,,Casual Shoes,,
54526,,Casual Shoes,,
54527,,Casual Shoes,,
54528,,Casual Shoes,,
54529,,Casual Shoes,,
54530,,Sports Shoes,,
54533,,Casual Shoes,,
54534,,Sports Shoes,,
54535,,Sports Shoes,,
54536,,Casual Shoes,,
54537,,Casual Shoes,,
54538,,Casual Shoes,,
54539,,Casual Shoes,,
54540,,Casual Shoes,,
54541,,Casual Shoes,,
54542,,Casual Shoes,,
54543,,Sports Shoes,,
54544,,Casual Shoes,,
54545,,Handbags,,
54546,,Handbags,,
54547,,Kurtas,,
54548,,Kurtas,,
54549,,Tops,,
54550,,Kurtas,,
54551,,Kurtas,,
54553,,Kurtas,,
54554,,Tops,,
54555,,Kurtas,,
54556,,Kurtas,,
54557,,Tops,,
54558,,Kurtas,,
54559,,Kurtas,,
54561,,Kurtas,,
54562,,Kurtas,,
54563,,Kurtas,,
54564,,Kurtas,,
54565,,Kurtas,,
54566,,Kurtas,,
54567,,Kurtas,,
54568,,Kurtas,,
54569,,Kurtas,,
54570,,Dresses,,
54571,,Kurtas,,
54572,,Kurtas,,
54573,,Tops,,
54574,,Tops,,
54575,,Tops,,
54576,,Kurtas,,
54577,,Tops,,
54578,,Kurtas,,
54579,,Kurtas,,
54580,,Tops,,
54581,,Kurtas,,
54582,,Kurtas,,
54584,,Kurtas,,
54585,,Kurtas,,
54586,,Kurtas,,
54587,,Kurtas,,
54588,,Kurtas,,
54589,,Tops,,
54590,,Kurtas,,
54595,,Kurtas,,
54596,,Kurtas,,
54597,,Kurtas,,
54598,,Kurtas,,
54599,,Dresses,,
54600,,Briefs,,
54601,,Briefs,,
54602,,Briefs,,
54603,,Briefs,,
54604,,Briefs,,
54605,,Briefs,,
54606,,Briefs,,
54607,,Briefs,,
54608,,Briefs,,
54609,,Briefs,,
54610,,Briefs,,
54611,,Briefs,,
54612,,Earrings,,
54613,,Briefs,,
54614,,Briefs,,
54615,,Briefs,,
54616,,Briefs,,
54617,,Briefs,,
54618,,Briefs,,
54619,,Watches,,
54620,,Watches,,
54621,,Watches,,
54622,,Watches,,
54623,,Wallets,,
54625,,Watches,,
54626,,Watches,,
54627,,Watches,,
54628,,Watches,,
54629,,Watches,,
54630,,Watches,,
54631,,Watches,,
54632,,Watches,,
54633,,Watches,,
54634,,Watches,,
54635,,Watches,,
54636,,Watches,,
54637,,Watches,,
54638,,Watches,,
54639,,Watches,,
54640,,Watches,,
54641,,Watches,,
54642,,Watches,,
54643,,Watches,,
54644,,Watches,,
54645,,Watches,,
54646,,Watches,,
54647,,Watches,,
54648,,Watches,,
54649,,Watches,,
54650,,Watches,,
54651,,Watches,,
54652,,Watches,,
54653,,Watches,,
54654,,Watches,,
54655,,Watches,,
54656,,Watches,,
54657,,Watches,,
54658,,Watches,,
54659,,Watches,,
54660,,Watches,,
54661,,Watches,,
54662,,Watches,,
54663,,Watches,,
54664,,Watches,,
54665,,Watches,,
54666,,Watches,,
54667,,Watches,,
54668,,Watches,,
54669,,Watches,,
54670,,Watches,,
54671,,Watches,,
54672,,Watches,,
54674,,Watches,,
54675,,Watches,,
54676,,Wallets,,
54677,,Watches,,
54678,,Watches,,
54679,,Watches,,
54680,,Kurtas,,
54681,,Tops,,
54682,,Kurtas,,
54683,,Stoles,,
54684,,Kurtas,,
54685,,Kurtas,,
54686,,Dresses,,
54687,,Kurtas,,
54688,,Kurta Sets,,
54689,,Kurta Sets,,
54690,,Kurtas,,
54691,,Kurtas,,
54692,,Dresses,,
54693,,Kurtas,,
54694,,Dresses,,
54695,,Tunics,,
54696,,Dresses,,
54697,,Dresses,,
54698,,Tops,,
54699,,Tunics,,
54700,,Kurtas,,
54702,,Tops,,
54703,,Ties,,
54704,,Nightdress,,
54705,,Dupatta,,
54706,,Kurtas,,
54708,,Kurtas,,
54710,,Kurtas,,
54711,,Kurtas,,
54712,,Kurta Sets,,
54713,,Nightdress,,
54714,,Sarees,,
54715,,Nightdress,,
54716,,Dresses,,
54717,,Dresses,,
54718,,Kurtas,,
54719,,Kurtas,,
54720,,Dresses,,
54721,,Kurtas,,
54722,,Kurtas,,
54723,,Kurta Sets,,
54724,,Kurta Sets,,
54725,,Kurtas,,
54726,,Kurtas,,
54727,,Kurtas,,
54728,,Casual Shoes,,
54729,,Casual Shoes,,
54730,,Casual Shoes,,
54731,,Casual Shoes,,
54732,,Casual Shoes,,
54733,,Casual Shoes,,
54734,,Casual Shoes,,
54735,,Casual Shoes,,
54736,,Casual Shoes,,
54737,,Casual Shoes,,
54738,,Casual Shoes,,
54739,,Casual Shoes,,
54740,,Casual Shoes,,
54741,,Casual Shoes,,
54742,,Casual Shoes,,
54744,,Kurtas,,
54767,,Kurtas,,
54792,,Jeans,,
54794,,Trousers,,
54796,,Jeans,,
54800,,Jeans,,
54804,,Handbags,,
54805,,Handbags,,
54807,,Handbags,,
54808,,Wallets,,
54812,,Handbags,,
54813,,Skirts,,
54819,,Handbags,,
54823,,Handbags,,
54827,,Handbags,,
54828,,Wallets,,
54829,,Handbags,,
54831,,Cufflinks,,
54834,,Wallets,,
54836,,Clutches,,
54838,,Wallets,,
54842,,Belts,,
54849,,Necklace and Chains,,
54850,,Necklace and Chains,,
54851,,Earrings,,
54852,,Necklace and Chains,,
54853,,Necklace and Chains,,
54854,,Necklace and Chains,,
54856,,Necklace and Chains,,
54857,,Earrings,,
54858,,Necklace and Chains,,
54859,,Necklace and Chains,,
54860,,Pendant,,
54861,,Necklace and Chains,,
54862,,Necklace and Chains,,
54863,,Necklace and Chains,,
54864,,Watches,,
54865,,Necklace and Chains,,
54866,,Necklace and Chains,,
54867,,Pendant,,
54868,,Necklace and Chains,,
54869,,Necklace and Chains,,
54870,,Necklace and Chains,,
54871,,Necklace and Chains,,
54872,,Necklace and Chains,,
54873,,Necklace and Chains,,
54874,,Necklace and Chains,,
54875,,Necklace and Chains,,
54876,,Necklace and Chains,,
54877,,Necklace and Chains,,
54878,,Necklace and Chains,,
54879,,Necklace and Chains,,
54880,,Necklace and Chains,,
54881,,Necklace and Chains,,
54882,,Pendant,,
54883,,Pendant,,
54884,,Necklace and Chains,,
54885,,Necklace and Chains,,
54886,,Watches,,
54888,,Necklace and Chains,,
54889,,Jackets,,
54890,,Tops,,
54891,,Tops,,
54894,,Trousers,,
54896,,Track Pants,,
54897,,Tops,,
54899,,Tops,,
54900,,Tshirts,,
54901,,Kurtas,,
54902,,Tshirts,,
54903,,Tshirts,,
54904,,Tshirts,,
54905,,Tops,,
54906,,Tshirts,,
54907,,Tshirts,,
54908,,Tshirts,,
54909,,Tshirts,,
54911,,Tops,,
54913,,Tops,,
54914,,Tops,,
54915,,Tshirts,,
54918,,Skirts,,
54919,,Track Pants,,
54921,,Capris,,
54923,,Leggings,,
54924,,Boxers,,
54925,,Trunk,,
54926,,Tops,,
54927,,Tshirts,,
54928,,Tshirts,,
54929,,Tshirts,,
54930,,Tshirts,,
54931,,Tshirts,,
54932,,Tops,,
54933,,Tops,,
54934,,Bra,,
54935,,Tops,,
54936,,Sandals,,
54937,,Tops,,
54938,,Tops,,
54939,,Tops,,
54940,,Tops,,
54941,,Tops,,
54942,,Tshirts,,
54943,,Tshirts,,
54944,,Tshirts,,
54945,,Tshirts,,
54946,,Tshirts,,
54947,,Tshirts,,
54948,,Sweatshirts,,
54949,,Tshirts,,
54950,,Tshirts,,
54951,,Tshirts,,
54953,,Tshirts,,
54954,,Tshirts,,
54955,,Tshirts,,
54957,,Tshirts,,
54958,,Tshirts,,
54959,,Kurtas,,
54960,,Tshirts,,
54961,,Tshirts,,
54964,,Tops,,
54965,,Tshirts,,
54966,,Casual Shoes,,
54967,,Deodorant,,
54968,,Deodorant,,
54969,,Deodorant,,
54970,,Perfume and Body Mist,,
54971,,Dresses,,
54972,,Dresses,,
54973,,Dresses,,
54974,,Dresses,,
54975,,Tops,,
54976,,Dresses,,
54977,,Capris,,
54978,,Leggings,,
54979,,Shirts,,
54980,,Dresses,,
54981,,Tops,,
54982,,Jeans,,
54983,,Leggings,,
54984,,Jeans,,
54985,,Jeans,,
54986,,Tops,,
54987,,Tops,,
54988,,Tops,,
54989,,Kurtas,,
54990,,Dresses,,
54991,,Tops,,
54992,,Tops,,
54993,,Tops,,
54995,,Lip Liner,,
54997,,Lip Liner,,
55000,,Lip Liner,,
55001,,Lip Liner,,
55002,,Lip Liner,,
55003,,Lip Liner,,
55004,,Handbags,,
55005,,Ties,,
55006,,Deodorant,,
55007,,Deodorant,,
55008,,Deodorant,,
55009,,Deodorant,,
55010,,Deodorant,,
55012,,Kajal and Eyeliner,,
55013,,Ties,,
55015,,Kajal and Eyeliner,,
55016,,Ties,,
55018,,Kajal and Eyeliner,,
55020,,Kajal and Eyeliner,,
55021,,Perfume and Body Mist,,
55022,,Perfume and Body Mist,,
55023,,Perfume and Body Mist,,
55024,,Perfume and Body Mist,,
55025,,Perfume and Body Mist,,
55026,,Perfume and Body Mist,,
55027,,Perfume and Body Mist,,
55028,,Perfume and Body Mist,,
55029,,Perfume and Body Mist,,
55030,,Perfume and Body Mist,,
55031,,Perfume and Body Mist,,
55032,,Perfume and Body Mist,,
55033,,Perfume and Body Mist,,
55034,,Perfume and Body Mist,,
55035,,Perfume and Body Mist,,
55036,,Perfume and Body Mist,,
55037,,Perfume and Body Mist,,
55038,,Perfume and Body Mist,,
55039,,Deodorant,,
55040,,Perfume and Body Mist,,
55041,,Perfume and Body Mist,,
55042,,Perfume and Body Mist,,
55043,,Perfume and Body Mist,,
55044,,Perfume and Body Mist,,
55045,,Deodorant,,
55046,,Deodorant,,
55047,,Deodorant,,
55048,,Deodorant,,
55049,,Deodorant,,
55050,,Deodorant,,
55051,,Deodorant,,
55052,,Deodorant,,
55053,,Deodorant,,
55054,,Deodorant,,
55055,,Deodorant,,
55056,,Deodorant,,
55057,,Deodorant,,
55058,,Deodorant,,
55059,,Deodorant,,
55060,,Deodorant,,
55061,,Deodorant,,
55062,,Deodorant,,
55063,,Deodorant,,
55064,,Deodorant,,
55065,,Deodorant,,
55066,,Deodorant,,
55067,,Deodorant,,
55068,,Ties,,
55069,,Perfume and Body Mist,,
55070,,Kajal and Eyeliner,,
55071,,Ties,,
55072,,Deodorant,,
55073,,Ties,,
55074,,Ties,,
55075,,Lip Liner,,
55078,,Belts,,
55079,,Belts,,
55080,,Sandals,,
55081,,Perfume and Body Mist,,
55083,,Sandals,,
55086,,Perfume and Body Mist,,
55087,,Perfume and Body Mist,,
55089,,Sandals,,
55090,,Sandals,,
55093,,Sandals,,
55094,,Deodorant,,
55095,,Perfume and Body Mist,,
55097,,Ties,,
55098,,Bracelet,,
55099,,Perfume and Body Mist,,
55100,,Wallets,,
55101,,Sandals,,
55107,,Backpacks,,
55108,,Sandals,,
55109,,Caps,,
55110,,Sandals,,
55111,,Sandals,,
55112,,Sandals,,
55113,,Sandals,,
55114,,Sandals,,
55115,,Sandals,,
55116,,Handbags,,
55117,,Handbags,,
55118,,Handbags,,
55119,,Wallets,,
55120,,Deodorant,,
55121,,Perfume and Body Mist,,
55122,,Perfume and Body Mist,,
55123,,Deodorant,,
55124,,Perfume and Body Mist,,
55125,,Perfume and Body Mist,,
55126,,Perfume and Body Mist,,
55127,,Deodorant,,
55128,,Perfume and Body Mist,,
55129,,Deodorant,,
55130,,Deodorant,,
55131,,Perfume and Body Mist,,
55132,,Deodorant,,
55133,,Perfume and Body Mist,,
55134,,Deodorant,,
55135,,Perfume and Body Mist,,
55136,,Deodorant,,
55137,,Deodorant,,
55138,,Perfume and Body Mist,,
55139,,Perfume and Body Mist,,
55140,,Deodorant,,
55141,,Deodorant,,
55142,,Deodorant,,
55143,,Deodorant,,
55144,,Socks,,
55145,,Perfume and Body Mist,,
55146,,Perfume and Body Mist,,
55147,,Deodorant,,
55148,,Deodorant,,
55149,,Deodorant,,
55150,,Perfume and Body Mist,,
55151,,Perfume and Body Mist,,
55152,,Deodorant,,
55153,,Deodorant,,
55154,,Deodorant,,
55155,,Perfume and Body Mist,,
55156,,Perfume and Body Mist,,
55157,,Perfume and Body Mist,,
55158,,Deodorant,,
55159,,Deodorant,,
55160,,Perfume and Body Mist,,
55161,,Deodorant,,
55162,,Deodorant,,
55163,,Deodorant,,
55164,,Deodorant,,
55165,,Perfume and Body Mist,,
55166,,Deodorant,,
55168,,Perfume and Body Mist,,
55170,,Perfume and Body Mist,,
55172,,Perfume and Body Mist,,
55173,,Perfume and Body Mist,,
55175,,Perfume and Body Mist,,
55177,,Perfume and Body Mist,,
55179,,Perfume and Body Mist,,
55180,,Perfume and Body Mist,,
55181,,Perfume and Body Mist,,
55184,,Perfume and Body Mist,,
55185,,Perfume and Body Mist,,
55186,,Perfume and Body Mist,,
55187,,Wallets,,
55190,,Perfume and Body Mist,,
55191,,Perfume and Body Mist,,
55192,,Perfume and Body Mist,,
55194,,Perfume and Body Mist,,
55195,,Perfume and Body Mist,,
55196,,Perfume and Body Mist,,
55197,,Perfume and Body Mist,,
55198,,Deodorant,,
55200,,Wallets,,
55201,,Wallets,,
55202,,Shorts,,
55203,,Shorts,,
55205,,Deodorant,,
55206,,Deodorant,,
55208,,Deodorant,,
55209,,Deodorant,,
55210,,Deodorant,,
55211,,Lipstick,,
55212,,Deodorant,,
55213,,Deodorant,,
55214,,Deodorant,,
55215,,Lipstick,,
55216,,Deodorant,,
55217,,Perfume and Body Mist,,
55218,,Kajal and Eyeliner,,
55219,,Kajal and Eyeliner,,
55220,,Kajal and Eyeliner,,
55221,,Kajal and Eyeliner,,
55222,,Ties,,
55223,,Ties,,
55224,,Ties,,
55225,,Kajal and Eyeliner,,
55226,,Ties,,
55227,,Perfume and Body Mist,,
55228,,Deodorant,,
55229,,Deodorant,,
55230,,Perfume and Body Mist,,
55231,,Perfume and Body Mist,,
55232,,Perfume and Body Mist,,
55233,,Deodorant,,
55234,,Perfume and Body Mist,,
55235,,Deodorant,,
55236,,Perfume and Body Mist,,
55237,,Perfume and Body Mist,,
55238,,Perfume and Body Mist,,
55239,,Perfume and Body Mist,,
55240,,Perfume and Body Mist,,
55241,,Perfume and Body Mist,,
55242,,Perfume and Body Mist,,
55243,,Perfume and Body Mist,,
55244,,Shorts,,
55245,,Deodorant,,
55246,,Lounge Shorts,,
55247,,Wallets,,
55248,,Wallets,,
55249,,Wallets,,
55250,,Sandals,,
55251,,Heels,,
55252,,Ties,,
55253,,Ties,,
55254,,Kajal and Eyeliner,,
55255,,Kajal and Eyeliner,,
55256,,Perfume and Body Mist,,
55257,,Ties,,
55258,,Kajal and Eyeliner,,
55259,,Lip Liner,,
55260,,Ties,,
55261,,Kajal and Eyeliner,,
55262,,Kajal and Eyeliner,,
55263,,Deodorant,,
55264,,Deodorant,,
55265,,Deodorant,,
55266,,Perfume and Body Mist,,
55267,,Perfume and Body Mist,,
55268,,Perfume and Body Mist,,
55269,,Perfume and Body Mist,,
55270,,Perfume and Body Mist,,
55271,,Perfume and Body Mist,,
55272,,Ties,,
55273,,Kajal and Eyeliner,,
55274,,Kajal and Eyeliner,,
55275,,Sandals,,
55276,,Sandals,,
55277,,Wallets,,
55278,,Wallets,,
55280,,Wallets,,
55281,,Heels,,
55282,,Heels,,
55283,,Sandals,,
55284,,Heels,,
55285,,Handbags,,
55286,,Wallets,,
55287,,Wallets,,
55288,,Wallets,,
55289,,Wallets,,
55290,,Earrings,,
55291,,Deodorant,,
55292,,Earrings,,
55293,,Lipstick,,
55294,,Perfume and Body Mist,,
55295,,Deodorant,,
55296,,Wallets,,
55297,,Wallets,,
55298,,Wallets,,
55299,,Wallets,,
55300,,Ties,,
55301,,Ties,,
55306,,Socks,,
55307,,Socks,,
55314,,Socks,,
55315,,Socks,,
55316,,Socks,,
55317,,Dresses,,
55318,,Perfume and Body Mist,,
55319,,Perfume and Body Mist,,
55320,,Perfume and Body Mist,,
55321,,Perfume and Body Mist,,
55322,,Perfume and Body Mist,,
55323,,Wallets,,
55324,,Perfume and Body Mist,,
55325,,Wallets,,
55326,,Perfume and Body Mist,,
55328,,Perfume and Body Mist,,
55329,,Wallets,,
55330,,Wallets,,
55331,,Wallets,,
55332,,Wallets,,
55333,,Wallets,,
55334,,Trousers,,
55335,,Deodorant,,
55336,,Deodorant,,
55337,,Perfume and Body Mist,,
55338,,Perfume and Body Mist,,
55339,,Perfume and Body Mist,,
55344,,Perfume and Body Mist,,
55347,,Perfume and Body Mist,,
55349,,Wallets,,
55350,,Wallets,,
55351,,Perfume and Body Mist,,
55352,,Perfume and Body Mist,,
55354,,Perfume and Body Mist,,
55357,,Deodorant,,
55358,,Deodorant,,
55359,,Deodorant,,
55361,,Deodorant,,
55362,,Deodorant,,
55363,,Deodorant,,
55364,,Deodorant,,
55365,,Deodorant,,
55366,,Perfume and Body Mist,,
55368,,Deodorant,,
55369,,Deodorant,,
55370,,Deodorant,,
55373,,Deodorant,,
55375,,Deodorant,,
55376,,Perfume and Body Mist,,
55377,,Deodorant,,
55378,,Deodorant,,
55379,,Deodorant,,
55380,,Perfume and Body Mist,,
55381,,Deodorant,,
55382,,Deodorant,,
55383,,Deodorant,,
55384,,Deodorant,,
55385,,Deodorant,,
55387,,Deodorant,,
55388,,Deodorant,,
55389,,Deodorant,,
55390,,Deodorant,,
55391,,Deodorant,,
55392,,Deodorant,,
55394,,Perfume and Body Mist,,
55395,,Deodorant,,
55396,,Perfume and Body Mist,,
55397,,Deodorant,,
55398,,Heels,,
55399,,Ties,,
55400,,Kajal and Eyeliner,,
55402,,Kajal and Eyeliner,,
55407,,Kajal and Eyeliner,,
55408,,Perfume and Body Mist,,
55409,,Perfume and Body Mist,,
55410,,Ties,,
55418,,Cufflinks,,
55419,,Deodorant,,
55420,,Deodorant,,
55421,,Cufflinks,,
55423,,Deodorant,,
55424,,Deodorant,,
55425,,Cufflinks,,
55426,,Deodorant,,
55427,,Cufflinks,,
55428,,Deodorant,,
55429,,Deodorant,,
55430,,Wallets,,
55431,,Dresses,,
55432,,Dresses,,
55433,,Wallets,,
55434,,Dresses,,
55436,,Dresses,,
55437,,Wallets,,
55438,,Dresses,,
55439,,Dresses,,
55440,,Wallets,,
55441,,Dresses,,
55442,,Dresses,,
55443,,Perfume and Body Mist,,
55444,,Deodorant,,
55445,,Deodorant,,
55446,,Deodorant,,
55447,,Deodorant,,
55448,,Deodorant,,
55449,,Deodorant,,
55450,,Deodorant,,
55451,,Deodorant,,
55454,,Deodorant,,
55455,,Perfume and Body Mist,,
55456,,Earrings,,
55457,,Perfume and Body Mist,,
55458,,Perfume and Body Mist,,
55459,,Earrings,,
55460,,Earrings,,
55461,,Earrings,,
55462,,Perfume and Body Mist,,
55463,,Deodorant,,
55464,,Deodorant,,
55465,,Deodorant,,
55466,,Ties,,
55467,,Ties,,
55468,,Deodorant,,
55469,,Deodorant,,
55470,,Earrings,,
55471,,Earrings,,
55472,,Earrings,,
55473,,Perfume and Body Mist,,
55474,,Kajal and Eyeliner,,
55475,,Kajal and Eyeliner,,
55476,,Kajal and Eyeliner,,
55477,,Kajal and Eyeliner,,
55478,,Ties,,
55479,,Kajal and Eyeliner,,
55480,,Kajal and Eyeliner,,
55482,,Kajal and Eyeliner,,
55485,,Perfume and Body Mist,,
55486,,Ties,,
55487,,Deodorant,,
55488,,Deodorant,,
55489,,Deodorant,,
55490,,Deodorant,,
55491,,Deodorant,,
55492,,Deodorant,,
55493,,Deodorant,,
55494,,Deodorant,,
55495,,Deodorant,,
55496,,Deodorant,,
55497,,Deodorant,,
55498,,Deodorant,,
55499,,Deodorant,,
55500,,Deodorant,,
55501,,Deodorant,,
55502,,Deodorant,,
55503,,Deodorant,,
55504,,Deodorant,,
55505,,Deodorant,,
55506,,Deodorant,,
55507,,Deodorant,,
55508,,Deodorant,,
55509,,Deodorant,,
55510,,Deodorant,,
55511,,Deodorant,,
55512,,Deodorant,,
55513,,Wallets,,
55514,,Wallets,,
55516,,Perfume and Body Mist,,
55517,,Deodorant,,
55518,,Perfume and Body Mist,,
55519,,Deodorant,,
55520,,Wallets,,
55521,,Perfume and Body Mist,,
55522,,Wallets,,
55523,,Wallets,,
55524,,Wallets,,
55525,,Wallets,,
55526,,Wallets,,
55527,,Perfume and Body Mist,,
55528,,Perfume and Body Mist,,
55529,,Perfume and Body Mist,,
55530,,Perfume and Body Mist,,
55531,,Perfume and Body Mist,,
55532,,Perfume and Body Mist,,
55533,,Deodorant,,
55534,,Perfume and Body Mist,,
55535,,Perfume and Body Mist,,
55536,,Perfume and Body Mist,,
55537,,Perfume and Body Mist,,
55538,,Deodorant,,
55539,,Deodorant,,
55540,,Handbags,,
55541,,Kajal and Eyeliner,,
55542,,Kajal and Eyeliner,,
55543,,Ties,,
55544,,Ties,,
55545,,Ties,,
55546,,Ties,,
55547,,Ties,,
55548,,Ties,,
55549,,Lip Liner,,
55550,,Ties,,
55551,,Lip Liner,,
55553,,Kajal and Eyeliner,,
55556,,Kajal and Eyeliner,,
55557,,Perfume and Body Mist,,
55558,,Kajal and Eyeliner,,
55559,,Deodorant,,
55560,,Shoe Accessories,,
55561,,Perfume and Body Mist,,
55564,,Deodorant,,
55565,,Deodorant,,
55568,,Deodorant,,
55569,,Deodorant,,
55570,,Deodorant,,
55571,,Deodorant,,
55572,,Earrings,,
55573,,Earrings,,
55574,,Wallets,,
55575,,Wallets,,
55576,,Wallets,,
55577,,Belts,,
55578,,Belts,,
55579,,Belts,,
55580,,Sandals,,
55581,,Wallets,,
55582,,Wallets,,
55583,,Perfume and Body Mist,,
55584,,Wallets,,
55585,,Wallets,,
55586,,Wallets,,
55587,,Ties,,
55590,,Shirts,,
55591,,Jackets,,
55595,,Shirts,,
55597,,Shirts,,
55599,,Shirts,,
55608,,Shirts,,
55612,,Formal Shoes,,
55613,,Formal Shoes,,
55614,,Formal Shoes,,
55615,,Formal Shoes,,
55616,,Formal Shoes,,
55617,,Formal Shoes,,
55618,,Formal Shoes,,
55619,,Formal Shoes,,
55620,,Formal Shoes,,
55621,,Formal Shoes,,
55622,,Formal Shoes,,
55623,,Formal Shoes,,
55624,,Formal Shoes,,
55625,,Formal Shoes,,
55626,,Casual Shoes,,
55627,,Casual Shoes,,
55628,,Formal Shoes,,
55629,,Casual Shoes,,
55630,,Flats,,
55631,,Flats,,
55632,,Casual Shoes,,
55633,,Heels,,
55634,,Heels,,
55635,,Heels,,
55636,,Heels,,
55637,,Heels,,
55638,,Heels,,
55639,,Sandals,,
55640,,Heels,,
55641,,Heels,,
55642,,Heels,,
55643,,Heels,,
55644,,Heels,,
55645,,Heels,,
55646,,Sandals,,
55647,,Sandals,,
55648,,Heels,,
55649,,Heels,,
55650,,Heels,,
55651,,Heels,,
55652,,Heels,,
55653,,Heels,,
55654,,Heels,,
55655,,Heels,,
55656,,Heels,,
55657,,Heels,,
55783,,Casual Shoes,,
55784,,Casual Shoes,,
55785,,Casual Shoes,,
55786,,Dresses,,
55787,,Dresses,,
55788,,Dresses,,
55789,,Sarees,,
55790,,Kurtas,,
55791,,Dresses,,
55794,,Night suits,,
55795,,Dresses,,
55796,,Dresses,,
55797,,Dresses,,
55798,,Tops,,
55799,,Dresses,,
55800,,Tops,,
55801,,Dresses,,
55802,,Night suits,,
55803,,Night suits,,
55804,,Night suits,,
55805,,Night suits,,
55806,,Night suits,,
55807,,Kurtas,,
55809,,Kurtas,,
55810,,Dresses,,
55811,,Dresses,,
55812,,Kurtas,,
55813,,Night suits,,
55814,,Dresses,,
55817,,Night suits,,
55818,,Dresses,,
55819,,Dresses,,
55821,,Night suits,,
55822,,Tops,,
55823,,Kurtas,,
55824,,Night suits,,
55825,,Dresses,,
55826,,Dresses,,
55827,,Dresses,,
55828,,Dresses,,
55829,,Dresses,,
55830,,Dresses,,
55831,,Dresses,,
55832,,Dresses,,
55833,,Kajal and Eyeliner,,
55834,,Perfume and Body Mist,,
55835,,Perfume and Body Mist,,
55836,,Deodorant,,
55837,,Perfume and Body Mist,,
55838,,Deodorant,,
55839,,Perfume and Body Mist,,
55840,,Perfume and Body Mist,,
55841,,Deodorant,,
55842,,Perfume and Body Mist,,
55843,,Deodorant,,
55844,,Perfume and Body Mist,,
55845,,Perfume and Body Mist,,
55846,,Perfume and Body Mist,,
55847,,Perfume and Body Mist,,
55848,,Socks,,
55849,,Perfume and Body Mist,,
55850,,Perfume and Body Mist,,
55851,,Perfume and Body Mist,,
55852,,Perfume and Body Mist,,
55853,,Perfume and Body Mist,,
55854,,Perfume and Body Mist,,
55855,,Perfume and Body Mist,,
55856,,Perfume and Body Mist,,
55857,,Perfume and Body Mist,,
55858,,Perfume and Body Mist,,
55859,,Perfume and Body Mist,,
55860,,Perfume and Body Mist,,
55861,,Perfume and Body Mist,,
55862,,Perfume and Body Mist,,
55863,,Perfume and Body Mist,,
55864,,Perfume and Body Mist,,
55865,,Perfume and Body Mist,,
55866,,Perfume and Body Mist,,
55867,,Tops,,
55868,,Perfume and Body Mist,,
55869,,Deodorant,,
55870,,Perfume and Body Mist,,
55871,,Perfume and Body Mist,,
55872,,Perfume and Body Mist,,
55873,,Perfume and Body Mist,,
55874,,Perfume and Body Mist,,
55875,,Perfume and Body Mist,,
55876,,Perfume and Body Mist,,
55877,,Perfume and Body Mist,,
55878,,Perfume and Body Mist,,
55879,,Perfume and Body Mist,,
55880,,Perfume and Body Mist,,
55881,,Perfume and Body Mist,,
55882,,Perfume and Body Mist,,
55883,,Tops,,
55884,,Perfume and Body Mist,,
55885,,Perfume and Body Mist,,
55886,,Perfume and Body Mist,,
55887,,Perfume and Body Mist,,
55888,,Perfume and Body Mist,,
55889,,Perfume and Body Mist,,
55890,,Perfume and Body Mist,,
55891,,Perfume and Body Mist,,
55892,,Perfume and Body Mist,,
55893,,Perfume and Body Mist,,
55894,,Perfume and Body Mist,,
55895,,Perfume and Body Mist,,
55896,,Perfume and Body Mist,,
55897,,Perfume and Body Mist,,
55898,,Tops,,
55899,,Perfume and Body Mist,,
55900,,Perfume and Body Mist,,
55901,,Tops,,
55902,,Perfume and Body Mist,,
55903,,Perfume and Body Mist,,
55904,,Perfume and Body Mist,,
55905,,Earrings,,
55906,,Perfume and Body Mist,,
55907,,Perfume and Body Mist,,
55909,,Perfume and Body Mist,,
55910,,Perfume and Body Mist,,
55911,,Perfume and Body Mist,,
55912,,Perfume and Body Mist,,
55913,,Perfume and Body Mist,,
55914,,Perfume and Body Mist,,
55915,,Perfume and Body Mist,,
55916,,Perfume and Body Mist,,
55917,,Perfume and Body Mist,,
55918,,Perfume and Body Mist,,
55919,,Perfume and Body Mist,,
55920,,Perfume and Body Mist,,
55921,,Perfume and Body Mist,,
55922,,Perfume and Body Mist,,
55923,,Perfume and Body Mist,,
55924,,Perfume and Body Mist,,
55925,,Deodorant,,
55926,,Perfume and Body Mist,,
55927,,Perfume and Body Mist,,
55928,,Perfume and Body Mist,,
55929,,Perfume and Body Mist,,
55930,,Perfume and Body Mist,,
55931,,Perfume and Body Mist,,
55932,,Perfume and Body Mist,,
55933,,Perfume and Body Mist,,
55935,,Perfume and Body Mist,,
55936,,Perfume and Body Mist,,
55937,,Perfume and Body Mist,,
55938,,Perfume and Body Mist,,
55939,,Perfume and Body Mist,,
55940,,Perfume and Body Mist,,
55941,,Perfume and Body Mist,,
55942,,Perfume and Body Mist,,
55943,,Perfume and Body Mist,,
55944,,Deodorant,,
55945,,Perfume and Body Mist,,
55946,,Perfume and Body Mist,,
55947,,Perfume and Body Mist,,
55948,,Deodorant,,
55949,,Deodorant,,
55950,,Deodorant,,
55951,,Perfume and Body Mist,,
55952,,Perfume and Body Mist,,
55953,,Perfume and Body Mist,,
55954,,Perfume and Body Mist,,
55955,,Perfume and Body Mist,,
55956,,Earrings,,
55957,,Lipstick,,
55958,,Ties,,
55959,,Lipstick,,
55960,,Lipstick,,
55961,,Lipstick,,
55962,,Earrings,,
55963,,Deodorant,,
55964,,Socks,,
55965,,Perfume and Body Mist,,
55966,,Earrings,,
55967,,Perfume and Body Mist,,
55968,,Perfume and Body Mist,,
55969,,Earrings,,
55970,,Perfume and Body Mist,,
55971,,Perfume and Body Mist,,
55972,,Earrings,,
55973,,Perfume and Body Mist,,
55974,,Perfume and Body Mist,,
55975,,Perfume and Body Mist,,
55976,,Perfume and Body Mist,,
55977,,Tops,,
55978,,Perfume and Body Mist,,
55979,,Perfume and Body Mist,,
55980,,Earrings,,
55981,,Perfume and Body Mist,,
55982,,Earrings,,
55983,,Perfume and Body Mist,,
55984,,Perfume and Body Mist,,
55985,,Perfume and Body Mist,,
55986,,Perfume and Body Mist,,
55987,,Perfume and Body Mist,,
55988,,Earrings,,
55989,,Socks,,
55990,,Perfume and Body Mist,,
55991,,Earrings,,
55992,,Perfume and Body Mist,,
55993,,Perfume and Body Mist,,
55994,,Perfume and Body Mist,,
55995,,Perfume and Body Mist,,
55996,,Perfume and Body Mist,,
55997,,Perfume and Body Mist,,
55998,,Perfume and Body Mist,,
55999,,Perfume and Body Mist,,
56000,,Perfume and Body Mist,,
56001,,Perfume and Body Mist,,
56002,,Earrings,,
56003,,Perfume and Body Mist,,
56004,,Perfume and Body Mist,,
56005,,Earrings,,
56006,,Perfume and Body Mist,,
56007,,Earrings,,
56008,,Earrings,,
56009,,Earrings,,
56010,,Perfume and Body Mist,,
56011,,Perfume and Body Mist,,
56012,,Perfume and Body Mist,,
56013,,Perfume and Body Mist,,
56014,,Perfume and Body Mist,,
56015,,Perfume and Body Mist,,
56016,,Earrings,,
56017,,Perfume and Body Mist,,
56018,,Perfume and Body Mist,,
56019,,Perfume and Body Mist,,
56020,,Perfume and Body Mist,,
56021,,Earrings,,
56022,,Perfume and Body Mist,,
56023,,Perfume and Body Mist,,
56024,,Perfume and Body Mist,,
56025,,Perfume and Body Mist,,
56026,,Perfume and Body Mist,,
56027,,Perfume and Body Mist,,
56028,,Perfume and Body Mist,,
56029,,Perfume and Body Mist,,
56030,,Perfume and Body Mist,,
56031,,Perfume and Body Mist,,
56032,,Perfume and Body Mist,,
56033,,Perfume and Body Mist,,
56034,,Perfume and Body Mist,,
56035,,Perfume and Body Mist,,
56036,,Perfume and Body Mist,,
56037,,Earrings,,
56038,,Earrings,,
56039,,Perfume and Body Mist,,
56040,,Perfume and Body Mist,,
56041,,Deodorant,,
56042,,Perfume and Body Mist,,
56043,,Deodorant,,
56044,,Earrings,,
56045,,Perfume and Body Mist,,
56046,,Perfume and Body Mist,,
56047,,Perfume and Body Mist,,
56048,,Earrings,,
56049,,Perfume and Body Mist,,
56050,,Perfume and Body Mist,,
56051,,Perfume and Body Mist,,
56052,,Earrings,,
56053,,Earrings,,
56054,,Earrings,,
56055,,Earrings,,
56056,,Earrings,,
56057,,Earrings,,
56058,,Earrings,,
56059,,Perfume and Body Mist,,
56060,,Earrings,,
56061,,Earrings,,
56062,,Earrings,,
56063,,Earrings,,
56064,,Earrings,,
56065,,Earrings,,
56066,,Earrings,,
56067,,Earrings,,
56068,,Sandals,,
56069,,Earrings,,
56070,,Kajal and Eyeliner,,
56071,,Perfume and Body Mist,,
56072,,Perfume and Body Mist,,
56073,,Perfume and Body Mist,,
56074,,Perfume and Body Mist,,
56075,,Earrings,,
56076,,Bra,,
56077,,Perfume and Body Mist,,
56078,,Perfume and Body Mist,,
56079,,Deodorant,,
56080,,Deodorant,,
56081,,Perfume and Body Mist,,
56082,,Earrings,,
56083,,Deodorant,,
56084,,Deodorant,,
56085,,Earrings,,
56086,,Perfume and Body Mist,,
56087,,Deodorant,,
56088,,Deodorant,,
56089,,Deodorant,,
56090,,Cufflinks,,
56091,,Earrings,,
56092,,Deodorant,,
56093,,Earrings,,
56094,,Perfume and Body Mist,,
56095,,Perfume and Body Mist,,
56096,,Deodorant,,
56097,,Earrings,,
56098,,Deodorant,,
56099,,Perfume and Body Mist,,
56100,,Deodorant,,
56101,,Earrings,,
56102,,Deodorant,,
56103,,Earrings,,
56104,,Earrings,,
56105,,Deodorant,,
56106,,Deodorant,,
56107,,Deodorant,,
56108,,Deodorant,,
56109,,Perfume and Body Mist,,
56110,,Shoe Accessories,,
56111,,Perfume and Body Mist,,
56112,,Perfume and Body Mist,,
56113,,Perfume and Body Mist,,
56114,,Perfume and Body Mist,,
56115,,Perfume and Body Mist,,
56116,,Perfume and Body Mist,,
56117,,Perfume and Body Mist,,
56118,,Perfume and Body Mist,,
56119,,Perfume and Body Mist,,
56120,,Perfume and Body Mist,,
56121,,Perfume and Body Mist,,
56122,,Perfume and Body Mist,,
56123,,Perfume and Body Mist,,
56124,,Perfume and Body Mist,,
56125,,Perfume and Body Mist,,
56126,,Deodorant,,
56127,,Earrings,,
56128,,Earrings,,
56129,,Perfume and Body Mist,,
56133,,Perfume and Body Mist,,
56134,,Perfume and Body Mist,,
56135,,Perfume and Body Mist,,
56136,,Perfume and Body Mist,,
56137,,Perfume and Body Mist,,
56138,,Perfume and Body Mist,,
56139,,Casual Shoes,,
56140,,Belts,,
56141,,Perfume and Body Mist,,
56142,,Perfume and Body Mist,,
56143,,Sandals,,
56144,,Sandals,,
56145,,Sports Shoes,,
56146,,Sandals,,
56147,,Sandals,,
56148,,Sandals,,
56149,,Ties,,
56150,,Perfume and Body Mist,,
56151,,Perfume and Body Mist,,
56152,,Kajal and Eyeliner,,
56153,,Deodorant,,
56154,,Perfume and Body Mist,,
56155,,Perfume and Body Mist,,
56156,,Bra,,
56157,,Perfume and Body Mist,,
56158,,Earrings,,
56159,,Ties,,
56160,,Ties,,
56161,,Perfume and Body Mist,,
56162,,Perfume and Body Mist,,
56164,,Briefs,,
56165,,Kajal and Eyeliner,,
56166,,Briefs,,
56167,,Kajal and Eyeliner,,
56168,,Perfume and Body Mist,,
56170,,Perfume and Body Mist,,
56171,,Earrings,,
56172,,Perfume and Body Mist,,
56173,,Earrings,,
56174,,Earrings,,
56175,,Earrings,,
56176,,Earrings,,
56177,,Earrings,,
56178,,Perfume and Body Mist,,
56179,,Perfume and Body Mist,,
56180,,Perfume and Body Mist,,
56181,,Sandals,,
56182,,Sandals,,
56183,,Belts,,
56184,,Belts,,
56185,,Casual Shoes,,
56186,,Casual Shoes,,
56187,,Casual Shoes,,
56188,,Casual Shoes,,
56189,,Sandals,,
56190,,Sandals,,
56191,,Sandals,,
56192,,Sandals,,
56193,,Belts,,
56194,,Casual Shoes,,
56195,,Sandals,,
56196,,Casual Shoes,,
56198,,Bangle,,
56199,,Earrings,,
56201,,Earrings,,
56202,,Pendant,,
56203,,Pendant,,
56205,,Pendant,,
56206,,Pendant,,
56207,,Pendant,,
56208,,Pendant,,
56209,,Pendant,,
56210,,Pendant,,
56211,,Pendant,,
56212,,Ties,,
56213,,Earrings,,
56214,,Earrings,,
56215,,Earrings,,
56216,,Earrings,,
56217,,Jewellery Set,,
56218,,Jewellery Set,,
56219,,Jewellery Set,,
56220,,Jewellery Set,,
56221,,Tshirts,,
56222,,Tshirts,,
56223,,Ties,,
56224,,Ties,,
56225,,Leggings,,
56226,,Ties,,
56227,,Tshirts,,
56228,,Kurta Sets,,
56229,,Ties,,
56230,,Ties,,
56231,,Ties,,
56232,,Night suits,,
56233,,Night suits,,
56234,,Tshirts,,
56235,,Ties,,
56236,,Night suits,,
56237,,Ties,,
56238,,Night suits,,
56239,,Night suits,,
56240,,Tshirts,,
56241,,Night suits,,
56243,,Night suits,,
56244,,Dresses,,
56245,,Night suits,,
56247,,Ties,,
56248,,Night suits,,
56249,,Night suits,,
56250,,Night suits,,
56251,,Leggings,,
56252,,Ties,,
56253,,Night suits,,
56254,,Night suits,,
56255,,Night suits,,
56256,,Night suits,,
56257,,Leggings,,
56258,,Night suits,,
56260,,Night suits,,
56261,,Night suits,,
56262,,Night suits,,
56263,,Night suits,,
56265,,Dresses,,
56266,,Dresses,,
56267,,Tshirts,,
56268,,Night suits,,
56269,,Dresses,,
56270,,Bra,,
56271,,Bra,,
56272,,Bra,,
56273,,Bra,,
56274,,Bra,,
56275,,Bra,,
56276,,Bra,,
56277,,Bra,,
56278,,Bra,,
56279,,Bra,,
56280,,Bra,,
56281,,Bra,,
56282,,Bra,,
56283,,Bra,,
56284,,Bra,,
56285,,Bra,,
56286,,Bra,,
56287,,Bra,,
56288,,Bra,,
56289,,Bra,,
56290,,Briefs,,
56291,,Briefs,,
56292,,Bra,,
56293,,Bra,,
56294,,Bra,,
56295,,Bra,,
56296,,Briefs,,
56297,,Briefs,,
56298,,Bra,,
56299,,Bra,,
56300,,Bra,,
56301,,Bra,,
56302,,Bra,,
56303,,Briefs,,
56304,,Briefs,,
56305,,Briefs,,
56306,,Bra,,
56307,,Bra,,
56308,,Briefs,,
56309,,Briefs,,
56310,,Bra,,
56311,,Bra,,
56312,,Watches,,
56313,,Watches,,
56314,,Wallets,,
56315,,Watches,,
56316,,Watches,,
56317,,Watches,,
56318,,Watches,,
56319,,Watches,,
56320,,Watches,,
56321,,Watches,,
56322,,Watches,,
56323,,Watches,,
56324,,Watches,,
56326,,Watches,,
56327,,Watches,,
56329,,Watches,,
56330,,Handbags,,
56331,,Watches,,
56332,,Watches,,
56333,,Watches,,
56335,,Watches,,
56336,,Watches,,
56337,,Watches,,
56338,,Watches,,
56339,,Watches,,
56340,,Watches,,
56341,,Watches,,
56342,,Watches,,
56343,,Wallets,,
56344,,Watches,,
56346,,Watches,,
56348,,Watches,,
56349,,Perfume and Body Mist,,
56351,,Perfume and Body Mist,,
56352,,Deodorant,,
56353,,Deodorant,,
56354,,Deodorant,,
56355,,Deodorant,,
56356,,Deodorant,,
56359,,Perfume and Body Mist,,
56360,,Perfume and Body Mist,,
56361,,Perfume and Body Mist,,
56362,,Perfume and Body Mist,,
56363,,Perfume and Body Mist,,
56364,,Perfume and Body Mist,,
56365,,Perfume and Body Mist,,
56366,,Perfume and Body Mist,,
56367,,Perfume and Body Mist,,
56368,,Perfume and Body Mist,,
56375,,Perfume and Body Mist,,
56376,,Perfume and Body Mist,,
56377,,Perfume and Body Mist,,
56378,,Perfume and Body Mist,,
56379,,Perfume and Body Mist,,
56380,,Perfume and Body Mist,,
56381,,Perfume and Body Mist,,
56385,,Perfume and Body Mist,,
56386,,Perfume and Body Mist,,
56388,,Perfume and Body Mist,,
56389,,Perfume and Body Mist,,
56390,,Perfume and Body Mist,,
56391,,Perfume and Body Mist,,
56392,,Perfume and Body Mist,,
56393,,Perfume and Body Mist,,
56394,,Perfume and Body Mist,,
56395,,Deodorant,,
56402,,Heels,,
56403,,Heels,,
56404,,Heels,,
56405,,Heels,,
56406,,Heels,,
56407,,Heels,,
56410,,Casual Shoes,,
56411,,Sandals,,
56412,,Sandals,,
56413,,Sandals,,
56414,,Sandals,,
56415,,Sandals,,
56416,,Bra,,
56417,,Bra,,
56418,,Bra,,
56419,,Bra,,
56420,,Bra,,
56421,,Bra,,
56422,,Bra,,
56423,,Bra,,
56424,,Belts,,
56425,,Sandals,,
56427,,Sandals,,
56428,,Sandals,,
56429,,Heels,,
56432,,Perfume and Body Mist,,
56436,,Perfume and Body Mist,,
56440,,Perfume and Body Mist,,
56443,,Deodorant,,
56444,,Perfume and Body Mist,,
56446,,Perfume and Body Mist,,
56447,,Perfume and Body Mist,,
56448,,Perfume and Body Mist,,
56450,,Perfume and Body Mist,,
56451,,Perfume and Body Mist,,
56452,,Wallets,,
56454,,Perfume and Body Mist,,
56455,,Perfume and Body Mist,,
56456,,Perfume and Body Mist,,
56458,,Wallets,,
56460,,Wallets,,
56461,,Perfume and Body Mist,,
56462,,Wallets,,
56463,,Perfume and Body Mist,,
56464,,Perfume and Body Mist,,
56465,,Wallets,,
56466,,Perfume and Body Mist,,
56467,,Perfume and Body Mist,,
56468,,Perfume and Body Mist,,
56469,,Perfume and Body Mist,,
56470,,Deodorant,,
56471,,Perfume and Body Mist,,
56472,,Perfume and Body Mist,,
56473,,Perfume and Body Mist,,
56474,,Perfume and Body Mist,,
56475,,Perfume and Body Mist,,
56476,,Perfume and Body Mist,,
56477,,Wallets,,
56478,,Perfume and Body Mist,,
56479,,Perfume and Body Mist,,
56480,,Perfume and Body Mist,,
56481,,Perfume and Body Mist,,
56482,,Perfume and Body Mist,,
56483,,Perfume and Body Mist,,
56484,,Perfume and Body Mist,,
56485,,Perfume and Body Mist,,
56486,,Perfume and Body Mist,,
56488,,Perfume and Body Mist,,
56489,,Wallets,,
56490,,Wallets,,
56491,,Perfume and Body Mist,,
56492,,Perfume and Body Mist,,
56493,,Perfume and Body Mist,,
56494,,Wallets,,
56495,,Perfume and Body Mist,,
56496,,Wallets,,
56497,,Perfume and Body Mist,,
56498,,Wallets,,
56499,,Wallets,,
56500,,Perfume and Body Mist,,
56501,,Wallets,,
56502,,Perfume and Body Mist,,
56503,,Perfume and Body Mist,,
56504,,Perfume and Body Mist,,
56505,,Perfume and Body Mist,,
56506,,Kajal and Eyeliner,,
56507,,Ties,,
56508,,Perfume and Body Mist,,
56509,,Perfume and Body Mist,,
56511,,Perfume and Body Mist,,
56512,,Perfume and Body Mist,,
56513,,Perfume and Body Mist,,
56515,,Deodorant,,
56516,,Deodorant,,
56517,,Perfume and Body Mist,,
56518,,Deodorant,,
56519,,Deodorant,,
56520,,Deodorant,,
56521,,Deodorant,,
56522,,Deodorant,,
56523,,Deodorant,,
56524,,Deodorant,,
56525,,Deodorant,,
56526,,Deodorant,,
56527,,Deodorant,,
56528,,Deodorant,,
56529,,Deodorant,,
56530,,Deodorant,,
56531,,Deodorant,,
56532,,Deodorant,,
56533,,Deodorant,,
56534,,Deodorant,,
56535,,Deodorant,,
56536,,Deodorant,,
56537,,Deodorant,,
56539,,Deodorant,,
56540,,Deodorant,,
56541,,Deodorant,,
56542,,Perfume and Body Mist,,
56543,,Earrings,,
56544,,Deodorant,,
56545,,Deodorant,,
56546,,Perfume and Body Mist,,
56547,,Ties,,
56548,,Kajal and Eyeliner,,
56549,,Kajal and Eyeliner,,
56550,,Kajal and Eyeliner,,
56551,,Deodorant,,
56553,,Deodorant,,
56554,,Deodorant,,
56555,,Perfume and Body Mist,,
56556,,Kajal and Eyeliner,,
56558,,Kajal and Eyeliner,,
56559,,Ties,,
56560,,Perfume and Body Mist,,
56561,,Kajal and Eyeliner,,
56562,,Kajal and Eyeliner,,
56563,,Ties,,
56564,,Ties,,
56565,,Ties,,
56566,,Ties,,
56568,,Perfume and Body Mist,,
56569,,Perfume and Body Mist,,
56570,,Perfume and Body Mist,,
56571,,Wallets,,
56572,,Wallets,,
56573,,Wallets,,
56574,,Perfume and Body Mist,,
56575,,Deodorant,,
56576,,Deodorant,,
56579,,Perfume and Body Mist,,
56580,,Ring,,
56581,,Heels,,
56582,,Heels,,
56583,,Perfume and Body Mist,,
56584,,Deodorant,,
56585,,Deodorant,,
56588,,Ties,,
56590,,Perfume and Body Mist,,
56591,,Perfume and Body Mist,,
56592,,Perfume and Body Mist,,
56593,,Perfume and Body Mist,,
56594,,Perfume and Body Mist,,
56597,,Kajal and Eyeliner,,
56598,,Kajal and Eyeliner,,
56599,,Kajal and Eyeliner,,
56600,,Deodorant,,
56601,,Kajal and Eyeliner,,
56602,,Ties,,
56603,,Ties,,
56604,,Deodorant,,
56605,,Ties,,
56606,,Sandals,,
56607,,Sandals,,
56608,,Sandals,,
56609,,Casual Shoes,,
56610,,Casual Shoes,,
56611,,Belts,,
56612,,Wallets,,
56613,,Wallets,,
56614,,Wallets,,
56615,,Perfume and Body Mist,,
56616,,Perfume and Body Mist,,
56617,,Handbags,,
56618,,Socks,,
56619,,Belts,,
56620,,Handbags,,
56622,,Perfume and Body Mist,,
56624,,Perfume and Body Mist,,
56626,,Perfume and Body Mist,,
56627,,Perfume and Body Mist,,
56631,,Deodorant,,
56632,,Perfume and Body Mist,,
56634,,Watches,,
56638,,Tunics,,
56639,,Tunics,,
56640,,Kurtis,,
56642,,Tops,,
56643,,Tops,,
56646,,Tops,,
56647,,Tshirts,,
56649,,Tops,,
56650,,Tops,,
56651,,Tops,,
56652,,Formal Shoes,,
56653,,Casual Shoes,,
56654,,Casual Shoes,,
56655,,Casual Shoes,,
56656,,Casual Shoes,,
56657,,Casual Shoes,,
56658,,Casual Shoes,,
56659,,Formal Shoes,,
56660,,Casual Shoes,,
56661,,Casual Shoes,,
56662,,Casual Shoes,,
56663,,Casual Shoes,,
56664,,Casual Shoes,,
56665,,Casual Shoes,,
56666,,Casual Shoes,,
56667,,Watches,,
56668,,Watches,,
56669,,Watches,,
56670,,Watches,,
56671,,Watches,,
56672,,Watches,,
56673,,Watches,,
56674,,Watches,,
56675,,Watches,,
56676,,Watches,,
56677,,Watches,,
56678,,Watches,,
56679,,Heels,,
56680,,Heels,,
56681,,Watches,,
56682,,Watches,,
56684,,Sarees,,
56685,,Sarees,,
56686,,Sarees,,
56687,,Kurtas,,
56688,,Kurtas,,
56689,,Kurtas,,
56691,,Kurtas,,
56692,,Kurtas,,
56693,,Tshirts,,
56694,,Shirts,,
56695,,Tshirts,,
56696,,Tshirts,,
56697,,Shirts,,
56698,,Tshirts,,
56699,,Shirts,,
56700,,Shirts,,
56701,,Tshirts,,
56702,,Tshirts,,
56703,,Tops,,
56704,,Shirts,,
56705,,Dresses,,
56709,,Kurtas,,
56711,,Kurtas,,
56713,,Kurtas,,
56714,,Kurtas,,
56715,,Kurtas,,
56718,,Kurtas,,
56720,,Casual Shoes,,
56721,,Casual Shoes,,
56722,,Casual Shoes,,
56723,,Casual Shoes,,
56724,,Flip Flops,,
56725,,Tshirts,,
56733,,Tshirts,,
56734,,Tshirts,,
56736,,Tshirts,,
56752,,Tshirts,,
56753,,Tshirts,,
56765,,Tops,,
56769,,Shirts,,
56770,,Shirts,,
56771,,Shirts,,
56787,,Shirts,,
56795,,Jeans,,
56798,,Jeans,,
56805,,Kurta Sets,,
56806,,Kurtas,,
56807,,Dresses,,
56808,,Kurtas,,
56809,,Dupatta,,
56810,,Kurtas,,
56811,,Tops,,
56812,,Kurtas,,
56813,,Kurtas,,
56814,,Tops,,
56815,,Kurtas,,
56816,,Shirts,,
56817,,Tops,,
56818,,Shirts,,
56819,,Shirts,,
56820,,Shirts,,
56821,,Shorts,,
56822,,Shorts,,
56825,,Tshirts,,
56827,,Jeans,,
56828,,Jeans,,
56829,,Ties,,
56843,,Jeans,,
56844,,Jeans,,
56845,,Track Pants,,
56846,,Trousers,,
56847,,Jeans,,
56849,,Jeans,,
56850,,Jeans,,
56852,,Jeans,,
56854,,Shirts,,
56855,,Shirts,,
56856,,Flip Flops,,
56857,,Flip Flops,,
56858,,Flip Flops,,
56859,,Flip Flops,,
56860,,Heels,,
56861,,Flats,,
56862,,Flats,,
56863,,Heels,,
56864,,Heels,,
56865,,Heels,,
56866,,Flats,,
56867,,Casual Shoes,,
56868,,Flats,,
56869,,Heels,,
56870,,Casual Shoes,,
56871,,Heels,,
56872,,Heels,,
56873,,Flats,,
56874,,Heels,,
56875,,Heels,,
56876,,Heels,,
56877,,Heels,,
56878,,Heels,,
56879,,Heels,,
56880,,Heels,,
56881,,Heels,,
56882,,Heels,,
56883,,Heels,,
56884,,Heels,,
56885,,Heels,,
56886,,Heels,,
56887,,Heels,,
56888,,Heels,,
56889,,Flats,,
56890,,Heels,,
56891,,Flip Flops,,
56893,,Flats,,
56894,,Heels,,
56895,,Heels,,
56896,,Heels,,
56897,,Heels,,
56898,,Heels,,
56899,,Heels,,
56900,,Heels,,
56901,,Heels,,
56902,,Heels,,
56903,,Heels,,
56904,,Flats,,
56905,,Flats,,
56906,,Flats,,
56907,,Heels,,
56908,,Heels,,
56909,,Flats,,
56910,,Flats,,
56911,,Heels,,
56912,,Flats,,
56913,,Flip Flops,,
56914,,Heels,,
56915,,Heels,,
56916,,Heels,,
56917,,Heels,,
56918,,Flats,,
56919,,Heels,,
56920,,Heels,,
56921,,Heels,,
56922,,Heels,,
56923,,Heels,,
56924,,Heels,,
56925,,Flip Flops,,
56926,,Flip Flops,,
56927,,Heels,,
56928,,Heels,,
56929,,Heels,,
56930,,Heels,,
56931,,Flats,,
56932,,Flats,,
56933,,Heels,,
56934,,Heels,,
56935,,Heels,,
56936,,Heels,,
56937,,Heels,,
56938,,Heels,,
56939,,Flats,,
56940,,Heels,,
56941,,Heels,,
56942,,Heels,,
56943,,Heels,,
56944,,Heels,,
56945,,Heels,,
56946,,Heels,,
56947,,Heels,,
56948,,Heels,,
56949,,Flats,,
56950,,Flats,,
56951,,Heels,,
56952,,Heels,,
56953,,Heels,,
56954,,Heels,,
56955,,Heels,,
56956,,Flats,,
56957,,Heels,,
56958,,Heels,,
56959,,Heels,,
56960,,Heels,,
56961,,Heels,,
56962,,Heels,,
56963,,Heels,,
56964,,Flip Flops,,
56965,,Flip Flops,,
56966,,Heels,,
56967,,Flats,,
56968,,Flip Flops,,
56969,,Flip Flops,,
56970,,Flip Flops,,
56971,,Heels,,
56972,,Heels,,
56973,,Heels,,
56974,,Flats,,
56975,,Heels,,
56976,,Heels,,
56977,,Heels,,
56978,,Flats,,
56979,,Flip Flops,,
56980,,Flip Flops,,
56981,,Flats,,
56982,,Flats,,
56983,,Flats,,
56984,,Flats,,
56985,,Heels,,
56986,,Flats,,
56987,,Heels,,
56988,,Heels,,
56989,,Flats,,
56990,,Heels,,
56991,,Heels,,
56992,,Flats,,
56993,,Flats,,
56994,,Heels,,
56995,,Heels,,
56996,,Heels,,
56997,,Heels,,
56998,,Heels,,
56999,,Heels,,
57000,,Heels,,
57001,,Flats,,
57002,,Heels,,
57003,,Heels,,
57004,,Heels,,
57005,,Heels,,
57006,,Heels,,
57007,,Heels,,
57008,,Flats,,
57009,,Flats,,
57010,,Flats,,
57011,,Flats,,
57012,,Flats,,
57013,,Flats,,
57014,,Heels,,
57015,,Briefs,,
57016,,Briefs,,
57017,,Briefs,,
57018,,Briefs,,
57019,,Briefs,,
57021,,Briefs,,
57022,,Briefs,,
57023,,Briefs,,
57024,,Briefs,,
57025,,Briefs,,
57026,,Briefs,,
57027,,Briefs,,
57028,,Tops,,
57029,,Tops,,
57030,,Dresses,,
57031,,Ties,,
57032,,Tops,,
57033,,Tops,,
57034,,Dresses,,
57035,,Dresses,,
57036,,Sarees,,
57037,,Dresses,,
57038,,Dresses,,
57039,,Dresses,,
57040,,Dresses,,
57041,,Dresses,,
57042,,Dresses,,
57043,,Dresses,,
57044,,Dresses,,
57045,,Dresses,,
57046,,Dresses,,
57047,,Dresses,,
57048,,Dresses,,
57049,,Dresses,,
57050,,Dresses,,
57051,,Tops,,
57052,,Dresses,,
57053,,Dresses,,
57054,,Dresses,,
57055,,Dresses,,
57056,,Dresses,,
57057,,Dresses,,
57058,,Dresses,,
57059,,Dresses,,
57060,,Dresses,,
57061,,Dresses,,
57062,,Tshirts,,
57063,,Shirts,,
57064,,Tops,,
57065,,Tops,,
57066,,Sandals,,
57067,,Tops,,
57068,,Tops,,
57069,,Tops,,
57070,,Jeans,,
57071,,Trousers,,
57072,,Leggings,,
57073,,Jeans,,
57074,,Jeans,,
57075,,Leggings,,
57076,,Jeans,,
57077,,Jeans,,
57078,,Dresses,,
57079,,Tops,,
57080,,Shirts,,
57081,,Tops,,
57082,,Skirts,,
57083,,Skirts,,
57084,,Skirts,,
57085,,Ties,,
57086,,Skirts,,
57087,,Dresses,,
57088,,Skirts,,
57089,,Skirts,,
57090,,Skirts,,
57091,,Skirts,,
57092,,Dresses,,
57093,,Leggings,,
57094,,Skirts,,
57095,,Skirts,,
57096,,Ties,,
57097,,Leggings,,
57099,,Skirts,,
57100,,Tops,,
57101,,Stoles,,
57102,,Tops,,
57103,,Tops,,
57104,,Tops,,
57105,,Tops,,
57106,,Tops,,
57107,,Tops,,
57108,,Tops,,
57109,,Tops,,
57110,,Shirts,,
57111,,Tops,,
57112,,Tops,,
57114,,Tops,,
57115,,Dresses,,
57116,,Tops,,
57117,,Tops,,
57118,,Tops,,
57119,,Dresses,,
57120,,Tops,,
57121,,Tops,,
57122,,Tops,,
57123,,Tops,,
57124,,Dresses,,
57125,,Tops,,
57126,,Tops,,
57127,,Tops,,
57128,,Tops,,
57129,,Tops,,
57130,,Tops,,
57131,,Tops,,
57132,,Dresses,,
57133,,Tops,,
57134,,Tops,,
57135,,Tops,,
57136,,Trousers,,
57137,,Trousers,,
57138,,Ties,,
57139,,Trousers,,
57140,,Ties,,
57141,,Leggings,,
57142,,Tops,,
57143,,Tops,,
57144,,Dresses,,
57145,,Tops,,
57146,,Tops,,
57147,,Tops,,
57148,,Tops,,
57149,,Tops,,
57150,,Tops,,
57151,,Tops,,
57152,,Tops,,
57153,,Tops,,
57154,,Tops,,
57155,,Tops,,
57156,,Tops,,
57157,,Tops,,
57158,,Tops,,
57159,,Tops,,
57160,,Tops,,
57161,,Tops,,
57162,,Tops,,
57163,,Tops,,
57164,,Tops,,
57165,,Tops,,
57166,,Tops,,
57167,,Innerwear Vests,,
57168,,Tops,,
57169,,Tops,,
57170,,Tops,,
57171,,Dresses,,
57172,,Tops,,
57173,,Tops,,
57174,,Tops,,
57175,,Tops,,
57176,,Tops,,
57177,,Tshirts,,
57178,,Tops,,
57179,,Tops,,
57180,,Tops,,
57181,,Dresses,,
57182,,Dresses,,
57183,,Dresses,,
57184,,Dresses,,
57185,,Dresses,,
57186,,Dresses,,
57187,,Dresses,,
57188,,Tops,,
57189,,Tops,,
57190,,Tops,,
57191,,Tops,,
57192,,Dresses,,
57193,,Tops,,
57194,,Tops,,
57195,,Dresses,,
57196,,Tops,,
57197,,Tops,,
57198,,Tops,,
57199,,Dresses,,
57200,,Dresses,,
57201,,Tops,,
57202,,Dresses,,
57203,,Dresses,,
57204,,Capris,,
57205,,Capris,,
57207,,Capris,,
57208,,Leggings,,
57209,,Jeans,,
57210,,Trousers,,
57211,,Trousers,,
57212,,Jeans,,
57213,,Jeans,,
57214,,Trousers,,
57215,,Trousers,,
57216,,Leggings,,
57217,,Capris,,
57218,,Shorts,,
57225,,Handbags,,
57226,,Handbags,,
57229,,Handbags,,
57230,,Handbags,,
57231,,Handbags,,
57235,,Handbags,,
57236,,Handbags,,
57237,,Handbags,,
57238,,Handbags,,
57239,,Handbags,,
57240,,Handbags,,
57241,,Handbags,,
57242,,Handbags,,
57243,,Handbags,,
57244,,Handbags,,
57246,,Handbags,,
57247,,Handbags,,
57252,,Handbags,,
57253,,Handbags,,
57254,,Handbags,,
57255,,Handbags,,
57256,,Handbags,,
57258,,Handbags,,
57259,,Handbags,,
57261,,Handbags,,
57262,,Handbags,,
57263,,Handbags,,
57264,,Handbags,,
57266,,Handbags,,
57268,,Tshirts,,
57273,,Tops,,
57274,,Shirts,,
57275,,Shirts,,
57276,,Shirts,,
57277,,Tops,,
57280,,Shirts,,
57281,,Jackets,,
57282,,Shirts,,
57283,,Shirts,,
57284,,Shirts,,
57285,,Shirts,,
57286,,Shirts,,
57287,,Shirts,,
57288,,Tshirts,,
57289,,Shirts,,
57290,,Shirts,,
57291,,Shirts,,
57292,,Shirts,,
57293,,Tops,,
57294,,Shirts,,
57295,,Shirts,,
57296,,Shirts,,
57297,,Shirts,,
57298,,Flats,,
57299,,Flats,,
57300,,Heels,,
57301,,Heels,,
57302,,Heels,,
57303,,Heels,,
57304,,Heels,,
57305,,Heels,,
57306,,Heels,,
57307,,Flats,,
57308,,Flats,,
57309,,Flats,,
57310,,Tshirts,,
57311,,Bra,,
57312,,Bra,,
57313,,Bra,,
57316,,Bra,,
57318,,Bra,,
57319,,Bra,,
57320,,Bra,,
57321,,Bra,,
57322,,Bra,,
57323,,Bra,,
57324,,Bra,,
57325,,Bra,,
57326,,Bra,,
57327,,Bra,,
57328,,Bra,,
57329,,Bra,,
57330,,Bra,,
57331,,Bra,,
57333,,Bra,,
57334,,Bra,,
57335,,Bra,,
57336,,Bra,,
57338,,Bra,,
57339,,Bra,,
57340,,Bra,,
57342,,Bra,,
57343,,Bra,,
57344,,Bra,,
57345,,Bra,,
57346,,Bra,,
57347,,Bra,,
57348,,Bra,,
57349,,Bra,,
57350,,Bra,,
57351,,Bra,,
57352,,Bra,,
57353,,Bra,,
57354,,Bra,,
57355,,Bra,,
57356,,Bra,,
57357,,Bra,,
57358,,Bra,,
57359,,Bra,,
57360,,Bra,,
57361,,Bra,,
57362,,Bra,,
57363,,Bra,,
57365,,Briefs,,
57366,,Briefs,,
57367,,Briefs,,
57368,,Briefs,,
57369,,Briefs,,
57370,,Briefs,,
57371,,Briefs,,
57372,,Briefs,,
57373,,Briefs,,
57374,,Briefs,,
57375,,Briefs,,
57376,,Briefs,,
57378,,Briefs,,
57379,,Briefs,,
57380,,Briefs,,
57382,,Briefs,,
57383,,Briefs,,
57384,,Briefs,,
57388,,Briefs,,
57389,,Earrings,,
57390,,Briefs,,
57391,,Briefs,,
57392,,Briefs,,
57393,,Briefs,,
57395,,Briefs,,
57397,,Briefs,,
57398,,Briefs,,
57399,,Briefs,,
57400,,Briefs,,
57401,,Briefs,,
57402,,Briefs,,
57403,,Briefs,,
57404,,Briefs,,
57405,,Briefs,,
57406,,Briefs,,
57407,,Briefs,,
57408,,Briefs,,
57409,,Briefs,,
57410,,Briefs,,
57411,,Briefs,,
57412,,Briefs,,
57413,,Briefs,,
57414,,Briefs,,
57415,,Briefs,,
57416,,Ties,,
57418,,Nightdress,,
57419,,Dresses,,
57420,,Tshirts,,
57421,,Tshirts,,
57422,,Tshirts,,
57423,,Tops,,
57424,,Tshirts,,
57425,,Tops,,
57426,,Tops,,
57427,,Tshirts,,
57428,,Tops,,
57429,,Tshirts,,
57430,,Tops,,
57431,,Tops,,
57432,,Tops,,
57433,,Tops,,
57434,,Tshirts,,
57435,,Tshirts,,
57436,,Tops,,
57437,,Tops,,
57438,,Tops,,
57439,,Tops,,
57440,,Tshirts,,
57441,,Tshirts,,
57442,,Tops,,
57443,,Tshirts,,
57444,,Tops,,
57445,,Tshirts,,
57446,,Tshirts,,
57447,,Tops,,
57448,,Tops,,
57449,,Tops,,
57450,,Tops,,
57457,,Clutches,,
57458,,Wallets,,
57459,,Wallets,,
57462,,Clutches,,
57463,,Belts,,
57466,,Flip Flops,,
57467,,Casual Shoes,,
57468,,Flip Flops,,
57469,,Casual Shoes,,
57470,,Casual Shoes,,
57471,,Casual Shoes,,
57475,,Sandals,,
57476,,Casual Shoes,,
57477,,Sandals,,
57478,,Casual Shoes,,
57479,,Casual Shoes,,
57480,,Casual Shoes,,
57481,,Sports Shoes,,
57482,,Casual Shoes,,
57483,,Casual Shoes,,
57484,,Sandals,,
57487,,Formal Shoes,,
57488,,Formal Shoes,,
57489,,Casual Shoes,,
57490,,Casual Shoes,,
57491,,Casual Shoes,,
57492,,Formal Shoes,,
57493,,Formal Shoes,,
57494,,Formal Shoes,,
57495,,Formal Shoes,,
57496,,Formal Shoes,,
57497,,Formal Shoes,,
57498,,Formal Shoes,,
57499,,Formal Shoes,,
57500,,Sandals,,
57501,,Sandals,,
57502,,Sandals,,
57503,,Sandals,,
57504,,Sandals,,
57505,,Sandals,,
57506,,Sandals,,
57507,,Sandals,,
57508,,Sandals,,
57509,,Formal Shoes,,
57510,,Formal Shoes,,
57511,,Formal Shoes,,
57512,,Formal Shoes,,
57513,,Formal Shoes,,
57514,,Formal Shoes,,
57515,,Formal Shoes,,
57516,,Formal Shoes,,
57517,,Formal Shoes,,
57518,,Formal Shoes,,
57519,,Formal Shoes,,
57520,,Formal Shoes,,
57521,,Casual Shoes,,
57522,,Casual Shoes,,
57523,,Formal Shoes,,
57524,,Formal Shoes,,
57525,,Formal Shoes,,
57526,,Formal Shoes,,
57527,,Formal Shoes,,
57528,,Formal Shoes,,
57529,,Formal Shoes,,
57530,,Formal Shoes,,
57531,,Formal Shoes,,
57532,,Formal Shoes,,
57533,,Casual Shoes,,
57534,,Belts,,
57536,,Belts,,
57539,,Belts,,
57543,,Perfume and Body Mist,,
57544,,Perfume and Body Mist,,
57545,,Perfume and Body Mist,,
57547,,Perfume and Body Mist,,
57548,,Perfume and Body Mist,,
57549,,Ties,,
57550,,Perfume and Body Mist,,
57552,,Lipstick,,
57553,,Lipstick,,
57554,,Lipstick,,
57555,,Lipstick,,
57556,,Lipstick,,
57557,,Lipstick,,
57558,,Lipstick,,
57559,,Lipstick,,
57560,,Perfume and Body Mist,,
57561,,Earrings,,
57562,,Earrings,,
57563,,Earrings,,
57566,,Earrings,,
57567,,Earrings,,
57568,,Earrings,,
57569,,Earrings,,
57570,,Earrings,,
57571,,Earrings,,
57572,,Earrings,,
57573,,Earrings,,
57574,,Earrings,,
57575,,Earrings,,
57576,,Earrings,,
57577,,Earrings,,
57578,,Earrings,,
57579,,Earrings,,
57580,,Earrings,,
57581,,Earrings,,
57582,,Lipstick,,
57583,,Deodorant,,
57584,,Deodorant,,
57586,,Deodorant,,
57587,,Deodorant,,
57588,,Deodorant,,
57589,,Deodorant,,
57591,,Deodorant,,
57592,,Deodorant,,
57593,,Deodorant,,
57594,,Deodorant,,
57595,,Deodorant,,
57596,,Deodorant,,
57597,,Deodorant,,
57598,,Earrings,,
57599,,Deodorant,,
57600,,Deodorant,,
57601,,Deodorant,,
57603,,Lipstick,,
57604,,Lipstick,,
57605,,Deodorant,,
57606,,Deodorant,,
57607,,Perfume and Body Mist,,
57608,,Deodorant,,
57609,,Deodorant,,
57610,,Deodorant,,
57611,,Deodorant,,
57613,,Wallets,,
57614,,Deodorant,,
57615,,Deodorant,,
57616,,Deodorant,,
57617,,Deodorant,,
57619,,Tshirts,,
57620,,Deodorant,,
57621,,Shoe Accessories,,
57622,,Wallets,,
57623,,Deodorant,,
57624,,Deodorant,,
57625,,Tshirts,,
57627,,Deodorant,,
57628,,Deodorant,,
57629,,Deodorant,,
57630,,Wallets,,
57631,,Deodorant,,
57632,,Ties,,
57633,,Ties,,
57634,,Ties,,
57635,,Perfume and Body Mist,,
57636,,Ties,,
57637,,Ties,,
57638,,Ties,,
57639,,Perfume and Body Mist,,
57640,,Ties,,
57642,,Ties,,
57643,,Ties,,
57644,,Deodorant,,
57645,,Perfume and Body Mist,,
57646,,Perfume and Body Mist,,
57647,,Perfume and Body Mist,,
57649,,Deodorant,,
57650,,Deodorant,,
57651,,Ties,,
57652,,Perfume and Body Mist,,
57653,,Perfume and Body Mist,,
57654,,Ties,,
57655,,Deodorant,,
57656,,Perfume and Body Mist,,
57657,,Deodorant,,
57658,,Ties,,
57660,,Deodorant,,
57661,,Deodorant,,
57662,,Deodorant,,
57664,,Perfume and Body Mist,,
57667,,Perfume and Body Mist,,
57668,,Ties,,
57669,,Ties,,
57670,,Perfume and Body Mist,,
57671,,Perfume and Body Mist,,
57672,,Ties,,
57673,,Ties,,
57674,,Perfume and Body Mist,,
57675,,Perfume and Body Mist,,
57676,,Deodorant,,
57677,,Wallets,,
57678,,Deodorant,,
57679,,Perfume and Body Mist,,
57681,,Perfume and Body Mist,,
57683,,Perfume and Body Mist,,
57685,,Perfume and Body Mist,,
57687,,Perfume and Body Mist,,
57689,,Perfume and Body Mist,,
57690,,Deodorant,,
57691,,Perfume and Body Mist,,
57692,,Perfume and Body Mist,,
57694,,Deodorant,,
57696,,Perfume and Body Mist,,
57697,,Wallets,,
57698,,Perfume and Body Mist,,
57699,,Perfume and Body Mist,,
57700,,Wallets,,
57701,,Wallets,,
57702,,Perfume and Body Mist,,
57703,,Deodorant,,
57704,,Deodorant,,
57705,,Deodorant,,
57706,,Lip Liner,,
57707,,Lip Liner,,
57708,,Kajal and Eyeliner,,
57709,,Kajal and Eyeliner,,
57710,,Kajal and Eyeliner,,
57711,,Kajal and Eyeliner,,
57712,,Kajal and Eyeliner,,
57713,,Perfume and Body Mist,,
57714,,Perfume and Body Mist,,
57715,,Perfume and Body Mist,,
57716,,Kajal and Eyeliner,,
57717,,Ties,,
57718,,Ties,,
57719,,Perfume and Body Mist,,
57720,,Perfume and Body Mist,,
57721,,Kajal and Eyeliner,,
57724,,Perfume and Body Mist,,
57725,,Perfume and Body Mist,,
57727,,Ties,,
57728,,Wallets,,
57729,,Wallets,,
57730,,Wallets,,
57731,,Wallets,,
57732,,Wallets,,
57733,,Perfume and Body Mist,,
57734,,Perfume and Body Mist,,
57735,,Perfume and Body Mist,,
57736,,Perfume and Body Mist,,
57737,,Perfume and Body Mist,,
57738,,Wallets,,
57739,,Wallets,,
57740,,Deodorant,,
57741,,Perfume and Body Mist,,
57742,,Wallets,,
57743,,Wallets,,
57744,,Wallets,,
57745,,Deodorant,,
57746,,Deodorant,,
57747,,Deodorant,,
57749,,Briefs,,
57750,,Briefs,,
57752,,Socks,,
57753,,Deodorant,,
57754,,Deodorant,,
57755,,Deodorant,,
57756,,Deodorant,,
57757,,Perfume and Body Mist,,
57758,,Deodorant,,
57759,,Perfume and Body Mist,,
57760,,Perfume and Body Mist,,
57761,,Perfume and Body Mist,,
57762,,Deodorant,,
57763,,Wallets,,
57764,,Perfume and Body Mist,,
57765,,Perfume and Body Mist,,
57766,,Perfume and Body Mist,,
57767,,Perfume and Body Mist,,
57768,,Deodorant,,
57770,,Perfume and Body Mist,,
57771,,Perfume and Body Mist,,
57772,,Perfume and Body Mist,,
57773,,Perfume and Body Mist,,
57774,,Deodorant,,
57776,,Perfume and Body Mist,,
57777,,Perfume and Body Mist,,
57778,,Wallets,,
57779,,Wallets,,
57780,,Lip Liner,,
57781,,Wallets,,
57782,,Wallets,,
57783,,Deodorant,,
57784,,Caps,,
57785,,Caps,,
57786,,Caps,,
57787,,Belts,,
57788,,Belts,,
57789,,Belts,,
57790,,Belts,,
57791,,Perfume and Body Mist,,
57792,,Perfume and Body Mist,,
57793,,Perfume and Body Mist,,
57794,,Wallets,,
57795,,Wallets,,
57796,,Sports Shoes,,
57798,,Perfume and Body Mist,,
57800,,Deodorant,,
57801,,Perfume and Body Mist,,
57802,,Heels,,
57803,,Heels,,
57804,,Wallets,,
57805,,Wallets,,
57810,,Tops,,
57811,,Dresses,,
57812,,Dresses,,
57815,,Tops,,
57816,,Tops,,
57817,,Tops,,
57818,,Tops,,
57819,,Dresses,,
57820,,Tops,,
57823,,Tops,,
57824,,Leggings,,
57832,,Tops,,
57833,,Tshirts,,
57834,,Tshirts,,
57835,,Wallets,,
57836,,Wallets,,
57837,,Mobile Pouch,,
57838,,Wallets,,
57845,,Handbags,,
57846,,Handbags,,
57847,,Handbags,,
57849,,Heels,,
57850,,Heels,,
57851,,Casual Shoes,,
57852,,Heels,,
57853,,Heels,,
57854,,Flats,,
57855,,Heels,,
57856,,Heels,,
57857,,Sandals,,
57858,,Heels,,
57859,,Perfume and Body Mist,,
57860,,Deodorant,,
57861,,Deodorant,,
57862,,Perfume and Body Mist,,
57863,,Perfume and Body Mist,,
57864,,Deodorant,,
57865,,Perfume and Body Mist,,
57866,,Shorts,,
57867,,Perfume and Body Mist,,
57868,,Perfume and Body Mist,,
57869,,Deodorant,,
57870,,Deodorant,,
57871,,Perfume and Body Mist,,
57872,,Deodorant,,
57873,,Perfume and Body Mist,,
57874,,Belts,,
57875,,Deodorant,,
57876,,Deodorant,,
57877,,Perfume and Body Mist,,
57878,,Belts,,
57879,,Trunk,,
57880,,Belts,,
57881,,Deodorant,,
57883,,Perfume and Body Mist,,
57884,,Wallets,,
57885,,Perfume and Body Mist,,
57886,,Wallets,,
57887,,Perfume and Body Mist,,
57888,,Deodorant,,
57889,,Deodorant,,
57890,,Perfume and Body Mist,,
57891,,Perfume and Body Mist,,
57892,,Briefs,,
57893,,Leggings,,
57894,,Leggings,,
57895,,Kurtis,,
57896,,Shorts,,
57897,,Tops,,
57898,,Tops,,
57899,,Leggings,,
57906,,Perfume and Body Mist,,
57907,,Socks,,
57908,,Pendant,,
57909,,Socks,,
57910,,Socks,,
57911,,Socks,,
57912,,Socks,,
57913,,Socks,,
57914,,Perfume and Body Mist,,
57915,,Socks,,
57916,,Socks,,
57917,,Perfume and Body Mist,,
57918,,Socks,,
57919,,Socks,,
57920,,Socks,,
57921,,Socks,,
57922,,Leggings,,
57923,,Jeans,,
57924,,Jeans,,
57925,,Jeans,,
57930,,Tshirts,,
57931,,Tshirts,,
57932,,Tshirts,,
57933,,Tops,,
57934,,Sandals,,
57935,,Sandals,,
57936,,Casual Shoes,,
57937,,Casual Shoes,,
57938,,Sandals,,
57939,,Casual Shoes,,
57940,,Sandals,,
57941,,Formal Shoes,,
57942,,Formal Shoes,,
57943,,Casual Shoes,,
57944,,Sandals,,
57945,,Sandals,,
57946,,Casual Shoes,,
57947,,Casual Shoes,,
57948,,Casual Shoes,,
57949,,Formal Shoes,,
57950,,Formal Shoes,,
57952,,Sarees,,
57953,,Sarees,,
57954,,Sarees,,
57956,,Sarees,,
57957,,Sarees,,
57958,,Sarees,,
57959,,Sarees,,
57960,,Sarees,,
57961,,Sarees,,
57962,,Sarees,,
57963,,Sarees,,
57964,,Sarees,,
57965,,Sarees,,
57966,,Sarees,,
57967,,Sarees,,
57968,,Sarees,,
57969,,Sarees,,
57970,,Sarees,,
57971,,Sarees,,
57972,,Sarees,,
57973,,Sarees,,
57974,,Sarees,,
57975,,Sarees,,
57976,,Dresses,,
57980,,Dresses,,
57981,,Tops,,
57982,,Dresses,,
57983,,Tops,,
57985,,Tops,,
57986,,Dresses,,
57987,,Dresses,,
57988,,Tops,,
57989,,Dresses,,
57990,,Dresses,,
57991,,Dresses,,
57992,,Dresses,,
57993,,Dresses,,
57994,,Dresses,,
57995,,Dresses,,
57996,,Dresses,,
57997,,Dresses,,
57998,,Dresses,,
57999,,Dresses,,
58000,,Dresses,,
58001,,Dresses,,
58002,,Dresses,,
58003,,Dresses,,
58004,,Tops,,
58005,,Tops,,
58006,,Tops,,
58007,,Tops,,
58008,,Tops,,
58009,,Tops,,
58010,,Tops,,
58011,,Tops,,
58012,,Tops,,
58013,,Tops,,
58014,,Tops,,
58015,,Tops,,
58016,,Earrings,,
58017,,Earrings,,
58018,,Earrings,,
58020,,Earrings,,
58022,,Earrings,,
58023,,Earrings,,
58024,,Earrings,,
58027,,Earrings,,
58028,,Earrings,,
58030,,Earrings,,
58032,,Earrings,,
58035,,Watches,,
58037,,Earrings,,
58039,,Earrings,,
58041,,Earrings,,
58042,,Earrings,,
58044,,Earrings,,
58045,,Earrings,,
58046,,Earrings,,
58049,,Earrings,,
58050,,Earrings,,
58051,,Earrings,,
58052,,Earrings,,
58053,,Earrings,,
58057,,Earrings,,
58058,,Earrings,,
58059,,Earrings,,
58060,,Earrings,,
58061,,Earrings,,
58062,,Earrings,,
58063,,Earrings,,
58071,,Earrings,,
58072,,Earrings,,
58073,,Earrings,,
58074,,Earrings,,
58075,,Earrings,,
58076,,Earrings,,
58078,,Earrings,,
58085,,Earrings,,
58086,,Earrings,,
58087,,Earrings,,
58093,,Earrings,,
58096,,Ties,,
58097,,Jeans,,
58098,,Cufflinks,,
58099,,Cufflinks,,
58100,,Dresses,,
58104,,Earrings,,
58107,,Earrings,,
58108,,Earrings,,
58109,,Earrings,,
58110,,Earrings,,
58111,,Earrings,,
58112,,Earrings,,
58115,,Perfume and Body Mist,,
58116,,Earrings,,
58117,,Perfume and Body Mist,,
58118,,Pendant,,
58121,,Earrings,,
58123,,Earrings,,
58128,,Earrings,,
58129,,Earrings,,
58131,,Earrings,,
58132,,Earrings,,
58133,,Earrings,,
58135,,Earrings,,
58136,,Earrings,,
58137,,Earrings,,
58138,,Ring,,
58139,,Sandals,,
58140,,Earrings,,
58141,,Earrings,,
58143,,Backpacks,,
58144,,Backpacks,,
58145,,Backpacks,,
58146,,Backpacks,,
58147,,Socks,,
58148,,Caps,,
58149,,Caps,,
58150,,Caps,,
58151,,Caps,,
58152,,Caps,,
58153,,Caps,,
58154,,Caps,,
58155,,Handbags,,
58156,,Handbags,,
58157,,Handbags,,
58158,,Tops,,
58159,,Wallets,,
58160,,Wallets,,
58161,,Wallets,,
58162,,Clutches,,
58163,,Wallets,,
58164,,Wallets,,
58165,,Wallets,,
58166,,Wallets,,
58167,,Wallets,,
58168,,Wallets,,
58169,,Perfume and Body Mist,,
58170,,Wallets,,
58171,,Handbags,,
58172,,Handbags,,
58173,,Handbags,,
58174,,Handbags,,
58175,,Handbags,,
58176,,Handbags,,
58177,,Handbags,,
58178,,Handbags,,
58179,,Handbags,,
58180,,Handbags,,
58181,,Handbags,,
58182,,Handbags,,
58183,,Handbags,,
58184,,Handbags,,
58185,,Handbags,,
58186,,Handbags,,
58187,,Handbags,,
58188,,Handbags,,
58189,,Handbags,,
58190,,Handbags,,
58191,,Handbags,,
58194,,Handbags,,
58195,,Handbags,,
58196,,Handbags,,
58200,,Formal Shoes,,
58201,,Wallets,,
58202,,Belts,,
58203,,Belts,,
58204,,Belts,,
58205,,Belts,,
58206,,Belts,,
58207,,Belts,,
58208,,Belts,,
58209,,Patiala,,
58210,,Salwar,,
58211,,Salwar,,
58212,,Patiala,,
58213,,Salwar,,
58214,,Salwar,,
58215,,Patiala,,
58216,,Salwar,,
58218,,Patiala,,
58220,,Shorts,,
58222,,Jeans,,
58225,,Tshirts,,
58226,,Sandals,,
58227,,Sandals,,
58229,,Sandals,,
58231,,Heels,,
58232,,Flip Flops,,
58233,,Wallets,,
58234,,Wallets,,
58235,,Wallets,,
58236,,Perfume and Body Mist,,
58237,,Wallets,,
58238,,Wallets,,
58239,,Wallets,,
58240,,Wallets,,
58241,,Wallets,,
58242,,Wallets,,
58243,,Wallets,,
58244,,Wallets,,
58245,,Wallets,,
58246,,Wallets,,
58247,,Wallets,,
58248,,Wallets,,
58249,,Wallets,,
58250,,Wallets,,
58251,,Wallets,,
58252,,Wallets,,
58253,,Clutches,,
58254,,Wallets,,
58255,,Clutches,,
58256,,Wallets,,
58257,,Wallets,,
58258,,Wallets,,
58259,,Wallets,,
58260,,Wallets,,
58261,,Wallets,,
58262,,Wallets,,
58263,,Wallets,,
58264,,Handbags,,
58265,,Handbags,,
58266,,Handbags,,
58267,,Handbags,,
58268,,Handbags,,
58269,,Handbags,,
58270,,Clutches,,
58271,,Handbags,,
58272,,Handbags,,
58273,,Handbags,,
58274,,Handbags,,
58275,,Handbags,,
58276,,Handbags,,
58277,,Handbags,,
58278,,Handbags,,
58279,,Handbags,,
58280,,Handbags,,
58281,,Wallets,,
58282,,Wallets,,
58283,,Wallets,,
58284,,Wallets,,
58286,,Briefs,,
58291,,Socks,,
58292,,Socks,,
58293,,Socks,,
58294,,Socks,,
58295,,Socks,,
58296,,Socks,,
58297,,Socks,,
58298,,Socks,,
58299,,Socks,,
58300,,Socks,,
58301,,Socks,,
58304,,Socks,,
58305,,Socks,,
58306,,Socks,,
58307,,Socks,,
58308,,Socks,,
58309,,Socks,,
58310,,Socks,,
58311,,Socks,,
58312,,Socks,,
58313,,Socks,,
58314,,Socks,,
58315,,Socks,,
58316,,Socks,,
58317,,Socks,,
58318,,Socks,,
58319,,Socks,,
58320,,Socks,,
58321,,Socks,,
58322,,Socks,,
58323,,Socks,,
58324,,Sandals,,
58325,,Flip Flops,,
58326,,Flip Flops,,
58327,,Flip Flops,,
58328,,Flip Flops,,
58329,,Flip Flops,,
58330,,Sandals,,
58331,,Flip Flops,,
58332,,Sandals,,
58333,,Sandals,,
58334,,Flip Flops,,
58335,,Sandals,,
58336,,Flip Flops,,
58337,,Flip Flops,,
58338,,Flip Flops,,
58339,,Flats,,
58340,,Flip Flops,,
58349,,Tshirts,,
58351,,Tshirts,,
58357,,Tshirts,,
58358,,Tshirts,,
58372,,Ties,,
58375,,Tshirts,,
58381,,Tshirts,,
58385,,Tshirts,,
58394,,Tshirts,,
58395,,Tshirts,,
58411,,Jeans,,
58418,,Trousers,,
58425,,Kurtas,,
58439,,Dresses,,
58444,,Watches,,
58445,,Watches,,
58446,,Tops,,
58447,,Watches,,
58448,,Watches,,
58449,,Watches,,
58450,,Watches,,
58451,,Watches,,
58452,,Watches,,
58453,,Watches,,
58454,,Watches,,
58455,,Watches,,
58456,,Watches,,
58458,,Tshirts,,
58459,,Tshirts,,
58460,,Tshirts,,
58463,,Belts,,
58464,,Belts,,
58465,,Belts,,
58466,,Belts,,
58467,,Belts,,
58468,,Belts,,
58470,,Wallets,,
58471,,Wallets,,
58472,,Wallets,,
58473,,Wallets,,
58474,,Wallets,,
58475,,Wallets,,
58476,,Wallets,,
58477,,Wallets,,
58478,,Wallets,,
58479,,Wallets,,
58480,,Wallets,,
58481,,Wallets,,
58482,,Wallets,,
58483,,Wallets,,
58484,,Wallets,,
58485,,Wallets,,
58486,,Wallets,,
58487,,Wallets,,
58488,,Heels,,
58489,,Dresses,,
58490,,Dresses,,
58491,,Leggings,,
58492,,Dresses,,
58493,,Dresses,,
58494,,Ties,,
58495,,Tops,,
58496,,Tops,,
58497,,Tops,,
58498,,Tops,,
58499,,Tops,,
58500,,Tops,,
58501,,Tops,,
58502,,Dresses,,
58503,,Dresses,,
58504,,Dresses,,
58505,,Dresses,,
58506,,Dresses,,
58507,,Tops,,
58508,,Tops,,
58509,,Dresses,,
58510,,Dresses,,
58511,,Shirts,,
58512,,Tops,,
58513,,Tops,,
58514,,Tops,,
58515,,Tops,,
58516,,Tops,,
58517,,Tops,,
58518,,Tops,,
58519,,Necklace and Chains,,
58520,,Tops,,
58521,,Backpacks,,
58522,,Handbags,,
58523,,Handbags,,
58524,,Mobile Pouch,,
58525,,Handbags,,
58526,,Tops,,
58527,,Sunglasses,,
58528,,Sunglasses,,
58529,,Sunglasses,,
58530,,Sunglasses,,
58531,,Sunglasses,,
58532,,Sunglasses,,
58533,,Sunglasses,,
58534,,Sunglasses,,
58535,,Sunglasses,,
58536,,Sunglasses,,
58537,,Sunglasses,,
58538,,Sunglasses,,
58539,,Sunglasses,,
58540,,Sunglasses,,
58541,,Sunglasses,,
58542,,Sunglasses,,
58543,,Sunglasses,,
58544,,Sunglasses,,
58545,,Sunglasses,,
58546,,Sunglasses,,
58547,,Sunglasses,,
58548,,Sunglasses,,
58549,,Sunglasses,,
58550,,Sunglasses,,
58551,,Sunglasses,,
58552,,Sunglasses,,
58553,,Sunglasses,,
58555,,Formal Shoes,,
58559,,Tshirts,,
58560,,Jeans,,
58561,,Trousers,,
58562,,Jeans,,
58563,,Tops,,
58565,,Tshirts,,
58566,,Tshirts,,
58567,,Night suits,,
58569,,Tshirts,,
58570,,Tshirts,,
58571,,Shorts,,
58573,,Tops,,
58574,,Tops,,
58576,,Tops,,
58577,,Tshirts,,
58581,,Ring,,
58586,,Necklace and Chains,,
58588,,Ties,,
58589,,Necklace and Chains,,
58590,,Necklace and Chains,,
58591,,Necklace and Chains,,
58600,,Ring,,
58603,,Earrings,,
58605,,Earrings,,
58606,,Earrings,,
58607,,Earrings,,
58608,,Earrings,,
58609,,Earrings,,
58610,,Earrings,,
58611,,Earrings,,
58612,,Earrings,,
58614,,Earrings,,
58615,,Earrings,,
58616,,Earrings,,
58618,,Earrings,,
58619,,Earrings,,
58620,,Earrings,,
58621,,Earrings,,
58622,,Bracelet,,
58624,,Caps,,
58625,,Bangle,,
58626,,Belts,,
58627,,Belts,,
58628,,Belts,,
58629,,Belts,,
58634,,Socks,,
58635,,Socks,,
58636,,Socks,,
58637,,Socks,,
58638,,Socks,,
58639,,Socks,,
58640,,Socks,,
58641,,Socks,,
58642,,Socks,,
58643,,Kurtas,,
58644,,Kurtas,,
58645,,Kurtas,,
58646,,Tshirts,,
58647,,Tops,,
58648,,Kurtas,,
58652,,Kurtas,,
58653,,Kurtas,,
58654,,Kurtas,,
58655,,Kurtas,,
58656,,Kurtas,,
58657,,Kurtas,,
58658,,Kurtas,,
58659,,Kurtas,,
58660,,Kurtas,,
58661,,Kurtas,,
58662,,Kurtas,,
58663,,Tops,,
58664,,Dresses,,
58666,,Kurtas,,
58667,,Kurtas,,
58668,,Kurtas,,
58669,,Kurtas,,
58670,,Kurtas,,
58671,,Kurtas,,
58672,,Kurtas,,
58673,,Tops,,
58674,,Kurtas,,
58675,,Kurtas,,
58676,,Tops,,
58677,,Tops,,
58678,,Tops,,
58680,,Kurtas,,
58681,,Kurtas,,
58682,,Kurtas,,
58683,,Kurtas,,
58684,,Kurtas,,
58685,,Kurtas,,
58686,,Kurtas,,
58687,,Kurtas,,
58689,,Kurtas,,
58690,,Kurtas,,
58691,,Tops,,
58692,,Tunics,,
58693,,Kurtas,,
58694,,Kurtas,,
58695,,Kurtas,,
58696,,Kurtas,,
58698,,Kurtas,,
58700,,Tunics,,
58701,,Dresses,,
58702,,Kurtas,,
58703,,Kurtas,,
58718,,Kurtas,,
58719,,Kurtas,,
58720,,Tshirts,,
58722,,Tshirts,,
58723,,Tshirts,,
58724,,Tshirts,,
58725,,Tshirts,,
58726,,Tshirts,,
58727,,Tshirts,,
58728,,Tops,,
58729,,Tops,,
58730,,Tops,,
58731,,Tops,,
58732,,Tshirts,,
58734,,Tshirts,,
58735,,Tops,,
58736,,Capris,,
58737,,Tops,,
58738,,Tops,,
58740,,Tshirts,,
58741,,Tshirts,,
58742,,Tshirts,,
58743,,Tshirts,,
58744,,Tshirts,,
58745,,Socks,,
58765,,Tops,,
58770,,Shirts,,
58793,,Shirts,,
58794,,Shirts,,
58795,,Shirts,,
58796,,Shirts,,
58797,,Shirts,,
58798,,Shirts,,
58800,,Shirts,,
58801,,Shirts,,
58802,,Shirts,,
58805,,Shirts,,
58807,,Jackets,,
58808,,Shirts,,
58809,,Shirts,,
58810,,Shirts,,
58815,,Casual Shoes,,
58816,,Casual Shoes,,
58817,,Casual Shoes,,
58818,,Casual Shoes,,
58819,,Casual Shoes,,
58820,,Sandals,,
58821,,Watches,,
58822,,Watches,,
58823,,Watches,,
58825,,Watches,,
58827,,Watches,,
58828,,Watches,,
58829,,Watches,,
58830,,Watches,,
58831,,Watches,,
58832,,Watches,,
58833,,Cufflinks,,
58834,,Cufflinks,,
58835,,Cufflinks,,
58836,,Cufflinks,,
58837,,Cufflinks,,
58838,,Earrings,,
58839,,Cufflinks,,
58840,,Cufflinks,,
58841,,Cufflinks,,
58842,,Cufflinks,,
58843,,Cufflinks,,
58844,,Cufflinks,,
58845,,Cufflinks,,
58846,,Cufflinks,,
58847,,Cufflinks,,
58848,,Cufflinks,,
58849,,Cufflinks,,
58850,,Cufflinks,,
58851,,Cufflinks,,
58852,,Cufflinks,,
58853,,Cufflinks,,
58854,,Cufflinks,,
58855,,Cufflinks,,
58856,,Cufflinks,,
58857,,Cufflinks,,
58858,,Cufflinks,,
58859,,Cufflinks,,
58860,,Cufflinks,,
58861,,Cufflinks,,
58862,,Cufflinks,,
58863,,Cufflinks,,
58864,,Cufflinks,,
58865,,Earrings,,
58867,,Earrings,,
58868,,Earrings,,
58869,,Cufflinks,,
58870,,Cufflinks,,
58871,,Cufflinks,,
58872,,Ties,,
58873,,Ties,,
58874,,Ties,,
58875,,Ties,,
58876,,Ties,,
58877,,Ties,,
58878,,Ties,,
58879,,Ties,,
58880,,Ties,,
58881,,Ties,,
58882,,Ties,,
58883,,Ties,,
58884,,Ties,,
58885,,Ties,,
58886,,Ties,,
58887,,Ties,,
58888,,Ties,,
58889,,Ties,,
58890,,Ties,,
58891,,Ties,,
58892,,Ties,,
58893,,Ties,,
58894,,Ties,,
58895,,Ties,,
58896,,Ties,,
58897,,Ties,,
58898,,Ties,,
58899,,Ties,,
58900,,Ties,,
58901,,Ties,,
58902,,Ties,,
58903,,Ties,,
58904,,Ties,,
58905,,Ties,,
58906,,Ties,,
58907,,Ties,,
58908,,Ties,,
58909,,Ties,,
58910,,Ties,,
58911,,Ties,,
58912,,Ties,,
58913,,Ties,,
58914,,Ties,,
58915,,Ties,,
58916,,Ties,,
58917,,Ties,,
58918,,Ties,,
58919,,Ties,,
58920,,Accessory Gift Set,,
58921,,Accessory Gift Set,,
58922,,Accessory Gift Set,,
58923,,Accessory Gift Set,,
58924,,Accessory Gift Set,,
58925,,Wallets,,
58926,,Handbags,,
58928,,Clutches,,
58931,,Clutches,,
58932,,Clutches,,
58934,,Watches,,
58935,,Watches,,
58937,,Watches,,
58939,,Watches,,
58940,,Watches,,
58941,,Watches,,
58942,,Watches,,
58943,,Perfume and Body Mist,,
58944,,Perfume and Body Mist,,
58945,,Perfume and Body Mist,,
58946,,Perfume and Body Mist,,
58947,,Deodorant,,
58948,,Deodorant,,
58949,,Deodorant,,
58950,,Deodorant,,
58951,,Deodorant,,
58952,,Deodorant,,
58954,,Deodorant,,
58955,,Deodorant,,
58956,,Deodorant,,
58958,,Deodorant,,
58959,,Deodorant,,
58960,,Deodorant,,
58961,,Deodorant,,
58962,,Perfume and Body Mist,,
58963,,Deodorant,,
58964,,Deodorant,,
58965,,Deodorant,,
58966,,Perfume and Body Mist,,
58967,,Deodorant,,
58968,,Perfume and Body Mist,,
58969,,Deodorant,,
58970,,Perfume and Body Mist,,
58971,,Deodorant,,
58972,,Deodorant,,
58973,,Deodorant,,
58974,,Deodorant,,
58975,,Deodorant,,
58976,,Deodorant,,
58977,,Deodorant,,
58978,,Deodorant,,
58979,,Deodorant,,
58980,,Deodorant,,
58981,,Deodorant,,
58982,,Deodorant,,
58983,,Deodorant,,
58984,,Deodorant,,
58985,,Deodorant,,
58986,,Deodorant,,
58987,,Deodorant,,
58988,,Deodorant,,
58989,,Deodorant,,
58990,,Deodorant,,
58991,,Deodorant,,
58992,,Deodorant,,
59002,,Deodorant,,
59003,,Deodorant,,
59004,,Deodorant,,
59005,,Deodorant,,
59006,,Deodorant,,
59008,,Sports Shoes,,
59010,,Sports Shoes,,
59011,,Sports Shoes,,
59012,,Casual Shoes,,
59013,,Casual Shoes,,
59014,,Casual Shoes,,
59015,,Sports Shoes,,
59016,,Casual Shoes,,
59017,,Sandals,,
59018,,Heels,,
59019,,Heels,,
59020,,Heels,,
59021,,Heels,,
59022,,Heels,,
59023,,Heels,,
59024,,Heels,,
59025,,Heels,,
59026,,Heels,,
59027,,Heels,,
59028,,Heels,,
59029,,Heels,,
59030,,Heels,,
59031,,Heels,,
59032,,Heels,,
59033,,Heels,,
59034,,Heels,,
59035,,Heels,,
59036,,Flats,,
59037,,Heels,,
59038,,Heels,,
59039,,Flip Flops,,
59040,,Flip Flops,,
59042,,Heels,,
59043,,Heels,,
59044,,Heels,,
59045,,Heels,,
59046,,Heels,,
59047,,Heels,,
59048,,Heels,,
59049,,Heels,,
59050,,Heels,,
59051,,Heels,,
59052,,Heels,,
59053,,Heels,,
59054,,Heels,,
59055,,Casual Shoes,,
59056,,Casual Shoes,,
59058,,Kurtis,,
59059,,Kurtas,,
59060,,Kurtas,,
59061,,Kurtas,,
59062,,Kurtas,,
59063,,Kurtas,,
59064,,Bra,,
59065,,Bra,,
59066,,Bra,,
59067,,Bra,,
59068,,Bra,,
59069,,Bra,,
59070,,Bra,,
59071,,Bra,,
59072,,Bra,,
59073,,Bra,,
59074,,Bra,,
59075,,Bra,,
59076,,Bra,,
59077,,Bra,,
59078,,Briefs,,
59079,,Briefs,,
59080,,Briefs,,
59081,,Bra,,
59082,,Bra,,
59083,,Bra,,
59084,,Bra,,
59085,,Briefs,,
59086,,Briefs,,
59087,,Bra,,
59088,,Bra,,
59089,,Briefs,,
59090,,Bra,,
59091,,Bra,,
59092,,Bra,,
59093,,Bra,,
59094,,Bra,,
59095,,Bra,,
59096,,Bra,,
59097,,Bra,,
59098,,Bra,,
59099,,Briefs,,
59100,,Briefs,,
59101,,Briefs,,
59102,,Tshirts,,
59103,,Tops,,
59104,,Jackets,,
59105,,Sweatshirts,,
59106,,Jackets,,
59112,,Jackets,,
59115,,Jackets,,
59116,,Jackets,,
59117,,Tops,,
59118,,Jackets,,
59119,,Jackets,,
59120,,Jackets,,
59121,,Jackets,,
59122,,Jackets,,
59123,,Jackets,,
59124,,Jackets,,
59126,,Tops,,
59127,,Jackets,,
59128,,Jackets,,
59129,,Jackets,,
59130,,Jackets,,
59131,,Jackets,,
59132,,Shirts,,
59133,,Jackets,,
59142,,Sandals,,
59143,,Flats,,
59144,,Heels,,
59145,,Heels,,
59146,,Sandals,,
59147,,Heels,,
59149,,Formal Shoes,,
59160,,Formal Shoes,,
59161,,Formal Shoes,,
59165,,Heels,,
59166,,Formal Shoes,,
59167,,Formal Shoes,,
59172,,Formal Shoes,,
59173,,Formal Shoes,,
59174,,Formal Shoes,,
59175,,Formal Shoes,,
59176,,Casual Shoes,,
59177,,Casual Shoes,,
59178,,Casual Shoes,,
59181,,Formal Shoes,,
59185,,Sandals,,
59187,,Heels,,
59188,,Heels,,
59190,,Sandals,,
59212,,Heels,,
59213,,Watches,,
59214,,Watches,,
59215,,Watches,,
59216,,Watches,,
59217,,Watches,,
59218,,Perfume and Body Mist,,
59219,,Watches,,
59220,,Watches,,
59221,,Watches,,
59222,,Watches,,
59223,,Watches,,
59224,,Watches,,
59225,,Watches,,
59226,,Watches,,
59227,,Watches,,
59228,,Watches,,
59229,,Watches,,
59230,,Watches,,
59231,,Watches,,
59232,,Watches,,
59233,,Watches,,
59235,,Watches,,
59236,,Watches,,
59237,,Watches,,
59238,,Watches,,
59239,,Watches,,
59240,,Watches,,
59241,,Watches,,
59242,,Watches,,
59243,,Watches,,
59244,,Watches,,
59245,,Watches,,
59246,,Watches,,
59247,,Watches,,
59248,,Watches,,
59249,,Watches,,
59250,,Watches,,
59251,,Watches,,
59252,,Watches,,
59253,,Watches,,
59254,,Watches,,
59255,,Watches,,
59256,,Watches,,
59257,,Watches,,
59258,,Watches,,
59259,,Watches,,
59260,,Watches,,
59261,,Watches,,
59262,,Watches,,
59263,,Watches,,
59264,,Watches,,
59265,,Pendant,,
59266,,Watches,,
59267,,Watches,,
59268,,Watches,,
59269,,Watches,,
59270,,Watches,,
59271,,Watches,,
59272,,Watches,,
59273,,Watches,,
59274,,Perfume and Body Mist,,
59275,,Watches,,
59276,,Watches,,
59277,,Watches,,
59278,,Watches,,
59279,,Watches,,
59280,,Socks,,
59281,,Watches,,
59282,,Perfume and Body Mist,,
59283,,Watches,,
59284,,Watches,,
59286,,Watches,,
59287,,Watches,,
59290,,Watches,,
59291,,Watches,,
59292,,Wallets,,
59293,,Watches,,
59294,,Shirts,,
59295,,Shirts,,
59296,,Shirts,,
59297,,Shirts,,
59298,,Shirts,,
59299,,Shirts,,
59300,,Shirts,,
59301,,Tops,,
59302,,Shirts,,
59303,,Shirts,,
59304,,Shirts,,
59305,,Shirts,,
59306,,Tshirts,,
59311,,Sandals,,
59312,,Sandals,,
59315,,Casual Shoes,,
59323,,Sandals,,
59324,,Sandals,,
59326,,Casual Shoes,,
59329,,Casual Shoes,,
59330,,Casual Shoes,,
59338,,Casual Shoes,,
59342,,Casual Shoes,,
59349,,Sandals,,
59352,,Kurtas,,
59353,,Kurtas,,
59354,,Kurtas,,
59355,,Kurtas,,
59356,,Kurtas,,
59357,,Kurtas,,
59358,,Kurtas,,
59359,,Tops,,
59360,,Kurtas,,
59361,,Kurtas,,
59362,,Kurtas,,
59363,,Kurtas,,
59364,,Kurtas,,
59365,,Kurtas,,
59366,,Kurtas,,
59367,,Kurtas,,
59368,,Kurtas,,
59369,,Kurtas,,
59370,,Kurtas,,
59371,,Kurtas,,
59372,,Kurtas,,
59373,,Kurtas,,
59374,,Kurtas,,
59375,,Kurtas,,
59376,,Kurtas,,
59377,,Kurtas,,
59378,,Kurtas,,
59379,,Kurtas,,
59380,,Kurtas,,
59381,,Kurtas,,
59382,,Kurtas,,
59383,,Kurtas,,
59387,,Heels,,
59388,,Heels,,
59390,,Formal Shoes,,
59396,,Casual Shoes,,
59399,,Kurtas,,
59400,,Kurtas,,
59403,,Tunics,,
59404,,Tops,,
59405,,Tops,,
59407,,Dresses,,
59410,,Tops,,
59413,,Tops,,
59418,,Tops,,
59421,,Tops,,
59422,,Tops,,
59428,,Perfume and Body Mist,,
59430,,Handbags,,
59432,,Handbags,,
59433,,Clutches,,
59435,,Formal Shoes,,
59436,,Heels,,
59437,,Heels,,
59439,,Shirts,,
59440,,Shirts,,
59441,,Shirts,,
59442,,Shirts,,
59443,,Shirts,,
59444,,Shirts,,
59445,,Shirts,,
59446,,Shirts,,
59448,,Shirts,,
59451,,Shirts,,
59452,,Shirts,,
59453,,Shirts,,
59454,,Shirts,,
59455,,Sandals,,
59456,,Ring,,
59457,,Ring,,
59458,,Flip Flops,,
59459,,Ring,,
59460,,Ring,,
59461,,Ring,,
59462,,Ring,,
59463,,Ring,,
59464,,Ring,,
59465,,Ring,,
59466,,Ring,,
59467,,Ring,,
59468,,Flip Flops,,
59469,,Ring,,
59470,,Ring,,
59471,,Ring,,
59474,,Ties,,
59481,,Ring,,
59484,,Ring,,
59498,,Pendant,,
59499,,Necklace and Chains,,
59501,,Pendant,,
59502,,Necklace and Chains,,
59503,,Pendant,,
59504,,Pendant,,
59505,,Pendant,,
59507,,Pendant,,
59508,,Pendant,,
59509,,Pendant,,
59510,,Pendant,,
59511,,Pendant,,
59512,,Necklace and Chains,,
59513,,Necklace and Chains,,
59514,,Pendant,,
59515,,Necklace and Chains,,
59516,,Necklace and Chains,,
59518,,Necklace and Chains,,
59519,,Necklace and Chains,,
59520,,Earrings,,
59521,,Earrings,,
59522,,Earrings,,
59523,,Earrings,,
59524,,Earrings,,
59525,,Earrings,,
59526,,Earrings,,
59527,,Earrings,,
59528,,Earrings,,
59529,,Earrings,,
59530,,Earrings,,
59531,,Ties,,
59532,,Earrings,,
59533,,Earrings,,
59534,,Earrings,,
59535,,Earrings,,
59537,,Earrings,,
59541,,Earrings,,
59543,,Earrings,,
59544,,Earrings,,
59545,,Earrings,,
59546,,Earrings,,
59547,,Earrings,,
59550,,Earrings,,
59551,,Earrings,,
59552,,Ring,,
59553,,Cufflinks,,
59554,,Bangle,,
59555,,Belts,,
59556,,Bangle,,
59557,,Bangle,,
59558,,Bangle,,
59559,,Bangle,,
59560,,Bangle,,
59561,,Ring,,
59563,,Ties,,
59564,,Cufflinks,,
59565,,Cufflinks,,
59566,,Cufflinks,,
59567,,Cufflinks,,
59568,,Cufflinks,,
59569,,Cufflinks,,
59570,,Cufflinks,,
59571,,Cufflinks,,
59572,,Cufflinks,,
59573,,Cufflinks,,
59574,,Cufflinks,,
59575,,Cufflinks,,
59576,,Cufflinks,,
59577,,Cufflinks,,
59578,,Cufflinks,,
59579,,Cufflinks,,
59580,,Cufflinks,,
59581,,Cufflinks,,
59582,,Cufflinks,,
59583,,Cufflinks,,
59584,,Cufflinks,,
59585,,Cufflinks,,
59586,,Cufflinks,,
59587,,Earrings,,
59589,,Sarees,,
59590,,Sarees,,
59591,,Sarees,,
59592,,Sarees,,
59593,,Dresses,,
59594,,Sarees,,
59595,,Sarees,,
59596,,Sarees,,
59597,,Sarees,,
59598,,Sarees,,
59599,,Sarees,,
59600,,Sarees,,
59601,,Sarees,,
59603,,Sarees,,
59604,,Sarees,,
59606,,Sarees,,
59607,,Sarees,,
59608,,Sarees,,
59609,,Sarees,,
59610,,Sarees,,
59611,,Sarees,,
59612,,Sarees,,
59613,,Sarees,,
59614,,Kurtas,,
59615,,Sarees,,
59616,,Sarees,,
59618,,Sarees,,
59619,,Sarees,,
59620,,Sarees,,
59621,,Sarees,,
59622,,Sarees,,
59623,,Ties,,
59624,,Sarees,,
59625,,Sarees,,
59626,,Sarees,,
59628,,Sarees,,
59630,,Sarees,,
59631,,Sarees,,
59632,,Sarees,,
59633,,Sarees,,
59634,,Sarees,,
59635,,Sarees,,
59636,,Sarees,,
59637,,Sarees,,
59638,,Sarees,,
59639,,Sarees,,
59640,,Sarees,,
59641,,Sarees,,
59642,,Sarees,,
59643,,Dresses,,
59644,,Sarees,,
59645,,Sarees,,
59646,,Sarees,,
59647,,Sarees,,
59648,,Sarees,,
59649,,Sarees,,
59650,,Sarees,,
59651,,Sarees,,
59652,,Sarees,,
59653,,Sarees,,
59654,,Sarees,,
59655,,Sarees,,
59656,,Sarees,,
59657,,Dresses,,
59658,,Sarees,,
59659,,Sarees,,
59660,,Sarees,,
59661,,Sarees,,
59662,,Sarees,,
59663,,Sarees,,
59664,,Sarees,,
59665,,Sarees,,
59666,,Sarees,,
59667,,Sarees,,
59668,,Sarees,,
59669,,Sarees,,
59670,,Sarees,,
59672,,Sarees,,
59673,,Sarees,,
59674,,Sarees,,
59675,,Flip Flops,,
59676,,Heels,,
59677,,Briefs,,
59678,,Briefs,,
59679,,Briefs,,
59680,,Briefs,,
59681,,Briefs,,
59682,,Briefs,,
59683,,Briefs,,
59684,,Briefs,,
59685,,Briefs,,
59686,,Briefs,,
59687,,Briefs,,
59688,,Briefs,,
59689,,Bra,,
59690,,Bra,,
59691,,Bra,,
59692,,Bra,,
59693,,Bra,,
59694,,Briefs,,
59695,,Briefs,,
59696,,Briefs,,
59697,,Nightdress,,
59698,,Nightdress,,
59699,,Bra,,
59700,,Bra,,
59701,,Briefs,,
59702,,Dresses,,
59703,,Briefs,,
59704,,Briefs,,
59705,,Bra,,
59706,,Bra,,
59707,,Briefs,,
59708,,Briefs,,
59709,,Briefs,,
59710,,Briefs,,
59711,,Briefs,,
59712,,Tops,,
59713,,Bra,,
59714,,Bra,,
59715,,Ties,,
59716,,Nightdress,,
59717,,Bra,,
59718,,Bra,,
59719,,Bra,,
59720,,Bra,,
59721,,Bra,,
59722,,Briefs,,
59723,,Bra,,
59724,,Bra,,
59725,,Bra,,
59726,,Bra,,
59727,,Bra,,
59728,,Bra,,
59729,,Bra,,
59730,,Bra,,
59731,,Bra,,
59732,,Bra,,
59733,,Bra,,
59734,,Briefs,,
59735,,Briefs,,
59736,,Briefs,,
59739,,Bra,,
59740,,Bra,,
59741,,Bra,,
59742,,Briefs,,
59743,,Briefs,,
59744,,Dresses,,
59745,,Dresses,,
59746,,Tops,,
59747,,Nightdress,,
59748,,Dresses,,
59749,,Dresses,,
59750,,Briefs,,
59751,,Briefs,,
59752,,Briefs,,
59753,,Briefs,,
59754,,Nightdress,,
59755,,Briefs,,
59756,,Bra,,
59757,,Heels,,
59758,,Heels,,
59759,,Heels,,
59760,,Heels,,
59761,,Heels,,
59762,,Heels,,
59763,,Heels,,
59764,,Heels,,
59765,,Earrings,,
59766,,Earrings,,
59767,,Earrings,,
59768,,Watches,,
59769,,Jewellery Set,,
59770,,Pendant,,
59771,,Pendant,,
59772,,Pendant,,
59773,,Necklace and Chains,,
59774,,Watches,,
59775,,Bangle,,
59776,,Bangle,,
59777,,Bangle,,
59778,,Bangle,,
59779,,Bangle,,
59780,,Bangle,,
59781,,Bracelet,,
59782,,Bangle,,
59783,,Bracelet,,
59784,,Bangle,,
59794,,Tops,,
59795,,Tops,,
59796,,Tops,,
59797,,Tshirts,,
59810,,Tshirts,,
59811,,Tops,,
59813,,Trousers,,
59814,,Trousers,,
59819,,Shirts,,
59824,,Shirts,,
59826,,Shirts,,
59827,,Tops,,
59832,,Tops,,
59833,,Shirts,,
59834,,Jackets,,
59838,,Tshirts,,
59839,,Fragrance Gift Set,,
59851,,Perfume and Body Mist,,
59853,,Perfume and Body Mist,,
59856,,Perfume and Body Mist,,
59858,,Perfume and Body Mist,,
59859,,Perfume and Body Mist,,
59860,,Handbags,,
59862,,Deodorant,,
59863,,Perfume and Body Mist,,
59866,,Perfume and Body Mist,,
59872,,Tops,,
59873,,Skirts,,
59874,,Tops,,
59875,,Stoles,,
59876,,Dresses,,
59877,,Leggings,,
59878,,Leggings,,
59879,,Jeans,,
59880,,Leggings,,
59881,,Leggings,,
59882,,Tops,,
59883,,Tops,,
59884,,Tops,,
59885,,Tops,,
59886,,Tops,,
59887,,Tops,,
59888,,Tops,,
59889,,Tops,,
59890,,Dresses,,
59891,,Tops,,
59892,,Tops,,
59893,,Shirts,,
59894,,Tops,,
59895,,Nightdress,,
59896,,Dresses,,
59897,,Sarees,,
59898,,Tops,,
59900,,Stoles,,
59901,,Dupatta,,
59902,,Tops,,
59903,,Tops,,
59904,,Tops,,
59905,,Ties,,
59906,,Dresses,,
59907,,Stoles,,
59908,,Dresses,,
59909,,Dresses,,
59910,,Kurtas,,
59911,,Kurtas,,
59912,,Kurtas,,
59914,,Kurtas,,
59915,,Tops,,
59916,,Kurtas,,
59917,,Kurtas,,
59918,,Dresses,,
59919,,Kurtas,,
59920,,Kurtas,,
59921,,Kurtas,,
59922,,Kurtas,,
59923,,Kurtas,,
59924,,Kurtas,,
59925,,Kurtas,,
59926,,Kurtas,,
59927,,Tops,,
59928,,Kurtas,,
59929,,Dresses,,
59930,,Kurtas,,
59931,,Kurtas,,
59932,,Kurtas,,
59933,,Dresses,,
59934,,Kurtas,,
59935,,Casual Shoes,,
59936,,Casual Shoes,,
59937,,Casual Shoes,,
59938,,Casual Shoes,,
59939,,Casual Shoes,,
59940,,Casual Shoes,,
59941,,Casual Shoes,,
59942,,Casual Shoes,,
59943,,Casual Shoes,,
59944,,Casual Shoes,,
59945,,Casual Shoes,,
59946,,Perfume and Body Mist,,
59947,,Perfume and Body Mist,,
59948,,Deodorant,,
59949,,Deodorant,,
59950,,Deodorant,,
59951,,Deodorant,,
59961,,Deodorant,,
59962,,Deodorant,,
59963,,Dresses,,
59964,,Dresses,,
59965,,Dresses,,
59966,,Dresses,,
59967,,Dresses,,
59968,,Dresses,,
59969,,Dresses,,
59970,,Dresses,,
59971,,Dresses,,
59972,,Dresses,,
59973,,Dresses,,
59974,,Dresses,,
59975,,Dresses,,
59976,,Dresses,,
59977,,Dresses,,
59978,,Dresses,,
59979,,Dresses,,
59980,,Dresses,,
59981,,Dresses,,
59982,,Dresses,,
59983,,Dresses,,
59984,,Dresses,,
59985,,Dresses,,
59986,,Dresses,,
59987,,Dresses,,
59988,,Dresses,,
59989,,Dresses,,
59990,,Dresses,,
59991,,Dresses,,
59992,,Dresses,,
59993,,Dresses,,
59994,,Dresses,,
59995,,Dresses,,
59996,,Dresses,,
59998,,Heels,,
59999,,Heels,,
60000,,Dresses,,
