id,season,season_confidence
52003,Fall,0.5668
52007,Summer,0.8218
52017,Summer,0.6006
52021,Summer,0.5657
52023,Summer,0.6089
52026,Summer,0.6127
52027,Summer,0.4947
52028,Summer,0.3704
52029,Summer,0.4259
52030,Summer,0.4776
52031,Summer,0.3981
52032,Summer,0.7509
52034,Summer,0.3766
52042,Summer,0.6271
52043,Summer,0.4404
52044,Summer,0.4517
52045,Summer,0.6385
52049,Summer,0.7891
52050,Summer,0.8439
52051,Summer,0.747
52052,Spring,0.5046
52053,Summer,0.5496
52054,Summer,0.8158
52055,Summer,0.8118
52056,Summer,0.7641
52057,Summer,0.8504
52058,Summer,0.7442
52059,Summer,0.6517
52060,Summer,0.6054
52061,Spring,0.8904
52062,Summer,0.3932
52063,Summer,0.7496
52064,Summer,0.5615
52065,Summer,0.6202
52066,Summer,0.8541
52067,Summer,0.7836
52068,Summer,0.4081
52069,Summer,0.5267
52070,Summer,0.9054
52071,Spring,0.4645
52072,Summer,0.8811
52073,Summer,0.8582
52074,Summer,0.7034
52075,Summer,0.3902
52076,Summer,0.8296
52077,Summer,0.6069
52078,Summer,0.8224
52079,Summer,0.7481
52080,Summer,0.5875
52081,Summer,0.8522
52082,Summer,0.7876
52083,Summer,0.7789
52084,Summer,0.9436
52085,Summer,0.8672
52086,Summer,0.8899
52087,Summer,0.8075
52088,Summer,0.9456
52089,Summer,0.7477
52090,Summer,0.9119
52091,Summer,0.9039
52092,Summer,0.8586
52093,Summer,0.6248
52094,Summer,0.8529
52095,Summer,0.8573
52096,Summer,0.7996
52097,Summer,0.9208
52098,Summer,0.8744
52099,Summer,0.8481
52100,Summer,0.9206
52101,Summer,0.6694
52102,Summer,0.8131
52103,Summer,0.9205
52104,Summer,0.9047
52105,Summer,0.8064
52106,Summer,0.9386
52107,Summer,0.8658
52108,Summer,0.8595
52109,Summer,0.939
52110,Summer,0.81
52111,Summer,0.9474
52112,Summer,0.8568
52113,Summer,0.931
52114,Summer,0.8353
52115,Summer,0.8877
52116,Summer,0.6297
52117,Summer,0.9535
52118,Summer,0.9066
52119,Summer,0.9563
52120,Summer,0.6683
52121,Summer,0.5698
52122,Summer,0.553
52123,Summer,0.9038
52124,Summer,0.8723
52125,Summer,0.8732
52126,Summer,0.8487
52127,Summer,0.755
52128,Summer,0.5623
52129,Summer,0.4999
52130,Summer,0.8119
52131,Summer,0.7738
52132,Fall,0.476
52133,Summer,0.7034
52134,Summer,0.4655
52135,Fall,0.5079
52136,Summer,0.8825
52137,Summer,0.7778
52138,Summer,0.8626
52139,Summer,0.8665
52140,Summer,0.834
52141,Summer,0.927
52142,Summer,0.911
52143,Summer,0.9089
52144,Summer,0.9321
52145,Summer,0.8679
52146,Summer,0.8685
52147,Summer,0.8555
52148,Summer,0.8715
52149,Summer,0.8664
52150,Summer,0.8556
52151,Summer,0.8739
52153,Summer,0.8679
52154,Summer,0.934
52155,Summer,0.8778
52156,Summer,0.7835
52157,Summer,0.8579
52158,Summer,0.9505
52159,Summer,0.8905
52160,Summer,0.8272
52161,Summer,0.843
52162,Summer,0.7232
52163,Summer,0.9171
52164,Summer,0.7974
52165,Fall,0.3231
52166,Fall,0.4119
52168,Spring,0.4926
52169,Fall,0.3585
52172,Fall,0.4641
52173,Spring,0.5572
52176,Fall,0.3915
52177,Fall,0.4466
52178,Summer,0.4331
52179,Fall,0.3975
52180,Winter,0.7519
52181,Winter,0.7108
52182,Fall,0.4417
52183,Winter,0.8697
52185,Fall,0.3302
52186,Fall,0.3659
52187,Winter,0.7504
52190,Winter,0.998
52191,Winter,0.6278
52193,Spring,0.4072
52195,Fall,0.4924
52198,Winter,0.8339
52200,Fall,0.3453
52202,Fall,0.3486
52204,Fall,0.3599
52205,Fall,0.3563
52209,Fall,0.3525
52210,Summer,0.3577
52211,Fall,0.355
52214,Fall,0.3358
52220,Fall,0.8693
52221,Fall,0.5069
52222,Summer,0.3958
52223,Winter,0.4129
52224,Fall,0.5258
52225,Winter,0.9345
52228,Summer,0.3793
52230,Summer,0.3799
52235,Summer,0.4292
52254,Summer,0.7173
52255,Summer,0.7181
52256,Summer,0.7054
52257,Summer,0.7454
52299,Summer,0.4304
52303,Winter,0.9805
52304,Winter,0.9426
52305,Summer,0.4967
52306,Summer,0.5732
52307,Summer,0.3446
52308,Summer,0.5041
52309,Fall,0.9871
52310,Winter,0.9501
52311,Fall,0.9243
52312,Fall,0.952
52313,Summer,0.3046
52314,Summer,0.5672
52315,Summer,0.4065
52316,Summer,0.4611
52317,Summer,0.4509
52318,Winter,0.412
52320,Winter,0.5165
52322,Summer,0.4558
52323,Summer,0.3666
52324,Winter,0.371
52325,Summer,0.4513
52326,Summer,0.3476
52327,Winter,0.7577
52328,Summer,0.5815
52329,Summer,0.4806
52330,Winter,0.4652
52331,Summer,0.4453
52332,Winter,0.53
52333,Winter,0.4535
52334,Winter,0.5656
52335,Winter,0.7453
52336,Winter,0.6023
52337,Winter,0.5548
52338,Winter,0.5501
52339,Winter,0.5215
52340,Fall,0.8944
52341,Summer,0.7001
52342,Summer,0.8625
52343,Summer,0.8479
52344,Summer,0.6957
52345,Summer,0.8061
52346,Summer,0.7418
52347,Summer,0.8515
52348,Summer,0.7653
52349,Summer,0.9269
52350,Summer,0.9003
52351,Summer,0.8379
52352,Summer,0.859
52353,Summer,0.9326
52354,Summer,0.8364
52355,Summer,0.5166
52356,Summer,0.793
52357,Summer,0.7298
52358,Summer,0.9031
52359,Summer,0.839
52360,Summer,0.8196
52361,Summer,0.8572
52362,Summer,0.8129
52363,Summer,0.7432
52364,Summer,0.7649
52366,Summer,0.9141
52367,Summer,0.8764
52368,Summer,0.8177
52369,Summer,0.8928
52370,Summer,0.8439
52371,Summer,0.8547
52372,Summer,0.8605
52373,Summer,0.9483
52374,Summer,0.6925
52375,Summer,0.8598
52376,Summer,0.686
52377,Summer,0.5372
52378,Summer,0.8715
52379,Summer,0.6828
52380,Summer,0.8548
52381,Summer,0.6029
52382,Summer,0.9063
52383,Summer,0.9214
52384,Summer,0.7679
52385,Summer,0.9374
52386,Summer,0.735
52387,Summer,0.9598
52390,Summer,0.9682
52391,Summer,0.9201
52392,Summer,0.9324
52393,Summer,0.8744
52394,Summer,0.8891
52395,Summer,0.886
52396,Summer,0.8195
52397,Summer,0.8193
52398,Summer,0.8386
52399,Summer,0.6944
52400,Summer,0.629
52401,Summer,0.8582
52402,Summer,0.8369
52403,Summer,0.519
52404,Summer,0.8585
52405,Summer,0.891
52406,Summer,0.8849
52407,Summer,0.8831
52408,Summer,0.86
52409,Summer,0.8774
52410,Summer,0.8581
52411,Summer,0.7769
52412,Summer,0.8446
52413,Summer,0.7536
52414,Summer,0.8438
52415,Summer,0.8706
52416,Summer,0.8315
52417,Summer,0.8717
52418,Summer,0.7384
52419,Summer,0.7375
52420,Summer,0.8993
52421,Summer,0.877
52422,Summer,0.9337
52423,Summer,0.8799
52424,Summer,0.9305
52425,Fall,0.5904
52426,Summer,0.9604
52427,Summer,0.847
52428,Summer,0.7995
52429,Summer,0.5577
52430,Summer,0.8247
52431,Summer,0.902
52432,Summer,0.9348
52434,Summer,0.9173
52435,Summer,0.8734
52436,Summer,0.9282
52437,Summer,0.8957
52438,Summer,0.8112
52439,Summer,0.8723
52440,Summer,0.7457
52441,Summer,0.769
52442,Summer,0.8121
52443,Summer,0.8894
52444,Summer,0.9381
52445,Summer,0.7434
52446,Summer,0.9378
52447,Summer,0.6052
52448,Summer,0.725
52449,Summer,0.8603
52450,Summer,0.7992
52451,Summer,0.8885
52452,Summer,0.9195
52453,Summer,0.8884
52454,Summer,0.8704
52455,Summer,0.8312
52456,Summer,0.8946
52457,Summer,0.9005
52458,Summer,0.9502
52459,Summer,0.7285
52460,Summer,0.8247
52461,Summer,0.861
52462,Summer,0.7205
52463,Summer,0.8859
52464,Summer,0.9525
52465,Summer,0.4743
52466,Summer,0.3752
52467,Summer,0.8557
52468,Summer,0.652
52469,Summer,0.709
52470,Summer,0.6329
52472,Fall,0.6269
52473,Summer,0.9009
52474,Fall,0.502
52475,Summer,0.7701
52476,Fall,0.7612
52477,Summer,0.8809
52478,Summer,0.6863
52479,Summer,0.822
52480,Summer,0.8117
52481,Summer,0.6654
52482,Summer,0.8317
52483,Summer,0.4819
52484,Summer,0.4071
52485,Summer,0.4174
52486,Summer,0.4381
52487,Summer,0.5036
52488,Summer,0.5212
52489,Summer,0.5438
52490,Summer,0.4658
52491,Summer,0.6953
52492,Summer,0.5353
52493,Summer,0.7423
52494,Fall,0.7043
52495,Fall,0.7454
52496,Summer,0.8931
52497,Fall,0.7556
52498,Summer,0.8404
52499,Summer,0.7547
52500,Summer,0.7528
52501,Summer,0.9165
52502,Summer,0.8394
52503,Fall,0.6879
52504,Summer,0.8369
52505,Fall,0.8576
52506,Fall,0.6069
52507,Summer,0.7318
52508,Summer,0.8387
52509,Summer,0.5847
52510,Summer,0.8612
52511,Summer,0.9204
52512,Summer,0.501
52513,Summer,0.759
52514,Summer,0.532
52515,Summer,0.5944
52516,Summer,0.4806
52517,Summer,0.8891
52518,Summer,0.6824
52519,Summer,0.8878
52520,Summer,0.7319
52522,Summer,0.6665
52523,Summer,0.7447
52524,Summer,0.6729
52525,Summer,0.5184
52528,Summer,0.8104
52529,Summer,0.3669
52536,Summer,0.5849
52539,Summer,0.8323
52547,Summer,0.6872
52548,Summer,0.45
52553,Summer,0.7495
52554,Summer,0.7566
52555,Summer,0.5338
52556,Summer,0.6305
52557,Summer,0.9536
52558,Winter,0.7698
52559,Winter,0.4948
52560,Winter,0.5394
52561,Summer,0.5195
52563,Winter,0.4841
52564,Summer,0.5147
52565,Summer,0.3234
52568,Summer,0.4303
52569,Summer,0.6164
52570,Summer,0.7125
52574,Summer,0.481
52575,Summer,0.4329
52576,Winter,0.4609
52577,Winter,0.5913
52579,Winter,0.412
52581,Spring,0.5824
52582,Winter,0.4455
52585,Summer,0.5115
52586,Winter,0.4405
52588,Summer,0.533
52589,Summer,0.6057
52593,Summer,0.3865
52594,Winter,0.6193
52599,Summer,0.4816
52602,Winter,0.4741
52603,Winter,0.5584
52604,Winter,0.5046
52609,Winter,0.6563
52616,Winter,0.6178
52618,Winter,0.7505
52622,Summer,0.4558
52623,Winter,0.7721
52626,Winter,0.7531
52632,Winter,0.7042
52633,Winter,0.502
52634,Winter,0.815
52635,Summer,0.5147
52636,Winter,0.5973
52637,Winter,0.686
52638,Summer,0.6828
52639,Winter,0.5018
52641,Winter,0.4718
52642,Winter,0.5805
52643,Summer,0.4858
52647,Winter,0.7247
52648,Winter,0.6169
52649,Winter,0.4767
52650,Winter,0.6201
52651,Winter,0.785
52652,Winter,0.5941
52653,Winter,0.4951
52654,Winter,0.4657
52655,Winter,0.6094
52656,Winter,0.5955
52657,Summer,0.4461
52658,Winter,0.904
52659,Summer,0.7958
52660,Summer,0.7664
52661,Winter,0.5046
52665,Winter,0.9977
52670,Winter,0.9973
52671,Winter,0.9981
52673,Winter,0.9991
52675,Winter,0.9938
52676,Winter,0.9988
52677,Winter,0.975
52678,Winter,0.962
52679,Winter,0.8545
52680,Winter,0.9888
52681,Winter,0.9997
52682,Winter,0.9977
52683,Winter,0.9996
52684,Winter,0.9974
52686,Winter,0.9966
52687,Winter,0.495
52688,Winter,0.9917
52690,Summer,0.4422
52691,Winter,0.8949
52692,Winter,0.9775
52693,Winter,0.9986
52694,Winter,0.917
52695,Winter,0.9935
52749,Spring,1.0
52751,Spring,0.9998
52754,Winter,0.7651
52756,Winter,0.8049
52758,Winter,0.7211
52759,Winter,0.6158
52766,Winter,0.576
52767,Summer,0.5134
52768,Winter,0.4971
52772,Winter,0.5357
52773,Winter,0.512
52774,Winter,0.4821
52775,Winter,0.4665
52776,Winter,0.6834
52777,Winter,0.5113
52778,Winter,0.6547
52779,Summer,0.7173
52780,Summer,0.5405
52781,Summer,0.514
52782,Winter,0.701
52784,Winter,0.4607
52785,Summer,0.4079
52786,Winter,0.4605
52789,Winter,0.494
52791,Summer,0.4012
52792,Summer,0.4158
52793,Summer,0.3673
52794,Summer,0.3764
52795,Summer,0.346
52796,Summer,0.3892
52797,Summer,0.3764
52798,Summer,0.3325
52799,Summer,0.4131
52800,Summer,0.3813
52801,Summer,0.314
52802,Summer,0.3042
52803,Spring,0.352
52804,Summer,0.4319
52805,Summer,0.3691
52806,Summer,0.375
52807,Summer,0.3973
52808,Summer,0.3557
52809,Summer,0.3312
52810,Summer,0.3792
52811,Summer,0.3622
52812,Summer,0.38
52813,Summer,0.3795
52814,Summer,0.3945
52816,Winter,0.9962
52817,Winter,0.8406
52818,Summer,0.3549
52819,Winter,0.6592
52820,Winter,0.9098
52822,Summer,0.3962
52823,Winter,0.5845
52825,Winter,0.4446
52827,Summer,0.4142
52828,Winter,0.5788
52831,Winter,0.7724
52834,Winter,0.7189
52835,Fall,0.41
52836,Summer,0.3713
52837,Winter,0.4833
52839,Winter,0.4356
52840,Winter,0.4683
52841,Winter,0.4544
52842,Winter,0.4829
52846,Winter,0.4014
52847,Winter,0.3748
52848,Winter,0.668
52850,Winter,0.6222
52851,Winter,0.6651
52852,Winter,0.9177
52854,Summer,0.3423
52855,Fall,0.3417
52859,Winter,0.4847
52860,Winter,0.4254
52862,Winter,0.4456
52863,Winter,0.4809
52864,Winter,0.4358
52868,Winter,0.5009
52869,Summer,0.4258
52871,Spring,1.0
52874,Fall,0.5035
52875,Summer,0.545
52876,Fall,0.6033
52877,Summer,0.6712
52878,Summer,0.6346
52879,Summer,0.6888
52880,Summer,0.7025
52881,Summer,0.7136
52882,Summer,0.6856
52883,Summer,0.5334
52884,Fall,0.6214
52885,Fall,0.5685
52886,Summer,0.8112
52887,Summer,0.8503
52888,Summer,0.6823
52889,Summer,0.6231
52890,Summer,0.5769
52891,Summer,0.7131
52892,Summer,0.5414
52893,Fall,0.5348
52894,Summer,0.5608
52895,Summer,0.6633
52896,Summer,0.5381
52897,Summer,0.7385
52898,Summer,0.6615
52899,Summer,0.5518
52901,Summer,0.7152
52902,Summer,0.6794
52903,Fall,0.5506
52904,Fall,0.5127
52905,Summer,0.5643
52906,Summer,0.5419
52907,Summer,0.5786
52908,Summer,0.708
52909,Summer,0.4973
52910,Summer,0.5152
52911,Summer,0.6326
52912,Fall,0.5383
52913,Fall,0.5144
52914,Fall,0.6115
52915,Fall,0.5078
52916,Summer,0.6195
52917,Fall,0.6386
52918,Fall,0.7385
52919,Summer,0.6206
52920,Summer,0.8323
52921,Fall,0.3971
52922,Summer,0.6775
52923,Summer,0.5277
52924,Summer,0.7161
52925,Summer,0.6691
52926,Summer,0.5403
52927,Summer,0.4991
52928,Summer,0.7073
52929,Fall,0.6391
52930,Summer,0.8396
52931,Summer,0.4604
52934,Summer,0.7543
52935,Summer,0.55
52936,Summer,0.6813
52937,Summer,0.6493
52938,Summer,0.6259
52940,Fall,0.3819
52941,Summer,0.8799
52942,Summer,0.6703
52943,Summer,0.8267
52944,Summer,0.7158
52945,Summer,0.529
52946,Summer,0.7382
52947,Summer,0.6658
52948,Summer,0.6559
52949,Summer,0.7305
52950,Fall,0.4857
52951,Summer,0.5629
52952,Fall,0.5634
52953,Fall,0.4546
52954,Fall,0.5657
52955,Summer,0.5402
52956,Summer,0.4984
52957,Fall,0.5406
52958,Fall,0.6352
52959,Fall,0.4791
52960,Summer,0.793
52961,Fall,0.6236
52962,Summer,0.6097
52963,Summer,0.6634
52964,Summer,0.575
52965,Summer,0.5773
52966,Fall,0.4769
52967,Summer,0.5599
52968,Fall,0.5474
52969,Summer,0.4784
52970,Summer,0.7143
52971,Summer,0.4963
52972,Fall,0.6545
52973,Fall,0.625
52975,Summer,0.595
52976,Summer,0.4723
52978,Summer,0.8523
52979,Summer,0.7843
52980,Summer,0.5729
52981,Summer,0.836
52982,Summer,0.4983
52983,Summer,0.6124
52986,Summer,0.8008
52987,Fall,0.5428
52988,Summer,0.6704
52989,Fall,0.6519
52990,Fall,0.6805
52991,Fall,0.5043
52992,Summer,0.5051
52993,Summer,0.847
52996,Summer,0.7734
52998,Summer,0.7957
52999,Summer,0.7182
53000,Summer,0.6821
53001,Fall,0.5542
53002,Fall,0.6868
53003,Summer,0.6258
53004,Summer,0.729
53006,Summer,0.6631
53007,Summer,0.5325
53008,Summer,0.8187
53009,Summer,0.7329
53010,Summer,0.7565
53011,Summer,0.7644
53013,Summer,0.7577
53014,Summer,0.657
53015,Summer,0.4617
53016,Fall,0.5315
53017,Summer,0.559
53019,Fall,0.7365
53020,Summer,0.6858
53021,Summer,0.5399
53023,Summer,0.6451
53024,Summer,0.6424
53025,Summer,0.8609
53026,Summer,0.8435
53027,Summer,0.7547
53029,Summer,0.7406
53030,Summer,0.7679
53031,Summer,0.8502
53032,Summer,0.5575
53033,Fall,0.5152
53034,Summer,0.7548
53035,Summer,0.5192
53036,Summer,0.7763
53037,Summer,0.6089
53038,Summer,0.8579
53039,Summer,0.8371
53040,Summer,0.797
53041,Summer,0.8303
53042,Summer,0.8026
53043,Summer,0.8321
53044,Summer,0.7145
53045,Summer,0.8194
53046,Summer,0.8408
53047,Summer,0.662
53048,Summer,0.5949
53049,Summer,0.7222
53050,Summer,0.7678
53051,Summer,0.8114
53052,Summer,0.5034
53053,Summer,0.73
53054,Summer,0.7554
53055,Summer,0.5401
53056,Summer,0.8227
53057,Summer,0.6207
53058,Winter,0.4788
53059,Summer,0.6012
53060,Winter,0.6276
53061,Winter,0.8686
53062,Winter,0.8785
53063,Winter,0.905
53064,Winter,0.8827
53065,Winter,0.8288
53066,Winter,0.8084
53067,Winter,0.8346
53068,Winter,0.5477
53069,Summer,0.4243
53070,Winter,0.5142
53071,Winter,0.5007
53072,Winter,0.4698
53073,Winter,0.6544
53075,Winter,0.4405
53076,Winter,0.5047
53077,Summer,0.4301
53078,Winter,0.6293
53079,Winter,0.4984
53080,Winter,0.5518
53081,Winter,0.4788
53082,Winter,0.5428
53083,Fall,0.5899
53084,Spring,0.651
53085,Summer,0.5689
53086,Summer,0.7634
53087,Summer,0.4988
53088,Winter,0.9657
53089,Winter,0.8711
53090,Winter,0.6835
53091,Summer,0.4843
53092,Winter,0.7303
53093,Winter,0.7716
53094,Summer,0.3765
53095,Winter,0.3745
53096,Winter,0.8924
53097,Winter,0.764
53098,Summer,0.4386
53099,Winter,0.9317
53100,Winter,0.9168
53101,Winter,0.6112
53102,Winter,0.4901
53103,Winter,0.6021
53104,Winter,0.856
53105,Winter,0.4067
53106,Winter,0.7226
53107,Winter,0.899
53108,Winter,0.9502
53109,Winter,0.9581
53110,Winter,0.7445
53111,Summer,0.7539
53112,Summer,0.8353
53113,Summer,0.4614
53114,Summer,0.5283
53115,Summer,0.4368
53116,Summer,0.4526
53117,Summer,0.8958
53118,Summer,0.841
53119,Summer,0.934
53120,Summer,0.9413
53121,Summer,0.9109
53122,Summer,0.9042
53123,Summer,0.671
53124,Summer,0.8501
53125,Summer,0.6675
53126,Summer,0.9354
53127,Winter,0.4087
53128,Winter,0.618
53129,Winter,0.8416
53130,Winter,0.8218
53131,Winter,0.8935
53132,Winter,0.7648
53133,Winter,0.6916
53134,Winter,0.8457
53135,Winter,0.7862
53136,Winter,0.8797
53137,Winter,0.8001
53138,Winter,0.8848
53139,Winter,0.9706
53140,Winter,0.9789
53141,Winter,0.6637
53142,Winter,0.9148
53143,Winter,0.9063
53144,Winter,0.8844
53145,Winter,0.7339
53146,Winter,0.9453
53147,Winter,0.9587
53148,Winter,0.9353
53149,Winter,0.8668
53150,Winter,0.9593
53152,Summer,0.6395
53159,Summer,0.8173
53211,Summer,0.5189
53215,Summer,0.7879
53226,Summer,0.7184
53228,Summer,0.3519
53248,Summer,0.3308
53252,Summer,0.4206
53264,Summer,0.6687
53269,Summer,0.765
53278,Summer,0.414
53282,Summer,0.5962
53286,Summer,0.3853
53287,Summer,0.4574
53296,Spring,0.3401
53303,Summer,0.5867
53307,Spring,0.7215
53312,Summer,0.6361
53313,Summer,0.6653
53314,Summer,0.7741
53318,Summer,0.7991
53319,Spring,0.6625
53328,Summer,0.8584
53329,Summer,0.8743
53332,Summer,0.8344
53338,Summer,0.8058
53345,Summer,0.9021
53348,Summer,0.8403
53357,Summer,0.8225
53358,Winter,0.5098
53360,Summer,0.5101
53361,Summer,0.3007
53362,Spring,0.2815
53363,Winter,0.6002
53364,Spring,0.2747
53365,Spring,0.6375
53366,Spring,0.5636
53367,Spring,0.581
53368,Spring,0.4089
53369,Winter,0.683
53370,Summer,0.5989
53371,Spring,0.3988
53372,Spring,0.3957
53373,Spring,0.5187
53374,Summer,0.502
53376,Spring,0.9999
53377,Winter,0.3864
53378,Winter,0.2946
53379,Summer,0.346
53380,Summer,0.3028
53381,Summer,0.3422
53382,Winter,0.4035
53383,Winter,0.3873
53384,Summer,0.3377
53386,Summer,0.4068
53387,Winter,0.4919
53388,Summer,0.8358
53389,Summer,0.9015
53390,Summer,0.8893
53391,Summer,0.8391
53392,Summer,0.904
53393,Summer,0.8903
53394,Summer,0.9409
53395,Summer,0.9123
53396,Summer,0.8965
53397,Summer,0.8302
53398,Summer,0.7978
53399,Summer,0.8958
53401,Summer,0.8574
53402,Summer,0.8419
53403,Summer,0.8983
53404,Summer,0.8964
53405,Summer,0.8723
53406,Summer,0.8895
53408,Summer,0.8785
53409,Summer,0.9011
53410,Summer,0.8119
53411,Summer,0.9165
53412,Summer,0.7339
53413,Summer,0.8552
53414,Summer,0.8034
53415,Summer,0.8492
53416,Summer,0.8628
53417,Summer,0.8024
53418,Summer,0.8237
53419,Summer,0.7662
53420,Summer,0.845
53421,Summer,0.7977
53422,Summer,0.8167
53423,Summer,0.942
53424,Summer,0.9254
53425,Summer,0.8042
53426,Summer,0.804
53427,Summer,0.9191
53428,Summer,0.7977
53429,Summer,0.8173
53430,Summer,0.9051
53431,Summer,0.7912
53432,Spring,0.4549
53433,Summer,0.6543
53434,Summer,0.8434
53435,Spring,0.3906
53436,Fall,0.4127
53437,Fall,0.4278
53438,Fall,0.2858
53439,Spring,0.32
53440,Fall,0.3217
53441,Fall,0.4435
53442,Winter,0.4194
53444,Spring,0.3199
53445,Winter,0.7237
53446,Spring,0.3463
53447,Summer,0.3595
53448,Winter,0.8949
53449,Spring,0.3493
53450,Winter,0.5995
53452,Winter,0.6857
53453,Winter,0.4476
53454,Winter,0.9195
53455,Winter,0.5364
53456,Winter,0.6085
53457,Winter,0.8843
53458,Winter,0.865
53459,Winter,0.8126
53460,Winter,0.8623
53461,Summer,0.5165
53462,Summer,0.8656
53463,Summer,0.6217
53464,Summer,0.6849
53465,Summer,0.4685
53466,Summer,0.4477
53467,Summer,0.7412
53468,Summer,0.7821
53469,Summer,0.7953
53470,Summer,0.5713
53473,Summer,0.7436
53474,Summer,0.5981
53475,Summer,0.9145
53476,Summer,0.517
53477,Summer,0.6331
53478,Summer,0.7406
53479,Summer,0.7958
53480,Summer,0.5647
53484,Summer,0.8518
53485,Summer,0.8204
53486,Summer,0.7836
53487,Summer,0.5556
53488,Summer,0.7669
53489,Summer,0.8002
53490,Summer,0.4618
53491,Summer,0.751
53492,Summer,0.6727
53493,Summer,0.6851
53498,Summer,0.7647
53506,Summer,0.5761
53507,Summer,0.794
53508,Summer,0.5346
53520,Summer,0.8634
53525,Summer,0.57
53526,Summer,0.9058
53527,Summer,0.8783
53528,Summer,0.8931
53529,Summer,0.874
53530,Summer,0.8289
53531,Summer,0.8967
53532,Summer,0.8273
53533,Summer,0.8095
53534,Summer,0.7586
53535,Summer,0.8382
53536,Summer,0.8354
53537,Summer,0.8633
53538,Summer,0.7369
53539,Summer,0.5617
53540,Summer,0.7364
53541,Summer,0.435
53542,Summer,0.8331
53543,Summer,0.8817
53545,Summer,0.8661
53546,Summer,0.8649
53547,Summer,0.8632
53548,Summer,0.7801
53554,Summer,0.7915
53555,Summer,0.7904
53556,Summer,0.8839
53557,Summer,0.7449
53558,Summer,0.7965
53559,Summer,0.8211
53560,Winter,0.9979
53561,Winter,0.9926
53562,Winter,0.9985
53563,Winter,0.9873
53564,Winter,0.9947
53565,Winter,0.9945
53566,Winter,0.9762
53567,Winter,0.9932
53568,Winter,0.9982
53569,Winter,0.9836
53570,Winter,0.9858
53571,Winter,0.9959
53572,Winter,0.9961
53573,Winter,0.9846
53574,Winter,0.9967
53575,Winter,0.9674
53576,Winter,0.9884
53577,Winter,0.9056
53578,Winter,0.9112
53579,Winter,0.8995
53580,Winter,0.9743
53581,Winter,0.9364
53582,Winter,0.9945
53583,Winter,0.9825
53584,Winter,0.9964
53585,Winter,0.9996
53586,Winter,0.974
53587,Winter,0.9995
53588,Winter,0.9992
53589,Winter,0.9821
53590,Winter,0.9999
53591,Winter,0.9865
53592,Winter,0.991
53593,Winter,0.9993
53594,Winter,0.9991
53595,Winter,0.999
53596,Winter,0.9984
53597,Winter,0.9995
53598,Winter,0.9986
53599,Winter,0.9994
53600,Winter,0.9914
53601,Winter,0.9988
53602,Winter,0.9983
53603,Winter,0.9985
53604,Winter,0.9992
53605,Winter,0.9978
53606,Winter,0.9985
53608,Winter,0.9997
53609,Winter,0.9825
53611,Winter,0.9991
53612,Winter,0.9977
53613,Winter,0.9884
53614,Winter,0.9999
53615,Winter,0.9972
53616,Winter,0.9993
53617,Winter,0.9822
53618,Winter,0.9473
53619,Winter,0.9916
53620,Winter,0.9995
53621,Winter,0.9805
53622,Winter,0.9681
53623,Winter,0.9907
53624,Winter,0.9997
53625,Winter,0.9761
53626,Winter,0.9853
53627,Winter,0.9913
53628,Winter,0.9954
53629,Winter,0.9948
53630,Summer,0.9393
53631,Summer,0.5376
53632,Winter,0.3638
53633,Fall,0.3544
53634,Spring,0.4024
53635,Spring,0.4084
53636,Fall,0.4073
53637,Spring,0.3942
53638,Spring,0.4029
53639,Spring,0.4076
53640,Spring,0.3116
53648,Summer,0.5495
53649,Summer,0.5593
53651,Winter,0.5831
53652,Winter,0.5704
53653,Winter,0.4819
53654,Winter,0.4961
53655,Winter,0.713
53656,Winter,0.4771
53657,Summer,0.5785
53659,Summer,0.4609
53660,Winter,0.5378
53661,Summer,0.5106
53663,Winter,0.5425
53665,Summer,0.4817
53666,Winter,0.5284
53667,Winter,0.497
53668,Summer,0.431
53669,Winter,0.7031
53670,Summer,0.5484
53671,Winter,0.5093
53672,Winter,0.5782
53673,Winter,0.479
53674,Winter,0.7228
53675,Winter,0.9193
53676,Winter,0.7672
53677,Winter,0.5009
53678,Winter,0.5175
53679,Summer,0.5355
53680,Winter,0.6516
53681,Summer,0.4917
53682,Summer,0.4469
53683,Winter,0.486
53684,Winter,0.701
53685,Winter,0.7751
53686,Winter,0.5328
53687,Winter,0.6351
53688,Summer,0.6261
53689,Winter,0.5356
53692,Winter,0.4771
53695,Summer,0.5838
53696,Winter,0.4322
53698,Winter,0.8469
53702,Winter,0.8166
53706,Winter,0.5574
53708,Winter,0.5222
53710,Winter,0.5674
53715,Winter,0.5103
53719,Summer,0.5347
53720,Winter,0.5932
53723,Winter,0.4025
53724,Winter,0.4685
53725,Winter,0.404
53726,Winter,0.6404
53727,Winter,0.4111
53729,Winter,0.3883
53731,Spring,0.4205
53732,Fall,0.4358
53734,Winter,0.338
53735,Winter,0.8029
53737,Summer,0.6523
53738,Summer,0.6201
53740,Summer,0.3982
53741,Summer,0.4434
53742,Summer,0.3625
53743,Summer,0.3632
53744,Summer,0.6802
53745,Summer,0.4495
53747,Summer,0.4096
53748,Summer,0.465
53749,Summer,0.3456
53750,Summer,0.5549
53751,Summer,0.5876
53752,Summer,0.6878
53753,Summer,0.4935
53754,Summer,0.4375
53755,Summer,0.7525
53756,Spring,0.3704
53757,Fall,0.428
53759,Summer,0.7041
53760,Summer,0.503
53761,Summer,0.7212
53762,Summer,0.6253
53763,Spring,0.4448
53764,Summer,0.8225
53765,Summer,0.5785
53766,Summer,0.6218
53767,Summer,0.6976
53768,Summer,0.5483
53770,Summer,0.4628
53771,Summer,0.4342
53772,Summer,0.7436
53773,Summer,0.4829
53774,Summer,0.6824
53775,Summer,0.3984
53776,Summer,0.5679
53777,Spring,0.3891
53778,Summer,0.8711
53779,Summer,0.906
53780,Summer,0.8448
53781,Summer,0.8553
53782,Summer,0.5651
53783,Summer,0.6683
53784,Summer,0.6647
53785,Summer,0.5813
53786,Summer,0.7303
53787,Summer,0.8011
53788,Summer,0.8538
53791,Summer,0.7786
53793,Summer,0.7115
53794,Summer,0.6571
53795,Summer,0.6701
53796,Summer,0.7898
53797,Summer,0.7993
53798,Spring,0.6026
53799,Summer,0.8869
53800,Summer,0.7829
53801,Summer,0.847
53802,Summer,0.6981
53803,Summer,0.8051
53804,Summer,0.7833
53805,Summer,0.7418
53806,Summer,0.3045
53807,Summer,0.2858
53808,Summer,0.8978
53809,Summer,0.7996
53810,Summer,0.8109
53811,Summer,0.8807
53812,Summer,0.5972
53813,Summer,0.8575
53814,Fall,0.523
53815,Summer,0.9681
53816,Summer,0.873
53817,Summer,0.613
53818,Summer,0.8721
53819,Summer,0.7705
53820,Summer,0.8414
53822,Summer,0.7035
53823,Summer,0.9124
53824,Summer,0.8085
53825,Winter,0.4489
53826,Summer,0.8916
53829,Summer,0.954
53830,Summer,0.9169
53832,Summer,0.8376
53833,Summer,0.9612
53834,Summer,0.9374
53835,Summer,0.8904
53836,Summer,0.9281
53837,Summer,0.788
53838,Summer,0.9098
53839,Summer,0.9308
53840,Summer,0.9628
53841,Summer,0.7975
53842,Summer,0.9691
53843,Summer,0.9462
53849,Summer,0.8697
53850,Summer,0.9247
53851,Summer,0.9377
53852,Summer,0.9114
53856,Summer,0.855
53857,Summer,0.9475
53859,Summer,0.8263
53861,Summer,0.969
53863,Summer,0.9545
53864,Summer,0.8356
53866,Summer,0.7791
53867,Winter,0.9363
53868,Winter,0.8836
53869,Winter,0.7873
53870,Winter,0.9243
53871,Winter,0.9998
53872,Summer,0.3898
53873,Fall,0.4012
53874,Summer,0.3252
53875,Winter,0.5833
53876,Spring,0.2809
53877,Winter,0.7534
53878,Spring,0.3239
53879,Spring,0.3358
53880,Spring,0.3341
53881,Winter,0.5862
53882,Spring,0.3751
53883,Spring,0.3546
53884,Summer,0.7586
53886,Winter,0.8186
53887,Summer,0.6741
53888,Summer,0.5983
53889,Summer,0.8006
53890,Summer,0.4693
53891,Summer,0.8282
53892,Winter,0.5556
53893,Summer,0.7509
53894,Summer,0.4962
53895,Summer,0.6803
53896,Summer,0.512
53897,Winter,0.472
53900,Winter,0.6295
53902,Winter,0.637
53905,Winter,0.4841
53907,Winter,0.9355
53911,Winter,0.4974
53914,Summer,0.415
53918,Winter,0.7091
53921,Winter,0.5047
53927,Winter,0.8093
53928,Summer,0.5707
53930,Winter,0.5884
53931,Winter,0.6953
53934,Winter,0.7187
53935,Winter,0.7011
53941,Winter,0.6361
53942,Winter,0.7115
53943,Winter,0.7
53944,Winter,0.5536
53946,Winter,0.6774
53961,Winter,0.7247
53963,Winter,0.6523
53964,Winter,0.7539
53979,Winter,0.5152
53981,Summer,0.4426
53985,Winter,0.5682
53990,Winter,0.4745
53991,Winter,0.6208
53994,Winter,0.3711
53997,Winter,0.5203
53999,Winter,0.7625
54000,Winter,0.4446
54002,Winter,0.6279
54003,Winter,0.514
54007,Winter,0.7357
54008,Winter,0.6552
54009,Winter,0.7198
54014,Summer,0.6477
54016,Summer,0.5826
54017,Summer,0.5345
54018,Summer,0.5041
54019,Summer,0.5689
54020,Summer,0.5875
54031,Summer,0.4484
54032,Summer,0.5502
54033,Summer,0.5411
54035,Summer,0.619
54036,Winter,0.5519
54040,Winter,0.5389
54041,Winter,0.4476
54049,Summer,0.4022
54050,Summer,0.4404
54051,Summer,0.4731
54052,Summer,0.647
54053,Summer,0.5005
54054,Summer,0.7373
54055,Summer,0.6331
54056,Summer,0.7735
54057,Summer,0.8089
54058,Summer,0.4165
54059,Summer,0.4468
54060,Summer,0.428
54061,Spring,0.9998
54062,Spring,0.9995
54063,Spring,0.9996
54064,Spring,0.9992
54065,Summer,0.4625
54066,Spring,0.3359
54068,Fall,0.3724
54069,Winter,0.4892
54070,Spring,0.3488
54071,Fall,0.3993
54072,Fall,0.5631
54073,Fall,0.5308
54076,Summer,0.4098
54077,Winter,0.6019
54078,Spring,0.3139
54079,Summer,0.8671
54080,Summer,0.9164
54081,Summer,0.9352
54082,Summer,0.8554
54083,Summer,0.8282
54084,Summer,0.9091
54086,Summer,0.8303
54087,Summer,0.9471
54088,Summer,0.9018
54089,Summer,0.9197
54090,Summer,0.8121
54095,Summer,0.3335
54103,Winter,0.9294
54104,Winter,0.945
54105,Winter,0.9227
54106,Winter,0.9346
54107,Winter,0.881
54108,Winter,0.5912
54109,Winter,0.6928
54110,Winter,0.9364
54111,Winter,0.9655
54112,Winter,0.9762
54113,Winter,0.9364
54114,Winter,0.8349
54115,Winter,0.9266
54116,Winter,0.5891
54117,Winter,0.9578
54118,Winter,0.9505
54119,Winter,0.9563
54120,Winter,0.5897
54121,Winter,0.5922
54122,Winter,0.8721
54123,Winter,0.9048
54124,Winter,0.8476
54125,Winter,0.9517
54126,Winter,0.9229
54127,Winter,0.9251
54128,Winter,0.5075
54129,Winter,0.7902
54130,Winter,0.8438
54131,Winter,0.9164
54132,Winter,0.8853
54133,Winter,0.94
54134,Winter,0.8358
54135,Winter,0.8065
54136,Winter,0.6288
54137,Winter,0.9799
54138,Winter,0.9655
54139,Winter,0.9459
54140,Winter,0.9835
54141,Winter,0.9426
54142,Winter,0.8602
54143,Winter,0.8919
54144,Winter,0.9599
54145,Winter,0.7758
54146,Summer,0.8788
54147,Summer,0.3564
54148,Winter,0.9083
54149,Winter,0.7661
54150,Winter,0.9342
54151,Winter,0.7683
54152,Winter,0.9721
54153,Winter,0.4741
54154,Summer,0.4932
54155,Winter,0.742
54156,Winter,0.9845
54157,Summer,0.5086
54158,Summer,0.627
54159,Winter,0.75
54160,Winter,0.9299
54161,Summer,0.5414
54162,Winter,0.9668
54163,Summer,0.5835
54164,Winter,0.5936
54165,Winter,0.872
54166,Winter,0.9785
54167,Summer,0.6145
54168,Winter,0.4451
54169,Summer,0.7368
54170,Summer,0.5473
54171,Winter,0.5682
54172,Winter,0.7342
54173,Winter,0.3723
54174,Winter,0.9895
54175,Winter,0.7046
54176,Winter,0.7798
54177,Summer,0.6866
54178,Winter,0.7493
54182,Winter,0.5098
54183,Summer,0.6772
54185,Winter,0.3277
54186,Summer,0.8534
54187,Summer,0.7004
54188,Winter,0.8279
54189,Summer,0.7402
54192,Fall,0.5385
54194,Summer,0.4345
54200,Fall,0.4691
54202,Summer,0.7298
54225,Fall,0.5476
54226,Summer,0.431
54228,Winter,0.7924
54229,Winter,0.7391
54252,Summer,0.4787
54280,Summer,0.5039
54302,Summer,0.6134
54303,Summer,0.7855
54304,Summer,0.8877
54305,Summer,0.7027
54306,Summer,0.7766
54307,Summer,0.8432
54311,Summer,0.7651
54318,Summer,0.4097
54319,Summer,0.7348
54320,Summer,0.87
54325,Summer,0.4426
54326,Summer,0.7344
54327,Summer,0.3926
54328,Summer,0.8695
54329,Summer,0.8247
54330,Summer,0.6435
54332,Summer,0.8613
54334,Summer,0.5472
54338,Summer,0.9589
54339,Summer,0.6333
54340,Summer,0.6779
54341,Summer,0.3747
54342,Summer,0.7323
54343,Summer,0.3974
54344,Summer,0.5643
54345,Summer,0.6058
54346,Summer,0.6684
54375,Winter,0.8385
54380,Summer,0.4608
54381,Winter,0.4484
54382,Winter,0.8667
54383,Winter,0.5221
54384,Winter,0.9031
54385,Summer,0.5336
54386,Winter,0.7773
54387,Winter,0.4906
54388,Winter,0.52
54389,Summer,0.5535
54390,Winter,0.5807
54391,Winter,0.5743
54392,Winter,0.6208
54393,Winter,0.4126
54394,Summer,0.442
54395,Winter,0.5811
54396,Winter,0.5166
54397,Winter,0.5823
54398,Winter,0.6026
54399,Winter,0.7596
54400,Winter,0.6083
54401,Winter,0.9088
54402,Summer,0.5119
54403,Winter,0.5019
54404,Winter,0.5486
54405,Winter,0.4996
54406,Winter,0.4968
54407,Summer,0.5934
54408,Winter,0.8973
54409,Winter,0.5211
54410,Summer,0.5701
54411,Winter,0.4735
54412,Winter,0.6916
54475,Winter,0.7828
54476,Summer,0.4727
54477,Summer,0.6812
54478,Summer,0.6566
54479,Summer,0.7647
54480,Summer,0.658
54481,Summer,0.7513
54482,Summer,0.6931
54483,Summer,0.7169
54484,Summer,0.3935
54485,Summer,0.6976
54486,Summer,0.6046
54487,Summer,0.4989
54488,Summer,0.336
54489,Summer,0.3919
54490,Summer,0.638
54491,Winter,0.618
54492,Winter,0.625
54493,Winter,0.5675
54494,Winter,0.5602
54495,Winter,0.6019
54496,Winter,0.7663
54497,Winter,0.6234
54498,Winter,0.6567
54499,Winter,0.8465
54500,Winter,0.942
54501,Winter,0.5799
54502,Winter,0.6335
54503,Fall,0.2941
54504,Winter,0.532
54505,Winter,0.5202
54506,Winter,0.5872
54507,Winter,0.9435
54508,Summer,0.6044
54509,Summer,0.497
54510,Winter,0.6752
54511,Winter,0.5841
54512,Winter,0.621
54513,Winter,0.359
54514,Fall,0.4491
54515,Fall,0.4685
54516,Summer,0.3758
54517,Spring,0.3418
54518,Summer,0.374
54519,Summer,0.3778
54520,Summer,0.5959
54521,Fall,0.6923
54522,Fall,0.4778
54523,Fall,0.486
54524,Fall,0.4579
54525,Fall,0.425
54526,Summer,0.4309
54527,Fall,0.3263
54528,Fall,0.493
54529,Fall,0.59
54530,Summer,0.3453
54533,Spring,0.273
54534,Spring,0.3562
54535,Summer,0.4039
54536,Winter,0.337
54537,Summer,0.4408
54538,Fall,0.4539
54539,Fall,0.4089
54540,Fall,0.4607
54541,Fall,0.398
54542,Winter,0.2957
54543,Spring,0.4163
54544,Fall,0.2876
54545,Winter,0.4539
54546,Summer,0.4357
54547,Summer,0.9587
54548,Summer,0.868
54549,Summer,0.8497
54550,Summer,0.9355
54551,Summer,0.9564
54553,Summer,0.9049
54554,Summer,0.8745
54555,Summer,0.882
54556,Summer,0.8828
54557,Summer,0.8846
54558,Summer,0.9246
54559,Summer,0.8737
54561,Summer,0.9049
54562,Summer,0.8607
54563,Summer,0.863
54564,Summer,0.6606
54565,Summer,0.619
54566,Summer,0.7949
54567,Summer,0.8955
54568,Summer,0.9201
54569,Summer,0.6515
54570,Summer,0.8546
54571,Summer,0.9169
54572,Summer,0.9221
54573,Summer,0.9299
54574,Summer,0.9101
54575,Summer,0.8384
54576,Summer,0.6926
54577,Summer,0.7211
54578,Summer,0.8503
54579,Summer,0.9012
54580,Summer,0.8965
54581,Summer,0.8826
54582,Summer,0.9211
54584,Summer,0.8635
54585,Summer,0.8276
54586,Summer,0.8548
54587,Summer,0.8923
54588,Summer,0.8339
54589,Summer,0.9536
54590,Summer,0.9166
54595,Summer,0.6252
54596,Summer,0.8371
54597,Summer,0.7674
54598,Summer,0.8624
54599,Summer,0.9459
54600,Summer,0.6453
54601,Summer,0.5916
54602,Summer,0.6799
54603,Summer,0.6483
54604,Summer,0.8028
54605,Summer,0.6675
54606,Summer,0.7295
54607,Summer,0.8535
54608,Summer,0.6625
54609,Summer,0.7125
54610,Summer,0.7758
54611,Summer,0.8546
54612,Summer,0.406
54613,Summer,0.8659
54614,Summer,0.8442
54615,Summer,0.8542
54616,Summer,0.8152
54617,Summer,0.7171
54618,Summer,0.5363
54619,Winter,0.9915
54620,Winter,0.9981
54621,Winter,0.9715
54622,Winter,0.9607
54623,Winter,0.999
54625,Winter,0.9996
54626,Winter,0.9995
54627,Winter,0.9998
54628,Winter,0.9978
54629,Winter,0.9977
54630,Winter,1.0
54631,Winter,0.9289
54632,Winter,0.9887
54633,Winter,0.9989
54634,Winter,0.9995
54635,Winter,0.9997
54636,Winter,0.9996
54637,Winter,0.9982
54638,Winter,0.9969
54639,Winter,0.9985
54640,Winter,0.9999
54641,Winter,0.9961
54642,Winter,0.9937
54643,Winter,0.9982
54644,Winter,0.9941
54645,Winter,0.9982
54646,Winter,0.9942
54647,Winter,0.9402
54648,Winter,0.998
54649,Winter,0.8709
54650,Winter,0.9691
54651,Winter,0.9899
54652,Winter,0.9444
54653,Winter,0.9917
54654,Winter,0.9995
54655,Winter,0.999
54656,Winter,0.9915
54657,Winter,0.9944
54658,Winter,0.9987
54659,Winter,0.981
54660,Winter,0.9654
54661,Winter,0.9887
54662,Winter,0.9948
54663,Winter,0.9915
54664,Winter,0.9377
54665,Winter,0.9996
54666,Winter,0.9993
54667,Winter,0.9993
54668,Winter,0.999
54669,Winter,0.9988
54670,Winter,0.9976
54671,Winter,0.9934
54672,Winter,0.9981
54674,Winter,0.9966
54675,Winter,0.9999
54676,Winter,0.8849
54677,Winter,0.9882
54678,Winter,0.9994
54679,Winter,0.9958
54680,Summer,0.6363
54681,Summer,0.9389
54682,Summer,0.7353
54683,Summer,0.8024
54684,Summer,0.7795
54685,Summer,0.9382
54686,Summer,0.8017
54687,Summer,0.8503
54688,Summer,0.7943
54689,Summer,0.8572
54690,Summer,0.8699
54691,Summer,0.6565
54692,Summer,0.8987
54693,Summer,0.7061
54694,Summer,0.8711
54695,Summer,0.9722
54696,Summer,0.9479
54697,Summer,0.9093
54698,Summer,0.9324
54699,Summer,0.9071
54700,Summer,0.6324
54702,Summer,0.8497
54703,Summer,0.7107
54704,Summer,0.813
54705,Summer,0.6851
54706,Summer,0.8557
54708,Summer,0.8824
54710,Summer,0.8607
54711,Summer,0.7677
54712,Summer,0.7549
54713,Summer,0.8535
54714,Winter,0.5248
54715,Summer,0.8004
54716,Summer,0.965
54717,Summer,0.8964
54718,Summer,0.9285
54719,Summer,0.7644
54720,Summer,0.8249
54721,Summer,0.7881
54722,Summer,0.6206
54723,Summer,0.7481
54724,Summer,0.7889
54725,Summer,0.9116
54726,Summer,0.7698
54727,Summer,0.95
54728,Spring,0.3276
54729,Winter,0.3693
54730,Winter,0.3592
54731,Spring,0.337
54732,Summer,0.386
54733,Winter,0.3615
54734,Winter,0.3159
54735,Summer,0.3913
54736,Summer,0.3865
54737,Summer,0.3352
54738,Winter,0.4122
54739,Fall,0.3773
54740,Winter,0.4881
54741,Spring,0.2786
54742,Spring,0.3065
54744,Summer,0.8923
54767,Summer,0.7679
54792,Summer,0.3962
54794,Spring,0.3119
54796,Summer,0.3409
54800,Summer,0.3389
54804,Summer,0.4588
54805,Winter,0.7549
54807,Winter,0.5991
54808,Winter,0.5118
54812,Summer,0.5204
54813,Winter,0.4193
54819,Summer,0.6036
54823,Winter,0.7006
54827,Winter,0.7019
54828,Summer,0.4341
54829,Winter,0.4335
54831,Winter,0.549
54834,Winter,0.4937
54836,Spring,0.4006
54838,Winter,0.4277
54842,Winter,0.4447
54849,Winter,0.8232
54850,Winter,0.9792
54851,Winter,0.3987
54852,Winter,0.3886
54853,Fall,0.3377
54854,Summer,0.7808
54856,Winter,0.4932
54857,Winter,0.5258
54858,Fall,0.5469
54859,Summer,0.7001
54860,Fall,0.4932
54861,Fall,0.7753
54862,Winter,0.8573
54863,Summer,0.4215
54864,Fall,0.7152
54865,Summer,0.4634
54866,Fall,0.4136
54867,Winter,0.6599
54868,Summer,0.7475
54869,Winter,0.4878
54870,Winter,0.7461
54871,Summer,0.461
54872,Winter,0.8232
54873,Summer,0.5896
54874,Winter,0.898
54875,Winter,0.9785
54876,Fall,0.7508
54877,Fall,0.9037
54878,Winter,0.8474
54879,Summer,0.5251
54880,Winter,0.8202
54881,Summer,0.7208
54882,Fall,0.5975
54883,Winter,0.7815
54884,Summer,0.5994
54885,Fall,0.5192
54886,Summer,0.5991
54888,Fall,0.7318
54889,Spring,0.4362
54890,Summer,0.7701
54891,Summer,0.8266
54894,Summer,0.3939
54896,Summer,0.3859
54897,Summer,0.6772
54899,Summer,0.8558
54900,Summer,0.63
54901,Summer,0.6898
54902,Summer,0.8697
54903,Summer,0.834
54904,Summer,0.6765
54905,Summer,0.8092
54906,Summer,0.8408
54907,Summer,0.7598
54908,Summer,0.9202
54909,Summer,0.4321
54911,Summer,0.7593
54913,Summer,0.5311
54914,Summer,0.8272
54915,Summer,0.8139
54918,Summer,0.4494
54919,Summer,0.3903
54921,Summer,0.6279
54923,Summer,0.4678
54924,Summer,0.8559
54925,Summer,0.8438
54926,Summer,0.7933
54927,Summer,0.9107
54928,Summer,0.5832
54929,Summer,0.608
54930,Summer,0.7933
54931,Summer,0.8482
54932,Summer,0.6721
54933,Winter,0.51
54934,Summer,0.7183
54935,Summer,0.5365
54936,Summer,0.6364
54937,Summer,0.7303
54938,Summer,0.7201
54939,Summer,0.7397
54940,Summer,0.7901
54941,Summer,0.9092
54942,Summer,0.6679
54943,Summer,0.7388
54944,Summer,0.8473
54945,Summer,0.7098
54946,Summer,0.8953
54947,Summer,0.8446
54948,Summer,0.4603
54949,Summer,0.6674
54950,Summer,0.8075
54951,Summer,0.5811
54953,Summer,0.68
54954,Summer,0.7393
54955,Summer,0.4314
54957,Summer,0.516
54958,Summer,0.5943
54959,Summer,0.6402
54960,Summer,0.7266
54961,Summer,0.5847
54964,Summer,0.8653
54965,Summer,0.862
54966,Winter,0.509
54967,Spring,0.9999
54968,Spring,1.0
54969,Spring,1.0
54970,Spring,0.9867
54971,Summer,0.831
54972,Summer,0.8748
54973,Summer,0.9506
54974,Summer,0.8784
54975,Summer,0.8638
54976,Summer,0.8809
54977,Summer,0.7312
54978,Summer,0.7559
54979,Summer,0.8883
54980,Summer,0.9177
54981,Summer,0.6162
54982,Summer,0.5764
54983,Summer,0.824
54984,Summer,0.7545
54985,Summer,0.6733
54986,Fall,0.6981
54987,Summer,0.8195
54988,Summer,0.8542
54989,Summer,0.9638
54990,Summer,0.9059
54991,Summer,0.914
54992,Summer,0.8983
54993,Summer,0.7546
54995,Summer,0.2859
54997,Summer,0.3139
55000,Summer,0.3107
55001,Spring,0.8649
55002,Summer,0.3075
55003,Fall,0.32
55004,Winter,0.3962
55005,Spring,0.7644
55006,Spring,0.9984
55007,Spring,0.9978
55008,Spring,0.994
55009,Spring,0.9967
55010,Spring,0.9979
55012,Spring,0.9693
55013,Spring,0.9891
55015,Spring,0.9709
55016,Spring,0.9914
55018,Spring,0.9699
55020,Spring,0.9672
55021,Spring,0.9092
55022,Spring,0.9224
55023,Spring,0.926
55024,Spring,0.9239
55025,Spring,0.933
55026,Spring,0.899
55027,Spring,0.9459
55028,Spring,0.9237
55029,Spring,0.9294
55030,Spring,0.9361
55031,Spring,0.9426
55032,Spring,0.7494
55033,Spring,0.9239
55034,Spring,0.9075
55035,Spring,0.9186
55036,Spring,0.8979
55037,Spring,0.9192
55038,Spring,0.9178
55039,Spring,0.9935
55040,Spring,0.6979
55041,Spring,0.9984
55042,Spring,0.9078
55043,Spring,0.9318
55044,Spring,0.9107
55045,Spring,0.9966
55046,Spring,0.9963
55047,Spring,0.9409
55048,Spring,0.9975
55049,Spring,0.9953
55050,Spring,0.9973
55051,Spring,0.9975
55052,Spring,0.9971
55053,Spring,0.9952
55054,Spring,0.997
55055,Spring,0.9958
55056,Spring,0.9973
55057,Spring,0.9868
55058,Spring,0.9961
55059,Spring,0.998
55060,Spring,0.9956
55061,Spring,0.9971
55062,Spring,0.9982
55063,Spring,0.9862
55064,Spring,0.9968
55065,Spring,0.9972
55066,Spring,0.9967
55067,Spring,0.9842
55068,Spring,0.9986
55069,Spring,0.9779
55070,Spring,0.9996
55071,Spring,0.9965
55072,Spring,0.9831
55073,Spring,0.9489
55074,Spring,0.9977
55075,Spring,0.9992
55078,Winter,0.3742
55079,Summer,0.3707
55080,Summer,0.4785
55081,Spring,0.8974
55083,Winter,0.3159
55086,Spring,0.9123
55087,Spring,0.6417
55089,Fall,0.5282
55090,Fall,0.5068
55093,Winter,0.3783
55094,Spring,0.9601
55095,Spring,0.9849
55097,Spring,0.9944
55098,Summer,0.4151
55099,Spring,0.8982
55100,Spring,0.4266
55101,Fall,0.4399
55107,Winter,0.3542
55108,Winter,0.5744
55109,Summer,0.5014
55110,Summer,0.3791
55111,Summer,0.4208
55112,Summer,0.3941
55113,Summer,0.5439
55114,Summer,0.5414
55115,Summer,0.5488
55116,Summer,0.2768
55117,Winter,0.3439
55118,Winter,0.3067
55119,Spring,0.4053
55120,Spring,0.9987
55121,Spring,0.9998
55122,Spring,0.9984
55123,Spring,0.9918
55124,Spring,0.9991
55125,Spring,0.9992
55126,Spring,0.9997
55127,Spring,0.9989
55128,Spring,0.9992
55129,Spring,0.9997
55130,Spring,0.9985
55131,Spring,0.9998
55132,Spring,0.9966
55133,Spring,0.9992
55134,Spring,0.9965
55135,Spring,0.9996
55136,Spring,0.9999
55137,Spring,0.9982
55138,Spring,0.9985
55139,Spring,0.9984
55140,Spring,0.96
55141,Spring,0.9988
55142,Spring,0.6349
55143,Spring,0.9991
55144,Spring,0.6877
55145,Spring,0.9941
55146,Spring,0.9901
55147,Spring,0.9889
55148,Spring,0.9921
55149,Spring,0.9908
55150,Spring,0.9946
55151,Spring,0.9925
55152,Spring,0.9829
55153,Spring,0.9995
55154,Spring,0.9897
55155,Spring,0.9999
55156,Spring,0.9982
55157,Spring,0.9957
55158,Spring,0.9948
55159,Spring,0.9932
55160,Spring,0.99
55161,Spring,0.9936
55162,Spring,0.9906
55163,Spring,0.9867
55164,Spring,0.9994
55165,Spring,0.9938
55166,Spring,0.9827
55168,Spring,0.5978
55170,Spring,0.9907
55172,Spring,0.9996
55173,Spring,0.9976
55175,Spring,0.9997
55177,Spring,0.9977
55179,Spring,0.9961
55180,Spring,0.9561
55181,Spring,0.9952
55184,Spring,0.9966
55185,Spring,0.9963
55186,Spring,0.9982
55187,Spring,0.9648
55190,Spring,0.9356
55191,Spring,0.9968
55192,Spring,0.9858
55194,Spring,0.9799
55195,Spring,0.9808
55196,Spring,0.9451
55197,Spring,0.9946
55198,Spring,0.8869
55200,Spring,0.9229
55201,Spring,0.9286
55202,Winter,0.386
55203,Spring,0.5971
55205,Spring,0.661
55206,Spring,0.9599
55208,Spring,0.9583
55209,Spring,0.3846
55210,Spring,0.3447
55211,Summer,0.3899
55212,Spring,0.9995
55213,Spring,0.9766
55214,Spring,0.9678
55215,Spring,0.9645
55216,Spring,0.9759
55217,Spring,0.979
55218,Spring,0.9994
55219,Spring,0.9996
55220,Spring,0.9996
55221,Spring,0.9996
55222,Spring,0.9994
55223,Spring,0.9961
55224,Spring,0.997
55225,Spring,0.9912
55226,Spring,0.9395
55227,Spring,0.9988
55228,Spring,0.9806
55229,Spring,0.9976
55230,Summer,0.3962
55231,Summer,0.3789
55232,Summer,0.3856
55233,Spring,0.9994
55234,Spring,0.9945
55235,Spring,0.9955
55236,Spring,0.9891
55237,Spring,0.9786
55238,Spring,0.9735
55239,Spring,0.9937
55240,Spring,0.9994
55241,Spring,0.9997
55242,Spring,0.9996
55243,Spring,0.9993
55244,Spring,0.9762
55245,Spring,0.9682
55246,Spring,0.9725
55247,Spring,0.4477
55248,Summer,0.3327
55249,Summer,0.3332
55250,Spring,0.6576
55251,Winter,0.4423
55252,Spring,0.9991
55253,Spring,0.9995
55254,Spring,0.9995
55255,Spring,0.9995
55256,Spring,0.8006
55257,Spring,0.9994
55258,Spring,0.9996
55259,Spring,0.9998
55260,Spring,0.9995
55261,Spring,0.9974
55262,Spring,0.9996
55263,Spring,0.991
55264,Spring,0.9914
55265,Spring,0.9887
55266,Spring,0.9997
55267,Spring,0.998
55268,Spring,0.9987
55269,Spring,0.9989
55270,Spring,0.9479
55271,Spring,0.989
55272,Spring,0.9994
55273,Spring,0.9866
55274,Spring,0.9875
55275,Spring,0.3376
55276,Spring,0.3779
55277,Spring,0.4329
55278,Winter,0.4735
55280,Winter,0.6761
55281,Winter,0.5389
55282,Winter,0.4476
55283,Winter,0.4152
55284,Winter,0.4247
55285,Summer,0.5296
55286,Spring,0.9583
55287,Spring,0.9969
55288,Spring,0.9972
55289,Spring,0.9972
55290,Spring,0.8244
55291,Spring,0.5182
55292,Spring,0.8866
55293,Spring,0.9741
55294,Spring,0.8595
55295,Spring,0.8907
55296,Spring,0.4483
55297,Spring,0.4404
55298,Spring,0.4052
55299,Spring,0.3637
55300,Spring,0.9497
55301,Spring,0.9794
55306,Winter,0.4521
55307,Summer,0.6098
55314,Summer,0.7125
55315,Spring,0.6089
55316,Summer,0.8658
55317,Summer,0.6814
55318,Summer,0.7185
55319,Spring,0.4763
55320,Summer,0.6756
55321,Spring,0.769
55322,Summer,0.7098
55323,Summer,0.5378
55324,Spring,0.9021
55325,Spring,0.3139
55326,Spring,0.8468
55328,Spring,0.8685
55329,Spring,0.399
55330,Summer,0.3825
55331,Spring,0.5025
55332,Summer,0.3675
55333,Summer,0.6159
55334,Summer,0.3424
55335,Summer,0.5121
55336,Spring,0.6163
55337,Spring,0.9958
55338,Spring,0.9853
55339,Spring,0.9923
55344,Spring,1.0
55347,Spring,1.0
55349,Summer,0.5114
55350,Spring,0.4899
55351,Spring,0.9897
55352,Spring,0.8336
55354,Spring,0.9899
55357,Spring,0.9727
55358,Spring,0.9462
55359,Spring,0.9668
55361,Spring,0.9627
55362,Spring,0.9942
55363,Spring,0.9402
55364,Spring,0.7608
55365,Spring,0.9753
55366,Spring,0.9915
55368,Spring,0.977
55369,Spring,0.9873
55370,Spring,0.9639
55373,Spring,0.9467
55375,Spring,0.9241
55376,Spring,0.9025
55377,Spring,0.9436
55378,Spring,0.9706
55379,Spring,0.9356
55380,Spring,0.9981
55381,Spring,0.9535
55382,Spring,0.9878
55383,Spring,0.9709
55384,Spring,0.5992
55385,Summer,0.7684
55387,Spring,0.9345
55388,Spring,0.952
55389,Spring,0.9999
55390,Spring,0.978
55391,Spring,0.9775
55392,Spring,0.996
55394,Spring,0.8109
55395,Spring,0.9624
55396,Spring,0.7049
55397,Spring,0.999
55398,Winter,0.8551
55399,Spring,0.906
55400,Spring,0.9479
55402,Spring,0.9494
55407,Spring,0.9991
55408,Spring,0.9994
55409,Spring,0.9987
55410,Spring,0.9992
55418,Spring,0.9981
55419,Spring,0.9838
55420,Spring,0.9928
55421,Spring,0.9989
55423,Spring,0.9929
55424,Spring,0.9989
55425,Spring,0.9966
55426,Spring,0.9833
55427,Spring,0.999
55428,Spring,0.9915
55429,Spring,0.9918
55430,Spring,0.6456
55431,Spring,0.7838
55432,Spring,0.8206
55433,Spring,0.6937
55434,Spring,0.8104
55436,Spring,0.8508
55437,Spring,0.5709
55438,Spring,0.8826
55439,Spring,0.8946
55440,Spring,0.8024
55441,Spring,0.8341
55442,Spring,0.8283
55443,Spring,0.9081
55444,Spring,0.9973
55445,Spring,0.9938
55446,Spring,0.9981
55447,Spring,0.9901
55448,Spring,0.9975
55449,Spring,0.9979
55450,Spring,0.9962
55451,Spring,0.9936
55454,Spring,0.9976
55455,Spring,0.9416
55456,Spring,0.95
55457,Spring,0.989
55458,Spring,0.9878
55459,Spring,0.9493
55460,Spring,0.6781
55461,Spring,0.9572
55462,Spring,0.9766
55463,Spring,0.9995
55464,Spring,0.9996
55465,Spring,0.9995
55466,Spring,0.9044
55467,Spring,0.9466
55468,Spring,0.9994
55469,Spring,0.9995
55470,Spring,0.7946
55471,Spring,0.944
55472,Spring,0.9513
55473,Spring,0.9869
55474,Spring,0.9997
55475,Spring,0.9997
55476,Spring,0.9998
55477,Spring,0.9998
55478,Spring,0.9998
55479,Spring,0.9997
55480,Spring,0.9993
55482,Spring,0.9982
55485,Spring,0.9992
55486,Spring,0.9754
55487,Spring,0.9006
55488,Spring,0.8949
55489,Spring,0.916
55490,Spring,0.9884
55491,Spring,0.952
55492,Spring,0.8201
55493,Spring,0.9463
55494,Spring,0.7361
55495,Spring,0.9134
55496,Spring,0.6861
55497,Spring,0.9725
55498,Spring,0.703
55499,Spring,0.9794
55500,Spring,0.9658
55501,Spring,0.5854
55502,Spring,0.8714
55503,Spring,0.928
55504,Spring,0.9571
55505,Spring,0.7373
55506,Spring,0.8793
55507,Spring,0.6286
55508,Spring,0.9644
55509,Spring,0.8987
55510,Spring,0.8781
55511,Spring,0.8815
55512,Spring,0.8833
55513,Spring,0.3333
55514,Spring,0.3333
55516,Summer,0.6877
55517,Spring,0.6682
55518,Summer,0.5806
55519,Summer,0.336
55520,Spring,0.9396
55521,Spring,0.9555
55522,Spring,0.9946
55523,Spring,0.9909
55524,Spring,0.836
55525,Spring,0.8348
55526,Spring,0.7919
55527,Spring,0.9452
55528,Spring,0.9694
55529,Spring,0.9879
55530,Spring,0.926
55531,Spring,0.9414
55532,Spring,0.9407
55533,Spring,0.761
55534,Spring,0.634
55535,Spring,0.9964
55536,Spring,0.986
55537,Spring,0.9573
55538,Spring,0.998
55539,Spring,0.9964
55540,Summer,0.7623
55541,Spring,0.9997
55542,Spring,0.9958
55543,Spring,0.998
55544,Spring,0.9983
55545,Spring,0.998
55546,Spring,0.9985
55547,Spring,0.9997
55548,Spring,0.9995
55549,Spring,0.9997
55550,Spring,0.9997
55551,Spring,0.999
55553,Spring,0.9877
55556,Spring,0.9818
55557,Spring,0.9647
55558,Spring,0.9848
55559,Spring,0.9957
55560,Spring,0.5108
55561,Summer,0.7258
55564,Spring,0.9899
55565,Spring,0.9996
55568,Spring,1.0
55569,Spring,0.698
55570,Spring,0.9993
55571,Spring,0.9999
55572,Spring,0.9905
55573,Spring,0.9849
55574,Summer,0.572
55575,Summer,0.3989
55576,Summer,0.5895
55577,Winter,0.4854
55578,Winter,0.6217
55579,Winter,0.6048
55580,Spring,0.3658
55581,Summer,0.3966
55582,Spring,0.3348
55583,Spring,0.7614
55584,Spring,0.9385
55585,Spring,0.802
55586,Spring,0.8905
55587,Spring,0.9993
55590,Summer,0.4279
55591,Summer,0.5921
55595,Spring,0.4176
55597,Spring,0.3495
55599,Summer,0.6621
55608,Spring,0.745
55612,Winter,0.4975
55613,Winter,0.497
55614,Fall,0.3261
55615,Winter,0.345
55616,Winter,0.2895
55617,Winter,0.4861
55618,Winter,0.2695
55619,Spring,0.2683
55620,Winter,0.3669
55621,Spring,0.2603
55622,Winter,0.2862
55623,Winter,0.4168
55624,Spring,0.2767
55625,Winter,0.3075
55626,Winter,0.3696
55627,Winter,0.4358
55628,Winter,0.4467
55629,Winter,0.4458
55630,Winter,0.833
55631,Winter,0.7253
55632,Winter,0.5437
55633,Winter,0.8549
55634,Winter,0.9642
55635,Winter,0.9064
55636,Winter,0.7814
55637,Winter,0.945
55638,Winter,0.4245
55639,Winter,0.5328
55640,Winter,0.951
55641,Winter,0.4547
55642,Winter,0.9014
55643,Winter,0.7789
55644,Winter,0.7776
55645,Winter,0.5378
55646,Winter,0.829
55647,Winter,0.3678
55648,Winter,0.5028
55649,Winter,0.84
55650,Winter,0.9103
55651,Winter,0.8834
55652,Winter,0.9463
55653,Winter,0.8272
55654,Winter,0.8248
55655,Winter,0.9133
55656,Winter,0.9621
55657,Winter,0.9372
55783,Spring,0.2692
55784,Spring,0.3585
55785,Summer,0.478
55786,Summer,0.5558
55787,Summer,0.9241
55788,Summer,0.6853
55789,Summer,0.6814
55790,Summer,0.6607
55791,Fall,0.5882
55794,Summer,0.7829
55795,Summer,0.884
55796,Summer,0.5913
55797,Summer,0.7501
55798,Summer,0.6186
55799,Summer,0.8471
55800,Summer,0.8452
55801,Summer,0.748
55802,Summer,0.7868
55803,Summer,0.7377
55804,Summer,0.7286
55805,Summer,0.5026
55806,Summer,0.7702
55807,Summer,0.8868
55809,Summer,0.8265
55810,Summer,0.7409
55811,Summer,0.8306
55812,Summer,0.8641
55813,Summer,0.7012
55814,Summer,0.7265
55817,Summer,0.747
55818,Summer,0.6907
55819,Summer,0.7922
55821,Summer,0.5414
55822,Summer,0.7304
55823,Summer,0.868
55824,Summer,0.8244
55825,Summer,0.7384
55826,Summer,0.8193
55827,Summer,0.8045
55828,Summer,0.8095
55829,Summer,0.775
55830,Summer,0.7661
55831,Summer,0.7054
55832,Summer,0.8218
55833,Spring,0.9988
55834,Summer,0.4855
55835,Spring,0.9616
55836,Spring,0.5249
55837,Spring,0.9825
55838,Spring,0.9833
55839,Spring,0.9644
55840,Spring,0.9917
55841,Spring,0.9869
55842,Spring,0.9758
55843,Spring,0.9784
55844,Spring,0.9942
55845,Spring,0.9149
55846,Spring,0.9524
55847,Spring,0.9677
55848,Spring,0.4306
55849,Spring,0.8565
55850,Spring,0.9791
55851,Spring,0.9789
55852,Spring,0.9481
55853,Spring,0.9761
55854,Spring,0.9931
55855,Spring,0.9304
55856,Spring,0.9379
55857,Spring,0.9643
55858,Spring,0.9907
55859,Spring,0.9841
55860,Spring,0.9938
55861,Spring,0.9235
55862,Spring,0.9798
55863,Spring,0.9186
55864,Spring,0.9537
55865,Spring,0.9808
55866,Spring,0.7101
55867,Summer,0.577
55868,Spring,0.9062
55869,Summer,0.5601
55870,Spring,0.9443
55871,Spring,0.9898
55872,Spring,0.9294
55873,Spring,0.9954
55874,Spring,0.992
55875,Spring,0.985
55876,Spring,0.9859
55877,Spring,0.9705
55878,Spring,0.9933
55879,Spring,0.9873
55880,Spring,0.976
55881,Spring,0.9827
55882,Spring,0.9962
55883,Summer,0.6228
55884,Spring,0.9855
55885,Spring,0.9575
55886,Spring,0.9534
55887,Spring,0.9886
55888,Spring,0.9879
55889,Spring,0.7703
55890,Spring,0.8971
55891,Spring,0.8684
55892,Spring,0.985
55893,Spring,0.8581
55894,Spring,0.5485
55895,Spring,0.9359
55896,Spring,0.9175
55897,Spring,0.9407
55898,Spring,0.8745
55899,Spring,0.9486
55900,Spring,0.993
55901,Summer,0.7521
55902,Spring,0.4528
55903,Spring,0.9909
55904,Spring,0.7556
55905,Spring,0.8195
55906,Spring,0.9957
55907,Spring,0.9875
55909,Spring,0.9829
55910,Spring,0.9929
55911,Spring,0.9997
55912,Spring,0.9984
55913,Spring,0.9304
55914,Spring,0.9875
55915,Spring,0.9856
55916,Spring,0.9344
55917,Spring,0.9996
55918,Spring,0.982
55919,Spring,0.96
55920,Spring,0.9984
55921,Spring,0.9949
55922,Spring,0.9011
55923,Spring,0.8873
55924,Spring,0.9895
55925,Spring,0.977
55926,Spring,0.9984
55927,Spring,0.9871
55928,Spring,0.5442
55929,Spring,0.9923
55930,Spring,0.9862
55931,Spring,0.9882
55932,Spring,0.9966
55933,Spring,0.9761
55935,Spring,0.9965
55936,Spring,0.9637
55937,Spring,0.8666
55938,Spring,0.9802
55939,Spring,0.9837
55940,Spring,0.6555
55941,Spring,0.9875
55942,Spring,0.9844
55943,Spring,0.9961
55944,Spring,0.9896
55945,Spring,0.973
55946,Spring,0.9822
55947,Spring,0.9932
55948,Spring,0.9926
55949,Spring,0.9807
55950,Spring,0.9713
55951,Spring,0.9899
55952,Spring,0.9967
55953,Spring,0.9956
55954,Spring,0.9433
55955,Spring,0.9256
55956,Spring,0.9783
55957,Spring,0.7444
55958,Summer,0.3749
55959,Spring,0.7443
55960,Spring,0.7351
55961,Spring,0.7886
55962,Summer,0.366
55963,Spring,0.8818
55964,Spring,0.5175
55965,Winter,0.4349
55966,Winter,0.5655
55967,Winter,0.4688
55968,Winter,0.4059
55969,Winter,0.4892
55970,Summer,0.4742
55971,Winter,0.44
55972,Summer,0.3491
55973,Winter,0.5299
55974,Winter,0.5168
55975,Winter,0.4293
55976,Summer,0.4215
55977,Summer,0.6946
55978,Winter,0.3742
55979,Summer,0.4143
55980,Winter,0.4276
55981,Winter,0.4875
55982,Winter,0.3785
55983,Winter,0.5625
55984,Winter,0.4497
55985,Winter,0.5765
55986,Winter,0.4761
55987,Winter,0.4473
55988,Winter,0.5021
55989,Spring,0.5654
55990,Winter,0.4233
55991,Winter,0.3912
55992,Winter,0.5024
55993,Winter,0.5254
55994,Winter,0.4904
55995,Winter,0.4554
55996,Winter,0.6074
55997,Winter,0.5104
55998,Winter,0.4686
55999,Winter,0.4473
56000,Winter,0.4656
56001,Winter,0.5273
56002,Winter,0.4965
56003,Winter,0.4787
56004,Winter,0.4977
56005,Winter,0.4457
56006,Winter,0.3945
56007,Winter,0.4789
56008,Summer,0.4176
56009,Summer,0.3675
56010,Winter,0.4168
56011,Winter,0.4138
56012,Winter,0.416
56013,Winter,0.4473
56014,Winter,0.4561
56015,Winter,0.4361
56016,Summer,0.5843
56017,Winter,0.4338
56018,Winter,0.4512
56019,Summer,0.4368
56020,Winter,0.5775
56021,Winter,0.4668
56022,Winter,0.4332
56023,Winter,0.4632
56024,Winter,0.4526
56025,Winter,0.4391
56026,Winter,0.4413
56027,Winter,0.598
56028,Winter,0.4478
56029,Winter,0.4875
56030,Winter,0.4944
56031,Winter,0.4847
56032,Winter,0.473
56033,Winter,0.4391
56034,Winter,0.4354
56035,Winter,0.4237
56036,Winter,0.4217
56037,Winter,0.4122
56038,Winter,0.4933
56039,Summer,0.4065
56040,Spring,0.8683
56041,Spring,0.9951
56042,Spring,0.9919
56043,Spring,0.9929
56044,Spring,0.9896
56045,Spring,0.9516
56046,Spring,0.9547
56047,Spring,0.9902
56048,Spring,0.9767
56049,Spring,0.9856
56050,Spring,0.9933
56051,Spring,0.9982
56052,Spring,0.9928
56053,Spring,0.9977
56054,Spring,0.9782
56055,Spring,0.9967
56056,Spring,0.9964
56057,Spring,0.9956
56058,Spring,0.997
56059,Spring,0.9982
56060,Spring,0.9866
56061,Spring,0.9902
56062,Spring,0.9998
56063,Spring,0.9592
56064,Spring,0.9991
56065,Spring,0.9969
56066,Spring,0.4817
56067,Spring,0.7753
56068,Spring,0.9803
56069,Summer,0.4624
56070,Spring,0.9964
56071,Winter,0.384
56072,Winter,0.5222
56073,Spring,0.9917
56074,Spring,0.9897
56075,Spring,0.9916
56076,Winter,0.4613
56077,Spring,0.9926
56078,Spring,0.9707
56079,Spring,0.9973
56080,Spring,0.9987
56081,Spring,0.9979
56082,Spring,0.9784
56083,Spring,0.9994
56084,Spring,0.9976
56085,Spring,0.9953
56086,Spring,0.9994
56087,Spring,0.9996
56088,Spring,0.9944
56089,Spring,0.994
56090,Spring,0.9817
56091,Spring,0.9986
56092,Spring,0.9995
56093,Spring,0.9998
56094,Spring,0.9993
56095,Spring,0.997
56096,Spring,0.9991
56097,Spring,0.9953
56098,Spring,0.999
56099,Spring,0.9988
56100,Spring,0.9992
56101,Spring,0.9997
56102,Spring,0.9927
56103,Spring,0.9926
56104,Spring,0.9893
56105,Spring,0.9979
56106,Spring,0.9887
56107,Spring,0.9985
56108,Spring,0.9989
56109,Summer,0.4989
56110,Winter,0.3956
56111,Winter,0.521
56112,Winter,0.3836
56113,Winter,0.4108
56114,Summer,0.4708
56115,Winter,0.4829
56116,Winter,0.488
56117,Winter,0.444
56118,Spring,0.4934
56119,Spring,0.5952
56120,Spring,0.7066
56121,Spring,0.9491
56122,Spring,0.9992
56123,Spring,0.9995
56124,Spring,0.9993
56125,Winter,0.52
56126,Summer,0.4726
56127,Spring,0.998
56128,Spring,0.9991
56129,Spring,0.9637
56133,Spring,0.9995
56134,Spring,0.9987
56135,Winter,0.6933
56136,Winter,0.7025
56137,Winter,0.6024
56138,Winter,0.8342
56139,Winter,0.7452
56140,Winter,0.6207
56141,Winter,0.8672
56142,Winter,0.5802
56143,Summer,0.475
56144,Summer,0.4018
56145,Fall,0.5494
56146,Summer,0.4765
56147,Summer,0.3953
56148,Summer,0.416
56149,Spring,0.5364
56150,Spring,0.991
56151,Spring,0.981
56152,Winter,0.7185
56153,Winter,0.5266
56154,Winter,0.4903
56155,Spring,0.9853
56156,Winter,0.4266
56157,Winter,0.4903
56158,Spring,0.9864
56159,Spring,0.5272
56160,Spring,0.549
56161,Summer,0.3158
56162,Spring,0.992
56164,Spring,0.9936
56165,Spring,0.9792
56166,Spring,0.9994
56167,Spring,0.9924
56168,Spring,0.9718
56170,Spring,0.9966
56171,Spring,0.996
56172,Spring,0.9234
56173,Spring,0.9818
56174,Spring,0.9921
56175,Spring,0.9782
56176,Spring,0.9871
56177,Spring,0.9684
56178,Spring,0.8254
56179,Spring,0.6459
56180,Spring,0.9015
56181,Winter,0.6087
56182,Winter,0.7031
56183,Winter,0.4369
56184,Winter,0.4997
56185,Winter,0.504
56186,Summer,0.3225
56187,Summer,0.3145
56188,Winter,0.311
56189,Summer,0.4279
56190,Winter,0.4607
56191,Winter,0.4183
56192,Winter,0.4316
56193,Summer,0.5894
56194,Summer,0.4333
56195,Summer,0.3592
56196,Summer,0.4884
56198,Winter,0.4386
56199,Winter,0.9966
56201,Winter,0.9951
56202,Winter,0.7369
56203,Winter,0.7854
56205,Winter,0.7739
56206,Winter,0.8521
56207,Winter,0.814
56208,Winter,0.7347
56209,Winter,0.4514
56210,Winter,0.7192
56211,Winter,0.6168
56212,Winter,0.9712
56213,Winter,0.8898
56214,Winter,0.9125
56215,Winter,0.9296
56216,Winter,0.7838
56217,Winter,0.9866
56218,Winter,0.9574
56219,Winter,0.9921
56220,Winter,0.9937
56221,Summer,0.6678
56222,Summer,0.7689
56223,Summer,0.872
56224,Summer,0.6544
56225,Summer,0.5223
56226,Summer,0.7673
56227,Summer,0.7394
56228,Summer,0.7534
56229,Summer,0.6274
56230,Summer,0.6045
56231,Summer,0.9
56232,Summer,0.8387
56233,Summer,0.7151
56234,Summer,0.8944
56235,Fall,0.4572
56236,Summer,0.6676
56237,Summer,0.7764
56238,Summer,0.7502
56239,Summer,0.8013
56240,Summer,0.8829
56241,Summer,0.7144
56243,Summer,0.5545
56244,Summer,0.8282
56245,Summer,0.6262
56247,Summer,0.6641
56248,Summer,0.7865
56249,Summer,0.7399
56250,Summer,0.8384
56251,Summer,0.671
56252,Summer,0.6207
56253,Summer,0.6566
56254,Summer,0.7531
56255,Summer,0.7785
56256,Summer,0.5894
56257,Summer,0.6601
56258,Summer,0.6246
56260,Summer,0.6197
56261,Summer,0.7625
56262,Summer,0.6262
56263,Summer,0.8918
56265,Summer,0.7509
56266,Summer,0.723
56267,Summer,0.8311
56268,Summer,0.7931
56269,Summer,0.6826
56270,Summer,0.5775
56271,Summer,0.4995
56272,Summer,0.5131
56273,Summer,0.4778
56274,Summer,0.7242
56275,Summer,0.4942
56276,Summer,0.6647
56277,Summer,0.3959
56278,Summer,0.5431
56279,Summer,0.499
56280,Summer,0.4552
56281,Summer,0.5764
56282,Summer,0.683
56283,Summer,0.6157
56284,Summer,0.5433
56285,Summer,0.5871
56286,Summer,0.4749
56287,Summer,0.6033
56288,Summer,0.3663
56289,Summer,0.4446
56290,Summer,0.6974
56291,Summer,0.8293
56292,Summer,0.4491
56293,Summer,0.3934
56294,Summer,0.5904
56295,Summer,0.3955
56296,Summer,0.7757
56297,Summer,0.7916
56298,Summer,0.4406
56299,Summer,0.4367
56300,Summer,0.719
56301,Summer,0.4307
56302,Summer,0.5034
56303,Summer,0.7948
56304,Summer,0.7791
56305,Summer,0.7433
56306,Summer,0.4744
56307,Summer,0.596
56308,Summer,0.8001
56309,Summer,0.8098
56310,Summer,0.5997
56311,Summer,0.5577
56312,Winter,0.9653
56313,Winter,0.9999
56314,Winter,0.994
56315,Winter,0.8684
56316,Winter,0.9693
56317,Winter,0.9334
56318,Winter,0.9736
56319,Winter,0.9753
56320,Winter,0.9967
56321,Winter,0.9991
56322,Winter,0.8693
56323,Winter,0.9979
56324,Winter,0.9945
56326,Winter,0.9819
56327,Winter,0.9994
56329,Winter,0.9971
56330,Winter,0.9988
56331,Winter,0.9777
56332,Winter,0.9935
56333,Winter,0.9919
56335,Winter,0.9905
56336,Winter,0.9909
56337,Winter,0.9995
56338,Winter,0.9935
56339,Winter,0.9886
56340,Winter,0.994
56341,Winter,0.9977
56342,Winter,0.9954
56343,Winter,0.7883
56344,Winter,0.9354
56346,Winter,0.9919
56348,Winter,0.9997
56349,Spring,0.9999
56351,Spring,0.9999
56352,Spring,0.9999
56353,Spring,0.9999
56354,Spring,0.9999
56355,Spring,0.9998
56356,Spring,0.9993
56359,Spring,0.7682
56360,Spring,0.9681
56361,Spring,0.9757
56362,Spring,0.9987
56363,Spring,0.9999
56364,Spring,0.999
56365,Spring,0.9984
56366,Spring,0.9983
56367,Spring,0.9956
56368,Spring,1.0
56375,Spring,1.0
56376,Spring,0.9973
56377,Spring,0.9846
56378,Spring,0.9988
56379,Spring,0.9401
56380,Spring,0.9454
56381,Spring,0.9836
56385,Spring,0.9999
56386,Spring,0.9996
56388,Spring,0.9966
56389,Spring,0.5178
56390,Spring,0.9772
56391,Spring,0.9204
56392,Spring,0.7423
56393,Spring,0.9994
56394,Spring,0.9961
56395,Spring,0.9991
56402,Winter,0.7609
56403,Winter,0.8242
56404,Winter,0.6857
56405,Winter,0.8453
56406,Winter,0.8456
56407,Winter,0.7441
56410,Winter,0.3644
56411,Winter,0.6036
56412,Winter,0.4667
56413,Winter,0.6364
56414,Winter,0.4612
56415,Winter,0.4055
56416,Summer,0.4093
56417,Summer,0.5593
56418,Summer,0.375
56419,Summer,0.6262
56420,Summer,0.5957
56421,Summer,0.5594
56422,Summer,0.5922
56423,Summer,0.4029
56424,Winter,0.4875
56425,Summer,0.3908
56427,Summer,0.3174
56428,Summer,0.3941
56429,Winter,0.5065
56432,Spring,0.7046
56436,Spring,0.9994
56440,Spring,0.9999
56443,Spring,0.9971
56444,Spring,0.9734
56446,Spring,0.9092
56447,Spring,0.9971
56448,Spring,1.0
56450,Spring,0.9999
56451,Spring,0.9997
56452,Spring,0.9971
56454,Spring,0.9996
56455,Spring,0.9999
56456,Spring,0.9999
56458,Spring,0.9961
56460,Spring,0.9846
56461,Spring,0.9991
56462,Spring,0.9972
56463,Spring,0.96
56464,Spring,0.9999
56465,Spring,0.9929
56466,Spring,0.9995
56467,Spring,1.0
56468,Spring,0.9999
56469,Spring,0.9927
56470,Spring,0.999
56471,Spring,0.9999
56472,Spring,0.9574
56473,Spring,0.9996
56474,Spring,0.4212
56475,Spring,0.9988
56476,Spring,0.9988
56477,Spring,0.9969
56478,Spring,0.9999
56479,Spring,0.997
56480,Spring,0.9999
56481,Spring,0.9994
56482,Spring,0.9764
56483,Spring,0.9794
56484,Spring,0.9948
56485,Spring,0.9987
56486,Spring,0.9803
56488,Spring,0.9999
56489,Spring,0.9953
56490,Spring,0.9845
56491,Spring,0.9938
56492,Spring,0.9795
56493,Spring,0.9874
56494,Spring,0.9954
56495,Spring,0.9909
56496,Spring,0.9153
56497,Spring,0.8362
56498,Spring,0.9529
56499,Spring,0.9933
56500,Spring,0.9857
56501,Spring,0.9957
56502,Spring,0.8383
56503,Spring,0.9862
56504,Spring,0.9998
56505,Spring,0.9823
56506,Spring,0.9998
56507,Spring,0.9998
56508,Spring,0.3816
56509,Spring,0.3903
56511,Spring,0.4076
56512,Spring,0.4637
56513,Summer,0.3034
56515,Spring,0.9715
56516,Spring,0.9715
56517,Spring,0.4375
56518,Spring,0.9808
56519,Spring,0.5928
56520,Spring,0.9594
56521,Spring,0.9747
56522,Spring,0.9677
56523,Spring,0.9619
56524,Spring,0.9659
56525,Spring,0.9724
56526,Spring,0.9775
56527,Spring,0.8182
56528,Spring,0.8338
56529,Spring,0.9614
56530,Spring,0.9691
56531,Spring,0.9778
56532,Spring,0.9695
56533,Spring,0.9831
56534,Spring,0.9658
56535,Spring,0.9541
56536,Spring,0.9542
56537,Spring,0.9668
56539,Spring,0.9747
56540,Spring,0.9749
56541,Spring,0.9781
56542,Spring,0.9995
56543,Spring,0.937
56544,Spring,0.9943
56545,Spring,0.9823
56546,Spring,0.8527
56547,Spring,0.9937
56548,Spring,0.9989
56549,Spring,0.9989
56550,Spring,0.9978
56551,Spring,0.9996
56553,Spring,0.999
56554,Spring,0.9986
56555,Spring,0.9951
56556,Spring,0.9994
56558,Spring,0.9987
56559,Spring,0.9984
56560,Spring,0.997
56561,Spring,0.9991
56562,Spring,0.9993
56563,Spring,0.9992
56564,Spring,0.9989
56565,Spring,0.9984
56566,Spring,0.9921
56568,Spring,0.9129
56569,Spring,0.9631
56570,Spring,0.9631
56571,Spring,0.473
56572,Spring,0.5312
56573,Spring,0.4629
56574,Spring,0.6907
56575,Summer,0.4827
56576,Summer,0.4449
56579,Spring,0.936
56580,Winter,0.6674
56581,Winter,0.6673
56582,Winter,0.7869
56583,Spring,0.9858
56584,Spring,0.8949
56585,Spring,0.9301
56588,Spring,0.9911
56590,Spring,0.9483
56591,Spring,0.5586
56592,Summer,0.6043
56593,Spring,0.4252
56594,Spring,0.9981
56597,Spring,0.9975
56598,Spring,0.9976
56599,Spring,0.9962
56600,Spring,0.9993
56601,Spring,0.9488
56602,Spring,0.8536
56603,Spring,0.9542
56604,Spring,0.9951
56605,Spring,0.9982
56606,Winter,0.7393
56607,Winter,0.5123
56608,Winter,0.5402
56609,Summer,0.4311
56610,Summer,0.4284
56611,Summer,0.47
56612,Summer,0.513
56613,Summer,0.497
56614,Summer,0.5036
56615,Winter,0.4582
56616,Winter,0.4455
56617,Summer,0.5808
56618,Summer,0.5881
56619,Winter,0.4074
56620,Summer,0.5359
56622,Spring,0.9375
56624,Spring,0.9715
56626,Spring,0.3388
56627,Spring,0.9974
56631,Spring,0.9867
56632,Spring,0.9966
56634,Spring,0.9609
56638,Summer,0.8397
56639,Summer,0.9379
56640,Summer,0.942
56642,Summer,0.9167
56643,Summer,0.9009
56646,Summer,0.8271
56647,Summer,0.6456
56649,Summer,0.9299
56650,Summer,0.8083
56651,Summer,0.7908
56652,Winter,0.5445
56653,Spring,0.2885
56654,Summer,0.3138
56655,Winter,0.6737
56656,Winter,0.361
56657,Summer,0.534
56658,Summer,0.4199
56659,Winter,0.335
56660,Winter,0.7783
56661,Winter,0.6052
56662,Winter,0.4206
56663,Winter,0.7758
56664,Winter,0.7048
56665,Winter,0.6378
56666,Summer,0.328
56667,Winter,0.9736
56668,Winter,0.9984
56669,Winter,0.9975
56670,Winter,0.9715
56671,Winter,0.997
56672,Winter,0.9921
56673,Winter,0.7381
56674,Winter,0.9439
56675,Winter,0.7783
56676,Winter,0.9684
56677,Winter,0.9872
56678,Winter,0.9985
56679,Winter,0.8183
56680,Winter,0.7897
56681,Winter,0.9997
56682,Winter,0.9949
56684,Summer,0.711
56685,Summer,0.5509
56686,Summer,0.5875
56687,Summer,0.8217
56688,Summer,0.857
56689,Summer,0.891
56691,Summer,0.7943
56692,Summer,0.6965
56693,Summer,0.8086
56694,Summer,0.7932
56695,Summer,0.7571
56696,Summer,0.7738
56697,Summer,0.4855
56698,Summer,0.808
56699,Summer,0.7372
56700,Summer,0.7729
56701,Summer,0.5762
56702,Summer,0.7487
56703,Summer,0.7583
56704,Summer,0.7875
56705,Summer,0.8779
56709,Summer,0.839
56711,Summer,0.9277
56713,Summer,0.9211
56714,Summer,0.8557
56715,Summer,0.9224
56718,Summer,0.6899
56720,Summer,0.4178
56721,Summer,0.373
56722,Summer,0.4105
56723,Fall,0.4357
56724,Winter,0.465
56725,Summer,0.7731
56733,Summer,0.7846
56734,Summer,0.8561
56736,Summer,0.6979
56752,Spring,0.4401
56753,Spring,0.6557
56765,Summer,0.5519
56769,Summer,0.3778
56770,Summer,0.4103
56771,Summer,0.5334
56787,Spring,0.3704
56795,Summer,0.3562
56798,Summer,0.3187
56805,Summer,0.7482
56806,Summer,0.9298
56807,Summer,0.9139
56808,Summer,0.804
56809,Summer,0.9405
56810,Summer,0.7879
56811,Summer,0.9062
56812,Summer,0.9097
56813,Summer,0.9128
56814,Summer,0.9384
56815,Summer,0.8663
56816,Summer,0.7648
56817,Summer,0.7086
56818,Summer,0.6485
56819,Summer,0.7526
56820,Spring,0.5409
56821,Summer,0.3439
56822,Summer,0.7124
56825,Summer,0.5348
56827,Fall,0.4133
56828,Summer,0.3992
56829,Fall,0.4412
56843,Summer,0.6071
56844,Summer,0.3991
56845,Spring,0.3541
56846,Fall,0.4794
56847,Summer,0.7566
56849,Summer,0.3644
56850,Summer,0.3897
56852,Fall,0.4972
56854,Summer,0.4184
56855,Summer,0.6197
56856,Summer,0.3514
56857,Spring,0.3372
56858,Winter,0.4156
56859,Winter,0.8306
56860,Winter,0.8354
56861,Winter,0.6511
56862,Winter,0.8199
56863,Winter,0.8315
56864,Winter,0.8786
56865,Winter,0.4914
56866,Winter,0.5019
56867,Winter,0.5428
56868,Winter,0.6225
56869,Winter,0.5634
56870,Winter,0.5314
56871,Winter,0.6599
56872,Winter,0.6194
56873,Winter,0.6584
56874,Winter,0.3398
56875,Winter,0.9446
56876,Winter,0.8197
56877,Winter,0.8896
56878,Winter,0.7408
56879,Winter,0.9484
56880,Winter,0.9314
56881,Winter,0.929
56882,Winter,0.8967
56883,Winter,0.8221
56884,Winter,0.9302
56885,Winter,0.9727
56886,Winter,0.9283
56887,Winter,0.9714
56888,Winter,0.7858
56889,Winter,0.7507
56890,Winter,0.8206
56891,Winter,0.8471
56893,Winter,0.5864
56894,Winter,0.532
56895,Winter,0.5776
56896,Winter,0.929
56897,Winter,0.8208
56898,Winter,0.6704
56899,Winter,0.722
56900,Winter,0.9139
56901,Winter,0.8964
56902,Winter,0.9364
56903,Winter,0.8709
56904,Winter,0.7884
56905,Winter,0.8353
56906,Winter,0.8128
56907,Winter,0.9321
56908,Winter,0.8262
56909,Winter,0.6578
56910,Winter,0.7369
56911,Winter,0.7834
56912,Winter,0.8189
56913,Winter,0.5607
56914,Winter,0.9388
56915,Winter,0.9174
56916,Winter,0.8748
56917,Winter,0.9157
56918,Winter,0.9068
56919,Winter,0.9555
56920,Winter,0.937
56921,Winter,0.9054
56922,Winter,0.7191
56923,Winter,0.899
56924,Winter,0.8692
56925,Winter,0.7912
56926,Winter,0.8495
56927,Winter,0.8279
56928,Winter,0.8465
56929,Winter,0.6616
56930,Winter,0.7015
56931,Winter,0.797
56932,Winter,0.8115
56933,Winter,0.5714
56934,Winter,0.7369
56935,Winter,0.6971
56936,Winter,0.6943
56937,Winter,0.6517
56938,Winter,0.7776
56939,Winter,0.9212
56940,Winter,0.8753
56941,Winter,0.7674
56942,Winter,0.866
56943,Winter,0.7591
56944,Winter,0.9046
56945,Winter,0.9451
56946,Winter,0.8629
56947,Winter,0.8885
56948,Winter,0.8192
56949,Winter,0.8913
56950,Winter,0.887
56951,Winter,0.8869
56952,Winter,0.7252
56953,Winter,0.7419
56954,Winter,0.7413
56955,Winter,0.7967
56956,Winter,0.6433
56957,Winter,0.696
56958,Winter,0.7511
56959,Winter,0.85
56960,Winter,0.6969
56961,Winter,0.8011
56962,Winter,0.7378
56963,Winter,0.8479
56964,Winter,0.5789
56965,Winter,0.6871
56966,Winter,0.7706
56967,Winter,0.7254
56968,Winter,0.8101
56969,Winter,0.8458
56970,Winter,0.8649
56971,Winter,0.9609
56972,Winter,0.8838
56973,Winter,0.826
56974,Winter,0.8289
56975,Winter,0.7865
56976,Winter,0.899
56977,Winter,0.9169
56978,Winter,0.8432
56979,Winter,0.7606
56980,Winter,0.7952
56981,Winter,0.8144
56982,Winter,0.8338
56983,Winter,0.6475
56984,Winter,0.7713
56985,Winter,0.9325
56986,Winter,0.9485
56987,Winter,0.9255
56988,Winter,0.7969
56989,Winter,0.8392
56990,Winter,0.8172
56991,Winter,0.9147
56992,Winter,0.5172
56993,Winter,0.7371
56994,Winter,0.8014
56995,Winter,0.8145
56996,Winter,0.4621
56997,Winter,0.5611
56998,Winter,0.6422
56999,Winter,0.5537
57000,Winter,0.7215
57001,Winter,0.6835
57002,Winter,0.4467
57003,Winter,0.9022
57004,Winter,0.6419
57005,Winter,0.8533
57006,Winter,0.7412
57007,Winter,0.7138
57008,Winter,0.7582
57009,Winter,0.6418
57010,Winter,0.7521
57011,Winter,0.6336
57012,Winter,0.7468
57013,Winter,0.8919
57014,Winter,0.8498
57015,Summer,0.7849
57016,Winter,0.5499
57017,Summer,0.7893
57018,Summer,0.8283
57019,Summer,0.8729
57021,Summer,0.6414
57022,Summer,0.8672
57023,Summer,0.5565
57024,Summer,0.697
57025,Summer,0.736
57026,Summer,0.7228
57027,Summer,0.7862
57028,Summer,0.7027
57029,Summer,0.6654
57030,Summer,0.7853
57031,Summer,0.789
57032,Summer,0.8321
57033,Summer,0.5397
57034,Summer,0.8058
57035,Summer,0.905
57036,Summer,0.8533
57037,Summer,0.9501
57038,Summer,0.8748
57039,Summer,0.8755
57040,Summer,0.8289
57041,Summer,0.8185
57042,Summer,0.7532
57043,Summer,0.585
57044,Summer,0.8612
57045,Summer,0.8333
57046,Summer,0.9333
57047,Summer,0.7649
57048,Summer,0.95
57049,Summer,0.9218
57050,Summer,0.9236
57051,Summer,0.6794
57052,Summer,0.8702
57053,Summer,0.8897
57054,Summer,0.8241
57055,Summer,0.883
57056,Summer,0.8995
57057,Summer,0.931
57058,Summer,0.9294
57059,Summer,0.9084
57060,Summer,0.8109
57061,Summer,0.9003
57062,Summer,0.753
57063,Fall,0.6629
57064,Summer,0.5686
57065,Summer,0.7168
57066,Summer,0.71
57067,Summer,0.6746
57068,Summer,0.58
57069,Summer,0.7959
57070,Summer,0.5791
57071,Summer,0.355
57072,Summer,0.7293
57073,Summer,0.6097
57074,Summer,0.6202
57075,Summer,0.3282
57076,Summer,0.5578
57077,Summer,0.6109
57078,Summer,0.8335
57079,Summer,0.9194
57080,Summer,0.7719
57081,Summer,0.7794
57082,Summer,0.7179
57083,Summer,0.6939
57084,Summer,0.8487
57085,Summer,0.5894
57086,Summer,0.7702
57087,Summer,0.8417
57088,Summer,0.7968
57089,Summer,0.7031
57090,Summer,0.6174
57091,Summer,0.8438
57092,Summer,0.8627
57093,Summer,0.7235
57094,Summer,0.7294
57095,Summer,0.8403
57096,Summer,0.653
57097,Summer,0.7071
57099,Summer,0.9155
57100,Summer,0.808
57101,Summer,0.8675
57102,Fall,0.6745
57103,Summer,0.8364
57104,Summer,0.8738
57105,Summer,0.7005
57106,Summer,0.8283
57107,Summer,0.6055
57108,Summer,0.5085
57109,Summer,0.8358
57110,Summer,0.6586
57111,Summer,0.9572
57112,Summer,0.779
57114,Summer,0.8265
57115,Summer,0.8349
57116,Summer,0.845
57117,Summer,0.942
57118,Summer,0.826
57119,Summer,0.9394
57120,Summer,0.8682
57121,Summer,0.5298
57122,Summer,0.8926
57123,Summer,0.8883
57124,Summer,0.8064
57125,Summer,0.7891
57126,Summer,0.77
57127,Summer,0.8572
57128,Summer,0.6627
57129,Summer,0.8869
57130,Summer,0.9243
57131,Summer,0.6592
57132,Summer,0.707
57133,Summer,0.6925
57134,Summer,0.7585
57135,Summer,0.6731
57136,Summer,0.7352
57137,Summer,0.6547
57138,Summer,0.6414
57139,Fall,0.3856
57140,Summer,0.6587
57141,Summer,0.431
57142,Summer,0.853
57143,Summer,0.7723
57144,Summer,0.8525
57145,Summer,0.8647
57146,Summer,0.7768
57147,Summer,0.5249
57148,Summer,0.904
57149,Summer,0.8493
57150,Summer,0.8385
57151,Summer,0.7887
57152,Summer,0.8666
57153,Summer,0.8453
57154,Summer,0.8497
57155,Summer,0.8409
57156,Summer,0.6983
57157,Summer,0.4515
57158,Summer,0.9105
57159,Summer,0.9206
57160,Summer,0.8576
57161,Summer,0.9041
57162,Summer,0.8477
57163,Summer,0.8756
57164,Summer,0.719
57165,Summer,0.4844
57166,Summer,0.852
57167,Summer,0.9252
57168,Summer,0.8514
57169,Summer,0.8346
57170,Summer,0.6403
57171,Summer,0.8354
57172,Summer,0.8431
57173,Summer,0.8973
57174,Summer,0.8422
57175,Summer,0.8733
57176,Summer,0.8331
57177,Summer,0.825
57178,Summer,0.7913
57179,Summer,0.781
57180,Summer,0.8116
57181,Summer,0.8525
57182,Summer,0.9425
57183,Summer,0.8828
57184,Summer,0.957
57185,Summer,0.9307
57186,Summer,0.9489
57187,Summer,0.9133
57188,Summer,0.908
57189,Summer,0.9639
57190,Summer,0.8695
57191,Summer,0.7546
57192,Summer,0.8614
57193,Summer,0.9238
57194,Summer,0.8295
57195,Summer,0.735
57196,Summer,0.8994
57197,Summer,0.9186
57198,Summer,0.8528
57199,Summer,0.9246
57200,Summer,0.9352
57201,Summer,0.8345
57202,Summer,0.8614
57203,Summer,0.7998
57204,Summer,0.672
57205,Summer,0.8334
57207,Summer,0.8214
57208,Summer,0.5221
57209,Summer,0.6895
57210,Summer,0.4621
57211,Summer,0.8049
57212,Summer,0.4969
57213,Summer,0.5523
57214,Summer,0.813
57215,Summer,0.5678
57216,Summer,0.5731
57217,Summer,0.627
57218,Summer,0.7372
57225,Winter,0.7002
57226,Winter,0.4832
57229,Winter,0.7928
57230,Winter,0.5269
57231,Winter,0.536
57235,Summer,0.4214
57236,Winter,0.4491
57237,Winter,0.4559
57238,Winter,0.5579
57239,Winter,0.5443
57240,Winter,0.6588
57241,Winter,0.701
57242,Winter,0.5024
57243,Winter,0.7792
57244,Winter,0.5414
57246,Winter,0.7889
57247,Winter,0.7756
57252,Winter,0.4847
57253,Winter,0.5448
57254,Winter,0.7003
57255,Summer,0.4046
57256,Summer,0.6541
57258,Summer,0.6295
57259,Winter,0.6518
57261,Winter,0.6748
57262,Winter,0.6271
57263,Winter,0.6986
57264,Winter,0.7685
57266,Winter,0.8045
57268,Spring,0.3242
57273,Spring,0.4437
57274,Summer,0.3974
57275,Summer,0.5201
57276,Summer,0.7187
57277,Summer,0.7574
57280,Summer,0.5041
57281,Summer,0.7655
57282,Summer,0.8771
57283,Summer,0.6311
57284,Summer,0.8002
57285,Summer,0.8169
57286,Summer,0.6869
57287,Summer,0.6616
57288,Summer,0.7806
57289,Summer,0.605
57290,Summer,0.6342
57291,Summer,0.6825
57292,Summer,0.7616
57293,Summer,0.8588
57294,Summer,0.6911
57295,Summer,0.6422
57296,Summer,0.6754
57297,Summer,0.7178
57298,Winter,0.9225
57299,Winter,0.8829
57300,Winter,0.9682
57301,Winter,0.9427
57302,Winter,0.7946
57303,Winter,0.7754
57304,Winter,0.9534
57305,Winter,0.8623
57306,Winter,0.9689
57307,Winter,0.9328
57308,Winter,0.7656
57309,Winter,0.8727
57310,Summer,0.5087
57311,Summer,0.6179
57312,Summer,0.6656
57313,Summer,0.4657
57316,Summer,0.657
57318,Summer,0.6065
57319,Summer,0.5936
57320,Summer,0.5514
57321,Summer,0.4321
57322,Summer,0.6615
57323,Summer,0.6053
57324,Summer,0.5053
57325,Summer,0.5556
57326,Winter,0.3477
57327,Summer,0.3698
57328,Summer,0.6113
57329,Summer,0.6778
57330,Summer,0.6332
57331,Summer,0.5969
57333,Summer,0.5077
57334,Summer,0.7961
57335,Summer,0.5471
57336,Summer,0.4917
57338,Summer,0.4857
57339,Summer,0.5584
57340,Summer,0.7374
57342,Winter,0.4838
57343,Summer,0.4572
57344,Summer,0.4856
57345,Summer,0.4531
57346,Summer,0.5008
57347,Summer,0.5994
57348,Summer,0.42
57349,Summer,0.6644
57350,Summer,0.5986
57351,Summer,0.535
57352,Summer,0.5887
57353,Summer,0.6059
57354,Summer,0.4518
57355,Summer,0.6685
57356,Summer,0.5
57357,Winter,0.3734
57358,Winter,0.4547
57359,Summer,0.6125
57360,Summer,0.4622
57361,Summer,0.6777
57362,Summer,0.4332
57363,Summer,0.4919
57365,Summer,0.8096
57366,Summer,0.8694
57367,Summer,0.9113
57368,Summer,0.8036
57369,Summer,0.8699
57370,Summer,0.8457
57371,Summer,0.8855
57372,Summer,0.8445
57373,Summer,0.7882
57374,Summer,0.8966
57375,Summer,0.8052
57376,Winter,0.4426
57378,Summer,0.8694
57379,Summer,0.8053
57380,Summer,0.7882
57382,Winter,0.499
57383,Summer,0.398
57384,Summer,0.5488
57388,Winter,0.6865
57389,Summer,0.6098
57390,Summer,0.4145
57391,Summer,0.5207
57392,Summer,0.5092
57393,Winter,0.4557
57395,Summer,0.8343
57397,Summer,0.7587
57398,Summer,0.8788
57399,Summer,0.838
57400,Summer,0.8796
57401,Summer,0.7969
57402,Summer,0.8936
57403,Summer,0.8485
57404,Summer,0.7817
57405,Summer,0.8744
57406,Summer,0.8299
57407,Summer,0.8214
57408,Summer,0.7756
57409,Summer,0.7902
57410,Summer,0.8277
57411,Summer,0.8464
57412,Summer,0.7849
57413,Summer,0.8593
57414,Summer,0.8594
57415,Summer,0.7783
57416,Summer,0.5343
57418,Summer,0.8764
57419,Summer,0.7155
57420,Summer,0.7489
57421,Summer,0.8991
57422,Summer,0.8482
57423,Summer,0.7181
57424,Summer,0.9357
57425,Summer,0.8651
57426,Summer,0.8828
57427,Summer,0.9082
57428,Summer,0.8781
57429,Summer,0.9443
57430,Summer,0.8764
57431,Summer,0.7626
57432,Summer,0.8968
57433,Summer,0.9289
57434,Summer,0.8533
57435,Summer,0.9475
57436,Summer,0.9347
57437,Summer,0.748
57438,Summer,0.8896
57439,Summer,0.9415
57440,Summer,0.94
57441,Summer,0.7983
57442,Summer,0.8856
57443,Summer,0.9456
57444,Summer,0.7468
57445,Summer,0.8742
57446,Summer,0.6051
57447,Summer,0.6627
57448,Summer,0.8976
57449,Summer,0.8308
57450,Summer,0.9277
57457,Winter,0.5052
57458,Summer,0.4881
57459,Summer,0.4727
57462,Summer,0.5065
57463,Winter,0.4434
57466,Summer,0.3942
57467,Spring,0.3602
57468,Spring,0.3335
57469,Spring,0.3943
57470,Spring,0.3178
57471,Winter,0.802
57475,Winter,0.762
57476,Winter,0.4435
57477,Summer,0.4072
57478,Summer,0.3989
57479,Summer,0.4624
57480,Spring,0.3731
57481,Summer,0.321
57482,Summer,0.3206
57483,Spring,0.351
57484,Spring,0.317
57487,Winter,0.3986
57488,Winter,0.488
57489,Winter,0.4754
57490,Winter,0.5926
57491,Winter,0.5064
57492,Winter,0.6533
57493,Winter,0.4546
57494,Winter,0.4999
57495,Winter,0.3179
57496,Winter,0.3395
57497,Winter,0.6577
57498,Winter,0.3502
57499,Winter,0.4023
57500,Winter,0.7375
57501,Winter,0.569
57502,Winter,0.5976
57503,Winter,0.517
57504,Winter,0.3534
57505,Winter,0.4075
57506,Winter,0.4826
57507,Winter,0.5403
57508,Winter,0.3489
57509,Winter,0.3592
57510,Winter,0.4477
57511,Winter,0.4975
57512,Winter,0.4063
57513,Winter,0.5147
57514,Winter,0.5299
57515,Winter,0.5749
57516,Winter,0.5643
57517,Winter,0.6931
57518,Winter,0.6387
57519,Winter,0.4039
57520,Winter,0.2952
57521,Winter,0.4349
57522,Winter,0.3798
57523,Winter,0.7524
57524,Winter,0.3636
57525,Winter,0.559
57526,Spring,0.2904
57527,Winter,0.394
57528,Winter,0.4908
57529,Winter,0.5354
57530,Winter,0.4147
57531,Winter,0.6995
57532,Spring,0.2891
57533,Winter,0.7445
57534,Summer,0.3872
57536,Summer,0.3808
57539,Winter,0.4154
57543,Spring,0.9544
57544,Spring,0.9232
57545,Spring,0.9319
57547,Spring,0.9296
57548,Spring,0.942
57549,Spring,0.991
57550,Spring,0.9986
57552,Spring,0.9998
57553,Spring,0.9997
57554,Spring,0.9998
57555,Spring,0.9998
57556,Spring,0.9998
57557,Spring,0.9998
57558,Spring,0.9998
57559,Spring,0.9997
57560,Spring,0.8374
57561,Summer,0.3121
57562,Spring,0.7013
57563,Summer,0.3741
57566,Spring,0.6321
57567,Summer,0.5567
57568,Spring,0.5769
57569,Spring,0.9808
57570,Spring,0.9847
57571,Spring,0.7021
57572,Summer,0.4396
57573,Spring,0.9765
57574,Spring,0.5905
57575,Summer,0.3611
57576,Summer,0.3727
57577,Spring,0.706
57578,Spring,0.6344
57579,Spring,0.4955
57580,Spring,0.9288
57581,Summer,0.4218
57582,Spring,0.9251
57583,Spring,0.9638
57584,Spring,0.9435
57586,Spring,0.9264
57587,Spring,0.958
57588,Spring,0.6454
57589,Spring,0.9401
57591,Spring,0.5995
57592,Spring,0.6268
57593,Spring,0.9539
57594,Spring,0.9462
57595,Spring,0.9491
57596,Spring,0.6832
57597,Spring,0.9443
57598,Summer,0.4039
57599,Spring,0.9671
57600,Spring,0.9659
57601,Spring,0.9663
57603,Spring,0.9472
57604,Summer,0.5462
57605,Spring,0.953
57606,Spring,0.9268
57607,Spring,0.9788
57608,Spring,0.783
57609,Spring,0.9261
57610,Spring,0.9393
57611,Spring,0.5619
57613,Summer,0.5978
57614,Spring,0.8108
57615,Spring,0.537
57616,Spring,0.9887
57617,Spring,0.9007
57619,Spring,0.4869
57620,Spring,0.8324
57621,Spring,0.8162
57622,Spring,0.7199
57623,Spring,0.6481
57624,Spring,0.886
57625,Summer,0.4699
57627,Spring,0.9049
57628,Spring,0.6409
57629,Spring,0.9874
57630,Summer,0.4663
57631,Spring,0.9956
57632,Spring,0.9864
57633,Spring,0.9901
57634,Spring,0.9862
57635,Spring,0.9757
57636,Spring,0.9961
57637,Spring,0.9876
57638,Spring,0.8957
57639,Spring,0.9969
57640,Spring,0.9833
57642,Spring,0.9948
57643,Spring,0.9256
57644,Spring,0.99
57645,Spring,0.9861
57646,Spring,0.971
57647,Spring,0.9813
57649,Spring,0.9913
57650,Spring,0.9962
57651,Spring,0.9949
57652,Spring,0.9641
57653,Spring,0.9818
57654,Spring,0.9956
57655,Spring,0.9975
57656,Spring,0.9784
57657,Spring,0.9943
57658,Spring,0.9776
57660,Spring,0.994
57661,Spring,0.9908
57662,Spring,0.9904
57664,Spring,0.9989
57667,Spring,0.998
57668,Spring,0.9852
57669,Spring,0.9745
57670,Spring,0.9912
57671,Spring,0.9966
57672,Spring,0.9912
57673,Spring,0.7321
57674,Spring,0.9356
57675,Spring,0.9959
57676,Spring,0.8371
57677,Spring,0.9547
57678,Spring,0.8999
57679,Spring,0.9678
57681,Spring,0.9246
57683,Spring,0.9565
57685,Spring,0.9772
57687,Spring,0.9946
57689,Spring,0.9935
57690,Spring,0.9742
57691,Spring,0.9825
57692,Spring,0.9038
57694,Spring,0.9914
57696,Spring,0.961
57697,Spring,0.7798
57698,Winter,0.5141
57699,Spring,0.9176
57700,Summer,0.3952
57701,Spring,0.4297
57702,Spring,0.4562
57703,Spring,0.9807
57704,Spring,0.9986
57705,Spring,0.9971
57706,Winter,0.3797
57707,Spring,0.9997
57708,Spring,0.9999
57709,Spring,0.9998
57710,Spring,0.9999
57711,Spring,0.9998
57712,Spring,0.9998
57713,Spring,0.9937
57714,Spring,0.9944
57715,Spring,0.9973
57716,Spring,0.9978
57717,Spring,0.9974
57718,Spring,0.9953
57719,Spring,0.9983
57720,Spring,0.9905
57721,Spring,0.998
57724,Spring,0.9871
57725,Spring,0.9924
57727,Spring,0.9964
57728,Spring,0.954
57729,Spring,0.9372
57730,Spring,0.8385
57731,Spring,0.8267
57732,Spring,0.747
57733,Spring,0.8534
57734,Spring,0.8904
57735,Spring,0.8249
57736,Spring,0.9478
57737,Spring,0.7618
57738,Summer,0.6004
57739,Spring,0.9932
57740,Spring,0.9728
57741,Spring,0.9923
57742,Spring,0.9951
57743,Spring,0.9862
57744,Spring,0.9924
57745,Summer,0.4619
57746,Summer,0.4787
57747,Summer,0.4827
57749,Spring,0.9972
57750,Spring,0.9972
57752,Spring,0.9984
57753,Spring,0.9962
57754,Spring,0.9753
57755,Spring,0.9811
57756,Spring,0.9922
57757,Spring,0.9896
57758,Spring,0.9887
57759,Spring,0.9829
57760,Spring,0.9944
57761,Spring,0.9966
57762,Spring,0.9919
57763,Spring,0.7803
57764,Spring,0.9826
57765,Spring,0.9801
57766,Spring,0.9623
57767,Spring,0.8916
57768,Spring,0.9821
57770,Winter,0.3631
57771,Spring,0.9909
57772,Spring,0.9978
57773,Spring,0.6183
57774,Spring,0.985
57776,Spring,0.9628
57777,Spring,0.7505
57778,Summer,0.6029
57779,Summer,0.6133
57780,Spring,0.9987
57781,Summer,0.5162
57782,Winter,0.5055
57783,Spring,0.9884
57784,Winter,0.515
57785,Winter,0.496
57786,Winter,0.5419
57787,Summer,0.7268
57788,Summer,0.6452
57789,Summer,0.7561
57790,Summer,0.5872
57791,Spring,0.997
57792,Spring,0.9927
57793,Spring,0.9955
57794,Spring,0.9541
57795,Spring,0.9541
57796,Summer,0.3942
57798,Spring,0.9837
57800,Spring,0.9964
57801,Spring,0.99
57802,Winter,0.31
57803,Summer,0.3416
57804,Spring,0.9687
57805,Spring,0.8899
57810,Summer,0.9414
57811,Summer,0.9341
57812,Summer,0.8907
57815,Summer,0.799
57816,Summer,0.946
57817,Summer,0.7651
57818,Summer,0.9077
57819,Summer,0.8796
57820,Summer,0.8597
57823,Summer,0.8405
57824,Summer,0.4882
57832,Summer,0.8819
57833,Spring,0.6763
57834,Summer,0.5704
57835,Summer,0.3885
57836,Winter,0.6755
57837,Winter,0.6493
57838,Summer,0.4722
57845,Winter,0.4476
57846,Summer,0.4415
57847,Winter,0.4237
57849,Winter,0.899
57850,Winter,0.9105
57851,Fall,0.293
57852,Winter,0.8428
57853,Winter,0.7198
57854,Winter,0.876
57855,Winter,0.8486
57856,Winter,0.8885
57857,Winter,0.903
57858,Winter,0.8706
57859,Spring,0.9924
57860,Spring,0.986
57861,Spring,1.0
57862,Spring,0.9264
57863,Summer,0.5906
57864,Spring,0.9998
57865,Spring,0.9844
57866,Summer,0.5279
57867,Spring,0.9737
57868,Spring,0.9905
57869,Spring,0.5292
57870,Spring,0.9996
57871,Spring,0.9996
57872,Spring,0.7586
57873,Summer,0.5903
57874,Summer,0.6772
57875,Spring,0.991
57876,Spring,0.9963
57877,Spring,0.9832
57878,Summer,0.6268
57879,Summer,0.5523
57880,Summer,0.581
57881,Spring,0.997
57883,Spring,0.993
57884,Summer,0.4118
57885,Summer,0.477
57886,Summer,0.4341
57887,Spring,0.9151
57888,Summer,0.4888
57889,Spring,0.5047
57890,Summer,0.402
57891,Spring,0.962
57892,Summer,0.4572
57893,Summer,0.746
57894,Summer,0.6974
57895,Summer,0.7763
57896,Summer,0.8319
57897,Summer,0.9181
57898,Summer,0.8054
57899,Summer,0.5763
57906,Summer,0.6377
57907,Summer,0.3963
57908,Summer,0.6055
57909,Fall,0.2791
57910,Summer,0.5921
57911,Summer,0.7018
57912,Summer,0.5785
57913,Fall,0.4987
57914,Winter,0.5692
57915,Fall,0.4297
57916,Fall,0.4354
57917,Summer,0.6377
57918,Fall,0.3259
57919,Summer,0.3611
57920,Summer,0.6864
57921,Summer,0.6301
57922,Summer,0.8137
57923,Summer,0.5953
57924,Summer,0.8228
57925,Summer,0.7526
57930,Summer,0.5485
57931,Summer,0.819
57932,Summer,0.6337
57933,Summer,0.5781
57934,Winter,0.6558
57935,Winter,0.6156
57936,Winter,0.5625
57937,Fall,0.4424
57938,Winter,0.5602
57939,Winter,0.6937
57940,Spring,0.3404
57941,Winter,0.4473
57942,Winter,0.6354
57943,Winter,0.4079
57944,Winter,0.4804
57945,Winter,0.4679
57946,Winter,0.5229
57947,Winter,0.5391
57948,Winter,0.5098
57949,Winter,0.3896
57950,Winter,0.4907
57952,Summer,0.5433
57953,Summer,0.5139
57954,Summer,0.411
57956,Fall,0.3883
57957,Summer,0.5756
57958,Fall,0.6193
57959,Summer,0.5436
57960,Summer,0.5651
57961,Fall,0.5397
57962,Fall,0.5753
57963,Fall,0.4784
57964,Summer,0.4316
57965,Summer,0.6978
57966,Fall,0.5745
57967,Fall,0.4449
57968,Summer,0.621
57969,Summer,0.689
57970,Fall,0.7545
57971,Summer,0.5692
57972,Summer,0.6964
57973,Summer,0.6826
57974,Summer,0.7192
57975,Summer,0.7139
57976,Fall,0.5622
57980,Summer,0.6189
57981,Summer,0.8813
57982,Summer,0.9533
57983,Summer,0.8001
57985,Summer,0.9147
57986,Summer,0.9246
57987,Summer,0.9288
57988,Summer,0.8735
57989,Summer,0.9324
57990,Summer,0.9654
57991,Summer,0.7443
57992,Summer,0.9307
57993,Summer,0.9248
57994,Summer,0.8656
57995,Summer,0.9464
57996,Summer,0.9142
57997,Summer,0.9413
57998,Summer,0.8513
57999,Summer,0.8041
58000,Summer,0.9659
58001,Summer,0.9326
58002,Summer,0.888
58003,Summer,0.9537
58004,Summer,0.618
58005,Summer,0.9125
58006,Summer,0.8922
58007,Summer,0.9422
58008,Summer,0.6493
58009,Summer,0.839
58010,Summer,0.8567
58011,Summer,0.5963
58012,Summer,0.9262
58013,Summer,0.9148
58014,Summer,0.8725
58015,Summer,0.8767
58016,Winter,0.798
58017,Winter,0.9803
58018,Winter,0.9721
58020,Winter,0.9134
58022,Winter,0.5688
58023,Winter,0.4056
58024,Winter,0.7691
58027,Summer,0.482
58028,Winter,0.7393
58030,Winter,0.896
58032,Winter,0.8818
58035,Winter,0.3037
58037,Winter,0.5957
58039,Winter,0.5055
58041,Winter,0.4457
58042,Winter,0.8453
58044,Winter,0.9546
58045,Winter,0.4177
58046,Winter,0.4489
58049,Winter,0.8602
58050,Winter,0.8687
58051,Winter,0.7035
58052,Winter,0.3533
58053,Winter,0.8972
58057,Winter,0.8318
58058,Winter,0.3122
58059,Winter,0.7577
58060,Winter,0.62
58061,Winter,0.8985
58062,Winter,0.9448
58063,Winter,0.8307
58071,Summer,0.4107
58072,Summer,0.3993
58073,Winter,0.7639
58074,Winter,0.8348
58075,Winter,0.59
58076,Winter,0.8438
58078,Winter,0.9436
58085,Winter,0.6641
58086,Winter,0.6965
58087,Winter,0.7029
58093,Winter,0.99
58096,Winter,0.751
58097,Summer,0.3617
58098,Spring,0.6809
58099,Winter,0.699
58100,Fall,0.5612
58104,Winter,0.5903
58107,Winter,0.8508
58108,Winter,0.4755
58109,Winter,0.4779
58110,Winter,0.8574
58111,Winter,0.9343
58112,Winter,0.8855
58115,Winter,0.7514
58116,Winter,0.7125
58117,Winter,0.7263
58118,Winter,0.5497
58121,Winter,0.8553
58123,Winter,0.8536
58128,Winter,0.6019
58129,Winter,0.6486
58131,Winter,0.9257
58132,Summer,0.3804
58133,Winter,0.48
58135,Winter,0.5932
58136,Winter,0.8257
58137,Winter,0.6786
58138,Winter,0.7346
58139,Summer,0.4563
58140,Winter,0.9466
58141,Winter,0.9139
58143,Spring,0.4493
58144,Spring,0.5173
58145,Spring,0.3622
58146,Winter,0.3345
58147,Summer,0.7729
58148,Summer,0.4311
58149,Summer,0.5186
58150,Fall,0.3174
58151,Fall,0.3336
58152,Fall,0.3767
58153,Winter,0.3225
58154,Winter,0.5135
58155,Winter,0.4885
58156,Winter,0.5036
58157,Summer,0.4931
58158,Summer,0.6874
58159,Winter,0.5894
58160,Winter,0.5023
58161,Winter,0.3971
58162,Spring,0.6422
58163,Winter,0.5596
58164,Winter,0.5012
58165,Summer,0.5486
58166,Summer,0.5265
58167,Summer,0.513
58168,Summer,0.4391
58169,Summer,0.4661
58170,Winter,0.4335
58171,Summer,0.6754
58172,Summer,0.8128
58173,Winter,0.7439
58174,Summer,0.3881
58175,Winter,0.8401
58176,Winter,0.7442
58177,Winter,0.6432
58178,Winter,0.6205
58179,Winter,0.8705
58180,Winter,0.4818
58181,Summer,0.4852
58182,Summer,0.6237
58183,Summer,0.6657
58184,Summer,0.6464
58185,Summer,0.4945
58186,Winter,0.5538
58187,Summer,0.6397
58188,Winter,0.5863
58189,Winter,0.4869
58190,Winter,0.6176
58191,Winter,0.6988
58194,Winter,0.8697
58195,Summer,0.5724
58196,Summer,0.6358
58200,Winter,0.3761
58201,Winter,0.3932
58202,Summer,0.5267
58203,Summer,0.4196
58204,Summer,0.4183
58205,Summer,0.4077
58206,Winter,0.6018
58207,Winter,0.4225
58208,Winter,0.3653
58209,Summer,0.5168
58210,Summer,0.4801
58211,Summer,0.4858
58212,Summer,0.6185
58213,Summer,0.4413
58214,Summer,0.681
58215,Summer,0.5513
58216,Summer,0.8494
58218,Summer,0.6975
58220,Summer,0.5123
58222,Summer,0.7835
58225,Summer,0.8634
58226,Winter,0.5123
58227,Winter,0.3903
58229,Winter,0.4302
58231,Spring,0.2744
58232,Winter,0.317
58233,Winter,0.3753
58234,Summer,0.4264
58235,Summer,0.3903
58236,Spring,0.4949
58237,Winter,0.6866
58238,Winter,0.8657
58239,Winter,0.6879
58240,Winter,0.5411
58241,Winter,0.482
58242,Summer,0.4435
58243,Summer,0.492
58244,Winter,0.4649
58245,Winter,0.6943
58246,Winter,0.8221
58247,Winter,0.6415
58248,Winter,0.7978
58249,Winter,0.5322
58250,Summer,0.547
58251,Winter,0.4789
58252,Summer,0.3734
58253,Winter,0.5839
58254,Winter,0.501
58255,Winter,0.6024
58256,Winter,0.6492
58257,Winter,0.4298
58258,Winter,0.5623
58259,Winter,0.4276
58260,Summer,0.5026
58261,Winter,0.628
58262,Winter,0.698
58263,Winter,0.5373
58264,Winter,0.8968
58265,Winter,0.7351
58266,Winter,0.5399
58267,Winter,0.5364
58268,Winter,0.5725
58269,Winter,0.7007
58270,Summer,0.4733
58271,Summer,0.5906
58272,Summer,0.4769
58273,Winter,0.5745
58274,Winter,0.8335
58275,Summer,0.5428
58276,Winter,0.705
58277,Winter,0.4974
58278,Winter,0.9264
58279,Summer,0.605
58280,Winter,0.538
58281,Winter,0.413
58282,Summer,0.3555
58283,Summer,0.5073
58284,Winter,0.582
58286,Summer,0.8443
58291,Fall,0.5719
58292,Summer,0.3972
58293,Summer,0.3372
58294,Fall,0.494
58295,Fall,0.5219
58296,Summer,0.5161
58297,Summer,0.6196
58298,Summer,0.5554
58299,Summer,0.5478
58300,Summer,0.6065
58301,Summer,0.6519
58304,Summer,0.462
58305,Summer,0.5515
58306,Summer,0.6437
58307,Fall,0.4366
58308,Summer,0.4865
58309,Summer,0.737
58310,Summer,0.7352
58311,Summer,0.5011
58312,Summer,0.7031
58313,Summer,0.8052
58314,Summer,0.7792
58315,Summer,0.7296
58316,Summer,0.7892
58317,Summer,0.7832
58318,Summer,0.7069
58319,Summer,0.658
58320,Summer,0.6344
58321,Summer,0.6146
58322,Summer,0.6198
58323,Summer,0.4349
58324,Summer,0.2835
58325,Spring,0.3007
58326,Winter,0.3605
58327,Winter,0.6255
58328,Spring,0.3523
58329,Winter,0.3192
58330,Spring,0.328
58331,Spring,0.3314
58332,Winter,0.3458
58333,Summer,0.342
58334,Spring,0.2999
58335,Spring,0.3363
58336,Summer,0.3462
58337,Winter,0.5404
58338,Winter,0.7037
58339,Winter,0.5936
58340,Winter,0.4533
58349,Summer,0.6591
58351,Summer,0.6263
58357,Summer,0.4423
58358,Summer,0.6773
58372,Summer,0.6964
58375,Summer,0.4354
58381,Spring,0.4432
58385,Spring,0.6288
58394,Summer,0.4437
58395,Summer,0.4697
58411,Summer,0.3183
58418,Summer,0.3031
58425,Summer,0.843
58439,Summer,0.809
58444,Winter,0.9993
58445,Winter,0.9942
58446,Summer,0.553
58447,Winter,0.997
58448,Winter,0.9982
58449,Winter,0.9959
58450,Winter,0.9979
58451,Winter,0.9961
58452,Winter,0.9991
58453,Winter,0.997
58454,Winter,0.9982
58455,Winter,0.9981
58456,Winter,0.999
58458,Summer,0.6975
58459,Summer,0.5287
58460,Summer,0.606
58463,Summer,0.4016
58464,Winter,0.5368
58465,Summer,0.4046
58466,Winter,0.435
58467,Winter,0.4013
58468,Summer,0.5013
58470,Winter,0.4247
58471,Summer,0.4921
58472,Summer,0.3553
58473,Summer,0.4155
58474,Winter,0.5089
58475,Summer,0.365
58476,Summer,0.3947
58477,Summer,0.3841
58478,Summer,0.3573
58479,Summer,0.3922
58480,Winter,0.283
58481,Summer,0.4792
58482,Summer,0.3295
58483,Winter,0.3764
58484,Winter,0.415
58485,Summer,0.3994
58486,Summer,0.4123
58487,Summer,0.3456
58488,Winter,0.9525
58489,Summer,0.869
58490,Summer,0.9053
58491,Summer,0.9221
58492,Summer,0.9092
58493,Summer,0.9682
58494,Fall,0.5998
58495,Summer,0.928
58496,Summer,0.9258
58497,Summer,0.9354
58498,Summer,0.9094
58499,Summer,0.9173
58500,Summer,0.9414
58501,Summer,0.8621
58502,Summer,0.7914
58503,Summer,0.6384
58504,Summer,0.9502
58505,Summer,0.8345
58506,Summer,0.8219
58507,Summer,0.7615
58508,Summer,0.8538
58509,Summer,0.8162
58510,Summer,0.8753
58511,Summer,0.9272
58512,Summer,0.7401
58513,Summer,0.7394
58514,Summer,0.7098
58515,Summer,0.9252
58516,Summer,0.7805
58517,Summer,0.8429
58518,Summer,0.5903
58519,Winter,0.7338
58520,Summer,0.5869
58521,Spring,0.4279
58522,Summer,0.3439
58523,Summer,0.3726
58524,Spring,0.7428
58525,Summer,0.3711
58526,Summer,0.4821
58527,Winter,0.9926
58528,Winter,0.9959
58529,Winter,0.9973
58530,Winter,0.9985
58531,Winter,0.998
58532,Winter,0.9975
58533,Winter,0.9944
58534,Winter,0.9907
58535,Winter,0.9963
58536,Winter,0.9984
58537,Winter,0.9985
58538,Winter,0.9969
58539,Winter,0.9982
58540,Winter,0.9982
58541,Winter,0.999
58542,Winter,0.9989
58543,Winter,0.9993
58544,Winter,0.997
58545,Winter,0.9967
58546,Winter,0.9936
58547,Winter,0.9956
58548,Winter,0.9959
58549,Winter,0.9981
58550,Winter,0.9966
58551,Winter,0.9944
58552,Winter,0.9964
58553,Winter,0.9975
58555,Winter,0.442
58559,Summer,0.6979
58560,Fall,0.4714
58561,Summer,0.6141
58562,Summer,0.4917
58563,Summer,0.8441
58565,Summer,0.6303
58566,Summer,0.8127
58567,Summer,0.5461
58569,Summer,0.726
58570,Summer,0.8918
58571,Summer,0.5264
58573,Summer,0.8291
58574,Summer,0.9053
58576,Summer,0.6097
58577,Summer,0.7687
58581,Winter,0.696
58586,Summer,0.5351
58588,Winter,0.9704
58589,Summer,0.7846
58590,Summer,0.7722
58591,Winter,0.9389
58600,Summer,0.5381
58603,Summer,0.4985
58605,Winter,0.886
58606,Winter,0.7552
58607,Winter,0.6438
58608,Winter,0.9254
58609,Winter,0.7895
58610,Winter,0.6953
58611,Winter,0.9353
58612,Winter,0.8906
58614,Winter,0.6789
58615,Winter,0.4972
58616,Winter,0.9176
58618,Winter,0.928
58619,Winter,0.855
58620,Winter,0.9244
58621,Winter,0.9865
58622,Winter,0.4735
58624,Summer,0.327
58625,Winter,0.4348
58626,Summer,0.5056
58627,Summer,0.4494
58628,Summer,0.3951
58629,Summer,0.5278
58634,Summer,0.4362
58635,Summer,0.4781
58636,Fall,0.4488
58637,Summer,0.8048
58638,Summer,0.856
58639,Summer,0.6652
58640,Summer,0.5828
58641,Summer,0.789
58642,Fall,0.5306
58643,Summer,0.8821
58644,Summer,0.9496
58645,Summer,0.9443
58646,Summer,0.8117
58647,Summer,0.9349
58648,Summer,0.961
58652,Summer,0.8599
58653,Summer,0.9166
58654,Summer,0.9113
58655,Summer,0.9354
58656,Summer,0.8641
58657,Summer,0.8206
58658,Summer,0.9374
58659,Summer,0.7776
58660,Summer,0.8721
58661,Summer,0.683
58662,Summer,0.7783
58663,Summer,0.7352
58664,Summer,0.8381
58666,Summer,0.892
58667,Summer,0.8351
58668,Summer,0.8221
58669,Summer,0.9295
58670,Summer,0.9365
58671,Summer,0.8308
58672,Summer,0.9051
58673,Summer,0.9697
58674,Summer,0.8517
58675,Summer,0.9393
58676,Summer,0.9067
58677,Summer,0.8405
58678,Summer,0.9046
58680,Summer,0.6435
58681,Summer,0.8397
58682,Summer,0.8197
58683,Summer,0.8001
58684,Summer,0.9291
58685,Summer,0.8904
58686,Summer,0.9447
58687,Summer,0.9259
58689,Summer,0.9326
58690,Summer,0.9004
58691,Summer,0.9327
58692,Summer,0.7207
58693,Summer,0.8093
58694,Summer,0.8643
58695,Summer,0.7542
58696,Summer,0.8072
58698,Summer,0.8465
58700,Summer,0.91
58701,Summer,0.907
58702,Summer,0.8839
58703,Summer,0.9478
58718,Summer,0.8593
58719,Summer,0.9429
58720,Summer,0.7221
58722,Summer,0.6176
58723,Summer,0.7477
58724,Summer,0.6752
58725,Summer,0.6757
58726,Summer,0.72
58727,Summer,0.8441
58728,Summer,0.8303
58729,Summer,0.8773
58730,Summer,0.5734
58731,Summer,0.8459
58732,Summer,0.4592
58734,Fall,0.5485
58735,Summer,0.722
58736,Summer,0.5549
58737,Summer,0.888
58738,Summer,0.7258
58740,Summer,0.8194
58741,Summer,0.5956
58742,Summer,0.6966
58743,Summer,0.4987
58744,Summer,0.6816
58745,Spring,0.4439
58765,Summer,0.8675
58770,Summer,0.7423
58793,Summer,0.7217
58794,Summer,0.7803
58795,Summer,0.6124
58796,Summer,0.7295
58797,Summer,0.6374
58798,Summer,0.6085
58800,Summer,0.5864
58801,Summer,0.4024
58802,Summer,0.6428
58805,Summer,0.5907
58807,Summer,0.5943
58808,Summer,0.7557
58809,Summer,0.5925
58810,Summer,0.4491
58815,Winter,0.6334
58816,Winter,0.6904
58817,Winter,0.3853
58818,Winter,0.6786
58819,Winter,0.6729
58820,Winter,0.4204
58821,Winter,0.9979
58822,Winter,0.9972
58823,Winter,0.9982
58825,Winter,0.4924
58827,Winter,0.9971
58828,Winter,0.9849
58829,Winter,0.9823
58830,Winter,0.9043
58831,Winter,0.9995
58832,Winter,0.9994
58833,Summer,0.5238
58834,Summer,0.4579
58835,Winter,0.9241
58836,Winter,0.8929
58837,Winter,0.8327
58838,Winter,0.9039
58839,Winter,0.5242
58840,Winter,0.9643
58841,Winter,0.8681
58842,Winter,0.664
58843,Winter,0.5749
58844,Winter,0.9138
58845,Winter,0.8073
58846,Winter,0.9288
58847,Winter,0.7247
58848,Winter,0.748
58849,Winter,0.9398
58850,Winter,0.7738
58851,Winter,0.5071
58852,Winter,0.772
58853,Winter,0.8578
58854,Winter,0.5465
58855,Winter,0.5517
58856,Winter,0.3729
58857,Winter,0.7418
58858,Winter,0.9052
58859,Winter,0.9239
58860,Winter,0.8749
58861,Winter,0.8453
58862,Spring,0.5812
58863,Winter,0.6306
58864,Winter,0.8886
58865,Winter,0.8656
58867,Winter,0.9501
58868,Winter,0.9002
58869,Winter,0.9178
58870,Winter,0.8795
58871,Winter,0.4923
58872,Summer,0.6199
58873,Summer,0.6891
58874,Summer,0.6632
58875,Summer,0.7063
58876,Summer,0.5293
58877,Summer,0.6447
58878,Summer,0.6904
58879,Summer,0.7494
58880,Summer,0.4925
58881,Summer,0.6942
58882,Summer,0.7139
58883,Summer,0.7436
58884,Winter,0.5726
58885,Summer,0.6475
58886,Summer,0.6622
58887,Summer,0.4803
58888,Winter,0.6314
58889,Summer,0.7022
58890,Summer,0.7499
58891,Summer,0.6569
58892,Summer,0.7442
58893,Summer,0.7034
58894,Summer,0.6473
58895,Summer,0.6285
58896,Summer,0.68
58897,Summer,0.6616
58898,Summer,0.7173
58899,Summer,0.7514
58900,Summer,0.7359
58901,Summer,0.7012
58902,Summer,0.6909
58903,Summer,0.7466
58904,Summer,0.7315
58905,Summer,0.7359
58906,Summer,0.7429
58907,Summer,0.7393
58908,Summer,0.5983
58909,Summer,0.7454
58910,Summer,0.7487
58911,Summer,0.7421
58912,Summer,0.7053
58913,Summer,0.7832
58914,Summer,0.7395
58915,Summer,0.6657
58916,Summer,0.5981
58917,Summer,0.6705
58918,Summer,0.6974
58919,Summer,0.7713
58920,Summer,0.4047
58921,Summer,0.3635
58922,Summer,0.3767
58923,Summer,0.3014
58924,Summer,0.4312
58925,Winter,0.5212
58926,Summer,0.5827
58928,Summer,0.5506
58931,Winter,0.624
58932,Winter,0.6325
58934,Winter,0.9968
58935,Winter,0.9869
58937,Winter,0.9991
58939,Winter,0.9955
58940,Winter,0.999
58941,Winter,0.9997
58942,Winter,0.9855
58943,Spring,0.9992
58944,Spring,0.9999
58945,Spring,0.9997
58946,Spring,1.0
58947,Spring,1.0
58948,Spring,0.9995
58949,Spring,0.9982
58950,Spring,0.9982
58951,Spring,1.0
58952,Spring,1.0
58954,Spring,0.9999
58955,Spring,1.0
58956,Spring,1.0
58958,Spring,0.9923
58959,Spring,1.0
58960,Spring,0.9955
58961,Spring,0.9956
58962,Spring,0.9997
58963,Spring,1.0
58964,Spring,0.9999
58965,Spring,0.9988
58966,Spring,0.9995
58967,Spring,1.0
58968,Spring,0.9989
58969,Spring,0.9996
58970,Spring,0.9998
58971,Spring,0.9998
58972,Spring,0.9996
58973,Spring,0.9998
58974,Spring,1.0
58975,Spring,1.0
58976,Spring,0.9999
58977,Spring,1.0
58978,Spring,1.0
58979,Spring,0.9762
58980,Spring,0.9996
58981,Spring,0.9998
58982,Spring,1.0
58983,Spring,1.0
58984,Spring,1.0
58985,Spring,1.0
58986,Spring,1.0
58987,Spring,1.0
58988,Spring,1.0
58989,Spring,0.9995
58990,Spring,0.999
58991,Spring,1.0
58992,Spring,1.0
59002,Spring,1.0
59003,Spring,1.0
59004,Spring,1.0
59005,Spring,1.0
59006,Spring,1.0
59008,Fall,0.3833
59010,Fall,0.3073
59011,Fall,0.3257
59012,Spring,0.3364
59013,Winter,0.3706
59014,Fall,0.3718
59015,Fall,0.445
59016,Summer,0.3348
59017,Winter,0.3275
59018,Spring,0.2733
59019,Winter,0.635
59020,Winter,0.9397
59021,Winter,0.8084
59022,Winter,0.9742
59023,Winter,0.93
59024,Winter,0.9174
59025,Winter,0.7918
59026,Winter,0.8258
59027,Winter,0.8189
59028,Winter,0.8377
59029,Winter,0.8035
59030,Winter,0.7667
59031,Winter,0.7124
59032,Winter,0.4832
59033,Winter,0.771
59034,Winter,0.5606
59035,Winter,0.5049
59036,Winter,0.7124
59037,Winter,0.4627
59038,Winter,0.8886
59039,Winter,0.9243
59040,Winter,0.8402
59042,Winter,0.8349
59043,Winter,0.731
59044,Winter,0.752
59045,Winter,0.5358
59046,Winter,0.6259
59047,Winter,0.8989
59048,Winter,0.7312
59049,Winter,0.7419
59050,Winter,0.841
59051,Winter,0.7943
59052,Winter,0.8499
59053,Winter,0.8768
59054,Winter,0.8923
59055,Winter,0.4427
59056,Winter,0.5691
59058,Summer,0.8404
59059,Summer,0.9613
59060,Summer,0.9725
59061,Summer,0.9612
59062,Summer,0.9072
59063,Summer,0.7882
59064,Summer,0.4776
59065,Summer,0.5513
59066,Summer,0.4295
59067,Summer,0.5066
59068,Summer,0.4808
59069,Summer,0.4103
59070,Summer,0.3945
59071,Summer,0.338
59072,Summer,0.4514
59073,Summer,0.4663
59074,Summer,0.362
59075,Summer,0.4589
59076,Summer,0.5313
59077,Summer,0.4442
59078,Summer,0.8279
59079,Summer,0.8748
59080,Summer,0.8698
59081,Summer,0.5049
59082,Summer,0.5234
59083,Summer,0.4732
59084,Summer,0.4606
59085,Summer,0.7807
59086,Summer,0.791
59087,Summer,0.4559
59088,Summer,0.4695
59089,Summer,0.843
59090,Summer,0.4197
59091,Summer,0.4962
59092,Summer,0.4145
59093,Summer,0.4952
59094,Summer,0.4484
59095,Summer,0.7066
59096,Summer,0.4955
59097,Summer,0.3842
59098,Summer,0.5557
59099,Summer,0.8361
59100,Summer,0.8121
59101,Summer,0.8091
59102,Spring,0.4447
59103,Fall,0.359
59104,Summer,0.7189
59105,Spring,0.4587
59106,Spring,0.3017
59112,Summer,0.432
59115,Spring,0.9567
59116,Summer,0.366
59117,Fall,0.5792
59118,Summer,0.4164
59119,Summer,0.4124
59120,Summer,0.4411
59121,Summer,0.4715
59122,Summer,0.46
59123,Summer,0.4083
59124,Spring,0.421
59126,Spring,0.4195
59127,Summer,0.5946
59128,Spring,0.4559
59129,Spring,0.4518
59130,Summer,0.5702
59131,Summer,0.468
59132,Summer,0.4646
59133,Spring,0.3845
59142,Winter,0.7583
59143,Winter,0.6535
59144,Winter,0.595
59145,Winter,0.6069
59146,Winter,0.6086
59147,Winter,0.4501
59149,Winter,0.4617
59160,Winter,0.5114
59161,Winter,0.5566
59165,Winter,0.6093
59166,Winter,0.5997
59167,Winter,0.5472
59172,Winter,0.6094
59173,Winter,0.4828
59174,Winter,0.5724
59175,Winter,0.6772
59176,Winter,0.6966
59177,Winter,0.7161
59178,Winter,0.6502
59181,Winter,0.4513
59185,Spring,0.3375
59187,Winter,0.8464
59188,Winter,0.857
59190,Winter,0.3841
59212,Winter,0.6881
59213,Winter,0.9914
59214,Winter,0.973
59215,Winter,0.9978
59216,Winter,0.9983
59217,Winter,0.9885
59218,Winter,0.3868
59219,Winter,0.9983
59220,Winter,0.9928
59221,Winter,0.8825
59222,Winter,0.9909
59223,Winter,0.9223
59224,Winter,0.9969
59225,Winter,0.9845
59226,Winter,0.9214
59227,Winter,0.9932
59228,Winter,0.9688
59229,Winter,0.8803
59230,Winter,0.9484
59231,Winter,0.9998
59232,Winter,0.9997
59233,Winter,0.9939
59235,Winter,0.9988
59236,Winter,0.9962
59237,Winter,0.8847
59238,Winter,0.982
59239,Winter,0.9982
59240,Winter,0.9545
59241,Winter,0.8746
59242,Winter,0.9966
59243,Winter,0.6227
59244,Winter,0.9992
59245,Winter,0.9983
59246,Winter,0.9996
59247,Winter,0.9977
59248,Winter,0.9991
59249,Winter,0.998
59250,Winter,0.8931
59251,Winter,0.809
59252,Winter,0.9989
59253,Winter,0.9988
59254,Winter,0.9967
59255,Winter,0.9979
59256,Winter,0.9993
59257,Winter,0.9967
59258,Winter,0.9813
59259,Winter,0.93
59260,Winter,0.9833
59261,Winter,0.912
59262,Winter,0.9997
59263,Winter,0.9331
59264,Winter,0.7777
59265,Winter,0.6797
59266,Winter,0.9604
59267,Winter,0.9993
59268,Winter,0.4363
59269,Winter,0.8905
59270,Winter,0.9952
59271,Winter,0.9995
59272,Winter,0.995
59273,Winter,0.9363
59274,Winter,0.6398
59275,Spring,0.5378
59276,Spring,0.5972
59277,Winter,0.9042
59278,Winter,0.9987
59279,Winter,0.7346
59280,Winter,0.9531
59281,Winter,0.9914
59282,Winter,0.5109
59283,Winter,0.9782
59284,Winter,0.9987
59286,Winter,0.9182
59287,Winter,0.9403
59290,Winter,0.9746
59291,Winter,0.9901
59292,Winter,0.9916
59293,Winter,0.994
59294,Summer,0.4912
59295,Summer,0.5112
59296,Summer,0.772
59297,Summer,0.471
59298,Summer,0.6477
59299,Summer,0.7081
59300,Summer,0.8283
59301,Summer,0.7006
59302,Summer,0.5268
59303,Summer,0.8006
59304,Summer,0.5603
59305,Summer,0.6993
59306,Summer,0.6361
59311,Winter,0.5067
59312,Winter,0.589
59315,Summer,0.3579
59323,Fall,0.2676
59324,Fall,0.326
59326,Winter,0.5005
59329,Fall,0.4338
59330,Spring,0.3751
59338,Winter,0.4147
59342,Winter,0.3984
59349,Winter,0.4711
59352,Summer,0.936
59353,Summer,0.8621
59354,Summer,0.9344
59355,Summer,0.9514
59356,Summer,0.9179
59357,Summer,0.9782
59358,Summer,0.9208
59359,Summer,0.9575
59360,Summer,0.9511
59361,Summer,0.9631
59362,Summer,0.9286
59363,Summer,0.9404
59364,Summer,0.9333
59365,Summer,0.912
59366,Summer,0.9174
59367,Summer,0.9714
59368,Summer,0.9393
59369,Summer,0.879
59370,Summer,0.8875
59371,Summer,0.9181
59372,Summer,0.9161
59373,Summer,0.9612
59374,Summer,0.9251
59375,Summer,0.9768
59376,Summer,0.9263
59377,Summer,0.8491
59378,Summer,0.9049
59379,Summer,0.6976
59380,Summer,0.9245
59381,Summer,0.8866
59382,Summer,0.7823
59383,Summer,0.8605
59387,Winter,0.7411
59388,Winter,0.7239
59390,Winter,0.6084
59396,Fall,0.4918
59399,Summer,0.9188
59400,Summer,0.8379
59403,Summer,0.7673
59404,Summer,0.8272
59405,Summer,0.604
59407,Summer,0.921
59410,Summer,0.7708
59413,Summer,0.6765
59418,Summer,0.8919
59421,Summer,0.912
59422,Summer,0.748
59428,Summer,0.6232
59430,Summer,0.7041
59432,Winter,0.7185
59433,Summer,0.5148
59435,Winter,0.3056
59436,Winter,0.6699
59437,Winter,0.782
59439,Summer,0.6492
59440,Summer,0.7843
59441,Summer,0.6169
59442,Spring,0.297
59443,Summer,0.5843
59444,Winter,0.3478
59445,Summer,0.6259
59446,Summer,0.5477
59448,Summer,0.8117
59451,Summer,0.3793
59452,Summer,0.6548
59453,Summer,0.6016
59454,Spring,0.4129
59455,Winter,0.3757
59456,Spring,0.326
59457,Winter,0.4516
59458,Spring,0.2769
59459,Winter,0.6342
59460,Winter,0.7317
59461,Winter,0.3907
59462,Winter,0.4588
59463,Winter,0.6188
59464,Summer,0.373
59465,Summer,0.4518
59466,Winter,0.4722
59467,Winter,0.388
59468,Summer,0.4398
59469,Spring,0.3652
59470,Winter,0.4482
59471,Summer,0.4557
59474,Winter,0.5169
59481,Winter,0.6086
59484,Winter,0.7442
59498,Summer,0.7687
59499,Summer,0.4433
59501,Winter,0.9921
59502,Winter,0.987
59503,Winter,0.9444
59504,Winter,0.3918
59505,Winter,0.8509
59507,Fall,0.6983
59508,Winter,0.6629
59509,Winter,0.5665
59510,Winter,0.879
59511,Winter,0.6242
59512,Winter,0.8639
59513,Winter,0.718
59514,Winter,0.4121
59515,Winter,0.8067
59516,Summer,0.4433
59518,Winter,0.6458
59519,Winter,0.5399
59520,Winter,0.6139
59521,Winter,0.7114
59522,Spring,0.811
59523,Winter,0.9056
59524,Spring,0.5942
59525,Winter,0.6615
59526,Winter,0.9193
59527,Winter,0.7887
59528,Winter,0.8468
59529,Winter,0.7738
59530,Winter,0.7078
59531,Winter,0.9446
59532,Winter,0.731
59533,Winter,0.9552
59534,Winter,0.4951
59535,Winter,0.7234
59537,Winter,0.9733
59541,Winter,0.9483
59543,Winter,0.8918
59544,Winter,0.6327
59545,Spring,0.7245
59546,Winter,0.9379
59547,Winter,0.7072
59550,Winter,0.5917
59551,Winter,0.7907
59552,Winter,0.6616
59553,Winter,0.8717
59554,Winter,0.7233
59555,Winter,0.724
59556,Winter,0.812
59557,Winter,0.7238
59558,Winter,0.8542
59559,Winter,0.6324
59560,Winter,0.7316
59561,Summer,0.5048
59563,Winter,0.4046
59564,Winter,0.8609
59565,Winter,0.7926
59566,Spring,0.4077
59567,Winter,0.4007
59568,Winter,0.8174
59569,Winter,0.9202
59570,Winter,0.59
59571,Winter,0.4007
59572,Winter,0.8017
59573,Summer,0.3813
59574,Summer,0.3419
59575,Winter,0.665
59576,Winter,0.4567
59577,Winter,0.5639
59578,Winter,0.561
59579,Winter,0.9596
59580,Winter,0.5179
59581,Winter,0.9021
59582,Winter,0.7149
59583,Winter,0.8052
59584,Winter,0.6903
59585,Spring,0.3239
59586,Winter,0.6597
59587,Winter,0.9469
59589,Summer,0.6719
59590,Summer,0.6312
59591,Fall,0.5365
59592,Fall,0.5525
59593,Fall,0.7219
59594,Summer,0.4884
59595,Summer,0.6048
59596,Fall,0.4823
59597,Summer,0.6653
59598,Summer,0.7494
59599,Summer,0.5475
59600,Summer,0.532
59601,Fall,0.5611
59603,Summer,0.7225
59604,Summer,0.5712
59606,Summer,0.7003
59607,Fall,0.5438
59608,Summer,0.7133
59609,Fall,0.497
59610,Fall,0.5144
59611,Summer,0.5852
59612,Summer,0.5928
59613,Summer,0.5643
59614,Summer,0.6475
59615,Summer,0.6217
59616,Summer,0.6838
59618,Summer,0.5708
59619,Summer,0.6952
59620,Summer,0.5617
59621,Summer,0.4717
59622,Summer,0.5166
59623,Fall,0.6008
59624,Fall,0.5711
59625,Summer,0.7074
59626,Summer,0.7403
59628,Fall,0.568
59630,Summer,0.5683
59631,Fall,0.6022
59632,Summer,0.5142
59633,Summer,0.7159
59634,Fall,0.7774
59635,Summer,0.5299
59636,Fall,0.4932
59637,Summer,0.4946
59638,Summer,0.6052
59639,Summer,0.8461
59640,Summer,0.7604
59641,Summer,0.4005
59642,Summer,0.5177
59643,Summer,0.7129
59644,Fall,0.463
59645,Summer,0.5046
59646,Summer,0.7835
59647,Summer,0.7303
59648,Summer,0.6575
59649,Fall,0.6618
59650,Fall,0.6126
59651,Summer,0.6444
59652,Summer,0.7268
59653,Summer,0.5411
59654,Summer,0.6153
59655,Summer,0.6243
59656,Fall,0.627
59657,Summer,0.6897
59658,Summer,0.5901
59659,Fall,0.5831
59660,Summer,0.7947
59661,Summer,0.6414
59662,Summer,0.6032
59663,Summer,0.5089
59664,Summer,0.7067
59665,Summer,0.6581
59666,Fall,0.5773
59667,Summer,0.5009
59668,Summer,0.7016
59669,Summer,0.6117
59670,Summer,0.6887
59672,Fall,0.7147
59673,Summer,0.7976
59674,Summer,0.5344
59675,Winter,0.9304
59676,Winter,0.8848
59677,Summer,0.881
59678,Summer,0.889
59679,Summer,0.8322
59680,Summer,0.866
59681,Summer,0.8494
59682,Summer,0.8608
59683,Summer,0.8253
59684,Summer,0.9254
59685,Summer,0.8828
59686,Summer,0.8677
59687,Summer,0.7088
59688,Summer,0.8864
59689,Summer,0.6072
59690,Summer,0.557
59691,Summer,0.5288
59692,Summer,0.5187
59693,Summer,0.5726
59694,Summer,0.8806
59695,Summer,0.8808
59696,Summer,0.8543
59697,Summer,0.8204
59698,Summer,0.7367
59699,Summer,0.5267
59700,Summer,0.5272
59701,Summer,0.6081
59702,Summer,0.4825
59703,Summer,0.8485
59704,Summer,0.849
59705,Summer,0.5631
59706,Summer,0.5342
59707,Summer,0.8894
59708,Summer,0.8188
59709,Summer,0.8404
59710,Summer,0.902
59711,Summer,0.8464
59712,Summer,0.6491
59713,Summer,0.7341
59714,Summer,0.8739
59715,Summer,0.7212
59716,Summer,0.5156
59717,Summer,0.6021
59718,Summer,0.6215
59719,Summer,0.6156
59720,Summer,0.7685
59721,Summer,0.4153
59722,Summer,0.8939
59723,Summer,0.508
59724,Summer,0.4916
59725,Summer,0.503
59726,Summer,0.7144
59727,Summer,0.5194
59728,Summer,0.602
59729,Summer,0.4863
59730,Summer,0.642
59731,Summer,0.3655
59732,Summer,0.3364
59733,Summer,0.6849
59734,Summer,0.8861
59735,Summer,0.8458
59736,Summer,0.8472
59739,Summer,0.5562
59740,Summer,0.5728
59741,Summer,0.4593
59742,Summer,0.903
59743,Summer,0.8949
59744,Summer,0.7882
59745,Summer,0.9136
59746,Summer,0.9238
59747,Fall,0.601
59748,Summer,0.7434
59749,Summer,0.6037
59750,Summer,0.7325
59751,Summer,0.8763
59752,Summer,0.881
59753,Summer,0.8547
59754,Summer,0.8422
59755,Summer,0.8872
59756,Summer,0.6195
59757,Winter,0.6556
59758,Winter,0.7523
59759,Winter,0.9219
59760,Winter,0.8395
59761,Winter,0.9089
59762,Winter,0.8236
59763,Winter,0.6503
59764,Winter,0.7499
59765,Winter,0.7208
59766,Winter,0.4921
59767,Winter,0.9616
59768,Winter,0.2938
59769,Winter,0.9648
59770,Winter,0.9911
59771,Winter,0.9976
59772,Winter,0.9791
59773,Winter,0.9664
59774,Summer,0.4191
59775,Winter,0.5845
59776,Winter,0.7123
59777,Winter,0.6855
59778,Winter,0.7388
59779,Winter,0.6446
59780,Winter,0.5828
59781,Winter,0.6144
59782,Winter,0.6741
59783,Summer,0.8111
59784,Winter,0.5418
59794,Summer,0.9444
59795,Summer,0.8882
59796,Summer,0.8446
59797,Summer,0.7562
59810,Summer,0.6374
59811,Summer,0.96
59813,Summer,0.712
59814,Summer,0.3373
59819,Summer,0.5778
59824,Summer,0.5652
59826,Summer,0.7542
59827,Summer,0.852
59832,Summer,0.7084
59833,Summer,0.6897
59834,Summer,0.631
59838,Spring,0.522
59839,Spring,1.0
59851,Spring,0.7162
59853,Spring,0.962
59856,Summer,0.7191
59858,Spring,0.9985
59859,Spring,0.997
59860,Spring,0.5855
59862,Summer,0.499
59863,Summer,0.3769
59866,Spring,0.9907
59872,Summer,0.9015
59873,Summer,0.6871
59874,Summer,0.6703
59875,Summer,0.8139
59876,Summer,0.7091
59877,Summer,0.3932
59878,Summer,0.5921
59879,Summer,0.4093
59880,Summer,0.8403
59881,Summer,0.4486
59882,Summer,0.7471
59883,Summer,0.8342
59884,Summer,0.8602
59885,Summer,0.7564
59886,Summer,0.7564
59887,Summer,0.8891
59888,Summer,0.8722
59889,Summer,0.8353
59890,Summer,0.7604
59891,Summer,0.877
59892,Summer,0.9111
59893,Summer,0.6564
59894,Summer,0.8902
59895,Summer,0.8153
59896,Summer,0.752
59897,Summer,0.8305
59898,Summer,0.6715
59900,Summer,0.8998
59901,Summer,0.9081
59902,Summer,0.7659
59903,Summer,0.8647
59904,Summer,0.9226
59905,Summer,0.9097
59906,Summer,0.7397
59907,Summer,0.7677
59908,Summer,0.7628
59909,Summer,0.772
59910,Summer,0.9687
59911,Summer,0.7888
59912,Summer,0.7689
59914,Summer,0.7218
59915,Summer,0.9465
59916,Summer,0.875
59917,Summer,0.9164
59918,Summer,0.8698
59919,Summer,0.7624
59920,Summer,0.8966
59921,Summer,0.8697
59922,Summer,0.8468
59923,Summer,0.7504
59924,Summer,0.9245
59925,Summer,0.819
59926,Summer,0.933
59927,Summer,0.9214
59928,Summer,0.634
59929,Summer,0.8749
59930,Summer,0.8673
59931,Summer,0.926
59932,Summer,0.9289
59933,Summer,0.8359
59934,Summer,0.8515
59935,Spring,0.3352
59936,Fall,0.4094
59937,Fall,0.3844
59938,Spring,0.359
59939,Fall,0.4674
59940,Spring,0.356
59941,Fall,0.3563
59942,Fall,0.3397
59943,Fall,0.5105
59944,Spring,0.3162
59945,Fall,0.4849
59946,Spring,1.0
59947,Spring,1.0
59948,Spring,1.0
59949,Spring,0.9999
59950,Spring,1.0
59951,Spring,0.9999
59961,Spring,1.0
59962,Spring,1.0
59963,Fall,0.6922
59964,Fall,0.6037
59965,Fall,0.5981
59966,Summer,0.8701
59967,Summer,0.878
59968,Summer,0.4821
59969,Summer,0.8583
59970,Summer,0.8977
59971,Summer,0.7837
59972,Summer,0.7776
59973,Summer,0.8386
59974,Summer,0.7318
59975,Summer,0.7469
59976,Summer,0.7739
59977,Summer,0.7296
59978,Summer,0.5336
59979,Summer,0.6962
59980,Summer,0.5492
59981,Summer,0.8067
59982,Summer,0.4767
59983,Summer,0.5798
59984,Summer,0.5972
59985,Summer,0.793
59986,Summer,0.8643
59987,Summer,0.5878
59988,Summer,0.7537
59989,Summer,0.6448
59990,Summer,0.7634
59991,Summer,0.8454
59992,Summer,0.8063
59993,Summer,0.7559
59994,Summer,0.7788
59995,Summer,0.6473
59996,Summer,0.7206
59998,Winter,0.8653
59999,Winter,0.9505
60000,Summer,0.9063
