query,rank,id,articleType,subCategory,masterCategory,baseColour,gender,usage,productDisplayName,image_path,similarity,mode
1017_women_0023_a36fe2486db54e83b62813b56147a042_master.webp,1,30976,Perfume and Body Mist,Fragrance,Personal Care,Red,Men,Casual,Cartier Men Declaration Perfume,c:\Users\LEGION\Documents\jupyter_notebook\Fashion-Intelligence-System\A2_FashionDataset\FashionDataset\train\images_train\30976.jpg,0.5588,letterbox
1017_women_0023_a36fe2486db54e83b62813b56147a042_master.webp,2,50401,Watches,Watches,Accessories,Gold,Women,Casual,Miss Sixty Gold Dial Watch,c:\Users\LEGION\Documents\jupyter_notebook\Fashion-Intelligence-System\A2_FashionDataset\FashionDataset\train\images_train\50401.jpg,0.557,letterbox
1017_women_0023_a36fe2486db54e83b62813b56147a042_master.webp,3,31005,Perfume and Body Mist,Fragrance,Personal Care,Pink,Women,Casual,Versace Women Bright Crystal Perfume,c:\Users\LEGION\Documents\jupyter_notebook\Fashion-Intelligence-System\A2_FashionDataset\FashionDataset\train\images_train\31005.jpg,0.5467,letterbox
1017_women_0023_a36fe2486db54e83b62813b56147a042_master.webp,4,13299,Shorts,Bottomwear,Apparel,White,Men,Casual,Gini and Jony Men Solid White Shorts,c:\Users\LEGION\Documents\jupyter_notebook\Fashion-Intelligence-System\A2_FashionDataset\FashionDataset\train\images_train\13299.jpg,0.5239,letterbox
1017_women_0023_a36fe2486db54e83b62813b56147a042_master.webp,5,44140,Perfume and Body Mist,Fragrance,Personal Care,Copper,Men,Casual,Dunhill Men Perfume,c:\Users\LEGION\Documents\jupyter_notebook\Fashion-Intelligence-System\A2_FashionDataset\FashionDataset\train\images_train\44140.jpg,0.5221,letterbox
1017_women_0023_a36fe2486db54e83b62813b56147a042_master.webp,6,9357,Socks,Socks,Accessories,White,Men,Casual,Puma Men Sport Pack of 3 Socks,c:\Users\LEGION\Documents\jupyter_notebook\Fashion-Intelligence-System\A2_FashionDataset\FashionDataset\train\images_train\9357.jpg,0.5165,letterbox
1017_women_0023_a36fe2486db54e83b62813b56147a042_master.webp,7,14748,Shirts,Topwear,Apparel,White,Men,Formal,Arrow Men Solid White Shirts,c:\Users\LEGION\Documents\jupyter_notebook\Fashion-Intelligence-System\A2_FashionDataset\FashionDataset\train\images_train\14748.jpg,0.5065,letterbox
1017_women_0023_a36fe2486db54e83b62813b56147a042_master.webp,8,18441,Fragrance Gift Set,Fragrance,Personal Care,White,Women,Casual,Ed Hardy Love & Luck Women Mermaid Fragrance Gift Set,c:\Users\LEGION\Documents\jupyter_notebook\Fashion-Intelligence-System\A2_FashionDataset\FashionDataset\train\images_train\18441.jpg,0.5039,letterbox
2b3f6ff00db7a1efae21d85cfb8995eaff2da8d8.png,1,43838,Earrings,Jewellery,Accessories,Gold,Women,Ethnic,Royal Diadem Earrings,c:\Users\LEGION\Documents\jupyter_notebook\Fashion-Intelligence-System\A2_FashionDataset\FashionDataset\train\images_train\43838.jpg,0.6038,letterbox
2b3f6ff00db7a1efae21d85cfb8995eaff2da8d8.png,2,43841,Earrings,Jewellery,Accessories,Gold,Women,Ethnic,Royal Diadem Red Earrings,c:\Users\LEGION\Documents\jupyter_notebook\Fashion-Intelligence-System\A2_FashionDataset\FashionDataset\train\images_train\43841.jpg,0.6037,letterbox
2b3f6ff00db7a1efae21d85cfb8995eaff2da8d8.png,3,43849,Earrings,Jewellery,Accessories,Green,Women,Ethnic,Royal Diadem White & Green Earrings,c:\Users\LEGION\Documents\jupyter_notebook\Fashion-Intelligence-System\A2_FashionDataset\FashionDataset\train\images_train\43849.jpg,0.5965,letterbox
2b3f6ff00db7a1efae21d85cfb8995eaff2da8d8.png,4,43816,Earrings,Jewellery,Accessories,Olive,Women,Casual,Royal Diadem Olive Green Earrings,c:\Users\LEGION\Documents\jupyter_notebook\Fashion-Intelligence-System\A2_FashionDataset\FashionDataset\train\images_train\43816.jpg,0.5854,letterbox
2b3f6ff00db7a1efae21d85cfb8995eaff2da8d8.png,5,42620,Earrings,Jewellery,Accessories,Gold,Women,Casual,Estelle Gold Plated Drop Earrings,c:\Users\LEGION\Documents\jupyter_notebook\Fashion-Intelligence-System\A2_FashionDataset\FashionDataset\train\images_train\42620.jpg,0.5842,letterbox
2b3f6ff00db7a1efae21d85cfb8995eaff2da8d8.png,6,43865,Earrings,Jewellery,Accessories,Gold,Women,Ethnic,Royal Diadem Golden Earrings,c:\Users\LEGION\Documents\jupyter_notebook\Fashion-Intelligence-System\A2_FashionDataset\FashionDataset\train\images_train\43865.jpg,0.58,letterbox
2b3f6ff00db7a1efae21d85cfb8995eaff2da8d8.png,7,43848,Earrings,Jewellery,Accessories,Gold,Women,Ethnic,Royal Diadem Golden Earrings,c:\Users\LEGION\Documents\jupyter_notebook\Fashion-Intelligence-System\A2_FashionDataset\FashionDataset\train\images_train\43848.jpg,0.5777,letterbox
2b3f6ff00db7a1efae21d85cfb8995eaff2da8d8.png,8,31704,Earrings,Jewellery,Accessories,Gold,Women,Ethnic,Fabindia Women Ananya Gold Earrings,c:\Users\LEGION\Documents\jupyter_notebook\Fashion-Intelligence-System\A2_FashionDataset\FashionDataset\train\images_train\31704.jpg,0.5678,letterbox
3-Stripes_High_Crew_Socks_3_Pairs_White_KD8239_01_01_00_standard.avif,1,14748,Shirts,Topwear,Apparel,White,Men,Formal,Arrow Men Solid White Shirts,c:\Users\LEGION\Documents\jupyter_notebook\Fashion-Intelligence-System\A2_FashionDataset\FashionDataset\train\images_train\14748.jpg,0.6567,letterbox
3-Stripes_High_Crew_Socks_3_Pairs_White_KD8239_01_01_00_standard.avif,2,9357,Socks,Socks,Accessories,White,Men,Casual,Puma Men Sport Pack of 3 Socks,c:\Users\LEGION\Documents\jupyter_notebook\Fashion-Intelligence-System\A2_FashionDataset\FashionDataset\train\images_train\9357.jpg,0.6532,letterbox
3-Stripes_High_Crew_Socks_3_Pairs_White_KD8239_01_01_00_standard.avif,3,6704,Socks,Socks,Accessories,White,Women,Sports,Nike Women's Nsw Wmns Ctn White Pink Socks,c:\Users\LEGION\Documents\jupyter_notebook\Fashion-Intelligence-System\A2_FashionDataset\FashionDataset\train\images_train\6704.jpg,0.6434,letterbox
3-Stripes_High_Crew_Socks_3_Pairs_White_KD8239_01_01_00_standard.avif,4,40016,Socks,Socks,Accessories,White,Unisex,Casual,ADIDAS Unisex White Pack of 3 Ankle Socks,c:\Users\LEGION\Documents\jupyter_notebook\Fashion-Intelligence-System\A2_FashionDataset\FashionDataset\train\images_train\40016.jpg,0.6425,letterbox
3-Stripes_High_Crew_Socks_3_Pairs_White_KD8239_01_01_00_standard.avif,5,9352,Socks,Socks,Accessories,White,Men,Casual,Puma Men Sports Socks 1 Pair White Socks,c:\Users\LEGION\Documents\jupyter_notebook\Fashion-Intelligence-System\A2_FashionDataset\FashionDataset\train\images_train\9352.jpg,0.6421,letterbox
3-Stripes_High_Crew_Socks_3_Pairs_White_KD8239_01_01_00_standard.avif,6,14736,Shirts,Topwear,Apparel,White,Men,Formal,Arrow Men Solid White Shirts,c:\Users\LEGION\Documents\jupyter_notebook\Fashion-Intelligence-System\A2_FashionDataset\FashionDataset\train\images_train\14736.jpg,0.6328,letterbox
3-Stripes_High_Crew_Socks_3_Pairs_White_KD8239_01_01_00_standard.avif,7,49990,Socks,Socks,Accessories,White,Men,Sports,Hanes Men Pack Of 3 White Cushion Max Crew Socks,c:\Users\LEGION\Documents\jupyter_notebook\Fashion-Intelligence-System\A2_FashionDataset\FashionDataset\train\images_train\49990.jpg,0.622,letterbox
3-Stripes_High_Crew_Socks_3_Pairs_White_KD8239_01_01_00_standard.avif,8,50400,Watches,Watches,Accessories,Steel,Women,Casual,Miss Sixty Silver Dial Watch,c:\Users\LEGION\Documents\jupyter_notebook\Fashion-Intelligence-System\A2_FashionDataset\FashionDataset\train\images_train\50400.jpg,0.6167,letterbox
4130636080047_004_b14.webp,1,50401,Watches,Watches,Accessories,Gold,Women,Casual,Miss Sixty Gold Dial Watch,c:\Users\LEGION\Documents\jupyter_notebook\Fashion-Intelligence-System\A2_FashionDataset\FashionDataset\train\images_train\50401.jpg,0.6401,letterbox
4130636080047_004_b14.webp,2,5381,Sports Shoes,Shoes,Footwear,Purple,Women,Sports,Quechua Arpenaz 200 L,c:\Users\LEGION\Documents\jupyter_notebook\Fashion-Intelligence-System\A2_FashionDataset\FashionDataset\train\images_train\5381.jpg,0.6361,letterbox
4130636080047_004_b14.webp,3,5407,Sports Shoes,Shoes,Footwear,Beige,Women,Sports,Quechua Forclaz 500 L Beige Cn,c:\Users\LEGION\Documents\jupyter_notebook\Fashion-Intelligence-System\A2_FashionDataset\FashionDataset\train\images_train\5407.jpg,0.6147,letterbox
4130636080047_004_b14.webp,4,38536,Casual Shoes,Shoes,Footwear,White,Men,Casual,Puma Men White Evo Leather Shoes,c:\Users\LEGION\Documents\jupyter_notebook\Fashion-Intelligence-System\A2_FashionDataset\FashionDataset\train\images_train\38536.jpg,0.5656,letterbox
4130636080047_004_b14.webp,5,3048,Tshirts,Topwear,Apparel,White,Men,Casual,Tantra Men's Rupee White T-shirt,c:\Users\LEGION\Documents\jupyter_notebook\Fashion-Intelligence-System\A2_FashionDataset\FashionDataset\train\images_train\3048.jpg,0.5649,letterbox
4130636080047_004_b14.webp,6,25604,Watches,Watches,Accessories,Black,Men,Casual,Fastrack Men Black Casual Watch,c:\Users\LEGION\Documents\jupyter_notebook\Fashion-Intelligence-System\A2_FashionDataset\FashionDataset\train\images_train\25604.jpg,0.56,letterbox
4130636080047_004_b14.webp,7,21510,Handbags,Bags,Accessories,White,Women,Casual,Kiara Women Graphiti White Handbag,c:\Users\LEGION\Documents\jupyter_notebook\Fashion-Intelligence-System\A2_FashionDataset\FashionDataset\train\images_train\21510.jpg,0.5595,letterbox
4130636080047_004_b14.webp,8,29939,Watches,Watches,Accessories,White,Men,Casual,Police Men White Dial Watch PL12963JS-01,c:\Users\LEGION\Documents\jupyter_notebook\Fashion-Intelligence-System\A2_FashionDataset\FashionDataset\train\images_train\29939.jpg,0.5576,letterbox
509.png,1,9362,Socks,Socks,Accessories,Purple,Women,Casual,Puma Women Logo Stud Pink Socks,c:\Users\LEGION\Documents\jupyter_notebook\Fashion-Intelligence-System\A2_FashionDataset\FashionDataset\train\images_train\9362.jpg,0.6611,letterbox
509.png,2,7678,Socks,Socks,Accessories,Pink,Women,Casual,Wrangler Women Pink Secret Socks,c:\Users\LEGION\Documents\jupyter_notebook\Fashion-Intelligence-System\A2_FashionDataset\FashionDataset\train\images_train\7678.jpg,0.6072,letterbox
509.png,3,32172,Socks,Socks,Accessories,Lavender,Women,Casual,Playboy Women Lavender Socks,c:\Users\LEGION\Documents\jupyter_notebook\Fashion-Intelligence-System\A2_FashionDataset\FashionDataset\train\images_train\32172.jpg,0.5939,letterbox
509.png,4,6704,Socks,Socks,Accessories,White,Women,Sports,Nike Women's Nsw Wmns Ctn White Pink Socks,c:\Users\LEGION\Documents\jupyter_notebook\Fashion-Intelligence-System\A2_FashionDataset\FashionDataset\train\images_train\6704.jpg,0.5756,letterbox
509.png,5,12739,Socks,Socks,Accessories,Pink,Unisex,Sports,Nike Kids Unisex Sport Hi Quarter  Pack of 3 Pink Socks,c:\Users\LEGION\Documents\jupyter_notebook\Fashion-Intelligence-System\A2_FashionDataset\FashionDataset\train\images_train\12739.jpg,0.5745,letterbox
509.png,6,49986,Socks,Socks,Accessories,White,Women,Casual,Hanes Women Assorted Socks,c:\Users\LEGION\Documents\jupyter_notebook\Fashion-Intelligence-System\A2_FashionDataset\FashionDataset\train\images_train\49986.jpg,0.5592,letterbox
509.png,7,24655,Socks,Socks,Accessories,White,Men,Casual,ADIDAS Originals Men White Casual Socks,c:\Users\LEGION\Documents\jupyter_notebook\Fashion-Intelligence-System\A2_FashionDataset\FashionDataset\train\images_train\24655.jpg,0.5551,letterbox
509.png,8,40149,Dresses,Dress,Apparel,Pink,Girls,Casual,Gini and Jony Girls Play Suit Pink Dress,c:\Users\LEGION\Documents\jupyter_notebook\Fashion-Intelligence-System\A2_FashionDataset\FashionDataset\train\images_train\40149.jpg,0.5541,letterbox
600_google-pattern-socks.jpg,1,43779,Earrings,Jewellery,Accessories,White,Women,Casual,Royal Diadem White Earrings,c:\Users\LEGION\Documents\jupyter_notebook\Fashion-Intelligence-System\A2_FashionDataset\FashionDataset\train\images_train\43779.jpg,0.6518,letterbox
600_google-pattern-socks.jpg,2,43831,Earrings,Jewellery,Accessories,White,Women,Casual,Royal Diadem White Earrings,c:\Users\LEGION\Documents\jupyter_notebook\Fashion-Intelligence-System\A2_FashionDataset\FashionDataset\train\images_train\43831.jpg,0.6394,letterbox
600_google-pattern-socks.jpg,3,43814,Earrings,Jewellery,Accessories,White,Women,Ethnic,Royal Diadem White Earrings,c:\Users\LEGION\Documents\jupyter_notebook\Fashion-Intelligence-System\A2_FashionDataset\FashionDataset\train\images_train\43814.jpg,0.6264,letterbox
600_google-pattern-socks.jpg,4,48768,Jewellery Set,Jewellery,Accessories,White,Women,Casual,Miki Pearl Women Ivory Jewellery Set,c:\Users\LEGION\Documents\jupyter_notebook\Fashion-Intelligence-System\A2_FashionDataset\FashionDataset\train\images_train\48768.jpg,0.61,letterbox
600_google-pattern-socks.jpg,5,48759,Jewellery Set,Jewellery,Accessories,White,Women,Casual,Miki Pearl Women Ivory Jewellery Set,c:\Users\LEGION\Documents\jupyter_notebook\Fashion-Intelligence-System\A2_FashionDataset\FashionDataset\train\images_train\48759.jpg,0.6074,letterbox
600_google-pattern-socks.jpg,6,2622,Tshirts,Topwear,Apparel,Blue,Men,Sports,Nike Mens Bleed Blue Team India T-shirt,c:\Users\LEGION\Documents\jupyter_notebook\Fashion-Intelligence-System\A2_FashionDataset\FashionDataset\train\images_train\2622.jpg,0.6036,letterbox
600_google-pattern-socks.jpg,7,8503,Socks,Socks,Accessories,White,Unisex,Sports,Nike Unisex China Swsh Ct White Socks,c:\Users\LEGION\Documents\jupyter_notebook\Fashion-Intelligence-System\A2_FashionDataset\FashionDataset\train\images_train\8503.jpg,0.6009,letterbox
600_google-pattern-socks.jpg,8,2724,Tshirts,Topwear,Apparel,White,Boys,Casual,Disney Kids Boy's White Red Kidswear,c:\Users\LEGION\Documents\jupyter_notebook\Fashion-Intelligence-System\A2_FashionDataset\FashionDataset\train\images_train\2724.jpg,0.6005,letterbox
Afternoon_ensemble_MET_63.212a-b_CP4.jpg,1,50403,Watches,Watches,Accessories,Silver,Women,Casual,Miss Sixty Silver Watch,c:\Users\LEGION\Documents\jupyter_notebook\Fashion-Intelligence-System\A2_FashionDataset\FashionDataset\train\images_train\50403.jpg,0.6051,letterbox
Afternoon_ensemble_MET_63.212a-b_CP4.jpg,2,29449,Watches,Watches,Accessories,Black,Men,Casual,Giordano Men Black Dial Watch,c:\Users\LEGION\Documents\jupyter_notebook\Fashion-Intelligence-System\A2_FashionDataset\FashionDataset\train\images_train\29449.jpg,0.5912,letterbox
Afternoon_ensemble_MET_63.212a-b_CP4.jpg,3,45144,Watches,Watches,Accessories,Black,Women,Casual,CASIO ENTICER Women Black Dial Analogue Watch A443,c:\Users\LEGION\Documents\jupyter_notebook\Fashion-Intelligence-System\A2_FashionDataset\FashionDataset\train\images_train\45144.jpg,0.5845,letterbox
Afternoon_ensemble_MET_63.212a-b_CP4.jpg,4,46926,Perfume and Body Mist,Fragrance,Personal Care,Black,Men,Casual,York Men Prestige Perfume,c:\Users\LEGION\Documents\jupyter_notebook\Fashion-Intelligence-System\A2_FashionDataset\FashionDataset\train\images_train\46926.jpg,0.5825,letterbox
Afternoon_ensemble_MET_63.212a-b_CP4.jpg,5,45240,Watches,Watches,Accessories,Blue,Women,Smart Casual,CASIO Baby-G Women Blue Analogue & Digital Watch BX005,c:\Users\LEGION\Documents\jupyter_notebook\Fashion-Intelligence-System\A2_FashionDataset\FashionDataset\train\images_train\45240.jpg,0.5745,letterbox
Afternoon_ensemble_MET_63.212a-b_CP4.jpg,6,34772,Handbags,Bags,Accessories,Blue,Women,Casual,Be For Bag Women Zoli Blue Bag,c:\Users\LEGION\Documents\jupyter_notebook\Fashion-Intelligence-System\A2_FashionDataset\FashionDataset\train\images_train\34772.jpg,0.571,letterbox
Afternoon_ensemble_MET_63.212a-b_CP4.jpg,7,45138,Watches,Watches,Accessories,Blue,Men,Casual,Casio Enticer Men Silver Multi-Dial Analogue Watches A387 MTP-1246D-2AVDF,c:\Users\LEGION\Documents\jupyter_notebook\Fashion-Intelligence-System\A2_FashionDataset\FashionDataset\train\images_train\45138.jpg,0.5709,letterbox
Afternoon_ensemble_MET_63.212a-b_CP4.jpg,8,48015,Watches,Watches,Accessories,Black,Women,Casual,Helix Women Black Watch,c:\Users\LEGION\Documents\jupyter_notebook\Fashion-Intelligence-System\A2_FashionDataset\FashionDataset\train\images_train\48015.jpg,0.5709,letterbox
Collier_ruban_or_vermeil_2.webp,1,30076,Watches,Watches,Accessories,Brown,Women,Casual,Ed Hardy Women Brown Dial Watch,c:\Users\LEGION\Documents\jupyter_notebook\Fashion-Intelligence-System\A2_FashionDataset\FashionDataset\train\images_train\30076.jpg,0.7112,letterbox
Collier_ruban_or_vermeil_2.webp,2,27470,Camisoles,Innerwear,Apparel,Skin,Women,Casual,Jockey Beige Camisole,c:\Users\LEGION\Documents\jupyter_notebook\Fashion-Intelligence-System\A2_FashionDataset\FashionDataset\train\images_train\27470.jpg,0.6898,letterbox
Collier_ruban_or_vermeil_2.webp,3,49109,Foundation and Primer,Makeup,Personal Care,Skin,Women,Casual,Deborah Age Reset Anti Ageing Foundation 01,c:\Users\LEGION\Documents\jupyter_notebook\Fashion-Intelligence-System\A2_FashionDataset\FashionDataset\train\images_train\49109.jpg,0.6563,letterbox
Collier_ruban_or_vermeil_2.webp,4,27517,Briefs,Innerwear,Apparel,Skin,Women,Casual,Jockey Lace Stretch Skin Boy Leg Brief,c:\Users\LEGION\Documents\jupyter_notebook\Fashion-Intelligence-System\A2_FashionDataset\FashionDataset\train\images_train\27517.jpg,0.6293,letterbox
Collier_ruban_or_vermeil_2.webp,5,8068,Wallets,Wallets,Accessories,Brown,Men,Casual,Fastrack Men Non Leather Drak Brown Wallet,c:\Users\LEGION\Documents\jupyter_notebook\Fashion-Intelligence-System\A2_FashionDataset\FashionDataset\train\images_train\8068.jpg,0.6235,letterbox
Collier_ruban_or_vermeil_2.webp,6,49099,Foundation and Primer,Makeup,Personal Care,Skin,Women,Casual,Deborah 24 Ore Perfect Foundation Apricot 4,c:\Users\LEGION\Documents\jupyter_notebook\Fashion-Intelligence-System\A2_FashionDataset\FashionDataset\train\images_train\49099.jpg,0.6151,letterbox
Collier_ruban_or_vermeil_2.webp,7,33444,Handbags,Bags,Accessories,Brown,Women,Casual,Baggit Women Camel Brown Sling Bag,c:\Users\LEGION\Documents\jupyter_notebook\Fashion-Intelligence-System\A2_FashionDataset\FashionDataset\train\images_train\33444.jpg,0.6033,letterbox
Collier_ruban_or_vermeil_2.webp,8,49138,Foundation and Primer,Makeup,Personal Care,Skin,Women,Casual,Deborah Nude Perfection 5 Foundation,c:\Users\LEGION\Documents\jupyter_notebook\Fashion-Intelligence-System\A2_FashionDataset\FashionDataset\train\images_train\49138.jpg,0.6,letterbox
d8ff992811e561202194328c9562a843.jpg,1,30533,Bra,Innerwear,Apparel,Black,Women,Casual,Lovable Cotton Essensuals Black Bra,c:\Users\LEGION\Documents\jupyter_notebook\Fashion-Intelligence-System\A2_FashionDataset\FashionDataset\train\images_train\30533.jpg,0.612,letterbox
d8ff992811e561202194328c9562a843.jpg,2,50000,Bra,Innerwear,Apparel,Black,Women,Sports,Hanes Women Black Cotton Stretch Racer Back Sports Bra,c:\Users\LEGION\Documents\jupyter_notebook\Fashion-Intelligence-System\A2_FashionDataset\FashionDataset\train\images_train\50000.jpg,0.6108,letterbox
d8ff992811e561202194328c9562a843.jpg,3,30528,Bra,Innerwear,Apparel,Black,Women,Casual,Lovable Cotton Essensuals Black Bra,c:\Users\LEGION\Documents\jupyter_notebook\Fashion-Intelligence-System\A2_FashionDataset\FashionDataset\train\images_train\30528.jpg,0.6048,letterbox
d8ff992811e561202194328c9562a843.jpg,4,27402,Bra,Innerwear,Apparel,Black,Women,Casual,Jockey Essence Jane Black Bra,c:\Users\LEGION\Documents\jupyter_notebook\Fashion-Intelligence-System\A2_FashionDataset\FashionDataset\train\images_train\27402.jpg,0.5945,letterbox
d8ff992811e561202194328c9562a843.jpg,5,21610,Bra,Innerwear,Apparel,Black,Women,Casual,Enamor Women Smooth Black Bra,c:\Users\LEGION\Documents\jupyter_notebook\Fashion-Intelligence-System\A2_FashionDataset\FashionDataset\train\images_train\21610.jpg,0.5914,letterbox
d8ff992811e561202194328c9562a843.jpg,6,50012,Bra,Innerwear,Apparel,Black,Women,Sports,Hanes Women Black Cotton Stretch Moulded Cup Bra,c:\Users\LEGION\Documents\jupyter_notebook\Fashion-Intelligence-System\A2_FashionDataset\FashionDataset\train\images_train\50012.jpg,0.5889,letterbox
d8ff992811e561202194328c9562a843.jpg,7,27502,Bra,Innerwear,Apparel,Black,Women,Casual,Jockey Black Moulded Cami Bra SS12,c:\Users\LEGION\Documents\jupyter_notebook\Fashion-Intelligence-System\A2_FashionDataset\FashionDataset\train\images_train\27502.jpg,0.5871,letterbox
d8ff992811e561202194328c9562a843.jpg,8,30529,Bra,Innerwear,Apparel,Skin,Women,Casual,Lovable Cotton Essensuals Skin Coloured Bra,c:\Users\LEGION\Documents\jupyter_notebook\Fashion-Intelligence-System\A2_FashionDataset\FashionDataset\train\images_train\30529.jpg,0.5858,letterbox
giay-local-brand-viet-nam_b140845b-6e68-45f7-af85-4c504c4d1571.webp,1,14140,Cufflinks,Cufflinks,Accessories,Steel,Men,Formal,Belmonte Men Bright Assorted Steel Cufflinks,c:\Users\LEGION\Documents\jupyter_notebook\Fashion-Intelligence-System\A2_FashionDataset\FashionDataset\train\images_train\14140.jpg,0.5953,letterbox
giay-local-brand-viet-nam_b140845b-6e68-45f7-af85-4c504c4d1571.webp,2,14156,Cufflinks,Cufflinks,Accessories,Steel,Men,Formal,Belmonte Men Bright Assorted Steel Cufflinks,c:\Users\LEGION\Documents\jupyter_notebook\Fashion-Intelligence-System\A2_FashionDataset\FashionDataset\train\images_train\14156.jpg,0.5782,letterbox
giay-local-brand-viet-nam_b140845b-6e68-45f7-af85-4c504c4d1571.webp,3,14161,Cufflinks,Cufflinks,Accessories,Steel,Men,Formal,Belmonte Men Textured Steel Cufflinks,c:\Users\LEGION\Documents\jupyter_notebook\Fashion-Intelligence-System\A2_FashionDataset\FashionDataset\train\images_train\14161.jpg,0.5554,letterbox
giay-local-brand-viet-nam_b140845b-6e68-45f7-af85-4c504c4d1571.webp,4,39036,Cufflinks,Cufflinks,Accessories,Black,Men,Formal,Belmonte Men Black Bright Assorted Cufflinks,c:\Users\LEGION\Documents\jupyter_notebook\Fashion-Intelligence-System\A2_FashionDataset\FashionDataset\train\images_train\39036.jpg,0.549,letterbox
giay-local-brand-viet-nam_b140845b-6e68-45f7-af85-4c504c4d1571.webp,5,24772,Cufflinks,Cufflinks,Accessories,Silver,Men,Casual,Belmonte Men Silver Cufflinks,c:\Users\LEGION\Documents\jupyter_notebook\Fashion-Intelligence-System\A2_FashionDataset\FashionDataset\train\images_train\24772.jpg,0.5489,letterbox
giay-local-brand-viet-nam_b140845b-6e68-45f7-af85-4c504c4d1571.webp,6,14147,Cufflinks,Cufflinks,Accessories,Steel,Men,Formal,Belmonte Men Bright Assorted Steel Cufflinks,c:\Users\LEGION\Documents\jupyter_notebook\Fashion-Intelligence-System\A2_FashionDataset\FashionDataset\train\images_train\14147.jpg,0.5475,letterbox
giay-local-brand-viet-nam_b140845b-6e68-45f7-af85-4c504c4d1571.webp,7,39033,Cufflinks,Cufflinks,Accessories,Steel,Men,Formal,Belmonte Men Steel Bright Assorted Cufflinks,c:\Users\LEGION\Documents\jupyter_notebook\Fashion-Intelligence-System\A2_FashionDataset\FashionDataset\train\images_train\39033.jpg,0.5449,letterbox
giay-local-brand-viet-nam_b140845b-6e68-45f7-af85-4c504c4d1571.webp,8,39038,Cufflinks,Cufflinks,Accessories,White,Men,Formal,Belmonte Men White Bright Assorted Cufflinks,c:\Users\LEGION\Documents\jupyter_notebook\Fashion-Intelligence-System\A2_FashionDataset\FashionDataset\train\images_train\39038.jpg,0.5445,letterbox
images (1).jpg,1,42917,Wallets,Wallets,Accessories,White,Women,Casual,French Connection Women Cream Wallet,c:\Users\LEGION\Documents\jupyter_notebook\Fashion-Intelligence-System\A2_FashionDataset\FashionDataset\train\images_train\42917.jpg,0.8254,letterbox
images (1).jpg,2,36511,Wallets,Wallets,Accessories,Cream,Women,Casual,United Colors of Benetton Women Cream Wallet,c:\Users\LEGION\Documents\jupyter_notebook\Fashion-Intelligence-System\A2_FashionDataset\FashionDataset\train\images_train\36511.jpg,0.788,letterbox
images (1).jpg,3,20582,Wallets,Wallets,Accessories,White,Women,Casual,Baggit Women Karma Taj White Wallet,c:\Users\LEGION\Documents\jupyter_notebook\Fashion-Intelligence-System\A2_FashionDataset\FashionDataset\train\images_train\20582.jpg,0.7709,letterbox
images (1).jpg,4,42926,Wallets,Wallets,Accessories,White,Women,Casual,French Connection Women White Wallet,c:\Users\LEGION\Documents\jupyter_notebook\Fashion-Intelligence-System\A2_FashionDataset\FashionDataset\train\images_train\42926.jpg,0.7704,letterbox
images (1).jpg,5,20477,Wallets,Wallets,Accessories,Beige,Women,Casual,Baggit Women Oscar Opart Beige Wallet,c:\Users\LEGION\Documents\jupyter_notebook\Fashion-Intelligence-System\A2_FashionDataset\FashionDataset\train\images_train\20477.jpg,0.7637,letterbox
images (1).jpg,6,33449,Wallets,Wallets,Accessories,Beige,Women,Casual,Baggit Women Rope Sparklecrush Beige Wallet,c:\Users\LEGION\Documents\jupyter_notebook\Fashion-Intelligence-System\A2_FashionDataset\FashionDataset\train\images_train\33449.jpg,0.7297,letterbox
images (1).jpg,7,48327,Handbags,Bags,Accessories,Green,Women,Casual,Pitaraa Women Green Sling Bag,c:\Users\LEGION\Documents\jupyter_notebook\Fashion-Intelligence-System\A2_FashionDataset\FashionDataset\train\images_train\48327.jpg,0.7284,letterbox
images (1).jpg,8,27045,Clutches,Bags,Accessories,Off White,Women,Casual,Yelloe Off White Fur Zip Clutch,c:\Users\LEGION\Documents\jupyter_notebook\Fashion-Intelligence-System\A2_FashionDataset\FashionDataset\train\images_train\27045.jpg,0.7274,letterbox
images (2).jpg,1,27206,Shorts,Bottomwear,Apparel,Blue,Men,Casual,Doodle Kids Boy Light Blue Shorts,c:\Users\LEGION\Documents\jupyter_notebook\Fashion-Intelligence-System\A2_FashionDataset\FashionDataset\train\images_train\27206.jpg,0.6769,letterbox
images (2).jpg,2,27205,Shorts,Bottomwear,Apparel,Blue,Men,Casual,Doodle Kids Boy Dark Blue Shorts,c:\Users\LEGION\Documents\jupyter_notebook\Fashion-Intelligence-System\A2_FashionDataset\FashionDataset\train\images_train\27205.jpg,0.6524,letterbox
images (2).jpg,3,10033,Shorts,Bottomwear,Apparel,Navy Blue,Men,Sports,Nike Men As Ad Breakli Navy Blue Shorts,c:\Users\LEGION\Documents\jupyter_notebook\Fashion-Intelligence-System\A2_FashionDataset\FashionDataset\train\images_train\10033.jpg,0.6402,letterbox
images (2).jpg,4,1620,Shorts,Bottomwear,Apparel,Blue,Men,Sports,Reebok Men Micro Shorts,c:\Users\LEGION\Documents\jupyter_notebook\Fashion-Intelligence-System\A2_FashionDataset\FashionDataset\train\images_train\1620.jpg,0.6351,letterbox
images (2).jpg,5,13231,Shorts,Bottomwear,Apparel,Blue,Men,Casual,Palm Tree Kids Boys Washed Blue Shorts,c:\Users\LEGION\Documents\jupyter_notebook\Fashion-Intelligence-System\A2_FashionDataset\FashionDataset\train\images_train\13231.jpg,0.6334,letterbox
images (2).jpg,6,13230,Shorts,Bottomwear,Apparel,Blue,Men,Casual,Palm Tree Kids Boys Washed Blue Shorts,c:\Users\LEGION\Documents\jupyter_notebook\Fashion-Intelligence-System\A2_FashionDataset\FashionDataset\train\images_train\13230.jpg,0.6334,letterbox
images (2).jpg,7,2187,Shorts,Bottomwear,Apparel,Navy Blue,Men,Sports,ADIDAS Men Stripe Navy Short,c:\Users\LEGION\Documents\jupyter_notebook\Fashion-Intelligence-System\A2_FashionDataset\FashionDataset\train\images_train\2187.jpg,0.6324,letterbox
images (2).jpg,8,15644,Shorts,Bottomwear,Apparel,Navy Blue,Men,Sports,Nike Men As Df Crckt Navy Blue Shorts,c:\Users\LEGION\Documents\jupyter_notebook\Fashion-Intelligence-System\A2_FashionDataset\FashionDataset\train\images_train\15644.jpg,0.6319,letterbox
images (3).jpg,1,30477,Bra,Innerwear,Apparel,Beige,Women,Casual,Lovable Women Encircle Beige Bra,c:\Users\LEGION\Documents\jupyter_notebook\Fashion-Intelligence-System\A2_FashionDataset\FashionDataset\train\images_train\30477.jpg,0.6879,letterbox
images (3).jpg,2,27452,Bra,Innerwear,Apparel,White,Women,Casual,Jockey Essence White Solid Non-Wired Non-Padded Slim FIt Bra 1615,c:\Users\LEGION\Documents\jupyter_notebook\Fashion-Intelligence-System\A2_FashionDataset\FashionDataset\train\images_train\27452.jpg,0.6545,letterbox
images (3).jpg,3,27451,Bra,Innerwear,Apparel,Beige,Women,Casual,Jockey Essence Beige Full-Coverage Bra 1615,c:\Users\LEGION\Documents\jupyter_notebook\Fashion-Intelligence-System\A2_FashionDataset\FashionDataset\train\images_train\27451.jpg,0.6466,letterbox
images (3).jpg,4,50042,Bra,Innerwear,Apparel,Beige,Women,Casual,Hanes Women Beige Concealing Petals Underwire Moulded Bra,c:\Users\LEGION\Documents\jupyter_notebook\Fashion-Intelligence-System\A2_FashionDataset\FashionDataset\train\images_train\50042.jpg,0.6387,letterbox
images (3).jpg,5,27141,Bra,Innerwear,Apparel,Beige,Women,Casual,Miss-T Beige Bra,c:\Users\LEGION\Documents\jupyter_notebook\Fashion-Intelligence-System\A2_FashionDataset\FashionDataset\train\images_train\27141.jpg,0.6266,letterbox
images (3).jpg,6,30499,Bra,Innerwear,Apparel,Beige,Women,Casual,Lovable Women Fiona Beige Bra,c:\Users\LEGION\Documents\jupyter_notebook\Fashion-Intelligence-System\A2_FashionDataset\FashionDataset\train\images_train\30499.jpg,0.6246,letterbox
images (3).jpg,7,30483,Bra,Innerwear,Apparel,Cream,Women,Casual,Lovable Women Tease Yellow Bra,c:\Users\LEGION\Documents\jupyter_notebook\Fashion-Intelligence-System\A2_FashionDataset\FashionDataset\train\images_train\30483.jpg,0.6218,letterbox
images (3).jpg,8,50968,Bra,Innerwear,Apparel,White,Women,Casual,Enamor White Lift Bra,c:\Users\LEGION\Documents\jupyter_notebook\Fashion-Intelligence-System\A2_FashionDataset\FashionDataset\train\images_train\50968.jpg,0.621,letterbox
images (4).jpg,1,27457,Bra,Innerwear,Apparel,Black,Women,Casual,Jockey Black Seamless Bra 1672,c:\Users\LEGION\Documents\jupyter_notebook\Fashion-Intelligence-System\A2_FashionDataset\FashionDataset\train\images_train\27457.jpg,0.6873,letterbox
images (4).jpg,2,30533,Bra,Innerwear,Apparel,Black,Women,Casual,Lovable Cotton Essensuals Black Bra,c:\Users\LEGION\Documents\jupyter_notebook\Fashion-Intelligence-System\A2_FashionDataset\FashionDataset\train\images_train\30533.jpg,0.6792,letterbox
images (4).jpg,3,21610,Bra,Innerwear,Apparel,Black,Women,Casual,Enamor Women Smooth Black Bra,c:\Users\LEGION\Documents\jupyter_notebook\Fashion-Intelligence-System\A2_FashionDataset\FashionDataset\train\images_train\21610.jpg,0.6671,letterbox
images (4).jpg,4,30475,Bra,Innerwear,Apparel,Black,Women,Casual,Lovable Women Encircle Black Bra,c:\Users\LEGION\Documents\jupyter_notebook\Fashion-Intelligence-System\A2_FashionDataset\FashionDataset\train\images_train\30475.jpg,0.6664,letterbox
images (4).jpg,5,21650,Bra,Innerwear,Apparel,Black,Women,Casual,Enamor Women Classique Black Bra,c:\Users\LEGION\Documents\jupyter_notebook\Fashion-Intelligence-System\A2_FashionDataset\FashionDataset\train\images_train\21650.jpg,0.6609,letterbox
images (4).jpg,6,51825,Bra,Innerwear,Apparel,Black,Women,Casual,Bwitch  Black Bra,c:\Users\LEGION\Documents\jupyter_notebook\Fashion-Intelligence-System\A2_FashionDataset\FashionDataset\train\images_train\51825.jpg,0.654,letterbox
images (4).jpg,7,27402,Bra,Innerwear,Apparel,Black,Women,Casual,Jockey Essence Jane Black Bra,c:\Users\LEGION\Documents\jupyter_notebook\Fashion-Intelligence-System\A2_FashionDataset\FashionDataset\train\images_train\27402.jpg,0.6516,letterbox
images (4).jpg,8,27454,Bra,Innerwear,Apparel,Black,Women,Casual,Jockey Black Full-Coverage Bra 1616,c:\Users\LEGION\Documents\jupyter_notebook\Fashion-Intelligence-System\A2_FashionDataset\FashionDataset\train\images_train\27454.jpg,0.6504,letterbox
images (5).jpg,1,51619,Jeggings,Bottomwear,Apparel,White,Women,Casual,Kraus Jeans Women White Jeggings,c:\Users\LEGION\Documents\jupyter_notebook\Fashion-Intelligence-System\A2_FashionDataset\FashionDataset\train\images_train\51619.jpg,0.5972,letterbox
images (5).jpg,2,42410,Briefs,Innerwear,Apparel,White,Men,Casual,Basics Men White Hip Brief,c:\Users\LEGION\Documents\jupyter_notebook\Fashion-Intelligence-System\A2_FashionDataset\FashionDataset\train\images_train\42410.jpg,0.568,letterbox
images (5).jpg,3,50985,Briefs,Innerwear,Apparel,White,Women,Casual,Enamor Women White Brief,c:\Users\LEGION\Documents\jupyter_notebook\Fashion-Intelligence-System\A2_FashionDataset\FashionDataset\train\images_train\50985.jpg,0.5642,letterbox
images (5).jpg,4,34613,Briefs,Innerwear,Apparel,White,Men,Casual,Hanes Men ComfortSoft Pack of 2 Waistband Hip Briefs,c:\Users\LEGION\Documents\jupyter_notebook\Fashion-Intelligence-System\A2_FashionDataset\FashionDataset\train\images_train\34613.jpg,0.5642,letterbox
images (5).jpg,5,15801,Briefs,Innerwear,Apparel,Blue,Men,Casual,Facit Men Mid- Rise BF Blue Briefs,c:\Users\LEGION\Documents\jupyter_notebook\Fashion-Intelligence-System\A2_FashionDataset\FashionDataset\train\images_train\15801.jpg,0.5594,letterbox
images (5).jpg,6,31407,Briefs,Innerwear,Apparel,White,Men,Casual,Spykar Men White Pandro Brief,c:\Users\LEGION\Documents\jupyter_notebook\Fashion-Intelligence-System\A2_FashionDataset\FashionDataset\train\images_train\31407.jpg,0.5565,letterbox
images (5).jpg,7,50989,Briefs,Innerwear,Apparel,Gold,Women,Casual,Enamor Women Gold Briefs,c:\Users\LEGION\Documents\jupyter_notebook\Fashion-Intelligence-System\A2_FashionDataset\FashionDataset\train\images_train\50989.jpg,0.5504,letterbox
images (5).jpg,8,42407,Briefs,Innerwear,Apparel,White,Men,Casual,Basics Men White Printed Fashion Brief,c:\Users\LEGION\Documents\jupyter_notebook\Fashion-Intelligence-System\A2_FashionDataset\FashionDataset\train\images_train\42407.jpg,0.5385,letterbox
images (6).jpg,1,51031,Bra,Innerwear,Apparel,White,Women,Casual,Enamor White Bra,c:\Users\LEGION\Documents\jupyter_notebook\Fashion-Intelligence-System\A2_FashionDataset\FashionDataset\train\images_train\51031.jpg,0.7304,letterbox
images (6).jpg,2,30480,Bra,Innerwear,Apparel,Pink,Women,Casual,Lovable Women Tease Pink Bra,c:\Users\LEGION\Documents\jupyter_notebook\Fashion-Intelligence-System\A2_FashionDataset\FashionDataset\train\images_train\30480.jpg,0.7158,letterbox
images (6).jpg,3,50976,Bra,Innerwear,Apparel,Pink,Women,Casual,Enamor Petal Pink Bra,c:\Users\LEGION\Documents\jupyter_notebook\Fashion-Intelligence-System\A2_FashionDataset\FashionDataset\train\images_train\50976.jpg,0.6988,letterbox
images (6).jpg,4,30463,Bra,Innerwear,Apparel,Pink,Women,Casual,Lovable Women All Day Long Pink Bra,c:\Users\LEGION\Documents\jupyter_notebook\Fashion-Intelligence-System\A2_FashionDataset\FashionDataset\train\images_train\30463.jpg,0.6976,letterbox
images (6).jpg,5,27129,Bra,Innerwear,Apparel,White,Women,Casual,Miss-T White Bra,c:\Users\LEGION\Documents\jupyter_notebook\Fashion-Intelligence-System\A2_FashionDataset\FashionDataset\train\images_train\27129.jpg,0.6813,letterbox
images (6).jpg,6,27449,Bra,Innerwear,Apparel,Pink,Women,Casual,Jockey Essence Pink Full-Coverage Slim Fit Bra 1615-0105,c:\Users\LEGION\Documents\jupyter_notebook\Fashion-Intelligence-System\A2_FashionDataset\FashionDataset\train\images_train\27449.jpg,0.6809,letterbox
images (6).jpg,7,30483,Bra,Innerwear,Apparel,Cream,Women,Casual,Lovable Women Tease Yellow Bra,c:\Users\LEGION\Documents\jupyter_notebook\Fashion-Intelligence-System\A2_FashionDataset\FashionDataset\train\images_train\30483.jpg,0.6801,letterbox
images (6).jpg,8,21629,Bra,Innerwear,Apparel,White,Women,Casual,Enamor Women Lift White Bra,c:\Users\LEGION\Documents\jupyter_notebook\Fashion-Intelligence-System\A2_FashionDataset\FashionDataset\train\images_train\21629.jpg,0.6773,letterbox
images.jpg,1,1917,Casual Shoes,Shoes,Footwear,White,Men,Casual,Puma Men White Sneakers,c:\Users\LEGION\Documents\jupyter_notebook\Fashion-Intelligence-System\A2_FashionDataset\FashionDataset\train\images_train\1917.jpg,0.6366,letterbox
images.jpg,2,5408,Sports Shoes,Shoes,Footwear,Blue,Unisex,Sports,Quechua Wayta Jr Blue,c:\Users\LEGION\Documents\jupyter_notebook\Fashion-Intelligence-System\A2_FashionDataset\FashionDataset\train\images_train\5408.jpg,0.6216,letterbox
images.jpg,3,45098,Briefs,Innerwear,Apparel,Pink,Women,Casual,Bwitch Fushia Pink Sapphire Brief,c:\Users\LEGION\Documents\jupyter_notebook\Fashion-Intelligence-System\A2_FashionDataset\FashionDataset\train\images_train\45098.jpg,0.6084,letterbox
images.jpg,4,4453,Caps,Headwear,Accessories,White,Unisex,Casual,Nike Unisex Rodger Federer White Grey Red Cap,c:\Users\LEGION\Documents\jupyter_notebook\Fashion-Intelligence-System\A2_FashionDataset\FashionDataset\train\images_train\4453.jpg,0.6028,letterbox
images.jpg,5,50968,Bra,Innerwear,Apparel,White,Women,Casual,Enamor White Lift Bra,c:\Users\LEGION\Documents\jupyter_notebook\Fashion-Intelligence-System\A2_FashionDataset\FashionDataset\train\images_train\50968.jpg,0.6026,letterbox
images.jpg,6,16016,Scarves,Scarves,Accessories,White,Men,Casual,Turtle Check Men White Scarf,c:\Users\LEGION\Documents\jupyter_notebook\Fashion-Intelligence-System\A2_FashionDataset\FashionDataset\train\images_train\16016.jpg,0.6,letterbox
images.jpg,7,38308,Scarves,Scarves,Accessories,Blue,Men,Casual,Reid & Taylor Men Blue Scarf,c:\Users\LEGION\Documents\jupyter_notebook\Fashion-Intelligence-System\A2_FashionDataset\FashionDataset\train\images_train\38308.jpg,0.5995,letterbox
images.jpg,8,38565,Caps,Headwear,Accessories,White,Men,Casual,Nike Men White Bull Logo Cap,c:\Users\LEGION\Documents\jupyter_notebook\Fashion-Intelligence-System\A2_FashionDataset\FashionDataset\train\images_train\38565.jpg,0.5955,letterbox
mygoods_34_475601_3x4-ezgif.com-avif-to-jpg-converter-1.jpg,1,50899,Sarees,Saree,Apparel,Beige,Women,Ethnic,Prafful Beige & Purple Printed Sari,c:\Users\LEGION\Documents\jupyter_notebook\Fashion-Intelligence-System\A2_FashionDataset\FashionDataset\train\images_train\50899.jpg,0.6762,letterbox
mygoods_34_475601_3x4-ezgif.com-avif-to-jpg-converter-1.jpg,2,50898,Sarees,Saree,Apparel,Beige,Women,Ethnic,Prafful Beige & Maroon Printed Sari,c:\Users\LEGION\Documents\jupyter_notebook\Fashion-Intelligence-System\A2_FashionDataset\FashionDataset\train\images_train\50898.jpg,0.6605,letterbox
mygoods_34_475601_3x4-ezgif.com-avif-to-jpg-converter-1.jpg,3,34952,Sarees,Saree,Apparel,Beige,Women,Ethnic,Fabindia Women H& Printed Beige Sari,c:\Users\LEGION\Documents\jupyter_notebook\Fashion-Intelligence-System\A2_FashionDataset\FashionDataset\train\images_train\34952.jpg,0.6562,letterbox
mygoods_34_475601_3x4-ezgif.com-avif-to-jpg-converter-1.jpg,4,34960,Sarees,Saree,Apparel,Beige,Women,Ethnic,Fabindia Women H& Printed Beige Sari,c:\Users\LEGION\Documents\jupyter_notebook\Fashion-Intelligence-System\A2_FashionDataset\FashionDataset\train\images_train\34960.jpg,0.6459,letterbox
mygoods_34_475601_3x4-ezgif.com-avif-to-jpg-converter-1.jpg,5,34956,Sarees,Saree,Apparel,Beige,Women,Ethnic,Fabindia Beige Jaipur Print Cotton Sari,c:\Users\LEGION\Documents\jupyter_notebook\Fashion-Intelligence-System\A2_FashionDataset\FashionDataset\train\images_train\34956.jpg,0.6181,letterbox
mygoods_34_475601_3x4-ezgif.com-avif-to-jpg-converter-1.jpg,6,34949,Sarees,Saree,Apparel,Black,Women,Ethnic,Fabindia Women H& Printed Black Sari,c:\Users\LEGION\Documents\jupyter_notebook\Fashion-Intelligence-System\A2_FashionDataset\FashionDataset\train\images_train\34949.jpg,0.6135,letterbox
mygoods_34_475601_3x4-ezgif.com-avif-to-jpg-converter-1.jpg,7,50861,Sarees,Saree,Apparel,Cream,Women,Ethnic,Prafful Cream & Purple Printed Sari,c:\Users\LEGION\Documents\jupyter_notebook\Fashion-Intelligence-System\A2_FashionDataset\FashionDataset\train\images_train\50861.jpg,0.6052,letterbox
mygoods_34_475601_3x4-ezgif.com-avif-to-jpg-converter-1.jpg,8,34986,Sarees,Saree,Apparel,Beige,Women,Ethnic,Fabindia Women H& Printed Beige Sari,c:\Users\LEGION\Documents\jupyter_notebook\Fashion-Intelligence-System\A2_FashionDataset\FashionDataset\train\images_train\34986.jpg,0.6042,letterbox
The_dress_blueblackwhitegold.jpg,1,19911,Messenger Bag,Bags,Accessories,Grey,Unisex,Casual,Wildcraft Unisex Grey Printed Messenger Bag,c:\Users\LEGION\Documents\jupyter_notebook\Fashion-Intelligence-System\A2_FashionDataset\FashionDataset\train\images_train\19911.jpg,0.6633,letterbox
The_dress_blueblackwhitegold.jpg,2,10400,Watches,Watches,Accessories,Black,Women,Casual,Puma Women Flux Shadow  266 Black Watches,c:\Users\LEGION\Documents\jupyter_notebook\Fashion-Intelligence-System\A2_FashionDataset\FashionDataset\train\images_train\10400.jpg,0.646,letterbox
The_dress_blueblackwhitegold.jpg,3,5265,Messenger Bag,Bags,Accessories,Black,Unisex,Casual,Wildcraft Unisex Black & Red Messenger Bag,c:\Users\LEGION\Documents\jupyter_notebook\Fashion-Intelligence-System\A2_FashionDataset\FashionDataset\train\images_train\5265.jpg,0.6432,letterbox
The_dress_blueblackwhitegold.jpg,4,20853,Handbags,Bags,Accessories,Brown,Women,Casual,Spice Art Women Casual Mouse Brown HandBag,c:\Users\LEGION\Documents\jupyter_notebook\Fashion-Intelligence-System\A2_FashionDataset\FashionDataset\train\images_train\20853.jpg,0.6379,letterbox
The_dress_blueblackwhitegold.jpg,5,7099,Handbags,Bags,Accessories,Grey,Unisex,Casual,Wildcraft Unisex Grey Camera Bag,c:\Users\LEGION\Documents\jupyter_notebook\Fashion-Intelligence-System\A2_FashionDataset\FashionDataset\train\images_train\7099.jpg,0.6345,letterbox
The_dress_blueblackwhitegold.jpg,6,5260,Messenger Bag,Bags,Accessories,Blue,Unisex,Casual,Wildcraft Unisex Blue Printed Messenger Bag,c:\Users\LEGION\Documents\jupyter_notebook\Fashion-Intelligence-System\A2_FashionDataset\FashionDataset\train\images_train\5260.jpg,0.6337,letterbox
The_dress_blueblackwhitegold.jpg,7,11645,Watches,Watches,Accessories,Black,Men,Casual,Puma Men Flux-L Black Watch,c:\Users\LEGION\Documents\jupyter_notebook\Fashion-Intelligence-System\A2_FashionDataset\FashionDataset\train\images_train\11645.jpg,0.632,letterbox
The_dress_blueblackwhitegold.jpg,8,4614,Handbags,Bags,Accessories,Blue,Unisex,Casual,Wildcraft Unisex Blue & Grey Printed Sling Bag,c:\Users\LEGION\Documents\jupyter_notebook\Fashion-Intelligence-System\A2_FashionDataset\FashionDataset\train\images_train\4614.jpg,0.6312,letterbox
1017_women_0023_a36fe2486db54e83b62813b56147a042_master.webp,1,7657,Socks,Socks,Accessories,Black,Men,Casual,Wrangler Men's Black Ankle Length Socks,c:\Users\LEGION\Documents\jupyter_notebook\Fashion-Intelligence-System\A2_FashionDataset\FashionDataset\train\images_train\7657.jpg,0.5249,crop
1017_women_0023_a36fe2486db54e83b62813b56147a042_master.webp,2,9357,Socks,Socks,Accessories,White,Men,Casual,Puma Men Sport Pack of 3 Socks,c:\Users\LEGION\Documents\jupyter_notebook\Fashion-Intelligence-System\A2_FashionDataset\FashionDataset\train\images_train\9357.jpg,0.5117,crop
1017_women_0023_a36fe2486db54e83b62813b56147a042_master.webp,3,51810,Nightdress,Loungewear and Nightwear,Apparel,Black,Women,Casual,Bwitch Black Nightdress,c:\Users\LEGION\Documents\jupyter_notebook\Fashion-Intelligence-System\A2_FashionDataset\FashionDataset\train\images_train\51810.jpg,0.5006,crop
1017_women_0023_a36fe2486db54e83b62813b56147a042_master.webp,4,51966,Nightdress,Loungewear and Nightwear,Apparel,Blue,Women,Casual,Inaya Women Blue Nightdress,c:\Users\LEGION\Documents\jupyter_notebook\Fashion-Intelligence-System\A2_FashionDataset\FashionDataset\train\images_train\51966.jpg,0.4909,crop
1017_women_0023_a36fe2486db54e83b62813b56147a042_master.webp,5,7656,Socks,Socks,Accessories,Navy Blue,Men,Casual,Wrangler Men's Navy Ankle Length Socks,c:\Users\LEGION\Documents\jupyter_notebook\Fashion-Intelligence-System\A2_FashionDataset\FashionDataset\train\images_train\7656.jpg,0.4874,crop
1017_women_0023_a36fe2486db54e83b62813b56147a042_master.webp,6,18947,Socks,Socks,Accessories,Black,Men,Casual,Levis Men Trainer Liner Flat Knit Pack of 3 Socks,c:\Users\LEGION\Documents\jupyter_notebook\Fashion-Intelligence-System\A2_FashionDataset\FashionDataset\train\images_train\18947.jpg,0.4803,crop
1017_women_0023_a36fe2486db54e83b62813b56147a042_master.webp,7,40038,Socks,Socks,Accessories,White,Unisex,Casual,ADIDAS Unisex White Pack of 3 Socks,c:\Users\LEGION\Documents\jupyter_notebook\Fashion-Intelligence-System\A2_FashionDataset\FashionDataset\train\images_train\40038.jpg,0.4758,crop
1017_women_0023_a36fe2486db54e83b62813b56147a042_master.webp,8,18943,Socks,Socks,Accessories,Black,Men,Casual,Levis Men Half Cushion Low Cut Pack of 3 Socks,c:\Users\LEGION\Documents\jupyter_notebook\Fashion-Intelligence-System\A2_FashionDataset\FashionDataset\train\images_train\18943.jpg,0.4737,crop
2b3f6ff00db7a1efae21d85cfb8995eaff2da8d8.png,1,32582,Dresses,Dress,Apparel,Yellow,Women,Casual,ONLY Women Yellow Dotted Print Dress,c:\Users\LEGION\Documents\jupyter_notebook\Fashion-Intelligence-System\A2_FashionDataset\FashionDataset\train\images_train\32582.jpg,0.5718,crop
2b3f6ff00db7a1efae21d85cfb8995eaff2da8d8.png,2,17782,Ties,Ties,Accessories,Yellow,Men,Formal,Reid & Taylor Men Stripes Yellow Tie,c:\Users\LEGION\Documents\jupyter_notebook\Fashion-Intelligence-System\A2_FashionDataset\FashionDataset\train\images_train\17782.jpg,0.5294,crop
2b3f6ff00db7a1efae21d85cfb8995eaff2da8d8.png,3,39616,Casual Shoes,Shoes,Footwear,Yellow,Women,Casual,Catwalk Women Yellow Shoes,c:\Users\LEGION\Documents\jupyter_notebook\Fashion-Intelligence-System\A2_FashionDataset\FashionDataset\train\images_train\39616.jpg,0.5202,crop
2b3f6ff00db7a1efae21d85cfb8995eaff2da8d8.png,4,28976,Kurta Sets,Apparel Set,Apparel,Yellow,Women,Ethnic,Biba Women Yellow Churidar Kurta with Dupatta,c:\Users\LEGION\Documents\jupyter_notebook\Fashion-Intelligence-System\A2_FashionDataset\FashionDataset\train\images_train\28976.jpg,0.5128,crop
2b3f6ff00db7a1efae21d85cfb8995eaff2da8d8.png,5,43554,Socks,Socks,Accessories,Cream,Women,Casual,Puma Women Cream Socks,c:\Users\LEGION\Documents\jupyter_notebook\Fashion-Intelligence-System\A2_FashionDataset\FashionDataset\train\images_train\43554.jpg,0.5127,crop
2b3f6ff00db7a1efae21d85cfb8995eaff2da8d8.png,6,7673,Socks,Socks,Accessories,Green,Women,Casual,Wrangler Women's Agate Green Secret Socks,c:\Users\LEGION\Documents\jupyter_notebook\Fashion-Intelligence-System\A2_FashionDataset\FashionDataset\train\images_train\7673.jpg,0.5127,crop
2b3f6ff00db7a1efae21d85cfb8995eaff2da8d8.png,7,37537,Booties,Socks,Apparel,Yellow,Boys,Casual,Madagascar 3 Infant Boys Yellow Booties,c:\Users\LEGION\Documents\jupyter_notebook\Fashion-Intelligence-System\A2_FashionDataset\FashionDataset\train\images_train\37537.jpg,0.4969,crop
2b3f6ff00db7a1efae21d85cfb8995eaff2da8d8.png,8,2701,Tops,Topwear,Apparel,Yellow,Girls,Casual,Disney Kids Girl's Yellow Daisy Kidswear,c:\Users\LEGION\Documents\jupyter_notebook\Fashion-Intelligence-System\A2_FashionDataset\FashionDataset\train\images_train\2701.jpg,0.4963,crop
3-Stripes_High_Crew_Socks_3_Pairs_White_KD8239_01_01_00_standard.avif,1,9352,Socks,Socks,Accessories,White,Men,Casual,Puma Men Sports Socks 1 Pair White Socks,c:\Users\LEGION\Documents\jupyter_notebook\Fashion-Intelligence-System\A2_FashionDataset\FashionDataset\train\images_train\9352.jpg,0.6984,crop
3-Stripes_High_Crew_Socks_3_Pairs_White_KD8239_01_01_00_standard.avif,2,20827,Socks,Socks,Accessories,White,Women,Sports,Fila Women White Pack of 3 Socks,c:\Users\LEGION\Documents\jupyter_notebook\Fashion-Intelligence-System\A2_FashionDataset\FashionDataset\train\images_train\20827.jpg,0.6866,crop
3-Stripes_High_Crew_Socks_3_Pairs_White_KD8239_01_01_00_standard.avif,3,50400,Watches,Watches,Accessories,Steel,Women,Casual,Miss Sixty Silver Dial Watch,c:\Users\LEGION\Documents\jupyter_notebook\Fashion-Intelligence-System\A2_FashionDataset\FashionDataset\train\images_train\50400.jpg,0.6792,crop
3-Stripes_High_Crew_Socks_3_Pairs_White_KD8239_01_01_00_standard.avif,4,45098,Briefs,Innerwear,Apparel,Pink,Women,Casual,Bwitch Fushia Pink Sapphire Brief,c:\Users\LEGION\Documents\jupyter_notebook\Fashion-Intelligence-System\A2_FashionDataset\FashionDataset\train\images_train\45098.jpg,0.6715,crop
3-Stripes_High_Crew_Socks_3_Pairs_White_KD8239_01_01_00_standard.avif,5,9357,Socks,Socks,Accessories,White,Men,Casual,Puma Men Sport Pack of 3 Socks,c:\Users\LEGION\Documents\jupyter_notebook\Fashion-Intelligence-System\A2_FashionDataset\FashionDataset\train\images_train\9357.jpg,0.6623,crop
3-Stripes_High_Crew_Socks_3_Pairs_White_KD8239_01_01_00_standard.avif,6,29977,Watches,Watches,Accessories,White,Women,Casual,Aspen Women White Dial Watch AP1102,c:\Users\LEGION\Documents\jupyter_notebook\Fashion-Intelligence-System\A2_FashionDataset\FashionDataset\train\images_train\29977.jpg,0.6526,crop
3-Stripes_High_Crew_Socks_3_Pairs_White_KD8239_01_01_00_standard.avif,7,14748,Shirts,Topwear,Apparel,White,Men,Formal,Arrow Men Solid White Shirts,c:\Users\LEGION\Documents\jupyter_notebook\Fashion-Intelligence-System\A2_FashionDataset\FashionDataset\train\images_train\14748.jpg,0.6484,crop
3-Stripes_High_Crew_Socks_3_Pairs_White_KD8239_01_01_00_standard.avif,8,15548,Socks,Socks,Accessories,White,Men,Sports,Fila Men Pack of 3 White Socks,c:\Users\LEGION\Documents\jupyter_notebook\Fashion-Intelligence-System\A2_FashionDataset\FashionDataset\train\images_train\15548.jpg,0.6406,crop
4130636080047_004_b14.webp,1,50401,Watches,Watches,Accessories,Gold,Women,Casual,Miss Sixty Gold Dial Watch,c:\Users\LEGION\Documents\jupyter_notebook\Fashion-Intelligence-System\A2_FashionDataset\FashionDataset\train\images_train\50401.jpg,0.6394,crop
4130636080047_004_b14.webp,2,26206,Perfume and Body Mist,Fragrance,Personal Care,Cream,Women,Casual,Perry Ellis Women Perfume,c:\Users\LEGION\Documents\jupyter_notebook\Fashion-Intelligence-System\A2_FashionDataset\FashionDataset\train\images_train\26206.jpg,0.5976,crop
4130636080047_004_b14.webp,3,51045,Baby Dolls,Loungewear and Nightwear,Apparel,Cream,Women,,Enamor Women Cream and Pink Baby Doll Nightdress,c:\Users\LEGION\Documents\jupyter_notebook\Fashion-Intelligence-System\A2_FashionDataset\FashionDataset\train\images_train\51045.jpg,0.5529,crop
4130636080047_004_b14.webp,4,51960,Laptop Bag,Bags,Accessories,Cream,Unisex,Casual,Yelloe Unisex Cream Laptop Bag,c:\Users\LEGION\Documents\jupyter_notebook\Fashion-Intelligence-System\A2_FashionDataset\FashionDataset\train\images_train\51960.jpg,0.5513,crop
4130636080047_004_b14.webp,5,50968,Bra,Innerwear,Apparel,White,Women,Casual,Enamor White Lift Bra,c:\Users\LEGION\Documents\jupyter_notebook\Fashion-Intelligence-System\A2_FashionDataset\FashionDataset\train\images_train\50968.jpg,0.5416,crop
4130636080047_004_b14.webp,6,40442,Dresses,Dress,Apparel,Grey,Women,Casual,La Emotio Women Grey Dress,c:\Users\LEGION\Documents\jupyter_notebook\Fashion-Intelligence-System\A2_FashionDataset\FashionDataset\train\images_train\40442.jpg,0.5408,crop
4130636080047_004_b14.webp,7,12464,Stoles,Stoles,Accessories,Cream,Men,Casual,Basics Men Cream-Coloured Checked Stoles,c:\Users\LEGION\Documents\jupyter_notebook\Fashion-Intelligence-System\A2_FashionDataset\FashionDataset\train\images_train\12464.jpg,0.5305,crop
4130636080047_004_b14.webp,8,47670,Scarves,Scarves,Accessories,Cream,Women,Casual,Femella Women Cream and Black Printed Scarf,c:\Users\LEGION\Documents\jupyter_notebook\Fashion-Intelligence-System\A2_FashionDataset\FashionDataset\train\images_train\47670.jpg,0.5263,crop
509.png,1,32172,Socks,Socks,Accessories,Lavender,Women,Casual,Playboy Women Lavender Socks,c:\Users\LEGION\Documents\jupyter_notebook\Fashion-Intelligence-System\A2_FashionDataset\FashionDataset\train\images_train\32172.jpg,0.6903,crop
509.png,2,9362,Socks,Socks,Accessories,Purple,Women,Casual,Puma Women Logo Stud Pink Socks,c:\Users\LEGION\Documents\jupyter_notebook\Fashion-Intelligence-System\A2_FashionDataset\FashionDataset\train\images_train\9362.jpg,0.6302,crop
509.png,3,32157,Socks,Socks,Accessories,Lavender,Women,Casual,Playboy Women Playmate Lavender Ankle Socks,c:\Users\LEGION\Documents\jupyter_notebook\Fashion-Intelligence-System\A2_FashionDataset\FashionDataset\train\images_train\32157.jpg,0.5989,crop
509.png,4,12739,Socks,Socks,Accessories,Pink,Unisex,Sports,Nike Kids Unisex Sport Hi Quarter  Pack of 3 Pink Socks,c:\Users\LEGION\Documents\jupyter_notebook\Fashion-Intelligence-System\A2_FashionDataset\FashionDataset\train\images_train\12739.jpg,0.5969,crop
509.png,5,12736,Socks,Socks,Accessories,Grey,Unisex,Sports,Nike Kids Sport Hi Quarter Pack of 3 Socks,c:\Users\LEGION\Documents\jupyter_notebook\Fashion-Intelligence-System\A2_FashionDataset\FashionDataset\train\images_train\12736.jpg,0.5952,crop
509.png,6,31244,Tshirts,Topwear,Apparel,Green,Men,Casual,Puma Men Drone Green T-shirt,c:\Users\LEGION\Documents\jupyter_notebook\Fashion-Intelligence-System\A2_FashionDataset\FashionDataset\train\images_train\31244.jpg,0.5923,crop
509.png,7,32170,Socks,Socks,Accessories,Pink,Women,Casual,Playboy Women Pink Socks,c:\Users\LEGION\Documents\jupyter_notebook\Fashion-Intelligence-System\A2_FashionDataset\FashionDataset\train\images_train\32170.jpg,0.5896,crop
509.png,8,51038,Briefs,Innerwear,Apparel,Lavender,Women,Casual,Enamor Women Lupine Coloured Briefs,c:\Users\LEGION\Documents\jupyter_notebook\Fashion-Intelligence-System\A2_FashionDataset\FashionDataset\train\images_train\51038.jpg,0.5709,crop
600_google-pattern-socks.jpg,1,8503,Socks,Socks,Accessories,White,Unisex,Sports,Nike Unisex China Swsh Ct White Socks,c:\Users\LEGION\Documents\jupyter_notebook\Fashion-Intelligence-System\A2_FashionDataset\FashionDataset\train\images_train\8503.jpg,0.7474,crop
600_google-pattern-socks.jpg,2,6704,Socks,Socks,Accessories,White,Women,Sports,Nike Women's Nsw Wmns Ctn White Pink Socks,c:\Users\LEGION\Documents\jupyter_notebook\Fashion-Intelligence-System\A2_FashionDataset\FashionDataset\train\images_train\6704.jpg,0.7425,crop
600_google-pattern-socks.jpg,3,12737,Socks,Socks,Accessories,White,Women,Sports,Nike Women Sports White Socks,c:\Users\LEGION\Documents\jupyter_notebook\Fashion-Intelligence-System\A2_FashionDataset\FashionDataset\train\images_train\12737.jpg,0.7182,crop
600_google-pattern-socks.jpg,4,9355,Socks,Socks,Accessories,White,Men,Casual,Puma Men Sport Pack of 3 White Socks,c:\Users\LEGION\Documents\jupyter_notebook\Fashion-Intelligence-System\A2_FashionDataset\FashionDataset\train\images_train\9355.jpg,0.71,crop
600_google-pattern-socks.jpg,5,29115,Socks,Socks,Accessories,White,Men,Casual,Puma Men Foundation Quarters White Socks,c:\Users\LEGION\Documents\jupyter_notebook\Fashion-Intelligence-System\A2_FashionDataset\FashionDataset\train\images_train\29115.jpg,0.7044,crop
600_google-pattern-socks.jpg,6,50400,Watches,Watches,Accessories,Steel,Women,Casual,Miss Sixty Silver Dial Watch,c:\Users\LEGION\Documents\jupyter_notebook\Fashion-Intelligence-System\A2_FashionDataset\FashionDataset\train\images_train\50400.jpg,0.7008,crop
600_google-pattern-socks.jpg,7,37658,Socks,Socks,Accessories,White,Men,Casual,Playboy Men White Socks,c:\Users\LEGION\Documents\jupyter_notebook\Fashion-Intelligence-System\A2_FashionDataset\FashionDataset\train\images_train\37658.jpg,0.6926,crop
600_google-pattern-socks.jpg,8,49990,Socks,Socks,Accessories,White,Men,Sports,Hanes Men Pack Of 3 White Cushion Max Crew Socks,c:\Users\LEGION\Documents\jupyter_notebook\Fashion-Intelligence-System\A2_FashionDataset\FashionDataset\train\images_train\49990.jpg,0.6883,crop
Afternoon_ensemble_MET_63.212a-b_CP4.jpg,1,32373,Watches,Watches,Accessories,White,Women,Casual,Q&Q Women White Dial Watch,c:\Users\LEGION\Documents\jupyter_notebook\Fashion-Intelligence-System\A2_FashionDataset\FashionDataset\train\images_train\32373.jpg,0.6657,crop
Afternoon_ensemble_MET_63.212a-b_CP4.jpg,2,36753,Clothing Set,Apparel Set,Apparel,Blue,Girls,Casual,Little Miss Girls Chatterbox Blue Clothing Set,c:\Users\LEGION\Documents\jupyter_notebook\Fashion-Intelligence-System\A2_FashionDataset\FashionDataset\train\images_train\36753.jpg,0.6591,crop
Afternoon_ensemble_MET_63.212a-b_CP4.jpg,3,49886,Watches,Watches,Accessories,White,Unisex,Casual,Q&Q Kids Unisex White Dial Analog Watch,c:\Users\LEGION\Documents\jupyter_notebook\Fashion-Intelligence-System\A2_FashionDataset\FashionDataset\train\images_train\49886.jpg,0.6588,crop
Afternoon_ensemble_MET_63.212a-b_CP4.jpg,4,1558,Water Bottle,Water Bottle,Accessories,Blue,Unisex,Sports,Quechua Easy-to-Carry Blue Water Bottle,c:\Users\LEGION\Documents\jupyter_notebook\Fashion-Intelligence-System\A2_FashionDataset\FashionDataset\train\images_train\1558.jpg,0.6525,crop
Afternoon_ensemble_MET_63.212a-b_CP4.jpg,5,27223,Dresses,Dress,Apparel,Blue,Women,Casual,Doodle Kids Girl Printed Blue Dress,c:\Users\LEGION\Documents\jupyter_notebook\Fashion-Intelligence-System\A2_FashionDataset\FashionDataset\train\images_train\27223.jpg,0.6512,crop
Afternoon_ensemble_MET_63.212a-b_CP4.jpg,6,2712,Dresses,Dress,Apparel,Blue,Girls,Casual,Disney Kids Girl's Halter Neck Blue Kidswear,c:\Users\LEGION\Documents\jupyter_notebook\Fashion-Intelligence-System\A2_FashionDataset\FashionDataset\train\images_train\2712.jpg,0.6482,crop
Afternoon_ensemble_MET_63.212a-b_CP4.jpg,7,40148,Dresses,Dress,Apparel,Blue,Girls,Casual,Gini and Jony Girls Play Suit Blue Dress,c:\Users\LEGION\Documents\jupyter_notebook\Fashion-Intelligence-System\A2_FashionDataset\FashionDataset\train\images_train\40148.jpg,0.6411,crop
Afternoon_ensemble_MET_63.212a-b_CP4.jpg,8,4931,Dresses,Dress,Apparel,Blue,Women,Casual,Gini and Jony Girl's Valerie Blue White Kidswear,c:\Users\LEGION\Documents\jupyter_notebook\Fashion-Intelligence-System\A2_FashionDataset\FashionDataset\train\images_train\4931.jpg,0.6397,crop
Collier_ruban_or_vermeil_2.webp,1,28887,Briefs,Innerwear,Apparel,Skin,Women,Casual,Enamor Women Beige Low-Rise Brief,c:\Users\LEGION\Documents\jupyter_notebook\Fashion-Intelligence-System\A2_FashionDataset\FashionDataset\train\images_train\28887.jpg,0.6851,crop
Collier_ruban_or_vermeil_2.webp,2,49086,Compact,Makeup,Personal Care,Skin,Women,Casual,Deborah Ultrafine Compact Powder 01,c:\Users\LEGION\Documents\jupyter_notebook\Fashion-Intelligence-System\A2_FashionDataset\FashionDataset\train\images_train\49086.jpg,0.6769,crop
Collier_ruban_or_vermeil_2.webp,3,49095,Compact,Makeup,Personal Care,Skin,Women,Casual,Deborah Ultra Fine Compact Powder 02,c:\Users\LEGION\Documents\jupyter_notebook\Fashion-Intelligence-System\A2_FashionDataset\FashionDataset\train\images_train\49095.jpg,0.676,crop
Collier_ruban_or_vermeil_2.webp,4,49096,Compact,Makeup,Personal Care,Skin,Women,Casual,Deborah Ultrafine Compact Powder 07,c:\Users\LEGION\Documents\jupyter_notebook\Fashion-Intelligence-System\A2_FashionDataset\FashionDataset\train\images_train\49096.jpg,0.6753,crop
Collier_ruban_or_vermeil_2.webp,5,28891,Briefs,Innerwear,Apparel,Skin,Women,Casual,Enamor Women Beige Regular-Rise Brief,c:\Users\LEGION\Documents\jupyter_notebook\Fashion-Intelligence-System\A2_FashionDataset\FashionDataset\train\images_train\28891.jpg,0.6752,crop
Collier_ruban_or_vermeil_2.webp,6,49099,Foundation and Primer,Makeup,Personal Care,Skin,Women,Casual,Deborah 24 Ore Perfect Foundation Apricot 4,c:\Users\LEGION\Documents\jupyter_notebook\Fashion-Intelligence-System\A2_FashionDataset\FashionDataset\train\images_train\49099.jpg,0.6684,crop
Collier_ruban_or_vermeil_2.webp,7,49097,Compact,Makeup,Personal Care,Skin,Women,Casual,Deborah Ultrafine Compact Powder 08,c:\Users\LEGION\Documents\jupyter_notebook\Fashion-Intelligence-System\A2_FashionDataset\FashionDataset\train\images_train\49097.jpg,0.667,crop
Collier_ruban_or_vermeil_2.webp,8,49109,Foundation and Primer,Makeup,Personal Care,Skin,Women,Casual,Deborah Age Reset Anti Ageing Foundation 01,c:\Users\LEGION\Documents\jupyter_notebook\Fashion-Intelligence-System\A2_FashionDataset\FashionDataset\train\images_train\49109.jpg,0.6624,crop
d8ff992811e561202194328c9562a843.jpg,1,30533,Bra,Innerwear,Apparel,Black,Women,Casual,Lovable Cotton Essensuals Black Bra,c:\Users\LEGION\Documents\jupyter_notebook\Fashion-Intelligence-System\A2_FashionDataset\FashionDataset\train\images_train\30533.jpg,0.6159,crop
d8ff992811e561202194328c9562a843.jpg,2,50000,Bra,Innerwear,Apparel,Black,Women,Sports,Hanes Women Black Cotton Stretch Racer Back Sports Bra,c:\Users\LEGION\Documents\jupyter_notebook\Fashion-Intelligence-System\A2_FashionDataset\FashionDataset\train\images_train\50000.jpg,0.6148,crop
d8ff992811e561202194328c9562a843.jpg,3,30528,Bra,Innerwear,Apparel,Black,Women,Casual,Lovable Cotton Essensuals Black Bra,c:\Users\LEGION\Documents\jupyter_notebook\Fashion-Intelligence-System\A2_FashionDataset\FashionDataset\train\images_train\30528.jpg,0.6086,crop
d8ff992811e561202194328c9562a843.jpg,4,21610,Bra,Innerwear,Apparel,Black,Women,Casual,Enamor Women Smooth Black Bra,c:\Users\LEGION\Documents\jupyter_notebook\Fashion-Intelligence-System\A2_FashionDataset\FashionDataset\train\images_train\21610.jpg,0.5959,crop
d8ff992811e561202194328c9562a843.jpg,5,27402,Bra,Innerwear,Apparel,Black,Women,Casual,Jockey Essence Jane Black Bra,c:\Users\LEGION\Documents\jupyter_notebook\Fashion-Intelligence-System\A2_FashionDataset\FashionDataset\train\images_train\27402.jpg,0.5953,crop
d8ff992811e561202194328c9562a843.jpg,6,27502,Bra,Innerwear,Apparel,Black,Women,Casual,Jockey Black Moulded Cami Bra SS12,c:\Users\LEGION\Documents\jupyter_notebook\Fashion-Intelligence-System\A2_FashionDataset\FashionDataset\train\images_train\27502.jpg,0.5925,crop
d8ff992811e561202194328c9562a843.jpg,7,50012,Bra,Innerwear,Apparel,Black,Women,Sports,Hanes Women Black Cotton Stretch Moulded Cup Bra,c:\Users\LEGION\Documents\jupyter_notebook\Fashion-Intelligence-System\A2_FashionDataset\FashionDataset\train\images_train\50012.jpg,0.5915,crop
d8ff992811e561202194328c9562a843.jpg,8,30529,Bra,Innerwear,Apparel,Skin,Women,Casual,Lovable Cotton Essensuals Skin Coloured Bra,c:\Users\LEGION\Documents\jupyter_notebook\Fashion-Intelligence-System\A2_FashionDataset\FashionDataset\train\images_train\30529.jpg,0.5874,crop
giay-local-brand-viet-nam_b140845b-6e68-45f7-af85-4c504c4d1571.webp,1,30269,Sunglasses,Eyewear,Accessories,Brown,Men,Casual,Speedo Men Sheet Sunglasses,c:\Users\LEGION\Documents\jupyter_notebook\Fashion-Intelligence-System\A2_FashionDataset\FashionDataset\train\images_train\30269.jpg,0.6638,crop
giay-local-brand-viet-nam_b140845b-6e68-45f7-af85-4c504c4d1571.webp,2,51700,Sunglasses,Eyewear,Accessories,Gold,Unisex,Casual,Van Heusen Unisex Brown Aviator Sunglasses VH217-C1,c:\Users\LEGION\Documents\jupyter_notebook\Fashion-Intelligence-System\A2_FashionDataset\FashionDataset\train\images_train\51700.jpg,0.6528,crop
giay-local-brand-viet-nam_b140845b-6e68-45f7-af85-4c504c4d1571.webp,3,40171,Sunglasses,Eyewear,Accessories,Black,Men,Casual,Fastrack Men Black UV Protected Sporty Wrap Sunglasses,c:\Users\LEGION\Documents\jupyter_notebook\Fashion-Intelligence-System\A2_FashionDataset\FashionDataset\train\images_train\40171.jpg,0.6296,crop
giay-local-brand-viet-nam_b140845b-6e68-45f7-af85-4c504c4d1571.webp,4,51707,Sunglasses,Eyewear,Accessories,Grey,Men,Casual,Van Heusen Men Grey Sunglasses,c:\Users\LEGION\Documents\jupyter_notebook\Fashion-Intelligence-System\A2_FashionDataset\FashionDataset\train\images_train\51707.jpg,0.6187,crop
giay-local-brand-viet-nam_b140845b-6e68-45f7-af85-4c504c4d1571.webp,5,21359,Sunglasses,Eyewear,Accessories,Brown,Women,Casual,Van Heusen Women Brown Printed Oversized Sunglasses VH203-C3,c:\Users\LEGION\Documents\jupyter_notebook\Fashion-Intelligence-System\A2_FashionDataset\FashionDataset\train\images_train\21359.jpg,0.6161,crop
giay-local-brand-viet-nam_b140845b-6e68-45f7-af85-4c504c4d1571.webp,6,51702,Sunglasses,Eyewear,Accessories,Grey,Unisex,Casual,Van Heusen Unisex Sunglasses VH220-C3,c:\Users\LEGION\Documents\jupyter_notebook\Fashion-Intelligence-System\A2_FashionDataset\FashionDataset\train\images_train\51702.jpg,0.615,crop
giay-local-brand-viet-nam_b140845b-6e68-45f7-af85-4c504c4d1571.webp,7,51666,Sunglasses,Eyewear,Accessories,Grey,Men,Casual,Louis Philippe Men Aviator Sunglasses LP218-C2,c:\Users\LEGION\Documents\jupyter_notebook\Fashion-Intelligence-System\A2_FashionDataset\FashionDataset\train\images_train\51666.jpg,0.6128,crop
giay-local-brand-viet-nam_b140845b-6e68-45f7-af85-4c504c4d1571.webp,8,9357,Socks,Socks,Accessories,White,Men,Casual,Puma Men Sport Pack of 3 Socks,c:\Users\LEGION\Documents\jupyter_notebook\Fashion-Intelligence-System\A2_FashionDataset\FashionDataset\train\images_train\9357.jpg,0.6107,crop
images (1).jpg,1,45086,Night suits,Loungewear and Nightwear,Apparel,Pink,Women,Casual,Bwitch Pink Orchid Pyjama Set,c:\Users\LEGION\Documents\jupyter_notebook\Fashion-Intelligence-System\A2_FashionDataset\FashionDataset\train\images_train\45086.jpg,0.7191,crop
images (1).jpg,2,43470,Night suits,Loungewear and Nightwear,Apparel,White,Women,Casual,SDL by Sweet Dreams Women White Pyjama Set,c:\Users\LEGION\Documents\jupyter_notebook\Fashion-Intelligence-System\A2_FashionDataset\FashionDataset\train\images_train\43470.jpg,0.6737,crop
images (1).jpg,3,43468,Night suits,Loungewear and Nightwear,Apparel,Pink,Women,Casual,SDL by Sweet Dreams Women Pink Night suits,c:\Users\LEGION\Documents\jupyter_notebook\Fashion-Intelligence-System\A2_FashionDataset\FashionDataset\train\images_train\43468.jpg,0.6685,crop
images (1).jpg,4,36269,Night suits,Loungewear and Nightwear,Apparel,White,Women,Casual,SDL by Sweet Dreams Women White & Pink Night suits,c:\Users\LEGION\Documents\jupyter_notebook\Fashion-Intelligence-System\A2_FashionDataset\FashionDataset\train\images_train\36269.jpg,0.665,crop
images (1).jpg,5,49784,Night suits,Loungewear and Nightwear,Apparel,White,Women,Casual,Little Miss Intimates White Printed Pyjama Set,c:\Users\LEGION\Documents\jupyter_notebook\Fashion-Intelligence-System\A2_FashionDataset\FashionDataset\train\images_train\49784.jpg,0.6643,crop
images (1).jpg,6,36284,Night suits,Loungewear and Nightwear,Apparel,Pink,Women,Casual,SDL by Sweet Dreams Women Pink & Purple Night suits,c:\Users\LEGION\Documents\jupyter_notebook\Fashion-Intelligence-System\A2_FashionDataset\FashionDataset\train\images_train\36284.jpg,0.6474,crop
images (1).jpg,7,36290,Night suits,Loungewear and Nightwear,Apparel,Grey,Women,Casual,SDL by Sweet Dreams Women Grey & Green Night suits,c:\Users\LEGION\Documents\jupyter_notebook\Fashion-Intelligence-System\A2_FashionDataset\FashionDataset\train\images_train\36290.jpg,0.6448,crop
images (1).jpg,8,49779,Night suits,Loungewear and Nightwear,Apparel,White,Women,Casual,Little Miss Intimates White Printed Pyjama Set,c:\Users\LEGION\Documents\jupyter_notebook\Fashion-Intelligence-System\A2_FashionDataset\FashionDataset\train\images_train\49779.jpg,0.6444,crop
images (2).jpg,1,14600,Socks,Socks,Accessories,White,Men,Casual,United Colors of Benetton Men Pack of 2 White Socks,c:\Users\LEGION\Documents\jupyter_notebook\Fashion-Intelligence-System\A2_FashionDataset\FashionDataset\train\images_train\14600.jpg,0.7036,crop
images (2).jpg,2,9961,Tshirts,Topwear,Apparel,White,Men,Sports,Nike Men Medals Crew White T-Shirts,c:\Users\LEGION\Documents\jupyter_notebook\Fashion-Intelligence-System\A2_FashionDataset\FashionDataset\train\images_train\9961.jpg,0.6266,crop
images (2).jpg,3,45098,Briefs,Innerwear,Apparel,Pink,Women,Casual,Bwitch Fushia Pink Sapphire Brief,c:\Users\LEGION\Documents\jupyter_notebook\Fashion-Intelligence-System\A2_FashionDataset\FashionDataset\train\images_train\45098.jpg,0.6232,crop
images (2).jpg,4,24655,Socks,Socks,Accessories,White,Men,Casual,ADIDAS Originals Men White Casual Socks,c:\Users\LEGION\Documents\jupyter_notebook\Fashion-Intelligence-System\A2_FashionDataset\FashionDataset\train\images_train\24655.jpg,0.6204,crop
images (2).jpg,5,39405,Shirts,Topwear,Apparel,Lavender,Men,Smart Casual,U.S. Polo Assn. Men Lavender & White Striped Linen Tailored Fit Smart Casual Shirt,c:\Users\LEGION\Documents\jupyter_notebook\Fashion-Intelligence-System\A2_FashionDataset\FashionDataset\train\images_train\39405.jpg,0.6174,crop
images (2).jpg,6,14735,Shirts,Topwear,Apparel,White,Men,Formal,Arrow Men Stripes White Shirts,c:\Users\LEGION\Documents\jupyter_notebook\Fashion-Intelligence-System\A2_FashionDataset\FashionDataset\train\images_train\14735.jpg,0.6143,crop
images (2).jpg,7,43560,Socks,Socks,Accessories,White,Unisex,Casual,Puma Unisex Pack of 3 Socks,c:\Users\LEGION\Documents\jupyter_notebook\Fashion-Intelligence-System\A2_FashionDataset\FashionDataset\train\images_train\43560.jpg,0.6137,crop
images (2).jpg,8,50400,Watches,Watches,Accessories,Steel,Women,Casual,Miss Sixty Silver Dial Watch,c:\Users\LEGION\Documents\jupyter_notebook\Fashion-Intelligence-System\A2_FashionDataset\FashionDataset\train\images_train\50400.jpg,0.6117,crop
images (3).jpg,1,30477,Bra,Innerwear,Apparel,Beige,Women,Casual,Lovable Women Encircle Beige Bra,c:\Users\LEGION\Documents\jupyter_notebook\Fashion-Intelligence-System\A2_FashionDataset\FashionDataset\train\images_train\30477.jpg,0.6904,crop
images (3).jpg,2,27451,Bra,Innerwear,Apparel,Beige,Women,Casual,Jockey Essence Beige Full-Coverage Bra 1615,c:\Users\LEGION\Documents\jupyter_notebook\Fashion-Intelligence-System\A2_FashionDataset\FashionDataset\train\images_train\27451.jpg,0.6593,crop
images (3).jpg,3,50042,Bra,Innerwear,Apparel,Beige,Women,Casual,Hanes Women Beige Concealing Petals Underwire Moulded Bra,c:\Users\LEGION\Documents\jupyter_notebook\Fashion-Intelligence-System\A2_FashionDataset\FashionDataset\train\images_train\50042.jpg,0.6483,crop
images (3).jpg,4,27452,Bra,Innerwear,Apparel,White,Women,Casual,Jockey Essence White Solid Non-Wired Non-Padded Slim FIt Bra 1615,c:\Users\LEGION\Documents\jupyter_notebook\Fashion-Intelligence-System\A2_FashionDataset\FashionDataset\train\images_train\27452.jpg,0.6471,crop
images (3).jpg,5,27141,Bra,Innerwear,Apparel,Beige,Women,Casual,Miss-T Beige Bra,c:\Users\LEGION\Documents\jupyter_notebook\Fashion-Intelligence-System\A2_FashionDataset\FashionDataset\train\images_train\27141.jpg,0.6454,crop
images (3).jpg,6,30483,Bra,Innerwear,Apparel,Cream,Women,Casual,Lovable Women Tease Yellow Bra,c:\Users\LEGION\Documents\jupyter_notebook\Fashion-Intelligence-System\A2_FashionDataset\FashionDataset\train\images_train\30483.jpg,0.6213,crop
images (3).jpg,7,50968,Bra,Innerwear,Apparel,White,Women,Casual,Enamor White Lift Bra,c:\Users\LEGION\Documents\jupyter_notebook\Fashion-Intelligence-System\A2_FashionDataset\FashionDataset\train\images_train\50968.jpg,0.6196,crop
images (3).jpg,8,50035,Bra,Innerwear,Apparel,White,Women,Casual,Hanes Women White Cotton Lined SoftCup Wirefree Bra,c:\Users\LEGION\Documents\jupyter_notebook\Fashion-Intelligence-System\A2_FashionDataset\FashionDataset\train\images_train\50035.jpg,0.6192,crop
images (4).jpg,1,27980,Briefs,Innerwear,Apparel,Black,Men,Casual,Jockey ZONE Men Zone Black Brief US14,c:\Users\LEGION\Documents\jupyter_notebook\Fashion-Intelligence-System\A2_FashionDataset\FashionDataset\train\images_train\27980.jpg,0.684,crop
images (4).jpg,2,18702,Briefs,Innerwear,Apparel,Blue,Men,Casual,Hanes Men Ultimate Blue Brief,c:\Users\LEGION\Documents\jupyter_notebook\Fashion-Intelligence-System\A2_FashionDataset\FashionDataset\train\images_train\18702.jpg,0.6819,crop
images (4).jpg,3,42816,Briefs,Innerwear,Apparel,Grey,Women,Casual,Little Miss Intimates Women Grey Brief,c:\Users\LEGION\Documents\jupyter_notebook\Fashion-Intelligence-System\A2_FashionDataset\FashionDataset\train\images_train\42816.jpg,0.68,crop
images (4).jpg,4,15793,Briefs,Innerwear,Apparel,Navy Blue,Men,Casual,Facit Men Navy Blue Comfort Briefs,c:\Users\LEGION\Documents\jupyter_notebook\Fashion-Intelligence-System\A2_FashionDataset\FashionDataset\train\images_train\15793.jpg,0.6799,crop
images (4).jpg,5,18696,Briefs,Innerwear,Apparel,Black,Men,Casual,Hanes Men Black Ultimate Duo Dry Cotton Stretch Bikini Briefs,c:\Users\LEGION\Documents\jupyter_notebook\Fashion-Intelligence-System\A2_FashionDataset\FashionDataset\train\images_train\18696.jpg,0.6784,crop
images (4).jpg,6,50623,Briefs,Innerwear,Apparel,Black,Men,Casual,Chromozome Men Black Briefs,c:\Users\LEGION\Documents\jupyter_notebook\Fashion-Intelligence-System\A2_FashionDataset\FashionDataset\train\images_train\50623.jpg,0.6784,crop
images (4).jpg,7,31902,Briefs,Innerwear,Apparel,Black,Women,Casual,Heart 2 Heart Women Black Brief,c:\Users\LEGION\Documents\jupyter_notebook\Fashion-Intelligence-System\A2_FashionDataset\FashionDataset\train\images_train\31902.jpg,0.6736,crop
images (4).jpg,8,28086,Briefs,Innerwear,Apparel,Black,Men,Casual,Jockey GOLDEDN Men Black Briefs 4012,c:\Users\LEGION\Documents\jupyter_notebook\Fashion-Intelligence-System\A2_FashionDataset\FashionDataset\train\images_train\28086.jpg,0.6728,crop
images (5).jpg,1,45094,Briefs,Innerwear,Apparel,White,Women,Casual,Bw!tch White Spirit Briefs,c:\Users\LEGION\Documents\jupyter_notebook\Fashion-Intelligence-System\A2_FashionDataset\FashionDataset\train\images_train\45094.jpg,0.5825,crop
images (5).jpg,2,49761,Leggings,Bottomwear,Apparel,White,Women,Casual,Vishudh White Leggings,c:\Users\LEGION\Documents\jupyter_notebook\Fashion-Intelligence-System\A2_FashionDataset\FashionDataset\train\images_train\49761.jpg,0.5713,crop
images (5).jpg,3,50985,Briefs,Innerwear,Apparel,White,Women,Casual,Enamor Women White Brief,c:\Users\LEGION\Documents\jupyter_notebook\Fashion-Intelligence-System\A2_FashionDataset\FashionDataset\train\images_train\50985.jpg,0.5606,crop
images (5).jpg,4,31225,Tshirts,Topwear,Apparel,Black,Women,Casual,Puma Women Black Polo T-shirt,c:\Users\LEGION\Documents\jupyter_notebook\Fashion-Intelligence-System\A2_FashionDataset\FashionDataset\train\images_train\31225.jpg,0.5462,crop
images (5).jpg,5,51041,Briefs,Innerwear,Apparel,White,Women,Casual,Enamor Women Ivory Coloured Briefs,c:\Users\LEGION\Documents\jupyter_notebook\Fashion-Intelligence-System\A2_FashionDataset\FashionDataset\train\images_train\51041.jpg,0.5406,crop
images (5).jpg,6,49086,Compact,Makeup,Personal Care,Skin,Women,Casual,Deborah Ultrafine Compact Powder 01,c:\Users\LEGION\Documents\jupyter_notebook\Fashion-Intelligence-System\A2_FashionDataset\FashionDataset\train\images_train\49086.jpg,0.5304,crop
images (5).jpg,7,49096,Compact,Makeup,Personal Care,Skin,Women,Casual,Deborah Ultrafine Compact Powder 07,c:\Users\LEGION\Documents\jupyter_notebook\Fashion-Intelligence-System\A2_FashionDataset\FashionDataset\train\images_train\49096.jpg,0.5285,crop
images (5).jpg,8,49095,Compact,Makeup,Personal Care,Skin,Women,Casual,Deborah Ultra Fine Compact Powder 02,c:\Users\LEGION\Documents\jupyter_notebook\Fashion-Intelligence-System\A2_FashionDataset\FashionDataset\train\images_train\49095.jpg,0.5279,crop
images (6).jpg,1,51031,Bra,Innerwear,Apparel,White,Women,Casual,Enamor White Bra,c:\Users\LEGION\Documents\jupyter_notebook\Fashion-Intelligence-System\A2_FashionDataset\FashionDataset\train\images_train\51031.jpg,0.7304,crop
images (6).jpg,2,30480,Bra,Innerwear,Apparel,Pink,Women,Casual,Lovable Women Tease Pink Bra,c:\Users\LEGION\Documents\jupyter_notebook\Fashion-Intelligence-System\A2_FashionDataset\FashionDataset\train\images_train\30480.jpg,0.7158,crop
images (6).jpg,3,50976,Bra,Innerwear,Apparel,Pink,Women,Casual,Enamor Petal Pink Bra,c:\Users\LEGION\Documents\jupyter_notebook\Fashion-Intelligence-System\A2_FashionDataset\FashionDataset\train\images_train\50976.jpg,0.6988,crop
images (6).jpg,4,30463,Bra,Innerwear,Apparel,Pink,Women,Casual,Lovable Women All Day Long Pink Bra,c:\Users\LEGION\Documents\jupyter_notebook\Fashion-Intelligence-System\A2_FashionDataset\FashionDataset\train\images_train\30463.jpg,0.6976,crop
images (6).jpg,5,27129,Bra,Innerwear,Apparel,White,Women,Casual,Miss-T White Bra,c:\Users\LEGION\Documents\jupyter_notebook\Fashion-Intelligence-System\A2_FashionDataset\FashionDataset\train\images_train\27129.jpg,0.6813,crop
images (6).jpg,6,27449,Bra,Innerwear,Apparel,Pink,Women,Casual,Jockey Essence Pink Full-Coverage Slim Fit Bra 1615-0105,c:\Users\LEGION\Documents\jupyter_notebook\Fashion-Intelligence-System\A2_FashionDataset\FashionDataset\train\images_train\27449.jpg,0.6809,crop
images (6).jpg,7,30483,Bra,Innerwear,Apparel,Cream,Women,Casual,Lovable Women Tease Yellow Bra,c:\Users\LEGION\Documents\jupyter_notebook\Fashion-Intelligence-System\A2_FashionDataset\FashionDataset\train\images_train\30483.jpg,0.6801,crop
images (6).jpg,8,21629,Bra,Innerwear,Apparel,White,Women,Casual,Enamor Women Lift White Bra,c:\Users\LEGION\Documents\jupyter_notebook\Fashion-Intelligence-System\A2_FashionDataset\FashionDataset\train\images_train\21629.jpg,0.6773,crop
images.jpg,1,1917,Casual Shoes,Shoes,Footwear,White,Men,Casual,Puma Men White Sneakers,c:\Users\LEGION\Documents\jupyter_notebook\Fashion-Intelligence-System\A2_FashionDataset\FashionDataset\train\images_train\1917.jpg,0.6366,crop
images.jpg,2,5408,Sports Shoes,Shoes,Footwear,Blue,Unisex,Sports,Quechua Wayta Jr Blue,c:\Users\LEGION\Documents\jupyter_notebook\Fashion-Intelligence-System\A2_FashionDataset\FashionDataset\train\images_train\5408.jpg,0.6216,crop
images.jpg,3,45098,Briefs,Innerwear,Apparel,Pink,Women,Casual,Bwitch Fushia Pink Sapphire Brief,c:\Users\LEGION\Documents\jupyter_notebook\Fashion-Intelligence-System\A2_FashionDataset\FashionDataset\train\images_train\45098.jpg,0.6084,crop
images.jpg,4,4453,Caps,Headwear,Accessories,White,Unisex,Casual,Nike Unisex Rodger Federer White Grey Red Cap,c:\Users\LEGION\Documents\jupyter_notebook\Fashion-Intelligence-System\A2_FashionDataset\FashionDataset\train\images_train\4453.jpg,0.6028,crop
images.jpg,5,50968,Bra,Innerwear,Apparel,White,Women,Casual,Enamor White Lift Bra,c:\Users\LEGION\Documents\jupyter_notebook\Fashion-Intelligence-System\A2_FashionDataset\FashionDataset\train\images_train\50968.jpg,0.6026,crop
images.jpg,6,16016,Scarves,Scarves,Accessories,White,Men,Casual,Turtle Check Men White Scarf,c:\Users\LEGION\Documents\jupyter_notebook\Fashion-Intelligence-System\A2_FashionDataset\FashionDataset\train\images_train\16016.jpg,0.6,crop
images.jpg,7,38308,Scarves,Scarves,Accessories,Blue,Men,Casual,Reid & Taylor Men Blue Scarf,c:\Users\LEGION\Documents\jupyter_notebook\Fashion-Intelligence-System\A2_FashionDataset\FashionDataset\train\images_train\38308.jpg,0.5995,crop
images.jpg,8,38565,Caps,Headwear,Accessories,White,Men,Casual,Nike Men White Bull Logo Cap,c:\Users\LEGION\Documents\jupyter_notebook\Fashion-Intelligence-System\A2_FashionDataset\FashionDataset\train\images_train\38565.jpg,0.5955,crop
mygoods_34_475601_3x4-ezgif.com-avif-to-jpg-converter-1.jpg,1,50899,Sarees,Saree,Apparel,Beige,Women,Ethnic,Prafful Beige & Purple Printed Sari,c:\Users\LEGION\Documents\jupyter_notebook\Fashion-Intelligence-System\A2_FashionDataset\FashionDataset\train\images_train\50899.jpg,0.6762,crop
mygoods_34_475601_3x4-ezgif.com-avif-to-jpg-converter-1.jpg,2,50898,Sarees,Saree,Apparel,Beige,Women,Ethnic,Prafful Beige & Maroon Printed Sari,c:\Users\LEGION\Documents\jupyter_notebook\Fashion-Intelligence-System\A2_FashionDataset\FashionDataset\train\images_train\50898.jpg,0.6605,crop
mygoods_34_475601_3x4-ezgif.com-avif-to-jpg-converter-1.jpg,3,34952,Sarees,Saree,Apparel,Beige,Women,Ethnic,Fabindia Women H& Printed Beige Sari,c:\Users\LEGION\Documents\jupyter_notebook\Fashion-Intelligence-System\A2_FashionDataset\FashionDataset\train\images_train\34952.jpg,0.6562,crop
mygoods_34_475601_3x4-ezgif.com-avif-to-jpg-converter-1.jpg,4,34960,Sarees,Saree,Apparel,Beige,Women,Ethnic,Fabindia Women H& Printed Beige Sari,c:\Users\LEGION\Documents\jupyter_notebook\Fashion-Intelligence-System\A2_FashionDataset\FashionDataset\train\images_train\34960.jpg,0.6459,crop
mygoods_34_475601_3x4-ezgif.com-avif-to-jpg-converter-1.jpg,5,34956,Sarees,Saree,Apparel,Beige,Women,Ethnic,Fabindia Beige Jaipur Print Cotton Sari,c:\Users\LEGION\Documents\jupyter_notebook\Fashion-Intelligence-System\A2_FashionDataset\FashionDataset\train\images_train\34956.jpg,0.6181,crop
mygoods_34_475601_3x4-ezgif.com-avif-to-jpg-converter-1.jpg,6,34949,Sarees,Saree,Apparel,Black,Women,Ethnic,Fabindia Women H& Printed Black Sari,c:\Users\LEGION\Documents\jupyter_notebook\Fashion-Intelligence-System\A2_FashionDataset\FashionDataset\train\images_train\34949.jpg,0.6135,crop
mygoods_34_475601_3x4-ezgif.com-avif-to-jpg-converter-1.jpg,7,50861,Sarees,Saree,Apparel,Cream,Women,Ethnic,Prafful Cream & Purple Printed Sari,c:\Users\LEGION\Documents\jupyter_notebook\Fashion-Intelligence-System\A2_FashionDataset\FashionDataset\train\images_train\50861.jpg,0.6052,crop
mygoods_34_475601_3x4-ezgif.com-avif-to-jpg-converter-1.jpg,8,34986,Sarees,Saree,Apparel,Beige,Women,Ethnic,Fabindia Women H& Printed Beige Sari,c:\Users\LEGION\Documents\jupyter_notebook\Fashion-Intelligence-System\A2_FashionDataset\FashionDataset\train\images_train\34986.jpg,0.6042,crop
The_dress_blueblackwhitegold.jpg,1,33427,Handbags,Bags,Accessories,Blue,Women,Casual,Baggit Women Modishx Enzyme Blue Sling Bag,c:\Users\LEGION\Documents\jupyter_notebook\Fashion-Intelligence-System\A2_FashionDataset\FashionDataset\train\images_train\33427.jpg,0.6805,crop
The_dress_blueblackwhitegold.jpg,2,2653,Handbags,Bags,Accessories,Grey,Women,Casual,Murcia Women Leather Office Grey Bag,c:\Users\LEGION\Documents\jupyter_notebook\Fashion-Intelligence-System\A2_FashionDataset\FashionDataset\train\images_train\2653.jpg,0.6718,crop
The_dress_blueblackwhitegold.jpg,3,19911,Messenger Bag,Bags,Accessories,Grey,Unisex,Casual,Wildcraft Unisex Grey Printed Messenger Bag,c:\Users\LEGION\Documents\jupyter_notebook\Fashion-Intelligence-System\A2_FashionDataset\FashionDataset\train\images_train\19911.jpg,0.6408,crop
The_dress_blueblackwhitegold.jpg,4,12743,Messenger Bag,Bags,Accessories,Olive,Unisex,Casual,Timberland Unisex Solid Olive Bags,c:\Users\LEGION\Documents\jupyter_notebook\Fashion-Intelligence-System\A2_FashionDataset\FashionDataset\train\images_train\12743.jpg,0.6401,crop
The_dress_blueblackwhitegold.jpg,5,7099,Handbags,Bags,Accessories,Grey,Unisex,Casual,Wildcraft Unisex Grey Camera Bag,c:\Users\LEGION\Documents\jupyter_notebook\Fashion-Intelligence-System\A2_FashionDataset\FashionDataset\train\images_train\7099.jpg,0.6385,crop
The_dress_blueblackwhitegold.jpg,6,11645,Watches,Watches,Accessories,Black,Men,Casual,Puma Men Flux-L Black Watch,c:\Users\LEGION\Documents\jupyter_notebook\Fashion-Intelligence-System\A2_FashionDataset\FashionDataset\train\images_train\11645.jpg,0.6279,crop
The_dress_blueblackwhitegold.jpg,7,5224,Messenger Bag,Bags,Accessories,Blue,Unisex,Casual,Wildcraft Unisex Blue Travel Messenger Bag,c:\Users\LEGION\Documents\jupyter_notebook\Fashion-Intelligence-System\A2_FashionDataset\FashionDataset\train\images_train\5224.jpg,0.6234,crop
The_dress_blueblackwhitegold.jpg,8,18796,Messenger Bag,Bags,Accessories,Olive,Unisex,Casual,Peter England Unisex Casual Olive Bag,c:\Users\LEGION\Documents\jupyter_notebook\Fashion-Intelligence-System\A2_FashionDataset\FashionDataset\train\images_train\18796.jpg,0.6205,crop
1017_women_0023_a36fe2486db54e83b62813b56147a042_master.webp,1,51017,Bra,Innerwear,Apparel,Navy Blue,Women,Casual,Enamor Eclipse Coloured Reveal Bra HB60,c:\Users\LEGION\Documents\jupyter_notebook\Fashion-Intelligence-System\A2_FashionDataset\FashionDataset\train\images_train\51017.jpg,0.673,nobg
1017_women_0023_a36fe2486db54e83b62813b56147a042_master.webp,2,21613,Bra,Innerwear,Apparel,White,Women,Casual,Enamor Women Smooth White Bra,c:\Users\LEGION\Documents\jupyter_notebook\Fashion-Intelligence-System\A2_FashionDataset\FashionDataset\train\images_train\21613.jpg,0.6155,nobg
1017_women_0023_a36fe2486db54e83b62813b56147a042_master.webp,3,35100,Stoles,Stoles,Accessories,Lavender,Women,Casual,Allen Solly Women Lavender Stole,c:\Users\LEGION\Documents\jupyter_notebook\Fashion-Intelligence-System\A2_FashionDataset\FashionDataset\train\images_train\35100.jpg,0.6109,nobg
1017_women_0023_a36fe2486db54e83b62813b56147a042_master.webp,4,13720,Mufflers,Mufflers,Accessories,Maroon,Men,Casual,Proline Maroon Striped Muffler,c:\Users\LEGION\Documents\jupyter_notebook\Fashion-Intelligence-System\A2_FashionDataset\FashionDataset\train\images_train\13720.jpg,0.6106,nobg
1017_women_0023_a36fe2486db54e83b62813b56147a042_master.webp,5,13810,Mufflers,Mufflers,Accessories,White,Men,Casual,Proline White Striped Muffler,c:\Users\LEGION\Documents\jupyter_notebook\Fashion-Intelligence-System\A2_FashionDataset\FashionDataset\train\images_train\13810.jpg,0.6083,nobg
1017_women_0023_a36fe2486db54e83b62813b56147a042_master.webp,6,12464,Stoles,Stoles,Accessories,Cream,Men,Casual,Basics Men Cream-Coloured Checked Stoles,c:\Users\LEGION\Documents\jupyter_notebook\Fashion-Intelligence-System\A2_FashionDataset\FashionDataset\train\images_train\12464.jpg,0.6012,nobg
1017_women_0023_a36fe2486db54e83b62813b56147a042_master.webp,7,17383,Mufflers,Mufflers,Accessories,Cream,Men,Casual,Reid & Taylor Men Check Cream Muffler,c:\Users\LEGION\Documents\jupyter_notebook\Fashion-Intelligence-System\A2_FashionDataset\FashionDataset\train\images_train\17383.jpg,0.5965,nobg
1017_women_0023_a36fe2486db54e83b62813b56147a042_master.webp,8,51827,Bra,Innerwear,Apparel,Grey,Women,Casual,Bwitch Grey Bra,c:\Users\LEGION\Documents\jupyter_notebook\Fashion-Intelligence-System\A2_FashionDataset\FashionDataset\train\images_train\51827.jpg,0.5878,nobg
2b3f6ff00db7a1efae21d85cfb8995eaff2da8d8.png,1,43849,Earrings,Jewellery,Accessories,Green,Women,Ethnic,Royal Diadem White & Green Earrings,c:\Users\LEGION\Documents\jupyter_notebook\Fashion-Intelligence-System\A2_FashionDataset\FashionDataset\train\images_train\43849.jpg,0.6688,nobg
2b3f6ff00db7a1efae21d85cfb8995eaff2da8d8.png,2,42620,Earrings,Jewellery,Accessories,Gold,Women,Casual,Estelle Gold Plated Drop Earrings,c:\Users\LEGION\Documents\jupyter_notebook\Fashion-Intelligence-System\A2_FashionDataset\FashionDataset\train\images_train\42620.jpg,0.6577,nobg
2b3f6ff00db7a1efae21d85cfb8995eaff2da8d8.png,3,43838,Earrings,Jewellery,Accessories,Gold,Women,Ethnic,Royal Diadem Earrings,c:\Users\LEGION\Documents\jupyter_notebook\Fashion-Intelligence-System\A2_FashionDataset\FashionDataset\train\images_train\43838.jpg,0.6491,nobg
2b3f6ff00db7a1efae21d85cfb8995eaff2da8d8.png,4,43848,Earrings,Jewellery,Accessories,Gold,Women,Ethnic,Royal Diadem Golden Earrings,c:\Users\LEGION\Documents\jupyter_notebook\Fashion-Intelligence-System\A2_FashionDataset\FashionDataset\train\images_train\43848.jpg,0.647,nobg
2b3f6ff00db7a1efae21d85cfb8995eaff2da8d8.png,5,43841,Earrings,Jewellery,Accessories,Gold,Women,Ethnic,Royal Diadem Red Earrings,c:\Users\LEGION\Documents\jupyter_notebook\Fashion-Intelligence-System\A2_FashionDataset\FashionDataset\train\images_train\43841.jpg,0.6445,nobg
2b3f6ff00db7a1efae21d85cfb8995eaff2da8d8.png,6,42628,Earrings,Jewellery,Accessories,Gold,Women,Casual,Estelle Women Earrings,c:\Users\LEGION\Documents\jupyter_notebook\Fashion-Intelligence-System\A2_FashionDataset\FashionDataset\train\images_train\42628.jpg,0.6362,nobg
2b3f6ff00db7a1efae21d85cfb8995eaff2da8d8.png,7,48761,Jewellery Set,Jewellery,Accessories,White,Women,Casual,Miki Pearl Women Ivory Jewellery Set,c:\Users\LEGION\Documents\jupyter_notebook\Fashion-Intelligence-System\A2_FashionDataset\FashionDataset\train\images_train\48761.jpg,0.635,nobg
2b3f6ff00db7a1efae21d85cfb8995eaff2da8d8.png,8,43865,Earrings,Jewellery,Accessories,Gold,Women,Ethnic,Royal Diadem Golden Earrings,c:\Users\LEGION\Documents\jupyter_notebook\Fashion-Intelligence-System\A2_FashionDataset\FashionDataset\train\images_train\43865.jpg,0.6331,nobg
3-Stripes_High_Crew_Socks_3_Pairs_White_KD8239_01_01_00_standard.avif,1,15548,Socks,Socks,Accessories,White,Men,Sports,Fila Men Pack of 3 White Socks,c:\Users\LEGION\Documents\jupyter_notebook\Fashion-Intelligence-System\A2_FashionDataset\FashionDataset\train\images_train\15548.jpg,0.7686,nobg
3-Stripes_High_Crew_Socks_3_Pairs_White_KD8239_01_01_00_standard.avif,2,9352,Socks,Socks,Accessories,White,Men,Casual,Puma Men Sports Socks 1 Pair White Socks,c:\Users\LEGION\Documents\jupyter_notebook\Fashion-Intelligence-System\A2_FashionDataset\FashionDataset\train\images_train\9352.jpg,0.7685,nobg
3-Stripes_High_Crew_Socks_3_Pairs_White_KD8239_01_01_00_standard.avif,3,49990,Socks,Socks,Accessories,White,Men,Sports,Hanes Men Pack Of 3 White Cushion Max Crew Socks,c:\Users\LEGION\Documents\jupyter_notebook\Fashion-Intelligence-System\A2_FashionDataset\FashionDataset\train\images_train\49990.jpg,0.7662,nobg
3-Stripes_High_Crew_Socks_3_Pairs_White_KD8239_01_01_00_standard.avif,4,9363,Socks,Socks,Accessories,White,Women,Casual,Puma Women Logo Stud White Socks,c:\Users\LEGION\Documents\jupyter_notebook\Fashion-Intelligence-System\A2_FashionDataset\FashionDataset\train\images_train\9363.jpg,0.7643,nobg
3-Stripes_High_Crew_Socks_3_Pairs_White_KD8239_01_01_00_standard.avif,5,49988,Socks,Socks,Accessories,White,Men,Sports,Hanes Men Pack Of 3 White Cushion Max Crew Socks,c:\Users\LEGION\Documents\jupyter_notebook\Fashion-Intelligence-System\A2_FashionDataset\FashionDataset\train\images_train\49988.jpg,0.7574,nobg
3-Stripes_High_Crew_Socks_3_Pairs_White_KD8239_01_01_00_standard.avif,6,40016,Socks,Socks,Accessories,White,Unisex,Casual,ADIDAS Unisex White Pack of 3 Ankle Socks,c:\Users\LEGION\Documents\jupyter_notebook\Fashion-Intelligence-System\A2_FashionDataset\FashionDataset\train\images_train\40016.jpg,0.7572,nobg
3-Stripes_High_Crew_Socks_3_Pairs_White_KD8239_01_01_00_standard.avif,7,9357,Socks,Socks,Accessories,White,Men,Casual,Puma Men Sport Pack of 3 Socks,c:\Users\LEGION\Documents\jupyter_notebook\Fashion-Intelligence-System\A2_FashionDataset\FashionDataset\train\images_train\9357.jpg,0.7543,nobg
3-Stripes_High_Crew_Socks_3_Pairs_White_KD8239_01_01_00_standard.avif,8,20827,Socks,Socks,Accessories,White,Women,Sports,Fila Women White Pack of 3 Socks,c:\Users\LEGION\Documents\jupyter_notebook\Fashion-Intelligence-System\A2_FashionDataset\FashionDataset\train\images_train\20827.jpg,0.754,nobg
4130636080047_004_b14.webp,1,50406,Watches,Watches,Accessories,Black,Women,Casual,Miss Sixty Black Dial Watch,c:\Users\LEGION\Documents\jupyter_notebook\Fashion-Intelligence-System\A2_FashionDataset\FashionDataset\train\images_train\50406.jpg,0.5927,nobg
4130636080047_004_b14.webp,2,12464,Stoles,Stoles,Accessories,Cream,Men,Casual,Basics Men Cream-Coloured Checked Stoles,c:\Users\LEGION\Documents\jupyter_notebook\Fashion-Intelligence-System\A2_FashionDataset\FashionDataset\train\images_train\12464.jpg,0.5904,nobg
4130636080047_004_b14.webp,3,44987,Watches,Watches,Accessories,White,Men,Casual,Maxima Men White Dial Watch,c:\Users\LEGION\Documents\jupyter_notebook\Fashion-Intelligence-System\A2_FashionDataset\FashionDataset\train\images_train\44987.jpg,0.5733,nobg
4130636080047_004_b14.webp,4,48942,Ring,Jewellery,Accessories,Silver,Women,Casual,Lucera Women Silver Ring,c:\Users\LEGION\Documents\jupyter_notebook\Fashion-Intelligence-System\A2_FashionDataset\FashionDataset\train\images_train\48942.jpg,0.569,nobg
4130636080047_004_b14.webp,5,50968,Bra,Innerwear,Apparel,White,Women,Casual,Enamor White Lift Bra,c:\Users\LEGION\Documents\jupyter_notebook\Fashion-Intelligence-System\A2_FashionDataset\FashionDataset\train\images_train\50968.jpg,0.5665,nobg
4130636080047_004_b14.webp,6,31864,Watches,Watches,Accessories,Silver,Women,Casual,Titan Women Raga Silver Dial Watch,c:\Users\LEGION\Documents\jupyter_notebook\Fashion-Intelligence-System\A2_FashionDataset\FashionDataset\train\images_train\31864.jpg,0.5627,nobg
4130636080047_004_b14.webp,7,31078,Stoles,Stoles,Accessories,Pink,Women,Ethnic,Fabindia Women Buta Cream Silk Stole,c:\Users\LEGION\Documents\jupyter_notebook\Fashion-Intelligence-System\A2_FashionDataset\FashionDataset\train\images_train\31078.jpg,0.5509,nobg
4130636080047_004_b14.webp,8,17383,Mufflers,Mufflers,Accessories,Cream,Men,Casual,Reid & Taylor Men Check Cream Muffler,c:\Users\LEGION\Documents\jupyter_notebook\Fashion-Intelligence-System\A2_FashionDataset\FashionDataset\train\images_train\17383.jpg,0.5501,nobg
509.png,1,32172,Socks,Socks,Accessories,Lavender,Women,Casual,Playboy Women Lavender Socks,c:\Users\LEGION\Documents\jupyter_notebook\Fashion-Intelligence-System\A2_FashionDataset\FashionDataset\train\images_train\32172.jpg,0.6991,nobg
509.png,2,9362,Socks,Socks,Accessories,Purple,Women,Casual,Puma Women Logo Stud Pink Socks,c:\Users\LEGION\Documents\jupyter_notebook\Fashion-Intelligence-System\A2_FashionDataset\FashionDataset\train\images_train\9362.jpg,0.648,nobg
509.png,3,12739,Socks,Socks,Accessories,Pink,Unisex,Sports,Nike Kids Unisex Sport Hi Quarter  Pack of 3 Pink Socks,c:\Users\LEGION\Documents\jupyter_notebook\Fashion-Intelligence-System\A2_FashionDataset\FashionDataset\train\images_train\12739.jpg,0.6184,nobg
509.png,4,32157,Socks,Socks,Accessories,Lavender,Women,Casual,Playboy Women Playmate Lavender Ankle Socks,c:\Users\LEGION\Documents\jupyter_notebook\Fashion-Intelligence-System\A2_FashionDataset\FashionDataset\train\images_train\32157.jpg,0.6113,nobg
509.png,5,12736,Socks,Socks,Accessories,Grey,Unisex,Sports,Nike Kids Sport Hi Quarter Pack of 3 Socks,c:\Users\LEGION\Documents\jupyter_notebook\Fashion-Intelligence-System\A2_FashionDataset\FashionDataset\train\images_train\12736.jpg,0.602,nobg
509.png,6,32170,Socks,Socks,Accessories,Pink,Women,Casual,Playboy Women Pink Socks,c:\Users\LEGION\Documents\jupyter_notebook\Fashion-Intelligence-System\A2_FashionDataset\FashionDataset\train\images_train\32170.jpg,0.595,nobg
509.png,7,31244,Tshirts,Topwear,Apparel,Green,Men,Casual,Puma Men Drone Green T-shirt,c:\Users\LEGION\Documents\jupyter_notebook\Fashion-Intelligence-System\A2_FashionDataset\FashionDataset\train\images_train\31244.jpg,0.5818,nobg
509.png,8,9350,Socks,Socks,Accessories,White,Men,Casual,Puma Men Sport Pack of 3 White Black Socks,c:\Users\LEGION\Documents\jupyter_notebook\Fashion-Intelligence-System\A2_FashionDataset\FashionDataset\train\images_train\9350.jpg,0.5766,nobg
600_google-pattern-socks.jpg,1,43779,Earrings,Jewellery,Accessories,White,Women,Casual,Royal Diadem White Earrings,c:\Users\LEGION\Documents\jupyter_notebook\Fashion-Intelligence-System\A2_FashionDataset\FashionDataset\train\images_train\43779.jpg,0.6086,nobg
600_google-pattern-socks.jpg,2,43814,Earrings,Jewellery,Accessories,White,Women,Ethnic,Royal Diadem White Earrings,c:\Users\LEGION\Documents\jupyter_notebook\Fashion-Intelligence-System\A2_FashionDataset\FashionDataset\train\images_train\43814.jpg,0.6032,nobg
600_google-pattern-socks.jpg,3,6704,Socks,Socks,Accessories,White,Women,Sports,Nike Women's Nsw Wmns Ctn White Pink Socks,c:\Users\LEGION\Documents\jupyter_notebook\Fashion-Intelligence-System\A2_FashionDataset\FashionDataset\train\images_train\6704.jpg,0.5996,nobg
600_google-pattern-socks.jpg,4,23579,Fragrance Gift Set,Fragrance,Personal Care,White,Women,Casual,Nike Women Pack of 3 Fragrance Gift Set,c:\Users\LEGION\Documents\jupyter_notebook\Fashion-Intelligence-System\A2_FashionDataset\FashionDataset\train\images_train\23579.jpg,0.599,nobg
600_google-pattern-socks.jpg,5,43831,Earrings,Jewellery,Accessories,White,Women,Casual,Royal Diadem White Earrings,c:\Users\LEGION\Documents\jupyter_notebook\Fashion-Intelligence-System\A2_FashionDataset\FashionDataset\train\images_train\43831.jpg,0.5978,nobg
600_google-pattern-socks.jpg,6,24655,Socks,Socks,Accessories,White,Men,Casual,ADIDAS Originals Men White Casual Socks,c:\Users\LEGION\Documents\jupyter_notebook\Fashion-Intelligence-System\A2_FashionDataset\FashionDataset\train\images_train\24655.jpg,0.5714,nobg
600_google-pattern-socks.jpg,7,44176,Fragrance Gift Set,Fragrance,Personal Care,White,Women,Casual,Nike Fragrances Women Spicy Love Perfume and Deo Set,c:\Users\LEGION\Documents\jupyter_notebook\Fashion-Intelligence-System\A2_FashionDataset\FashionDataset\train\images_train\44176.jpg,0.5688,nobg
600_google-pattern-socks.jpg,8,18452,Fragrance Gift Set,Fragrance,Personal Care,White,Women,Casual,Guess Natural Women Fragrance Gift Set,c:\Users\LEGION\Documents\jupyter_notebook\Fashion-Intelligence-System\A2_FashionDataset\FashionDataset\train\images_train\18452.jpg,0.5607,nobg
Afternoon_ensemble_MET_63.212a-b_CP4.jpg,1,30726,Lehenga Choli,Topwear,Apparel,Blue,Girls,Ethnic,Fabindia Girls Printed Blue Lehenga Choli,c:\Users\LEGION\Documents\jupyter_notebook\Fashion-Intelligence-System\A2_FashionDataset\FashionDataset\train\images_train\30726.jpg,0.7246,nobg
Afternoon_ensemble_MET_63.212a-b_CP4.jpg,2,27223,Dresses,Dress,Apparel,Blue,Women,Casual,Doodle Kids Girl Printed Blue Dress,c:\Users\LEGION\Documents\jupyter_notebook\Fashion-Intelligence-System\A2_FashionDataset\FashionDataset\train\images_train\27223.jpg,0.7142,nobg
Afternoon_ensemble_MET_63.212a-b_CP4.jpg,3,25866,Backpacks,Bags,Accessories,Blue,Unisex,Casual,American Tourister Unisex Blue Backpack,c:\Users\LEGION\Documents\jupyter_notebook\Fashion-Intelligence-System\A2_FashionDataset\FashionDataset\train\images_train\25866.jpg,0.7072,nobg
Afternoon_ensemble_MET_63.212a-b_CP4.jpg,4,15708,Backpacks,Bags,Accessories,Blue,Unisex,Casual,Nike Unisex Nike Classic Backpack Blue Backpack,c:\Users\LEGION\Documents\jupyter_notebook\Fashion-Intelligence-System\A2_FashionDataset\FashionDataset\train\images_train\15708.jpg,0.7056,nobg
Afternoon_ensemble_MET_63.212a-b_CP4.jpg,5,34114,Dresses,Dress,Apparel,Blue,Girls,Casual,Doodle Girls Printed Blue Dress,c:\Users\LEGION\Documents\jupyter_notebook\Fashion-Intelligence-System\A2_FashionDataset\FashionDataset\train\images_train\34114.jpg,0.6966,nobg
Afternoon_ensemble_MET_63.212a-b_CP4.jpg,6,35433,Dresses,Dress,Apparel,Blue,Girls,Casual,Doodle Girls Printed Blue Dress,c:\Users\LEGION\Documents\jupyter_notebook\Fashion-Intelligence-System\A2_FashionDataset\FashionDataset\train\images_train\35433.jpg,0.6966,nobg
Afternoon_ensemble_MET_63.212a-b_CP4.jpg,7,43567,Backpacks,Bags,Accessories,Blue,Unisex,Casual,Puma Unisex Blue Buddy Backpack,c:\Users\LEGION\Documents\jupyter_notebook\Fashion-Intelligence-System\A2_FashionDataset\FashionDataset\train\images_train\43567.jpg,0.6925,nobg
Afternoon_ensemble_MET_63.212a-b_CP4.jpg,8,2097,Shirts,Topwear,Apparel,Blue,Men,Casual,Lee Men Reversible Blue Shirt,c:\Users\LEGION\Documents\jupyter_notebook\Fashion-Intelligence-System\A2_FashionDataset\FashionDataset\train\images_train\2097.jpg,0.6841,nobg
Collier_ruban_or_vermeil_2.webp,1,28886,Briefs,Innerwear,Apparel,Skin,Women,Casual,Enamor Women Light Brown Low-Rise Bikini Brief,c:\Users\LEGION\Documents\jupyter_notebook\Fashion-Intelligence-System\A2_FashionDataset\FashionDataset\train\images_train\28886.jpg,0.739,nobg
Collier_ruban_or_vermeil_2.webp,2,28891,Briefs,Innerwear,Apparel,Skin,Women,Casual,Enamor Women Beige Regular-Rise Brief,c:\Users\LEGION\Documents\jupyter_notebook\Fashion-Intelligence-System\A2_FashionDataset\FashionDataset\train\images_train\28891.jpg,0.7346,nobg
Collier_ruban_or_vermeil_2.webp,3,28887,Briefs,Innerwear,Apparel,Skin,Women,Casual,Enamor Women Beige Low-Rise Brief,c:\Users\LEGION\Documents\jupyter_notebook\Fashion-Intelligence-System\A2_FashionDataset\FashionDataset\train\images_train\28887.jpg,0.723,nobg
Collier_ruban_or_vermeil_2.webp,4,49095,Compact,Makeup,Personal Care,Skin,Women,Casual,Deborah Ultra Fine Compact Powder 02,c:\Users\LEGION\Documents\jupyter_notebook\Fashion-Intelligence-System\A2_FashionDataset\FashionDataset\train\images_train\49095.jpg,0.7118,nobg
Collier_ruban_or_vermeil_2.webp,5,49086,Compact,Makeup,Personal Care,Skin,Women,Casual,Deborah Ultrafine Compact Powder 01,c:\Users\LEGION\Documents\jupyter_notebook\Fashion-Intelligence-System\A2_FashionDataset\FashionDataset\train\images_train\49086.jpg,0.7103,nobg
Collier_ruban_or_vermeil_2.webp,6,49096,Compact,Makeup,Personal Care,Skin,Women,Casual,Deborah Ultrafine Compact Powder 07,c:\Users\LEGION\Documents\jupyter_notebook\Fashion-Intelligence-System\A2_FashionDataset\FashionDataset\train\images_train\49096.jpg,0.709,nobg
Collier_ruban_or_vermeil_2.webp,7,49097,Compact,Makeup,Personal Care,Skin,Women,Casual,Deborah Ultrafine Compact Powder 08,c:\Users\LEGION\Documents\jupyter_notebook\Fashion-Intelligence-System\A2_FashionDataset\FashionDataset\train\images_train\49097.jpg,0.7028,nobg
Collier_ruban_or_vermeil_2.webp,8,50989,Briefs,Innerwear,Apparel,Gold,Women,Casual,Enamor Women Gold Briefs,c:\Users\LEGION\Documents\jupyter_notebook\Fashion-Intelligence-System\A2_FashionDataset\FashionDataset\train\images_train\50989.jpg,0.6781,nobg
d8ff992811e561202194328c9562a843.jpg,1,2488,Sports Sandals,Sandal,Footwear,Black,Men,Casual,Puma Men Diva Fashion Black Sandal,c:\Users\LEGION\Documents\jupyter_notebook\Fashion-Intelligence-System\A2_FashionDataset\FashionDataset\train\images_train\2488.jpg,0.5981,nobg
d8ff992811e561202194328c9562a843.jpg,2,2233,Sandals,Sandal,Footwear,Black,Men,Casual,Puma Men Carbon Sandal,c:\Users\LEGION\Documents\jupyter_notebook\Fashion-Intelligence-System\A2_FashionDataset\FashionDataset\train\images_train\2233.jpg,0.5894,nobg
d8ff992811e561202194328c9562a843.jpg,3,9212,Sandals,Sandal,Footwear,Black,Men,Casual,Puma Men Apex Black Floaters,c:\Users\LEGION\Documents\jupyter_notebook\Fashion-Intelligence-System\A2_FashionDataset\FashionDataset\train\images_train\9212.jpg,0.5893,nobg
d8ff992811e561202194328c9562a843.jpg,4,2225,Sandals,Sandal,Footwear,Black,Men,Sports,Puma Men Trek Black Sandal,c:\Users\LEGION\Documents\jupyter_notebook\Fashion-Intelligence-System\A2_FashionDataset\FashionDataset\train\images_train\2225.jpg,0.5843,nobg
d8ff992811e561202194328c9562a843.jpg,5,8244,Handbags,Bags,Accessories,Green,Women,Casual,Fastrack Women Olive Handbag,c:\Users\LEGION\Documents\jupyter_notebook\Fashion-Intelligence-System\A2_FashionDataset\FashionDataset\train\images_train\8244.jpg,0.5771,nobg
d8ff992811e561202194328c9562a843.jpg,6,3490,Sports Sandals,Sandal,Footwear,Blue,Women,Sports,ADIDAS Women Spry Dark Navy Black Sandal,c:\Users\LEGION\Documents\jupyter_notebook\Fashion-Intelligence-System\A2_FashionDataset\FashionDataset\train\images_train\3490.jpg,0.5729,nobg
d8ff992811e561202194328c9562a843.jpg,7,5363,Sports Shoes,Shoes,Footwear,White,Unisex,Sports,Btwin Six Mtb Shoes 2009,c:\Users\LEGION\Documents\jupyter_notebook\Fashion-Intelligence-System\A2_FashionDataset\FashionDataset\train\images_train\5363.jpg,0.5708,nobg
d8ff992811e561202194328c9562a843.jpg,8,3577,Sandals,Sandal,Footwear,Black,Men,Casual,ADIDAS Men Black Alumin Sandal,c:\Users\LEGION\Documents\jupyter_notebook\Fashion-Intelligence-System\A2_FashionDataset\FashionDataset\train\images_train\3577.jpg,0.5693,nobg
giay-local-brand-viet-nam_b140845b-6e68-45f7-af85-4c504c4d1571.webp,1,9375,Socks,Socks,Accessories,Brown,Unisex,Casual,Puma Unisex FTPA Brown Socks,c:\Users\LEGION\Documents\jupyter_notebook\Fashion-Intelligence-System\A2_FashionDataset\FashionDataset\train\images_train\9375.jpg,0.6557,nobg
giay-local-brand-viet-nam_b140845b-6e68-45f7-af85-4c504c4d1571.webp,2,14618,Socks,Socks,Accessories,Brown,Men,Casual,United Colors of Benetton Men Pack of 3 Brown Socks,c:\Users\LEGION\Documents\jupyter_notebook\Fashion-Intelligence-System\A2_FashionDataset\FashionDataset\train\images_train\14618.jpg,0.6304,nobg
giay-local-brand-viet-nam_b140845b-6e68-45f7-af85-4c504c4d1571.webp,3,51167,Socks,Socks,Accessories,Beige,Men,Casual,Raymond Men Beige Socks,c:\Users\LEGION\Documents\jupyter_notebook\Fashion-Intelligence-System\A2_FashionDataset\FashionDataset\train\images_train\51167.jpg,0.6187,nobg
giay-local-brand-viet-nam_b140845b-6e68-45f7-af85-4c504c4d1571.webp,4,12406,Socks,Socks,Accessories,Beige,Men,Formal,Reid & Taylor Men Stripes Beige Socks,c:\Users\LEGION\Documents\jupyter_notebook\Fashion-Intelligence-System\A2_FashionDataset\FashionDataset\train\images_train\12406.jpg,0.5966,nobg
giay-local-brand-viet-nam_b140845b-6e68-45f7-af85-4c504c4d1571.webp,5,14609,Socks,Socks,Accessories,Grey,Men,Casual,United Colors of Benetton Men Check Grey Socks,c:\Users\LEGION\Documents\jupyter_notebook\Fashion-Intelligence-System\A2_FashionDataset\FashionDataset\train\images_train\14609.jpg,0.5962,nobg
giay-local-brand-viet-nam_b140845b-6e68-45f7-af85-4c504c4d1571.webp,6,16084,Sunglasses,Eyewear,Accessories,Brown,Women,Casual,Mayhem Women Gradiant Sunglasses MAYS-9007-201,c:\Users\LEGION\Documents\jupyter_notebook\Fashion-Intelligence-System\A2_FashionDataset\FashionDataset\train\images_train\16084.jpg,0.592,nobg
giay-local-brand-viet-nam_b140845b-6e68-45f7-af85-4c504c4d1571.webp,7,12397,Socks,Socks,Accessories,Brown,Men,Formal,Reid & Taylor Men Solid Brown Socks,c:\Users\LEGION\Documents\jupyter_notebook\Fashion-Intelligence-System\A2_FashionDataset\FashionDataset\train\images_train\12397.jpg,0.5901,nobg
giay-local-brand-viet-nam_b140845b-6e68-45f7-af85-4c504c4d1571.webp,8,49680,Sunglasses,Eyewear,Accessories,Grey,Men,Casual,United Colors of Benetton Men Sunglass,c:\Users\LEGION\Documents\jupyter_notebook\Fashion-Intelligence-System\A2_FashionDataset\FashionDataset\train\images_train\49680.jpg,0.5858,nobg
images (1).jpg,1,22602,Tshirts,Topwear,Apparel,White,Men,Sports,Nike Men White T-shirt,c:\Users\LEGION\Documents\jupyter_notebook\Fashion-Intelligence-System\A2_FashionDataset\FashionDataset\train\images_train\22602.jpg,0.6531,nobg
images (1).jpg,2,17895,Innerwear Vests,Innerwear,Apparel,White,Men,Casual,Levis Men Pack of 3 Innerwear Vest,c:\Users\LEGION\Documents\jupyter_notebook\Fashion-Intelligence-System\A2_FashionDataset\FashionDataset\train\images_train\17895.jpg,0.6487,nobg
images (1).jpg,3,18368,Innerwear Vests,Innerwear,Apparel,White,Men,Casual,Undercolors of Benetton Men Basic Pack of 2 Innerwear Vests,c:\Users\LEGION\Documents\jupyter_notebook\Fashion-Intelligence-System\A2_FashionDataset\FashionDataset\train\images_train\18368.jpg,0.6379,nobg
images (1).jpg,4,49968,Innerwear Vests,Innerwear,Apparel,White,Men,Casual,Hanes Men White Innerwear Vest,c:\Users\LEGION\Documents\jupyter_notebook\Fashion-Intelligence-System\A2_FashionDataset\FashionDataset\train\images_train\49968.jpg,0.6338,nobg
images (1).jpg,5,49973,Innerwear Vests,Innerwear,Apparel,White,Men,Casual,Hanes Men White Assorted Innerwear Vest,c:\Users\LEGION\Documents\jupyter_notebook\Fashion-Intelligence-System\A2_FashionDataset\FashionDataset\train\images_train\49973.jpg,0.6316,nobg
images (1).jpg,6,13576,Innerwear Vests,Innerwear,Apparel,White,Men,Casual,Hanes Men Jersey VestPack Of 2 White Innerwear Vests,c:\Users\LEGION\Documents\jupyter_notebook\Fashion-Intelligence-System\A2_FashionDataset\FashionDataset\train\images_train\13576.jpg,0.6184,nobg
images (1).jpg,7,28150,Innerwear Vests,Innerwear,Apparel,White,Men,Casual,Jockey SPORT Men White Innerwear Vest 9924,c:\Users\LEGION\Documents\jupyter_notebook\Fashion-Intelligence-System\A2_FashionDataset\FashionDataset\train\images_train\28150.jpg,0.6173,nobg
images (1).jpg,8,31410,Innerwear Vests,Innerwear,Apparel,White,Men,Casual,Spykar Men White Innerwear Vest,c:\Users\LEGION\Documents\jupyter_notebook\Fashion-Intelligence-System\A2_FashionDataset\FashionDataset\train\images_train\31410.jpg,0.6168,nobg
images (2).jpg,1,3738,Tshirts,Topwear,Apparel,White,Men,Sports,Lotto Men's Kochi Tuskers Cotton Graphic White T-shirt,c:\Users\LEGION\Documents\jupyter_notebook\Fashion-Intelligence-System\A2_FashionDataset\FashionDataset\train\images_train\3738.jpg,0.6201,nobg
images (2).jpg,2,36087,Caps,Headwear,Accessories,Pink,Unisex,Casual,OTLS Unisex Pink Cap,c:\Users\LEGION\Documents\jupyter_notebook\Fashion-Intelligence-System\A2_FashionDataset\FashionDataset\train\images_train\36087.jpg,0.6128,nobg
images (2).jpg,3,40743,Caps,Headwear,Accessories,Pink,Women,Casual,Roxy Women Pink Cap,c:\Users\LEGION\Documents\jupyter_notebook\Fashion-Intelligence-System\A2_FashionDataset\FashionDataset\train\images_train\40743.jpg,0.6098,nobg
images (2).jpg,4,12680,Caps,Headwear,Accessories,Navy Blue,Unisex,Casual,Probase Unisex Solid Navy Blue Caps,c:\Users\LEGION\Documents\jupyter_notebook\Fashion-Intelligence-System\A2_FashionDataset\FashionDataset\train\images_train\12680.jpg,0.5954,nobg
images (2).jpg,5,18212,Caps,Headwear,Accessories,White,Men,Casual,Manchester United Men Solid White Cap,c:\Users\LEGION\Documents\jupyter_notebook\Fashion-Intelligence-System\A2_FashionDataset\FashionDataset\train\images_train\18212.jpg,0.5914,nobg
images (2).jpg,6,14778,Shirts,Topwear,Apparel,Blue,Men,Formal,Arrow Men Stripes Blue Shirts,c:\Users\LEGION\Documents\jupyter_notebook\Fashion-Intelligence-System\A2_FashionDataset\FashionDataset\train\images_train\14778.jpg,0.5861,nobg
images (2).jpg,7,38435,Clutches,Bags,Accessories,Black,Women,Casual,Baggit Women Black Purse,c:\Users\LEGION\Documents\jupyter_notebook\Fashion-Intelligence-System\A2_FashionDataset\FashionDataset\train\images_train\38435.jpg,0.5845,nobg
images (2).jpg,8,49787,Caps,Headwear,Accessories,White,Men,Casual,Flying Machine Men White Cap,c:\Users\LEGION\Documents\jupyter_notebook\Fashion-Intelligence-System\A2_FashionDataset\FashionDataset\train\images_train\49787.jpg,0.5773,nobg
images (3).jpg,1,50968,Bra,Innerwear,Apparel,White,Women,Casual,Enamor White Lift Bra,c:\Users\LEGION\Documents\jupyter_notebook\Fashion-Intelligence-System\A2_FashionDataset\FashionDataset\train\images_train\50968.jpg,0.6175,nobg
images (3).jpg,2,27452,Bra,Innerwear,Apparel,White,Women,Casual,Jockey Essence White Solid Non-Wired Non-Padded Slim FIt Bra 1615,c:\Users\LEGION\Documents\jupyter_notebook\Fashion-Intelligence-System\A2_FashionDataset\FashionDataset\train\images_train\27452.jpg,0.6061,nobg
images (3).jpg,3,46595,Heels,Shoes,Footwear,Pink,Women,Casual,Catwalk Women Pink Flats,c:\Users\LEGION\Documents\jupyter_notebook\Fashion-Intelligence-System\A2_FashionDataset\FashionDataset\train\images_train\46595.jpg,0.5591,nobg
images (3).jpg,4,14440,Heels,Shoes,Footwear,White,Women,Casual,Enroute Women Casual White Flats,c:\Users\LEGION\Documents\jupyter_notebook\Fashion-Intelligence-System\A2_FashionDataset\FashionDataset\train\images_train\14440.jpg,0.5503,nobg
images (3).jpg,5,35797,Heels,Shoes,Footwear,Copper,Women,Casual,Enroute Women Copper Flats,c:\Users\LEGION\Documents\jupyter_notebook\Fashion-Intelligence-System\A2_FashionDataset\FashionDataset\train\images_train\35797.jpg,0.5469,nobg
images (3).jpg,6,1588,Tshirts,Topwear,Apparel,White,Men,Casual,Domyos Men White Dry-Fit T-shirt,c:\Users\LEGION\Documents\jupyter_notebook\Fashion-Intelligence-System\A2_FashionDataset\FashionDataset\train\images_train\1588.jpg,0.545,nobg
images (3).jpg,7,14441,Heels,Shoes,Footwear,White,Women,Casual,Enroute Women Casual White Flats,c:\Users\LEGION\Documents\jupyter_notebook\Fashion-Intelligence-System\A2_FashionDataset\FashionDataset\train\images_train\14441.jpg,0.5408,nobg
images (3).jpg,8,42689,Flats,Shoes,Footwear,White,Women,Casual,Rocia Women White Sandals,c:\Users\LEGION\Documents\jupyter_notebook\Fashion-Intelligence-System\A2_FashionDataset\FashionDataset\train\images_train\42689.jpg,0.5407,nobg
images (4).jpg,1,42865,Handbags,Bags,Accessories,Black,Women,Casual,French Connection Women Black Dorris Handbag,c:\Users\LEGION\Documents\jupyter_notebook\Fashion-Intelligence-System\A2_FashionDataset\FashionDataset\train\images_train\42865.jpg,0.7101,nobg
images (4).jpg,2,42919,Wallets,Wallets,Accessories,Black,Women,Casual,French Connection Women Black Wallet,c:\Users\LEGION\Documents\jupyter_notebook\Fashion-Intelligence-System\A2_FashionDataset\FashionDataset\train\images_train\42919.jpg,0.7052,nobg
images (4).jpg,3,2673,Handbags,Bags,Accessories,Black,Women,Casual,Murcia Women Sleek Black Leatherette Hand Bag,c:\Users\LEGION\Documents\jupyter_notebook\Fashion-Intelligence-System\A2_FashionDataset\FashionDataset\train\images_train\2673.jpg,0.7031,nobg
images (4).jpg,4,21249,Duffel Bag,Bags,Accessories,Black,Unisex,Casual,Skybags Unisex Black Duffle Bag,c:\Users\LEGION\Documents\jupyter_notebook\Fashion-Intelligence-System\A2_FashionDataset\FashionDataset\train\images_train\21249.jpg,0.6832,nobg
images (4).jpg,5,21819,Wallets,Wallets,Accessories,Black,Men,Casual,Fossil Men Midway 2 in 1 Black Wallet,c:\Users\LEGION\Documents\jupyter_notebook\Fashion-Intelligence-System\A2_FashionDataset\FashionDataset\train\images_train\21819.jpg,0.6725,nobg
images (4).jpg,6,21015,Wallets,Wallets,Accessories,Black,Women,Casual,Fastrack Women Leather Black Wallet,c:\Users\LEGION\Documents\jupyter_notebook\Fashion-Intelligence-System\A2_FashionDataset\FashionDataset\train\images_train\21015.jpg,0.6579,nobg
images (4).jpg,7,37872,Wallets,Wallets,Accessories,Black,Men,Casual,Hidekraft Men Black Wallet,c:\Users\LEGION\Documents\jupyter_notebook\Fashion-Intelligence-System\A2_FashionDataset\FashionDataset\train\images_train\37872.jpg,0.6535,nobg
images (4).jpg,8,26431,Handbags,Bags,Accessories,Grey,Women,Casual,Spice Art Women Leatherette Grey Handbag,c:\Users\LEGION\Documents\jupyter_notebook\Fashion-Intelligence-System\A2_FashionDataset\FashionDataset\train\images_train\26431.jpg,0.6385,nobg
images (5).jpg,1,45094,Briefs,Innerwear,Apparel,White,Women,Casual,Bw!tch White Spirit Briefs,c:\Users\LEGION\Documents\jupyter_notebook\Fashion-Intelligence-System\A2_FashionDataset\FashionDataset\train\images_train\45094.jpg,0.5825,nobg
images (5).jpg,2,49761,Leggings,Bottomwear,Apparel,White,Women,Casual,Vishudh White Leggings,c:\Users\LEGION\Documents\jupyter_notebook\Fashion-Intelligence-System\A2_FashionDataset\FashionDataset\train\images_train\49761.jpg,0.5713,nobg
images (5).jpg,3,50985,Briefs,Innerwear,Apparel,White,Women,Casual,Enamor Women White Brief,c:\Users\LEGION\Documents\jupyter_notebook\Fashion-Intelligence-System\A2_FashionDataset\FashionDataset\train\images_train\50985.jpg,0.5606,nobg
images (5).jpg,4,31225,Tshirts,Topwear,Apparel,Black,Women,Casual,Puma Women Black Polo T-shirt,c:\Users\LEGION\Documents\jupyter_notebook\Fashion-Intelligence-System\A2_FashionDataset\FashionDataset\train\images_train\31225.jpg,0.5462,nobg
images (5).jpg,5,51041,Briefs,Innerwear,Apparel,White,Women,Casual,Enamor Women Ivory Coloured Briefs,c:\Users\LEGION\Documents\jupyter_notebook\Fashion-Intelligence-System\A2_FashionDataset\FashionDataset\train\images_train\51041.jpg,0.5406,nobg
images (5).jpg,6,49086,Compact,Makeup,Personal Care,Skin,Women,Casual,Deborah Ultrafine Compact Powder 01,c:\Users\LEGION\Documents\jupyter_notebook\Fashion-Intelligence-System\A2_FashionDataset\FashionDataset\train\images_train\49086.jpg,0.5304,nobg
images (5).jpg,7,49096,Compact,Makeup,Personal Care,Skin,Women,Casual,Deborah Ultrafine Compact Powder 07,c:\Users\LEGION\Documents\jupyter_notebook\Fashion-Intelligence-System\A2_FashionDataset\FashionDataset\train\images_train\49096.jpg,0.5285,nobg
images (5).jpg,8,49095,Compact,Makeup,Personal Care,Skin,Women,Casual,Deborah Ultra Fine Compact Powder 02,c:\Users\LEGION\Documents\jupyter_notebook\Fashion-Intelligence-System\A2_FashionDataset\FashionDataset\train\images_train\49095.jpg,0.5279,nobg
images (6).jpg,1,49577,Flats,Shoes,Footwear,Pink,Women,Casual,Catwalk Women Pink Shoes,c:\Users\LEGION\Documents\jupyter_notebook\Fashion-Intelligence-System\A2_FashionDataset\FashionDataset\train\images_train\49577.jpg,0.7394,nobg
images (6).jpg,2,45324,Heels,Shoes,Footwear,Pink,Women,Casual,Cobblerz Women Pink & White Wedges,c:\Users\LEGION\Documents\jupyter_notebook\Fashion-Intelligence-System\A2_FashionDataset\FashionDataset\train\images_train\45324.jpg,0.7353,nobg
images (6).jpg,3,10755,Casual Shoes,Shoes,Footwear,Pink,Women,Casual,Disney Kids Princess Heart Pink Casual Shoes,c:\Users\LEGION\Documents\jupyter_notebook\Fashion-Intelligence-System\A2_FashionDataset\FashionDataset\train\images_train\10755.jpg,0.7189,nobg
images (6).jpg,4,12422,Casual Shoes,Shoes,Footwear,Pink,Women,Casual,Timberland Women Casual Pink Casual Shoes,c:\Users\LEGION\Documents\jupyter_notebook\Fashion-Intelligence-System\A2_FashionDataset\FashionDataset\train\images_train\12422.jpg,0.7078,nobg
images (6).jpg,5,45322,Heels,Shoes,Footwear,Beige,Women,Casual,Cobblerz Women Beige & Blue Wedges,c:\Users\LEGION\Documents\jupyter_notebook\Fashion-Intelligence-System\A2_FashionDataset\FashionDataset\train\images_train\45322.jpg,0.7014,nobg
images (6).jpg,6,1951,Sports Shoes,Shoes,Footwear,Purple,Women,Sports,Puma Women Eco Funky Shoes,c:\Users\LEGION\Documents\jupyter_notebook\Fashion-Intelligence-System\A2_FashionDataset\FashionDataset\train\images_train\1951.jpg,0.6992,nobg
images (6).jpg,7,8978,Casual Shoes,Shoes,Footwear,Purple,Women,Casual,Puma Women Saba Ballet DC3 Purple Casual Shoes,c:\Users\LEGION\Documents\jupyter_notebook\Fashion-Intelligence-System\A2_FashionDataset\FashionDataset\train\images_train\8978.jpg,0.6968,nobg
images (6).jpg,8,13640,Flats,Shoes,Footwear,Purple,Women,Casual,Carlton London Women Purple Flat Shoes,c:\Users\LEGION\Documents\jupyter_notebook\Fashion-Intelligence-System\A2_FashionDataset\FashionDataset\train\images_train\13640.jpg,0.695,nobg
images.jpg,1,33844,Casual Shoes,Shoes,Footwear,Grey,Men,Casual,Puma Men Future Cat Grey Shoes,c:\Users\LEGION\Documents\jupyter_notebook\Fashion-Intelligence-System\A2_FashionDataset\FashionDataset\train\images_train\33844.jpg,0.6985,nobg
images.jpg,2,33846,Casual Shoes,Shoes,Footwear,Black,Men,Casual,Puma Men Future Cat Black Shoes,c:\Users\LEGION\Documents\jupyter_notebook\Fashion-Intelligence-System\A2_FashionDataset\FashionDataset\train\images_train\33846.jpg,0.6966,nobg
images.jpg,3,36417,Sports Shoes,Shoes,Footwear,Black,Women,Sports,Spinn Women Alliance Black Sports Shoes,c:\Users\LEGION\Documents\jupyter_notebook\Fashion-Intelligence-System\A2_FashionDataset\FashionDataset\train\images_train\36417.jpg,0.665,nobg
images.jpg,4,33866,Sandals,Sandal,Footwear,Blue,Men,Casual,Puma Men Aripon Blue Sandals,c:\Users\LEGION\Documents\jupyter_notebook\Fashion-Intelligence-System\A2_FashionDataset\FashionDataset\train\images_train\33866.jpg,0.6623,nobg
images.jpg,5,4536,Sports Shoes,Shoes,Footwear,White,Men,Sports,Nike Men's Dunk High White Shoe,c:\Users\LEGION\Documents\jupyter_notebook\Fashion-Intelligence-System\A2_FashionDataset\FashionDataset\train\images_train\4536.jpg,0.6581,nobg
images.jpg,6,5355,Sports Shoes,Shoes,Footwear,Grey,Men,Sports,Kalenji Kapteren 100 Grey/white,c:\Users\LEGION\Documents\jupyter_notebook\Fashion-Intelligence-System\A2_FashionDataset\FashionDataset\train\images_train\5355.jpg,0.654,nobg
images.jpg,7,34752,Casual Shoes,Shoes,Footwear,Black,Men,Casual,Puma Men Bolt Lite Black Shoes,c:\Users\LEGION\Documents\jupyter_notebook\Fashion-Intelligence-System\A2_FashionDataset\FashionDataset\train\images_train\34752.jpg,0.6463,nobg
images.jpg,8,5595,Sports Shoes,Shoes,Footwear,White,Men,Sports,ADIDAS Men Check Can White Shoe,c:\Users\LEGION\Documents\jupyter_notebook\Fashion-Intelligence-System\A2_FashionDataset\FashionDataset\train\images_train\5595.jpg,0.6429,nobg
mygoods_34_475601_3x4-ezgif.com-avif-to-jpg-converter-1.jpg,1,15337,Tracksuits,Bottomwear,Apparel,Olive,Men,Sports,Nike Men Solid Olive Tracksuits,c:\Users\LEGION\Documents\jupyter_notebook\Fashion-Intelligence-System\A2_FashionDataset\FashionDataset\train\images_train\15337.jpg,0.5864,nobg
mygoods_34_475601_3x4-ezgif.com-avif-to-jpg-converter-1.jpg,2,49915,Sarees,Saree,Apparel,Brown,Women,Ethnic,Fabindia Brown Hand Printed Sari,c:\Users\LEGION\Documents\jupyter_notebook\Fashion-Intelligence-System\A2_FashionDataset\FashionDataset\train\images_train\49915.jpg,0.5659,nobg
mygoods_34_475601_3x4-ezgif.com-avif-to-jpg-converter-1.jpg,3,34956,Sarees,Saree,Apparel,Beige,Women,Ethnic,Fabindia Beige Jaipur Print Cotton Sari,c:\Users\LEGION\Documents\jupyter_notebook\Fashion-Intelligence-System\A2_FashionDataset\FashionDataset\train\images_train\34956.jpg,0.5655,nobg
mygoods_34_475601_3x4-ezgif.com-avif-to-jpg-converter-1.jpg,4,49144,Lip Gloss,Lips,Personal Care,Brown,Women,Casual,Deborah Euphoric Shine 14 Lip Gloss,c:\Users\LEGION\Documents\jupyter_notebook\Fashion-Intelligence-System\A2_FashionDataset\FashionDataset\train\images_train\49144.jpg,0.5608,nobg
mygoods_34_475601_3x4-ezgif.com-avif-to-jpg-converter-1.jpg,5,39124,Leggings,Bottomwear,Apparel,Beige,Women,Casual,Aneri Women Beige Leggings,c:\Users\LEGION\Documents\jupyter_notebook\Fashion-Intelligence-System\A2_FashionDataset\FashionDataset\train\images_train\39124.jpg,0.559,nobg
mygoods_34_475601_3x4-ezgif.com-avif-to-jpg-converter-1.jpg,6,34957,Sarees,Saree,Apparel,Beige,Women,Ethnic,Fabindia Beige Jaipur Print Cotton Sari,c:\Users\LEGION\Documents\jupyter_notebook\Fashion-Intelligence-System\A2_FashionDataset\FashionDataset\train\images_train\34957.jpg,0.5587,nobg
mygoods_34_475601_3x4-ezgif.com-avif-to-jpg-converter-1.jpg,7,50878,Sarees,Saree,Apparel,Beige,Women,Ethnic,Prafful Beige & Red Crepe Printed Saree,c:\Users\LEGION\Documents\jupyter_notebook\Fashion-Intelligence-System\A2_FashionDataset\FashionDataset\train\images_train\50878.jpg,0.5585,nobg
mygoods_34_475601_3x4-ezgif.com-avif-to-jpg-converter-1.jpg,8,34960,Sarees,Saree,Apparel,Beige,Women,Ethnic,Fabindia Women H& Printed Beige Sari,c:\Users\LEGION\Documents\jupyter_notebook\Fashion-Intelligence-System\A2_FashionDataset\FashionDataset\train\images_train\34960.jpg,0.5498,nobg
The_dress_blueblackwhitegold.jpg,1,25209,Handbags,Bags,Accessories,Grey,Women,Casual,Lino Perros Women Canvas Grey Handbag,c:\Users\LEGION\Documents\jupyter_notebook\Fashion-Intelligence-System\A2_FashionDataset\FashionDataset\train\images_train\25209.jpg,0.7421,nobg
The_dress_blueblackwhitegold.jpg,2,7610,Messenger Bag,Bags,Accessories,Brown,Men,Casual,Wrangler Men Chocolate Canvas Bag,c:\Users\LEGION\Documents\jupyter_notebook\Fashion-Intelligence-System\A2_FashionDataset\FashionDataset\train\images_train\7610.jpg,0.7246,nobg
The_dress_blueblackwhitegold.jpg,3,27748,Handbags,Bags,Accessories,Brown,Women,Casual,Murcia Women Brown Sling Bag,c:\Users\LEGION\Documents\jupyter_notebook\Fashion-Intelligence-System\A2_FashionDataset\FashionDataset\train\images_train\27748.jpg,0.7137,nobg
The_dress_blueblackwhitegold.jpg,4,50430,Handbags,Bags,Accessories,Olive,Women,Casual,Lino Perros Women Olive Bag,c:\Users\LEGION\Documents\jupyter_notebook\Fashion-Intelligence-System\A2_FashionDataset\FashionDataset\train\images_train\50430.jpg,0.7029,nobg
The_dress_blueblackwhitegold.jpg,5,7612,Messenger Bag,Bags,Accessories,Brown,Men,Casual,Wrangler Men Brown Canvas Bag,c:\Users\LEGION\Documents\jupyter_notebook\Fashion-Intelligence-System\A2_FashionDataset\FashionDataset\train\images_train\7612.jpg,0.7021,nobg
The_dress_blueblackwhitegold.jpg,6,42936,Handbags,Bags,Accessories,Khaki,Men,Casual,French Connection Men Khaki Handbag,c:\Users\LEGION\Documents\jupyter_notebook\Fashion-Intelligence-System\A2_FashionDataset\FashionDataset\train\images_train\42936.jpg,0.7011,nobg
The_dress_blueblackwhitegold.jpg,7,42933,Handbags,Bags,Accessories,Blue,Unisex,Casual,French Connection Unisex Blue Bag,c:\Users\LEGION\Documents\jupyter_notebook\Fashion-Intelligence-System\A2_FashionDataset\FashionDataset\train\images_train\42933.jpg,0.6945,nobg
The_dress_blueblackwhitegold.jpg,8,51949,Laptop Bag,Bags,Accessories,Brown,Men,Casual,Yelloe Men Laptop Bag/Document Holder,c:\Users\LEGION\Documents\jupyter_notebook\Fashion-Intelligence-System\A2_FashionDataset\FashionDataset\train\images_train\51949.jpg,0.6937,nobg
