id,gender,articleType,season,usage,image_path,articleType_confidence
52003,,Caps,,,A2_FashionDataset/FashionDataset/test/images_test/52003.jpg,0.0779
52007,,Dresses,,,A2_FashionDataset/FashionDataset/test/images_test/52007.jpg,0.728
52017,,Bra,,,A2_FashionDataset/FashionDataset/test/images_test/52017.jpg,0.1852
52021,,Briefs,,,A2_FashionDataset/FashionDataset/test/images_test/52021.jpg,0.1138
52023,,Waistcoat,,,A2_FashionDataset/FashionDataset/test/images_test/52023.jpg,0.2085
52026,,Jackets,,,A2_FashionDataset/FashionDataset/test/images_test/52026.jpg,0.7896
52027,,Sweatshirts,,,A2_FashionDataset/FashionDataset/test/images_test/52027.jpg,0.6481
52028,,Jackets,,,A2_FashionDataset/FashionDataset/test/images_test/52028.jpg,0.2756
52029,,Jackets,,,A2_FashionDataset/FashionDataset/test/images_test/52029.jpg,0.5255
52030,,Jackets,,,A2_FashionDataset/FashionDataset/test/images_test/52030.jpg,0.8295
52031,,Jackets,,,A2_FashionDataset/FashionDataset/test/images_test/52031.jpg,0.8227
52032,,Jackets,,,A2_FashionDataset/FashionDataset/test/images_test/52032.jpg,0.9069
52034,,Jackets,,,A2_FashionDataset/FashionDataset/test/images_test/52034.jpg,0.9738
52042,,Sweatshirts,,,A2_FashionDataset/FashionDataset/test/images_test/52042.jpg,0.3446
52043,,Jackets,,,A2_FashionDataset/FashionDataset/test/images_test/52043.jpg,0.9636
52044,,Jackets,,,A2_FashionDataset/FashionDataset/test/images_test/52044.jpg,0.9292
52045,,Jackets,,,A2_FashionDataset/FashionDataset/test/images_test/52045.jpg,0.6369
52049,,Tshirts,,,A2_FashionDataset/FashionDataset/test/images_test/52049.jpg,0.5831
52050,,Tshirts,,,A2_FashionDataset/FashionDataset/test/images_test/52050.jpg,0.8798
52051,,Tshirts,,,A2_FashionDataset/FashionDataset/test/images_test/52051.jpg,0.294
52052,,Tshirts,,,A2_FashionDataset/FashionDataset/test/images_test/52052.jpg,0.5848
52053,,Tshirts,,,A2_FashionDataset/FashionDataset/test/images_test/52053.jpg,0.6077
52054,,Tshirts,,,A2_FashionDataset/FashionDataset/test/images_test/52054.jpg,0.7164
52055,,Tshirts,,,A2_FashionDataset/FashionDataset/test/images_test/52055.jpg,0.7683
52056,,Tshirts,,,A2_FashionDataset/FashionDataset/test/images_test/52056.jpg,0.7458
52057,,Tshirts,,,A2_FashionDataset/FashionDataset/test/images_test/52057.jpg,0.8248
52058,,Tshirts,,,A2_FashionDataset/FashionDataset/test/images_test/52058.jpg,0.819
52059,,Tshirts,,,A2_FashionDataset/FashionDataset/test/images_test/52059.jpg,0.8364
52060,,Tshirts,,,A2_FashionDataset/FashionDataset/test/images_test/52060.jpg,0.751
52061,,Tshirts,,,A2_FashionDataset/FashionDataset/test/images_test/52061.jpg,0.8333
52062,,Tshirts,,,A2_FashionDataset/FashionDataset/test/images_test/52062.jpg,0.8265
52063,,Tshirts,,,A2_FashionDataset/FashionDataset/test/images_test/52063.jpg,0.7559
52064,,Tshirts,,,A2_FashionDataset/FashionDataset/test/images_test/52064.jpg,0.8096
52065,,Tshirts,,,A2_FashionDataset/FashionDataset/test/images_test/52065.jpg,0.7995
52066,,Tshirts,,,A2_FashionDataset/FashionDataset/test/images_test/52066.jpg,0.6885
52067,,Tshirts,,,A2_FashionDataset/FashionDataset/test/images_test/52067.jpg,0.7643
52068,,Tshirts,,,A2_FashionDataset/FashionDataset/test/images_test/52068.jpg,0.8074
52069,,Tshirts,,,A2_FashionDataset/FashionDataset/test/images_test/52069.jpg,0.7798
52070,,Tshirts,,,A2_FashionDataset/FashionDataset/test/images_test/52070.jpg,0.7689
52071,,Tshirts,,,A2_FashionDataset/FashionDataset/test/images_test/52071.jpg,0.7895
52072,,Tshirts,,,A2_FashionDataset/FashionDataset/test/images_test/52072.jpg,0.7184
52073,,Tshirts,,,A2_FashionDataset/FashionDataset/test/images_test/52073.jpg,0.6522
52074,,Tshirts,,,A2_FashionDataset/FashionDataset/test/images_test/52074.jpg,0.5969
52075,,Tshirts,,,A2_FashionDataset/FashionDataset/test/images_test/52075.jpg,0.8561
52076,,Tshirts,,,A2_FashionDataset/FashionDataset/test/images_test/52076.jpg,0.776
52077,,Shirts,,,A2_FashionDataset/FashionDataset/test/images_test/52077.jpg,0.251
52078,,Tshirts,,,A2_FashionDataset/FashionDataset/test/images_test/52078.jpg,0.814
52079,,Tshirts,,,A2_FashionDataset/FashionDataset/test/images_test/52079.jpg,0.5868
52080,,Tshirts,,,A2_FashionDataset/FashionDataset/test/images_test/52080.jpg,0.6267
52081,,Tshirts,,,A2_FashionDataset/FashionDataset/test/images_test/52081.jpg,0.7174
52082,,Tshirts,,,A2_FashionDataset/FashionDataset/test/images_test/52082.jpg,0.6944
52083,,Tshirts,,,A2_FashionDataset/FashionDataset/test/images_test/52083.jpg,0.5233
52084,,Tops,,,A2_FashionDataset/FashionDataset/test/images_test/52084.jpg,0.324
52085,,Tops,,,A2_FashionDataset/FashionDataset/test/images_test/52085.jpg,0.9014
52086,,Tshirts,,,A2_FashionDataset/FashionDataset/test/images_test/52086.jpg,0.3532
52087,,Tops,,,A2_FashionDataset/FashionDataset/test/images_test/52087.jpg,0.9426
52088,,Tops,,,A2_FashionDataset/FashionDataset/test/images_test/52088.jpg,0.9567
52089,,Tops,,,A2_FashionDataset/FashionDataset/test/images_test/52089.jpg,0.5724
52090,,Tops,,,A2_FashionDataset/FashionDataset/test/images_test/52090.jpg,0.8323
52091,,Tshirts,,,A2_FashionDataset/FashionDataset/test/images_test/52091.jpg,0.5706
52092,,Tops,,,A2_FashionDataset/FashionDataset/test/images_test/52092.jpg,0.8583
52093,,Tops,,,A2_FashionDataset/FashionDataset/test/images_test/52093.jpg,0.2178
52094,,Tops,,,A2_FashionDataset/FashionDataset/test/images_test/52094.jpg,0.5004
52095,,Innerwear Vests,,,A2_FashionDataset/FashionDataset/test/images_test/52095.jpg,0.2705
52096,,Tops,,,A2_FashionDataset/FashionDataset/test/images_test/52096.jpg,0.9324
52097,,Tops,,,A2_FashionDataset/FashionDataset/test/images_test/52097.jpg,0.9129
52098,,Tops,,,A2_FashionDataset/FashionDataset/test/images_test/52098.jpg,0.6499
52099,,Tops,,,A2_FashionDataset/FashionDataset/test/images_test/52099.jpg,0.2608
52100,,Kurtas,,,A2_FashionDataset/FashionDataset/test/images_test/52100.jpg,0.8342
52101,,Kurtas,,,A2_FashionDataset/FashionDataset/test/images_test/52101.jpg,0.5015
52102,,Kurtas,,,A2_FashionDataset/FashionDataset/test/images_test/52102.jpg,0.8808
52103,,Stoles,,,A2_FashionDataset/FashionDataset/test/images_test/52103.jpg,0.7708
52104,,Kurtas,,,A2_FashionDataset/FashionDataset/test/images_test/52104.jpg,0.7459
52105,,Stoles,,,A2_FashionDataset/FashionDataset/test/images_test/52105.jpg,0.385
52106,,Kurtas,,,A2_FashionDataset/FashionDataset/test/images_test/52106.jpg,0.4436
52107,,Kurtas,,,A2_FashionDataset/FashionDataset/test/images_test/52107.jpg,0.9343
52108,,Dresses,,,A2_FashionDataset/FashionDataset/test/images_test/52108.jpg,0.283
52109,,Dresses,,,A2_FashionDataset/FashionDataset/test/images_test/52109.jpg,0.4964
52110,,Kurtas,,,A2_FashionDataset/FashionDataset/test/images_test/52110.jpg,0.9032
52111,,Tunics,,,A2_FashionDataset/FashionDataset/test/images_test/52111.jpg,0.4986
52112,,Stoles,,,A2_FashionDataset/FashionDataset/test/images_test/52112.jpg,0.1784
52113,,Tops,,,A2_FashionDataset/FashionDataset/test/images_test/52113.jpg,0.5198
52114,,Tops,,,A2_FashionDataset/FashionDataset/test/images_test/52114.jpg,0.9133
52115,,Tops,,,A2_FashionDataset/FashionDataset/test/images_test/52115.jpg,0.6042
52116,,Tops,,,A2_FashionDataset/FashionDataset/test/images_test/52116.jpg,0.7961
52117,,Tops,,,A2_FashionDataset/FashionDataset/test/images_test/52117.jpg,0.96
52118,,Nightdress,,,A2_FashionDataset/FashionDataset/test/images_test/52118.jpg,0.274
52119,,Tops,,,A2_FashionDataset/FashionDataset/test/images_test/52119.jpg,0.9065
52120,,Tshirts,,,A2_FashionDataset/FashionDataset/test/images_test/52120.jpg,0.8044
52121,,Tshirts,,,A2_FashionDataset/FashionDataset/test/images_test/52121.jpg,0.8217
52122,,Tshirts,,,A2_FashionDataset/FashionDataset/test/images_test/52122.jpg,0.7624
52123,,Dresses,,,A2_FashionDataset/FashionDataset/test/images_test/52123.jpg,0.9896
52124,,Dresses,,,A2_FashionDataset/FashionDataset/test/images_test/52124.jpg,0.9849
52125,,Dresses,,,A2_FashionDataset/FashionDataset/test/images_test/52125.jpg,0.9655
52126,,Tops,,,A2_FashionDataset/FashionDataset/test/images_test/52126.jpg,0.7639
52127,,Tshirts,,,A2_FashionDataset/FashionDataset/test/images_test/52127.jpg,0.8443
52128,,Dresses,,,A2_FashionDataset/FashionDataset/test/images_test/52128.jpg,0.9783
52129,,Tshirts,,,A2_FashionDataset/FashionDataset/test/images_test/52129.jpg,0.5347
52130,,Dresses,,,A2_FashionDataset/FashionDataset/test/images_test/52130.jpg,0.9858
52131,,Dresses,,,A2_FashionDataset/FashionDataset/test/images_test/52131.jpg,0.988
52132,,Tshirts,,,A2_FashionDataset/FashionDataset/test/images_test/52132.jpg,0.7033
52133,,Leggings,,,A2_FashionDataset/FashionDataset/test/images_test/52133.jpg,0.4548
52134,,Shorts,,,A2_FashionDataset/FashionDataset/test/images_test/52134.jpg,0.7036
52135,,Tshirts,,,A2_FashionDataset/FashionDataset/test/images_test/52135.jpg,0.6885
52136,,Tshirts,,,A2_FashionDataset/FashionDataset/test/images_test/52136.jpg,0.7007
52137,,Tshirts,,,A2_FashionDataset/FashionDataset/test/images_test/52137.jpg,0.7834
52138,,Tshirts,,,A2_FashionDataset/FashionDataset/test/images_test/52138.jpg,0.873
52139,,Tshirts,,,A2_FashionDataset/FashionDataset/test/images_test/52139.jpg,0.7968
52140,,Tshirts,,,A2_FashionDataset/FashionDataset/test/images_test/52140.jpg,0.7287
52141,,Tops,,,A2_FashionDataset/FashionDataset/test/images_test/52141.jpg,0.2912
52142,,Tshirts,,,A2_FashionDataset/FashionDataset/test/images_test/52142.jpg,0.8259
52143,,Tshirts,,,A2_FashionDataset/FashionDataset/test/images_test/52143.jpg,0.8441
52144,,Tshirts,,,A2_FashionDataset/FashionDataset/test/images_test/52144.jpg,0.8348
52145,,Tshirts,,,A2_FashionDataset/FashionDataset/test/images_test/52145.jpg,0.5793
52146,,Tshirts,,,A2_FashionDataset/FashionDataset/test/images_test/52146.jpg,0.8443
52147,,Tshirts,,,A2_FashionDataset/FashionDataset/test/images_test/52147.jpg,0.8595
52148,,Tshirts,,,A2_FashionDataset/FashionDataset/test/images_test/52148.jpg,0.8914
52149,,Tshirts,,,A2_FashionDataset/FashionDataset/test/images_test/52149.jpg,0.7829
52150,,Tshirts,,,A2_FashionDataset/FashionDataset/test/images_test/52150.jpg,0.8418
52151,,Tshirts,,,A2_FashionDataset/FashionDataset/test/images_test/52151.jpg,0.8434
52153,,Tops,,,A2_FashionDataset/FashionDataset/test/images_test/52153.jpg,0.6096
52154,,Tops,,,A2_FashionDataset/FashionDataset/test/images_test/52154.jpg,0.4997
52155,,Dresses,,,A2_FashionDataset/FashionDataset/test/images_test/52155.jpg,0.4082
52156,,Tops,,,A2_FashionDataset/FashionDataset/test/images_test/52156.jpg,0.7013
52157,,Jumpsuit,,,A2_FashionDataset/FashionDataset/test/images_test/52157.jpg,0.1843
52158,,Tops,,,A2_FashionDataset/FashionDataset/test/images_test/52158.jpg,0.2523
52159,,Shirts,,,A2_FashionDataset/FashionDataset/test/images_test/52159.jpg,0.0795
52160,,Tops,,,A2_FashionDataset/FashionDataset/test/images_test/52160.jpg,0.5241
52161,,Dresses,,,A2_FashionDataset/FashionDataset/test/images_test/52161.jpg,0.9504
52162,,Tops,,,A2_FashionDataset/FashionDataset/test/images_test/52162.jpg,0.1799
52163,,Tops,,,A2_FashionDataset/FashionDataset/test/images_test/52163.jpg,0.4673
52164,,Tops,,,A2_FashionDataset/FashionDataset/test/images_test/52164.jpg,0.3934
52165,,Pendant,,,A2_FashionDataset/FashionDataset/test/images_test/52165.jpg,0.3752
52166,,Pendant,,,A2_FashionDataset/FashionDataset/test/images_test/52166.jpg,0.2412
52168,,Scarves,,,A2_FashionDataset/FashionDataset/test/images_test/52168.jpg,0.082
52169,,Ring,,,A2_FashionDataset/FashionDataset/test/images_test/52169.jpg,0.1064
52172,,Casual Shoes,,,A2_FashionDataset/FashionDataset/test/images_test/52172.jpg,0.0728
52173,,Backpacks,,,A2_FashionDataset/FashionDataset/test/images_test/52173.jpg,0.087
52176,,Tshirts,,,A2_FashionDataset/FashionDataset/test/images_test/52176.jpg,0.2657
52177,,Shirts,,,A2_FashionDataset/FashionDataset/test/images_test/52177.jpg,0.1656
52178,,Tops,,,A2_FashionDataset/FashionDataset/test/images_test/52178.jpg,0.0863
52179,,Earrings,,,A2_FashionDataset/FashionDataset/test/images_test/52179.jpg,0.2513
52180,,Earrings,,,A2_FashionDataset/FashionDataset/test/images_test/52180.jpg,0.947
52181,,Earrings,,,A2_FashionDataset/FashionDataset/test/images_test/52181.jpg,0.5253
52182,,Earrings,,,A2_FashionDataset/FashionDataset/test/images_test/52182.jpg,0.1221
52183,,Earrings,,,A2_FashionDataset/FashionDataset/test/images_test/52183.jpg,0.9643
52185,,Sports Shoes,,,A2_FashionDataset/FashionDataset/test/images_test/52185.jpg,0.1765
52186,,Sports Shoes,,,A2_FashionDataset/FashionDataset/test/images_test/52186.jpg,0.1769
52187,,Earrings,,,A2_FashionDataset/FashionDataset/test/images_test/52187.jpg,0.4616
52190,,Jewellery Set,,,A2_FashionDataset/FashionDataset/test/images_test/52190.jpg,0.1083
52191,,Sports Shoes,,,A2_FashionDataset/FashionDataset/test/images_test/52191.jpg,0.3654
52193,,Necklace and Chains,,,A2_FashionDataset/FashionDataset/test/images_test/52193.jpg,0.2391
52195,,Sports Shoes,,,A2_FashionDataset/FashionDataset/test/images_test/52195.jpg,0.412
52198,,Pendant,,,A2_FashionDataset/FashionDataset/test/images_test/52198.jpg,0.8712
52200,,Pendant,,,A2_FashionDataset/FashionDataset/test/images_test/52200.jpg,0.7672
52202,,Pendant,,,A2_FashionDataset/FashionDataset/test/images_test/52202.jpg,0.7772
52204,,Pendant,,,A2_FashionDataset/FashionDataset/test/images_test/52204.jpg,0.6764
52205,,Pendant,,,A2_FashionDataset/FashionDataset/test/images_test/52205.jpg,0.702
52209,,Pendant,,,A2_FashionDataset/FashionDataset/test/images_test/52209.jpg,0.2004
52210,,Necklace and Chains,,,A2_FashionDataset/FashionDataset/test/images_test/52210.jpg,0.2602
52211,,Necklace and Chains,,,A2_FashionDataset/FashionDataset/test/images_test/52211.jpg,0.2721
52214,,Necklace and Chains,,,A2_FashionDataset/FashionDataset/test/images_test/52214.jpg,0.4041
52220,,Necklace and Chains,,,A2_FashionDataset/FashionDataset/test/images_test/52220.jpg,0.9985
52221,,Necklace and Chains,,,A2_FashionDataset/FashionDataset/test/images_test/52221.jpg,0.8601
52222,,Innerwear Vests,,,A2_FashionDataset/FashionDataset/test/images_test/52222.jpg,0.1643
52223,,Pendant,,,A2_FashionDataset/FashionDataset/test/images_test/52223.jpg,0.1125
52224,,Pendant,,,A2_FashionDataset/FashionDataset/test/images_test/52224.jpg,0.2871
52225,,Watches,,,A2_FashionDataset/FashionDataset/test/images_test/52225.jpg,0.5092
52228,,Basketballs,,,A2_FashionDataset/FashionDataset/test/images_test/52228.jpg,0.1284
52230,,Boxers,,,A2_FashionDataset/FashionDataset/test/images_test/52230.jpg,0.1089
52235,,Jeans,,,A2_FashionDataset/FashionDataset/test/images_test/52235.jpg,0.9083
52254,,Trunk,,,A2_FashionDataset/FashionDataset/test/images_test/52254.jpg,0.8516
52255,,Trunk,,,A2_FashionDataset/FashionDataset/test/images_test/52255.jpg,0.7232
52256,,Trunk,,,A2_FashionDataset/FashionDataset/test/images_test/52256.jpg,0.9838
52257,,Trunk,,,A2_FashionDataset/FashionDataset/test/images_test/52257.jpg,0.9509
52299,,Lounge Shorts,,,A2_FashionDataset/FashionDataset/test/images_test/52299.jpg,0.6741
52303,,Necklace and Chains,,,A2_FashionDataset/FashionDataset/test/images_test/52303.jpg,0.2171
52304,,Necklace and Chains,,,A2_FashionDataset/FashionDataset/test/images_test/52304.jpg,0.2765
52305,,Necklace and Chains,,,A2_FashionDataset/FashionDataset/test/images_test/52305.jpg,0.9162
52306,,Necklace and Chains,,,A2_FashionDataset/FashionDataset/test/images_test/52306.jpg,0.2586
52307,,Necklace and Chains,,,A2_FashionDataset/FashionDataset/test/images_test/52307.jpg,0.8345
52308,,Necklace and Chains,,,A2_FashionDataset/FashionDataset/test/images_test/52308.jpg,0.9762
52309,,Jewellery Set,,,A2_FashionDataset/FashionDataset/test/images_test/52309.jpg,0.4483
52310,,Jewellery Set,,,A2_FashionDataset/FashionDataset/test/images_test/52310.jpg,0.5464
52311,,Jewellery Set,,,A2_FashionDataset/FashionDataset/test/images_test/52311.jpg,0.4193
52312,,Necklace and Chains,,,A2_FashionDataset/FashionDataset/test/images_test/52312.jpg,0.7226
52313,,Travel Accessory,,,A2_FashionDataset/FashionDataset/test/images_test/52313.jpg,0.2907
52314,,Travel Accessory,,,A2_FashionDataset/FashionDataset/test/images_test/52314.jpg,0.2906
52315,,Belts,,,A2_FashionDataset/FashionDataset/test/images_test/52315.jpg,0.3992
52316,,Travel Accessory,,,A2_FashionDataset/FashionDataset/test/images_test/52316.jpg,0.386
52317,,Travel Accessory,,,A2_FashionDataset/FashionDataset/test/images_test/52317.jpg,0.518
52318,,Belts,,,A2_FashionDataset/FashionDataset/test/images_test/52318.jpg,0.2407
52320,,Belts,,,A2_FashionDataset/FashionDataset/test/images_test/52320.jpg,0.1721
52322,,Belts,,,A2_FashionDataset/FashionDataset/test/images_test/52322.jpg,0.6535
52323,,Ring,,,A2_FashionDataset/FashionDataset/test/images_test/52323.jpg,0.1188
52324,,Belts,,,A2_FashionDataset/FashionDataset/test/images_test/52324.jpg,0.5058
52325,,Belts,,,A2_FashionDataset/FashionDataset/test/images_test/52325.jpg,0.257
52326,,Travel Accessory,,,A2_FashionDataset/FashionDataset/test/images_test/52326.jpg,0.3637
52327,,Travel Accessory,,,A2_FashionDataset/FashionDataset/test/images_test/52327.jpg,0.4414
52328,,Laptop Bag,,,A2_FashionDataset/FashionDataset/test/images_test/52328.jpg,0.2489
52329,,Belts,,,A2_FashionDataset/FashionDataset/test/images_test/52329.jpg,0.3587
52330,,Wallets,,,A2_FashionDataset/FashionDataset/test/images_test/52330.jpg,0.736
52331,,Wallets,,,A2_FashionDataset/FashionDataset/test/images_test/52331.jpg,0.866
52332,,Wallets,,,A2_FashionDataset/FashionDataset/test/images_test/52332.jpg,0.9236
52333,,Clutches,,,A2_FashionDataset/FashionDataset/test/images_test/52333.jpg,0.9802
52334,,Clutches,,,A2_FashionDataset/FashionDataset/test/images_test/52334.jpg,0.819
52335,,Clutches,,,A2_FashionDataset/FashionDataset/test/images_test/52335.jpg,0.9786
52336,,Clutches,,,A2_FashionDataset/FashionDataset/test/images_test/52336.jpg,0.9593
52337,,Clutches,,,A2_FashionDataset/FashionDataset/test/images_test/52337.jpg,0.9184
52338,,Clutches,,,A2_FashionDataset/FashionDataset/test/images_test/52338.jpg,0.969
52339,,Clutches,,,A2_FashionDataset/FashionDataset/test/images_test/52339.jpg,0.9354
52340,,Dresses,,,A2_FashionDataset/FashionDataset/test/images_test/52340.jpg,0.9236
52341,,Dresses,,,A2_FashionDataset/FashionDataset/test/images_test/52341.jpg,0.6609
52342,,Dresses,,,A2_FashionDataset/FashionDataset/test/images_test/52342.jpg,0.6373
52343,,Dresses,,,A2_FashionDataset/FashionDataset/test/images_test/52343.jpg,0.8837
52344,,Dresses,,,A2_FashionDataset/FashionDataset/test/images_test/52344.jpg,0.9452
52345,,Dresses,,,A2_FashionDataset/FashionDataset/test/images_test/52345.jpg,0.8926
52346,,Dresses,,,A2_FashionDataset/FashionDataset/test/images_test/52346.jpg,0.4429
52347,,Dresses,,,A2_FashionDataset/FashionDataset/test/images_test/52347.jpg,0.4433
52348,,Nightdress,,,A2_FashionDataset/FashionDataset/test/images_test/52348.jpg,0.3116
52349,,Nightdress,,,A2_FashionDataset/FashionDataset/test/images_test/52349.jpg,0.8054
52350,,Dresses,,,A2_FashionDataset/FashionDataset/test/images_test/52350.jpg,0.683
52351,,Nightdress,,,A2_FashionDataset/FashionDataset/test/images_test/52351.jpg,0.2439
52352,,Kurtas,,,A2_FashionDataset/FashionDataset/test/images_test/52352.jpg,0.6261
52353,,Dresses,,,A2_FashionDataset/FashionDataset/test/images_test/52353.jpg,0.7674
52354,,Sarees,,,A2_FashionDataset/FashionDataset/test/images_test/52354.jpg,0.4048
52355,,Sarees,,,A2_FashionDataset/FashionDataset/test/images_test/52355.jpg,0.1523
52356,,Dresses,,,A2_FashionDataset/FashionDataset/test/images_test/52356.jpg,0.6912
52357,,Dresses,,,A2_FashionDataset/FashionDataset/test/images_test/52357.jpg,0.3882
52358,,Dresses,,,A2_FashionDataset/FashionDataset/test/images_test/52358.jpg,0.8217
52359,,Dresses,,,A2_FashionDataset/FashionDataset/test/images_test/52359.jpg,0.1587
52360,,Dresses,,,A2_FashionDataset/FashionDataset/test/images_test/52360.jpg,0.207
52361,,Dresses,,,A2_FashionDataset/FashionDataset/test/images_test/52361.jpg,0.5511
52362,,Nightdress,,,A2_FashionDataset/FashionDataset/test/images_test/52362.jpg,0.7108
52363,,Dresses,,,A2_FashionDataset/FashionDataset/test/images_test/52363.jpg,0.7796
52364,,Dresses,,,A2_FashionDataset/FashionDataset/test/images_test/52364.jpg,0.8654
52366,,Dresses,,,A2_FashionDataset/FashionDataset/test/images_test/52366.jpg,0.8512
52367,,Dresses,,,A2_FashionDataset/FashionDataset/test/images_test/52367.jpg,0.8817
52368,,Dresses,,,A2_FashionDataset/FashionDataset/test/images_test/52368.jpg,0.4509
52369,,Dresses,,,A2_FashionDataset/FashionDataset/test/images_test/52369.jpg,0.6731
52370,,Dresses,,,A2_FashionDataset/FashionDataset/test/images_test/52370.jpg,0.3676
52371,,Dresses,,,A2_FashionDataset/FashionDataset/test/images_test/52371.jpg,0.7127
52372,,Dresses,,,A2_FashionDataset/FashionDataset/test/images_test/52372.jpg,0.8789
52373,,Dresses,,,A2_FashionDataset/FashionDataset/test/images_test/52373.jpg,0.3624
52374,,Dresses,,,A2_FashionDataset/FashionDataset/test/images_test/52374.jpg,0.7114
52375,,Nightdress,,,A2_FashionDataset/FashionDataset/test/images_test/52375.jpg,0.5231
52376,,Dresses,,,A2_FashionDataset/FashionDataset/test/images_test/52376.jpg,0.4587
52377,,Dresses,,,A2_FashionDataset/FashionDataset/test/images_test/52377.jpg,0.7356
52378,,Dresses,,,A2_FashionDataset/FashionDataset/test/images_test/52378.jpg,0.4313
52379,,Dresses,,,A2_FashionDataset/FashionDataset/test/images_test/52379.jpg,0.2934
52380,,Dresses,,,A2_FashionDataset/FashionDataset/test/images_test/52380.jpg,0.6154
52381,,Kurtas,,,A2_FashionDataset/FashionDataset/test/images_test/52381.jpg,0.1543
52382,,Sarees,,,A2_FashionDataset/FashionDataset/test/images_test/52382.jpg,0.2689
52383,,Kurta Sets,,,A2_FashionDataset/FashionDataset/test/images_test/52383.jpg,0.1905
52384,,Dresses,,,A2_FashionDataset/FashionDataset/test/images_test/52384.jpg,0.1426
52385,,Kurtas,,,A2_FashionDataset/FashionDataset/test/images_test/52385.jpg,0.465
52386,,Nightdress,,,A2_FashionDataset/FashionDataset/test/images_test/52386.jpg,0.2012
52387,,Dresses,,,A2_FashionDataset/FashionDataset/test/images_test/52387.jpg,0.3632
52390,,Dresses,,,A2_FashionDataset/FashionDataset/test/images_test/52390.jpg,0.2031
52391,,Dresses,,,A2_FashionDataset/FashionDataset/test/images_test/52391.jpg,0.4871
52392,,Dresses,,,A2_FashionDataset/FashionDataset/test/images_test/52392.jpg,0.3161
52393,,Dresses,,,A2_FashionDataset/FashionDataset/test/images_test/52393.jpg,0.5547
52394,,Dresses,,,A2_FashionDataset/FashionDataset/test/images_test/52394.jpg,0.7068
52395,,Dresses,,,A2_FashionDataset/FashionDataset/test/images_test/52395.jpg,0.7583
52396,,Nightdress,,,A2_FashionDataset/FashionDataset/test/images_test/52396.jpg,0.1696
52397,,Dresses,,,A2_FashionDataset/FashionDataset/test/images_test/52397.jpg,0.3788
52398,,Dresses,,,A2_FashionDataset/FashionDataset/test/images_test/52398.jpg,0.6163
52399,,Dresses,,,A2_FashionDataset/FashionDataset/test/images_test/52399.jpg,0.6862
52400,,Dresses,,,A2_FashionDataset/FashionDataset/test/images_test/52400.jpg,0.5745
52401,,Dresses,,,A2_FashionDataset/FashionDataset/test/images_test/52401.jpg,0.555
52402,,Dresses,,,A2_FashionDataset/FashionDataset/test/images_test/52402.jpg,0.2954
52403,,Nightdress,,,A2_FashionDataset/FashionDataset/test/images_test/52403.jpg,0.2739
52404,,Dresses,,,A2_FashionDataset/FashionDataset/test/images_test/52404.jpg,0.5871
52405,,Dresses,,,A2_FashionDataset/FashionDataset/test/images_test/52405.jpg,0.5926
52406,,Dresses,,,A2_FashionDataset/FashionDataset/test/images_test/52406.jpg,0.8577
52407,,Dresses,,,A2_FashionDataset/FashionDataset/test/images_test/52407.jpg,0.8834
52408,,Nightdress,,,A2_FashionDataset/FashionDataset/test/images_test/52408.jpg,0.5225
52409,,Dresses,,,A2_FashionDataset/FashionDataset/test/images_test/52409.jpg,0.792
52410,,Nightdress,,,A2_FashionDataset/FashionDataset/test/images_test/52410.jpg,0.45
52411,,Dresses,,,A2_FashionDataset/FashionDataset/test/images_test/52411.jpg,0.7997
52412,,Nightdress,,,A2_FashionDataset/FashionDataset/test/images_test/52412.jpg,0.5334
52413,,Dresses,,,A2_FashionDataset/FashionDataset/test/images_test/52413.jpg,0.8107
52414,,Dresses,,,A2_FashionDataset/FashionDataset/test/images_test/52414.jpg,0.2589
52415,,Dresses,,,A2_FashionDataset/FashionDataset/test/images_test/52415.jpg,0.689
52416,,Waistcoat,,,A2_FashionDataset/FashionDataset/test/images_test/52416.jpg,0.2929
52417,,Jumpsuit,,,A2_FashionDataset/FashionDataset/test/images_test/52417.jpg,0.3238
52418,,Nightdress,,,A2_FashionDataset/FashionDataset/test/images_test/52418.jpg,0.7019
52419,,Nightdress,,,A2_FashionDataset/FashionDataset/test/images_test/52419.jpg,0.7367
52420,,Nightdress,,,A2_FashionDataset/FashionDataset/test/images_test/52420.jpg,0.8486
52421,,Dresses,,,A2_FashionDataset/FashionDataset/test/images_test/52421.jpg,0.741
52422,,Kurtas,,,A2_FashionDataset/FashionDataset/test/images_test/52422.jpg,0.2518
52423,,Nightdress,,,A2_FashionDataset/FashionDataset/test/images_test/52423.jpg,0.5624
52424,,Dresses,,,A2_FashionDataset/FashionDataset/test/images_test/52424.jpg,0.5042
52425,,Nightdress,,,A2_FashionDataset/FashionDataset/test/images_test/52425.jpg,0.4334
52426,,Dresses,,,A2_FashionDataset/FashionDataset/test/images_test/52426.jpg,0.6158
52427,,Dresses,,,A2_FashionDataset/FashionDataset/test/images_test/52427.jpg,0.6499
52428,,Dresses,,,A2_FashionDataset/FashionDataset/test/images_test/52428.jpg,0.3774
52429,,Dresses,,,A2_FashionDataset/FashionDataset/test/images_test/52429.jpg,0.6297
52430,,Nightdress,,,A2_FashionDataset/FashionDataset/test/images_test/52430.jpg,0.4783
52431,,Dresses,,,A2_FashionDataset/FashionDataset/test/images_test/52431.jpg,0.4727
52432,,Nightdress,,,A2_FashionDataset/FashionDataset/test/images_test/52432.jpg,0.2015
52434,,Dresses,,,A2_FashionDataset/FashionDataset/test/images_test/52434.jpg,0.6858
52435,,Dresses,,,A2_FashionDataset/FashionDataset/test/images_test/52435.jpg,0.7502
52436,,Dresses,,,A2_FashionDataset/FashionDataset/test/images_test/52436.jpg,0.8238
52437,,Dresses,,,A2_FashionDataset/FashionDataset/test/images_test/52437.jpg,0.3952
52438,,Dresses,,,A2_FashionDataset/FashionDataset/test/images_test/52438.jpg,0.5382
52439,,Dresses,,,A2_FashionDataset/FashionDataset/test/images_test/52439.jpg,0.5513
52440,,Dresses,,,A2_FashionDataset/FashionDataset/test/images_test/52440.jpg,0.9248
52441,,Tops,,,A2_FashionDataset/FashionDataset/test/images_test/52441.jpg,0.3236
52442,,Tops,,,A2_FashionDataset/FashionDataset/test/images_test/52442.jpg,0.3665
52443,,Dresses,,,A2_FashionDataset/FashionDataset/test/images_test/52443.jpg,0.1853
52444,,Nightdress,,,A2_FashionDataset/FashionDataset/test/images_test/52444.jpg,0.341
52445,,Tops,,,A2_FashionDataset/FashionDataset/test/images_test/52445.jpg,0.2168
52446,,Nightdress,,,A2_FashionDataset/FashionDataset/test/images_test/52446.jpg,0.7702
52447,,Nightdress,,,A2_FashionDataset/FashionDataset/test/images_test/52447.jpg,0.6379
52448,,Nightdress,,,A2_FashionDataset/FashionDataset/test/images_test/52448.jpg,0.6578
52449,,Nightdress,,,A2_FashionDataset/FashionDataset/test/images_test/52449.jpg,0.4676
52450,,Nightdress,,,A2_FashionDataset/FashionDataset/test/images_test/52450.jpg,0.8162
52451,,Nightdress,,,A2_FashionDataset/FashionDataset/test/images_test/52451.jpg,0.5715
52452,,Dresses,,,A2_FashionDataset/FashionDataset/test/images_test/52452.jpg,0.7816
52453,,Nightdress,,,A2_FashionDataset/FashionDataset/test/images_test/52453.jpg,0.5859
52454,,Nightdress,,,A2_FashionDataset/FashionDataset/test/images_test/52454.jpg,0.5263
52455,,Dresses,,,A2_FashionDataset/FashionDataset/test/images_test/52455.jpg,0.7712
52456,,Dresses,,,A2_FashionDataset/FashionDataset/test/images_test/52456.jpg,0.612
52457,,Nightdress,,,A2_FashionDataset/FashionDataset/test/images_test/52457.jpg,0.7226
52458,,Dresses,,,A2_FashionDataset/FashionDataset/test/images_test/52458.jpg,0.6171
52459,,Dresses,,,A2_FashionDataset/FashionDataset/test/images_test/52459.jpg,0.2975
52460,,Nightdress,,,A2_FashionDataset/FashionDataset/test/images_test/52460.jpg,0.7488
52461,,Dresses,,,A2_FashionDataset/FashionDataset/test/images_test/52461.jpg,0.531
52462,,Nightdress,,,A2_FashionDataset/FashionDataset/test/images_test/52462.jpg,0.2227
52463,,Jumpsuit,,,A2_FashionDataset/FashionDataset/test/images_test/52463.jpg,0.3893
52464,,Dresses,,,A2_FashionDataset/FashionDataset/test/images_test/52464.jpg,0.4315
52465,,Bra,,,A2_FashionDataset/FashionDataset/test/images_test/52465.jpg,0.8637
52466,,Bra,,,A2_FashionDataset/FashionDataset/test/images_test/52466.jpg,0.8624
52467,,Innerwear Vests,,,A2_FashionDataset/FashionDataset/test/images_test/52467.jpg,0.5518
52468,,Tops,,,A2_FashionDataset/FashionDataset/test/images_test/52468.jpg,0.8861
52469,,Tops,,,A2_FashionDataset/FashionDataset/test/images_test/52469.jpg,0.8535
52470,,Tops,,,A2_FashionDataset/FashionDataset/test/images_test/52470.jpg,0.8606
52472,,Kurta Sets,,,A2_FashionDataset/FashionDataset/test/images_test/52472.jpg,0.3832
52473,,Dupatta,,,A2_FashionDataset/FashionDataset/test/images_test/52473.jpg,0.1453
52474,,Kurta Sets,,,A2_FashionDataset/FashionDataset/test/images_test/52474.jpg,0.1851
52475,,Nightdress,,,A2_FashionDataset/FashionDataset/test/images_test/52475.jpg,0.1504
52476,,Kurta Sets,,,A2_FashionDataset/FashionDataset/test/images_test/52476.jpg,0.1146
52477,,Dresses,,,A2_FashionDataset/FashionDataset/test/images_test/52477.jpg,0.4229
52478,,Nightdress,,,A2_FashionDataset/FashionDataset/test/images_test/52478.jpg,0.8823
52479,,Nightdress,,,A2_FashionDataset/FashionDataset/test/images_test/52479.jpg,0.212
52480,,Nightdress,,,A2_FashionDataset/FashionDataset/test/images_test/52480.jpg,0.6469
52481,,Nightdress,,,A2_FashionDataset/FashionDataset/test/images_test/52481.jpg,0.2836
52482,,Nightdress,,,A2_FashionDataset/FashionDataset/test/images_test/52482.jpg,0.9018
52483,,Bra,,,A2_FashionDataset/FashionDataset/test/images_test/52483.jpg,0.5104
52484,,Bra,,,A2_FashionDataset/FashionDataset/test/images_test/52484.jpg,0.8509
52485,,Bra,,,A2_FashionDataset/FashionDataset/test/images_test/52485.jpg,0.5834
52486,,Bra,,,A2_FashionDataset/FashionDataset/test/images_test/52486.jpg,0.6577
52487,,Bra,,,A2_FashionDataset/FashionDataset/test/images_test/52487.jpg,0.7346
52488,,Bra,,,A2_FashionDataset/FashionDataset/test/images_test/52488.jpg,0.803
52489,,Bra,,,A2_FashionDataset/FashionDataset/test/images_test/52489.jpg,0.9283
52490,,Bra,,,A2_FashionDataset/FashionDataset/test/images_test/52490.jpg,0.7825
52491,,Tops,,,A2_FashionDataset/FashionDataset/test/images_test/52491.jpg,0.5527
52492,,Tops,,,A2_FashionDataset/FashionDataset/test/images_test/52492.jpg,0.5349
52493,,Innerwear Vests,,,A2_FashionDataset/FashionDataset/test/images_test/52493.jpg,0.5234
52494,,Sarees,,,A2_FashionDataset/FashionDataset/test/images_test/52494.jpg,0.1079
52495,,Dresses,,,A2_FashionDataset/FashionDataset/test/images_test/52495.jpg,0.3493
52496,,Dresses,,,A2_FashionDataset/FashionDataset/test/images_test/52496.jpg,0.406
52497,,Kurta Sets,,,A2_FashionDataset/FashionDataset/test/images_test/52497.jpg,0.742
52498,,Dresses,,,A2_FashionDataset/FashionDataset/test/images_test/52498.jpg,0.4068
52499,,Swimwear,,,A2_FashionDataset/FashionDataset/test/images_test/52499.jpg,0.3279
52500,,Tops,,,A2_FashionDataset/FashionDataset/test/images_test/52500.jpg,0.4035
52501,,Jumpsuit,,,A2_FashionDataset/FashionDataset/test/images_test/52501.jpg,0.2266
52502,,Nightdress,,,A2_FashionDataset/FashionDataset/test/images_test/52502.jpg,0.2916
52503,,Kurta Sets,,,A2_FashionDataset/FashionDataset/test/images_test/52503.jpg,0.0659
52504,,Kurtas,,,A2_FashionDataset/FashionDataset/test/images_test/52504.jpg,0.4957
52505,,Kurta Sets,,,A2_FashionDataset/FashionDataset/test/images_test/52505.jpg,0.1899
52506,,Kurta Sets,,,A2_FashionDataset/FashionDataset/test/images_test/52506.jpg,0.649
52507,,Kurta Sets,,,A2_FashionDataset/FashionDataset/test/images_test/52507.jpg,0.4135
52508,,Kurta Sets,,,A2_FashionDataset/FashionDataset/test/images_test/52508.jpg,0.2184
52509,,Nightdress,,,A2_FashionDataset/FashionDataset/test/images_test/52509.jpg,0.1917
52510,,Kurtas,,,A2_FashionDataset/FashionDataset/test/images_test/52510.jpg,0.3625
52511,,Dresses,,,A2_FashionDataset/FashionDataset/test/images_test/52511.jpg,0.3813
52512,,Shirts,,,A2_FashionDataset/FashionDataset/test/images_test/52512.jpg,0.0905
52513,,Dresses,,,A2_FashionDataset/FashionDataset/test/images_test/52513.jpg,0.3275
52514,,Bra,,,A2_FashionDataset/FashionDataset/test/images_test/52514.jpg,0.8828
52515,,Bra,,,A2_FashionDataset/FashionDataset/test/images_test/52515.jpg,0.911
52516,,Bra,,,A2_FashionDataset/FashionDataset/test/images_test/52516.jpg,0.6815
52517,,Nightdress,,,A2_FashionDataset/FashionDataset/test/images_test/52517.jpg,0.4885
52518,,Nightdress,,,A2_FashionDataset/FashionDataset/test/images_test/52518.jpg,0.3341
52519,,Nightdress,,,A2_FashionDataset/FashionDataset/test/images_test/52519.jpg,0.6654
52520,,Lounge Shorts,,,A2_FashionDataset/FashionDataset/test/images_test/52520.jpg,0.3654
52522,,Jeans,,,A2_FashionDataset/FashionDataset/test/images_test/52522.jpg,0.9406
52523,,Jeans,,,A2_FashionDataset/FashionDataset/test/images_test/52523.jpg,0.6452
52524,,Jeggings,,,A2_FashionDataset/FashionDataset/test/images_test/52524.jpg,0.4308
52525,,Jeggings,,,A2_FashionDataset/FashionDataset/test/images_test/52525.jpg,0.2943
52528,,Jeans,,,A2_FashionDataset/FashionDataset/test/images_test/52528.jpg,0.3048
52529,,Capris,,,A2_FashionDataset/FashionDataset/test/images_test/52529.jpg,0.4252
52536,,Jeans,,,A2_FashionDataset/FashionDataset/test/images_test/52536.jpg,0.7633
52539,,Jeggings,,,A2_FashionDataset/FashionDataset/test/images_test/52539.jpg,0.4811
52547,,Jeans,,,A2_FashionDataset/FashionDataset/test/images_test/52547.jpg,0.5113
52548,,Jeans,,,A2_FashionDataset/FashionDataset/test/images_test/52548.jpg,0.9629
52553,,Jeans,,,A2_FashionDataset/FashionDataset/test/images_test/52553.jpg,0.2077
52554,,Jeggings,,,A2_FashionDataset/FashionDataset/test/images_test/52554.jpg,0.6818
52555,,Jeans,,,A2_FashionDataset/FashionDataset/test/images_test/52555.jpg,0.9939
52556,,Jeans,,,A2_FashionDataset/FashionDataset/test/images_test/52556.jpg,0.8737
52557,,Jeans,,,A2_FashionDataset/FashionDataset/test/images_test/52557.jpg,0.1365
52558,,Clutches,,,A2_FashionDataset/FashionDataset/test/images_test/52558.jpg,0.601
52559,,Waist Pouch,,,A2_FashionDataset/FashionDataset/test/images_test/52559.jpg,0.2889
52560,,Wallets,,,A2_FashionDataset/FashionDataset/test/images_test/52560.jpg,0.4214
52561,,Clutches,,,A2_FashionDataset/FashionDataset/test/images_test/52561.jpg,0.6977
52563,,Clutches,,,A2_FashionDataset/FashionDataset/test/images_test/52563.jpg,0.6626
52564,,Handbags,,,A2_FashionDataset/FashionDataset/test/images_test/52564.jpg,0.4856
52565,,Handbags,,,A2_FashionDataset/FashionDataset/test/images_test/52565.jpg,0.6986
52568,,Handbags,,,A2_FashionDataset/FashionDataset/test/images_test/52568.jpg,0.1857
52569,,Handbags,,,A2_FashionDataset/FashionDataset/test/images_test/52569.jpg,0.6746
52570,,Clutches,,,A2_FashionDataset/FashionDataset/test/images_test/52570.jpg,0.2059
52574,,Clutches,,,A2_FashionDataset/FashionDataset/test/images_test/52574.jpg,0.7174
52575,,Clutches,,,A2_FashionDataset/FashionDataset/test/images_test/52575.jpg,0.7859
52576,,Duffel Bag,,,A2_FashionDataset/FashionDataset/test/images_test/52576.jpg,0.5644
52577,,Handbags,,,A2_FashionDataset/FashionDataset/test/images_test/52577.jpg,0.7818
52579,,Clutches,,,A2_FashionDataset/FashionDataset/test/images_test/52579.jpg,0.2971
52581,,Mobile Pouch,,,A2_FashionDataset/FashionDataset/test/images_test/52581.jpg,0.2818
52582,,Backpacks,,,A2_FashionDataset/FashionDataset/test/images_test/52582.jpg,0.173
52585,,Clutches,,,A2_FashionDataset/FashionDataset/test/images_test/52585.jpg,0.9581
52586,,Clutches,,,A2_FashionDataset/FashionDataset/test/images_test/52586.jpg,0.7908
52588,,Wallets,,,A2_FashionDataset/FashionDataset/test/images_test/52588.jpg,0.5602
52589,,Clutches,,,A2_FashionDataset/FashionDataset/test/images_test/52589.jpg,0.2134
52593,,Waist Pouch,,,A2_FashionDataset/FashionDataset/test/images_test/52593.jpg,0.2462
52594,,Messenger Bag,,,A2_FashionDataset/FashionDataset/test/images_test/52594.jpg,0.5078
52599,,Clutches,,,A2_FashionDataset/FashionDataset/test/images_test/52599.jpg,0.7282
52602,,Clutches,,,A2_FashionDataset/FashionDataset/test/images_test/52602.jpg,0.8552
52603,,Clutches,,,A2_FashionDataset/FashionDataset/test/images_test/52603.jpg,0.5361
52604,,Clutches,,,A2_FashionDataset/FashionDataset/test/images_test/52604.jpg,0.8456
52609,,Handbags,,,A2_FashionDataset/FashionDataset/test/images_test/52609.jpg,0.6649
52616,,Handbags,,,A2_FashionDataset/FashionDataset/test/images_test/52616.jpg,0.9381
52618,,Handbags,,,A2_FashionDataset/FashionDataset/test/images_test/52618.jpg,0.887
52622,,Handbags,,,A2_FashionDataset/FashionDataset/test/images_test/52622.jpg,0.6618
52623,,Handbags,,,A2_FashionDataset/FashionDataset/test/images_test/52623.jpg,0.8227
52626,,Handbags,,,A2_FashionDataset/FashionDataset/test/images_test/52626.jpg,0.8751
52632,,Handbags,,,A2_FashionDataset/FashionDataset/test/images_test/52632.jpg,0.753
52633,,Handbags,,,A2_FashionDataset/FashionDataset/test/images_test/52633.jpg,0.9151
52634,,Handbags,,,A2_FashionDataset/FashionDataset/test/images_test/52634.jpg,0.9131
52635,,Handbags,,,A2_FashionDataset/FashionDataset/test/images_test/52635.jpg,0.8404
52636,,Handbags,,,A2_FashionDataset/FashionDataset/test/images_test/52636.jpg,0.9116
52637,,Handbags,,,A2_FashionDataset/FashionDataset/test/images_test/52637.jpg,0.9045
52638,,Handbags,,,A2_FashionDataset/FashionDataset/test/images_test/52638.jpg,0.7245
52639,,Handbags,,,A2_FashionDataset/FashionDataset/test/images_test/52639.jpg,0.678
52641,,Handbags,,,A2_FashionDataset/FashionDataset/test/images_test/52641.jpg,0.8284
52642,,Handbags,,,A2_FashionDataset/FashionDataset/test/images_test/52642.jpg,0.7985
52643,,Handbags,,,A2_FashionDataset/FashionDataset/test/images_test/52643.jpg,0.8131
52647,,Handbags,,,A2_FashionDataset/FashionDataset/test/images_test/52647.jpg,0.8292
52648,,Handbags,,,A2_FashionDataset/FashionDataset/test/images_test/52648.jpg,0.8908
52649,,Handbags,,,A2_FashionDataset/FashionDataset/test/images_test/52649.jpg,0.7821
52650,,Handbags,,,A2_FashionDataset/FashionDataset/test/images_test/52650.jpg,0.8392
52651,,Handbags,,,A2_FashionDataset/FashionDataset/test/images_test/52651.jpg,0.6269
52652,,Handbags,,,A2_FashionDataset/FashionDataset/test/images_test/52652.jpg,0.7881
52653,,Handbags,,,A2_FashionDataset/FashionDataset/test/images_test/52653.jpg,0.8236
52654,,Handbags,,,A2_FashionDataset/FashionDataset/test/images_test/52654.jpg,0.7598
52655,,Handbags,,,A2_FashionDataset/FashionDataset/test/images_test/52655.jpg,0.7729
52656,,Handbags,,,A2_FashionDataset/FashionDataset/test/images_test/52656.jpg,0.8674
52657,,Handbags,,,A2_FashionDataset/FashionDataset/test/images_test/52657.jpg,0.8453
52658,,Handbags,,,A2_FashionDataset/FashionDataset/test/images_test/52658.jpg,0.8739
52659,,Laptop Bag,,,A2_FashionDataset/FashionDataset/test/images_test/52659.jpg,0.3794
52660,,Handbags,,,A2_FashionDataset/FashionDataset/test/images_test/52660.jpg,0.2066
52661,,Handbags,,,A2_FashionDataset/FashionDataset/test/images_test/52661.jpg,0.9123
52665,,Watches,,,A2_FashionDataset/FashionDataset/test/images_test/52665.jpg,0.8614
52670,,Watches,,,A2_FashionDataset/FashionDataset/test/images_test/52670.jpg,0.8569
52671,,Watches,,,A2_FashionDataset/FashionDataset/test/images_test/52671.jpg,0.7995
52673,,Watches,,,A2_FashionDataset/FashionDataset/test/images_test/52673.jpg,0.8858
52675,,Watches,,,A2_FashionDataset/FashionDataset/test/images_test/52675.jpg,0.8189
52676,,Watches,,,A2_FashionDataset/FashionDataset/test/images_test/52676.jpg,0.8877
52677,,Watches,,,A2_FashionDataset/FashionDataset/test/images_test/52677.jpg,0.8351
52678,,Watches,,,A2_FashionDataset/FashionDataset/test/images_test/52678.jpg,0.8599
52679,,Watches,,,A2_FashionDataset/FashionDataset/test/images_test/52679.jpg,0.5807
52680,,Watches,,,A2_FashionDataset/FashionDataset/test/images_test/52680.jpg,0.8987
52681,,Watches,,,A2_FashionDataset/FashionDataset/test/images_test/52681.jpg,0.8599
52682,,Watches,,,A2_FashionDataset/FashionDataset/test/images_test/52682.jpg,0.8526
52683,,Watches,,,A2_FashionDataset/FashionDataset/test/images_test/52683.jpg,0.7868
52684,,Watches,,,A2_FashionDataset/FashionDataset/test/images_test/52684.jpg,0.8391
52686,,Watches,,,A2_FashionDataset/FashionDataset/test/images_test/52686.jpg,0.8124
52687,,Watches,,,A2_FashionDataset/FashionDataset/test/images_test/52687.jpg,0.7815
52688,,Watches,,,A2_FashionDataset/FashionDataset/test/images_test/52688.jpg,0.9186
52690,,Watches,,,A2_FashionDataset/FashionDataset/test/images_test/52690.jpg,0.6383
52691,,Watches,,,A2_FashionDataset/FashionDataset/test/images_test/52691.jpg,0.8008
52692,,Watches,,,A2_FashionDataset/FashionDataset/test/images_test/52692.jpg,0.8224
52693,,Watches,,,A2_FashionDataset/FashionDataset/test/images_test/52693.jpg,0.876
52694,,Watches,,,A2_FashionDataset/FashionDataset/test/images_test/52694.jpg,0.8242
52695,,Watches,,,A2_FashionDataset/FashionDataset/test/images_test/52695.jpg,0.7308
52749,,Deodorant,,,A2_FashionDataset/FashionDataset/test/images_test/52749.jpg,0.9641
52751,,Deodorant,,,A2_FashionDataset/FashionDataset/test/images_test/52751.jpg,0.9674
52754,,Handbags,,,A2_FashionDataset/FashionDataset/test/images_test/52754.jpg,0.8983
52756,,Handbags,,,A2_FashionDataset/FashionDataset/test/images_test/52756.jpg,0.9052
52758,,Handbags,,,A2_FashionDataset/FashionDataset/test/images_test/52758.jpg,0.9348
52759,,Handbags,,,A2_FashionDataset/FashionDataset/test/images_test/52759.jpg,0.963
52766,,Handbags,,,A2_FashionDataset/FashionDataset/test/images_test/52766.jpg,0.8563
52767,,Handbags,,,A2_FashionDataset/FashionDataset/test/images_test/52767.jpg,0.6916
52768,,Handbags,,,A2_FashionDataset/FashionDataset/test/images_test/52768.jpg,0.8141
52772,,Wallets,,,A2_FashionDataset/FashionDataset/test/images_test/52772.jpg,0.8972
52773,,Wallets,,,A2_FashionDataset/FashionDataset/test/images_test/52773.jpg,0.4004
52774,,Clutches,,,A2_FashionDataset/FashionDataset/test/images_test/52774.jpg,0.3249
52775,,Clutches,,,A2_FashionDataset/FashionDataset/test/images_test/52775.jpg,0.3385
52776,,Wallets,,,A2_FashionDataset/FashionDataset/test/images_test/52776.jpg,0.5872
52777,,Wallets,,,A2_FashionDataset/FashionDataset/test/images_test/52777.jpg,0.9373
52778,,Wallets,,,A2_FashionDataset/FashionDataset/test/images_test/52778.jpg,0.6698
52779,,Wallets,,,A2_FashionDataset/FashionDataset/test/images_test/52779.jpg,0.2099
52780,,Wallets,,,A2_FashionDataset/FashionDataset/test/images_test/52780.jpg,0.7663
52781,,Wallets,,,A2_FashionDataset/FashionDataset/test/images_test/52781.jpg,0.7426
52782,,Wallets,,,A2_FashionDataset/FashionDataset/test/images_test/52782.jpg,0.9237
52784,,Wallets,,,A2_FashionDataset/FashionDataset/test/images_test/52784.jpg,0.7033
52785,,Wallets,,,A2_FashionDataset/FashionDataset/test/images_test/52785.jpg,0.4869
52786,,Wallets,,,A2_FashionDataset/FashionDataset/test/images_test/52786.jpg,0.8472
52789,,Wallets,,,A2_FashionDataset/FashionDataset/test/images_test/52789.jpg,0.6901
52791,,Wallets,,,A2_FashionDataset/FashionDataset/test/images_test/52791.jpg,0.9587
52792,,Wallets,,,A2_FashionDataset/FashionDataset/test/images_test/52792.jpg,0.9558
52793,,Wallets,,,A2_FashionDataset/FashionDataset/test/images_test/52793.jpg,0.6938
52794,,Wallets,,,A2_FashionDataset/FashionDataset/test/images_test/52794.jpg,0.8801
52795,,Wallets,,,A2_FashionDataset/FashionDataset/test/images_test/52795.jpg,0.9072
52796,,Wallets,,,A2_FashionDataset/FashionDataset/test/images_test/52796.jpg,0.9202
52797,,Wallets,,,A2_FashionDataset/FashionDataset/test/images_test/52797.jpg,0.9153
52798,,Wallets,,,A2_FashionDataset/FashionDataset/test/images_test/52798.jpg,0.9735
52799,,Wallets,,,A2_FashionDataset/FashionDataset/test/images_test/52799.jpg,0.925
52800,,Wallets,,,A2_FashionDataset/FashionDataset/test/images_test/52800.jpg,0.953
52801,,Wallets,,,A2_FashionDataset/FashionDataset/test/images_test/52801.jpg,0.9654
52802,,Wallets,,,A2_FashionDataset/FashionDataset/test/images_test/52802.jpg,0.9681
52803,,Wallets,,,A2_FashionDataset/FashionDataset/test/images_test/52803.jpg,0.6684
52804,,Wallets,,,A2_FashionDataset/FashionDataset/test/images_test/52804.jpg,0.9428
52805,,Wallets,,,A2_FashionDataset/FashionDataset/test/images_test/52805.jpg,0.9308
52806,,Wallets,,,A2_FashionDataset/FashionDataset/test/images_test/52806.jpg,0.9539
52807,,Wallets,,,A2_FashionDataset/FashionDataset/test/images_test/52807.jpg,0.957
52808,,Wallets,,,A2_FashionDataset/FashionDataset/test/images_test/52808.jpg,0.9535
52809,,Wallets,,,A2_FashionDataset/FashionDataset/test/images_test/52809.jpg,0.9321
52810,,Wallets,,,A2_FashionDataset/FashionDataset/test/images_test/52810.jpg,0.8696
52811,,Wallets,,,A2_FashionDataset/FashionDataset/test/images_test/52811.jpg,0.9335
52812,,Wallets,,,A2_FashionDataset/FashionDataset/test/images_test/52812.jpg,0.9673
52813,,Wallets,,,A2_FashionDataset/FashionDataset/test/images_test/52813.jpg,0.9328
52814,,Wallets,,,A2_FashionDataset/FashionDataset/test/images_test/52814.jpg,0.9647
52816,,Watches,,,A2_FashionDataset/FashionDataset/test/images_test/52816.jpg,0.9057
52817,,Earrings,,,A2_FashionDataset/FashionDataset/test/images_test/52817.jpg,0.9521
52818,,Earrings,,,A2_FashionDataset/FashionDataset/test/images_test/52818.jpg,0.8612
52819,,Earrings,,,A2_FashionDataset/FashionDataset/test/images_test/52819.jpg,0.9929
52820,,Earrings,,,A2_FashionDataset/FashionDataset/test/images_test/52820.jpg,0.8865
52822,,Necklace and Chains,,,A2_FashionDataset/FashionDataset/test/images_test/52822.jpg,0.1393
52823,,Earrings,,,A2_FashionDataset/FashionDataset/test/images_test/52823.jpg,0.9775
52825,,Earrings,,,A2_FashionDataset/FashionDataset/test/images_test/52825.jpg,0.9409
52827,,Earrings,,,A2_FashionDataset/FashionDataset/test/images_test/52827.jpg,0.7733
52828,,Earrings,,,A2_FashionDataset/FashionDataset/test/images_test/52828.jpg,0.9385
52831,,Earrings,,,A2_FashionDataset/FashionDataset/test/images_test/52831.jpg,0.8323
52834,,Earrings,,,A2_FashionDataset/FashionDataset/test/images_test/52834.jpg,0.9767
52835,,Earrings,,,A2_FashionDataset/FashionDataset/test/images_test/52835.jpg,0.8783
52836,,Bracelet,,,A2_FashionDataset/FashionDataset/test/images_test/52836.jpg,0.2171
52837,,Earrings,,,A2_FashionDataset/FashionDataset/test/images_test/52837.jpg,0.9419
52839,,Earrings,,,A2_FashionDataset/FashionDataset/test/images_test/52839.jpg,0.8695
52840,,Earrings,,,A2_FashionDataset/FashionDataset/test/images_test/52840.jpg,0.8695
52841,,Earrings,,,A2_FashionDataset/FashionDataset/test/images_test/52841.jpg,0.6342
52842,,Earrings,,,A2_FashionDataset/FashionDataset/test/images_test/52842.jpg,0.8715
52846,,Earrings,,,A2_FashionDataset/FashionDataset/test/images_test/52846.jpg,0.9224
52847,,Earrings,,,A2_FashionDataset/FashionDataset/test/images_test/52847.jpg,0.8204
52848,,Earrings,,,A2_FashionDataset/FashionDataset/test/images_test/52848.jpg,0.452
52850,,Earrings,,,A2_FashionDataset/FashionDataset/test/images_test/52850.jpg,0.2028
52851,,Earrings,,,A2_FashionDataset/FashionDataset/test/images_test/52851.jpg,0.9726
52852,,Earrings,,,A2_FashionDataset/FashionDataset/test/images_test/52852.jpg,0.9744
52854,,Earrings,,,A2_FashionDataset/FashionDataset/test/images_test/52854.jpg,0.9335
52855,,Earrings,,,A2_FashionDataset/FashionDataset/test/images_test/52855.jpg,0.8457
52859,,Earrings,,,A2_FashionDataset/FashionDataset/test/images_test/52859.jpg,0.9722
52860,,Earrings,,,A2_FashionDataset/FashionDataset/test/images_test/52860.jpg,0.2686
52862,,Earrings,,,A2_FashionDataset/FashionDataset/test/images_test/52862.jpg,0.9727
52863,,Earrings,,,A2_FashionDataset/FashionDataset/test/images_test/52863.jpg,0.9015
52864,,Earrings,,,A2_FashionDataset/FashionDataset/test/images_test/52864.jpg,0.9441
52868,,Earrings,,,A2_FashionDataset/FashionDataset/test/images_test/52868.jpg,0.8757
52869,,Earrings,,,A2_FashionDataset/FashionDataset/test/images_test/52869.jpg,0.2701
52871,,Deodorant,,,A2_FashionDataset/FashionDataset/test/images_test/52871.jpg,0.7644
52874,,Sarees,,,A2_FashionDataset/FashionDataset/test/images_test/52874.jpg,0.6488
52875,,Sarees,,,A2_FashionDataset/FashionDataset/test/images_test/52875.jpg,0.7531
52876,,Sarees,,,A2_FashionDataset/FashionDataset/test/images_test/52876.jpg,0.883
52877,,Sarees,,,A2_FashionDataset/FashionDataset/test/images_test/52877.jpg,0.9456
52878,,Sarees,,,A2_FashionDataset/FashionDataset/test/images_test/52878.jpg,0.9583
52879,,Sarees,,,A2_FashionDataset/FashionDataset/test/images_test/52879.jpg,0.8014
52880,,Sarees,,,A2_FashionDataset/FashionDataset/test/images_test/52880.jpg,0.6296
52881,,Sarees,,,A2_FashionDataset/FashionDataset/test/images_test/52881.jpg,0.9834
52882,,Sarees,,,A2_FashionDataset/FashionDataset/test/images_test/52882.jpg,0.9684
52883,,Sarees,,,A2_FashionDataset/FashionDataset/test/images_test/52883.jpg,0.8649
52884,,Sarees,,,A2_FashionDataset/FashionDataset/test/images_test/52884.jpg,0.9633
52885,,Sarees,,,A2_FashionDataset/FashionDataset/test/images_test/52885.jpg,0.9922
52886,,Sarees,,,A2_FashionDataset/FashionDataset/test/images_test/52886.jpg,0.6512
52887,,Sarees,,,A2_FashionDataset/FashionDataset/test/images_test/52887.jpg,0.8955
52888,,Sarees,,,A2_FashionDataset/FashionDataset/test/images_test/52888.jpg,0.9959
52889,,Sarees,,,A2_FashionDataset/FashionDataset/test/images_test/52889.jpg,0.93
52890,,Sarees,,,A2_FashionDataset/FashionDataset/test/images_test/52890.jpg,0.984
52891,,Sarees,,,A2_FashionDataset/FashionDataset/test/images_test/52891.jpg,0.9549
52892,,Sarees,,,A2_FashionDataset/FashionDataset/test/images_test/52892.jpg,0.7648
52893,,Sarees,,,A2_FashionDataset/FashionDataset/test/images_test/52893.jpg,0.9941
52894,,Sarees,,,A2_FashionDataset/FashionDataset/test/images_test/52894.jpg,0.9102
52895,,Sarees,,,A2_FashionDataset/FashionDataset/test/images_test/52895.jpg,0.837
52896,,Sarees,,,A2_FashionDataset/FashionDataset/test/images_test/52896.jpg,0.9601
52897,,Sarees,,,A2_FashionDataset/FashionDataset/test/images_test/52897.jpg,0.3865
52898,,Sarees,,,A2_FashionDataset/FashionDataset/test/images_test/52898.jpg,0.9134
52899,,Free Gifts,,,A2_FashionDataset/FashionDataset/test/images_test/52899.jpg,0.4362
52901,,Sarees,,,A2_FashionDataset/FashionDataset/test/images_test/52901.jpg,0.7742
52902,,Sarees,,,A2_FashionDataset/FashionDataset/test/images_test/52902.jpg,0.8484
52903,,Sarees,,,A2_FashionDataset/FashionDataset/test/images_test/52903.jpg,0.9351
52904,,Sarees,,,A2_FashionDataset/FashionDataset/test/images_test/52904.jpg,0.9108
52905,,Sarees,,,A2_FashionDataset/FashionDataset/test/images_test/52905.jpg,0.8111
52906,,Sarees,,,A2_FashionDataset/FashionDataset/test/images_test/52906.jpg,0.9732
52907,,Sarees,,,A2_FashionDataset/FashionDataset/test/images_test/52907.jpg,0.9299
52908,,Sarees,,,A2_FashionDataset/FashionDataset/test/images_test/52908.jpg,0.9278
52909,,Sarees,,,A2_FashionDataset/FashionDataset/test/images_test/52909.jpg,0.791
52910,,Sarees,,,A2_FashionDataset/FashionDataset/test/images_test/52910.jpg,0.6761
52911,,Sarees,,,A2_FashionDataset/FashionDataset/test/images_test/52911.jpg,0.9507
52912,,Sarees,,,A2_FashionDataset/FashionDataset/test/images_test/52912.jpg,0.9886
52913,,Sarees,,,A2_FashionDataset/FashionDataset/test/images_test/52913.jpg,0.9787
52914,,Sarees,,,A2_FashionDataset/FashionDataset/test/images_test/52914.jpg,0.9337
52915,,Sarees,,,A2_FashionDataset/FashionDataset/test/images_test/52915.jpg,0.7386
52916,,Sarees,,,A2_FashionDataset/FashionDataset/test/images_test/52916.jpg,0.9587
52917,,Sarees,,,A2_FashionDataset/FashionDataset/test/images_test/52917.jpg,0.8948
52918,,Sarees,,,A2_FashionDataset/FashionDataset/test/images_test/52918.jpg,0.9695
52919,,Sarees,,,A2_FashionDataset/FashionDataset/test/images_test/52919.jpg,0.9
52920,,Sarees,,,A2_FashionDataset/FashionDataset/test/images_test/52920.jpg,0.9325
52921,,Sarees,,,A2_FashionDataset/FashionDataset/test/images_test/52921.jpg,0.6283
52922,,Sarees,,,A2_FashionDataset/FashionDataset/test/images_test/52922.jpg,0.4821
52923,,Sarees,,,A2_FashionDataset/FashionDataset/test/images_test/52923.jpg,0.8898
52924,,Sarees,,,A2_FashionDataset/FashionDataset/test/images_test/52924.jpg,0.1485
52925,,Sarees,,,A2_FashionDataset/FashionDataset/test/images_test/52925.jpg,0.6
52926,,Sarees,,,A2_FashionDataset/FashionDataset/test/images_test/52926.jpg,0.4415
52927,,Sarees,,,A2_FashionDataset/FashionDataset/test/images_test/52927.jpg,0.8708
52928,,Sarees,,,A2_FashionDataset/FashionDataset/test/images_test/52928.jpg,0.7959
52929,,Sarees,,,A2_FashionDataset/FashionDataset/test/images_test/52929.jpg,0.9767
52930,,Sarees,,,A2_FashionDataset/FashionDataset/test/images_test/52930.jpg,0.9131
52931,,Sarees,,,A2_FashionDataset/FashionDataset/test/images_test/52931.jpg,0.9879
52934,,Watches,,,A2_FashionDataset/FashionDataset/test/images_test/52934.jpg,0.0791
52935,,Sarees,,,A2_FashionDataset/FashionDataset/test/images_test/52935.jpg,0.9423
52936,,Sarees,,,A2_FashionDataset/FashionDataset/test/images_test/52936.jpg,0.9457
52937,,Sarees,,,A2_FashionDataset/FashionDataset/test/images_test/52937.jpg,0.7882
52938,,Sarees,,,A2_FashionDataset/FashionDataset/test/images_test/52938.jpg,0.8181
52940,,Sarees,,,A2_FashionDataset/FashionDataset/test/images_test/52940.jpg,0.9019
52941,,Sarees,,,A2_FashionDataset/FashionDataset/test/images_test/52941.jpg,0.8221
52942,,Sarees,,,A2_FashionDataset/FashionDataset/test/images_test/52942.jpg,0.866
52943,,Sarees,,,A2_FashionDataset/FashionDataset/test/images_test/52943.jpg,0.9694
52944,,Sarees,,,A2_FashionDataset/FashionDataset/test/images_test/52944.jpg,0.9436
52945,,Sarees,,,A2_FashionDataset/FashionDataset/test/images_test/52945.jpg,0.9549
52946,,Sarees,,,A2_FashionDataset/FashionDataset/test/images_test/52946.jpg,0.973
52947,,Sarees,,,A2_FashionDataset/FashionDataset/test/images_test/52947.jpg,0.6512
52948,,Sarees,,,A2_FashionDataset/FashionDataset/test/images_test/52948.jpg,0.8253
52949,,Sarees,,,A2_FashionDataset/FashionDataset/test/images_test/52949.jpg,0.5853
52950,,Sarees,,,A2_FashionDataset/FashionDataset/test/images_test/52950.jpg,0.9026
52951,,Sarees,,,A2_FashionDataset/FashionDataset/test/images_test/52951.jpg,0.8339
52952,,Sarees,,,A2_FashionDataset/FashionDataset/test/images_test/52952.jpg,0.8117
52953,,Sarees,,,A2_FashionDataset/FashionDataset/test/images_test/52953.jpg,0.6265
52954,,Sarees,,,A2_FashionDataset/FashionDataset/test/images_test/52954.jpg,0.7785
52955,,Sarees,,,A2_FashionDataset/FashionDataset/test/images_test/52955.jpg,0.7807
52956,,Sarees,,,A2_FashionDataset/FashionDataset/test/images_test/52956.jpg,0.6687
52957,,Sarees,,,A2_FashionDataset/FashionDataset/test/images_test/52957.jpg,0.8228
52958,,Sarees,,,A2_FashionDataset/FashionDataset/test/images_test/52958.jpg,0.8563
52959,,Sarees,,,A2_FashionDataset/FashionDataset/test/images_test/52959.jpg,0.615
52960,,Sarees,,,A2_FashionDataset/FashionDataset/test/images_test/52960.jpg,0.5037
52961,,Sarees,,,A2_FashionDataset/FashionDataset/test/images_test/52961.jpg,0.902
52962,,Sarees,,,A2_FashionDataset/FashionDataset/test/images_test/52962.jpg,0.847
52963,,Sarees,,,A2_FashionDataset/FashionDataset/test/images_test/52963.jpg,0.8053
52964,,Sarees,,,A2_FashionDataset/FashionDataset/test/images_test/52964.jpg,0.9551
52965,,Sarees,,,A2_FashionDataset/FashionDataset/test/images_test/52965.jpg,0.6317
52966,,Sarees,,,A2_FashionDataset/FashionDataset/test/images_test/52966.jpg,0.6087
52967,,Sarees,,,A2_FashionDataset/FashionDataset/test/images_test/52967.jpg,0.4359
52968,,Sarees,,,A2_FashionDataset/FashionDataset/test/images_test/52968.jpg,0.5994
52969,,Sarees,,,A2_FashionDataset/FashionDataset/test/images_test/52969.jpg,0.9122
52970,,Sarees,,,A2_FashionDataset/FashionDataset/test/images_test/52970.jpg,0.8717
52971,,Sarees,,,A2_FashionDataset/FashionDataset/test/images_test/52971.jpg,0.8276
52972,,Sarees,,,A2_FashionDataset/FashionDataset/test/images_test/52972.jpg,0.5448
52973,,Sarees,,,A2_FashionDataset/FashionDataset/test/images_test/52973.jpg,0.7943
52975,,Sarees,,,A2_FashionDataset/FashionDataset/test/images_test/52975.jpg,0.8436
52976,,Sarees,,,A2_FashionDataset/FashionDataset/test/images_test/52976.jpg,0.7494
52978,,Sarees,,,A2_FashionDataset/FashionDataset/test/images_test/52978.jpg,0.9019
52979,,Sarees,,,A2_FashionDataset/FashionDataset/test/images_test/52979.jpg,0.7701
52980,,Sarees,,,A2_FashionDataset/FashionDataset/test/images_test/52980.jpg,0.9138
52981,,Sarees,,,A2_FashionDataset/FashionDataset/test/images_test/52981.jpg,0.7948
52982,,Sarees,,,A2_FashionDataset/FashionDataset/test/images_test/52982.jpg,0.9518
52983,,Sarees,,,A2_FashionDataset/FashionDataset/test/images_test/52983.jpg,0.892
52986,,Sarees,,,A2_FashionDataset/FashionDataset/test/images_test/52986.jpg,0.7618
52987,,Sarees,,,A2_FashionDataset/FashionDataset/test/images_test/52987.jpg,0.6165
52988,,Sarees,,,A2_FashionDataset/FashionDataset/test/images_test/52988.jpg,0.933
52989,,Sarees,,,A2_FashionDataset/FashionDataset/test/images_test/52989.jpg,0.9358
52990,,Sarees,,,A2_FashionDataset/FashionDataset/test/images_test/52990.jpg,0.8066
52991,,Sarees,,,A2_FashionDataset/FashionDataset/test/images_test/52991.jpg,0.8624
52992,,Sarees,,,A2_FashionDataset/FashionDataset/test/images_test/52992.jpg,0.8854
52993,,Sarees,,,A2_FashionDataset/FashionDataset/test/images_test/52993.jpg,0.526
52996,,Sarees,,,A2_FashionDataset/FashionDataset/test/images_test/52996.jpg,0.8715
52998,,Sarees,,,A2_FashionDataset/FashionDataset/test/images_test/52998.jpg,0.749
52999,,Sarees,,,A2_FashionDataset/FashionDataset/test/images_test/52999.jpg,0.9931
53000,,Sarees,,,A2_FashionDataset/FashionDataset/test/images_test/53000.jpg,0.981
53001,,Sarees,,,A2_FashionDataset/FashionDataset/test/images_test/53001.jpg,0.8415
53002,,Sarees,,,A2_FashionDataset/FashionDataset/test/images_test/53002.jpg,0.55
53003,,Sarees,,,A2_FashionDataset/FashionDataset/test/images_test/53003.jpg,0.6749
53004,,Sarees,,,A2_FashionDataset/FashionDataset/test/images_test/53004.jpg,0.4618
53006,,Sarees,,,A2_FashionDataset/FashionDataset/test/images_test/53006.jpg,0.4411
53007,,Sarees,,,A2_FashionDataset/FashionDataset/test/images_test/53007.jpg,0.2363
53008,,Sarees,,,A2_FashionDataset/FashionDataset/test/images_test/53008.jpg,0.8914
53009,,Sarees,,,A2_FashionDataset/FashionDataset/test/images_test/53009.jpg,0.7473
53010,,Sarees,,,A2_FashionDataset/FashionDataset/test/images_test/53010.jpg,0.8878
53011,,Sarees,,,A2_FashionDataset/FashionDataset/test/images_test/53011.jpg,0.9366
53013,,Sarees,,,A2_FashionDataset/FashionDataset/test/images_test/53013.jpg,0.8669
53014,,Sarees,,,A2_FashionDataset/FashionDataset/test/images_test/53014.jpg,0.9353
53015,,Sarees,,,A2_FashionDataset/FashionDataset/test/images_test/53015.jpg,0.8754
53016,,Sarees,,,A2_FashionDataset/FashionDataset/test/images_test/53016.jpg,0.7879
53017,,Sarees,,,A2_FashionDataset/FashionDataset/test/images_test/53017.jpg,0.9609
53019,,Sarees,,,A2_FashionDataset/FashionDataset/test/images_test/53019.jpg,0.9946
53020,,Sarees,,,A2_FashionDataset/FashionDataset/test/images_test/53020.jpg,0.8394
53021,,Sarees,,,A2_FashionDataset/FashionDataset/test/images_test/53021.jpg,0.9406
53023,,Sarees,,,A2_FashionDataset/FashionDataset/test/images_test/53023.jpg,0.9776
53024,,Sarees,,,A2_FashionDataset/FashionDataset/test/images_test/53024.jpg,0.9653
53025,,Sarees,,,A2_FashionDataset/FashionDataset/test/images_test/53025.jpg,0.967
53026,,Sarees,,,A2_FashionDataset/FashionDataset/test/images_test/53026.jpg,0.7424
53027,,Sarees,,,A2_FashionDataset/FashionDataset/test/images_test/53027.jpg,0.9343
53029,,Sarees,,,A2_FashionDataset/FashionDataset/test/images_test/53029.jpg,0.7599
53030,,Sarees,,,A2_FashionDataset/FashionDataset/test/images_test/53030.jpg,0.8756
53031,,Sarees,,,A2_FashionDataset/FashionDataset/test/images_test/53031.jpg,0.9579
53032,,Sarees,,,A2_FashionDataset/FashionDataset/test/images_test/53032.jpg,0.8562
53033,,Sarees,,,A2_FashionDataset/FashionDataset/test/images_test/53033.jpg,0.7726
53034,,Sarees,,,A2_FashionDataset/FashionDataset/test/images_test/53034.jpg,0.842
53035,,Sarees,,,A2_FashionDataset/FashionDataset/test/images_test/53035.jpg,0.7672
53036,,Sarees,,,A2_FashionDataset/FashionDataset/test/images_test/53036.jpg,0.8689
53037,,Sarees,,,A2_FashionDataset/FashionDataset/test/images_test/53037.jpg,0.9845
53038,,Sarees,,,A2_FashionDataset/FashionDataset/test/images_test/53038.jpg,0.9162
53039,,Sarees,,,A2_FashionDataset/FashionDataset/test/images_test/53039.jpg,0.8771
53040,,Sarees,,,A2_FashionDataset/FashionDataset/test/images_test/53040.jpg,0.9338
53041,,Sarees,,,A2_FashionDataset/FashionDataset/test/images_test/53041.jpg,0.9429
53042,,Sarees,,,A2_FashionDataset/FashionDataset/test/images_test/53042.jpg,0.9549
53043,,Sarees,,,A2_FashionDataset/FashionDataset/test/images_test/53043.jpg,0.8243
53044,,Sarees,,,A2_FashionDataset/FashionDataset/test/images_test/53044.jpg,0.955
53045,,Sarees,,,A2_FashionDataset/FashionDataset/test/images_test/53045.jpg,0.9815
53046,,Sarees,,,A2_FashionDataset/FashionDataset/test/images_test/53046.jpg,0.9031
53047,,Sarees,,,A2_FashionDataset/FashionDataset/test/images_test/53047.jpg,0.9376
53048,,Jumpsuit,,,A2_FashionDataset/FashionDataset/test/images_test/53048.jpg,0.3649
53049,,Sarees,,,A2_FashionDataset/FashionDataset/test/images_test/53049.jpg,0.3463
53050,,Sarees,,,A2_FashionDataset/FashionDataset/test/images_test/53050.jpg,0.7204
53051,,Sarees,,,A2_FashionDataset/FashionDataset/test/images_test/53051.jpg,0.9575
53052,,Sarees,,,A2_FashionDataset/FashionDataset/test/images_test/53052.jpg,0.8299
53053,,Sarees,,,A2_FashionDataset/FashionDataset/test/images_test/53053.jpg,0.4049
53054,,Sarees,,,A2_FashionDataset/FashionDataset/test/images_test/53054.jpg,0.9769
53055,,Sarees,,,A2_FashionDataset/FashionDataset/test/images_test/53055.jpg,0.9155
53056,,Sarees,,,A2_FashionDataset/FashionDataset/test/images_test/53056.jpg,0.9873
53057,,Sarees,,,A2_FashionDataset/FashionDataset/test/images_test/53057.jpg,0.5512
53058,,Handbags,,,A2_FashionDataset/FashionDataset/test/images_test/53058.jpg,0.9055
53059,,Handbags,,,A2_FashionDataset/FashionDataset/test/images_test/53059.jpg,0.8808
53060,,Handbags,,,A2_FashionDataset/FashionDataset/test/images_test/53060.jpg,0.9147
53061,,Handbags,,,A2_FashionDataset/FashionDataset/test/images_test/53061.jpg,0.9072
53062,,Handbags,,,A2_FashionDataset/FashionDataset/test/images_test/53062.jpg,0.9111
53063,,Handbags,,,A2_FashionDataset/FashionDataset/test/images_test/53063.jpg,0.9209
53064,,Handbags,,,A2_FashionDataset/FashionDataset/test/images_test/53064.jpg,0.7233
53065,,Handbags,,,A2_FashionDataset/FashionDataset/test/images_test/53065.jpg,0.7216
53066,,Handbags,,,A2_FashionDataset/FashionDataset/test/images_test/53066.jpg,0.7027
53067,,Handbags,,,A2_FashionDataset/FashionDataset/test/images_test/53067.jpg,0.8684
53068,,Handbags,,,A2_FashionDataset/FashionDataset/test/images_test/53068.jpg,0.9392
53069,,Handbags,,,A2_FashionDataset/FashionDataset/test/images_test/53069.jpg,0.8901
53070,,Handbags,,,A2_FashionDataset/FashionDataset/test/images_test/53070.jpg,0.8775
53071,,Clutches,,,A2_FashionDataset/FashionDataset/test/images_test/53071.jpg,0.9866
53072,,Clutches,,,A2_FashionDataset/FashionDataset/test/images_test/53072.jpg,0.9866
53073,,Clutches,,,A2_FashionDataset/FashionDataset/test/images_test/53073.jpg,0.975
53075,,Handbags,,,A2_FashionDataset/FashionDataset/test/images_test/53075.jpg,0.7853
53076,,Handbags,,,A2_FashionDataset/FashionDataset/test/images_test/53076.jpg,0.8101
53077,,Clutches,,,A2_FashionDataset/FashionDataset/test/images_test/53077.jpg,0.5118
53078,,Wallets,,,A2_FashionDataset/FashionDataset/test/images_test/53078.jpg,0.2909
53079,,Duffel Bag,,,A2_FashionDataset/FashionDataset/test/images_test/53079.jpg,0.2612
53080,,Clutches,,,A2_FashionDataset/FashionDataset/test/images_test/53080.jpg,0.8934
53081,,Clutches,,,A2_FashionDataset/FashionDataset/test/images_test/53081.jpg,0.55
53082,,Clutches,,,A2_FashionDataset/FashionDataset/test/images_test/53082.jpg,0.8393
53083,,Pendant,,,A2_FashionDataset/FashionDataset/test/images_test/53083.jpg,0.229
53084,,Mobile Pouch,,,A2_FashionDataset/FashionDataset/test/images_test/53084.jpg,0.5855
53085,,Necklace and Chains,,,A2_FashionDataset/FashionDataset/test/images_test/53085.jpg,0.2246
53086,,Necklace and Chains,,,A2_FashionDataset/FashionDataset/test/images_test/53086.jpg,0.3429
53087,,Necklace and Chains,,,A2_FashionDataset/FashionDataset/test/images_test/53087.jpg,0.2663
53088,,Ties,,,A2_FashionDataset/FashionDataset/test/images_test/53088.jpg,0.2076
53089,,Pendant,,,A2_FashionDataset/FashionDataset/test/images_test/53089.jpg,0.9031
53090,,Pendant,,,A2_FashionDataset/FashionDataset/test/images_test/53090.jpg,0.887
53091,,Necklace and Chains,,,A2_FashionDataset/FashionDataset/test/images_test/53091.jpg,0.8721
53092,,Pendant,,,A2_FashionDataset/FashionDataset/test/images_test/53092.jpg,0.3735
53093,,Pendant,,,A2_FashionDataset/FashionDataset/test/images_test/53093.jpg,0.7014
53094,,Earrings,,,A2_FashionDataset/FashionDataset/test/images_test/53094.jpg,0.9743
53095,,Earrings,,,A2_FashionDataset/FashionDataset/test/images_test/53095.jpg,0.9626
53096,,Earrings,,,A2_FashionDataset/FashionDataset/test/images_test/53096.jpg,0.9379
53097,,Earrings,,,A2_FashionDataset/FashionDataset/test/images_test/53097.jpg,0.9626
53098,,Earrings,,,A2_FashionDataset/FashionDataset/test/images_test/53098.jpg,0.9624
53099,,Earrings,,,A2_FashionDataset/FashionDataset/test/images_test/53099.jpg,0.9602
53100,,Earrings,,,A2_FashionDataset/FashionDataset/test/images_test/53100.jpg,0.9815
53101,,Earrings,,,A2_FashionDataset/FashionDataset/test/images_test/53101.jpg,0.3933
53102,,Earrings,,,A2_FashionDataset/FashionDataset/test/images_test/53102.jpg,0.5378
53103,,Earrings,,,A2_FashionDataset/FashionDataset/test/images_test/53103.jpg,0.9854
53104,,Earrings,,,A2_FashionDataset/FashionDataset/test/images_test/53104.jpg,0.9742
53105,,Earrings,,,A2_FashionDataset/FashionDataset/test/images_test/53105.jpg,0.9471
53106,,Earrings,,,A2_FashionDataset/FashionDataset/test/images_test/53106.jpg,0.9752
53107,,Earrings,,,A2_FashionDataset/FashionDataset/test/images_test/53107.jpg,0.9768
53108,,Earrings,,,A2_FashionDataset/FashionDataset/test/images_test/53108.jpg,0.9904
53109,,Earrings,,,A2_FashionDataset/FashionDataset/test/images_test/53109.jpg,0.9874
53110,,Earrings,,,A2_FashionDataset/FashionDataset/test/images_test/53110.jpg,0.9885
53111,,Tshirts,,,A2_FashionDataset/FashionDataset/test/images_test/53111.jpg,0.5872
53112,,Tshirts,,,A2_FashionDataset/FashionDataset/test/images_test/53112.jpg,0.7395
53113,,Tshirts,,,A2_FashionDataset/FashionDataset/test/images_test/53113.jpg,0.7875
53114,,Tshirts,,,A2_FashionDataset/FashionDataset/test/images_test/53114.jpg,0.5825
53115,,Tshirts,,,A2_FashionDataset/FashionDataset/test/images_test/53115.jpg,0.4765
53116,,Tshirts,,,A2_FashionDataset/FashionDataset/test/images_test/53116.jpg,0.7423
53117,,Tshirts,,,A2_FashionDataset/FashionDataset/test/images_test/53117.jpg,0.7853
53118,,Tshirts,,,A2_FashionDataset/FashionDataset/test/images_test/53118.jpg,0.5769
53119,,Tops,,,A2_FashionDataset/FashionDataset/test/images_test/53119.jpg,0.4777
53120,,Tshirts,,,A2_FashionDataset/FashionDataset/test/images_test/53120.jpg,0.6651
53121,,Tops,,,A2_FashionDataset/FashionDataset/test/images_test/53121.jpg,0.917
53122,,Tops,,,A2_FashionDataset/FashionDataset/test/images_test/53122.jpg,0.8289
53123,,Tops,,,A2_FashionDataset/FashionDataset/test/images_test/53123.jpg,0.336
53124,,Tops,,,A2_FashionDataset/FashionDataset/test/images_test/53124.jpg,0.4523
53125,,Tshirts,,,A2_FashionDataset/FashionDataset/test/images_test/53125.jpg,0.6862
53126,,Tshirts,,,A2_FashionDataset/FashionDataset/test/images_test/53126.jpg,0.7106
53127,,Casual Shoes,,,A2_FashionDataset/FashionDataset/test/images_test/53127.jpg,0.4076
53128,,Heels,,,A2_FashionDataset/FashionDataset/test/images_test/53128.jpg,0.9505
53129,,Heels,,,A2_FashionDataset/FashionDataset/test/images_test/53129.jpg,0.5817
53130,,Heels,,,A2_FashionDataset/FashionDataset/test/images_test/53130.jpg,0.5833
53131,,Heels,,,A2_FashionDataset/FashionDataset/test/images_test/53131.jpg,0.6759
53132,,Flats,,,A2_FashionDataset/FashionDataset/test/images_test/53132.jpg,0.2456
53133,,Heels,,,A2_FashionDataset/FashionDataset/test/images_test/53133.jpg,0.69
53134,,Heels,,,A2_FashionDataset/FashionDataset/test/images_test/53134.jpg,0.5668
53135,,Heels,,,A2_FashionDataset/FashionDataset/test/images_test/53135.jpg,0.4841
53136,,Heels,,,A2_FashionDataset/FashionDataset/test/images_test/53136.jpg,0.7999
53137,,Flats,,,A2_FashionDataset/FashionDataset/test/images_test/53137.jpg,0.4318
53138,,Heels,,,A2_FashionDataset/FashionDataset/test/images_test/53138.jpg,0.8872
53139,,Heels,,,A2_FashionDataset/FashionDataset/test/images_test/53139.jpg,0.9672
53140,,Heels,,,A2_FashionDataset/FashionDataset/test/images_test/53140.jpg,0.964
53141,,Heels,,,A2_FashionDataset/FashionDataset/test/images_test/53141.jpg,0.6207
53142,,Flats,,,A2_FashionDataset/FashionDataset/test/images_test/53142.jpg,0.5651
53143,,Heels,,,A2_FashionDataset/FashionDataset/test/images_test/53143.jpg,0.8948
53144,,Heels,,,A2_FashionDataset/FashionDataset/test/images_test/53144.jpg,0.7632
53145,,Flats,,,A2_FashionDataset/FashionDataset/test/images_test/53145.jpg,0.6136
53146,,Flats,,,A2_FashionDataset/FashionDataset/test/images_test/53146.jpg,0.4559
53147,,Heels,,,A2_FashionDataset/FashionDataset/test/images_test/53147.jpg,0.9363
53148,,Heels,,,A2_FashionDataset/FashionDataset/test/images_test/53148.jpg,0.887
53149,,Heels,,,A2_FashionDataset/FashionDataset/test/images_test/53149.jpg,0.7751
53150,,Heels,,,A2_FashionDataset/FashionDataset/test/images_test/53150.jpg,0.7725
53152,,Shirts,,,A2_FashionDataset/FashionDataset/test/images_test/53152.jpg,0.7375
53159,,Shirts,,,A2_FashionDataset/FashionDataset/test/images_test/53159.jpg,0.6682
53211,,Shirts,,,A2_FashionDataset/FashionDataset/test/images_test/53211.jpg,0.8677
53215,,Shirts,,,A2_FashionDataset/FashionDataset/test/images_test/53215.jpg,0.8425
53226,,Shirts,,,A2_FashionDataset/FashionDataset/test/images_test/53226.jpg,0.7871
53228,,Trousers,,,A2_FashionDataset/FashionDataset/test/images_test/53228.jpg,0.6168
53248,,Trousers,,,A2_FashionDataset/FashionDataset/test/images_test/53248.jpg,0.7341
53252,,Jeans,,,A2_FashionDataset/FashionDataset/test/images_test/53252.jpg,0.7051
53264,,Shirts,,,A2_FashionDataset/FashionDataset/test/images_test/53264.jpg,0.3407
53269,,Shirts,,,A2_FashionDataset/FashionDataset/test/images_test/53269.jpg,0.4193
53278,,Tshirts,,,A2_FashionDataset/FashionDataset/test/images_test/53278.jpg,0.6345
53282,,Tshirts,,,A2_FashionDataset/FashionDataset/test/images_test/53282.jpg,0.7796
53286,,Jeans,,,A2_FashionDataset/FashionDataset/test/images_test/53286.jpg,0.9876
53287,,Jeans,,,A2_FashionDataset/FashionDataset/test/images_test/53287.jpg,0.3118
53296,,Jeans,,,A2_FashionDataset/FashionDataset/test/images_test/53296.jpg,0.954
53303,,Tshirts,,,A2_FashionDataset/FashionDataset/test/images_test/53303.jpg,0.8198
53307,,Tshirts,,,A2_FashionDataset/FashionDataset/test/images_test/53307.jpg,0.6033
53312,,Tshirts,,,A2_FashionDataset/FashionDataset/test/images_test/53312.jpg,0.7308
53313,,Tshirts,,,A2_FashionDataset/FashionDataset/test/images_test/53313.jpg,0.4235
53314,,Tshirts,,,A2_FashionDataset/FashionDataset/test/images_test/53314.jpg,0.8865
53318,,Tshirts,,,A2_FashionDataset/FashionDataset/test/images_test/53318.jpg,0.7449
53319,,Tshirts,,,A2_FashionDataset/FashionDataset/test/images_test/53319.jpg,0.767
53328,,Boxers,,,A2_FashionDataset/FashionDataset/test/images_test/53328.jpg,0.9388
53329,,Boxers,,,A2_FashionDataset/FashionDataset/test/images_test/53329.jpg,0.7049
53332,,Boxers,,,A2_FashionDataset/FashionDataset/test/images_test/53332.jpg,0.9811
53338,,Boxers,,,A2_FashionDataset/FashionDataset/test/images_test/53338.jpg,0.9425
53345,,Briefs,,,A2_FashionDataset/FashionDataset/test/images_test/53345.jpg,0.4042
53348,,Boxers,,,A2_FashionDataset/FashionDataset/test/images_test/53348.jpg,0.9053
53357,,Socks,,,A2_FashionDataset/FashionDataset/test/images_test/53357.jpg,0.2984
53358,,Belts,,,A2_FashionDataset/FashionDataset/test/images_test/53358.jpg,0.9186
53360,,Wallets,,,A2_FashionDataset/FashionDataset/test/images_test/53360.jpg,0.2369
53361,,Backpacks,,,A2_FashionDataset/FashionDataset/test/images_test/53361.jpg,0.9485
53362,,Backpacks,,,A2_FashionDataset/FashionDataset/test/images_test/53362.jpg,0.9412
53363,,Handbags,,,A2_FashionDataset/FashionDataset/test/images_test/53363.jpg,0.9268
53364,,Backpacks,,,A2_FashionDataset/FashionDataset/test/images_test/53364.jpg,0.8964
53365,,Backpacks,,,A2_FashionDataset/FashionDataset/test/images_test/53365.jpg,0.9662
53366,,Backpacks,,,A2_FashionDataset/FashionDataset/test/images_test/53366.jpg,0.9378
53367,,Backpacks,,,A2_FashionDataset/FashionDataset/test/images_test/53367.jpg,0.967
53368,,Backpacks,,,A2_FashionDataset/FashionDataset/test/images_test/53368.jpg,0.965
53369,,Handbags,,,A2_FashionDataset/FashionDataset/test/images_test/53369.jpg,0.823
53370,,Handbags,,,A2_FashionDataset/FashionDataset/test/images_test/53370.jpg,0.4806
53371,,Backpacks,,,A2_FashionDataset/FashionDataset/test/images_test/53371.jpg,0.9033
53372,,Backpacks,,,A2_FashionDataset/FashionDataset/test/images_test/53372.jpg,0.933
53373,,Backpacks,,,A2_FashionDataset/FashionDataset/test/images_test/53373.jpg,0.9685
53374,,Wallets,,,A2_FashionDataset/FashionDataset/test/images_test/53374.jpg,0.8239
53376,,Clutches,,,A2_FashionDataset/FashionDataset/test/images_test/53376.jpg,0.542
53377,,Messenger Bag,,,A2_FashionDataset/FashionDataset/test/images_test/53377.jpg,0.6749
53378,,Flip Flops,,,A2_FashionDataset/FashionDataset/test/images_test/53378.jpg,0.7428
53379,,Sandals,,,A2_FashionDataset/FashionDataset/test/images_test/53379.jpg,0.8761
53380,,Sandals,,,A2_FashionDataset/FashionDataset/test/images_test/53380.jpg,0.9023
53381,,Sandals,,,A2_FashionDataset/FashionDataset/test/images_test/53381.jpg,0.7529
53382,,Sports Sandals,,,A2_FashionDataset/FashionDataset/test/images_test/53382.jpg,0.7244
53383,,Sports Sandals,,,A2_FashionDataset/FashionDataset/test/images_test/53383.jpg,0.5313
53384,,Casual Shoes,,,A2_FashionDataset/FashionDataset/test/images_test/53384.jpg,0.8984
53386,,Casual Shoes,,,A2_FashionDataset/FashionDataset/test/images_test/53386.jpg,0.8834
53387,,Casual Shoes,,,A2_FashionDataset/FashionDataset/test/images_test/53387.jpg,0.7427
53388,,Kurtas,,,A2_FashionDataset/FashionDataset/test/images_test/53388.jpg,0.9591
53389,,Kurtas,,,A2_FashionDataset/FashionDataset/test/images_test/53389.jpg,0.8701
53390,,Kurtas,,,A2_FashionDataset/FashionDataset/test/images_test/53390.jpg,0.9701
53391,,Kurtas,,,A2_FashionDataset/FashionDataset/test/images_test/53391.jpg,0.954
53392,,Kurtis,,,A2_FashionDataset/FashionDataset/test/images_test/53392.jpg,0.4593
53393,,Kurtas,,,A2_FashionDataset/FashionDataset/test/images_test/53393.jpg,0.7889
53394,,Kurtas,,,A2_FashionDataset/FashionDataset/test/images_test/53394.jpg,0.9186
53395,,Kurtas,,,A2_FashionDataset/FashionDataset/test/images_test/53395.jpg,0.8751
53396,,Kurtas,,,A2_FashionDataset/FashionDataset/test/images_test/53396.jpg,0.8082
53397,,Kurtas,,,A2_FashionDataset/FashionDataset/test/images_test/53397.jpg,0.8273
53398,,Kurtas,,,A2_FashionDataset/FashionDataset/test/images_test/53398.jpg,0.8141
53399,,Kurtas,,,A2_FashionDataset/FashionDataset/test/images_test/53399.jpg,0.8301
53401,,Kurtas,,,A2_FashionDataset/FashionDataset/test/images_test/53401.jpg,0.8899
53402,,Tops,,,A2_FashionDataset/FashionDataset/test/images_test/53402.jpg,0.4599
53403,,Kurtas,,,A2_FashionDataset/FashionDataset/test/images_test/53403.jpg,0.7826
53404,,Kurtas,,,A2_FashionDataset/FashionDataset/test/images_test/53404.jpg,0.9263
53405,,Kurtas,,,A2_FashionDataset/FashionDataset/test/images_test/53405.jpg,0.7352
53406,,Kurtas,,,A2_FashionDataset/FashionDataset/test/images_test/53406.jpg,0.8566
53408,,Kurtas,,,A2_FashionDataset/FashionDataset/test/images_test/53408.jpg,0.9531
53409,,Kurtas,,,A2_FashionDataset/FashionDataset/test/images_test/53409.jpg,0.838
53410,,Kurtas,,,A2_FashionDataset/FashionDataset/test/images_test/53410.jpg,0.8998
53411,,Kurtas,,,A2_FashionDataset/FashionDataset/test/images_test/53411.jpg,0.861
53412,,Kurtis,,,A2_FashionDataset/FashionDataset/test/images_test/53412.jpg,0.5486
53413,,Kurtas,,,A2_FashionDataset/FashionDataset/test/images_test/53413.jpg,0.8747
53414,,Kurtas,,,A2_FashionDataset/FashionDataset/test/images_test/53414.jpg,0.5571
53415,,Kurtas,,,A2_FashionDataset/FashionDataset/test/images_test/53415.jpg,0.8739
53416,,Kurtas,,,A2_FashionDataset/FashionDataset/test/images_test/53416.jpg,0.8868
53417,,Kurtas,,,A2_FashionDataset/FashionDataset/test/images_test/53417.jpg,0.7412
53418,,Kurtas,,,A2_FashionDataset/FashionDataset/test/images_test/53418.jpg,0.9065
53419,,Tunics,,,A2_FashionDataset/FashionDataset/test/images_test/53419.jpg,0.3221
53420,,Kurtas,,,A2_FashionDataset/FashionDataset/test/images_test/53420.jpg,0.8643
53421,,Kurtas,,,A2_FashionDataset/FashionDataset/test/images_test/53421.jpg,0.9397
53422,,Kurtas,,,A2_FashionDataset/FashionDataset/test/images_test/53422.jpg,0.6777
53423,,Kurtas,,,A2_FashionDataset/FashionDataset/test/images_test/53423.jpg,0.9114
53424,,Kurtas,,,A2_FashionDataset/FashionDataset/test/images_test/53424.jpg,0.9055
53425,,Kurtas,,,A2_FashionDataset/FashionDataset/test/images_test/53425.jpg,0.8378
53426,,Kurtas,,,A2_FashionDataset/FashionDataset/test/images_test/53426.jpg,0.8561
53427,,Kurtas,,,A2_FashionDataset/FashionDataset/test/images_test/53427.jpg,0.9234
53428,,Kurtas,,,A2_FashionDataset/FashionDataset/test/images_test/53428.jpg,0.877
53429,,Kurtas,,,A2_FashionDataset/FashionDataset/test/images_test/53429.jpg,0.487
53430,,Kurtas,,,A2_FashionDataset/FashionDataset/test/images_test/53430.jpg,0.8431
53431,,Kurtas,,,A2_FashionDataset/FashionDataset/test/images_test/53431.jpg,0.5196
53432,,Tshirts,,,A2_FashionDataset/FashionDataset/test/images_test/53432.jpg,0.7726
53433,,Tshirts,,,A2_FashionDataset/FashionDataset/test/images_test/53433.jpg,0.8336
53434,,Tshirts,,,A2_FashionDataset/FashionDataset/test/images_test/53434.jpg,0.7521
53435,,Jackets,,,A2_FashionDataset/FashionDataset/test/images_test/53435.jpg,0.8598
53436,,Casual Shoes,,,A2_FashionDataset/FashionDataset/test/images_test/53436.jpg,0.3618
53437,,Sports Shoes,,,A2_FashionDataset/FashionDataset/test/images_test/53437.jpg,0.5624
53438,,Casual Shoes,,,A2_FashionDataset/FashionDataset/test/images_test/53438.jpg,0.3588
53439,,Flip Flops,,,A2_FashionDataset/FashionDataset/test/images_test/53439.jpg,0.8268
53440,,Sports Shoes,,,A2_FashionDataset/FashionDataset/test/images_test/53440.jpg,0.6662
53441,,Sports Shoes,,,A2_FashionDataset/FashionDataset/test/images_test/53441.jpg,0.922
53442,,Flip Flops,,,A2_FashionDataset/FashionDataset/test/images_test/53442.jpg,0.656
53444,,Flip Flops,,,A2_FashionDataset/FashionDataset/test/images_test/53444.jpg,0.6709
53445,,Flip Flops,,,A2_FashionDataset/FashionDataset/test/images_test/53445.jpg,0.8901
53446,,Flip Flops,,,A2_FashionDataset/FashionDataset/test/images_test/53446.jpg,0.9272
53447,,Flats,,,A2_FashionDataset/FashionDataset/test/images_test/53447.jpg,0.3246
53448,,Flip Flops,,,A2_FashionDataset/FashionDataset/test/images_test/53448.jpg,0.9268
53449,,Flip Flops,,,A2_FashionDataset/FashionDataset/test/images_test/53449.jpg,0.7983
53450,,Flip Flops,,,A2_FashionDataset/FashionDataset/test/images_test/53450.jpg,0.8785
53452,,Casual Shoes,,,A2_FashionDataset/FashionDataset/test/images_test/53452.jpg,0.796
53453,,Casual Shoes,,,A2_FashionDataset/FashionDataset/test/images_test/53453.jpg,0.448
53454,,Heels,,,A2_FashionDataset/FashionDataset/test/images_test/53454.jpg,0.6935
53455,,Flats,,,A2_FashionDataset/FashionDataset/test/images_test/53455.jpg,0.1334
53456,,Flats,,,A2_FashionDataset/FashionDataset/test/images_test/53456.jpg,0.2412
53457,,Heels,,,A2_FashionDataset/FashionDataset/test/images_test/53457.jpg,0.9258
53458,,Heels,,,A2_FashionDataset/FashionDataset/test/images_test/53458.jpg,0.8843
53459,,Heels,,,A2_FashionDataset/FashionDataset/test/images_test/53459.jpg,0.9819
53460,,Heels,,,A2_FashionDataset/FashionDataset/test/images_test/53460.jpg,0.9701
53461,,Bra,,,A2_FashionDataset/FashionDataset/test/images_test/53461.jpg,0.9195
53462,,Bra,,,A2_FashionDataset/FashionDataset/test/images_test/53462.jpg,0.4024
53463,,Bra,,,A2_FashionDataset/FashionDataset/test/images_test/53463.jpg,0.9954
53464,,Bra,,,A2_FashionDataset/FashionDataset/test/images_test/53464.jpg,0.8887
53465,,Bra,,,A2_FashionDataset/FashionDataset/test/images_test/53465.jpg,0.9629
53466,,Bra,,,A2_FashionDataset/FashionDataset/test/images_test/53466.jpg,0.9852
53467,,Bra,,,A2_FashionDataset/FashionDataset/test/images_test/53467.jpg,0.9909
53468,,Bra,,,A2_FashionDataset/FashionDataset/test/images_test/53468.jpg,0.8286
53469,,Briefs,,,A2_FashionDataset/FashionDataset/test/images_test/53469.jpg,0.9161
53470,,Bra,,,A2_FashionDataset/FashionDataset/test/images_test/53470.jpg,0.9373
53473,,Bra,,,A2_FashionDataset/FashionDataset/test/images_test/53473.jpg,0.9883
53474,,Bra,,,A2_FashionDataset/FashionDataset/test/images_test/53474.jpg,0.9838
53475,,Bra,,,A2_FashionDataset/FashionDataset/test/images_test/53475.jpg,0.3136
53476,,Bra,,,A2_FashionDataset/FashionDataset/test/images_test/53476.jpg,0.988
53477,,Bra,,,A2_FashionDataset/FashionDataset/test/images_test/53477.jpg,0.8625
53478,,Bra,,,A2_FashionDataset/FashionDataset/test/images_test/53478.jpg,0.981
53479,,Bra,,,A2_FashionDataset/FashionDataset/test/images_test/53479.jpg,0.9907
53480,,Bra,,,A2_FashionDataset/FashionDataset/test/images_test/53480.jpg,0.9019
53484,,Sports Shoes,,,A2_FashionDataset/FashionDataset/test/images_test/53484.jpg,0.0832
53485,,Tshirts,,,A2_FashionDataset/FashionDataset/test/images_test/53485.jpg,0.1749
53486,,Bra,,,A2_FashionDataset/FashionDataset/test/images_test/53486.jpg,0.1885
53487,,Tshirts,,,A2_FashionDataset/FashionDataset/test/images_test/53487.jpg,0.2634
53488,,Swimwear,,,A2_FashionDataset/FashionDataset/test/images_test/53488.jpg,0.2263
53489,,Sports Shoes,,,A2_FashionDataset/FashionDataset/test/images_test/53489.jpg,0.0633
53490,,Bra,,,A2_FashionDataset/FashionDataset/test/images_test/53490.jpg,0.9573
53491,,Briefs,,,A2_FashionDataset/FashionDataset/test/images_test/53491.jpg,0.3475
53492,,Bra,,,A2_FashionDataset/FashionDataset/test/images_test/53492.jpg,0.8744
53493,,Bra,,,A2_FashionDataset/FashionDataset/test/images_test/53493.jpg,0.8873
53498,,Bra,,,A2_FashionDataset/FashionDataset/test/images_test/53498.jpg,0.4628
53506,,Bra,,,A2_FashionDataset/FashionDataset/test/images_test/53506.jpg,0.892
53507,,Bra,,,A2_FashionDataset/FashionDataset/test/images_test/53507.jpg,0.9628
53508,,Bra,,,A2_FashionDataset/FashionDataset/test/images_test/53508.jpg,0.9083
53520,,Bra,,,A2_FashionDataset/FashionDataset/test/images_test/53520.jpg,0.3255
53525,,Bra,,,A2_FashionDataset/FashionDataset/test/images_test/53525.jpg,0.8747
53526,,Briefs,,,A2_FashionDataset/FashionDataset/test/images_test/53526.jpg,0.9672
53527,,Briefs,,,A2_FashionDataset/FashionDataset/test/images_test/53527.jpg,0.9628
53528,,Briefs,,,A2_FashionDataset/FashionDataset/test/images_test/53528.jpg,0.94
53529,,Briefs,,,A2_FashionDataset/FashionDataset/test/images_test/53529.jpg,0.9666
53530,,Briefs,,,A2_FashionDataset/FashionDataset/test/images_test/53530.jpg,0.6523
53531,,Briefs,,,A2_FashionDataset/FashionDataset/test/images_test/53531.jpg,0.8327
53532,,Briefs,,,A2_FashionDataset/FashionDataset/test/images_test/53532.jpg,0.9158
53533,,Briefs,,,A2_FashionDataset/FashionDataset/test/images_test/53533.jpg,0.9404
53534,,Briefs,,,A2_FashionDataset/FashionDataset/test/images_test/53534.jpg,0.7996
53535,,Briefs,,,A2_FashionDataset/FashionDataset/test/images_test/53535.jpg,0.944
53536,,Briefs,,,A2_FashionDataset/FashionDataset/test/images_test/53536.jpg,0.9679
53537,,Briefs,,,A2_FashionDataset/FashionDataset/test/images_test/53537.jpg,0.987
53538,,Briefs,,,A2_FashionDataset/FashionDataset/test/images_test/53538.jpg,0.9525
53539,,Briefs,,,A2_FashionDataset/FashionDataset/test/images_test/53539.jpg,0.8507
53540,,Briefs,,,A2_FashionDataset/FashionDataset/test/images_test/53540.jpg,0.9619
53541,,Bra,,,A2_FashionDataset/FashionDataset/test/images_test/53541.jpg,0.1238
53542,,Briefs,,,A2_FashionDataset/FashionDataset/test/images_test/53542.jpg,0.9812
53543,,Briefs,,,A2_FashionDataset/FashionDataset/test/images_test/53543.jpg,0.9008
53545,,Briefs,,,A2_FashionDataset/FashionDataset/test/images_test/53545.jpg,0.9454
53546,,Briefs,,,A2_FashionDataset/FashionDataset/test/images_test/53546.jpg,0.9688
53547,,Briefs,,,A2_FashionDataset/FashionDataset/test/images_test/53547.jpg,0.979
53548,,Briefs,,,A2_FashionDataset/FashionDataset/test/images_test/53548.jpg,0.9971
53554,,Boxers,,,A2_FashionDataset/FashionDataset/test/images_test/53554.jpg,0.9456
53555,,Boxers,,,A2_FashionDataset/FashionDataset/test/images_test/53555.jpg,0.9602
53556,,Boxers,,,A2_FashionDataset/FashionDataset/test/images_test/53556.jpg,0.9917
53557,,Boxers,,,A2_FashionDataset/FashionDataset/test/images_test/53557.jpg,0.9592
53558,,Boxers,,,A2_FashionDataset/FashionDataset/test/images_test/53558.jpg,0.905
53559,,Boxers,,,A2_FashionDataset/FashionDataset/test/images_test/53559.jpg,0.9824
53560,,Watches,,,A2_FashionDataset/FashionDataset/test/images_test/53560.jpg,0.7745
53561,,Watches,,,A2_FashionDataset/FashionDataset/test/images_test/53561.jpg,0.8357
53562,,Watches,,,A2_FashionDataset/FashionDataset/test/images_test/53562.jpg,0.8574
53563,,Watches,,,A2_FashionDataset/FashionDataset/test/images_test/53563.jpg,0.791
53564,,Watches,,,A2_FashionDataset/FashionDataset/test/images_test/53564.jpg,0.8679
53565,,Watches,,,A2_FashionDataset/FashionDataset/test/images_test/53565.jpg,0.8467
53566,,Watches,,,A2_FashionDataset/FashionDataset/test/images_test/53566.jpg,0.8267
53567,,Watches,,,A2_FashionDataset/FashionDataset/test/images_test/53567.jpg,0.7692
53568,,Watches,,,A2_FashionDataset/FashionDataset/test/images_test/53568.jpg,0.8686
53569,,Watches,,,A2_FashionDataset/FashionDataset/test/images_test/53569.jpg,0.9171
53570,,Watches,,,A2_FashionDataset/FashionDataset/test/images_test/53570.jpg,0.9223
53571,,Watches,,,A2_FashionDataset/FashionDataset/test/images_test/53571.jpg,0.789
53572,,Watches,,,A2_FashionDataset/FashionDataset/test/images_test/53572.jpg,0.8885
53573,,Watches,,,A2_FashionDataset/FashionDataset/test/images_test/53573.jpg,0.8759
53574,,Watches,,,A2_FashionDataset/FashionDataset/test/images_test/53574.jpg,0.8832
53575,,Watches,,,A2_FashionDataset/FashionDataset/test/images_test/53575.jpg,0.9309
53576,,Watches,,,A2_FashionDataset/FashionDataset/test/images_test/53576.jpg,0.8599
53577,,Watches,,,A2_FashionDataset/FashionDataset/test/images_test/53577.jpg,0.9082
53578,,Watches,,,A2_FashionDataset/FashionDataset/test/images_test/53578.jpg,0.9015
53579,,Watches,,,A2_FashionDataset/FashionDataset/test/images_test/53579.jpg,0.8246
53580,,Watches,,,A2_FashionDataset/FashionDataset/test/images_test/53580.jpg,0.6965
53581,,Watches,,,A2_FashionDataset/FashionDataset/test/images_test/53581.jpg,0.6978
53582,,Watches,,,A2_FashionDataset/FashionDataset/test/images_test/53582.jpg,0.9068
53583,,Watches,,,A2_FashionDataset/FashionDataset/test/images_test/53583.jpg,0.7746
53584,,Watches,,,A2_FashionDataset/FashionDataset/test/images_test/53584.jpg,0.7834
53585,,Watches,,,A2_FashionDataset/FashionDataset/test/images_test/53585.jpg,0.9221
53586,,Watches,,,A2_FashionDataset/FashionDataset/test/images_test/53586.jpg,0.82
53587,,Watches,,,A2_FashionDataset/FashionDataset/test/images_test/53587.jpg,0.7772
53588,,Watches,,,A2_FashionDataset/FashionDataset/test/images_test/53588.jpg,0.7976
53589,,Watches,,,A2_FashionDataset/FashionDataset/test/images_test/53589.jpg,0.8788
53590,,Watches,,,A2_FashionDataset/FashionDataset/test/images_test/53590.jpg,0.7981
53591,,Watches,,,A2_FashionDataset/FashionDataset/test/images_test/53591.jpg,0.9334
53592,,Watches,,,A2_FashionDataset/FashionDataset/test/images_test/53592.jpg,0.8783
53593,,Watches,,,A2_FashionDataset/FashionDataset/test/images_test/53593.jpg,0.8475
53594,,Watches,,,A2_FashionDataset/FashionDataset/test/images_test/53594.jpg,0.8433
53595,,Watches,,,A2_FashionDataset/FashionDataset/test/images_test/53595.jpg,0.7982
53596,,Watches,,,A2_FashionDataset/FashionDataset/test/images_test/53596.jpg,0.8216
53597,,Watches,,,A2_FashionDataset/FashionDataset/test/images_test/53597.jpg,0.8772
53598,,Watches,,,A2_FashionDataset/FashionDataset/test/images_test/53598.jpg,0.8324
53599,,Watches,,,A2_FashionDataset/FashionDataset/test/images_test/53599.jpg,0.8717
53600,,Watches,,,A2_FashionDataset/FashionDataset/test/images_test/53600.jpg,0.8355
53601,,Watches,,,A2_FashionDataset/FashionDataset/test/images_test/53601.jpg,0.8348
53602,,Watches,,,A2_FashionDataset/FashionDataset/test/images_test/53602.jpg,0.8458
53603,,Watches,,,A2_FashionDataset/FashionDataset/test/images_test/53603.jpg,0.808
53604,,Watches,,,A2_FashionDataset/FashionDataset/test/images_test/53604.jpg,0.8232
53605,,Watches,,,A2_FashionDataset/FashionDataset/test/images_test/53605.jpg,0.9185
53606,,Watches,,,A2_FashionDataset/FashionDataset/test/images_test/53606.jpg,0.9211
53608,,Watches,,,A2_FashionDataset/FashionDataset/test/images_test/53608.jpg,0.8921
53609,,Watches,,,A2_FashionDataset/FashionDataset/test/images_test/53609.jpg,0.9186
53611,,Watches,,,A2_FashionDataset/FashionDataset/test/images_test/53611.jpg,0.8184
53612,,Watches,,,A2_FashionDataset/FashionDataset/test/images_test/53612.jpg,0.8454
53613,,Watches,,,A2_FashionDataset/FashionDataset/test/images_test/53613.jpg,0.8309
53614,,Watches,,,A2_FashionDataset/FashionDataset/test/images_test/53614.jpg,0.8766
53615,,Watches,,,A2_FashionDataset/FashionDataset/test/images_test/53615.jpg,0.8304
53616,,Watches,,,A2_FashionDataset/FashionDataset/test/images_test/53616.jpg,0.8696
53617,,Watches,,,A2_FashionDataset/FashionDataset/test/images_test/53617.jpg,0.7976
53618,,Watches,,,A2_FashionDataset/FashionDataset/test/images_test/53618.jpg,0.8364
53619,,Watches,,,A2_FashionDataset/FashionDataset/test/images_test/53619.jpg,0.8812
53620,,Watches,,,A2_FashionDataset/FashionDataset/test/images_test/53620.jpg,0.8175
53621,,Watches,,,A2_FashionDataset/FashionDataset/test/images_test/53621.jpg,0.7722
53622,,Watches,,,A2_FashionDataset/FashionDataset/test/images_test/53622.jpg,0.6607
53623,,Watches,,,A2_FashionDataset/FashionDataset/test/images_test/53623.jpg,0.8173
53624,,Watches,,,A2_FashionDataset/FashionDataset/test/images_test/53624.jpg,0.8758
53625,,Watches,,,A2_FashionDataset/FashionDataset/test/images_test/53625.jpg,0.8219
53626,,Watches,,,A2_FashionDataset/FashionDataset/test/images_test/53626.jpg,0.8313
53627,,Watches,,,A2_FashionDataset/FashionDataset/test/images_test/53627.jpg,0.8852
53628,,Watches,,,A2_FashionDataset/FashionDataset/test/images_test/53628.jpg,0.8938
53629,,Watches,,,A2_FashionDataset/FashionDataset/test/images_test/53629.jpg,0.8066
53630,,Bra,,,A2_FashionDataset/FashionDataset/test/images_test/53630.jpg,0.3735
53631,,Bra,,,A2_FashionDataset/FashionDataset/test/images_test/53631.jpg,0.9166
53632,,Flip Flops,,,A2_FashionDataset/FashionDataset/test/images_test/53632.jpg,0.5025
53633,,Casual Shoes,,,A2_FashionDataset/FashionDataset/test/images_test/53633.jpg,0.8383
53634,,Casual Shoes,,,A2_FashionDataset/FashionDataset/test/images_test/53634.jpg,0.8626
53635,,Casual Shoes,,,A2_FashionDataset/FashionDataset/test/images_test/53635.jpg,0.8132
53636,,Casual Shoes,,,A2_FashionDataset/FashionDataset/test/images_test/53636.jpg,0.8515
53637,,Sports Shoes,,,A2_FashionDataset/FashionDataset/test/images_test/53637.jpg,0.473
53638,,Casual Shoes,,,A2_FashionDataset/FashionDataset/test/images_test/53638.jpg,0.8078
53639,,Casual Shoes,,,A2_FashionDataset/FashionDataset/test/images_test/53639.jpg,0.7141
53640,,Casual Shoes,,,A2_FashionDataset/FashionDataset/test/images_test/53640.jpg,0.8018
53648,,Handbags,,,A2_FashionDataset/FashionDataset/test/images_test/53648.jpg,0.8891
53649,,Handbags,,,A2_FashionDataset/FashionDataset/test/images_test/53649.jpg,0.8685
53651,,Handbags,,,A2_FashionDataset/FashionDataset/test/images_test/53651.jpg,0.7886
53652,,Handbags,,,A2_FashionDataset/FashionDataset/test/images_test/53652.jpg,0.8743
53653,,Handbags,,,A2_FashionDataset/FashionDataset/test/images_test/53653.jpg,0.6989
53654,,Handbags,,,A2_FashionDataset/FashionDataset/test/images_test/53654.jpg,0.4704
53655,,Handbags,,,A2_FashionDataset/FashionDataset/test/images_test/53655.jpg,0.556
53656,,Handbags,,,A2_FashionDataset/FashionDataset/test/images_test/53656.jpg,0.9389
53657,,Handbags,,,A2_FashionDataset/FashionDataset/test/images_test/53657.jpg,0.3985
53659,,Handbags,,,A2_FashionDataset/FashionDataset/test/images_test/53659.jpg,0.9206
53660,,Handbags,,,A2_FashionDataset/FashionDataset/test/images_test/53660.jpg,0.9694
53661,,Handbags,,,A2_FashionDataset/FashionDataset/test/images_test/53661.jpg,0.8805
53663,,Handbags,,,A2_FashionDataset/FashionDataset/test/images_test/53663.jpg,0.6309
53665,,Handbags,,,A2_FashionDataset/FashionDataset/test/images_test/53665.jpg,0.7925
53666,,Handbags,,,A2_FashionDataset/FashionDataset/test/images_test/53666.jpg,0.9463
53667,,Handbags,,,A2_FashionDataset/FashionDataset/test/images_test/53667.jpg,0.9611
53668,,Handbags,,,A2_FashionDataset/FashionDataset/test/images_test/53668.jpg,0.9617
53669,,Handbags,,,A2_FashionDataset/FashionDataset/test/images_test/53669.jpg,0.9747
53670,,Handbags,,,A2_FashionDataset/FashionDataset/test/images_test/53670.jpg,0.9192
53671,,Handbags,,,A2_FashionDataset/FashionDataset/test/images_test/53671.jpg,0.8066
53672,,Handbags,,,A2_FashionDataset/FashionDataset/test/images_test/53672.jpg,0.4849
53673,,Handbags,,,A2_FashionDataset/FashionDataset/test/images_test/53673.jpg,0.4995
53674,,Handbags,,,A2_FashionDataset/FashionDataset/test/images_test/53674.jpg,0.7162
53675,,Handbags,,,A2_FashionDataset/FashionDataset/test/images_test/53675.jpg,0.8833
53676,,Handbags,,,A2_FashionDataset/FashionDataset/test/images_test/53676.jpg,0.295
53677,,Handbags,,,A2_FashionDataset/FashionDataset/test/images_test/53677.jpg,0.2174
53678,,Handbags,,,A2_FashionDataset/FashionDataset/test/images_test/53678.jpg,0.8566
53679,,Duffel Bag,,,A2_FashionDataset/FashionDataset/test/images_test/53679.jpg,0.3099
53680,,Handbags,,,A2_FashionDataset/FashionDataset/test/images_test/53680.jpg,0.7403
53681,,Handbags,,,A2_FashionDataset/FashionDataset/test/images_test/53681.jpg,0.4408
53682,,Handbags,,,A2_FashionDataset/FashionDataset/test/images_test/53682.jpg,0.8538
53683,,Handbags,,,A2_FashionDataset/FashionDataset/test/images_test/53683.jpg,0.3517
53684,,Handbags,,,A2_FashionDataset/FashionDataset/test/images_test/53684.jpg,0.7939
53685,,Handbags,,,A2_FashionDataset/FashionDataset/test/images_test/53685.jpg,0.5155
53686,,Handbags,,,A2_FashionDataset/FashionDataset/test/images_test/53686.jpg,0.9149
53687,,Handbags,,,A2_FashionDataset/FashionDataset/test/images_test/53687.jpg,0.907
53688,,Handbags,,,A2_FashionDataset/FashionDataset/test/images_test/53688.jpg,0.9119
53689,,Handbags,,,A2_FashionDataset/FashionDataset/test/images_test/53689.jpg,0.8514
53692,,Handbags,,,A2_FashionDataset/FashionDataset/test/images_test/53692.jpg,0.9384
53695,,Handbags,,,A2_FashionDataset/FashionDataset/test/images_test/53695.jpg,0.8656
53696,,Handbags,,,A2_FashionDataset/FashionDataset/test/images_test/53696.jpg,0.9084
53698,,Handbags,,,A2_FashionDataset/FashionDataset/test/images_test/53698.jpg,0.6014
53702,,Handbags,,,A2_FashionDataset/FashionDataset/test/images_test/53702.jpg,0.9683
53706,,Handbags,,,A2_FashionDataset/FashionDataset/test/images_test/53706.jpg,0.8271
53708,,Handbags,,,A2_FashionDataset/FashionDataset/test/images_test/53708.jpg,0.8243
53710,,Handbags,,,A2_FashionDataset/FashionDataset/test/images_test/53710.jpg,0.8792
53715,,Handbags,,,A2_FashionDataset/FashionDataset/test/images_test/53715.jpg,0.9238
53719,,Handbags,,,A2_FashionDataset/FashionDataset/test/images_test/53719.jpg,0.8044
53720,,Handbags,,,A2_FashionDataset/FashionDataset/test/images_test/53720.jpg,0.6865
53723,,Flip Flops,,,A2_FashionDataset/FashionDataset/test/images_test/53723.jpg,0.9407
53724,,Flip Flops,,,A2_FashionDataset/FashionDataset/test/images_test/53724.jpg,0.9497
53725,,Flip Flops,,,A2_FashionDataset/FashionDataset/test/images_test/53725.jpg,0.32
53726,,Flip Flops,,,A2_FashionDataset/FashionDataset/test/images_test/53726.jpg,0.8963
53727,,Casual Shoes,,,A2_FashionDataset/FashionDataset/test/images_test/53727.jpg,0.4025
53729,,Casual Shoes,,,A2_FashionDataset/FashionDataset/test/images_test/53729.jpg,0.4827
53731,,Casual Shoes,,,A2_FashionDataset/FashionDataset/test/images_test/53731.jpg,0.3856
53732,,Casual Shoes,,,A2_FashionDataset/FashionDataset/test/images_test/53732.jpg,0.7789
53734,,Casual Shoes,,,A2_FashionDataset/FashionDataset/test/images_test/53734.jpg,0.9614
53735,,Casual Shoes,,,A2_FashionDataset/FashionDataset/test/images_test/53735.jpg,0.9128
53737,,Shorts,,,A2_FashionDataset/FashionDataset/test/images_test/53737.jpg,0.765
53738,,Track Pants,,,A2_FashionDataset/FashionDataset/test/images_test/53738.jpg,0.1735
53740,,Track Pants,,,A2_FashionDataset/FashionDataset/test/images_test/53740.jpg,0.3683
53741,,Jeans,,,A2_FashionDataset/FashionDataset/test/images_test/53741.jpg,0.577
53742,,Capris,,,A2_FashionDataset/FashionDataset/test/images_test/53742.jpg,0.3516
53743,,Jeans,,,A2_FashionDataset/FashionDataset/test/images_test/53743.jpg,0.4606
53744,,Shorts,,,A2_FashionDataset/FashionDataset/test/images_test/53744.jpg,0.3467
53745,,Lounge Shorts,,,A2_FashionDataset/FashionDataset/test/images_test/53745.jpg,0.4309
53747,,Track Pants,,,A2_FashionDataset/FashionDataset/test/images_test/53747.jpg,0.6202
53748,,Jeans,,,A2_FashionDataset/FashionDataset/test/images_test/53748.jpg,0.7044
53749,,Jeans,,,A2_FashionDataset/FashionDataset/test/images_test/53749.jpg,0.9624
53750,,Jeans,,,A2_FashionDataset/FashionDataset/test/images_test/53750.jpg,0.269
53751,,Track Pants,,,A2_FashionDataset/FashionDataset/test/images_test/53751.jpg,0.3855
53752,,Shorts,,,A2_FashionDataset/FashionDataset/test/images_test/53752.jpg,0.8519
53753,,Shorts,,,A2_FashionDataset/FashionDataset/test/images_test/53753.jpg,0.967
53754,,Jackets,,,A2_FashionDataset/FashionDataset/test/images_test/53754.jpg,0.9395
53755,,Shorts,,,A2_FashionDataset/FashionDataset/test/images_test/53755.jpg,0.7838
53756,,Handbags,,,A2_FashionDataset/FashionDataset/test/images_test/53756.jpg,0.4668
53757,,Sports Shoes,,,A2_FashionDataset/FashionDataset/test/images_test/53757.jpg,0.9388
53759,,Tshirts,,,A2_FashionDataset/FashionDataset/test/images_test/53759.jpg,0.6961
53760,,Tshirts,,,A2_FashionDataset/FashionDataset/test/images_test/53760.jpg,0.7479
53761,,Tshirts,,,A2_FashionDataset/FashionDataset/test/images_test/53761.jpg,0.784
53762,,Tshirts,,,A2_FashionDataset/FashionDataset/test/images_test/53762.jpg,0.6423
53763,,Tshirts,,,A2_FashionDataset/FashionDataset/test/images_test/53763.jpg,0.686
53764,,Tshirts,,,A2_FashionDataset/FashionDataset/test/images_test/53764.jpg,0.7845
53765,,Tshirts,,,A2_FashionDataset/FashionDataset/test/images_test/53765.jpg,0.7149
53766,,Tshirts,,,A2_FashionDataset/FashionDataset/test/images_test/53766.jpg,0.6729
53767,,Tshirts,,,A2_FashionDataset/FashionDataset/test/images_test/53767.jpg,0.7527
53768,,Tshirts,,,A2_FashionDataset/FashionDataset/test/images_test/53768.jpg,0.7299
53770,,Tshirts,,,A2_FashionDataset/FashionDataset/test/images_test/53770.jpg,0.4284
53771,,Tshirts,,,A2_FashionDataset/FashionDataset/test/images_test/53771.jpg,0.8085
53772,,Tshirts,,,A2_FashionDataset/FashionDataset/test/images_test/53772.jpg,0.6534
53773,,Tshirts,,,A2_FashionDataset/FashionDataset/test/images_test/53773.jpg,0.7105
53774,,Tshirts,,,A2_FashionDataset/FashionDataset/test/images_test/53774.jpg,0.7561
53775,,Tshirts,,,A2_FashionDataset/FashionDataset/test/images_test/53775.jpg,0.764
53776,,Shorts,,,A2_FashionDataset/FashionDataset/test/images_test/53776.jpg,0.9664
53777,,Sports Shoes,,,A2_FashionDataset/FashionDataset/test/images_test/53777.jpg,0.9183
53778,,Tops,,,A2_FashionDataset/FashionDataset/test/images_test/53778.jpg,0.3077
53779,,Tshirts,,,A2_FashionDataset/FashionDataset/test/images_test/53779.jpg,0.8955
53780,,Innerwear Vests,,,A2_FashionDataset/FashionDataset/test/images_test/53780.jpg,0.7743
53781,,Tshirts,,,A2_FashionDataset/FashionDataset/test/images_test/53781.jpg,0.7672
53782,,Tshirts,,,A2_FashionDataset/FashionDataset/test/images_test/53782.jpg,0.6302
53783,,Shirts,,,A2_FashionDataset/FashionDataset/test/images_test/53783.jpg,0.7995
53784,,Shirts,,,A2_FashionDataset/FashionDataset/test/images_test/53784.jpg,0.3944
53785,,Shirts,,,A2_FashionDataset/FashionDataset/test/images_test/53785.jpg,0.6306
53786,,Tshirts,,,A2_FashionDataset/FashionDataset/test/images_test/53786.jpg,0.7987
53787,,Tshirts,,,A2_FashionDataset/FashionDataset/test/images_test/53787.jpg,0.5122
53788,,Tshirts,,,A2_FashionDataset/FashionDataset/test/images_test/53788.jpg,0.7281
53791,,Tshirts,,,A2_FashionDataset/FashionDataset/test/images_test/53791.jpg,0.6828
53793,,Tshirts,,,A2_FashionDataset/FashionDataset/test/images_test/53793.jpg,0.7528
53794,,Tshirts,,,A2_FashionDataset/FashionDataset/test/images_test/53794.jpg,0.8179
53795,,Tshirts,,,A2_FashionDataset/FashionDataset/test/images_test/53795.jpg,0.804
53796,,Tshirts,,,A2_FashionDataset/FashionDataset/test/images_test/53796.jpg,0.74
53797,,Tshirts,,,A2_FashionDataset/FashionDataset/test/images_test/53797.jpg,0.6406
53798,,Tshirts,,,A2_FashionDataset/FashionDataset/test/images_test/53798.jpg,0.7403
53799,,Tshirts,,,A2_FashionDataset/FashionDataset/test/images_test/53799.jpg,0.7325
53800,,Tshirts,,,A2_FashionDataset/FashionDataset/test/images_test/53800.jpg,0.771
53801,,Tshirts,,,A2_FashionDataset/FashionDataset/test/images_test/53801.jpg,0.7799
53802,,Tshirts,,,A2_FashionDataset/FashionDataset/test/images_test/53802.jpg,0.7021
53803,,Tshirts,,,A2_FashionDataset/FashionDataset/test/images_test/53803.jpg,0.7868
53804,,Tshirts,,,A2_FashionDataset/FashionDataset/test/images_test/53804.jpg,0.813
53805,,Socks,,,A2_FashionDataset/FashionDataset/test/images_test/53805.jpg,0.1205
53806,,Socks,,,A2_FashionDataset/FashionDataset/test/images_test/53806.jpg,0.1374
53807,,Capris,,,A2_FashionDataset/FashionDataset/test/images_test/53807.jpg,0.2172
53808,,Kurtas,,,A2_FashionDataset/FashionDataset/test/images_test/53808.jpg,0.3877
53809,,Tops,,,A2_FashionDataset/FashionDataset/test/images_test/53809.jpg,0.0954
53810,,Kurtas,,,A2_FashionDataset/FashionDataset/test/images_test/53810.jpg,0.916
53811,,Kurtas,,,A2_FashionDataset/FashionDataset/test/images_test/53811.jpg,0.7839
53812,,Kurta Sets,,,A2_FashionDataset/FashionDataset/test/images_test/53812.jpg,0.8213
53813,,Kurtas,,,A2_FashionDataset/FashionDataset/test/images_test/53813.jpg,0.1575
53814,,Kurta Sets,,,A2_FashionDataset/FashionDataset/test/images_test/53814.jpg,0.8218
53815,,Kurtas,,,A2_FashionDataset/FashionDataset/test/images_test/53815.jpg,0.8359
53816,,Tunics,,,A2_FashionDataset/FashionDataset/test/images_test/53816.jpg,0.5238
53817,,Jumpsuit,,,A2_FashionDataset/FashionDataset/test/images_test/53817.jpg,0.4472
53818,,Kurtas,,,A2_FashionDataset/FashionDataset/test/images_test/53818.jpg,0.789
53819,,Kurtas,,,A2_FashionDataset/FashionDataset/test/images_test/53819.jpg,0.5161
53820,,Kurtis,,,A2_FashionDataset/FashionDataset/test/images_test/53820.jpg,0.4457
53822,,Tops,,,A2_FashionDataset/FashionDataset/test/images_test/53822.jpg,0.164
53823,,Kurtas,,,A2_FashionDataset/FashionDataset/test/images_test/53823.jpg,0.8346
53824,,Tops,,,A2_FashionDataset/FashionDataset/test/images_test/53824.jpg,0.175
53825,,Kurta Sets,,,A2_FashionDataset/FashionDataset/test/images_test/53825.jpg,0.7832
53826,,Kurtas,,,A2_FashionDataset/FashionDataset/test/images_test/53826.jpg,0.1722
53829,,Kurtas,,,A2_FashionDataset/FashionDataset/test/images_test/53829.jpg,0.6411
53830,,Kurtas,,,A2_FashionDataset/FashionDataset/test/images_test/53830.jpg,0.899
53832,,Kurtas,,,A2_FashionDataset/FashionDataset/test/images_test/53832.jpg,0.5176
53833,,Kurtas,,,A2_FashionDataset/FashionDataset/test/images_test/53833.jpg,0.8023
53834,,Kurtas,,,A2_FashionDataset/FashionDataset/test/images_test/53834.jpg,0.5363
53835,,Kurtas,,,A2_FashionDataset/FashionDataset/test/images_test/53835.jpg,0.7189
53836,,Kurtas,,,A2_FashionDataset/FashionDataset/test/images_test/53836.jpg,0.6407
53837,,Kurtas,,,A2_FashionDataset/FashionDataset/test/images_test/53837.jpg,0.7456
53838,,Kurtas,,,A2_FashionDataset/FashionDataset/test/images_test/53838.jpg,0.6261
53839,,Kurtas,,,A2_FashionDataset/FashionDataset/test/images_test/53839.jpg,0.761
53840,,Kurtas,,,A2_FashionDataset/FashionDataset/test/images_test/53840.jpg,0.4356
53841,,Kurtas,,,A2_FashionDataset/FashionDataset/test/images_test/53841.jpg,0.799
53842,,Kurtas,,,A2_FashionDataset/FashionDataset/test/images_test/53842.jpg,0.7901
53843,,Kurtas,,,A2_FashionDataset/FashionDataset/test/images_test/53843.jpg,0.5111
53849,,Kurtas,,,A2_FashionDataset/FashionDataset/test/images_test/53849.jpg,0.4579
53850,,Kurtas,,,A2_FashionDataset/FashionDataset/test/images_test/53850.jpg,0.8197
53851,,Kurtas,,,A2_FashionDataset/FashionDataset/test/images_test/53851.jpg,0.8494
53852,,Kurtas,,,A2_FashionDataset/FashionDataset/test/images_test/53852.jpg,0.7815
53856,,Kurtas,,,A2_FashionDataset/FashionDataset/test/images_test/53856.jpg,0.923
53857,,Kurtas,,,A2_FashionDataset/FashionDataset/test/images_test/53857.jpg,0.7742
53859,,Kurtas,,,A2_FashionDataset/FashionDataset/test/images_test/53859.jpg,0.7925
53861,,Kurtas,,,A2_FashionDataset/FashionDataset/test/images_test/53861.jpg,0.9491
53863,,Kurtas,,,A2_FashionDataset/FashionDataset/test/images_test/53863.jpg,0.5327
53864,,Kurtas,,,A2_FashionDataset/FashionDataset/test/images_test/53864.jpg,0.3641
53866,,Tunics,,,A2_FashionDataset/FashionDataset/test/images_test/53866.jpg,0.1651
53867,,Heels,,,A2_FashionDataset/FashionDataset/test/images_test/53867.jpg,0.5028
53868,,Heels,,,A2_FashionDataset/FashionDataset/test/images_test/53868.jpg,0.4845
53869,,Flats,,,A2_FashionDataset/FashionDataset/test/images_test/53869.jpg,0.6093
53870,,Flats,,,A2_FashionDataset/FashionDataset/test/images_test/53870.jpg,0.8419
53871,,Watches,,,A2_FashionDataset/FashionDataset/test/images_test/53871.jpg,0.8311
53872,,Sports Shoes,,,A2_FashionDataset/FashionDataset/test/images_test/53872.jpg,0.9357
53873,,Sports Shoes,,,A2_FashionDataset/FashionDataset/test/images_test/53873.jpg,0.8309
53874,,Sports Shoes,,,A2_FashionDataset/FashionDataset/test/images_test/53874.jpg,0.8217
53875,,Flip Flops,,,A2_FashionDataset/FashionDataset/test/images_test/53875.jpg,0.8121
53876,,Flip Flops,,,A2_FashionDataset/FashionDataset/test/images_test/53876.jpg,0.926
53877,,Flip Flops,,,A2_FashionDataset/FashionDataset/test/images_test/53877.jpg,0.9166
53878,,Flip Flops,,,A2_FashionDataset/FashionDataset/test/images_test/53878.jpg,0.9595
53879,,Flip Flops,,,A2_FashionDataset/FashionDataset/test/images_test/53879.jpg,0.9453
53880,,Flip Flops,,,A2_FashionDataset/FashionDataset/test/images_test/53880.jpg,0.9052
53881,,Flip Flops,,,A2_FashionDataset/FashionDataset/test/images_test/53881.jpg,0.774
53882,,Flip Flops,,,A2_FashionDataset/FashionDataset/test/images_test/53882.jpg,0.7456
53883,,Flip Flops,,,A2_FashionDataset/FashionDataset/test/images_test/53883.jpg,0.9152
53884,,Handbags,,,A2_FashionDataset/FashionDataset/test/images_test/53884.jpg,0.8116
53886,,Handbags,,,A2_FashionDataset/FashionDataset/test/images_test/53886.jpg,0.9464
53887,,Handbags,,,A2_FashionDataset/FashionDataset/test/images_test/53887.jpg,0.6933
53888,,Handbags,,,A2_FashionDataset/FashionDataset/test/images_test/53888.jpg,0.7328
53889,,Handbags,,,A2_FashionDataset/FashionDataset/test/images_test/53889.jpg,0.8736
53890,,Handbags,,,A2_FashionDataset/FashionDataset/test/images_test/53890.jpg,0.7923
53891,,Handbags,,,A2_FashionDataset/FashionDataset/test/images_test/53891.jpg,0.8859
53892,,Handbags,,,A2_FashionDataset/FashionDataset/test/images_test/53892.jpg,0.514
53893,,Handbags,,,A2_FashionDataset/FashionDataset/test/images_test/53893.jpg,0.8088
53894,,Handbags,,,A2_FashionDataset/FashionDataset/test/images_test/53894.jpg,0.7624
53895,,Handbags,,,A2_FashionDataset/FashionDataset/test/images_test/53895.jpg,0.4295
53896,,Handbags,,,A2_FashionDataset/FashionDataset/test/images_test/53896.jpg,0.8396
53897,,Handbags,,,A2_FashionDataset/FashionDataset/test/images_test/53897.jpg,0.7857
53900,,Handbags,,,A2_FashionDataset/FashionDataset/test/images_test/53900.jpg,0.7911
53902,,Handbags,,,A2_FashionDataset/FashionDataset/test/images_test/53902.jpg,0.8737
53905,,Handbags,,,A2_FashionDataset/FashionDataset/test/images_test/53905.jpg,0.9245
53907,,Handbags,,,A2_FashionDataset/FashionDataset/test/images_test/53907.jpg,0.8648
53911,,Handbags,,,A2_FashionDataset/FashionDataset/test/images_test/53911.jpg,0.6544
53914,,Handbags,,,A2_FashionDataset/FashionDataset/test/images_test/53914.jpg,0.7645
53918,,Handbags,,,A2_FashionDataset/FashionDataset/test/images_test/53918.jpg,0.9094
53921,,Handbags,,,A2_FashionDataset/FashionDataset/test/images_test/53921.jpg,0.793
53927,,Handbags,,,A2_FashionDataset/FashionDataset/test/images_test/53927.jpg,0.908
53928,,Handbags,,,A2_FashionDataset/FashionDataset/test/images_test/53928.jpg,0.8665
53930,,Handbags,,,A2_FashionDataset/FashionDataset/test/images_test/53930.jpg,0.9199
53931,,Handbags,,,A2_FashionDataset/FashionDataset/test/images_test/53931.jpg,0.9785
53934,,Handbags,,,A2_FashionDataset/FashionDataset/test/images_test/53934.jpg,0.9325
53935,,Handbags,,,A2_FashionDataset/FashionDataset/test/images_test/53935.jpg,0.9166
53941,,Handbags,,,A2_FashionDataset/FashionDataset/test/images_test/53941.jpg,0.9625
53942,,Handbags,,,A2_FashionDataset/FashionDataset/test/images_test/53942.jpg,0.8655
53943,,Handbags,,,A2_FashionDataset/FashionDataset/test/images_test/53943.jpg,0.7459
53944,,Handbags,,,A2_FashionDataset/FashionDataset/test/images_test/53944.jpg,0.8682
53946,,Handbags,,,A2_FashionDataset/FashionDataset/test/images_test/53946.jpg,0.9588
53961,,Handbags,,,A2_FashionDataset/FashionDataset/test/images_test/53961.jpg,0.9773
53963,,Handbags,,,A2_FashionDataset/FashionDataset/test/images_test/53963.jpg,0.9285
53964,,Handbags,,,A2_FashionDataset/FashionDataset/test/images_test/53964.jpg,0.9232
53979,,Handbags,,,A2_FashionDataset/FashionDataset/test/images_test/53979.jpg,0.9534
53981,,Handbags,,,A2_FashionDataset/FashionDataset/test/images_test/53981.jpg,0.9278
53985,,Handbags,,,A2_FashionDataset/FashionDataset/test/images_test/53985.jpg,0.865
53990,,Handbags,,,A2_FashionDataset/FashionDataset/test/images_test/53990.jpg,0.5172
53991,,Handbags,,,A2_FashionDataset/FashionDataset/test/images_test/53991.jpg,0.9518
53994,,Handbags,,,A2_FashionDataset/FashionDataset/test/images_test/53994.jpg,0.582
53997,,Handbags,,,A2_FashionDataset/FashionDataset/test/images_test/53997.jpg,0.8776
53999,,Handbags,,,A2_FashionDataset/FashionDataset/test/images_test/53999.jpg,0.8623
54000,,Handbags,,,A2_FashionDataset/FashionDataset/test/images_test/54000.jpg,0.986
54002,,Handbags,,,A2_FashionDataset/FashionDataset/test/images_test/54002.jpg,0.8402
54003,,Handbags,,,A2_FashionDataset/FashionDataset/test/images_test/54003.jpg,0.9453
54007,,Handbags,,,A2_FashionDataset/FashionDataset/test/images_test/54007.jpg,0.7767
54008,,Handbags,,,A2_FashionDataset/FashionDataset/test/images_test/54008.jpg,0.8647
54009,,Handbags,,,A2_FashionDataset/FashionDataset/test/images_test/54009.jpg,0.5634
54014,,Handbags,,,A2_FashionDataset/FashionDataset/test/images_test/54014.jpg,0.7488
54016,,Handbags,,,A2_FashionDataset/FashionDataset/test/images_test/54016.jpg,0.4606
54017,,Handbags,,,A2_FashionDataset/FashionDataset/test/images_test/54017.jpg,0.6103
54018,,Handbags,,,A2_FashionDataset/FashionDataset/test/images_test/54018.jpg,0.352
54019,,Handbags,,,A2_FashionDataset/FashionDataset/test/images_test/54019.jpg,0.4206
54020,,Handbags,,,A2_FashionDataset/FashionDataset/test/images_test/54020.jpg,0.7487
54031,,Handbags,,,A2_FashionDataset/FashionDataset/test/images_test/54031.jpg,0.7019
54032,,Clutches,,,A2_FashionDataset/FashionDataset/test/images_test/54032.jpg,0.3554
54033,,Messenger Bag,,,A2_FashionDataset/FashionDataset/test/images_test/54033.jpg,0.4365
54035,,Handbags,,,A2_FashionDataset/FashionDataset/test/images_test/54035.jpg,0.4728
54036,,Handbags,,,A2_FashionDataset/FashionDataset/test/images_test/54036.jpg,0.9458
54040,,Handbags,,,A2_FashionDataset/FashionDataset/test/images_test/54040.jpg,0.9364
54041,,Handbags,,,A2_FashionDataset/FashionDataset/test/images_test/54041.jpg,0.9179
54049,,Jeggings,,,A2_FashionDataset/FashionDataset/test/images_test/54049.jpg,0.4237
54050,,Jeggings,,,A2_FashionDataset/FashionDataset/test/images_test/54050.jpg,0.6666
54051,,Jeggings,,,A2_FashionDataset/FashionDataset/test/images_test/54051.jpg,0.5299
54052,,Leggings,,,A2_FashionDataset/FashionDataset/test/images_test/54052.jpg,0.3946
54053,,Leggings,,,A2_FashionDataset/FashionDataset/test/images_test/54053.jpg,0.9953
54054,,Leggings,,,A2_FashionDataset/FashionDataset/test/images_test/54054.jpg,0.5573
54055,,Leggings,,,A2_FashionDataset/FashionDataset/test/images_test/54055.jpg,0.8715
54056,,Leggings,,,A2_FashionDataset/FashionDataset/test/images_test/54056.jpg,0.5285
54057,,Leggings,,,A2_FashionDataset/FashionDataset/test/images_test/54057.jpg,0.9348
54058,,Leggings,,,A2_FashionDataset/FashionDataset/test/images_test/54058.jpg,0.4298
54059,,Leggings,,,A2_FashionDataset/FashionDataset/test/images_test/54059.jpg,0.8787
54060,,Jeggings,,,A2_FashionDataset/FashionDataset/test/images_test/54060.jpg,0.3956
54061,,Deodorant,,,A2_FashionDataset/FashionDataset/test/images_test/54061.jpg,0.954
54062,,Deodorant,,,A2_FashionDataset/FashionDataset/test/images_test/54062.jpg,0.9286
54063,,Deodorant,,,A2_FashionDataset/FashionDataset/test/images_test/54063.jpg,0.9705
54064,,Deodorant,,,A2_FashionDataset/FashionDataset/test/images_test/54064.jpg,0.9665
54065,,Casual Shoes,,,A2_FashionDataset/FashionDataset/test/images_test/54065.jpg,0.8318
54066,,Casual Shoes,,,A2_FashionDataset/FashionDataset/test/images_test/54066.jpg,0.8087
54068,,Casual Shoes,,,A2_FashionDataset/FashionDataset/test/images_test/54068.jpg,0.5911
54069,,Sandals,,,A2_FashionDataset/FashionDataset/test/images_test/54069.jpg,0.4012
54070,,Sports Shoes,,,A2_FashionDataset/FashionDataset/test/images_test/54070.jpg,0.8689
54071,,Sports Shoes,,,A2_FashionDataset/FashionDataset/test/images_test/54071.jpg,0.9218
54072,,Sports Shoes,,,A2_FashionDataset/FashionDataset/test/images_test/54072.jpg,0.9366
54073,,Sports Shoes,,,A2_FashionDataset/FashionDataset/test/images_test/54073.jpg,0.9438
54076,,Casual Shoes,,,A2_FashionDataset/FashionDataset/test/images_test/54076.jpg,0.8228
54077,,Heels,,,A2_FashionDataset/FashionDataset/test/images_test/54077.jpg,0.3903
54078,,Sports Shoes,,,A2_FashionDataset/FashionDataset/test/images_test/54078.jpg,0.9154
54079,,Kurtis,,,A2_FashionDataset/FashionDataset/test/images_test/54079.jpg,0.3085
54080,,Dresses,,,A2_FashionDataset/FashionDataset/test/images_test/54080.jpg,0.2438
54081,,Kurtis,,,A2_FashionDataset/FashionDataset/test/images_test/54081.jpg,0.4909
54082,,Shirts,,,A2_FashionDataset/FashionDataset/test/images_test/54082.jpg,0.4281
54083,,Kurtis,,,A2_FashionDataset/FashionDataset/test/images_test/54083.jpg,0.6979
54084,,Tops,,,A2_FashionDataset/FashionDataset/test/images_test/54084.jpg,0.2441
54086,,Kurtis,,,A2_FashionDataset/FashionDataset/test/images_test/54086.jpg,0.6553
54087,,Tops,,,A2_FashionDataset/FashionDataset/test/images_test/54087.jpg,0.645
54088,,Tops,,,A2_FashionDataset/FashionDataset/test/images_test/54088.jpg,0.4224
54089,,Tops,,,A2_FashionDataset/FashionDataset/test/images_test/54089.jpg,0.3452
54090,,Kurtis,,,A2_FashionDataset/FashionDataset/test/images_test/54090.jpg,0.1985
54095,,Caps,,,A2_FashionDataset/FashionDataset/test/images_test/54095.jpg,0.772
54103,,Heels,,,A2_FashionDataset/FashionDataset/test/images_test/54103.jpg,0.7778
54104,,Heels,,,A2_FashionDataset/FashionDataset/test/images_test/54104.jpg,0.6529
54105,,Heels,,,A2_FashionDataset/FashionDataset/test/images_test/54105.jpg,0.9681
54106,,Flats,,,A2_FashionDataset/FashionDataset/test/images_test/54106.jpg,0.6303
54107,,Heels,,,A2_FashionDataset/FashionDataset/test/images_test/54107.jpg,0.5433
54108,,Heels,,,A2_FashionDataset/FashionDataset/test/images_test/54108.jpg,0.3772
54109,,Heels,,,A2_FashionDataset/FashionDataset/test/images_test/54109.jpg,0.6175
54110,,Flats,,,A2_FashionDataset/FashionDataset/test/images_test/54110.jpg,0.6921
54111,,Flats,,,A2_FashionDataset/FashionDataset/test/images_test/54111.jpg,0.6064
54112,,Flats,,,A2_FashionDataset/FashionDataset/test/images_test/54112.jpg,0.9563
54113,,Heels,,,A2_FashionDataset/FashionDataset/test/images_test/54113.jpg,0.5298
54114,,Flats,,,A2_FashionDataset/FashionDataset/test/images_test/54114.jpg,0.5648
54115,,Flats,,,A2_FashionDataset/FashionDataset/test/images_test/54115.jpg,0.5664
54116,,Flats,,,A2_FashionDataset/FashionDataset/test/images_test/54116.jpg,0.9482
54117,,Flats,,,A2_FashionDataset/FashionDataset/test/images_test/54117.jpg,0.6257
54118,,Flats,,,A2_FashionDataset/FashionDataset/test/images_test/54118.jpg,0.6101
54119,,Flats,,,A2_FashionDataset/FashionDataset/test/images_test/54119.jpg,0.8251
54120,,Flats,,,A2_FashionDataset/FashionDataset/test/images_test/54120.jpg,0.5207
54121,,Flats,,,A2_FashionDataset/FashionDataset/test/images_test/54121.jpg,0.7784
54122,,Flats,,,A2_FashionDataset/FashionDataset/test/images_test/54122.jpg,0.6047
54123,,Heels,,,A2_FashionDataset/FashionDataset/test/images_test/54123.jpg,0.6079
54124,,Flats,,,A2_FashionDataset/FashionDataset/test/images_test/54124.jpg,0.8198
54125,,Flats,,,A2_FashionDataset/FashionDataset/test/images_test/54125.jpg,0.8535
54126,,Heels,,,A2_FashionDataset/FashionDataset/test/images_test/54126.jpg,0.9733
54127,,Heels,,,A2_FashionDataset/FashionDataset/test/images_test/54127.jpg,0.9107
54128,,Heels,,,A2_FashionDataset/FashionDataset/test/images_test/54128.jpg,0.947
54129,,Flats,,,A2_FashionDataset/FashionDataset/test/images_test/54129.jpg,0.55
54130,,Flats,,,A2_FashionDataset/FashionDataset/test/images_test/54130.jpg,0.5675
54131,,Flats,,,A2_FashionDataset/FashionDataset/test/images_test/54131.jpg,0.6052
54132,,Flats,,,A2_FashionDataset/FashionDataset/test/images_test/54132.jpg,0.6138
54133,,Heels,,,A2_FashionDataset/FashionDataset/test/images_test/54133.jpg,0.7241
54134,,Heels,,,A2_FashionDataset/FashionDataset/test/images_test/54134.jpg,0.6644
54135,,Flats,,,A2_FashionDataset/FashionDataset/test/images_test/54135.jpg,0.8886
54136,,Flats,,,A2_FashionDataset/FashionDataset/test/images_test/54136.jpg,0.5044
54137,,Heels,,,A2_FashionDataset/FashionDataset/test/images_test/54137.jpg,0.5341
54138,,Flats,,,A2_FashionDataset/FashionDataset/test/images_test/54138.jpg,0.532
54139,,Flats,,,A2_FashionDataset/FashionDataset/test/images_test/54139.jpg,0.8006
54140,,Flats,,,A2_FashionDataset/FashionDataset/test/images_test/54140.jpg,0.8177
54141,,Heels,,,A2_FashionDataset/FashionDataset/test/images_test/54141.jpg,0.4816
54142,,Heels,,,A2_FashionDataset/FashionDataset/test/images_test/54142.jpg,0.8741
54143,,Heels,,,A2_FashionDataset/FashionDataset/test/images_test/54143.jpg,0.6621
54144,,Heels,,,A2_FashionDataset/FashionDataset/test/images_test/54144.jpg,0.4801
54145,,Flats,,,A2_FashionDataset/FashionDataset/test/images_test/54145.jpg,0.8102
54146,,Tops,,,A2_FashionDataset/FashionDataset/test/images_test/54146.jpg,0.9766
54147,,Necklace and Chains,,,A2_FashionDataset/FashionDataset/test/images_test/54147.jpg,0.9401
54148,,Necklace and Chains,,,A2_FashionDataset/FashionDataset/test/images_test/54148.jpg,0.989
54149,,Pendant,,,A2_FashionDataset/FashionDataset/test/images_test/54149.jpg,0.7639
54150,,Necklace and Chains,,,A2_FashionDataset/FashionDataset/test/images_test/54150.jpg,0.991
54151,,Necklace and Chains,,,A2_FashionDataset/FashionDataset/test/images_test/54151.jpg,0.6144
54152,,Necklace and Chains,,,A2_FashionDataset/FashionDataset/test/images_test/54152.jpg,0.836
54153,,Necklace and Chains,,,A2_FashionDataset/FashionDataset/test/images_test/54153.jpg,0.9924
54154,,Pendant,,,A2_FashionDataset/FashionDataset/test/images_test/54154.jpg,0.6257
54155,,Necklace and Chains,,,A2_FashionDataset/FashionDataset/test/images_test/54155.jpg,0.9947
54156,,Necklace and Chains,,,A2_FashionDataset/FashionDataset/test/images_test/54156.jpg,0.643
54157,,Necklace and Chains,,,A2_FashionDataset/FashionDataset/test/images_test/54157.jpg,0.9929
54158,,Necklace and Chains,,,A2_FashionDataset/FashionDataset/test/images_test/54158.jpg,0.6778
54159,,Necklace and Chains,,,A2_FashionDataset/FashionDataset/test/images_test/54159.jpg,0.9566
54160,,Pendant,,,A2_FashionDataset/FashionDataset/test/images_test/54160.jpg,0.7734
54161,,Pendant,,,A2_FashionDataset/FashionDataset/test/images_test/54161.jpg,0.2367
54162,,Necklace and Chains,,,A2_FashionDataset/FashionDataset/test/images_test/54162.jpg,0.8911
54163,,Necklace and Chains,,,A2_FashionDataset/FashionDataset/test/images_test/54163.jpg,0.6261
54164,,Necklace and Chains,,,A2_FashionDataset/FashionDataset/test/images_test/54164.jpg,0.7205
54165,,Necklace and Chains,,,A2_FashionDataset/FashionDataset/test/images_test/54165.jpg,0.9271
54166,,Necklace and Chains,,,A2_FashionDataset/FashionDataset/test/images_test/54166.jpg,0.9278
54167,,Necklace and Chains,,,A2_FashionDataset/FashionDataset/test/images_test/54167.jpg,0.5846
54168,,Necklace and Chains,,,A2_FashionDataset/FashionDataset/test/images_test/54168.jpg,0.5782
54169,,Pendant,,,A2_FashionDataset/FashionDataset/test/images_test/54169.jpg,0.5026
54170,,Necklace and Chains,,,A2_FashionDataset/FashionDataset/test/images_test/54170.jpg,0.9733
54171,,Pendant,,,A2_FashionDataset/FashionDataset/test/images_test/54171.jpg,0.7073
54172,,Necklace and Chains,,,A2_FashionDataset/FashionDataset/test/images_test/54172.jpg,0.9599
54173,,Necklace and Chains,,,A2_FashionDataset/FashionDataset/test/images_test/54173.jpg,0.422
54174,,Pendant,,,A2_FashionDataset/FashionDataset/test/images_test/54174.jpg,0.8147
54175,,Pendant,,,A2_FashionDataset/FashionDataset/test/images_test/54175.jpg,0.2336
54176,,Pendant,,,A2_FashionDataset/FashionDataset/test/images_test/54176.jpg,0.6117
54177,,Handbags,,,A2_FashionDataset/FashionDataset/test/images_test/54177.jpg,0.7534
54178,,Handbags,,,A2_FashionDataset/FashionDataset/test/images_test/54178.jpg,0.8562
54182,,Handbags,,,A2_FashionDataset/FashionDataset/test/images_test/54182.jpg,0.9142
54183,,Handbags,,,A2_FashionDataset/FashionDataset/test/images_test/54183.jpg,0.8281
54185,,Backpacks,,,A2_FashionDataset/FashionDataset/test/images_test/54185.jpg,0.8881
54186,,Briefs,,,A2_FashionDataset/FashionDataset/test/images_test/54186.jpg,0.8963
54187,,Briefs,,,A2_FashionDataset/FashionDataset/test/images_test/54187.jpg,0.9041
54188,,Briefs,,,A2_FashionDataset/FashionDataset/test/images_test/54188.jpg,0.7987
54189,,Briefs,,,A2_FashionDataset/FashionDataset/test/images_test/54189.jpg,0.9582
54192,,Trousers,,,A2_FashionDataset/FashionDataset/test/images_test/54192.jpg,0.9967
54194,,Trousers,,,A2_FashionDataset/FashionDataset/test/images_test/54194.jpg,0.8164
54200,,Shorts,,,A2_FashionDataset/FashionDataset/test/images_test/54200.jpg,0.9691
54202,,Shirts,,,A2_FashionDataset/FashionDataset/test/images_test/54202.jpg,0.8937
54225,,Trousers,,,A2_FashionDataset/FashionDataset/test/images_test/54225.jpg,0.9943
54226,,Trousers,,,A2_FashionDataset/FashionDataset/test/images_test/54226.jpg,0.2674
54228,,Flats,,,A2_FashionDataset/FashionDataset/test/images_test/54228.jpg,0.9274
54229,,Handbags,,,A2_FashionDataset/FashionDataset/test/images_test/54229.jpg,0.9265
54252,,Shirts,,,A2_FashionDataset/FashionDataset/test/images_test/54252.jpg,0.503
54280,,Shirts,,,A2_FashionDataset/FashionDataset/test/images_test/54280.jpg,0.7354
54302,,Bra,,,A2_FashionDataset/FashionDataset/test/images_test/54302.jpg,0.95
54303,,Briefs,,,A2_FashionDataset/FashionDataset/test/images_test/54303.jpg,0.968
54304,,Briefs,,,A2_FashionDataset/FashionDataset/test/images_test/54304.jpg,0.937
54305,,Bra,,,A2_FashionDataset/FashionDataset/test/images_test/54305.jpg,0.8634
54306,,Briefs,,,A2_FashionDataset/FashionDataset/test/images_test/54306.jpg,0.9625
54307,,Briefs,,,A2_FashionDataset/FashionDataset/test/images_test/54307.jpg,0.8215
54311,,Briefs,,,A2_FashionDataset/FashionDataset/test/images_test/54311.jpg,0.813
54318,,Bra,,,A2_FashionDataset/FashionDataset/test/images_test/54318.jpg,0.9201
54319,,Briefs,,,A2_FashionDataset/FashionDataset/test/images_test/54319.jpg,0.9063
54320,,Briefs,,,A2_FashionDataset/FashionDataset/test/images_test/54320.jpg,0.9784
54325,,Bra,,,A2_FashionDataset/FashionDataset/test/images_test/54325.jpg,0.969
54326,,Briefs,,,A2_FashionDataset/FashionDataset/test/images_test/54326.jpg,0.6586
54327,,Bra,,,A2_FashionDataset/FashionDataset/test/images_test/54327.jpg,0.7589
54328,,Briefs,,,A2_FashionDataset/FashionDataset/test/images_test/54328.jpg,0.964
54329,,Briefs,,,A2_FashionDataset/FashionDataset/test/images_test/54329.jpg,0.9904
54330,,Briefs,,,A2_FashionDataset/FashionDataset/test/images_test/54330.jpg,0.7523
54332,,Briefs,,,A2_FashionDataset/FashionDataset/test/images_test/54332.jpg,0.9125
54334,,Trousers,,,A2_FashionDataset/FashionDataset/test/images_test/54334.jpg,0.4704
54338,,Tops,,,A2_FashionDataset/FashionDataset/test/images_test/54338.jpg,0.9764
54339,,Socks,,,A2_FashionDataset/FashionDataset/test/images_test/54339.jpg,0.9053
54340,,Socks,,,A2_FashionDataset/FashionDataset/test/images_test/54340.jpg,0.8895
54341,,Socks,,,A2_FashionDataset/FashionDataset/test/images_test/54341.jpg,0.8537
54342,,Leggings,,,A2_FashionDataset/FashionDataset/test/images_test/54342.jpg,0.6643
54343,,Casual Shoes,,,A2_FashionDataset/FashionDataset/test/images_test/54343.jpg,0.2113
54344,,Casual Shoes,,,A2_FashionDataset/FashionDataset/test/images_test/54344.jpg,0.2544
54345,,Socks,,,A2_FashionDataset/FashionDataset/test/images_test/54345.jpg,0.8993
54346,,Socks,,,A2_FashionDataset/FashionDataset/test/images_test/54346.jpg,0.9286
54375,,Earrings,,,A2_FashionDataset/FashionDataset/test/images_test/54375.jpg,0.8388
54380,,Handbags,,,A2_FashionDataset/FashionDataset/test/images_test/54380.jpg,0.7657
54381,,Wallets,,,A2_FashionDataset/FashionDataset/test/images_test/54381.jpg,0.8946
54382,,Handbags,,,A2_FashionDataset/FashionDataset/test/images_test/54382.jpg,0.6375
54383,,Wallets,,,A2_FashionDataset/FashionDataset/test/images_test/54383.jpg,0.9007
54384,,Handbags,,,A2_FashionDataset/FashionDataset/test/images_test/54384.jpg,0.9591
54385,,Clutches,,,A2_FashionDataset/FashionDataset/test/images_test/54385.jpg,0.5557
54386,,Handbags,,,A2_FashionDataset/FashionDataset/test/images_test/54386.jpg,0.9107
54387,,Handbags,,,A2_FashionDataset/FashionDataset/test/images_test/54387.jpg,0.8465
54388,,Handbags,,,A2_FashionDataset/FashionDataset/test/images_test/54388.jpg,0.7507
54389,,Wallets,,,A2_FashionDataset/FashionDataset/test/images_test/54389.jpg,0.8927
54390,,Wallets,,,A2_FashionDataset/FashionDataset/test/images_test/54390.jpg,0.8221
54391,,Handbags,,,A2_FashionDataset/FashionDataset/test/images_test/54391.jpg,0.9877
54392,,Handbags,,,A2_FashionDataset/FashionDataset/test/images_test/54392.jpg,0.7595
54393,,Handbags,,,A2_FashionDataset/FashionDataset/test/images_test/54393.jpg,0.896
54394,,Handbags,,,A2_FashionDataset/FashionDataset/test/images_test/54394.jpg,0.8425
54395,,Wallets,,,A2_FashionDataset/FashionDataset/test/images_test/54395.jpg,0.8909
54396,,Clutches,,,A2_FashionDataset/FashionDataset/test/images_test/54396.jpg,0.2015
54397,,Handbags,,,A2_FashionDataset/FashionDataset/test/images_test/54397.jpg,0.6201
54398,,Handbags,,,A2_FashionDataset/FashionDataset/test/images_test/54398.jpg,0.8944
54399,,Wallets,,,A2_FashionDataset/FashionDataset/test/images_test/54399.jpg,0.8104
54400,,Clutches,,,A2_FashionDataset/FashionDataset/test/images_test/54400.jpg,0.4658
54401,,Wallets,,,A2_FashionDataset/FashionDataset/test/images_test/54401.jpg,0.6845
54402,,Wallets,,,A2_FashionDataset/FashionDataset/test/images_test/54402.jpg,0.8983
54403,,Wallets,,,A2_FashionDataset/FashionDataset/test/images_test/54403.jpg,0.8962
54404,,Wallets,,,A2_FashionDataset/FashionDataset/test/images_test/54404.jpg,0.9292
54405,,Wallets,,,A2_FashionDataset/FashionDataset/test/images_test/54405.jpg,0.8975
54406,,Handbags,,,A2_FashionDataset/FashionDataset/test/images_test/54406.jpg,0.9099
54407,,Handbags,,,A2_FashionDataset/FashionDataset/test/images_test/54407.jpg,0.7063
54408,,Handbags,,,A2_FashionDataset/FashionDataset/test/images_test/54408.jpg,0.5278
54409,,Handbags,,,A2_FashionDataset/FashionDataset/test/images_test/54409.jpg,0.866
54410,,Wallets,,,A2_FashionDataset/FashionDataset/test/images_test/54410.jpg,0.7863
54411,,Wallets,,,A2_FashionDataset/FashionDataset/test/images_test/54411.jpg,0.6244
54412,,Clutches,,,A2_FashionDataset/FashionDataset/test/images_test/54412.jpg,0.4979
54475,,Handbags,,,A2_FashionDataset/FashionDataset/test/images_test/54475.jpg,0.7325
54476,,Accessory Gift Set,,,A2_FashionDataset/FashionDataset/test/images_test/54476.jpg,0.2257
54477,,Briefs,,,A2_FashionDataset/FashionDataset/test/images_test/54477.jpg,0.9683
54478,,Briefs,,,A2_FashionDataset/FashionDataset/test/images_test/54478.jpg,0.9536
54479,,Briefs,,,A2_FashionDataset/FashionDataset/test/images_test/54479.jpg,0.9698
54480,,Briefs,,,A2_FashionDataset/FashionDataset/test/images_test/54480.jpg,0.961
54481,,Briefs,,,A2_FashionDataset/FashionDataset/test/images_test/54481.jpg,0.9707
54482,,Briefs,,,A2_FashionDataset/FashionDataset/test/images_test/54482.jpg,0.8858
54483,,Briefs,,,A2_FashionDataset/FashionDataset/test/images_test/54483.jpg,0.8953
54484,,Briefs,,,A2_FashionDataset/FashionDataset/test/images_test/54484.jpg,0.8272
54485,,Briefs,,,A2_FashionDataset/FashionDataset/test/images_test/54485.jpg,0.8534
54486,,Briefs,,,A2_FashionDataset/FashionDataset/test/images_test/54486.jpg,0.9031
54487,,Backpacks,,,A2_FashionDataset/FashionDataset/test/images_test/54487.jpg,0.6455
54488,,Backpacks,,,A2_FashionDataset/FashionDataset/test/images_test/54488.jpg,0.1776
54489,,Waist Pouch,,,A2_FashionDataset/FashionDataset/test/images_test/54489.jpg,0.224
54490,,Backpacks,,,A2_FashionDataset/FashionDataset/test/images_test/54490.jpg,0.668
54491,,Handbags,,,A2_FashionDataset/FashionDataset/test/images_test/54491.jpg,0.9239
54492,,Handbags,,,A2_FashionDataset/FashionDataset/test/images_test/54492.jpg,0.9619
54493,,Handbags,,,A2_FashionDataset/FashionDataset/test/images_test/54493.jpg,0.9516
54494,,Handbags,,,A2_FashionDataset/FashionDataset/test/images_test/54494.jpg,0.9052
54495,,Handbags,,,A2_FashionDataset/FashionDataset/test/images_test/54495.jpg,0.7397
54496,,Handbags,,,A2_FashionDataset/FashionDataset/test/images_test/54496.jpg,0.971
54497,,Handbags,,,A2_FashionDataset/FashionDataset/test/images_test/54497.jpg,0.7042
54498,,Handbags,,,A2_FashionDataset/FashionDataset/test/images_test/54498.jpg,0.9812
54499,,Handbags,,,A2_FashionDataset/FashionDataset/test/images_test/54499.jpg,0.5973
54500,,Messenger Bag,,,A2_FashionDataset/FashionDataset/test/images_test/54500.jpg,0.7252
54501,,Handbags,,,A2_FashionDataset/FashionDataset/test/images_test/54501.jpg,0.923
54502,,Laptop Bag,,,A2_FashionDataset/FashionDataset/test/images_test/54502.jpg,0.7108
54503,,Backpacks,,,A2_FashionDataset/FashionDataset/test/images_test/54503.jpg,0.9222
54504,,Handbags,,,A2_FashionDataset/FashionDataset/test/images_test/54504.jpg,0.9293
54505,,Messenger Bag,,,A2_FashionDataset/FashionDataset/test/images_test/54505.jpg,0.2801
54506,,Handbags,,,A2_FashionDataset/FashionDataset/test/images_test/54506.jpg,0.9443
54507,,Messenger Bag,,,A2_FashionDataset/FashionDataset/test/images_test/54507.jpg,0.6929
54508,,Handbags,,,A2_FashionDataset/FashionDataset/test/images_test/54508.jpg,0.7765
54509,,Handbags,,,A2_FashionDataset/FashionDataset/test/images_test/54509.jpg,0.6924
54510,,Handbags,,,A2_FashionDataset/FashionDataset/test/images_test/54510.jpg,0.7585
54511,,Handbags,,,A2_FashionDataset/FashionDataset/test/images_test/54511.jpg,0.9101
54512,,Handbags,,,A2_FashionDataset/FashionDataset/test/images_test/54512.jpg,0.7287
54513,,Casual Shoes,,,A2_FashionDataset/FashionDataset/test/images_test/54513.jpg,0.8899
54514,,Casual Shoes,,,A2_FashionDataset/FashionDataset/test/images_test/54514.jpg,0.8283
54515,,Casual Shoes,,,A2_FashionDataset/FashionDataset/test/images_test/54515.jpg,0.8532
54516,,Casual Shoes,,,A2_FashionDataset/FashionDataset/test/images_test/54516.jpg,0.5047
54517,,Casual Shoes,,,A2_FashionDataset/FashionDataset/test/images_test/54517.jpg,0.8037
54518,,Casual Shoes,,,A2_FashionDataset/FashionDataset/test/images_test/54518.jpg,0.428
54519,,Casual Shoes,,,A2_FashionDataset/FashionDataset/test/images_test/54519.jpg,0.8728
54520,,Casual Shoes,,,A2_FashionDataset/FashionDataset/test/images_test/54520.jpg,0.97
54521,,Casual Shoes,,,A2_FashionDataset/FashionDataset/test/images_test/54521.jpg,0.5983
54522,,Casual Shoes,,,A2_FashionDataset/FashionDataset/test/images_test/54522.jpg,0.8609
54523,,Casual Shoes,,,A2_FashionDataset/FashionDataset/test/images_test/54523.jpg,0.9156
54524,,Sports Shoes,,,A2_FashionDataset/FashionDataset/test/images_test/54524.jpg,0.892
54525,,Sports Shoes,,,A2_FashionDataset/FashionDataset/test/images_test/54525.jpg,0.7952
54526,,Sports Shoes,,,A2_FashionDataset/FashionDataset/test/images_test/54526.jpg,0.7315
54527,,Casual Shoes,,,A2_FashionDataset/FashionDataset/test/images_test/54527.jpg,0.9175
54528,,Casual Shoes,,,A2_FashionDataset/FashionDataset/test/images_test/54528.jpg,0.9102
54529,,Sports Shoes,,,A2_FashionDataset/FashionDataset/test/images_test/54529.jpg,0.4817
54530,,Casual Shoes,,,A2_FashionDataset/FashionDataset/test/images_test/54530.jpg,0.3548
54533,,Casual Shoes,,,A2_FashionDataset/FashionDataset/test/images_test/54533.jpg,0.6122
54534,,Casual Shoes,,,A2_FashionDataset/FashionDataset/test/images_test/54534.jpg,0.6888
54535,,Casual Shoes,,,A2_FashionDataset/FashionDataset/test/images_test/54535.jpg,0.5152
54536,,Casual Shoes,,,A2_FashionDataset/FashionDataset/test/images_test/54536.jpg,0.8919
54537,,Casual Shoes,,,A2_FashionDataset/FashionDataset/test/images_test/54537.jpg,0.8214
54538,,Casual Shoes,,,A2_FashionDataset/FashionDataset/test/images_test/54538.jpg,0.6388
54539,,Casual Shoes,,,A2_FashionDataset/FashionDataset/test/images_test/54539.jpg,0.581
54540,,Sports Shoes,,,A2_FashionDataset/FashionDataset/test/images_test/54540.jpg,0.5723
54541,,Casual Shoes,,,A2_FashionDataset/FashionDataset/test/images_test/54541.jpg,0.836
54542,,Casual Shoes,,,A2_FashionDataset/FashionDataset/test/images_test/54542.jpg,0.8122
54543,,Sports Shoes,,,A2_FashionDataset/FashionDataset/test/images_test/54543.jpg,0.6879
54544,,Sports Shoes,,,A2_FashionDataset/FashionDataset/test/images_test/54544.jpg,0.6765
54545,,Handbags,,,A2_FashionDataset/FashionDataset/test/images_test/54545.jpg,0.7725
54546,,Backpacks,,,A2_FashionDataset/FashionDataset/test/images_test/54546.jpg,0.2702
54547,,Kurtas,,,A2_FashionDataset/FashionDataset/test/images_test/54547.jpg,0.8153
54548,,Tunics,,,A2_FashionDataset/FashionDataset/test/images_test/54548.jpg,0.4283
54549,,Kurtis,,,A2_FashionDataset/FashionDataset/test/images_test/54549.jpg,0.8015
54550,,Kurtas,,,A2_FashionDataset/FashionDataset/test/images_test/54550.jpg,0.8635
54551,,Kurtis,,,A2_FashionDataset/FashionDataset/test/images_test/54551.jpg,0.5795
54553,,Kurtas,,,A2_FashionDataset/FashionDataset/test/images_test/54553.jpg,0.8544
54554,,Tunics,,,A2_FashionDataset/FashionDataset/test/images_test/54554.jpg,0.3925
54555,,Dupatta,,,A2_FashionDataset/FashionDataset/test/images_test/54555.jpg,0.4
54556,,Kurtas,,,A2_FashionDataset/FashionDataset/test/images_test/54556.jpg,0.5048
54557,,Kurtas,,,A2_FashionDataset/FashionDataset/test/images_test/54557.jpg,0.4743
54558,,Kurtis,,,A2_FashionDataset/FashionDataset/test/images_test/54558.jpg,0.3594
54559,,Kurtas,,,A2_FashionDataset/FashionDataset/test/images_test/54559.jpg,0.5763
54561,,Kurtas,,,A2_FashionDataset/FashionDataset/test/images_test/54561.jpg,0.8802
54562,,Kurtas,,,A2_FashionDataset/FashionDataset/test/images_test/54562.jpg,0.6271
54563,,Kurtas,,,A2_FashionDataset/FashionDataset/test/images_test/54563.jpg,0.8095
54564,,Kurtas,,,A2_FashionDataset/FashionDataset/test/images_test/54564.jpg,0.8492
54565,,Kurtas,,,A2_FashionDataset/FashionDataset/test/images_test/54565.jpg,0.942
54566,,Kurtas,,,A2_FashionDataset/FashionDataset/test/images_test/54566.jpg,0.1879
54567,,Kurtas,,,A2_FashionDataset/FashionDataset/test/images_test/54567.jpg,0.8566
54568,,Kurtas,,,A2_FashionDataset/FashionDataset/test/images_test/54568.jpg,0.8388
54569,,Kurtas,,,A2_FashionDataset/FashionDataset/test/images_test/54569.jpg,0.5603
54570,,Kurtas,,,A2_FashionDataset/FashionDataset/test/images_test/54570.jpg,0.8381
54571,,Kurtas,,,A2_FashionDataset/FashionDataset/test/images_test/54571.jpg,0.8945
54572,,Kurtas,,,A2_FashionDataset/FashionDataset/test/images_test/54572.jpg,0.6655
54573,,Tops,,,A2_FashionDataset/FashionDataset/test/images_test/54573.jpg,0.749
54574,,Tops,,,A2_FashionDataset/FashionDataset/test/images_test/54574.jpg,0.6688
54575,,Tops,,,A2_FashionDataset/FashionDataset/test/images_test/54575.jpg,0.4735
54576,,Kurtas,,,A2_FashionDataset/FashionDataset/test/images_test/54576.jpg,0.5159
54577,,Kurtas,,,A2_FashionDataset/FashionDataset/test/images_test/54577.jpg,0.6455
54578,,Kurtas,,,A2_FashionDataset/FashionDataset/test/images_test/54578.jpg,0.7458
54579,,Kurtas,,,A2_FashionDataset/FashionDataset/test/images_test/54579.jpg,0.7132
54580,,Kurtas,,,A2_FashionDataset/FashionDataset/test/images_test/54580.jpg,0.3545
54581,,Kurtas,,,A2_FashionDataset/FashionDataset/test/images_test/54581.jpg,0.8762
54582,,Kurtas,,,A2_FashionDataset/FashionDataset/test/images_test/54582.jpg,0.9474
54584,,Kurtas,,,A2_FashionDataset/FashionDataset/test/images_test/54584.jpg,0.8523
54585,,Kurtas,,,A2_FashionDataset/FashionDataset/test/images_test/54585.jpg,0.6884
54586,,Kurtas,,,A2_FashionDataset/FashionDataset/test/images_test/54586.jpg,0.8448
54587,,Kurtas,,,A2_FashionDataset/FashionDataset/test/images_test/54587.jpg,0.8387
54588,,Kurtas,,,A2_FashionDataset/FashionDataset/test/images_test/54588.jpg,0.7494
54589,,Kurtas,,,A2_FashionDataset/FashionDataset/test/images_test/54589.jpg,0.7384
54590,,Stoles,,,A2_FashionDataset/FashionDataset/test/images_test/54590.jpg,0.3144
54595,,Kurtas,,,A2_FashionDataset/FashionDataset/test/images_test/54595.jpg,0.692
54596,,Kurtas,,,A2_FashionDataset/FashionDataset/test/images_test/54596.jpg,0.8557
54597,,Kurtas,,,A2_FashionDataset/FashionDataset/test/images_test/54597.jpg,0.779
54598,,Kurtas,,,A2_FashionDataset/FashionDataset/test/images_test/54598.jpg,0.8298
54599,,Kurtas,,,A2_FashionDataset/FashionDataset/test/images_test/54599.jpg,0.8276
54600,,Briefs,,,A2_FashionDataset/FashionDataset/test/images_test/54600.jpg,0.8534
54601,,Briefs,,,A2_FashionDataset/FashionDataset/test/images_test/54601.jpg,0.8447
54602,,Briefs,,,A2_FashionDataset/FashionDataset/test/images_test/54602.jpg,0.8298
54603,,Briefs,,,A2_FashionDataset/FashionDataset/test/images_test/54603.jpg,0.9176
54604,,Briefs,,,A2_FashionDataset/FashionDataset/test/images_test/54604.jpg,0.9498
54605,,Briefs,,,A2_FashionDataset/FashionDataset/test/images_test/54605.jpg,0.9287
54606,,Briefs,,,A2_FashionDataset/FashionDataset/test/images_test/54606.jpg,0.8129
54607,,Briefs,,,A2_FashionDataset/FashionDataset/test/images_test/54607.jpg,0.9288
54608,,Briefs,,,A2_FashionDataset/FashionDataset/test/images_test/54608.jpg,0.9356
54609,,Briefs,,,A2_FashionDataset/FashionDataset/test/images_test/54609.jpg,0.8395
54610,,Briefs,,,A2_FashionDataset/FashionDataset/test/images_test/54610.jpg,0.9515
54611,,Briefs,,,A2_FashionDataset/FashionDataset/test/images_test/54611.jpg,0.8577
54612,,Briefs,,,A2_FashionDataset/FashionDataset/test/images_test/54612.jpg,0.9065
54613,,Briefs,,,A2_FashionDataset/FashionDataset/test/images_test/54613.jpg,0.9852
54614,,Briefs,,,A2_FashionDataset/FashionDataset/test/images_test/54614.jpg,0.8945
54615,,Briefs,,,A2_FashionDataset/FashionDataset/test/images_test/54615.jpg,0.9271
54616,,Briefs,,,A2_FashionDataset/FashionDataset/test/images_test/54616.jpg,0.9735
54617,,Briefs,,,A2_FashionDataset/FashionDataset/test/images_test/54617.jpg,0.9648
54618,,Briefs,,,A2_FashionDataset/FashionDataset/test/images_test/54618.jpg,0.9314
54619,,Watches,,,A2_FashionDataset/FashionDataset/test/images_test/54619.jpg,0.8674
54620,,Watches,,,A2_FashionDataset/FashionDataset/test/images_test/54620.jpg,0.7833
54621,,Watches,,,A2_FashionDataset/FashionDataset/test/images_test/54621.jpg,0.861
54622,,Watches,,,A2_FashionDataset/FashionDataset/test/images_test/54622.jpg,0.794
54623,,Watches,,,A2_FashionDataset/FashionDataset/test/images_test/54623.jpg,0.6813
54625,,Watches,,,A2_FashionDataset/FashionDataset/test/images_test/54625.jpg,0.8281
54626,,Watches,,,A2_FashionDataset/FashionDataset/test/images_test/54626.jpg,0.8344
54627,,Watches,,,A2_FashionDataset/FashionDataset/test/images_test/54627.jpg,0.835
54628,,Watches,,,A2_FashionDataset/FashionDataset/test/images_test/54628.jpg,0.8865
54629,,Watches,,,A2_FashionDataset/FashionDataset/test/images_test/54629.jpg,0.8906
54630,,Watches,,,A2_FashionDataset/FashionDataset/test/images_test/54630.jpg,0.8974
54631,,Watches,,,A2_FashionDataset/FashionDataset/test/images_test/54631.jpg,0.8644
54632,,Watches,,,A2_FashionDataset/FashionDataset/test/images_test/54632.jpg,0.935
54633,,Watches,,,A2_FashionDataset/FashionDataset/test/images_test/54633.jpg,0.9024
54634,,Watches,,,A2_FashionDataset/FashionDataset/test/images_test/54634.jpg,0.8219
54635,,Watches,,,A2_FashionDataset/FashionDataset/test/images_test/54635.jpg,0.8378
54636,,Watches,,,A2_FashionDataset/FashionDataset/test/images_test/54636.jpg,0.9358
54637,,Watches,,,A2_FashionDataset/FashionDataset/test/images_test/54637.jpg,0.8987
54638,,Watches,,,A2_FashionDataset/FashionDataset/test/images_test/54638.jpg,0.8769
54639,,Watches,,,A2_FashionDataset/FashionDataset/test/images_test/54639.jpg,0.8587
54640,,Watches,,,A2_FashionDataset/FashionDataset/test/images_test/54640.jpg,0.8483
54641,,Watches,,,A2_FashionDataset/FashionDataset/test/images_test/54641.jpg,0.8534
54642,,Watches,,,A2_FashionDataset/FashionDataset/test/images_test/54642.jpg,0.8051
54643,,Watches,,,A2_FashionDataset/FashionDataset/test/images_test/54643.jpg,0.7754
54644,,Watches,,,A2_FashionDataset/FashionDataset/test/images_test/54644.jpg,0.7948
54645,,Watches,,,A2_FashionDataset/FashionDataset/test/images_test/54645.jpg,0.861
54646,,Watches,,,A2_FashionDataset/FashionDataset/test/images_test/54646.jpg,0.881
54647,,Watches,,,A2_FashionDataset/FashionDataset/test/images_test/54647.jpg,0.8245
54648,,Watches,,,A2_FashionDataset/FashionDataset/test/images_test/54648.jpg,0.8078
54649,,Watches,,,A2_FashionDataset/FashionDataset/test/images_test/54649.jpg,0.8781
54650,,Watches,,,A2_FashionDataset/FashionDataset/test/images_test/54650.jpg,0.8832
54651,,Watches,,,A2_FashionDataset/FashionDataset/test/images_test/54651.jpg,0.7179
54652,,Watches,,,A2_FashionDataset/FashionDataset/test/images_test/54652.jpg,0.6038
54653,,Watches,,,A2_FashionDataset/FashionDataset/test/images_test/54653.jpg,0.7235
54654,,Watches,,,A2_FashionDataset/FashionDataset/test/images_test/54654.jpg,0.7472
54655,,Watches,,,A2_FashionDataset/FashionDataset/test/images_test/54655.jpg,0.8683
54656,,Watches,,,A2_FashionDataset/FashionDataset/test/images_test/54656.jpg,0.7808
54657,,Watches,,,A2_FashionDataset/FashionDataset/test/images_test/54657.jpg,0.7831
54658,,Watches,,,A2_FashionDataset/FashionDataset/test/images_test/54658.jpg,0.9043
54659,,Watches,,,A2_FashionDataset/FashionDataset/test/images_test/54659.jpg,0.913
54660,,Watches,,,A2_FashionDataset/FashionDataset/test/images_test/54660.jpg,0.8587
54661,,Watches,,,A2_FashionDataset/FashionDataset/test/images_test/54661.jpg,0.7432
54662,,Watches,,,A2_FashionDataset/FashionDataset/test/images_test/54662.jpg,0.8588
54663,,Watches,,,A2_FashionDataset/FashionDataset/test/images_test/54663.jpg,0.8541
54664,,Watches,,,A2_FashionDataset/FashionDataset/test/images_test/54664.jpg,0.8997
54665,,Watches,,,A2_FashionDataset/FashionDataset/test/images_test/54665.jpg,0.8495
54666,,Watches,,,A2_FashionDataset/FashionDataset/test/images_test/54666.jpg,0.8283
54667,,Watches,,,A2_FashionDataset/FashionDataset/test/images_test/54667.jpg,0.8746
54668,,Watches,,,A2_FashionDataset/FashionDataset/test/images_test/54668.jpg,0.8177
54669,,Watches,,,A2_FashionDataset/FashionDataset/test/images_test/54669.jpg,0.8761
54670,,Watches,,,A2_FashionDataset/FashionDataset/test/images_test/54670.jpg,0.9281
54671,,Watches,,,A2_FashionDataset/FashionDataset/test/images_test/54671.jpg,0.8657
54672,,Watches,,,A2_FashionDataset/FashionDataset/test/images_test/54672.jpg,0.8552
54674,,Watches,,,A2_FashionDataset/FashionDataset/test/images_test/54674.jpg,0.9115
54675,,Watches,,,A2_FashionDataset/FashionDataset/test/images_test/54675.jpg,0.909
54676,,Watches,,,A2_FashionDataset/FashionDataset/test/images_test/54676.jpg,0.8028
54677,,Watches,,,A2_FashionDataset/FashionDataset/test/images_test/54677.jpg,0.878
54678,,Watches,,,A2_FashionDataset/FashionDataset/test/images_test/54678.jpg,0.9109
54679,,Watches,,,A2_FashionDataset/FashionDataset/test/images_test/54679.jpg,0.8613
54680,,Kurtis,,,A2_FashionDataset/FashionDataset/test/images_test/54680.jpg,0.2365
54681,,Kurtas,,,A2_FashionDataset/FashionDataset/test/images_test/54681.jpg,0.3787
54682,,Kurtas,,,A2_FashionDataset/FashionDataset/test/images_test/54682.jpg,0.2144
54683,,Dresses,,,A2_FashionDataset/FashionDataset/test/images_test/54683.jpg,0.3232
54684,,Kurtas,,,A2_FashionDataset/FashionDataset/test/images_test/54684.jpg,0.8112
54685,,Kurtas,,,A2_FashionDataset/FashionDataset/test/images_test/54685.jpg,0.7669
54686,,Kurta Sets,,,A2_FashionDataset/FashionDataset/test/images_test/54686.jpg,0.7084
54687,,Kurtas,,,A2_FashionDataset/FashionDataset/test/images_test/54687.jpg,0.3867
54688,,Kurta Sets,,,A2_FashionDataset/FashionDataset/test/images_test/54688.jpg,0.8498
54689,,Kurta Sets,,,A2_FashionDataset/FashionDataset/test/images_test/54689.jpg,0.817
54690,,Kurtas,,,A2_FashionDataset/FashionDataset/test/images_test/54690.jpg,0.2733
54691,,Kurtas,,,A2_FashionDataset/FashionDataset/test/images_test/54691.jpg,0.6464
54692,,Kurtas,,,A2_FashionDataset/FashionDataset/test/images_test/54692.jpg,0.5052
54693,,Kurtas,,,A2_FashionDataset/FashionDataset/test/images_test/54693.jpg,0.6523
54694,,Kurtas,,,A2_FashionDataset/FashionDataset/test/images_test/54694.jpg,0.301
54695,,Tunics,,,A2_FashionDataset/FashionDataset/test/images_test/54695.jpg,0.4374
54696,,Tunics,,,A2_FashionDataset/FashionDataset/test/images_test/54696.jpg,0.4049
54697,,Tunics,,,A2_FashionDataset/FashionDataset/test/images_test/54697.jpg,0.4133
54698,,Dresses,,,A2_FashionDataset/FashionDataset/test/images_test/54698.jpg,0.4382
54699,,Tunics,,,A2_FashionDataset/FashionDataset/test/images_test/54699.jpg,0.6464
54700,,Kurtas,,,A2_FashionDataset/FashionDataset/test/images_test/54700.jpg,0.4432
54702,,Kurtis,,,A2_FashionDataset/FashionDataset/test/images_test/54702.jpg,0.1687
54703,,Kurta Sets,,,A2_FashionDataset/FashionDataset/test/images_test/54703.jpg,0.4782
54704,,Kurta Sets,,,A2_FashionDataset/FashionDataset/test/images_test/54704.jpg,0.294
54705,,Kurta Sets,,,A2_FashionDataset/FashionDataset/test/images_test/54705.jpg,0.5055
54706,,Kurtas,,,A2_FashionDataset/FashionDataset/test/images_test/54706.jpg,0.7326
54708,,Kurtas,,,A2_FashionDataset/FashionDataset/test/images_test/54708.jpg,0.4716
54710,,Kurtas,,,A2_FashionDataset/FashionDataset/test/images_test/54710.jpg,0.8031
54711,,Kurtas,,,A2_FashionDataset/FashionDataset/test/images_test/54711.jpg,0.4766
54712,,Kurta Sets,,,A2_FashionDataset/FashionDataset/test/images_test/54712.jpg,0.4916
54713,,Kurta Sets,,,A2_FashionDataset/FashionDataset/test/images_test/54713.jpg,0.8513
54714,,Jumpsuit,,,A2_FashionDataset/FashionDataset/test/images_test/54714.jpg,0.3129
54715,,Kurta Sets,,,A2_FashionDataset/FashionDataset/test/images_test/54715.jpg,0.6899
54716,,Kurtas,,,A2_FashionDataset/FashionDataset/test/images_test/54716.jpg,0.5541
54717,,Dresses,,,A2_FashionDataset/FashionDataset/test/images_test/54717.jpg,0.8346
54718,,Dresses,,,A2_FashionDataset/FashionDataset/test/images_test/54718.jpg,0.3782
54719,,Kurtas,,,A2_FashionDataset/FashionDataset/test/images_test/54719.jpg,0.3144
54720,,Dupatta,,,A2_FashionDataset/FashionDataset/test/images_test/54720.jpg,0.1432
54721,,Kurta Sets,,,A2_FashionDataset/FashionDataset/test/images_test/54721.jpg,0.729
54722,,Kurta Sets,,,A2_FashionDataset/FashionDataset/test/images_test/54722.jpg,0.9387
54723,,Kurta Sets,,,A2_FashionDataset/FashionDataset/test/images_test/54723.jpg,0.8017
54724,,Kurta Sets,,,A2_FashionDataset/FashionDataset/test/images_test/54724.jpg,0.599
54725,,Kurtas,,,A2_FashionDataset/FashionDataset/test/images_test/54725.jpg,0.494
54726,,Kurtas,,,A2_FashionDataset/FashionDataset/test/images_test/54726.jpg,0.3975
54727,,Kurtis,,,A2_FashionDataset/FashionDataset/test/images_test/54727.jpg,0.1866
54728,,Casual Shoes,,,A2_FashionDataset/FashionDataset/test/images_test/54728.jpg,0.8456
54729,,Casual Shoes,,,A2_FashionDataset/FashionDataset/test/images_test/54729.jpg,0.7104
54730,,Casual Shoes,,,A2_FashionDataset/FashionDataset/test/images_test/54730.jpg,0.7925
54731,,Casual Shoes,,,A2_FashionDataset/FashionDataset/test/images_test/54731.jpg,0.8997
54732,,Casual Shoes,,,A2_FashionDataset/FashionDataset/test/images_test/54732.jpg,0.8061
54733,,Casual Shoes,,,A2_FashionDataset/FashionDataset/test/images_test/54733.jpg,0.8775
54734,,Casual Shoes,,,A2_FashionDataset/FashionDataset/test/images_test/54734.jpg,0.8605
54735,,Casual Shoes,,,A2_FashionDataset/FashionDataset/test/images_test/54735.jpg,0.8638
54736,,Casual Shoes,,,A2_FashionDataset/FashionDataset/test/images_test/54736.jpg,0.8884
54737,,Casual Shoes,,,A2_FashionDataset/FashionDataset/test/images_test/54737.jpg,0.8647
54738,,Casual Shoes,,,A2_FashionDataset/FashionDataset/test/images_test/54738.jpg,0.8357
54739,,Casual Shoes,,,A2_FashionDataset/FashionDataset/test/images_test/54739.jpg,0.8025
54740,,Casual Shoes,,,A2_FashionDataset/FashionDataset/test/images_test/54740.jpg,0.8469
54741,,Casual Shoes,,,A2_FashionDataset/FashionDataset/test/images_test/54741.jpg,0.8831
54742,,Casual Shoes,,,A2_FashionDataset/FashionDataset/test/images_test/54742.jpg,0.8942
54744,,Kurtas,,,A2_FashionDataset/FashionDataset/test/images_test/54744.jpg,0.4255
54767,,Kurtas,,,A2_FashionDataset/FashionDataset/test/images_test/54767.jpg,0.8459
54792,,Jeans,,,A2_FashionDataset/FashionDataset/test/images_test/54792.jpg,0.9329
54794,,Trousers,,,A2_FashionDataset/FashionDataset/test/images_test/54794.jpg,0.8676
54796,,Jeans,,,A2_FashionDataset/FashionDataset/test/images_test/54796.jpg,0.448
54800,,Jeans,,,A2_FashionDataset/FashionDataset/test/images_test/54800.jpg,0.9535
54804,,Handbags,,,A2_FashionDataset/FashionDataset/test/images_test/54804.jpg,0.8229
54805,,Handbags,,,A2_FashionDataset/FashionDataset/test/images_test/54805.jpg,0.7761
54807,,Handbags,,,A2_FashionDataset/FashionDataset/test/images_test/54807.jpg,0.7416
54808,,Wallets,,,A2_FashionDataset/FashionDataset/test/images_test/54808.jpg,0.2323
54812,,Handbags,,,A2_FashionDataset/FashionDataset/test/images_test/54812.jpg,0.8428
54813,,Skirts,,,A2_FashionDataset/FashionDataset/test/images_test/54813.jpg,0.4768
54819,,Handbags,,,A2_FashionDataset/FashionDataset/test/images_test/54819.jpg,0.7735
54823,,Laptop Bag,,,A2_FashionDataset/FashionDataset/test/images_test/54823.jpg,0.5708
54827,,Handbags,,,A2_FashionDataset/FashionDataset/test/images_test/54827.jpg,0.4217
54828,,Handbags,,,A2_FashionDataset/FashionDataset/test/images_test/54828.jpg,0.9323
54829,,Handbags,,,A2_FashionDataset/FashionDataset/test/images_test/54829.jpg,0.7465
54831,,Clutches,,,A2_FashionDataset/FashionDataset/test/images_test/54831.jpg,0.4208
54834,,Handbags,,,A2_FashionDataset/FashionDataset/test/images_test/54834.jpg,0.5337
54836,,Handbags,,,A2_FashionDataset/FashionDataset/test/images_test/54836.jpg,0.3451
54838,,Clutches,,,A2_FashionDataset/FashionDataset/test/images_test/54838.jpg,0.6008
54842,,Belts,,,A2_FashionDataset/FashionDataset/test/images_test/54842.jpg,0.3139
54849,,Necklace and Chains,,,A2_FashionDataset/FashionDataset/test/images_test/54849.jpg,0.3529
54850,,Necklace and Chains,,,A2_FashionDataset/FashionDataset/test/images_test/54850.jpg,0.8248
54851,,Necklace and Chains,,,A2_FashionDataset/FashionDataset/test/images_test/54851.jpg,0.4204
54852,,Necklace and Chains,,,A2_FashionDataset/FashionDataset/test/images_test/54852.jpg,0.9705
54853,,Necklace and Chains,,,A2_FashionDataset/FashionDataset/test/images_test/54853.jpg,0.7531
54854,,Necklace and Chains,,,A2_FashionDataset/FashionDataset/test/images_test/54854.jpg,0.8936
54856,,Necklace and Chains,,,A2_FashionDataset/FashionDataset/test/images_test/54856.jpg,0.768
54857,,Jewellery Set,,,A2_FashionDataset/FashionDataset/test/images_test/54857.jpg,0.5927
54858,,Necklace and Chains,,,A2_FashionDataset/FashionDataset/test/images_test/54858.jpg,0.9702
54859,,Necklace and Chains,,,A2_FashionDataset/FashionDataset/test/images_test/54859.jpg,0.8468
54860,,Jewellery Set,,,A2_FashionDataset/FashionDataset/test/images_test/54860.jpg,0.4925
54861,,Necklace and Chains,,,A2_FashionDataset/FashionDataset/test/images_test/54861.jpg,0.85
54862,,Necklace and Chains,,,A2_FashionDataset/FashionDataset/test/images_test/54862.jpg,0.9843
54863,,Necklace and Chains,,,A2_FashionDataset/FashionDataset/test/images_test/54863.jpg,0.9889
54864,,Necklace and Chains,,,A2_FashionDataset/FashionDataset/test/images_test/54864.jpg,0.3603
54865,,Pendant,,,A2_FashionDataset/FashionDataset/test/images_test/54865.jpg,0.5162
54866,,Necklace and Chains,,,A2_FashionDataset/FashionDataset/test/images_test/54866.jpg,0.9899
54867,,Pendant,,,A2_FashionDataset/FashionDataset/test/images_test/54867.jpg,0.9405
54868,,Necklace and Chains,,,A2_FashionDataset/FashionDataset/test/images_test/54868.jpg,0.9233
54869,,Necklace and Chains,,,A2_FashionDataset/FashionDataset/test/images_test/54869.jpg,0.8157
54870,,Necklace and Chains,,,A2_FashionDataset/FashionDataset/test/images_test/54870.jpg,0.8589
54871,,Necklace and Chains,,,A2_FashionDataset/FashionDataset/test/images_test/54871.jpg,0.8684
54872,,Necklace and Chains,,,A2_FashionDataset/FashionDataset/test/images_test/54872.jpg,0.9686
54873,,Necklace and Chains,,,A2_FashionDataset/FashionDataset/test/images_test/54873.jpg,0.9325
54874,,Necklace and Chains,,,A2_FashionDataset/FashionDataset/test/images_test/54874.jpg,0.7133
54875,,Necklace and Chains,,,A2_FashionDataset/FashionDataset/test/images_test/54875.jpg,0.7638
54876,,Necklace and Chains,,,A2_FashionDataset/FashionDataset/test/images_test/54876.jpg,0.7037
54877,,Necklace and Chains,,,A2_FashionDataset/FashionDataset/test/images_test/54877.jpg,0.4616
54878,,Necklace and Chains,,,A2_FashionDataset/FashionDataset/test/images_test/54878.jpg,0.5545
54879,,Necklace and Chains,,,A2_FashionDataset/FashionDataset/test/images_test/54879.jpg,0.9805
54880,,Necklace and Chains,,,A2_FashionDataset/FashionDataset/test/images_test/54880.jpg,0.4038
54881,,Necklace and Chains,,,A2_FashionDataset/FashionDataset/test/images_test/54881.jpg,0.8236
54882,,Necklace and Chains,,,A2_FashionDataset/FashionDataset/test/images_test/54882.jpg,0.5054
54883,,Pendant,,,A2_FashionDataset/FashionDataset/test/images_test/54883.jpg,0.9077
54884,,Necklace and Chains,,,A2_FashionDataset/FashionDataset/test/images_test/54884.jpg,0.8512
54885,,Necklace and Chains,,,A2_FashionDataset/FashionDataset/test/images_test/54885.jpg,0.9416
54886,,Watches,,,A2_FashionDataset/FashionDataset/test/images_test/54886.jpg,0.3295
54888,,Necklace and Chains,,,A2_FashionDataset/FashionDataset/test/images_test/54888.jpg,0.9823
54889,,Jackets,,,A2_FashionDataset/FashionDataset/test/images_test/54889.jpg,0.6211
54890,,Tops,,,A2_FashionDataset/FashionDataset/test/images_test/54890.jpg,0.2914
54891,,Tops,,,A2_FashionDataset/FashionDataset/test/images_test/54891.jpg,0.8249
54894,,Lounge Pants,,,A2_FashionDataset/FashionDataset/test/images_test/54894.jpg,0.427
54896,,Capris,,,A2_FashionDataset/FashionDataset/test/images_test/54896.jpg,0.4248
54897,,Tops,,,A2_FashionDataset/FashionDataset/test/images_test/54897.jpg,0.3005
54899,,Tops,,,A2_FashionDataset/FashionDataset/test/images_test/54899.jpg,0.4987
54900,,Tshirts,,,A2_FashionDataset/FashionDataset/test/images_test/54900.jpg,0.6101
54901,,Tshirts,,,A2_FashionDataset/FashionDataset/test/images_test/54901.jpg,0.7023
54902,,Shirts,,,A2_FashionDataset/FashionDataset/test/images_test/54902.jpg,0.5174
54903,,Tshirts,,,A2_FashionDataset/FashionDataset/test/images_test/54903.jpg,0.659
54904,,Tshirts,,,A2_FashionDataset/FashionDataset/test/images_test/54904.jpg,0.6597
54905,,Tshirts,,,A2_FashionDataset/FashionDataset/test/images_test/54905.jpg,0.6305
54906,,Tshirts,,,A2_FashionDataset/FashionDataset/test/images_test/54906.jpg,0.6424
54907,,Tshirts,,,A2_FashionDataset/FashionDataset/test/images_test/54907.jpg,0.7256
54908,,Tshirts,,,A2_FashionDataset/FashionDataset/test/images_test/54908.jpg,0.5688
54909,,Tshirts,,,A2_FashionDataset/FashionDataset/test/images_test/54909.jpg,0.8249
54911,,Tops,,,A2_FashionDataset/FashionDataset/test/images_test/54911.jpg,0.3423
54913,,Shirts,,,A2_FashionDataset/FashionDataset/test/images_test/54913.jpg,0.4147
54914,,Tops,,,A2_FashionDataset/FashionDataset/test/images_test/54914.jpg,0.9601
54915,,Tshirts,,,A2_FashionDataset/FashionDataset/test/images_test/54915.jpg,0.6988
54918,,Lounge Shorts,,,A2_FashionDataset/FashionDataset/test/images_test/54918.jpg,0.7134
54919,,Lounge Shorts,,,A2_FashionDataset/FashionDataset/test/images_test/54919.jpg,0.4417
54921,,Lounge Shorts,,,A2_FashionDataset/FashionDataset/test/images_test/54921.jpg,0.5213
54923,,Capris,,,A2_FashionDataset/FashionDataset/test/images_test/54923.jpg,0.4714
54924,,Boxers,,,A2_FashionDataset/FashionDataset/test/images_test/54924.jpg,0.9959
54925,,Trunk,,,A2_FashionDataset/FashionDataset/test/images_test/54925.jpg,0.53
54926,,Tshirts,,,A2_FashionDataset/FashionDataset/test/images_test/54926.jpg,0.735
54927,,Tshirts,,,A2_FashionDataset/FashionDataset/test/images_test/54927.jpg,0.4426
54928,,Tshirts,,,A2_FashionDataset/FashionDataset/test/images_test/54928.jpg,0.7734
54929,,Innerwear Vests,,,A2_FashionDataset/FashionDataset/test/images_test/54929.jpg,0.2565
54930,,Tshirts,,,A2_FashionDataset/FashionDataset/test/images_test/54930.jpg,0.594
54931,,Tshirts,,,A2_FashionDataset/FashionDataset/test/images_test/54931.jpg,0.7981
54932,,Dresses,,,A2_FashionDataset/FashionDataset/test/images_test/54932.jpg,0.1916
54933,,Tops,,,A2_FashionDataset/FashionDataset/test/images_test/54933.jpg,0.0854
54934,,Tops,,,A2_FashionDataset/FashionDataset/test/images_test/54934.jpg,0.5656
54935,,Tshirts,,,A2_FashionDataset/FashionDataset/test/images_test/54935.jpg,0.4768
54936,,Tops,,,A2_FashionDataset/FashionDataset/test/images_test/54936.jpg,0.3497
54937,,Tops,,,A2_FashionDataset/FashionDataset/test/images_test/54937.jpg,0.4849
54938,,Tops,,,A2_FashionDataset/FashionDataset/test/images_test/54938.jpg,0.6044
54939,,Tops,,,A2_FashionDataset/FashionDataset/test/images_test/54939.jpg,0.6195
54940,,Tshirts,,,A2_FashionDataset/FashionDataset/test/images_test/54940.jpg,0.3338
54941,,Tshirts,,,A2_FashionDataset/FashionDataset/test/images_test/54941.jpg,0.2973
54942,,Tshirts,,,A2_FashionDataset/FashionDataset/test/images_test/54942.jpg,0.4357
54943,,Shirts,,,A2_FashionDataset/FashionDataset/test/images_test/54943.jpg,0.2086
54944,,Tshirts,,,A2_FashionDataset/FashionDataset/test/images_test/54944.jpg,0.3629
54945,,Tshirts,,,A2_FashionDataset/FashionDataset/test/images_test/54945.jpg,0.7125
54946,,Tshirts,,,A2_FashionDataset/FashionDataset/test/images_test/54946.jpg,0.7834
54947,,Tshirts,,,A2_FashionDataset/FashionDataset/test/images_test/54947.jpg,0.6693
54948,,Sweatshirts,,,A2_FashionDataset/FashionDataset/test/images_test/54948.jpg,0.2006
54949,,Jackets,,,A2_FashionDataset/FashionDataset/test/images_test/54949.jpg,0.3171
54950,,Tshirts,,,A2_FashionDataset/FashionDataset/test/images_test/54950.jpg,0.72
54951,,Tshirts,,,A2_FashionDataset/FashionDataset/test/images_test/54951.jpg,0.7719
54953,,Tshirts,,,A2_FashionDataset/FashionDataset/test/images_test/54953.jpg,0.6771
54954,,Tshirts,,,A2_FashionDataset/FashionDataset/test/images_test/54954.jpg,0.7138
54955,,Tshirts,,,A2_FashionDataset/FashionDataset/test/images_test/54955.jpg,0.8585
54957,,Tshirts,,,A2_FashionDataset/FashionDataset/test/images_test/54957.jpg,0.7259
54958,,Tshirts,,,A2_FashionDataset/FashionDataset/test/images_test/54958.jpg,0.768
54959,,Tshirts,,,A2_FashionDataset/FashionDataset/test/images_test/54959.jpg,0.1428
54960,,Tshirts,,,A2_FashionDataset/FashionDataset/test/images_test/54960.jpg,0.8099
54961,,Tshirts,,,A2_FashionDataset/FashionDataset/test/images_test/54961.jpg,0.8124
54964,,Tops,,,A2_FashionDataset/FashionDataset/test/images_test/54964.jpg,0.311
54965,,Tshirts,,,A2_FashionDataset/FashionDataset/test/images_test/54965.jpg,0.7601
54966,,Casual Shoes,,,A2_FashionDataset/FashionDataset/test/images_test/54966.jpg,0.6986
54967,,Deodorant,,,A2_FashionDataset/FashionDataset/test/images_test/54967.jpg,0.9824
54968,,Deodorant,,,A2_FashionDataset/FashionDataset/test/images_test/54968.jpg,0.9873
54969,,Deodorant,,,A2_FashionDataset/FashionDataset/test/images_test/54969.jpg,0.9873
54970,,Perfume and Body Mist,,,A2_FashionDataset/FashionDataset/test/images_test/54970.jpg,0.9027
54971,,Dresses,,,A2_FashionDataset/FashionDataset/test/images_test/54971.jpg,0.8079
54972,,Dresses,,,A2_FashionDataset/FashionDataset/test/images_test/54972.jpg,0.9391
54973,,Dresses,,,A2_FashionDataset/FashionDataset/test/images_test/54973.jpg,0.8582
54974,,Dresses,,,A2_FashionDataset/FashionDataset/test/images_test/54974.jpg,0.9478
54975,,Tops,,,A2_FashionDataset/FashionDataset/test/images_test/54975.jpg,0.335
54976,,Dresses,,,A2_FashionDataset/FashionDataset/test/images_test/54976.jpg,0.8598
54977,,Capris,,,A2_FashionDataset/FashionDataset/test/images_test/54977.jpg,0.7764
54978,,Capris,,,A2_FashionDataset/FashionDataset/test/images_test/54978.jpg,0.9359
54979,,Shirts,,,A2_FashionDataset/FashionDataset/test/images_test/54979.jpg,0.7525
54980,,Dresses,,,A2_FashionDataset/FashionDataset/test/images_test/54980.jpg,0.5625
54981,,Tops,,,A2_FashionDataset/FashionDataset/test/images_test/54981.jpg,0.7428
54982,,Jeans,,,A2_FashionDataset/FashionDataset/test/images_test/54982.jpg,0.6829
54983,,Jeans,,,A2_FashionDataset/FashionDataset/test/images_test/54983.jpg,0.8169
54984,,Jeans,,,A2_FashionDataset/FashionDataset/test/images_test/54984.jpg,0.6452
54985,,Jeans,,,A2_FashionDataset/FashionDataset/test/images_test/54985.jpg,0.8742
54986,,Tops,,,A2_FashionDataset/FashionDataset/test/images_test/54986.jpg,0.8476
54987,,Kurtis,,,A2_FashionDataset/FashionDataset/test/images_test/54987.jpg,0.3393
54988,,Stoles,,,A2_FashionDataset/FashionDataset/test/images_test/54988.jpg,0.192
54989,,Tops,,,A2_FashionDataset/FashionDataset/test/images_test/54989.jpg,0.2111
54990,,Kurta Sets,,,A2_FashionDataset/FashionDataset/test/images_test/54990.jpg,0.1817
54991,,Tops,,,A2_FashionDataset/FashionDataset/test/images_test/54991.jpg,0.4862
54992,,Tops,,,A2_FashionDataset/FashionDataset/test/images_test/54992.jpg,0.6642
54993,,Shirts,,,A2_FashionDataset/FashionDataset/test/images_test/54993.jpg,0.3225
54995,,Kajal and Eyeliner,,,A2_FashionDataset/FashionDataset/test/images_test/54995.jpg,0.4832
54997,,Kajal and Eyeliner,,,A2_FashionDataset/FashionDataset/test/images_test/54997.jpg,0.5349
55000,,Kajal and Eyeliner,,,A2_FashionDataset/FashionDataset/test/images_test/55000.jpg,0.5351
55001,,Kajal and Eyeliner,,,A2_FashionDataset/FashionDataset/test/images_test/55001.jpg,0.48
55002,,Kajal and Eyeliner,,,A2_FashionDataset/FashionDataset/test/images_test/55002.jpg,0.5226
55003,,Kajal and Eyeliner,,,A2_FashionDataset/FashionDataset/test/images_test/55003.jpg,0.5314
55004,,Handbags,,,A2_FashionDataset/FashionDataset/test/images_test/55004.jpg,0.2825
55005,,Lipstick,,,A2_FashionDataset/FashionDataset/test/images_test/55005.jpg,0.4392
55006,,Lip Liner,,,A2_FashionDataset/FashionDataset/test/images_test/55006.jpg,0.3735
55007,,Lip Liner,,,A2_FashionDataset/FashionDataset/test/images_test/55007.jpg,0.3508
55008,,Lip Liner,,,A2_FashionDataset/FashionDataset/test/images_test/55008.jpg,0.3221
55009,,Lip Liner,,,A2_FashionDataset/FashionDataset/test/images_test/55009.jpg,0.3293
55010,,Lip Liner,,,A2_FashionDataset/FashionDataset/test/images_test/55010.jpg,0.3722
55012,,Kajal and Eyeliner,,,A2_FashionDataset/FashionDataset/test/images_test/55012.jpg,0.7362
55013,,Kajal and Eyeliner,,,A2_FashionDataset/FashionDataset/test/images_test/55013.jpg,0.6732
55015,,Kajal and Eyeliner,,,A2_FashionDataset/FashionDataset/test/images_test/55015.jpg,0.7398
55016,,Kajal and Eyeliner,,,A2_FashionDataset/FashionDataset/test/images_test/55016.jpg,0.718
55018,,Kajal and Eyeliner,,,A2_FashionDataset/FashionDataset/test/images_test/55018.jpg,0.7413
55020,,Kajal and Eyeliner,,,A2_FashionDataset/FashionDataset/test/images_test/55020.jpg,0.7351
55021,,Lipstick,,,A2_FashionDataset/FashionDataset/test/images_test/55021.jpg,0.5468
55022,,Lipstick,,,A2_FashionDataset/FashionDataset/test/images_test/55022.jpg,0.541
55023,,Lipstick,,,A2_FashionDataset/FashionDataset/test/images_test/55023.jpg,0.5193
55024,,Lipstick,,,A2_FashionDataset/FashionDataset/test/images_test/55024.jpg,0.5609
55025,,Lipstick,,,A2_FashionDataset/FashionDataset/test/images_test/55025.jpg,0.5312
55026,,Lipstick,,,A2_FashionDataset/FashionDataset/test/images_test/55026.jpg,0.5303
55027,,Lipstick,,,A2_FashionDataset/FashionDataset/test/images_test/55027.jpg,0.5384
55028,,Lipstick,,,A2_FashionDataset/FashionDataset/test/images_test/55028.jpg,0.537
55029,,Lipstick,,,A2_FashionDataset/FashionDataset/test/images_test/55029.jpg,0.5479
55030,,Lipstick,,,A2_FashionDataset/FashionDataset/test/images_test/55030.jpg,0.5378
55031,,Lipstick,,,A2_FashionDataset/FashionDataset/test/images_test/55031.jpg,0.5341
55032,,Lipstick,,,A2_FashionDataset/FashionDataset/test/images_test/55032.jpg,0.5203
55033,,Lipstick,,,A2_FashionDataset/FashionDataset/test/images_test/55033.jpg,0.5609
55034,,Lipstick,,,A2_FashionDataset/FashionDataset/test/images_test/55034.jpg,0.36
55035,,Lipstick,,,A2_FashionDataset/FashionDataset/test/images_test/55035.jpg,0.5478
55036,,Lipstick,,,A2_FashionDataset/FashionDataset/test/images_test/55036.jpg,0.5482
55037,,Lipstick,,,A2_FashionDataset/FashionDataset/test/images_test/55037.jpg,0.5389
55038,,Lipstick,,,A2_FashionDataset/FashionDataset/test/images_test/55038.jpg,0.5571
55039,,Lipstick,,,A2_FashionDataset/FashionDataset/test/images_test/55039.jpg,0.4408
55040,,Lipstick,,,A2_FashionDataset/FashionDataset/test/images_test/55040.jpg,0.5324
55041,,Kajal and Eyeliner,,,A2_FashionDataset/FashionDataset/test/images_test/55041.jpg,0.8267
55042,,Lipstick,,,A2_FashionDataset/FashionDataset/test/images_test/55042.jpg,0.5515
55043,,Lipstick,,,A2_FashionDataset/FashionDataset/test/images_test/55043.jpg,0.5294
55044,,Lipstick,,,A2_FashionDataset/FashionDataset/test/images_test/55044.jpg,0.5242
55045,,Foundation and Primer,,,A2_FashionDataset/FashionDataset/test/images_test/55045.jpg,0.2621
55046,,Foundation and Primer,,,A2_FashionDataset/FashionDataset/test/images_test/55046.jpg,0.2594
55047,,Fragrance Gift Set,,,A2_FashionDataset/FashionDataset/test/images_test/55047.jpg,0.3625
55048,,Foundation and Primer,,,A2_FashionDataset/FashionDataset/test/images_test/55048.jpg,0.2524
55049,,Foundation and Primer,,,A2_FashionDataset/FashionDataset/test/images_test/55049.jpg,0.1997
55050,,Foundation and Primer,,,A2_FashionDataset/FashionDataset/test/images_test/55050.jpg,0.2255
55051,,Foundation and Primer,,,A2_FashionDataset/FashionDataset/test/images_test/55051.jpg,0.2339
55052,,Foundation and Primer,,,A2_FashionDataset/FashionDataset/test/images_test/55052.jpg,0.2214
55053,,Foundation and Primer,,,A2_FashionDataset/FashionDataset/test/images_test/55053.jpg,0.2783
55054,,Foundation and Primer,,,A2_FashionDataset/FashionDataset/test/images_test/55054.jpg,0.2304
55055,,Foundation and Primer,,,A2_FashionDataset/FashionDataset/test/images_test/55055.jpg,0.2082
55056,,Foundation and Primer,,,A2_FashionDataset/FashionDataset/test/images_test/55056.jpg,0.2713
55057,,Foundation and Primer,,,A2_FashionDataset/FashionDataset/test/images_test/55057.jpg,0.2184
55058,,Foundation and Primer,,,A2_FashionDataset/FashionDataset/test/images_test/55058.jpg,0.2771
55059,,Foundation and Primer,,,A2_FashionDataset/FashionDataset/test/images_test/55059.jpg,0.2874
55060,,Foundation and Primer,,,A2_FashionDataset/FashionDataset/test/images_test/55060.jpg,0.2758
55061,,Foundation and Primer,,,A2_FashionDataset/FashionDataset/test/images_test/55061.jpg,0.2446
55062,,Foundation and Primer,,,A2_FashionDataset/FashionDataset/test/images_test/55062.jpg,0.2532
55063,,Lipstick,,,A2_FashionDataset/FashionDataset/test/images_test/55063.jpg,0.6433
55064,,Foundation and Primer,,,A2_FashionDataset/FashionDataset/test/images_test/55064.jpg,0.2332
55065,,Foundation and Primer,,,A2_FashionDataset/FashionDataset/test/images_test/55065.jpg,0.2186
55066,,Foundation and Primer,,,A2_FashionDataset/FashionDataset/test/images_test/55066.jpg,0.2692
55067,,Lipstick,,,A2_FashionDataset/FashionDataset/test/images_test/55067.jpg,0.671
55068,,Perfume and Body Mist,,,A2_FashionDataset/FashionDataset/test/images_test/55068.jpg,0.3686
55069,,Perfume and Body Mist,,,A2_FashionDataset/FashionDataset/test/images_test/55069.jpg,0.65
55070,,Kajal and Eyeliner,,,A2_FashionDataset/FashionDataset/test/images_test/55070.jpg,0.9448
55071,,Kajal and Eyeliner,,,A2_FashionDataset/FashionDataset/test/images_test/55071.jpg,0.8317
55072,,Kajal and Eyeliner,,,A2_FashionDataset/FashionDataset/test/images_test/55072.jpg,0.2409
55073,,Kajal and Eyeliner,,,A2_FashionDataset/FashionDataset/test/images_test/55073.jpg,0.6359
55074,,Lip Liner,,,A2_FashionDataset/FashionDataset/test/images_test/55074.jpg,0.4962
55075,,Kajal and Eyeliner,,,A2_FashionDataset/FashionDataset/test/images_test/55075.jpg,0.6212
55078,,Handbags,,,A2_FashionDataset/FashionDataset/test/images_test/55078.jpg,0.1246
55079,,Foundation and Primer,,,A2_FashionDataset/FashionDataset/test/images_test/55079.jpg,0.1186
55080,,Perfume and Body Mist,,,A2_FashionDataset/FashionDataset/test/images_test/55080.jpg,0.141
55081,,Foundation and Primer,,,A2_FashionDataset/FashionDataset/test/images_test/55081.jpg,0.2274
55083,,Basketballs,,,A2_FashionDataset/FashionDataset/test/images_test/55083.jpg,0.8272
55086,,Perfume and Body Mist,,,A2_FashionDataset/FashionDataset/test/images_test/55086.jpg,0.2767
55087,,Shoe Accessories,,,A2_FashionDataset/FashionDataset/test/images_test/55087.jpg,0.2706
55089,,Basketballs,,,A2_FashionDataset/FashionDataset/test/images_test/55089.jpg,0.6116
55090,,Basketballs,,,A2_FashionDataset/FashionDataset/test/images_test/55090.jpg,0.5938
55093,,Basketballs,,,A2_FashionDataset/FashionDataset/test/images_test/55093.jpg,0.3016
55094,,Foundation and Primer,,,A2_FashionDataset/FashionDataset/test/images_test/55094.jpg,0.3172
55095,,Lipstick,,,A2_FashionDataset/FashionDataset/test/images_test/55095.jpg,0.2057
55097,,Lipstick,,,A2_FashionDataset/FashionDataset/test/images_test/55097.jpg,0.3128
55098,,Basketballs,,,A2_FashionDataset/FashionDataset/test/images_test/55098.jpg,0.1938
55099,,Lipstick,,,A2_FashionDataset/FashionDataset/test/images_test/55099.jpg,0.2986
55100,,Perfume and Body Mist,,,A2_FashionDataset/FashionDataset/test/images_test/55100.jpg,0.2732
55101,,Basketballs,,,A2_FashionDataset/FashionDataset/test/images_test/55101.jpg,0.6277
55107,,Basketballs,,,A2_FashionDataset/FashionDataset/test/images_test/55107.jpg,0.6621
55108,,Basketballs,,,A2_FashionDataset/FashionDataset/test/images_test/55108.jpg,0.8877
55109,,Foundation and Primer,,,A2_FashionDataset/FashionDataset/test/images_test/55109.jpg,0.1228
55110,,Basketballs,,,A2_FashionDataset/FashionDataset/test/images_test/55110.jpg,0.1706
55111,,Basketballs,,,A2_FashionDataset/FashionDataset/test/images_test/55111.jpg,0.185
55112,,Basketballs,,,A2_FashionDataset/FashionDataset/test/images_test/55112.jpg,0.1768
55113,,Foundation and Primer,,,A2_FashionDataset/FashionDataset/test/images_test/55113.jpg,0.1441
55114,,Foundation and Primer,,,A2_FashionDataset/FashionDataset/test/images_test/55114.jpg,0.1628
55115,,Foundation and Primer,,,A2_FashionDataset/FashionDataset/test/images_test/55115.jpg,0.1625
55116,,Foundation and Primer,,,A2_FashionDataset/FashionDataset/test/images_test/55116.jpg,0.1291
55117,,Foundation and Primer,,,A2_FashionDataset/FashionDataset/test/images_test/55117.jpg,0.123
55118,,Foundation and Primer,,,A2_FashionDataset/FashionDataset/test/images_test/55118.jpg,0.1291
55119,,Wallets,,,A2_FashionDataset/FashionDataset/test/images_test/55119.jpg,0.5512
55120,,Nail Polish,,,A2_FashionDataset/FashionDataset/test/images_test/55120.jpg,0.4831
55121,,Perfume and Body Mist,,,A2_FashionDataset/FashionDataset/test/images_test/55121.jpg,0.55
55122,,Nail Polish,,,A2_FashionDataset/FashionDataset/test/images_test/55122.jpg,0.5351
55123,,Perfume and Body Mist,,,A2_FashionDataset/FashionDataset/test/images_test/55123.jpg,0.1859
55124,,Nail Polish,,,A2_FashionDataset/FashionDataset/test/images_test/55124.jpg,0.5188
55125,,Nail Polish,,,A2_FashionDataset/FashionDataset/test/images_test/55125.jpg,0.5464
55126,,Nail Polish,,,A2_FashionDataset/FashionDataset/test/images_test/55126.jpg,0.4939
55127,,Nail Polish,,,A2_FashionDataset/FashionDataset/test/images_test/55127.jpg,0.5511
55128,,Nail Polish,,,A2_FashionDataset/FashionDataset/test/images_test/55128.jpg,0.5414
55129,,Nail Polish,,,A2_FashionDataset/FashionDataset/test/images_test/55129.jpg,0.5381
55130,,Nail Polish,,,A2_FashionDataset/FashionDataset/test/images_test/55130.jpg,0.3871
55131,,Nail Polish,,,A2_FashionDataset/FashionDataset/test/images_test/55131.jpg,0.3998
55132,,Nail Polish,,,A2_FashionDataset/FashionDataset/test/images_test/55132.jpg,0.5169
55133,,Nail Polish,,,A2_FashionDataset/FashionDataset/test/images_test/55133.jpg,0.4024
55134,,Nail Polish,,,A2_FashionDataset/FashionDataset/test/images_test/55134.jpg,0.4005
55135,,Nail Polish,,,A2_FashionDataset/FashionDataset/test/images_test/55135.jpg,0.4305
55136,,Perfume and Body Mist,,,A2_FashionDataset/FashionDataset/test/images_test/55136.jpg,0.3591
55137,,Nail Polish,,,A2_FashionDataset/FashionDataset/test/images_test/55137.jpg,0.4964
55138,,Nail Polish,,,A2_FashionDataset/FashionDataset/test/images_test/55138.jpg,0.3331
55139,,Nail Polish,,,A2_FashionDataset/FashionDataset/test/images_test/55139.jpg,0.4214
55140,,Tshirts,,,A2_FashionDataset/FashionDataset/test/images_test/55140.jpg,0.0834
55141,,Nail Polish,,,A2_FashionDataset/FashionDataset/test/images_test/55141.jpg,0.4675
55142,,Tshirts,,,A2_FashionDataset/FashionDataset/test/images_test/55142.jpg,0.1284
55143,,Nail Polish,,,A2_FashionDataset/FashionDataset/test/images_test/55143.jpg,0.5231
55144,,Tshirts,,,A2_FashionDataset/FashionDataset/test/images_test/55144.jpg,0.1842
55145,,Nail Polish,,,A2_FashionDataset/FashionDataset/test/images_test/55145.jpg,0.601
55146,,Nail Polish,,,A2_FashionDataset/FashionDataset/test/images_test/55146.jpg,0.5877
55147,,Nail Polish,,,A2_FashionDataset/FashionDataset/test/images_test/55147.jpg,0.6146
55148,,Nail Polish,,,A2_FashionDataset/FashionDataset/test/images_test/55148.jpg,0.5454
55149,,Nail Polish,,,A2_FashionDataset/FashionDataset/test/images_test/55149.jpg,0.5249
55150,,Nail Polish,,,A2_FashionDataset/FashionDataset/test/images_test/55150.jpg,0.5417
55151,,Nail Polish,,,A2_FashionDataset/FashionDataset/test/images_test/55151.jpg,0.4993
55152,,Nail Polish,,,A2_FashionDataset/FashionDataset/test/images_test/55152.jpg,0.6209
55153,,Perfume and Body Mist,,,A2_FashionDataset/FashionDataset/test/images_test/55153.jpg,0.8331
55154,,Nail Polish,,,A2_FashionDataset/FashionDataset/test/images_test/55154.jpg,0.6493
55155,,Perfume and Body Mist,,,A2_FashionDataset/FashionDataset/test/images_test/55155.jpg,0.3489
55156,,Perfume and Body Mist,,,A2_FashionDataset/FashionDataset/test/images_test/55156.jpg,0.6526
55157,,Nail Polish,,,A2_FashionDataset/FashionDataset/test/images_test/55157.jpg,0.5363
55158,,Nail Polish,,,A2_FashionDataset/FashionDataset/test/images_test/55158.jpg,0.4736
55159,,Nail Polish,,,A2_FashionDataset/FashionDataset/test/images_test/55159.jpg,0.6239
55160,,Nail Polish,,,A2_FashionDataset/FashionDataset/test/images_test/55160.jpg,0.5066
55161,,Nail Polish,,,A2_FashionDataset/FashionDataset/test/images_test/55161.jpg,0.534
55162,,Nail Polish,,,A2_FashionDataset/FashionDataset/test/images_test/55162.jpg,0.5921
55163,,Nail Polish,,,A2_FashionDataset/FashionDataset/test/images_test/55163.jpg,0.6879
55164,,Perfume and Body Mist,,,A2_FashionDataset/FashionDataset/test/images_test/55164.jpg,0.6899
55165,,Perfume and Body Mist,,,A2_FashionDataset/FashionDataset/test/images_test/55165.jpg,0.2926
55166,,Nail Polish,,,A2_FashionDataset/FashionDataset/test/images_test/55166.jpg,0.5709
55168,,Perfume and Body Mist,,,A2_FashionDataset/FashionDataset/test/images_test/55168.jpg,0.7729
55170,,Foundation and Primer,,,A2_FashionDataset/FashionDataset/test/images_test/55170.jpg,0.2837
55172,,Perfume and Body Mist,,,A2_FashionDataset/FashionDataset/test/images_test/55172.jpg,0.5182
55173,,Perfume and Body Mist,,,A2_FashionDataset/FashionDataset/test/images_test/55173.jpg,0.3605
55175,,Perfume and Body Mist,,,A2_FashionDataset/FashionDataset/test/images_test/55175.jpg,0.555
55177,,Perfume and Body Mist,,,A2_FashionDataset/FashionDataset/test/images_test/55177.jpg,0.4493
55179,,Perfume and Body Mist,,,A2_FashionDataset/FashionDataset/test/images_test/55179.jpg,0.6956
55180,,Perfume and Body Mist,,,A2_FashionDataset/FashionDataset/test/images_test/55180.jpg,0.7038
55181,,Perfume and Body Mist,,,A2_FashionDataset/FashionDataset/test/images_test/55181.jpg,0.5806
55184,,Perfume and Body Mist,,,A2_FashionDataset/FashionDataset/test/images_test/55184.jpg,0.7498
55185,,Perfume and Body Mist,,,A2_FashionDataset/FashionDataset/test/images_test/55185.jpg,0.5893
55186,,Perfume and Body Mist,,,A2_FashionDataset/FashionDataset/test/images_test/55186.jpg,0.1887
55187,,Perfume and Body Mist,,,A2_FashionDataset/FashionDataset/test/images_test/55187.jpg,0.1369
55190,,Perfume and Body Mist,,,A2_FashionDataset/FashionDataset/test/images_test/55190.jpg,0.6745
55191,,Perfume and Body Mist,,,A2_FashionDataset/FashionDataset/test/images_test/55191.jpg,0.6453
55192,,Perfume and Body Mist,,,A2_FashionDataset/FashionDataset/test/images_test/55192.jpg,0.4782
55194,,Perfume and Body Mist,,,A2_FashionDataset/FashionDataset/test/images_test/55194.jpg,0.1657
55195,,Perfume and Body Mist,,,A2_FashionDataset/FashionDataset/test/images_test/55195.jpg,0.5699
55196,,Shoe Accessories,,,A2_FashionDataset/FashionDataset/test/images_test/55196.jpg,0.2537
55197,,Perfume and Body Mist,,,A2_FashionDataset/FashionDataset/test/images_test/55197.jpg,0.8807
55198,,Deodorant,,,A2_FashionDataset/FashionDataset/test/images_test/55198.jpg,0.3995
55200,,Foundation and Primer,,,A2_FashionDataset/FashionDataset/test/images_test/55200.jpg,0.1567
55201,,Foundation and Primer,,,A2_FashionDataset/FashionDataset/test/images_test/55201.jpg,0.1657
55202,,Rompers,,,A2_FashionDataset/FashionDataset/test/images_test/55202.jpg,0.0589
55203,,Foundation and Primer,,,A2_FashionDataset/FashionDataset/test/images_test/55203.jpg,0.126
55205,,Perfume and Body Mist,,,A2_FashionDataset/FashionDataset/test/images_test/55205.jpg,0.1479
55206,,Lipstick,,,A2_FashionDataset/FashionDataset/test/images_test/55206.jpg,0.6232
55208,,Lipstick,,,A2_FashionDataset/FashionDataset/test/images_test/55208.jpg,0.6202
55209,,Lipstick,,,A2_FashionDataset/FashionDataset/test/images_test/55209.jpg,0.1413
55210,,Lipstick,,,A2_FashionDataset/FashionDataset/test/images_test/55210.jpg,0.149
55211,,Lipstick,,,A2_FashionDataset/FashionDataset/test/images_test/55211.jpg,0.6886
55212,,Lipstick,,,A2_FashionDataset/FashionDataset/test/images_test/55212.jpg,0.1868
55213,,Lipstick,,,A2_FashionDataset/FashionDataset/test/images_test/55213.jpg,0.6332
55214,,Lipstick,,,A2_FashionDataset/FashionDataset/test/images_test/55214.jpg,0.5661
55215,,Lipstick,,,A2_FashionDataset/FashionDataset/test/images_test/55215.jpg,0.3606
55216,,Lipstick,,,A2_FashionDataset/FashionDataset/test/images_test/55216.jpg,0.6443
55217,,Kajal and Eyeliner,,,A2_FashionDataset/FashionDataset/test/images_test/55217.jpg,0.2717
55218,,Kajal and Eyeliner,,,A2_FashionDataset/FashionDataset/test/images_test/55218.jpg,0.7642
55219,,Lip Liner,,,A2_FashionDataset/FashionDataset/test/images_test/55219.jpg,0.5906
55220,,Lip Liner,,,A2_FashionDataset/FashionDataset/test/images_test/55220.jpg,0.6071
55221,,Lip Liner,,,A2_FashionDataset/FashionDataset/test/images_test/55221.jpg,0.5826
55222,,Kajal and Eyeliner,,,A2_FashionDataset/FashionDataset/test/images_test/55222.jpg,0.7819
55223,,Kajal and Eyeliner,,,A2_FashionDataset/FashionDataset/test/images_test/55223.jpg,0.9297
55224,,Kajal and Eyeliner,,,A2_FashionDataset/FashionDataset/test/images_test/55224.jpg,0.9045
55225,,Kajal and Eyeliner,,,A2_FashionDataset/FashionDataset/test/images_test/55225.jpg,0.7001
55226,,Kajal and Eyeliner,,,A2_FashionDataset/FashionDataset/test/images_test/55226.jpg,0.8197
55227,,Foundation and Primer,,,A2_FashionDataset/FashionDataset/test/images_test/55227.jpg,0.2982
55228,,Fragrance Gift Set,,,A2_FashionDataset/FashionDataset/test/images_test/55228.jpg,0.6953
55229,,Lipstick,,,A2_FashionDataset/FashionDataset/test/images_test/55229.jpg,0.2534
55230,,Fragrance Gift Set,,,A2_FashionDataset/FashionDataset/test/images_test/55230.jpg,0.1897
55231,,Fragrance Gift Set,,,A2_FashionDataset/FashionDataset/test/images_test/55231.jpg,0.1926
55232,,Fragrance Gift Set,,,A2_FashionDataset/FashionDataset/test/images_test/55232.jpg,0.188
55233,,Deodorant,,,A2_FashionDataset/FashionDataset/test/images_test/55233.jpg,0.2304
55234,,Deodorant,,,A2_FashionDataset/FashionDataset/test/images_test/55234.jpg,0.6345
55235,,Deodorant,,,A2_FashionDataset/FashionDataset/test/images_test/55235.jpg,0.3983
55236,,Foundation and Primer,,,A2_FashionDataset/FashionDataset/test/images_test/55236.jpg,0.3334
55237,,Foundation and Primer,,,A2_FashionDataset/FashionDataset/test/images_test/55237.jpg,0.2525
55238,,Foundation and Primer,,,A2_FashionDataset/FashionDataset/test/images_test/55238.jpg,0.3114
55239,,Foundation and Primer,,,A2_FashionDataset/FashionDataset/test/images_test/55239.jpg,0.336
55240,,Perfume and Body Mist,,,A2_FashionDataset/FashionDataset/test/images_test/55240.jpg,0.6162
55241,,Perfume and Body Mist,,,A2_FashionDataset/FashionDataset/test/images_test/55241.jpg,0.7092
55242,,Perfume and Body Mist,,,A2_FashionDataset/FashionDataset/test/images_test/55242.jpg,0.6248
55243,,Perfume and Body Mist,,,A2_FashionDataset/FashionDataset/test/images_test/55243.jpg,0.631
55244,,Shoe Accessories,,,A2_FashionDataset/FashionDataset/test/images_test/55244.jpg,0.2843
55245,,Shoe Accessories,,,A2_FashionDataset/FashionDataset/test/images_test/55245.jpg,0.2554
55246,,Shoe Accessories,,,A2_FashionDataset/FashionDataset/test/images_test/55246.jpg,0.2563
55247,,Foundation and Primer,,,A2_FashionDataset/FashionDataset/test/images_test/55247.jpg,0.0972
55248,,Perfume and Body Mist,,,A2_FashionDataset/FashionDataset/test/images_test/55248.jpg,0.1044
55249,,Foundation and Primer,,,A2_FashionDataset/FashionDataset/test/images_test/55249.jpg,0.0815
55250,,Foundation and Primer,,,A2_FashionDataset/FashionDataset/test/images_test/55250.jpg,0.2217
55251,,Backpacks,,,A2_FashionDataset/FashionDataset/test/images_test/55251.jpg,0.14
55252,,Kajal and Eyeliner,,,A2_FashionDataset/FashionDataset/test/images_test/55252.jpg,0.7775
55253,,Kajal and Eyeliner,,,A2_FashionDataset/FashionDataset/test/images_test/55253.jpg,0.6274
55254,,Kajal and Eyeliner,,,A2_FashionDataset/FashionDataset/test/images_test/55254.jpg,0.6309
55255,,Kajal and Eyeliner,,,A2_FashionDataset/FashionDataset/test/images_test/55255.jpg,0.6155
55256,,Kajal and Eyeliner,,,A2_FashionDataset/FashionDataset/test/images_test/55256.jpg,0.4344
55257,,Lip Liner,,,A2_FashionDataset/FashionDataset/test/images_test/55257.jpg,0.6008
55258,,Kajal and Eyeliner,,,A2_FashionDataset/FashionDataset/test/images_test/55258.jpg,0.6856
55259,,Kajal and Eyeliner,,,A2_FashionDataset/FashionDataset/test/images_test/55259.jpg,0.7652
55260,,Lip Liner,,,A2_FashionDataset/FashionDataset/test/images_test/55260.jpg,0.6564
55261,,Kajal and Eyeliner,,,A2_FashionDataset/FashionDataset/test/images_test/55261.jpg,0.6791
55262,,Kajal and Eyeliner,,,A2_FashionDataset/FashionDataset/test/images_test/55262.jpg,0.654
55263,,Lip Liner,,,A2_FashionDataset/FashionDataset/test/images_test/55263.jpg,0.6321
55264,,Lip Liner,,,A2_FashionDataset/FashionDataset/test/images_test/55264.jpg,0.6524
55265,,Lip Liner,,,A2_FashionDataset/FashionDataset/test/images_test/55265.jpg,0.5938
55266,,Kajal and Eyeliner,,,A2_FashionDataset/FashionDataset/test/images_test/55266.jpg,0.7482
55267,,Kajal and Eyeliner,,,A2_FashionDataset/FashionDataset/test/images_test/55267.jpg,0.812
55268,,Kajal and Eyeliner,,,A2_FashionDataset/FashionDataset/test/images_test/55268.jpg,0.8528
55269,,Kajal and Eyeliner,,,A2_FashionDataset/FashionDataset/test/images_test/55269.jpg,0.8518
55270,,Lipstick,,,A2_FashionDataset/FashionDataset/test/images_test/55270.jpg,0.2893
55271,,Kajal and Eyeliner,,,A2_FashionDataset/FashionDataset/test/images_test/55271.jpg,0.7105
55272,,Lip Liner,,,A2_FashionDataset/FashionDataset/test/images_test/55272.jpg,0.6953
55273,,Kajal and Eyeliner,,,A2_FashionDataset/FashionDataset/test/images_test/55273.jpg,0.828
55274,,Kajal and Eyeliner,,,A2_FashionDataset/FashionDataset/test/images_test/55274.jpg,0.8348
55275,,Perfume and Body Mist,,,A2_FashionDataset/FashionDataset/test/images_test/55275.jpg,0.071
55276,,Perfume and Body Mist,,,A2_FashionDataset/FashionDataset/test/images_test/55276.jpg,0.0679
55277,,Wallets,,,A2_FashionDataset/FashionDataset/test/images_test/55277.jpg,0.5629
55278,,Wallets,,,A2_FashionDataset/FashionDataset/test/images_test/55278.jpg,0.5025
55280,,Wallets,,,A2_FashionDataset/FashionDataset/test/images_test/55280.jpg,0.4992
55281,,Foundation and Primer,,,A2_FashionDataset/FashionDataset/test/images_test/55281.jpg,0.2549
55282,,Ring,,,A2_FashionDataset/FashionDataset/test/images_test/55282.jpg,0.1399
55283,,Foundation and Primer,,,A2_FashionDataset/FashionDataset/test/images_test/55283.jpg,0.1344
55284,,Ring,,,A2_FashionDataset/FashionDataset/test/images_test/55284.jpg,0.1427
55285,,Backpacks,,,A2_FashionDataset/FashionDataset/test/images_test/55285.jpg,0.3827
55286,,Wallets,,,A2_FashionDataset/FashionDataset/test/images_test/55286.jpg,0.4509
55287,,Perfume and Body Mist,,,A2_FashionDataset/FashionDataset/test/images_test/55287.jpg,0.2195
55288,,Perfume and Body Mist,,,A2_FashionDataset/FashionDataset/test/images_test/55288.jpg,0.2196
55289,,Perfume and Body Mist,,,A2_FashionDataset/FashionDataset/test/images_test/55289.jpg,0.2196
55290,,Kajal and Eyeliner,,,A2_FashionDataset/FashionDataset/test/images_test/55290.jpg,0.1074
55291,,Kajal and Eyeliner,,,A2_FashionDataset/FashionDataset/test/images_test/55291.jpg,0.1367
55292,,Lipstick,,,A2_FashionDataset/FashionDataset/test/images_test/55292.jpg,0.1598
55293,,Lip Liner,,,A2_FashionDataset/FashionDataset/test/images_test/55293.jpg,0.2897
55294,,Kajal and Eyeliner,,,A2_FashionDataset/FashionDataset/test/images_test/55294.jpg,0.2919
55295,,Kajal and Eyeliner,,,A2_FashionDataset/FashionDataset/test/images_test/55295.jpg,0.3228
55296,,Wallets,,,A2_FashionDataset/FashionDataset/test/images_test/55296.jpg,0.8332
55297,,Wallets,,,A2_FashionDataset/FashionDataset/test/images_test/55297.jpg,0.7301
55298,,Wallets,,,A2_FashionDataset/FashionDataset/test/images_test/55298.jpg,0.8045
55299,,Wallets,,,A2_FashionDataset/FashionDataset/test/images_test/55299.jpg,0.662
55300,,Kajal and Eyeliner,,,A2_FashionDataset/FashionDataset/test/images_test/55300.jpg,0.7889
55301,,Kajal and Eyeliner,,,A2_FashionDataset/FashionDataset/test/images_test/55301.jpg,0.7119
55306,,Socks,,,A2_FashionDataset/FashionDataset/test/images_test/55306.jpg,0.1623
55307,,Socks,,,A2_FashionDataset/FashionDataset/test/images_test/55307.jpg,0.9701
55314,,Socks,,,A2_FashionDataset/FashionDataset/test/images_test/55314.jpg,0.8354
55315,,Socks,,,A2_FashionDataset/FashionDataset/test/images_test/55315.jpg,0.7987
55316,,Socks,,,A2_FashionDataset/FashionDataset/test/images_test/55316.jpg,0.8371
55317,,Foundation and Primer,,,A2_FashionDataset/FashionDataset/test/images_test/55317.jpg,0.3142
55318,,Foundation and Primer,,,A2_FashionDataset/FashionDataset/test/images_test/55318.jpg,0.2132
55319,,Perfume and Body Mist,,,A2_FashionDataset/FashionDataset/test/images_test/55319.jpg,0.5216
55320,,Foundation and Primer,,,A2_FashionDataset/FashionDataset/test/images_test/55320.jpg,0.2724
55321,,Perfume and Body Mist,,,A2_FashionDataset/FashionDataset/test/images_test/55321.jpg,0.5228
55322,,Backpacks,,,A2_FashionDataset/FashionDataset/test/images_test/55322.jpg,0.1809
55323,,Foundation and Primer,,,A2_FashionDataset/FashionDataset/test/images_test/55323.jpg,0.1303
55324,,Perfume and Body Mist,,,A2_FashionDataset/FashionDataset/test/images_test/55324.jpg,0.223
55325,,Wallets,,,A2_FashionDataset/FashionDataset/test/images_test/55325.jpg,0.2527
55326,,Perfume and Body Mist,,,A2_FashionDataset/FashionDataset/test/images_test/55326.jpg,0.6413
55328,,Perfume and Body Mist,,,A2_FashionDataset/FashionDataset/test/images_test/55328.jpg,0.474
55329,,Wallets,,,A2_FashionDataset/FashionDataset/test/images_test/55329.jpg,0.4922
55330,,Foundation and Primer,,,A2_FashionDataset/FashionDataset/test/images_test/55330.jpg,0.4224
55331,,Wallets,,,A2_FashionDataset/FashionDataset/test/images_test/55331.jpg,0.3421
55332,,Foundation and Primer,,,A2_FashionDataset/FashionDataset/test/images_test/55332.jpg,0.418
55333,,Foundation and Primer,,,A2_FashionDataset/FashionDataset/test/images_test/55333.jpg,0.5029
55334,,Waist Pouch,,,A2_FashionDataset/FashionDataset/test/images_test/55334.jpg,0.0653
55335,,Fragrance Gift Set,,,A2_FashionDataset/FashionDataset/test/images_test/55335.jpg,0.0596
55336,,Foundation and Primer,,,A2_FashionDataset/FashionDataset/test/images_test/55336.jpg,0.1645
55337,,Perfume and Body Mist,,,A2_FashionDataset/FashionDataset/test/images_test/55337.jpg,0.3208
55338,,Perfume and Body Mist,,,A2_FashionDataset/FashionDataset/test/images_test/55338.jpg,0.8088
55339,,Perfume and Body Mist,,,A2_FashionDataset/FashionDataset/test/images_test/55339.jpg,0.678
55344,,Perfume and Body Mist,,,A2_FashionDataset/FashionDataset/test/images_test/55344.jpg,0.7768
55347,,Perfume and Body Mist,,,A2_FashionDataset/FashionDataset/test/images_test/55347.jpg,0.6371
55349,,Wallets,,,A2_FashionDataset/FashionDataset/test/images_test/55349.jpg,0.2428
55350,,Waist Pouch,,,A2_FashionDataset/FashionDataset/test/images_test/55350.jpg,0.5237
55351,,Nail Polish,,,A2_FashionDataset/FashionDataset/test/images_test/55351.jpg,0.1662
55352,,Nail Polish,,,A2_FashionDataset/FashionDataset/test/images_test/55352.jpg,0.2148
55354,,Nail Polish,,,A2_FashionDataset/FashionDataset/test/images_test/55354.jpg,0.4351
55357,,Foundation and Primer,,,A2_FashionDataset/FashionDataset/test/images_test/55357.jpg,0.4268
55358,,Nail Polish,,,A2_FashionDataset/FashionDataset/test/images_test/55358.jpg,0.6687
55359,,Nail Polish,,,A2_FashionDataset/FashionDataset/test/images_test/55359.jpg,0.4567
55361,,Nail Polish,,,A2_FashionDataset/FashionDataset/test/images_test/55361.jpg,0.3741
55362,,Perfume and Body Mist,,,A2_FashionDataset/FashionDataset/test/images_test/55362.jpg,0.281
55363,,Nail Polish,,,A2_FashionDataset/FashionDataset/test/images_test/55363.jpg,0.5292
55364,,Nail Polish,,,A2_FashionDataset/FashionDataset/test/images_test/55364.jpg,0.5061
55365,,Foundation and Primer,,,A2_FashionDataset/FashionDataset/test/images_test/55365.jpg,0.419
55366,,Nail Polish,,,A2_FashionDataset/FashionDataset/test/images_test/55366.jpg,0.4687
55368,,Nail Polish,,,A2_FashionDataset/FashionDataset/test/images_test/55368.jpg,0.4561
55369,,Nail Polish,,,A2_FashionDataset/FashionDataset/test/images_test/55369.jpg,0.4487
55370,,Nail Polish,,,A2_FashionDataset/FashionDataset/test/images_test/55370.jpg,0.5421
55373,,Nail Polish,,,A2_FashionDataset/FashionDataset/test/images_test/55373.jpg,0.518
55375,,Foundation and Primer,,,A2_FashionDataset/FashionDataset/test/images_test/55375.jpg,0.3147
55376,,Nail Polish,,,A2_FashionDataset/FashionDataset/test/images_test/55376.jpg,0.4946
55377,,Nail Polish,,,A2_FashionDataset/FashionDataset/test/images_test/55377.jpg,0.6087
55378,,Nail Polish,,,A2_FashionDataset/FashionDataset/test/images_test/55378.jpg,0.4437
55379,,Nail Polish,,,A2_FashionDataset/FashionDataset/test/images_test/55379.jpg,0.6727
55380,,Nail Polish,,,A2_FashionDataset/FashionDataset/test/images_test/55380.jpg,0.6617
55381,,Nail Polish,,,A2_FashionDataset/FashionDataset/test/images_test/55381.jpg,0.6681
55382,,Nail Polish,,,A2_FashionDataset/FashionDataset/test/images_test/55382.jpg,0.4241
55383,,Nail Polish,,,A2_FashionDataset/FashionDataset/test/images_test/55383.jpg,0.3497
55384,,Nail Polish,,,A2_FashionDataset/FashionDataset/test/images_test/55384.jpg,0.4431
55385,,Lipstick,,,A2_FashionDataset/FashionDataset/test/images_test/55385.jpg,0.0904
55387,,Nail Polish,,,A2_FashionDataset/FashionDataset/test/images_test/55387.jpg,0.5024
55388,,Nail Polish,,,A2_FashionDataset/FashionDataset/test/images_test/55388.jpg,0.4261
55389,,Perfume and Body Mist,,,A2_FashionDataset/FashionDataset/test/images_test/55389.jpg,0.8876
55390,,Nail Polish,,,A2_FashionDataset/FashionDataset/test/images_test/55390.jpg,0.3592
55391,,Nail Polish,,,A2_FashionDataset/FashionDataset/test/images_test/55391.jpg,0.2483
55392,,Nail Polish,,,A2_FashionDataset/FashionDataset/test/images_test/55392.jpg,0.4428
55394,,Shoe Accessories,,,A2_FashionDataset/FashionDataset/test/images_test/55394.jpg,0.5132
55395,,Foundation and Primer,,,A2_FashionDataset/FashionDataset/test/images_test/55395.jpg,0.2828
55396,,Kajal and Eyeliner,,,A2_FashionDataset/FashionDataset/test/images_test/55396.jpg,0.6627
55397,,Lipstick,,,A2_FashionDataset/FashionDataset/test/images_test/55397.jpg,0.2832
55398,,Earrings,,,A2_FashionDataset/FashionDataset/test/images_test/55398.jpg,0.1418
55399,,Kajal and Eyeliner,,,A2_FashionDataset/FashionDataset/test/images_test/55399.jpg,0.827
55400,,Kajal and Eyeliner,,,A2_FashionDataset/FashionDataset/test/images_test/55400.jpg,0.7885
55402,,Kajal and Eyeliner,,,A2_FashionDataset/FashionDataset/test/images_test/55402.jpg,0.7845
55407,,Kajal and Eyeliner,,,A2_FashionDataset/FashionDataset/test/images_test/55407.jpg,0.7722
55408,,Kajal and Eyeliner,,,A2_FashionDataset/FashionDataset/test/images_test/55408.jpg,0.6107
55409,,Kajal and Eyeliner,,,A2_FashionDataset/FashionDataset/test/images_test/55409.jpg,0.6918
55410,,Kajal and Eyeliner,,,A2_FashionDataset/FashionDataset/test/images_test/55410.jpg,0.7443
55418,,Lip Liner,,,A2_FashionDataset/FashionDataset/test/images_test/55418.jpg,0.2911
55419,,Lip Liner,,,A2_FashionDataset/FashionDataset/test/images_test/55419.jpg,0.2862
55420,,Lip Liner,,,A2_FashionDataset/FashionDataset/test/images_test/55420.jpg,0.2482
55421,,Lip Liner,,,A2_FashionDataset/FashionDataset/test/images_test/55421.jpg,0.3401
55423,,Lip Liner,,,A2_FashionDataset/FashionDataset/test/images_test/55423.jpg,0.235
55424,,Lip Liner,,,A2_FashionDataset/FashionDataset/test/images_test/55424.jpg,0.3632
55425,,Lip Liner,,,A2_FashionDataset/FashionDataset/test/images_test/55425.jpg,0.356
55426,,Lip Liner,,,A2_FashionDataset/FashionDataset/test/images_test/55426.jpg,0.2335
55427,,Lip Liner,,,A2_FashionDataset/FashionDataset/test/images_test/55427.jpg,0.3402
55428,,Lip Liner,,,A2_FashionDataset/FashionDataset/test/images_test/55428.jpg,0.2517
55429,,Lip Liner,,,A2_FashionDataset/FashionDataset/test/images_test/55429.jpg,0.2558
55430,,Dresses,,,A2_FashionDataset/FashionDataset/test/images_test/55430.jpg,0.4525
55431,,Dresses,,,A2_FashionDataset/FashionDataset/test/images_test/55431.jpg,0.3398
55432,,Dresses,,,A2_FashionDataset/FashionDataset/test/images_test/55432.jpg,0.3932
55433,,Dresses,,,A2_FashionDataset/FashionDataset/test/images_test/55433.jpg,0.4692
55434,,Dresses,,,A2_FashionDataset/FashionDataset/test/images_test/55434.jpg,0.3588
55436,,Dresses,,,A2_FashionDataset/FashionDataset/test/images_test/55436.jpg,0.3565
55437,,Dresses,,,A2_FashionDataset/FashionDataset/test/images_test/55437.jpg,0.459
55438,,Dresses,,,A2_FashionDataset/FashionDataset/test/images_test/55438.jpg,0.3331
55439,,Dresses,,,A2_FashionDataset/FashionDataset/test/images_test/55439.jpg,0.3004
55440,,Dresses,,,A2_FashionDataset/FashionDataset/test/images_test/55440.jpg,0.3968
55441,,Dresses,,,A2_FashionDataset/FashionDataset/test/images_test/55441.jpg,0.2908
55442,,Dresses,,,A2_FashionDataset/FashionDataset/test/images_test/55442.jpg,0.3681
55443,,Lipstick,,,A2_FashionDataset/FashionDataset/test/images_test/55443.jpg,0.7573
55444,,Lipstick,,,A2_FashionDataset/FashionDataset/test/images_test/55444.jpg,0.3203
55445,,Lipstick,,,A2_FashionDataset/FashionDataset/test/images_test/55445.jpg,0.5548
55446,,Lipstick,,,A2_FashionDataset/FashionDataset/test/images_test/55446.jpg,0.307
55447,,Lipstick,,,A2_FashionDataset/FashionDataset/test/images_test/55447.jpg,0.5977
55448,,Lipstick,,,A2_FashionDataset/FashionDataset/test/images_test/55448.jpg,0.6001
55449,,Lipstick,,,A2_FashionDataset/FashionDataset/test/images_test/55449.jpg,0.3123
55450,,Foundation and Primer,,,A2_FashionDataset/FashionDataset/test/images_test/55450.jpg,0.3414
55451,,Lipstick,,,A2_FashionDataset/FashionDataset/test/images_test/55451.jpg,0.5885
55454,,Lipstick,,,A2_FashionDataset/FashionDataset/test/images_test/55454.jpg,0.4678
55455,,Lipstick,,,A2_FashionDataset/FashionDataset/test/images_test/55455.jpg,0.6878
55456,,Lipstick,,,A2_FashionDataset/FashionDataset/test/images_test/55456.jpg,0.143
55457,,Lipstick,,,A2_FashionDataset/FashionDataset/test/images_test/55457.jpg,0.5173
55458,,Lipstick,,,A2_FashionDataset/FashionDataset/test/images_test/55458.jpg,0.5145
55459,,Lipstick,,,A2_FashionDataset/FashionDataset/test/images_test/55459.jpg,0.1337
55460,,Lipstick,,,A2_FashionDataset/FashionDataset/test/images_test/55460.jpg,0.2721
55461,,Lipstick,,,A2_FashionDataset/FashionDataset/test/images_test/55461.jpg,0.1378
55462,,Lipstick,,,A2_FashionDataset/FashionDataset/test/images_test/55462.jpg,0.4981
55463,,Lipstick,,,A2_FashionDataset/FashionDataset/test/images_test/55463.jpg,0.4533
55464,,Lipstick,,,A2_FashionDataset/FashionDataset/test/images_test/55464.jpg,0.4545
55465,,Lipstick,,,A2_FashionDataset/FashionDataset/test/images_test/55465.jpg,0.4422
55466,,Lipstick,,,A2_FashionDataset/FashionDataset/test/images_test/55466.jpg,0.1132
55467,,Lipstick,,,A2_FashionDataset/FashionDataset/test/images_test/55467.jpg,0.1508
55468,,Lipstick,,,A2_FashionDataset/FashionDataset/test/images_test/55468.jpg,0.4538
55469,,Lipstick,,,A2_FashionDataset/FashionDataset/test/images_test/55469.jpg,0.452
55470,,Lipstick,,,A2_FashionDataset/FashionDataset/test/images_test/55470.jpg,0.2862
55471,,Lipstick,,,A2_FashionDataset/FashionDataset/test/images_test/55471.jpg,0.1383
55472,,Lipstick,,,A2_FashionDataset/FashionDataset/test/images_test/55472.jpg,0.1425
55473,,Lipstick,,,A2_FashionDataset/FashionDataset/test/images_test/55473.jpg,0.506
55474,,Kajal and Eyeliner,,,A2_FashionDataset/FashionDataset/test/images_test/55474.jpg,0.7251
55475,,Kajal and Eyeliner,,,A2_FashionDataset/FashionDataset/test/images_test/55475.jpg,0.7265
55476,,Kajal and Eyeliner,,,A2_FashionDataset/FashionDataset/test/images_test/55476.jpg,0.7254
55477,,Kajal and Eyeliner,,,A2_FashionDataset/FashionDataset/test/images_test/55477.jpg,0.7287
55478,,Lip Liner,,,A2_FashionDataset/FashionDataset/test/images_test/55478.jpg,0.6268
55479,,Kajal and Eyeliner,,,A2_FashionDataset/FashionDataset/test/images_test/55479.jpg,0.7319
55480,,Kajal and Eyeliner,,,A2_FashionDataset/FashionDataset/test/images_test/55480.jpg,0.644
55482,,Kajal and Eyeliner,,,A2_FashionDataset/FashionDataset/test/images_test/55482.jpg,0.8816
55485,,Kajal and Eyeliner,,,A2_FashionDataset/FashionDataset/test/images_test/55485.jpg,0.7892
55486,,Kajal and Eyeliner,,,A2_FashionDataset/FashionDataset/test/images_test/55486.jpg,0.5907
55487,,Kajal and Eyeliner,,,A2_FashionDataset/FashionDataset/test/images_test/55487.jpg,0.8662
55488,,Lipstick,,,A2_FashionDataset/FashionDataset/test/images_test/55488.jpg,0.275
55489,,Lipstick,,,A2_FashionDataset/FashionDataset/test/images_test/55489.jpg,0.1308
55490,,Lipstick,,,A2_FashionDataset/FashionDataset/test/images_test/55490.jpg,0.2037
55491,,Lipstick,,,A2_FashionDataset/FashionDataset/test/images_test/55491.jpg,0.2186
55492,,Lipstick,,,A2_FashionDataset/FashionDataset/test/images_test/55492.jpg,0.1865
55493,,Kajal and Eyeliner,,,A2_FashionDataset/FashionDataset/test/images_test/55493.jpg,0.1559
55494,,Lipstick,,,A2_FashionDataset/FashionDataset/test/images_test/55494.jpg,0.1758
55495,,Kajal and Eyeliner,,,A2_FashionDataset/FashionDataset/test/images_test/55495.jpg,0.3196
55496,,Kajal and Eyeliner,,,A2_FashionDataset/FashionDataset/test/images_test/55496.jpg,0.3151
55497,,Lipstick,,,A2_FashionDataset/FashionDataset/test/images_test/55497.jpg,0.2283
55498,,Kajal and Eyeliner,,,A2_FashionDataset/FashionDataset/test/images_test/55498.jpg,0.1905
55499,,Lipstick,,,A2_FashionDataset/FashionDataset/test/images_test/55499.jpg,0.2458
55500,,Kajal and Eyeliner,,,A2_FashionDataset/FashionDataset/test/images_test/55500.jpg,0.2716
55501,,Foundation and Primer,,,A2_FashionDataset/FashionDataset/test/images_test/55501.jpg,0.2472
55502,,Foundation and Primer,,,A2_FashionDataset/FashionDataset/test/images_test/55502.jpg,0.2853
55503,,Foundation and Primer,,,A2_FashionDataset/FashionDataset/test/images_test/55503.jpg,0.1812
55504,,Foundation and Primer,,,A2_FashionDataset/FashionDataset/test/images_test/55504.jpg,0.4276
55505,,Foundation and Primer,,,A2_FashionDataset/FashionDataset/test/images_test/55505.jpg,0.2637
55506,,Foundation and Primer,,,A2_FashionDataset/FashionDataset/test/images_test/55506.jpg,0.1825
55507,,Foundation and Primer,,,A2_FashionDataset/FashionDataset/test/images_test/55507.jpg,0.208
55508,,Foundation and Primer,,,A2_FashionDataset/FashionDataset/test/images_test/55508.jpg,0.4215
55509,,Lipstick,,,A2_FashionDataset/FashionDataset/test/images_test/55509.jpg,0.1966
55510,,Lipstick,,,A2_FashionDataset/FashionDataset/test/images_test/55510.jpg,0.1677
55511,,Lipstick,,,A2_FashionDataset/FashionDataset/test/images_test/55511.jpg,0.1866
55512,,Lipstick,,,A2_FashionDataset/FashionDataset/test/images_test/55512.jpg,0.1704
55513,,Wallets,,,A2_FashionDataset/FashionDataset/test/images_test/55513.jpg,0.2882
55514,,Wallets,,,A2_FashionDataset/FashionDataset/test/images_test/55514.jpg,0.2468
55516,,Perfume and Body Mist,,,A2_FashionDataset/FashionDataset/test/images_test/55516.jpg,0.5214
55517,,Perfume and Body Mist,,,A2_FashionDataset/FashionDataset/test/images_test/55517.jpg,0.5632
55518,,Perfume and Body Mist,,,A2_FashionDataset/FashionDataset/test/images_test/55518.jpg,0.2347
55519,,Perfume and Body Mist,,,A2_FashionDataset/FashionDataset/test/images_test/55519.jpg,0.2704
55520,,Perfume and Body Mist,,,A2_FashionDataset/FashionDataset/test/images_test/55520.jpg,0.2938
55521,,Foundation and Primer,,,A2_FashionDataset/FashionDataset/test/images_test/55521.jpg,0.4266
55522,,Perfume and Body Mist,,,A2_FashionDataset/FashionDataset/test/images_test/55522.jpg,0.2345
55523,,Perfume and Body Mist,,,A2_FashionDataset/FashionDataset/test/images_test/55523.jpg,0.342
55524,,Foundation and Primer,,,A2_FashionDataset/FashionDataset/test/images_test/55524.jpg,0.5036
55525,,Foundation and Primer,,,A2_FashionDataset/FashionDataset/test/images_test/55525.jpg,0.4711
55526,,Waist Pouch,,,A2_FashionDataset/FashionDataset/test/images_test/55526.jpg,0.4233
55527,,Foundation and Primer,,,A2_FashionDataset/FashionDataset/test/images_test/55527.jpg,0.3474
55528,,Shoe Accessories,,,A2_FashionDataset/FashionDataset/test/images_test/55528.jpg,0.2902
55529,,Perfume and Body Mist,,,A2_FashionDataset/FashionDataset/test/images_test/55529.jpg,0.3469
55530,,Foundation and Primer,,,A2_FashionDataset/FashionDataset/test/images_test/55530.jpg,0.4934
55531,,Foundation and Primer,,,A2_FashionDataset/FashionDataset/test/images_test/55531.jpg,0.4977
55532,,Foundation and Primer,,,A2_FashionDataset/FashionDataset/test/images_test/55532.jpg,0.5048
55533,,Perfume and Body Mist,,,A2_FashionDataset/FashionDataset/test/images_test/55533.jpg,0.8091
55534,,Kajal and Eyeliner,,,A2_FashionDataset/FashionDataset/test/images_test/55534.jpg,0.3417
55535,,Foundation and Primer,,,A2_FashionDataset/FashionDataset/test/images_test/55535.jpg,0.5611
55536,,Foundation and Primer,,,A2_FashionDataset/FashionDataset/test/images_test/55536.jpg,0.4356
55537,,Foundation and Primer,,,A2_FashionDataset/FashionDataset/test/images_test/55537.jpg,0.7275
55538,,Foundation and Primer,,,A2_FashionDataset/FashionDataset/test/images_test/55538.jpg,0.3929
55539,,Foundation and Primer,,,A2_FashionDataset/FashionDataset/test/images_test/55539.jpg,0.4996
55540,,Messenger Bag,,,A2_FashionDataset/FashionDataset/test/images_test/55540.jpg,0.1629
55541,,Lip Liner,,,A2_FashionDataset/FashionDataset/test/images_test/55541.jpg,0.4997
55542,,Kajal and Eyeliner,,,A2_FashionDataset/FashionDataset/test/images_test/55542.jpg,0.9212
55543,,Kajal and Eyeliner,,,A2_FashionDataset/FashionDataset/test/images_test/55543.jpg,0.7528
55544,,Kajal and Eyeliner,,,A2_FashionDataset/FashionDataset/test/images_test/55544.jpg,0.7257
55545,,Kajal and Eyeliner,,,A2_FashionDataset/FashionDataset/test/images_test/55545.jpg,0.7643
55546,,Kajal and Eyeliner,,,A2_FashionDataset/FashionDataset/test/images_test/55546.jpg,0.7356
55547,,Lip Liner,,,A2_FashionDataset/FashionDataset/test/images_test/55547.jpg,0.4998
55548,,Kajal and Eyeliner,,,A2_FashionDataset/FashionDataset/test/images_test/55548.jpg,0.5046
55549,,Lip Liner,,,A2_FashionDataset/FashionDataset/test/images_test/55549.jpg,0.6254
55550,,Kajal and Eyeliner,,,A2_FashionDataset/FashionDataset/test/images_test/55550.jpg,0.649
55551,,Lip Liner,,,A2_FashionDataset/FashionDataset/test/images_test/55551.jpg,0.5546
55553,,Kajal and Eyeliner,,,A2_FashionDataset/FashionDataset/test/images_test/55553.jpg,0.9044
55556,,Kajal and Eyeliner,,,A2_FashionDataset/FashionDataset/test/images_test/55556.jpg,0.6855
55557,,Kajal and Eyeliner,,,A2_FashionDataset/FashionDataset/test/images_test/55557.jpg,0.6236
55558,,Kajal and Eyeliner,,,A2_FashionDataset/FashionDataset/test/images_test/55558.jpg,0.5137
55559,,Foundation and Primer,,,A2_FashionDataset/FashionDataset/test/images_test/55559.jpg,0.3379
55560,,Wallets,,,A2_FashionDataset/FashionDataset/test/images_test/55560.jpg,0.1636
55561,,Foundation and Primer,,,A2_FashionDataset/FashionDataset/test/images_test/55561.jpg,0.5684
55564,,Deodorant,,,A2_FashionDataset/FashionDataset/test/images_test/55564.jpg,0.1776
55565,,Deodorant,,,A2_FashionDataset/FashionDataset/test/images_test/55565.jpg,0.8378
55568,,Deodorant,,,A2_FashionDataset/FashionDataset/test/images_test/55568.jpg,0.899
55569,,Water Bottle,,,A2_FashionDataset/FashionDataset/test/images_test/55569.jpg,0.1471
55570,,Deodorant,,,A2_FashionDataset/FashionDataset/test/images_test/55570.jpg,0.8999
55571,,Deodorant,,,A2_FashionDataset/FashionDataset/test/images_test/55571.jpg,0.8948
55572,,Lipstick,,,A2_FashionDataset/FashionDataset/test/images_test/55572.jpg,0.437
55573,,Lipstick,,,A2_FashionDataset/FashionDataset/test/images_test/55573.jpg,0.344
55574,,Wallets,,,A2_FashionDataset/FashionDataset/test/images_test/55574.jpg,0.26
55575,,Foundation and Primer,,,A2_FashionDataset/FashionDataset/test/images_test/55575.jpg,0.1674
55576,,Wallets,,,A2_FashionDataset/FashionDataset/test/images_test/55576.jpg,0.1991
55577,,Foundation and Primer,,,A2_FashionDataset/FashionDataset/test/images_test/55577.jpg,0.1063
55578,,Foundation and Primer,,,A2_FashionDataset/FashionDataset/test/images_test/55578.jpg,0.0825
55579,,Foundation and Primer,,,A2_FashionDataset/FashionDataset/test/images_test/55579.jpg,0.0827
55580,,Foundation and Primer,,,A2_FashionDataset/FashionDataset/test/images_test/55580.jpg,0.1378
55581,,Perfume and Body Mist,,,A2_FashionDataset/FashionDataset/test/images_test/55581.jpg,0.3925
55582,,Perfume and Body Mist,,,A2_FashionDataset/FashionDataset/test/images_test/55582.jpg,0.365
55583,,Shoe Accessories,,,A2_FashionDataset/FashionDataset/test/images_test/55583.jpg,0.3321
55584,,Wallets,,,A2_FashionDataset/FashionDataset/test/images_test/55584.jpg,0.2698
55585,,Tshirts,,,A2_FashionDataset/FashionDataset/test/images_test/55585.jpg,0.2681
55586,,Tshirts,,,A2_FashionDataset/FashionDataset/test/images_test/55586.jpg,0.2992
55587,,Kajal and Eyeliner,,,A2_FashionDataset/FashionDataset/test/images_test/55587.jpg,0.7958
55590,,Shirts,,,A2_FashionDataset/FashionDataset/test/images_test/55590.jpg,0.5912
55591,,Sweatshirts,,,A2_FashionDataset/FashionDataset/test/images_test/55591.jpg,0.3756
55595,,Shirts,,,A2_FashionDataset/FashionDataset/test/images_test/55595.jpg,0.8281
55597,,Shirts,,,A2_FashionDataset/FashionDataset/test/images_test/55597.jpg,0.484
55599,,Shirts,,,A2_FashionDataset/FashionDataset/test/images_test/55599.jpg,0.7663
55608,,Shirts,,,A2_FashionDataset/FashionDataset/test/images_test/55608.jpg,0.6241
55612,,Formal Shoes,,,A2_FashionDataset/FashionDataset/test/images_test/55612.jpg,0.8901
55613,,Formal Shoes,,,A2_FashionDataset/FashionDataset/test/images_test/55613.jpg,0.9565
55614,,Formal Shoes,,,A2_FashionDataset/FashionDataset/test/images_test/55614.jpg,0.9332
55615,,Formal Shoes,,,A2_FashionDataset/FashionDataset/test/images_test/55615.jpg,0.9044
55616,,Formal Shoes,,,A2_FashionDataset/FashionDataset/test/images_test/55616.jpg,0.9599
55617,,Formal Shoes,,,A2_FashionDataset/FashionDataset/test/images_test/55617.jpg,0.9208
55618,,Formal Shoes,,,A2_FashionDataset/FashionDataset/test/images_test/55618.jpg,0.9699
55619,,Formal Shoes,,,A2_FashionDataset/FashionDataset/test/images_test/55619.jpg,0.9735
55620,,Formal Shoes,,,A2_FashionDataset/FashionDataset/test/images_test/55620.jpg,0.9787
55621,,Formal Shoes,,,A2_FashionDataset/FashionDataset/test/images_test/55621.jpg,0.9731
55622,,Formal Shoes,,,A2_FashionDataset/FashionDataset/test/images_test/55622.jpg,0.9806
55623,,Formal Shoes,,,A2_FashionDataset/FashionDataset/test/images_test/55623.jpg,0.9087
55624,,Formal Shoes,,,A2_FashionDataset/FashionDataset/test/images_test/55624.jpg,0.9299
55625,,Formal Shoes,,,A2_FashionDataset/FashionDataset/test/images_test/55625.jpg,0.8761
55626,,Formal Shoes,,,A2_FashionDataset/FashionDataset/test/images_test/55626.jpg,0.718
55627,,Formal Shoes,,,A2_FashionDataset/FashionDataset/test/images_test/55627.jpg,0.6073
55628,,Casual Shoes,,,A2_FashionDataset/FashionDataset/test/images_test/55628.jpg,0.6117
55629,,Casual Shoes,,,A2_FashionDataset/FashionDataset/test/images_test/55629.jpg,0.6913
55630,,Heels,,,A2_FashionDataset/FashionDataset/test/images_test/55630.jpg,0.8517
55631,,Flats,,,A2_FashionDataset/FashionDataset/test/images_test/55631.jpg,0.4052
55632,,Flats,,,A2_FashionDataset/FashionDataset/test/images_test/55632.jpg,0.4888
55633,,Heels,,,A2_FashionDataset/FashionDataset/test/images_test/55633.jpg,0.9203
55634,,Heels,,,A2_FashionDataset/FashionDataset/test/images_test/55634.jpg,0.9269
55635,,Heels,,,A2_FashionDataset/FashionDataset/test/images_test/55635.jpg,0.8524
55636,,Flats,,,A2_FashionDataset/FashionDataset/test/images_test/55636.jpg,0.5848
55637,,Flats,,,A2_FashionDataset/FashionDataset/test/images_test/55637.jpg,0.8528
55638,,Heels,,,A2_FashionDataset/FashionDataset/test/images_test/55638.jpg,0.9226
55639,,Heels,,,A2_FashionDataset/FashionDataset/test/images_test/55639.jpg,0.9012
55640,,Heels,,,A2_FashionDataset/FashionDataset/test/images_test/55640.jpg,0.9725
55641,,Heels,,,A2_FashionDataset/FashionDataset/test/images_test/55641.jpg,0.5954
55642,,Heels,,,A2_FashionDataset/FashionDataset/test/images_test/55642.jpg,0.8762
55643,,Heels,,,A2_FashionDataset/FashionDataset/test/images_test/55643.jpg,0.9825
55644,,Heels,,,A2_FashionDataset/FashionDataset/test/images_test/55644.jpg,0.9437
55645,,Heels,,,A2_FashionDataset/FashionDataset/test/images_test/55645.jpg,0.9038
55646,,Sandals,,,A2_FashionDataset/FashionDataset/test/images_test/55646.jpg,0.3122
55647,,Flip Flops,,,A2_FashionDataset/FashionDataset/test/images_test/55647.jpg,0.1398
55648,,Heels,,,A2_FashionDataset/FashionDataset/test/images_test/55648.jpg,0.6736
55649,,Heels,,,A2_FashionDataset/FashionDataset/test/images_test/55649.jpg,0.9473
55650,,Heels,,,A2_FashionDataset/FashionDataset/test/images_test/55650.jpg,0.8701
55651,,Heels,,,A2_FashionDataset/FashionDataset/test/images_test/55651.jpg,0.4925
55652,,Flats,,,A2_FashionDataset/FashionDataset/test/images_test/55652.jpg,0.4044
55653,,Flats,,,A2_FashionDataset/FashionDataset/test/images_test/55653.jpg,0.4297
55654,,Heels,,,A2_FashionDataset/FashionDataset/test/images_test/55654.jpg,0.7019
55655,,Heels,,,A2_FashionDataset/FashionDataset/test/images_test/55655.jpg,0.9208
55656,,Heels,,,A2_FashionDataset/FashionDataset/test/images_test/55656.jpg,0.9256
55657,,Heels,,,A2_FashionDataset/FashionDataset/test/images_test/55657.jpg,0.912
55783,,Casual Shoes,,,A2_FashionDataset/FashionDataset/test/images_test/55783.jpg,0.859
55784,,Casual Shoes,,,A2_FashionDataset/FashionDataset/test/images_test/55784.jpg,0.8028
55785,,Casual Shoes,,,A2_FashionDataset/FashionDataset/test/images_test/55785.jpg,0.2482
55786,,Tunics,,,A2_FashionDataset/FashionDataset/test/images_test/55786.jpg,0.0945
55787,,Dresses,,,A2_FashionDataset/FashionDataset/test/images_test/55787.jpg,0.505
55788,,Dresses,,,A2_FashionDataset/FashionDataset/test/images_test/55788.jpg,0.8276
55789,,Sarees,,,A2_FashionDataset/FashionDataset/test/images_test/55789.jpg,0.5857
55790,,Sarees,,,A2_FashionDataset/FashionDataset/test/images_test/55790.jpg,0.4868
55791,,Night suits,,,A2_FashionDataset/FashionDataset/test/images_test/55791.jpg,0.5519
55794,,Night suits,,,A2_FashionDataset/FashionDataset/test/images_test/55794.jpg,0.7399
55795,,Night suits,,,A2_FashionDataset/FashionDataset/test/images_test/55795.jpg,0.4223
55796,,Night suits,,,A2_FashionDataset/FashionDataset/test/images_test/55796.jpg,0.4554
55797,,Dresses,,,A2_FashionDataset/FashionDataset/test/images_test/55797.jpg,0.5097
55798,,Nightdress,,,A2_FashionDataset/FashionDataset/test/images_test/55798.jpg,0.4784
55799,,Nightdress,,,A2_FashionDataset/FashionDataset/test/images_test/55799.jpg,0.2247
55800,,Dresses,,,A2_FashionDataset/FashionDataset/test/images_test/55800.jpg,0.5587
55801,,Kurta Sets,,,A2_FashionDataset/FashionDataset/test/images_test/55801.jpg,0.2738
55802,,Night suits,,,A2_FashionDataset/FashionDataset/test/images_test/55802.jpg,0.8657
55803,,Night suits,,,A2_FashionDataset/FashionDataset/test/images_test/55803.jpg,0.9411
55804,,Night suits,,,A2_FashionDataset/FashionDataset/test/images_test/55804.jpg,0.9776
55805,,Jumpsuit,,,A2_FashionDataset/FashionDataset/test/images_test/55805.jpg,0.4591
55806,,Night suits,,,A2_FashionDataset/FashionDataset/test/images_test/55806.jpg,0.7779
55807,,Night suits,,,A2_FashionDataset/FashionDataset/test/images_test/55807.jpg,0.8683
55809,,Night suits,,,A2_FashionDataset/FashionDataset/test/images_test/55809.jpg,0.7318
55810,,Night suits,,,A2_FashionDataset/FashionDataset/test/images_test/55810.jpg,0.3025
55811,,Night suits,,,A2_FashionDataset/FashionDataset/test/images_test/55811.jpg,0.6169
55812,,Night suits,,,A2_FashionDataset/FashionDataset/test/images_test/55812.jpg,0.9392
55813,,Night suits,,,A2_FashionDataset/FashionDataset/test/images_test/55813.jpg,0.6264
55814,,Night suits,,,A2_FashionDataset/FashionDataset/test/images_test/55814.jpg,0.3153
55817,,Kurta Sets,,,A2_FashionDataset/FashionDataset/test/images_test/55817.jpg,0.7504
55818,,Kurta Sets,,,A2_FashionDataset/FashionDataset/test/images_test/55818.jpg,0.2981
55819,,Night suits,,,A2_FashionDataset/FashionDataset/test/images_test/55819.jpg,0.7135
55821,,Night suits,,,A2_FashionDataset/FashionDataset/test/images_test/55821.jpg,0.691
55822,,Night suits,,,A2_FashionDataset/FashionDataset/test/images_test/55822.jpg,0.402
55823,,Night suits,,,A2_FashionDataset/FashionDataset/test/images_test/55823.jpg,0.7878
55824,,Night suits,,,A2_FashionDataset/FashionDataset/test/images_test/55824.jpg,0.4684
55825,,Kurta Sets,,,A2_FashionDataset/FashionDataset/test/images_test/55825.jpg,0.8271
55826,,Kurta Sets,,,A2_FashionDataset/FashionDataset/test/images_test/55826.jpg,0.9355
55827,,Kurta Sets,,,A2_FashionDataset/FashionDataset/test/images_test/55827.jpg,0.4871
55828,,Night suits,,,A2_FashionDataset/FashionDataset/test/images_test/55828.jpg,0.393
55829,,Night suits,,,A2_FashionDataset/FashionDataset/test/images_test/55829.jpg,0.5143
55830,,Kurta Sets,,,A2_FashionDataset/FashionDataset/test/images_test/55830.jpg,0.8816
55831,,Kurta Sets,,,A2_FashionDataset/FashionDataset/test/images_test/55831.jpg,0.7313
55832,,Kurta Sets,,,A2_FashionDataset/FashionDataset/test/images_test/55832.jpg,0.6207
55833,,Kajal and Eyeliner,,,A2_FashionDataset/FashionDataset/test/images_test/55833.jpg,0.9258
55834,,Gloves,,,A2_FashionDataset/FashionDataset/test/images_test/55834.jpg,0.0996
55835,,Foundation and Primer,,,A2_FashionDataset/FashionDataset/test/images_test/55835.jpg,0.2834
55836,,Perfume and Body Mist,,,A2_FashionDataset/FashionDataset/test/images_test/55836.jpg,0.4378
55837,,Perfume and Body Mist,,,A2_FashionDataset/FashionDataset/test/images_test/55837.jpg,0.3203
55838,,Perfume and Body Mist,,,A2_FashionDataset/FashionDataset/test/images_test/55838.jpg,0.3367
55839,,Perfume and Body Mist,,,A2_FashionDataset/FashionDataset/test/images_test/55839.jpg,0.4793
55840,,Perfume and Body Mist,,,A2_FashionDataset/FashionDataset/test/images_test/55840.jpg,0.388
55841,,Shoe Accessories,,,A2_FashionDataset/FashionDataset/test/images_test/55841.jpg,0.2072
55842,,Perfume and Body Mist,,,A2_FashionDataset/FashionDataset/test/images_test/55842.jpg,0.3983
55843,,Perfume and Body Mist,,,A2_FashionDataset/FashionDataset/test/images_test/55843.jpg,0.3587
55844,,Perfume and Body Mist,,,A2_FashionDataset/FashionDataset/test/images_test/55844.jpg,0.3574
55845,,Perfume and Body Mist,,,A2_FashionDataset/FashionDataset/test/images_test/55845.jpg,0.4513
55846,,Perfume and Body Mist,,,A2_FashionDataset/FashionDataset/test/images_test/55846.jpg,0.5143
55847,,Perfume and Body Mist,,,A2_FashionDataset/FashionDataset/test/images_test/55847.jpg,0.3531
55848,,Socks,,,A2_FashionDataset/FashionDataset/test/images_test/55848.jpg,0.2712
55849,,Perfume and Body Mist,,,A2_FashionDataset/FashionDataset/test/images_test/55849.jpg,0.4994
55850,,Perfume and Body Mist,,,A2_FashionDataset/FashionDataset/test/images_test/55850.jpg,0.355
55851,,Perfume and Body Mist,,,A2_FashionDataset/FashionDataset/test/images_test/55851.jpg,0.3121
55852,,Perfume and Body Mist,,,A2_FashionDataset/FashionDataset/test/images_test/55852.jpg,0.4941
55853,,Perfume and Body Mist,,,A2_FashionDataset/FashionDataset/test/images_test/55853.jpg,0.4982
55854,,Perfume and Body Mist,,,A2_FashionDataset/FashionDataset/test/images_test/55854.jpg,0.3321
55855,,Perfume and Body Mist,,,A2_FashionDataset/FashionDataset/test/images_test/55855.jpg,0.3041
55856,,Perfume and Body Mist,,,A2_FashionDataset/FashionDataset/test/images_test/55856.jpg,0.3917
55857,,Perfume and Body Mist,,,A2_FashionDataset/FashionDataset/test/images_test/55857.jpg,0.4912
55858,,Perfume and Body Mist,,,A2_FashionDataset/FashionDataset/test/images_test/55858.jpg,0.2335
55859,,Foundation and Primer,,,A2_FashionDataset/FashionDataset/test/images_test/55859.jpg,0.2227
55860,,Perfume and Body Mist,,,A2_FashionDataset/FashionDataset/test/images_test/55860.jpg,0.5644
55861,,Lipstick,,,A2_FashionDataset/FashionDataset/test/images_test/55861.jpg,0.1806
55862,,Lipstick,,,A2_FashionDataset/FashionDataset/test/images_test/55862.jpg,0.1944
55863,,Lipstick,,,A2_FashionDataset/FashionDataset/test/images_test/55863.jpg,0.1475
55864,,Lipstick,,,A2_FashionDataset/FashionDataset/test/images_test/55864.jpg,0.2157
55865,,Lipstick,,,A2_FashionDataset/FashionDataset/test/images_test/55865.jpg,0.2705
55866,,Perfume and Body Mist,,,A2_FashionDataset/FashionDataset/test/images_test/55866.jpg,0.5406
55867,,Fragrance Gift Set,,,A2_FashionDataset/FashionDataset/test/images_test/55867.jpg,0.0705
55868,,Perfume and Body Mist,,,A2_FashionDataset/FashionDataset/test/images_test/55868.jpg,0.157
55869,,Tshirts,,,A2_FashionDataset/FashionDataset/test/images_test/55869.jpg,0.0894
55870,,Lipstick,,,A2_FashionDataset/FashionDataset/test/images_test/55870.jpg,0.2677
55871,,Perfume and Body Mist,,,A2_FashionDataset/FashionDataset/test/images_test/55871.jpg,0.1801
55872,,Lipstick,,,A2_FashionDataset/FashionDataset/test/images_test/55872.jpg,0.1607
55873,,Lipstick,,,A2_FashionDataset/FashionDataset/test/images_test/55873.jpg,0.1996
55874,,Foundation and Primer,,,A2_FashionDataset/FashionDataset/test/images_test/55874.jpg,0.246
55875,,Foundation and Primer,,,A2_FashionDataset/FashionDataset/test/images_test/55875.jpg,0.252
55876,,Lipstick,,,A2_FashionDataset/FashionDataset/test/images_test/55876.jpg,0.2081
55877,,Perfume and Body Mist,,,A2_FashionDataset/FashionDataset/test/images_test/55877.jpg,0.3008
55878,,Foundation and Primer,,,A2_FashionDataset/FashionDataset/test/images_test/55878.jpg,0.2263
55879,,Perfume and Body Mist,,,A2_FashionDataset/FashionDataset/test/images_test/55879.jpg,0.2182
55880,,Perfume and Body Mist,,,A2_FashionDataset/FashionDataset/test/images_test/55880.jpg,0.7172
55881,,Lipstick,,,A2_FashionDataset/FashionDataset/test/images_test/55881.jpg,0.224
55882,,Lipstick,,,A2_FashionDataset/FashionDataset/test/images_test/55882.jpg,0.2074
55883,,Rompers,,,A2_FashionDataset/FashionDataset/test/images_test/55883.jpg,0.0695
55884,,Perfume and Body Mist,,,A2_FashionDataset/FashionDataset/test/images_test/55884.jpg,0.2848
55885,,Perfume and Body Mist,,,A2_FashionDataset/FashionDataset/test/images_test/55885.jpg,0.4252
55886,,Lipstick,,,A2_FashionDataset/FashionDataset/test/images_test/55886.jpg,0.1543
55887,,Lipstick,,,A2_FashionDataset/FashionDataset/test/images_test/55887.jpg,0.2404
55888,,Lipstick,,,A2_FashionDataset/FashionDataset/test/images_test/55888.jpg,0.1698
55889,,Lipstick,,,A2_FashionDataset/FashionDataset/test/images_test/55889.jpg,0.1681
55890,,Perfume and Body Mist,,,A2_FashionDataset/FashionDataset/test/images_test/55890.jpg,0.337
55891,,Perfume and Body Mist,,,A2_FashionDataset/FashionDataset/test/images_test/55891.jpg,0.3726
55892,,Perfume and Body Mist,,,A2_FashionDataset/FashionDataset/test/images_test/55892.jpg,0.2689
55893,,Perfume and Body Mist,,,A2_FashionDataset/FashionDataset/test/images_test/55893.jpg,0.2781
55894,,Perfume and Body Mist,,,A2_FashionDataset/FashionDataset/test/images_test/55894.jpg,0.336
55895,,Perfume and Body Mist,,,A2_FashionDataset/FashionDataset/test/images_test/55895.jpg,0.1857
55896,,Perfume and Body Mist,,,A2_FashionDataset/FashionDataset/test/images_test/55896.jpg,0.431
55897,,Lipstick,,,A2_FashionDataset/FashionDataset/test/images_test/55897.jpg,0.1671
55898,,Earrings,,,A2_FashionDataset/FashionDataset/test/images_test/55898.jpg,0.0709
55899,,Lipstick,,,A2_FashionDataset/FashionDataset/test/images_test/55899.jpg,0.2159
55900,,Perfume and Body Mist,,,A2_FashionDataset/FashionDataset/test/images_test/55900.jpg,0.4259
55901,,Earrings,,,A2_FashionDataset/FashionDataset/test/images_test/55901.jpg,0.117
55902,,Perfume and Body Mist,,,A2_FashionDataset/FashionDataset/test/images_test/55902.jpg,0.2168
55903,,Perfume and Body Mist,,,A2_FashionDataset/FashionDataset/test/images_test/55903.jpg,0.4583
55904,,Perfume and Body Mist,,,A2_FashionDataset/FashionDataset/test/images_test/55904.jpg,0.1343
55905,,Lipstick,,,A2_FashionDataset/FashionDataset/test/images_test/55905.jpg,0.1077
55906,,Perfume and Body Mist,,,A2_FashionDataset/FashionDataset/test/images_test/55906.jpg,0.2721
55907,,Perfume and Body Mist,,,A2_FashionDataset/FashionDataset/test/images_test/55907.jpg,0.2774
55909,,Perfume and Body Mist,,,A2_FashionDataset/FashionDataset/test/images_test/55909.jpg,0.2212
55910,,Perfume and Body Mist,,,A2_FashionDataset/FashionDataset/test/images_test/55910.jpg,0.4066
55911,,Perfume and Body Mist,,,A2_FashionDataset/FashionDataset/test/images_test/55911.jpg,0.9145
55912,,Perfume and Body Mist,,,A2_FashionDataset/FashionDataset/test/images_test/55912.jpg,0.3626
55913,,Perfume and Body Mist,,,A2_FashionDataset/FashionDataset/test/images_test/55913.jpg,0.4433
55914,,Foundation and Primer,,,A2_FashionDataset/FashionDataset/test/images_test/55914.jpg,0.323
55915,,Perfume and Body Mist,,,A2_FashionDataset/FashionDataset/test/images_test/55915.jpg,0.4713
55916,,Perfume and Body Mist,,,A2_FashionDataset/FashionDataset/test/images_test/55916.jpg,0.1589
55917,,Perfume and Body Mist,,,A2_FashionDataset/FashionDataset/test/images_test/55917.jpg,0.8864
55918,,Foundation and Primer,,,A2_FashionDataset/FashionDataset/test/images_test/55918.jpg,0.1843
55919,,Lipstick,,,A2_FashionDataset/FashionDataset/test/images_test/55919.jpg,0.2054
55920,,Foundation and Primer,,,A2_FashionDataset/FashionDataset/test/images_test/55920.jpg,0.2152
55921,,Perfume and Body Mist,,,A2_FashionDataset/FashionDataset/test/images_test/55921.jpg,0.4833
55922,,Foundation and Primer,,,A2_FashionDataset/FashionDataset/test/images_test/55922.jpg,0.2046
55923,,Perfume and Body Mist,,,A2_FashionDataset/FashionDataset/test/images_test/55923.jpg,0.1876
55924,,Perfume and Body Mist,,,A2_FashionDataset/FashionDataset/test/images_test/55924.jpg,0.425
55925,,Foundation and Primer,,,A2_FashionDataset/FashionDataset/test/images_test/55925.jpg,0.2435
55926,,Perfume and Body Mist,,,A2_FashionDataset/FashionDataset/test/images_test/55926.jpg,0.324
55927,,Perfume and Body Mist,,,A2_FashionDataset/FashionDataset/test/images_test/55927.jpg,0.2355
55928,,Perfume and Body Mist,,,A2_FashionDataset/FashionDataset/test/images_test/55928.jpg,0.56
55929,,Perfume and Body Mist,,,A2_FashionDataset/FashionDataset/test/images_test/55929.jpg,0.3525
55930,,Perfume and Body Mist,,,A2_FashionDataset/FashionDataset/test/images_test/55930.jpg,0.3352
55931,,Perfume and Body Mist,,,A2_FashionDataset/FashionDataset/test/images_test/55931.jpg,0.4867
55932,,Perfume and Body Mist,,,A2_FashionDataset/FashionDataset/test/images_test/55932.jpg,0.5364
55933,,Foundation and Primer,,,A2_FashionDataset/FashionDataset/test/images_test/55933.jpg,0.2225
55935,,Foundation and Primer,,,A2_FashionDataset/FashionDataset/test/images_test/55935.jpg,0.2576
55936,,Perfume and Body Mist,,,A2_FashionDataset/FashionDataset/test/images_test/55936.jpg,0.3589
55937,,Foundation and Primer,,,A2_FashionDataset/FashionDataset/test/images_test/55937.jpg,0.213
55938,,Perfume and Body Mist,,,A2_FashionDataset/FashionDataset/test/images_test/55938.jpg,0.2359
55939,,Foundation and Primer,,,A2_FashionDataset/FashionDataset/test/images_test/55939.jpg,0.2552
55940,,Perfume and Body Mist,,,A2_FashionDataset/FashionDataset/test/images_test/55940.jpg,0.3306
55941,,Foundation and Primer,,,A2_FashionDataset/FashionDataset/test/images_test/55941.jpg,0.2554
55942,,Foundation and Primer,,,A2_FashionDataset/FashionDataset/test/images_test/55942.jpg,0.2541
55943,,Perfume and Body Mist,,,A2_FashionDataset/FashionDataset/test/images_test/55943.jpg,0.3444
55944,,Foundation and Primer,,,A2_FashionDataset/FashionDataset/test/images_test/55944.jpg,0.3074
55945,,Foundation and Primer,,,A2_FashionDataset/FashionDataset/test/images_test/55945.jpg,0.2516
55946,,Perfume and Body Mist,,,A2_FashionDataset/FashionDataset/test/images_test/55946.jpg,0.3259
55947,,Perfume and Body Mist,,,A2_FashionDataset/FashionDataset/test/images_test/55947.jpg,0.454
55948,,Perfume and Body Mist,,,A2_FashionDataset/FashionDataset/test/images_test/55948.jpg,0.4147
55949,,Foundation and Primer,,,A2_FashionDataset/FashionDataset/test/images_test/55949.jpg,0.1996
55950,,Perfume and Body Mist,,,A2_FashionDataset/FashionDataset/test/images_test/55950.jpg,0.173
55951,,Perfume and Body Mist,,,A2_FashionDataset/FashionDataset/test/images_test/55951.jpg,0.2302
55952,,Perfume and Body Mist,,,A2_FashionDataset/FashionDataset/test/images_test/55952.jpg,0.3309
55953,,Perfume and Body Mist,,,A2_FashionDataset/FashionDataset/test/images_test/55953.jpg,0.419
55954,,Lipstick,,,A2_FashionDataset/FashionDataset/test/images_test/55954.jpg,0.2321
55955,,Perfume and Body Mist,,,A2_FashionDataset/FashionDataset/test/images_test/55955.jpg,0.3412
55956,,Kajal and Eyeliner,,,A2_FashionDataset/FashionDataset/test/images_test/55956.jpg,0.3839
55957,,Lipstick,,,A2_FashionDataset/FashionDataset/test/images_test/55957.jpg,0.2861
55958,,Lipstick,,,A2_FashionDataset/FashionDataset/test/images_test/55958.jpg,0.3684
55959,,Lipstick,,,A2_FashionDataset/FashionDataset/test/images_test/55959.jpg,0.2823
55960,,Lipstick,,,A2_FashionDataset/FashionDataset/test/images_test/55960.jpg,0.2727
55961,,Lipstick,,,A2_FashionDataset/FashionDataset/test/images_test/55961.jpg,0.2654
55962,,Lipstick,,,A2_FashionDataset/FashionDataset/test/images_test/55962.jpg,0.3254
55963,,Kajal and Eyeliner,,,A2_FashionDataset/FashionDataset/test/images_test/55963.jpg,0.225
55964,,Lipstick,,,A2_FashionDataset/FashionDataset/test/images_test/55964.jpg,0.2926
55965,,Lipstick,,,A2_FashionDataset/FashionDataset/test/images_test/55965.jpg,0.4371
55966,,Lipstick,,,A2_FashionDataset/FashionDataset/test/images_test/55966.jpg,0.4488
55967,,Lipstick,,,A2_FashionDataset/FashionDataset/test/images_test/55967.jpg,0.4266
55968,,Lipstick,,,A2_FashionDataset/FashionDataset/test/images_test/55968.jpg,0.2675
55969,,Lipstick,,,A2_FashionDataset/FashionDataset/test/images_test/55969.jpg,0.4883
55970,,Lipstick,,,A2_FashionDataset/FashionDataset/test/images_test/55970.jpg,0.4231
55971,,Lipstick,,,A2_FashionDataset/FashionDataset/test/images_test/55971.jpg,0.4736
55972,,Lipstick,,,A2_FashionDataset/FashionDataset/test/images_test/55972.jpg,0.4018
55973,,Lipstick,,,A2_FashionDataset/FashionDataset/test/images_test/55973.jpg,0.385
55974,,Lipstick,,,A2_FashionDataset/FashionDataset/test/images_test/55974.jpg,0.3856
55975,,Lipstick,,,A2_FashionDataset/FashionDataset/test/images_test/55975.jpg,0.4536
55976,,Lipstick,,,A2_FashionDataset/FashionDataset/test/images_test/55976.jpg,0.4994
55977,,Perfume and Body Mist,,,A2_FashionDataset/FashionDataset/test/images_test/55977.jpg,0.2564
55978,,Lipstick,,,A2_FashionDataset/FashionDataset/test/images_test/55978.jpg,0.694
55979,,Lipstick,,,A2_FashionDataset/FashionDataset/test/images_test/55979.jpg,0.6065
55980,,Lipstick,,,A2_FashionDataset/FashionDataset/test/images_test/55980.jpg,0.3694
55981,,Lipstick,,,A2_FashionDataset/FashionDataset/test/images_test/55981.jpg,0.365
55982,,Lipstick,,,A2_FashionDataset/FashionDataset/test/images_test/55982.jpg,0.5475
55983,,Lipstick,,,A2_FashionDataset/FashionDataset/test/images_test/55983.jpg,0.4175
55984,,Lipstick,,,A2_FashionDataset/FashionDataset/test/images_test/55984.jpg,0.4288
55985,,Lipstick,,,A2_FashionDataset/FashionDataset/test/images_test/55985.jpg,0.4397
55986,,Lipstick,,,A2_FashionDataset/FashionDataset/test/images_test/55986.jpg,0.4573
55987,,Lipstick,,,A2_FashionDataset/FashionDataset/test/images_test/55987.jpg,0.328
55988,,Lipstick,,,A2_FashionDataset/FashionDataset/test/images_test/55988.jpg,0.2245
55989,,Socks,,,A2_FashionDataset/FashionDataset/test/images_test/55989.jpg,0.1484
55990,,Lipstick,,,A2_FashionDataset/FashionDataset/test/images_test/55990.jpg,0.3024
55991,,Lipstick,,,A2_FashionDataset/FashionDataset/test/images_test/55991.jpg,0.6401
55992,,Lipstick,,,A2_FashionDataset/FashionDataset/test/images_test/55992.jpg,0.3402
55993,,Lipstick,,,A2_FashionDataset/FashionDataset/test/images_test/55993.jpg,0.4512
55994,,Lipstick,,,A2_FashionDataset/FashionDataset/test/images_test/55994.jpg,0.3881
55995,,Lipstick,,,A2_FashionDataset/FashionDataset/test/images_test/55995.jpg,0.4365
55996,,Lipstick,,,A2_FashionDataset/FashionDataset/test/images_test/55996.jpg,0.2963
55997,,Lipstick,,,A2_FashionDataset/FashionDataset/test/images_test/55997.jpg,0.3839
55998,,Lipstick,,,A2_FashionDataset/FashionDataset/test/images_test/55998.jpg,0.4635
55999,,Lipstick,,,A2_FashionDataset/FashionDataset/test/images_test/55999.jpg,0.4598
56000,,Lipstick,,,A2_FashionDataset/FashionDataset/test/images_test/56000.jpg,0.5045
56001,,Lipstick,,,A2_FashionDataset/FashionDataset/test/images_test/56001.jpg,0.4321
56002,,Lipstick,,,A2_FashionDataset/FashionDataset/test/images_test/56002.jpg,0.4205
56003,,Lipstick,,,A2_FashionDataset/FashionDataset/test/images_test/56003.jpg,0.4413
56004,,Lipstick,,,A2_FashionDataset/FashionDataset/test/images_test/56004.jpg,0.3672
56005,,Lipstick,,,A2_FashionDataset/FashionDataset/test/images_test/56005.jpg,0.3299
56006,,Lipstick,,,A2_FashionDataset/FashionDataset/test/images_test/56006.jpg,0.2022
56007,,Lipstick,,,A2_FashionDataset/FashionDataset/test/images_test/56007.jpg,0.5631
56008,,Gloves,,,A2_FashionDataset/FashionDataset/test/images_test/56008.jpg,0.1661
56009,,Lipstick,,,A2_FashionDataset/FashionDataset/test/images_test/56009.jpg,0.557
56010,,Lipstick,,,A2_FashionDataset/FashionDataset/test/images_test/56010.jpg,0.4573
56011,,Lipstick,,,A2_FashionDataset/FashionDataset/test/images_test/56011.jpg,0.5987
56012,,Lipstick,,,A2_FashionDataset/FashionDataset/test/images_test/56012.jpg,0.503
56013,,Lipstick,,,A2_FashionDataset/FashionDataset/test/images_test/56013.jpg,0.5049
56014,,Lipstick,,,A2_FashionDataset/FashionDataset/test/images_test/56014.jpg,0.5128
56015,,Lipstick,,,A2_FashionDataset/FashionDataset/test/images_test/56015.jpg,0.6284
56016,,Waistcoat,,,A2_FashionDataset/FashionDataset/test/images_test/56016.jpg,0.2034
56017,,Lipstick,,,A2_FashionDataset/FashionDataset/test/images_test/56017.jpg,0.6479
56018,,Lipstick,,,A2_FashionDataset/FashionDataset/test/images_test/56018.jpg,0.5205
56019,,Lipstick,,,A2_FashionDataset/FashionDataset/test/images_test/56019.jpg,0.5084
56020,,Lipstick,,,A2_FashionDataset/FashionDataset/test/images_test/56020.jpg,0.6109
56021,,Lipstick,,,A2_FashionDataset/FashionDataset/test/images_test/56021.jpg,0.5348
56022,,Lipstick,,,A2_FashionDataset/FashionDataset/test/images_test/56022.jpg,0.4994
56023,,Lipstick,,,A2_FashionDataset/FashionDataset/test/images_test/56023.jpg,0.5728
56024,,Lipstick,,,A2_FashionDataset/FashionDataset/test/images_test/56024.jpg,0.4038
56025,,Lipstick,,,A2_FashionDataset/FashionDataset/test/images_test/56025.jpg,0.5049
56026,,Lipstick,,,A2_FashionDataset/FashionDataset/test/images_test/56026.jpg,0.532
56027,,Lipstick,,,A2_FashionDataset/FashionDataset/test/images_test/56027.jpg,0.4922
56028,,Lipstick,,,A2_FashionDataset/FashionDataset/test/images_test/56028.jpg,0.5167
56029,,Lipstick,,,A2_FashionDataset/FashionDataset/test/images_test/56029.jpg,0.54
56030,,Lipstick,,,A2_FashionDataset/FashionDataset/test/images_test/56030.jpg,0.4064
56031,,Lipstick,,,A2_FashionDataset/FashionDataset/test/images_test/56031.jpg,0.5257
56032,,Lipstick,,,A2_FashionDataset/FashionDataset/test/images_test/56032.jpg,0.6016
56033,,Lipstick,,,A2_FashionDataset/FashionDataset/test/images_test/56033.jpg,0.588
56034,,Lipstick,,,A2_FashionDataset/FashionDataset/test/images_test/56034.jpg,0.5485
56035,,Lipstick,,,A2_FashionDataset/FashionDataset/test/images_test/56035.jpg,0.5456
56036,,Lipstick,,,A2_FashionDataset/FashionDataset/test/images_test/56036.jpg,0.5717
56037,,Lipstick,,,A2_FashionDataset/FashionDataset/test/images_test/56037.jpg,0.4987
56038,,Lipstick,,,A2_FashionDataset/FashionDataset/test/images_test/56038.jpg,0.5451
56039,,Lipstick,,,A2_FashionDataset/FashionDataset/test/images_test/56039.jpg,0.4509
56040,,Kajal and Eyeliner,,,A2_FashionDataset/FashionDataset/test/images_test/56040.jpg,0.2114
56041,,Kajal and Eyeliner,,,A2_FashionDataset/FashionDataset/test/images_test/56041.jpg,0.1944
56042,,Kajal and Eyeliner,,,A2_FashionDataset/FashionDataset/test/images_test/56042.jpg,0.2632
56043,,Lipstick,,,A2_FashionDataset/FashionDataset/test/images_test/56043.jpg,0.2333
56044,,Lipstick,,,A2_FashionDataset/FashionDataset/test/images_test/56044.jpg,0.238
56045,,Lipstick,,,A2_FashionDataset/FashionDataset/test/images_test/56045.jpg,0.2528
56046,,Lipstick,,,A2_FashionDataset/FashionDataset/test/images_test/56046.jpg,0.3106
56047,,Kajal and Eyeliner,,,A2_FashionDataset/FashionDataset/test/images_test/56047.jpg,0.2409
56048,,Kajal and Eyeliner,,,A2_FashionDataset/FashionDataset/test/images_test/56048.jpg,0.2183
56049,,Kajal and Eyeliner,,,A2_FashionDataset/FashionDataset/test/images_test/56049.jpg,0.213
56050,,Kajal and Eyeliner,,,A2_FashionDataset/FashionDataset/test/images_test/56050.jpg,0.2263
56051,,Kajal and Eyeliner,,,A2_FashionDataset/FashionDataset/test/images_test/56051.jpg,0.3904
56052,,Kajal and Eyeliner,,,A2_FashionDataset/FashionDataset/test/images_test/56052.jpg,0.1621
56053,,Kajal and Eyeliner,,,A2_FashionDataset/FashionDataset/test/images_test/56053.jpg,0.2065
56054,,Kajal and Eyeliner,,,A2_FashionDataset/FashionDataset/test/images_test/56054.jpg,0.1693
56055,,Kajal and Eyeliner,,,A2_FashionDataset/FashionDataset/test/images_test/56055.jpg,0.2017
56056,,Kajal and Eyeliner,,,A2_FashionDataset/FashionDataset/test/images_test/56056.jpg,0.168
56057,,Kajal and Eyeliner,,,A2_FashionDataset/FashionDataset/test/images_test/56057.jpg,0.1784
56058,,Kajal and Eyeliner,,,A2_FashionDataset/FashionDataset/test/images_test/56058.jpg,0.1939
56059,,Kajal and Eyeliner,,,A2_FashionDataset/FashionDataset/test/images_test/56059.jpg,0.2009
56060,,Kajal and Eyeliner,,,A2_FashionDataset/FashionDataset/test/images_test/56060.jpg,0.1799
56061,,Kajal and Eyeliner,,,A2_FashionDataset/FashionDataset/test/images_test/56061.jpg,0.1816
56062,,Kajal and Eyeliner,,,A2_FashionDataset/FashionDataset/test/images_test/56062.jpg,0.1274
56063,,Kajal and Eyeliner,,,A2_FashionDataset/FashionDataset/test/images_test/56063.jpg,0.1798
56064,,Kajal and Eyeliner,,,A2_FashionDataset/FashionDataset/test/images_test/56064.jpg,0.1705
56065,,Kajal and Eyeliner,,,A2_FashionDataset/FashionDataset/test/images_test/56065.jpg,0.1595
56066,,Lipstick,,,A2_FashionDataset/FashionDataset/test/images_test/56066.jpg,0.2871
56067,,Foundation and Primer,,,A2_FashionDataset/FashionDataset/test/images_test/56067.jpg,0.2719
56068,,Lipstick,,,A2_FashionDataset/FashionDataset/test/images_test/56068.jpg,0.0923
56069,,Kajal and Eyeliner,,,A2_FashionDataset/FashionDataset/test/images_test/56069.jpg,0.4181
56070,,Kajal and Eyeliner,,,A2_FashionDataset/FashionDataset/test/images_test/56070.jpg,0.8237
56071,,Kajal and Eyeliner,,,A2_FashionDataset/FashionDataset/test/images_test/56071.jpg,0.437
56072,,Kajal and Eyeliner,,,A2_FashionDataset/FashionDataset/test/images_test/56072.jpg,0.3489
56073,,Kajal and Eyeliner,,,A2_FashionDataset/FashionDataset/test/images_test/56073.jpg,0.1529
56074,,Kajal and Eyeliner,,,A2_FashionDataset/FashionDataset/test/images_test/56074.jpg,0.4475
56075,,Kajal and Eyeliner,,,A2_FashionDataset/FashionDataset/test/images_test/56075.jpg,0.579
56076,,Kajal and Eyeliner,,,A2_FashionDataset/FashionDataset/test/images_test/56076.jpg,0.3348
56077,,Kajal and Eyeliner,,,A2_FashionDataset/FashionDataset/test/images_test/56077.jpg,0.1431
56078,,Kajal and Eyeliner,,,A2_FashionDataset/FashionDataset/test/images_test/56078.jpg,0.4839
56079,,Lipstick,,,A2_FashionDataset/FashionDataset/test/images_test/56079.jpg,0.3777
56080,,Lipstick,,,A2_FashionDataset/FashionDataset/test/images_test/56080.jpg,0.616
56081,,Kajal and Eyeliner,,,A2_FashionDataset/FashionDataset/test/images_test/56081.jpg,0.4631
56082,,Lipstick,,,A2_FashionDataset/FashionDataset/test/images_test/56082.jpg,0.2602
56083,,Lipstick,,,A2_FashionDataset/FashionDataset/test/images_test/56083.jpg,0.3288
56084,,Lipstick,,,A2_FashionDataset/FashionDataset/test/images_test/56084.jpg,0.3253
56085,,Lipstick,,,A2_FashionDataset/FashionDataset/test/images_test/56085.jpg,0.2173
56086,,Lipstick,,,A2_FashionDataset/FashionDataset/test/images_test/56086.jpg,0.4143
56087,,Lipstick,,,A2_FashionDataset/FashionDataset/test/images_test/56087.jpg,0.3908
56088,,Lipstick,,,A2_FashionDataset/FashionDataset/test/images_test/56088.jpg,0.3642
56089,,Lipstick,,,A2_FashionDataset/FashionDataset/test/images_test/56089.jpg,0.319
56090,,Lipstick,,,A2_FashionDataset/FashionDataset/test/images_test/56090.jpg,0.3985
56091,,Lipstick,,,A2_FashionDataset/FashionDataset/test/images_test/56091.jpg,0.2202
56092,,Lipstick,,,A2_FashionDataset/FashionDataset/test/images_test/56092.jpg,0.1567
56093,,Lipstick,,,A2_FashionDataset/FashionDataset/test/images_test/56093.jpg,0.2467
56094,,Lipstick,,,A2_FashionDataset/FashionDataset/test/images_test/56094.jpg,0.3958
56095,,Lipstick,,,A2_FashionDataset/FashionDataset/test/images_test/56095.jpg,0.5205
56096,,Lipstick,,,A2_FashionDataset/FashionDataset/test/images_test/56096.jpg,0.3859
56097,,Lipstick,,,A2_FashionDataset/FashionDataset/test/images_test/56097.jpg,0.3549
56098,,Lipstick,,,A2_FashionDataset/FashionDataset/test/images_test/56098.jpg,0.3698
56099,,Lipstick,,,A2_FashionDataset/FashionDataset/test/images_test/56099.jpg,0.4445
56100,,Lipstick,,,A2_FashionDataset/FashionDataset/test/images_test/56100.jpg,0.2183
56101,,Lipstick,,,A2_FashionDataset/FashionDataset/test/images_test/56101.jpg,0.5985
56102,,Lipstick,,,A2_FashionDataset/FashionDataset/test/images_test/56102.jpg,0.2622
56103,,Lipstick,,,A2_FashionDataset/FashionDataset/test/images_test/56103.jpg,0.3446
56104,,Lipstick,,,A2_FashionDataset/FashionDataset/test/images_test/56104.jpg,0.3824
56105,,Lipstick,,,A2_FashionDataset/FashionDataset/test/images_test/56105.jpg,0.294
56106,,Lipstick,,,A2_FashionDataset/FashionDataset/test/images_test/56106.jpg,0.3861
56107,,Lipstick,,,A2_FashionDataset/FashionDataset/test/images_test/56107.jpg,0.308
56108,,Lipstick,,,A2_FashionDataset/FashionDataset/test/images_test/56108.jpg,0.4873
56109,,Nail Polish,,,A2_FashionDataset/FashionDataset/test/images_test/56109.jpg,0.0613
56110,,Casual Shoes,,,A2_FashionDataset/FashionDataset/test/images_test/56110.jpg,0.0795
56111,,Casual Shoes,,,A2_FashionDataset/FashionDataset/test/images_test/56111.jpg,0.0881
56112,,Casual Shoes,,,A2_FashionDataset/FashionDataset/test/images_test/56112.jpg,0.0571
56113,,Nail Polish,,,A2_FashionDataset/FashionDataset/test/images_test/56113.jpg,0.0578
56114,,Casual Shoes,,,A2_FashionDataset/FashionDataset/test/images_test/56114.jpg,0.1134
56115,,Casual Shoes,,,A2_FashionDataset/FashionDataset/test/images_test/56115.jpg,0.1213
56116,,Casual Shoes,,,A2_FashionDataset/FashionDataset/test/images_test/56116.jpg,0.0871
56117,,Casual Shoes,,,A2_FashionDataset/FashionDataset/test/images_test/56117.jpg,0.0953
56118,,Casual Shoes,,,A2_FashionDataset/FashionDataset/test/images_test/56118.jpg,0.0889
56119,,Casual Shoes,,,A2_FashionDataset/FashionDataset/test/images_test/56119.jpg,0.0835
56120,,Casual Shoes,,,A2_FashionDataset/FashionDataset/test/images_test/56120.jpg,0.121
56121,,Kajal and Eyeliner,,,A2_FashionDataset/FashionDataset/test/images_test/56121.jpg,0.8448
56122,,Foundation and Primer,,,A2_FashionDataset/FashionDataset/test/images_test/56122.jpg,0.1246
56123,,Foundation and Primer,,,A2_FashionDataset/FashionDataset/test/images_test/56123.jpg,0.1236
56124,,Foundation and Primer,,,A2_FashionDataset/FashionDataset/test/images_test/56124.jpg,0.1715
56125,,Gloves,,,A2_FashionDataset/FashionDataset/test/images_test/56125.jpg,0.1101
56126,,Gloves,,,A2_FashionDataset/FashionDataset/test/images_test/56126.jpg,0.2068
56127,,Lipstick,,,A2_FashionDataset/FashionDataset/test/images_test/56127.jpg,0.3007
56128,,Lipstick,,,A2_FashionDataset/FashionDataset/test/images_test/56128.jpg,0.3332
56129,,Lipstick,,,A2_FashionDataset/FashionDataset/test/images_test/56129.jpg,0.2654
56133,,Foundation and Primer,,,A2_FashionDataset/FashionDataset/test/images_test/56133.jpg,0.5448
56134,,Fragrance Gift Set,,,A2_FashionDataset/FashionDataset/test/images_test/56134.jpg,0.1375
56135,,Rompers,,,A2_FashionDataset/FashionDataset/test/images_test/56135.jpg,0.0841
56136,,Perfume and Body Mist,,,A2_FashionDataset/FashionDataset/test/images_test/56136.jpg,0.1195
56137,,Perfume and Body Mist,,,A2_FashionDataset/FashionDataset/test/images_test/56137.jpg,0.1449
56138,,Perfume and Body Mist,,,A2_FashionDataset/FashionDataset/test/images_test/56138.jpg,0.1069
56139,,Rompers,,,A2_FashionDataset/FashionDataset/test/images_test/56139.jpg,0.0797
56140,,Perfume and Body Mist,,,A2_FashionDataset/FashionDataset/test/images_test/56140.jpg,0.0979
56141,,Foundation and Primer,,,A2_FashionDataset/FashionDataset/test/images_test/56141.jpg,0.1652
56142,,Perfume and Body Mist,,,A2_FashionDataset/FashionDataset/test/images_test/56142.jpg,0.1879
56143,,Basketballs,,,A2_FashionDataset/FashionDataset/test/images_test/56143.jpg,0.3584
56144,,Basketballs,,,A2_FashionDataset/FashionDataset/test/images_test/56144.jpg,0.1575
56145,,Basketballs,,,A2_FashionDataset/FashionDataset/test/images_test/56145.jpg,0.2713
56146,,Basketballs,,,A2_FashionDataset/FashionDataset/test/images_test/56146.jpg,0.3623
56147,,Basketballs,,,A2_FashionDataset/FashionDataset/test/images_test/56147.jpg,0.2755
56148,,Basketballs,,,A2_FashionDataset/FashionDataset/test/images_test/56148.jpg,0.3755
56149,,Kajal and Eyeliner,,,A2_FashionDataset/FashionDataset/test/images_test/56149.jpg,0.4498
56150,,Kajal and Eyeliner,,,A2_FashionDataset/FashionDataset/test/images_test/56150.jpg,0.164
56151,,Kajal and Eyeliner,,,A2_FashionDataset/FashionDataset/test/images_test/56151.jpg,0.1601
56152,,Kajal and Eyeliner,,,A2_FashionDataset/FashionDataset/test/images_test/56152.jpg,0.8368
56153,,Perfume and Body Mist,,,A2_FashionDataset/FashionDataset/test/images_test/56153.jpg,0.1053
56154,,Kajal and Eyeliner,,,A2_FashionDataset/FashionDataset/test/images_test/56154.jpg,0.4487
56155,,Kajal and Eyeliner,,,A2_FashionDataset/FashionDataset/test/images_test/56155.jpg,0.4599
56156,,Kajal and Eyeliner,,,A2_FashionDataset/FashionDataset/test/images_test/56156.jpg,0.337
56157,,Kajal and Eyeliner,,,A2_FashionDataset/FashionDataset/test/images_test/56157.jpg,0.4487
56158,,Kajal and Eyeliner,,,A2_FashionDataset/FashionDataset/test/images_test/56158.jpg,0.1258
56159,,Lip Liner,,,A2_FashionDataset/FashionDataset/test/images_test/56159.jpg,0.1222
56160,,Lip Liner,,,A2_FashionDataset/FashionDataset/test/images_test/56160.jpg,0.1559
56161,,Kajal and Eyeliner,,,A2_FashionDataset/FashionDataset/test/images_test/56161.jpg,0.7696
56162,,Kajal and Eyeliner,,,A2_FashionDataset/FashionDataset/test/images_test/56162.jpg,0.5198
56164,,Lip Liner,,,A2_FashionDataset/FashionDataset/test/images_test/56164.jpg,0.1335
56165,,Kajal and Eyeliner,,,A2_FashionDataset/FashionDataset/test/images_test/56165.jpg,0.1239
56166,,Kajal and Eyeliner,,,A2_FashionDataset/FashionDataset/test/images_test/56166.jpg,0.1283
56167,,Kajal and Eyeliner,,,A2_FashionDataset/FashionDataset/test/images_test/56167.jpg,0.8147
56168,,Kajal and Eyeliner,,,A2_FashionDataset/FashionDataset/test/images_test/56168.jpg,0.4757
56170,,Lipstick,,,A2_FashionDataset/FashionDataset/test/images_test/56170.jpg,0.2008
56171,,Earrings,,,A2_FashionDataset/FashionDataset/test/images_test/56171.jpg,0.1729
56172,,Kajal and Eyeliner,,,A2_FashionDataset/FashionDataset/test/images_test/56172.jpg,0.6671
56173,,Earrings,,,A2_FashionDataset/FashionDataset/test/images_test/56173.jpg,0.1209
56174,,Earrings,,,A2_FashionDataset/FashionDataset/test/images_test/56174.jpg,0.1649
56175,,Lipstick,,,A2_FashionDataset/FashionDataset/test/images_test/56175.jpg,0.127
56176,,Earrings,,,A2_FashionDataset/FashionDataset/test/images_test/56176.jpg,0.1716
56177,,Earrings,,,A2_FashionDataset/FashionDataset/test/images_test/56177.jpg,0.1367
56178,,Nail Polish,,,A2_FashionDataset/FashionDataset/test/images_test/56178.jpg,0.114
56179,,Nail Polish,,,A2_FashionDataset/FashionDataset/test/images_test/56179.jpg,0.2576
56180,,Casual Shoes,,,A2_FashionDataset/FashionDataset/test/images_test/56180.jpg,0.1589
56181,,Foundation and Primer,,,A2_FashionDataset/FashionDataset/test/images_test/56181.jpg,0.3012
56182,,Foundation and Primer,,,A2_FashionDataset/FashionDataset/test/images_test/56182.jpg,0.2136
56183,,Foundation and Primer,,,A2_FashionDataset/FashionDataset/test/images_test/56183.jpg,0.2912
56184,,Foundation and Primer,,,A2_FashionDataset/FashionDataset/test/images_test/56184.jpg,0.3019
56185,,Basketballs,,,A2_FashionDataset/FashionDataset/test/images_test/56185.jpg,0.1077
56186,,Basketballs,,,A2_FashionDataset/FashionDataset/test/images_test/56186.jpg,0.1636
56187,,Basketballs,,,A2_FashionDataset/FashionDataset/test/images_test/56187.jpg,0.1675
56188,,Basketballs,,,A2_FashionDataset/FashionDataset/test/images_test/56188.jpg,0.1519
56189,,Foundation and Primer,,,A2_FashionDataset/FashionDataset/test/images_test/56189.jpg,0.1376
56190,,Tshirts,,,A2_FashionDataset/FashionDataset/test/images_test/56190.jpg,0.067
56191,,Tops,,,A2_FashionDataset/FashionDataset/test/images_test/56191.jpg,0.0746
56192,,Tops,,,A2_FashionDataset/FashionDataset/test/images_test/56192.jpg,0.0686
56193,,Foundation and Primer,,,A2_FashionDataset/FashionDataset/test/images_test/56193.jpg,0.1182
56194,,Perfume and Body Mist,,,A2_FashionDataset/FashionDataset/test/images_test/56194.jpg,0.0646
56195,,Basketballs,,,A2_FashionDataset/FashionDataset/test/images_test/56195.jpg,0.1582
56196,,Foundation and Primer,,,A2_FashionDataset/FashionDataset/test/images_test/56196.jpg,0.1006
56198,,Bangle,,,A2_FashionDataset/FashionDataset/test/images_test/56198.jpg,0.948
56199,,Jewellery Set,,,A2_FashionDataset/FashionDataset/test/images_test/56199.jpg,0.8823
56201,,Jewellery Set,,,A2_FashionDataset/FashionDataset/test/images_test/56201.jpg,0.6432
56202,,Pendant,,,A2_FashionDataset/FashionDataset/test/images_test/56202.jpg,0.3965
56203,,Pendant,,,A2_FashionDataset/FashionDataset/test/images_test/56203.jpg,0.7125
56205,,Pendant,,,A2_FashionDataset/FashionDataset/test/images_test/56205.jpg,0.5045
56206,,Pendant,,,A2_FashionDataset/FashionDataset/test/images_test/56206.jpg,0.4284
56207,,Pendant,,,A2_FashionDataset/FashionDataset/test/images_test/56207.jpg,0.7791
56208,,Pendant,,,A2_FashionDataset/FashionDataset/test/images_test/56208.jpg,0.6696
56209,,Pendant,,,A2_FashionDataset/FashionDataset/test/images_test/56209.jpg,0.813
56210,,Pendant,,,A2_FashionDataset/FashionDataset/test/images_test/56210.jpg,0.5929
56211,,Pendant,,,A2_FashionDataset/FashionDataset/test/images_test/56211.jpg,0.4308
56212,,Pendant,,,A2_FashionDataset/FashionDataset/test/images_test/56212.jpg,0.9209
56213,,Earrings,,,A2_FashionDataset/FashionDataset/test/images_test/56213.jpg,0.9515
56214,,Earrings,,,A2_FashionDataset/FashionDataset/test/images_test/56214.jpg,0.9742
56215,,Earrings,,,A2_FashionDataset/FashionDataset/test/images_test/56215.jpg,0.9777
56216,,Earrings,,,A2_FashionDataset/FashionDataset/test/images_test/56216.jpg,0.991
56217,,Jewellery Set,,,A2_FashionDataset/FashionDataset/test/images_test/56217.jpg,0.7883
56218,,Jewellery Set,,,A2_FashionDataset/FashionDataset/test/images_test/56218.jpg,0.6724
56219,,Jewellery Set,,,A2_FashionDataset/FashionDataset/test/images_test/56219.jpg,0.939
56220,,Jewellery Set,,,A2_FashionDataset/FashionDataset/test/images_test/56220.jpg,0.9873
56221,,Night suits,,,A2_FashionDataset/FashionDataset/test/images_test/56221.jpg,0.5683
56222,,Night suits,,,A2_FashionDataset/FashionDataset/test/images_test/56222.jpg,0.8279
56223,,Night suits,,,A2_FashionDataset/FashionDataset/test/images_test/56223.jpg,0.5085
56224,,Night suits,,,A2_FashionDataset/FashionDataset/test/images_test/56224.jpg,0.3277
56225,,Night suits,,,A2_FashionDataset/FashionDataset/test/images_test/56225.jpg,0.3422
56226,,Night suits,,,A2_FashionDataset/FashionDataset/test/images_test/56226.jpg,0.4701
56227,,Night suits,,,A2_FashionDataset/FashionDataset/test/images_test/56227.jpg,0.695
56228,,Night suits,,,A2_FashionDataset/FashionDataset/test/images_test/56228.jpg,0.7359
56229,,Night suits,,,A2_FashionDataset/FashionDataset/test/images_test/56229.jpg,0.5925
56230,,Night suits,,,A2_FashionDataset/FashionDataset/test/images_test/56230.jpg,0.4838
56231,,Night suits,,,A2_FashionDataset/FashionDataset/test/images_test/56231.jpg,0.7971
56232,,Night suits,,,A2_FashionDataset/FashionDataset/test/images_test/56232.jpg,0.7073
56233,,Tracksuits,,,A2_FashionDataset/FashionDataset/test/images_test/56233.jpg,0.4585
56234,,Night suits,,,A2_FashionDataset/FashionDataset/test/images_test/56234.jpg,0.7551
56235,,Night suits,,,A2_FashionDataset/FashionDataset/test/images_test/56235.jpg,0.2304
56236,,Night suits,,,A2_FashionDataset/FashionDataset/test/images_test/56236.jpg,0.9133
56237,,Night suits,,,A2_FashionDataset/FashionDataset/test/images_test/56237.jpg,0.3196
56238,,Tracksuits,,,A2_FashionDataset/FashionDataset/test/images_test/56238.jpg,0.2695
56239,,Night suits,,,A2_FashionDataset/FashionDataset/test/images_test/56239.jpg,0.4495
56240,,Night suits,,,A2_FashionDataset/FashionDataset/test/images_test/56240.jpg,0.7498
56241,,Night suits,,,A2_FashionDataset/FashionDataset/test/images_test/56241.jpg,0.2542
56243,,Night suits,,,A2_FashionDataset/FashionDataset/test/images_test/56243.jpg,0.9455
56244,,Night suits,,,A2_FashionDataset/FashionDataset/test/images_test/56244.jpg,0.4329
56245,,Jumpsuit,,,A2_FashionDataset/FashionDataset/test/images_test/56245.jpg,0.3524
56247,,Night suits,,,A2_FashionDataset/FashionDataset/test/images_test/56247.jpg,0.4275
56248,,Tracksuits,,,A2_FashionDataset/FashionDataset/test/images_test/56248.jpg,0.4405
56249,,Night suits,,,A2_FashionDataset/FashionDataset/test/images_test/56249.jpg,0.4597
56250,,Night suits,,,A2_FashionDataset/FashionDataset/test/images_test/56250.jpg,0.2505
56251,,Night suits,,,A2_FashionDataset/FashionDataset/test/images_test/56251.jpg,0.7707
56252,,Night suits,,,A2_FashionDataset/FashionDataset/test/images_test/56252.jpg,0.5606
56253,,Night suits,,,A2_FashionDataset/FashionDataset/test/images_test/56253.jpg,0.6788
56254,,Night suits,,,A2_FashionDataset/FashionDataset/test/images_test/56254.jpg,0.6581
56255,,Night suits,,,A2_FashionDataset/FashionDataset/test/images_test/56255.jpg,0.512
56256,,Night suits,,,A2_FashionDataset/FashionDataset/test/images_test/56256.jpg,0.7458
56257,,Night suits,,,A2_FashionDataset/FashionDataset/test/images_test/56257.jpg,0.9081
56258,,Night suits,,,A2_FashionDataset/FashionDataset/test/images_test/56258.jpg,0.7014
56260,,Night suits,,,A2_FashionDataset/FashionDataset/test/images_test/56260.jpg,0.9532
56261,,Night suits,,,A2_FashionDataset/FashionDataset/test/images_test/56261.jpg,0.9317
56262,,Night suits,,,A2_FashionDataset/FashionDataset/test/images_test/56262.jpg,0.9029
56263,,Night suits,,,A2_FashionDataset/FashionDataset/test/images_test/56263.jpg,0.5628
56265,,Night suits,,,A2_FashionDataset/FashionDataset/test/images_test/56265.jpg,0.4133
56266,,Night suits,,,A2_FashionDataset/FashionDataset/test/images_test/56266.jpg,0.8819
56267,,Night suits,,,A2_FashionDataset/FashionDataset/test/images_test/56267.jpg,0.6124
56268,,Night suits,,,A2_FashionDataset/FashionDataset/test/images_test/56268.jpg,0.6922
56269,,Night suits,,,A2_FashionDataset/FashionDataset/test/images_test/56269.jpg,0.9282
56270,,Bra,,,A2_FashionDataset/FashionDataset/test/images_test/56270.jpg,0.9594
56271,,Bra,,,A2_FashionDataset/FashionDataset/test/images_test/56271.jpg,0.9385
56272,,Bra,,,A2_FashionDataset/FashionDataset/test/images_test/56272.jpg,0.7477
56273,,Bra,,,A2_FashionDataset/FashionDataset/test/images_test/56273.jpg,0.8862
56274,,Bra,,,A2_FashionDataset/FashionDataset/test/images_test/56274.jpg,0.9294
56275,,Bra,,,A2_FashionDataset/FashionDataset/test/images_test/56275.jpg,0.9651
56276,,Bra,,,A2_FashionDataset/FashionDataset/test/images_test/56276.jpg,0.9743
56277,,Bra,,,A2_FashionDataset/FashionDataset/test/images_test/56277.jpg,0.8111
56278,,Bra,,,A2_FashionDataset/FashionDataset/test/images_test/56278.jpg,0.9212
56279,,Bra,,,A2_FashionDataset/FashionDataset/test/images_test/56279.jpg,0.9878
56280,,Bra,,,A2_FashionDataset/FashionDataset/test/images_test/56280.jpg,0.9451
56281,,Bra,,,A2_FashionDataset/FashionDataset/test/images_test/56281.jpg,0.9924
56282,,Bra,,,A2_FashionDataset/FashionDataset/test/images_test/56282.jpg,0.9614
56283,,Bra,,,A2_FashionDataset/FashionDataset/test/images_test/56283.jpg,0.9215
56284,,Bra,,,A2_FashionDataset/FashionDataset/test/images_test/56284.jpg,0.9703
56285,,Bra,,,A2_FashionDataset/FashionDataset/test/images_test/56285.jpg,0.9527
56286,,Swimwear,,,A2_FashionDataset/FashionDataset/test/images_test/56286.jpg,0.2007
56287,,Bra,,,A2_FashionDataset/FashionDataset/test/images_test/56287.jpg,0.8875
56288,,Bra,,,A2_FashionDataset/FashionDataset/test/images_test/56288.jpg,0.6397
56289,,Bra,,,A2_FashionDataset/FashionDataset/test/images_test/56289.jpg,0.8875
56290,,Briefs,,,A2_FashionDataset/FashionDataset/test/images_test/56290.jpg,0.9604
56291,,Briefs,,,A2_FashionDataset/FashionDataset/test/images_test/56291.jpg,0.9655
56292,,Bra,,,A2_FashionDataset/FashionDataset/test/images_test/56292.jpg,0.9668
56293,,Bra,,,A2_FashionDataset/FashionDataset/test/images_test/56293.jpg,0.9293
56294,,Bra,,,A2_FashionDataset/FashionDataset/test/images_test/56294.jpg,0.928
56295,,Bra,,,A2_FashionDataset/FashionDataset/test/images_test/56295.jpg,0.9482
56296,,Briefs,,,A2_FashionDataset/FashionDataset/test/images_test/56296.jpg,0.9653
56297,,Briefs,,,A2_FashionDataset/FashionDataset/test/images_test/56297.jpg,0.9077
56298,,Bra,,,A2_FashionDataset/FashionDataset/test/images_test/56298.jpg,0.4766
56299,,Bra,,,A2_FashionDataset/FashionDataset/test/images_test/56299.jpg,0.9467
56300,,Bra,,,A2_FashionDataset/FashionDataset/test/images_test/56300.jpg,0.8189
56301,,Bra,,,A2_FashionDataset/FashionDataset/test/images_test/56301.jpg,0.6309
56302,,Bra,,,A2_FashionDataset/FashionDataset/test/images_test/56302.jpg,0.9227
56303,,Briefs,,,A2_FashionDataset/FashionDataset/test/images_test/56303.jpg,0.9704
56304,,Briefs,,,A2_FashionDataset/FashionDataset/test/images_test/56304.jpg,0.9045
56305,,Briefs,,,A2_FashionDataset/FashionDataset/test/images_test/56305.jpg,0.9564
56306,,Bra,,,A2_FashionDataset/FashionDataset/test/images_test/56306.jpg,0.9571
56307,,Bra,,,A2_FashionDataset/FashionDataset/test/images_test/56307.jpg,0.9103
56308,,Briefs,,,A2_FashionDataset/FashionDataset/test/images_test/56308.jpg,0.975
56309,,Briefs,,,A2_FashionDataset/FashionDataset/test/images_test/56309.jpg,0.9705
56310,,Bra,,,A2_FashionDataset/FashionDataset/test/images_test/56310.jpg,0.928
56311,,Bra,,,A2_FashionDataset/FashionDataset/test/images_test/56311.jpg,0.8531
56312,,Watches,,,A2_FashionDataset/FashionDataset/test/images_test/56312.jpg,0.8615
56313,,Watches,,,A2_FashionDataset/FashionDataset/test/images_test/56313.jpg,0.8959
56314,,Watches,,,A2_FashionDataset/FashionDataset/test/images_test/56314.jpg,0.8717
56315,,Watches,,,A2_FashionDataset/FashionDataset/test/images_test/56315.jpg,0.6881
56316,,Watches,,,A2_FashionDataset/FashionDataset/test/images_test/56316.jpg,0.9169
56317,,Watches,,,A2_FashionDataset/FashionDataset/test/images_test/56317.jpg,0.9318
56318,,Watches,,,A2_FashionDataset/FashionDataset/test/images_test/56318.jpg,0.9089
56319,,Watches,,,A2_FashionDataset/FashionDataset/test/images_test/56319.jpg,0.8352
56320,,Watches,,,A2_FashionDataset/FashionDataset/test/images_test/56320.jpg,0.5815
56321,,Watches,,,A2_FashionDataset/FashionDataset/test/images_test/56321.jpg,0.8347
56322,,Watches,,,A2_FashionDataset/FashionDataset/test/images_test/56322.jpg,0.926
56323,,Watches,,,A2_FashionDataset/FashionDataset/test/images_test/56323.jpg,0.9232
56324,,Watches,,,A2_FashionDataset/FashionDataset/test/images_test/56324.jpg,0.8546
56326,,Watches,,,A2_FashionDataset/FashionDataset/test/images_test/56326.jpg,0.7859
56327,,Watches,,,A2_FashionDataset/FashionDataset/test/images_test/56327.jpg,0.858
56329,,Watches,,,A2_FashionDataset/FashionDataset/test/images_test/56329.jpg,0.8189
56330,,Watches,,,A2_FashionDataset/FashionDataset/test/images_test/56330.jpg,0.562
56331,,Watches,,,A2_FashionDataset/FashionDataset/test/images_test/56331.jpg,0.7002
56332,,Watches,,,A2_FashionDataset/FashionDataset/test/images_test/56332.jpg,0.8074
56333,,Watches,,,A2_FashionDataset/FashionDataset/test/images_test/56333.jpg,0.7579
56335,,Watches,,,A2_FashionDataset/FashionDataset/test/images_test/56335.jpg,0.7321
56336,,Watches,,,A2_FashionDataset/FashionDataset/test/images_test/56336.jpg,0.8866
56337,,Watches,,,A2_FashionDataset/FashionDataset/test/images_test/56337.jpg,0.7294
56338,,Watches,,,A2_FashionDataset/FashionDataset/test/images_test/56338.jpg,0.779
56339,,Watches,,,A2_FashionDataset/FashionDataset/test/images_test/56339.jpg,0.5579
56340,,Watches,,,A2_FashionDataset/FashionDataset/test/images_test/56340.jpg,0.7569
56341,,Watches,,,A2_FashionDataset/FashionDataset/test/images_test/56341.jpg,0.8947
56342,,Watches,,,A2_FashionDataset/FashionDataset/test/images_test/56342.jpg,0.7801
56343,,Watches,,,A2_FashionDataset/FashionDataset/test/images_test/56343.jpg,0.8777
56344,,Watches,,,A2_FashionDataset/FashionDataset/test/images_test/56344.jpg,0.8187
56346,,Watches,,,A2_FashionDataset/FashionDataset/test/images_test/56346.jpg,0.8126
56348,,Watches,,,A2_FashionDataset/FashionDataset/test/images_test/56348.jpg,0.8427
56349,,Perfume and Body Mist,,,A2_FashionDataset/FashionDataset/test/images_test/56349.jpg,0.8105
56351,,Perfume and Body Mist,,,A2_FashionDataset/FashionDataset/test/images_test/56351.jpg,0.9394
56352,,Perfume and Body Mist,,,A2_FashionDataset/FashionDataset/test/images_test/56352.jpg,0.8513
56353,,Perfume and Body Mist,,,A2_FashionDataset/FashionDataset/test/images_test/56353.jpg,0.8028
56354,,Perfume and Body Mist,,,A2_FashionDataset/FashionDataset/test/images_test/56354.jpg,0.7623
56355,,Fragrance Gift Set,,,A2_FashionDataset/FashionDataset/test/images_test/56355.jpg,0.7535
56356,,Fragrance Gift Set,,,A2_FashionDataset/FashionDataset/test/images_test/56356.jpg,0.7624
56359,,Perfume and Body Mist,,,A2_FashionDataset/FashionDataset/test/images_test/56359.jpg,0.8452
56360,,Perfume and Body Mist,,,A2_FashionDataset/FashionDataset/test/images_test/56360.jpg,0.9528
56361,,Perfume and Body Mist,,,A2_FashionDataset/FashionDataset/test/images_test/56361.jpg,0.9599
56362,,Perfume and Body Mist,,,A2_FashionDataset/FashionDataset/test/images_test/56362.jpg,0.9756
56363,,Perfume and Body Mist,,,A2_FashionDataset/FashionDataset/test/images_test/56363.jpg,0.9323
56364,,Perfume and Body Mist,,,A2_FashionDataset/FashionDataset/test/images_test/56364.jpg,0.946
56365,,Perfume and Body Mist,,,A2_FashionDataset/FashionDataset/test/images_test/56365.jpg,0.9678
56366,,Perfume and Body Mist,,,A2_FashionDataset/FashionDataset/test/images_test/56366.jpg,0.9494
56367,,Perfume and Body Mist,,,A2_FashionDataset/FashionDataset/test/images_test/56367.jpg,0.8877
56368,,Perfume and Body Mist,,,A2_FashionDataset/FashionDataset/test/images_test/56368.jpg,0.9807
56375,,Perfume and Body Mist,,,A2_FashionDataset/FashionDataset/test/images_test/56375.jpg,0.9808
56376,,Perfume and Body Mist,,,A2_FashionDataset/FashionDataset/test/images_test/56376.jpg,0.7138
56377,,Perfume and Body Mist,,,A2_FashionDataset/FashionDataset/test/images_test/56377.jpg,0.7746
56378,,Perfume and Body Mist,,,A2_FashionDataset/FashionDataset/test/images_test/56378.jpg,0.794
56379,,Perfume and Body Mist,,,A2_FashionDataset/FashionDataset/test/images_test/56379.jpg,0.761
56380,,Perfume and Body Mist,,,A2_FashionDataset/FashionDataset/test/images_test/56380.jpg,0.9139
56381,,Perfume and Body Mist,,,A2_FashionDataset/FashionDataset/test/images_test/56381.jpg,0.9293
56385,,Perfume and Body Mist,,,A2_FashionDataset/FashionDataset/test/images_test/56385.jpg,0.9944
56386,,Perfume and Body Mist,,,A2_FashionDataset/FashionDataset/test/images_test/56386.jpg,0.867
56388,,Perfume and Body Mist,,,A2_FashionDataset/FashionDataset/test/images_test/56388.jpg,0.5344
56389,,Perfume and Body Mist,,,A2_FashionDataset/FashionDataset/test/images_test/56389.jpg,0.3198
56390,,Perfume and Body Mist,,,A2_FashionDataset/FashionDataset/test/images_test/56390.jpg,0.6398
56391,,Perfume and Body Mist,,,A2_FashionDataset/FashionDataset/test/images_test/56391.jpg,0.9418
56392,,Perfume and Body Mist,,,A2_FashionDataset/FashionDataset/test/images_test/56392.jpg,0.9541
56393,,Perfume and Body Mist,,,A2_FashionDataset/FashionDataset/test/images_test/56393.jpg,0.7153
56394,,Perfume and Body Mist,,,A2_FashionDataset/FashionDataset/test/images_test/56394.jpg,0.6341
56395,,Perfume and Body Mist,,,A2_FashionDataset/FashionDataset/test/images_test/56395.jpg,0.7326
56402,,Flats,,,A2_FashionDataset/FashionDataset/test/images_test/56402.jpg,0.7159
56403,,Flats,,,A2_FashionDataset/FashionDataset/test/images_test/56403.jpg,0.7088
56404,,Heels,,,A2_FashionDataset/FashionDataset/test/images_test/56404.jpg,0.4552
56405,,Flats,,,A2_FashionDataset/FashionDataset/test/images_test/56405.jpg,0.9578
56406,,Flats,,,A2_FashionDataset/FashionDataset/test/images_test/56406.jpg,0.8245
56407,,Flats,,,A2_FashionDataset/FashionDataset/test/images_test/56407.jpg,0.8843
56410,,Casual Shoes,,,A2_FashionDataset/FashionDataset/test/images_test/56410.jpg,0.5653
56411,,Sandals,,,A2_FashionDataset/FashionDataset/test/images_test/56411.jpg,0.9462
56412,,Sandals,,,A2_FashionDataset/FashionDataset/test/images_test/56412.jpg,0.9235
56413,,Sandals,,,A2_FashionDataset/FashionDataset/test/images_test/56413.jpg,0.6951
56414,,Sandals,,,A2_FashionDataset/FashionDataset/test/images_test/56414.jpg,0.9227
56415,,Sandals,,,A2_FashionDataset/FashionDataset/test/images_test/56415.jpg,0.9332
56416,,Bra,,,A2_FashionDataset/FashionDataset/test/images_test/56416.jpg,0.9896
56417,,Bra,,,A2_FashionDataset/FashionDataset/test/images_test/56417.jpg,0.9518
56418,,Bra,,,A2_FashionDataset/FashionDataset/test/images_test/56418.jpg,0.9383
56419,,Bra,,,A2_FashionDataset/FashionDataset/test/images_test/56419.jpg,0.9869
56420,,Bra,,,A2_FashionDataset/FashionDataset/test/images_test/56420.jpg,0.639
56421,,Bra,,,A2_FashionDataset/FashionDataset/test/images_test/56421.jpg,0.943
56422,,Bra,,,A2_FashionDataset/FashionDataset/test/images_test/56422.jpg,0.9659
56423,,Bra,,,A2_FashionDataset/FashionDataset/test/images_test/56423.jpg,0.9185
56424,,Foundation and Primer,,,A2_FashionDataset/FashionDataset/test/images_test/56424.jpg,0.2281
56425,,Mobile Pouch,,,A2_FashionDataset/FashionDataset/test/images_test/56425.jpg,0.5455
56427,,Mobile Pouch,,,A2_FashionDataset/FashionDataset/test/images_test/56427.jpg,0.5034
56428,,Mobile Pouch,,,A2_FashionDataset/FashionDataset/test/images_test/56428.jpg,0.2621
56429,,Perfume and Body Mist,,,A2_FashionDataset/FashionDataset/test/images_test/56429.jpg,0.0884
56432,,Nail Polish,,,A2_FashionDataset/FashionDataset/test/images_test/56432.jpg,0.2713
56436,,Nail Polish,,,A2_FashionDataset/FashionDataset/test/images_test/56436.jpg,0.9155
56440,,Nail Polish,,,A2_FashionDataset/FashionDataset/test/images_test/56440.jpg,0.9058
56443,,Nail Polish,,,A2_FashionDataset/FashionDataset/test/images_test/56443.jpg,0.3002
56444,,Nail Polish,,,A2_FashionDataset/FashionDataset/test/images_test/56444.jpg,0.603
56446,,Nail Polish,,,A2_FashionDataset/FashionDataset/test/images_test/56446.jpg,0.4488
56447,,Nail Polish,,,A2_FashionDataset/FashionDataset/test/images_test/56447.jpg,0.3481
56448,,Nail Polish,,,A2_FashionDataset/FashionDataset/test/images_test/56448.jpg,0.7138
56450,,Nail Polish,,,A2_FashionDataset/FashionDataset/test/images_test/56450.jpg,0.8913
56451,,Nail Polish,,,A2_FashionDataset/FashionDataset/test/images_test/56451.jpg,0.8005
56452,,Nail Polish,,,A2_FashionDataset/FashionDataset/test/images_test/56452.jpg,0.5835
56454,,Nail Polish,,,A2_FashionDataset/FashionDataset/test/images_test/56454.jpg,0.8324
56455,,Nail Polish,,,A2_FashionDataset/FashionDataset/test/images_test/56455.jpg,0.6585
56456,,Nail Polish,,,A2_FashionDataset/FashionDataset/test/images_test/56456.jpg,0.641
56458,,Nail Polish,,,A2_FashionDataset/FashionDataset/test/images_test/56458.jpg,0.733
56460,,Nail Polish,,,A2_FashionDataset/FashionDataset/test/images_test/56460.jpg,0.8792
56461,,Nail Polish,,,A2_FashionDataset/FashionDataset/test/images_test/56461.jpg,0.8391
56462,,Nail Polish,,,A2_FashionDataset/FashionDataset/test/images_test/56462.jpg,0.9075
56463,,Nail Polish,,,A2_FashionDataset/FashionDataset/test/images_test/56463.jpg,0.7093
56464,,Nail Polish,,,A2_FashionDataset/FashionDataset/test/images_test/56464.jpg,0.8219
56465,,Nail Polish,,,A2_FashionDataset/FashionDataset/test/images_test/56465.jpg,0.7599
56466,,Nail Polish,,,A2_FashionDataset/FashionDataset/test/images_test/56466.jpg,0.8982
56467,,Nail Polish,,,A2_FashionDataset/FashionDataset/test/images_test/56467.jpg,0.71
56468,,Perfume and Body Mist,,,A2_FashionDataset/FashionDataset/test/images_test/56468.jpg,0.4859
56469,,Nail Polish,,,A2_FashionDataset/FashionDataset/test/images_test/56469.jpg,0.8488
56470,,Nail Polish,,,A2_FashionDataset/FashionDataset/test/images_test/56470.jpg,0.9017
56471,,Nail Polish,,,A2_FashionDataset/FashionDataset/test/images_test/56471.jpg,0.7403
56472,,Nail Polish,,,A2_FashionDataset/FashionDataset/test/images_test/56472.jpg,0.5927
56473,,Nail Polish,,,A2_FashionDataset/FashionDataset/test/images_test/56473.jpg,0.7099
56474,,Nail Polish,,,A2_FashionDataset/FashionDataset/test/images_test/56474.jpg,0.7731
56475,,Nail Polish,,,A2_FashionDataset/FashionDataset/test/images_test/56475.jpg,0.6356
56476,,Nail Polish,,,A2_FashionDataset/FashionDataset/test/images_test/56476.jpg,0.5729
56477,,Nail Polish,,,A2_FashionDataset/FashionDataset/test/images_test/56477.jpg,0.9021
56478,,Nail Polish,,,A2_FashionDataset/FashionDataset/test/images_test/56478.jpg,0.6889
56479,,Nail Polish,,,A2_FashionDataset/FashionDataset/test/images_test/56479.jpg,0.9036
56480,,Nail Polish,,,A2_FashionDataset/FashionDataset/test/images_test/56480.jpg,0.881
56481,,Nail Polish,,,A2_FashionDataset/FashionDataset/test/images_test/56481.jpg,0.8852
56482,,Nail Polish,,,A2_FashionDataset/FashionDataset/test/images_test/56482.jpg,0.4243
56483,,Nail Polish,,,A2_FashionDataset/FashionDataset/test/images_test/56483.jpg,0.8415
56484,,Nail Polish,,,A2_FashionDataset/FashionDataset/test/images_test/56484.jpg,0.8352
56485,,Nail Polish,,,A2_FashionDataset/FashionDataset/test/images_test/56485.jpg,0.9498
56486,,Nail Polish,,,A2_FashionDataset/FashionDataset/test/images_test/56486.jpg,0.9282
56488,,Nail Polish,,,A2_FashionDataset/FashionDataset/test/images_test/56488.jpg,0.3752
56489,,Nail Polish,,,A2_FashionDataset/FashionDataset/test/images_test/56489.jpg,0.8672
56490,,Nail Polish,,,A2_FashionDataset/FashionDataset/test/images_test/56490.jpg,0.6709
56491,,Nail Polish,,,A2_FashionDataset/FashionDataset/test/images_test/56491.jpg,0.7517
56492,,Nail Polish,,,A2_FashionDataset/FashionDataset/test/images_test/56492.jpg,0.8137
56493,,Nail Polish,,,A2_FashionDataset/FashionDataset/test/images_test/56493.jpg,0.8944
56494,,Nail Polish,,,A2_FashionDataset/FashionDataset/test/images_test/56494.jpg,0.8688
56495,,Nail Polish,,,A2_FashionDataset/FashionDataset/test/images_test/56495.jpg,0.7201
56496,,Nail Polish,,,A2_FashionDataset/FashionDataset/test/images_test/56496.jpg,0.8372
56497,,Nail Polish,,,A2_FashionDataset/FashionDataset/test/images_test/56497.jpg,0.7622
56498,,Nail Polish,,,A2_FashionDataset/FashionDataset/test/images_test/56498.jpg,0.7985
56499,,Nail Polish,,,A2_FashionDataset/FashionDataset/test/images_test/56499.jpg,0.7424
56500,,Nail Polish,,,A2_FashionDataset/FashionDataset/test/images_test/56500.jpg,0.8338
56501,,Nail Polish,,,A2_FashionDataset/FashionDataset/test/images_test/56501.jpg,0.8525
56502,,Nail Polish,,,A2_FashionDataset/FashionDataset/test/images_test/56502.jpg,0.8626
56503,,Nail Polish,,,A2_FashionDataset/FashionDataset/test/images_test/56503.jpg,0.9039
56504,,Nail Polish,,,A2_FashionDataset/FashionDataset/test/images_test/56504.jpg,0.8341
56505,,Nail Polish,,,A2_FashionDataset/FashionDataset/test/images_test/56505.jpg,0.9025
56506,,Lip Liner,,,A2_FashionDataset/FashionDataset/test/images_test/56506.jpg,0.581
56507,,Kajal and Eyeliner,,,A2_FashionDataset/FashionDataset/test/images_test/56507.jpg,0.4851
56508,,Lipstick,,,A2_FashionDataset/FashionDataset/test/images_test/56508.jpg,0.7535
56509,,Lipstick,,,A2_FashionDataset/FashionDataset/test/images_test/56509.jpg,0.7546
56511,,Lipstick,,,A2_FashionDataset/FashionDataset/test/images_test/56511.jpg,0.7316
56512,,Lipstick,,,A2_FashionDataset/FashionDataset/test/images_test/56512.jpg,0.7095
56513,,Lipstick,,,A2_FashionDataset/FashionDataset/test/images_test/56513.jpg,0.703
56515,,Lipstick,,,A2_FashionDataset/FashionDataset/test/images_test/56515.jpg,0.4699
56516,,Lipstick,,,A2_FashionDataset/FashionDataset/test/images_test/56516.jpg,0.475
56517,,Lipstick,,,A2_FashionDataset/FashionDataset/test/images_test/56517.jpg,0.7286
56518,,Lipstick,,,A2_FashionDataset/FashionDataset/test/images_test/56518.jpg,0.5253
56519,,Lipstick,,,A2_FashionDataset/FashionDataset/test/images_test/56519.jpg,0.6983
56520,,Lipstick,,,A2_FashionDataset/FashionDataset/test/images_test/56520.jpg,0.7252
56521,,Lipstick,,,A2_FashionDataset/FashionDataset/test/images_test/56521.jpg,0.7273
56522,,Lipstick,,,A2_FashionDataset/FashionDataset/test/images_test/56522.jpg,0.7002
56523,,Lipstick,,,A2_FashionDataset/FashionDataset/test/images_test/56523.jpg,0.6625
56524,,Lipstick,,,A2_FashionDataset/FashionDataset/test/images_test/56524.jpg,0.658
56525,,Lipstick,,,A2_FashionDataset/FashionDataset/test/images_test/56525.jpg,0.7179
56526,,Lipstick,,,A2_FashionDataset/FashionDataset/test/images_test/56526.jpg,0.7187
56527,,Lipstick,,,A2_FashionDataset/FashionDataset/test/images_test/56527.jpg,0.5007
56528,,Lipstick,,,A2_FashionDataset/FashionDataset/test/images_test/56528.jpg,0.5493
56529,,Lipstick,,,A2_FashionDataset/FashionDataset/test/images_test/56529.jpg,0.7258
56530,,Lipstick,,,A2_FashionDataset/FashionDataset/test/images_test/56530.jpg,0.6549
56531,,Lipstick,,,A2_FashionDataset/FashionDataset/test/images_test/56531.jpg,0.7318
56532,,Lipstick,,,A2_FashionDataset/FashionDataset/test/images_test/56532.jpg,0.7277
56533,,Lipstick,,,A2_FashionDataset/FashionDataset/test/images_test/56533.jpg,0.7082
56534,,Lipstick,,,A2_FashionDataset/FashionDataset/test/images_test/56534.jpg,0.7143
56535,,Lipstick,,,A2_FashionDataset/FashionDataset/test/images_test/56535.jpg,0.7232
56536,,Lipstick,,,A2_FashionDataset/FashionDataset/test/images_test/56536.jpg,0.6693
56537,,Lipstick,,,A2_FashionDataset/FashionDataset/test/images_test/56537.jpg,0.6353
56539,,Lipstick,,,A2_FashionDataset/FashionDataset/test/images_test/56539.jpg,0.6561
56540,,Lipstick,,,A2_FashionDataset/FashionDataset/test/images_test/56540.jpg,0.7534
56541,,Lipstick,,,A2_FashionDataset/FashionDataset/test/images_test/56541.jpg,0.7157
56542,,Kajal and Eyeliner,,,A2_FashionDataset/FashionDataset/test/images_test/56542.jpg,0.3604
56543,,Kajal and Eyeliner,,,A2_FashionDataset/FashionDataset/test/images_test/56543.jpg,0.3283
56544,,Kajal and Eyeliner,,,A2_FashionDataset/FashionDataset/test/images_test/56544.jpg,0.8154
56545,,Kajal and Eyeliner,,,A2_FashionDataset/FashionDataset/test/images_test/56545.jpg,0.8551
56546,,Shoe Accessories,,,A2_FashionDataset/FashionDataset/test/images_test/56546.jpg,0.5701
56547,,Lip Liner,,,A2_FashionDataset/FashionDataset/test/images_test/56547.jpg,0.6059
56548,,Lip Liner,,,A2_FashionDataset/FashionDataset/test/images_test/56548.jpg,0.695
56549,,Lip Liner,,,A2_FashionDataset/FashionDataset/test/images_test/56549.jpg,0.6837
56550,,Kajal and Eyeliner,,,A2_FashionDataset/FashionDataset/test/images_test/56550.jpg,0.5739
56551,,Foundation and Primer,,,A2_FashionDataset/FashionDataset/test/images_test/56551.jpg,0.3007
56553,,Foundation and Primer,,,A2_FashionDataset/FashionDataset/test/images_test/56553.jpg,0.2798
56554,,Foundation and Primer,,,A2_FashionDataset/FashionDataset/test/images_test/56554.jpg,0.2614
56555,,Kajal and Eyeliner,,,A2_FashionDataset/FashionDataset/test/images_test/56555.jpg,0.4085
56556,,Lip Liner,,,A2_FashionDataset/FashionDataset/test/images_test/56556.jpg,0.3949
56558,,Kajal and Eyeliner,,,A2_FashionDataset/FashionDataset/test/images_test/56558.jpg,0.6806
56559,,Kajal and Eyeliner,,,A2_FashionDataset/FashionDataset/test/images_test/56559.jpg,0.5818
56560,,Lipstick,,,A2_FashionDataset/FashionDataset/test/images_test/56560.jpg,0.3409
56561,,Kajal and Eyeliner,,,A2_FashionDataset/FashionDataset/test/images_test/56561.jpg,0.5083
56562,,Kajal and Eyeliner,,,A2_FashionDataset/FashionDataset/test/images_test/56562.jpg,0.3929
56563,,Kajal and Eyeliner,,,A2_FashionDataset/FashionDataset/test/images_test/56563.jpg,0.5288
56564,,Kajal and Eyeliner,,,A2_FashionDataset/FashionDataset/test/images_test/56564.jpg,0.5028
56565,,Kajal and Eyeliner,,,A2_FashionDataset/FashionDataset/test/images_test/56565.jpg,0.5822
56566,,Kajal and Eyeliner,,,A2_FashionDataset/FashionDataset/test/images_test/56566.jpg,0.8033
56568,,Foundation and Primer,,,A2_FashionDataset/FashionDataset/test/images_test/56568.jpg,0.4689
56569,,Foundation and Primer,,,A2_FashionDataset/FashionDataset/test/images_test/56569.jpg,0.1729
56570,,Foundation and Primer,,,A2_FashionDataset/FashionDataset/test/images_test/56570.jpg,0.1729
56571,,Foundation and Primer,,,A2_FashionDataset/FashionDataset/test/images_test/56571.jpg,0.4191
56572,,Foundation and Primer,,,A2_FashionDataset/FashionDataset/test/images_test/56572.jpg,0.222
56573,,Foundation and Primer,,,A2_FashionDataset/FashionDataset/test/images_test/56573.jpg,0.4084
56574,,Lipstick,,,A2_FashionDataset/FashionDataset/test/images_test/56574.jpg,0.2101
56575,,Lipstick,,,A2_FashionDataset/FashionDataset/test/images_test/56575.jpg,0.7808
56576,,Lipstick,,,A2_FashionDataset/FashionDataset/test/images_test/56576.jpg,0.7428
56579,,Deodorant,,,A2_FashionDataset/FashionDataset/test/images_test/56579.jpg,0.2982
56580,,Bangle,,,A2_FashionDataset/FashionDataset/test/images_test/56580.jpg,0.1283
56581,,Duffel Bag,,,A2_FashionDataset/FashionDataset/test/images_test/56581.jpg,0.0614
56582,,Kajal and Eyeliner,,,A2_FashionDataset/FashionDataset/test/images_test/56582.jpg,0.0811
56583,,Perfume and Body Mist,,,A2_FashionDataset/FashionDataset/test/images_test/56583.jpg,0.2543
56584,,Foundation and Primer,,,A2_FashionDataset/FashionDataset/test/images_test/56584.jpg,0.0921
56585,,Lipstick,,,A2_FashionDataset/FashionDataset/test/images_test/56585.jpg,0.0739
56588,,Lip Liner,,,A2_FashionDataset/FashionDataset/test/images_test/56588.jpg,0.7702
56590,,Perfume and Body Mist,,,A2_FashionDataset/FashionDataset/test/images_test/56590.jpg,0.7878
56591,,Perfume and Body Mist,,,A2_FashionDataset/FashionDataset/test/images_test/56591.jpg,0.3997
56592,,Foundation and Primer,,,A2_FashionDataset/FashionDataset/test/images_test/56592.jpg,0.2413
56593,,Perfume and Body Mist,,,A2_FashionDataset/FashionDataset/test/images_test/56593.jpg,0.5521
56594,,Kajal and Eyeliner,,,A2_FashionDataset/FashionDataset/test/images_test/56594.jpg,0.5684
56597,,Lip Liner,,,A2_FashionDataset/FashionDataset/test/images_test/56597.jpg,0.4995
56598,,Kajal and Eyeliner,,,A2_FashionDataset/FashionDataset/test/images_test/56598.jpg,0.513
56599,,Kajal and Eyeliner,,,A2_FashionDataset/FashionDataset/test/images_test/56599.jpg,0.5618
56600,,Kajal and Eyeliner,,,A2_FashionDataset/FashionDataset/test/images_test/56600.jpg,0.7031
56601,,Kajal and Eyeliner,,,A2_FashionDataset/FashionDataset/test/images_test/56601.jpg,0.8631
56602,,Kajal and Eyeliner,,,A2_FashionDataset/FashionDataset/test/images_test/56602.jpg,0.9342
56603,,Kajal and Eyeliner,,,A2_FashionDataset/FashionDataset/test/images_test/56603.jpg,0.951
56604,,Kajal and Eyeliner,,,A2_FashionDataset/FashionDataset/test/images_test/56604.jpg,0.8058
56605,,Kajal and Eyeliner,,,A2_FashionDataset/FashionDataset/test/images_test/56605.jpg,0.6648
56606,,Jewellery Set,,,A2_FashionDataset/FashionDataset/test/images_test/56606.jpg,0.079
56607,,Sports Shoes,,,A2_FashionDataset/FashionDataset/test/images_test/56607.jpg,0.1813
56608,,Sports Shoes,,,A2_FashionDataset/FashionDataset/test/images_test/56608.jpg,0.1661
56609,,Foundation and Primer,,,A2_FashionDataset/FashionDataset/test/images_test/56609.jpg,0.156
56610,,Foundation and Primer,,,A2_FashionDataset/FashionDataset/test/images_test/56610.jpg,0.1474
56611,,Foundation and Primer,,,A2_FashionDataset/FashionDataset/test/images_test/56611.jpg,0.1493
56612,,Wallets,,,A2_FashionDataset/FashionDataset/test/images_test/56612.jpg,0.2967
56613,,Wallets,,,A2_FashionDataset/FashionDataset/test/images_test/56613.jpg,0.3319
56614,,Wallets,,,A2_FashionDataset/FashionDataset/test/images_test/56614.jpg,0.2989
56615,,Perfume and Body Mist,,,A2_FashionDataset/FashionDataset/test/images_test/56615.jpg,0.2445
56616,,Foundation and Primer,,,A2_FashionDataset/FashionDataset/test/images_test/56616.jpg,0.258
56617,,Foundation and Primer,,,A2_FashionDataset/FashionDataset/test/images_test/56617.jpg,0.49
56618,,Foundation and Primer,,,A2_FashionDataset/FashionDataset/test/images_test/56618.jpg,0.2224
56619,,Foundation and Primer,,,A2_FashionDataset/FashionDataset/test/images_test/56619.jpg,0.2114
56620,,Waist Pouch,,,A2_FashionDataset/FashionDataset/test/images_test/56620.jpg,0.2457
56622,,Shoe Accessories,,,A2_FashionDataset/FashionDataset/test/images_test/56622.jpg,0.4072
56624,,Perfume and Body Mist,,,A2_FashionDataset/FashionDataset/test/images_test/56624.jpg,0.7983
56626,,Shoe Accessories,,,A2_FashionDataset/FashionDataset/test/images_test/56626.jpg,0.117
56627,,Perfume and Body Mist,,,A2_FashionDataset/FashionDataset/test/images_test/56627.jpg,0.7936
56631,,Shoe Accessories,,,A2_FashionDataset/FashionDataset/test/images_test/56631.jpg,0.5162
56632,,Shoe Accessories,,,A2_FashionDataset/FashionDataset/test/images_test/56632.jpg,0.3192
56634,,Foundation and Primer,,,A2_FashionDataset/FashionDataset/test/images_test/56634.jpg,0.1544
56638,,Tunics,,,A2_FashionDataset/FashionDataset/test/images_test/56638.jpg,0.4757
56639,,Kurtis,,,A2_FashionDataset/FashionDataset/test/images_test/56639.jpg,0.5881
56640,,Kurtas,,,A2_FashionDataset/FashionDataset/test/images_test/56640.jpg,0.4298
56642,,Kurtis,,,A2_FashionDataset/FashionDataset/test/images_test/56642.jpg,0.3233
56643,,Tops,,,A2_FashionDataset/FashionDataset/test/images_test/56643.jpg,0.3957
56646,,Tops,,,A2_FashionDataset/FashionDataset/test/images_test/56646.jpg,0.5161
56647,,Tshirts,,,A2_FashionDataset/FashionDataset/test/images_test/56647.jpg,0.3484
56649,,Tops,,,A2_FashionDataset/FashionDataset/test/images_test/56649.jpg,0.6993
56650,,Tops,,,A2_FashionDataset/FashionDataset/test/images_test/56650.jpg,0.5615
56651,,Tops,,,A2_FashionDataset/FashionDataset/test/images_test/56651.jpg,0.2282
56652,,Formal Shoes,,,A2_FashionDataset/FashionDataset/test/images_test/56652.jpg,0.8872
56653,,Casual Shoes,,,A2_FashionDataset/FashionDataset/test/images_test/56653.jpg,0.8889
56654,,Casual Shoes,,,A2_FashionDataset/FashionDataset/test/images_test/56654.jpg,0.8946
56655,,Casual Shoes,,,A2_FashionDataset/FashionDataset/test/images_test/56655.jpg,0.8376
56656,,Casual Shoes,,,A2_FashionDataset/FashionDataset/test/images_test/56656.jpg,0.7206
56657,,Casual Shoes,,,A2_FashionDataset/FashionDataset/test/images_test/56657.jpg,0.6659
56658,,Casual Shoes,,,A2_FashionDataset/FashionDataset/test/images_test/56658.jpg,0.7811
56659,,Formal Shoes,,,A2_FashionDataset/FashionDataset/test/images_test/56659.jpg,0.963
56660,,Casual Shoes,,,A2_FashionDataset/FashionDataset/test/images_test/56660.jpg,0.5437
56661,,Casual Shoes,,,A2_FashionDataset/FashionDataset/test/images_test/56661.jpg,0.5195
56662,,Sports Shoes,,,A2_FashionDataset/FashionDataset/test/images_test/56662.jpg,0.7957
56663,,Casual Shoes,,,A2_FashionDataset/FashionDataset/test/images_test/56663.jpg,0.8008
56664,,Casual Shoes,,,A2_FashionDataset/FashionDataset/test/images_test/56664.jpg,0.9224
56665,,Casual Shoes,,,A2_FashionDataset/FashionDataset/test/images_test/56665.jpg,0.9002
56666,,Casual Shoes,,,A2_FashionDataset/FashionDataset/test/images_test/56666.jpg,0.705
56667,,Watches,,,A2_FashionDataset/FashionDataset/test/images_test/56667.jpg,0.8455
56668,,Watches,,,A2_FashionDataset/FashionDataset/test/images_test/56668.jpg,0.9222
56669,,Watches,,,A2_FashionDataset/FashionDataset/test/images_test/56669.jpg,0.6708
56670,,Watches,,,A2_FashionDataset/FashionDataset/test/images_test/56670.jpg,0.9372
56671,,Watches,,,A2_FashionDataset/FashionDataset/test/images_test/56671.jpg,0.8627
56672,,Watches,,,A2_FashionDataset/FashionDataset/test/images_test/56672.jpg,0.8297
56673,,Watches,,,A2_FashionDataset/FashionDataset/test/images_test/56673.jpg,0.8402
56674,,Watches,,,A2_FashionDataset/FashionDataset/test/images_test/56674.jpg,0.8381
56675,,Watches,,,A2_FashionDataset/FashionDataset/test/images_test/56675.jpg,0.8473
56676,,Watches,,,A2_FashionDataset/FashionDataset/test/images_test/56676.jpg,0.8366
56677,,Watches,,,A2_FashionDataset/FashionDataset/test/images_test/56677.jpg,0.8285
56678,,Watches,,,A2_FashionDataset/FashionDataset/test/images_test/56678.jpg,0.798
56679,,Heels,,,A2_FashionDataset/FashionDataset/test/images_test/56679.jpg,0.583
56680,,Heels,,,A2_FashionDataset/FashionDataset/test/images_test/56680.jpg,0.54
56681,,Watches,,,A2_FashionDataset/FashionDataset/test/images_test/56681.jpg,0.8075
56682,,Watches,,,A2_FashionDataset/FashionDataset/test/images_test/56682.jpg,0.858
56684,,Sarees,,,A2_FashionDataset/FashionDataset/test/images_test/56684.jpg,0.903
56685,,Sarees,,,A2_FashionDataset/FashionDataset/test/images_test/56685.jpg,0.8694
56686,,Sarees,,,A2_FashionDataset/FashionDataset/test/images_test/56686.jpg,0.7889
56687,,Kurtas,,,A2_FashionDataset/FashionDataset/test/images_test/56687.jpg,0.5901
56688,,Kurtas,,,A2_FashionDataset/FashionDataset/test/images_test/56688.jpg,0.8726
56689,,Kurtas,,,A2_FashionDataset/FashionDataset/test/images_test/56689.jpg,0.9029
56691,,Kurtas,,,A2_FashionDataset/FashionDataset/test/images_test/56691.jpg,0.8511
56692,,Kurtas,,,A2_FashionDataset/FashionDataset/test/images_test/56692.jpg,0.9004
56693,,Kurtis,,,A2_FashionDataset/FashionDataset/test/images_test/56693.jpg,0.1811
56694,,Shirts,,,A2_FashionDataset/FashionDataset/test/images_test/56694.jpg,0.3837
56695,,Shirts,,,A2_FashionDataset/FashionDataset/test/images_test/56695.jpg,0.5688
56696,,Tshirts,,,A2_FashionDataset/FashionDataset/test/images_test/56696.jpg,0.6283
56697,,Shirts,,,A2_FashionDataset/FashionDataset/test/images_test/56697.jpg,0.733
56698,,Tshirts,,,A2_FashionDataset/FashionDataset/test/images_test/56698.jpg,0.2433
56699,,Shirts,,,A2_FashionDataset/FashionDataset/test/images_test/56699.jpg,0.5491
56700,,Shirts,,,A2_FashionDataset/FashionDataset/test/images_test/56700.jpg,0.3874
56701,,Tshirts,,,A2_FashionDataset/FashionDataset/test/images_test/56701.jpg,0.4332
56702,,Shirts,,,A2_FashionDataset/FashionDataset/test/images_test/56702.jpg,0.4577
56703,,Shirts,,,A2_FashionDataset/FashionDataset/test/images_test/56703.jpg,0.4389
56704,,Tshirts,,,A2_FashionDataset/FashionDataset/test/images_test/56704.jpg,0.1904
56705,,Kurtas,,,A2_FashionDataset/FashionDataset/test/images_test/56705.jpg,0.84
56709,,Kurtas,,,A2_FashionDataset/FashionDataset/test/images_test/56709.jpg,0.886
56711,,Kurtas,,,A2_FashionDataset/FashionDataset/test/images_test/56711.jpg,0.9018
56713,,Kurtas,,,A2_FashionDataset/FashionDataset/test/images_test/56713.jpg,0.9094
56714,,Kurtas,,,A2_FashionDataset/FashionDataset/test/images_test/56714.jpg,0.8984
56715,,Kurtas,,,A2_FashionDataset/FashionDataset/test/images_test/56715.jpg,0.9121
56718,,Kurtas,,,A2_FashionDataset/FashionDataset/test/images_test/56718.jpg,0.9229
56720,,Casual Shoes,,,A2_FashionDataset/FashionDataset/test/images_test/56720.jpg,0.8009
56721,,Casual Shoes,,,A2_FashionDataset/FashionDataset/test/images_test/56721.jpg,0.6045
56722,,Casual Shoes,,,A2_FashionDataset/FashionDataset/test/images_test/56722.jpg,0.7563
56723,,Casual Shoes,,,A2_FashionDataset/FashionDataset/test/images_test/56723.jpg,0.5365
56724,,Flip Flops,,,A2_FashionDataset/FashionDataset/test/images_test/56724.jpg,0.8615
56725,,Tshirts,,,A2_FashionDataset/FashionDataset/test/images_test/56725.jpg,0.8532
56733,,Tshirts,,,A2_FashionDataset/FashionDataset/test/images_test/56733.jpg,0.7519
56734,,Tshirts,,,A2_FashionDataset/FashionDataset/test/images_test/56734.jpg,0.7304
56736,,Tshirts,,,A2_FashionDataset/FashionDataset/test/images_test/56736.jpg,0.7763
56752,,Tshirts,,,A2_FashionDataset/FashionDataset/test/images_test/56752.jpg,0.7972
56753,,Tshirts,,,A2_FashionDataset/FashionDataset/test/images_test/56753.jpg,0.7779
56765,,Shirts,,,A2_FashionDataset/FashionDataset/test/images_test/56765.jpg,0.1331
56769,,Shirts,,,A2_FashionDataset/FashionDataset/test/images_test/56769.jpg,0.7902
56770,,Shirts,,,A2_FashionDataset/FashionDataset/test/images_test/56770.jpg,0.86
56771,,Shirts,,,A2_FashionDataset/FashionDataset/test/images_test/56771.jpg,0.8923
56787,,Shirts,,,A2_FashionDataset/FashionDataset/test/images_test/56787.jpg,0.8
56795,,Jeans,,,A2_FashionDataset/FashionDataset/test/images_test/56795.jpg,0.9904
56798,,Jeans,,,A2_FashionDataset/FashionDataset/test/images_test/56798.jpg,0.9872
56805,,Kurta Sets,,,A2_FashionDataset/FashionDataset/test/images_test/56805.jpg,0.9594
56806,,Kurtas,,,A2_FashionDataset/FashionDataset/test/images_test/56806.jpg,0.926
56807,,Dresses,,,A2_FashionDataset/FashionDataset/test/images_test/56807.jpg,0.3872
56808,,Kurtas,,,A2_FashionDataset/FashionDataset/test/images_test/56808.jpg,0.4183
56809,,Kurtas,,,A2_FashionDataset/FashionDataset/test/images_test/56809.jpg,0.7046
56810,,Kurtas,,,A2_FashionDataset/FashionDataset/test/images_test/56810.jpg,0.3817
56811,,Kurtas,,,A2_FashionDataset/FashionDataset/test/images_test/56811.jpg,0.6574
56812,,Kurtas,,,A2_FashionDataset/FashionDataset/test/images_test/56812.jpg,0.958
56813,,Kurtas,,,A2_FashionDataset/FashionDataset/test/images_test/56813.jpg,0.8829
56814,,Kurtis,,,A2_FashionDataset/FashionDataset/test/images_test/56814.jpg,0.2946
56815,,Kurtas,,,A2_FashionDataset/FashionDataset/test/images_test/56815.jpg,0.9072
56816,,Shirts,,,A2_FashionDataset/FashionDataset/test/images_test/56816.jpg,0.8749
56817,,Shirts,,,A2_FashionDataset/FashionDataset/test/images_test/56817.jpg,0.6007
56818,,Shirts,,,A2_FashionDataset/FashionDataset/test/images_test/56818.jpg,0.3419
56819,,Shirts,,,A2_FashionDataset/FashionDataset/test/images_test/56819.jpg,0.8377
56820,,Shirts,,,A2_FashionDataset/FashionDataset/test/images_test/56820.jpg,0.7961
56821,,Shorts,,,A2_FashionDataset/FashionDataset/test/images_test/56821.jpg,0.9653
56822,,Shorts,,,A2_FashionDataset/FashionDataset/test/images_test/56822.jpg,0.7685
56825,,Tshirts,,,A2_FashionDataset/FashionDataset/test/images_test/56825.jpg,0.4647
56827,,Jeans,,,A2_FashionDataset/FashionDataset/test/images_test/56827.jpg,0.9656
56828,,Jeans,,,A2_FashionDataset/FashionDataset/test/images_test/56828.jpg,0.6534
56829,,Jeans,,,A2_FashionDataset/FashionDataset/test/images_test/56829.jpg,0.787
56843,,Jeans,,,A2_FashionDataset/FashionDataset/test/images_test/56843.jpg,0.4087
56844,,Jeans,,,A2_FashionDataset/FashionDataset/test/images_test/56844.jpg,0.9714
56845,,Track Pants,,,A2_FashionDataset/FashionDataset/test/images_test/56845.jpg,0.5124
56846,,Jeans,,,A2_FashionDataset/FashionDataset/test/images_test/56846.jpg,0.2261
56847,,Jeans,,,A2_FashionDataset/FashionDataset/test/images_test/56847.jpg,0.5918
56849,,Jeans,,,A2_FashionDataset/FashionDataset/test/images_test/56849.jpg,0.8735
56850,,Jeans,,,A2_FashionDataset/FashionDataset/test/images_test/56850.jpg,0.7582
56852,,Jeans,,,A2_FashionDataset/FashionDataset/test/images_test/56852.jpg,0.9537
56854,,Shirts,,,A2_FashionDataset/FashionDataset/test/images_test/56854.jpg,0.3603
56855,,Shirts,,,A2_FashionDataset/FashionDataset/test/images_test/56855.jpg,0.5054
56856,,Flip Flops,,,A2_FashionDataset/FashionDataset/test/images_test/56856.jpg,0.9133
56857,,Flip Flops,,,A2_FashionDataset/FashionDataset/test/images_test/56857.jpg,0.92
56858,,Flip Flops,,,A2_FashionDataset/FashionDataset/test/images_test/56858.jpg,0.9432
56859,,Flats,,,A2_FashionDataset/FashionDataset/test/images_test/56859.jpg,0.8395
56860,,Flats,,,A2_FashionDataset/FashionDataset/test/images_test/56860.jpg,0.825
56861,,Flats,,,A2_FashionDataset/FashionDataset/test/images_test/56861.jpg,0.9401
56862,,Flats,,,A2_FashionDataset/FashionDataset/test/images_test/56862.jpg,0.883
56863,,Heels,,,A2_FashionDataset/FashionDataset/test/images_test/56863.jpg,0.9047
56864,,Heels,,,A2_FashionDataset/FashionDataset/test/images_test/56864.jpg,0.5785
56865,,Flats,,,A2_FashionDataset/FashionDataset/test/images_test/56865.jpg,0.823
56866,,Flats,,,A2_FashionDataset/FashionDataset/test/images_test/56866.jpg,0.9179
56867,,Sandals,,,A2_FashionDataset/FashionDataset/test/images_test/56867.jpg,0.2309
56868,,Flats,,,A2_FashionDataset/FashionDataset/test/images_test/56868.jpg,0.2383
56869,,Flats,,,A2_FashionDataset/FashionDataset/test/images_test/56869.jpg,0.5624
56870,,Flats,,,A2_FashionDataset/FashionDataset/test/images_test/56870.jpg,0.5635
56871,,Flats,,,A2_FashionDataset/FashionDataset/test/images_test/56871.jpg,0.5201
56872,,Flats,,,A2_FashionDataset/FashionDataset/test/images_test/56872.jpg,0.3757
56873,,Flats,,,A2_FashionDataset/FashionDataset/test/images_test/56873.jpg,0.4489
56874,,Heels,,,A2_FashionDataset/FashionDataset/test/images_test/56874.jpg,0.597
56875,,Heels,,,A2_FashionDataset/FashionDataset/test/images_test/56875.jpg,0.8857
56876,,Heels,,,A2_FashionDataset/FashionDataset/test/images_test/56876.jpg,0.5754
56877,,Heels,,,A2_FashionDataset/FashionDataset/test/images_test/56877.jpg,0.7444
56878,,Heels,,,A2_FashionDataset/FashionDataset/test/images_test/56878.jpg,0.8248
56879,,Heels,,,A2_FashionDataset/FashionDataset/test/images_test/56879.jpg,0.4328
56880,,Heels,,,A2_FashionDataset/FashionDataset/test/images_test/56880.jpg,0.9036
56881,,Heels,,,A2_FashionDataset/FashionDataset/test/images_test/56881.jpg,0.9401
56882,,Heels,,,A2_FashionDataset/FashionDataset/test/images_test/56882.jpg,0.9594
56883,,Heels,,,A2_FashionDataset/FashionDataset/test/images_test/56883.jpg,0.9897
56884,,Heels,,,A2_FashionDataset/FashionDataset/test/images_test/56884.jpg,0.3729
56885,,Flats,,,A2_FashionDataset/FashionDataset/test/images_test/56885.jpg,0.5881
56886,,Flats,,,A2_FashionDataset/FashionDataset/test/images_test/56886.jpg,0.7469
56887,,Heels,,,A2_FashionDataset/FashionDataset/test/images_test/56887.jpg,0.6937
56888,,Flats,,,A2_FashionDataset/FashionDataset/test/images_test/56888.jpg,0.7496
56889,,Flats,,,A2_FashionDataset/FashionDataset/test/images_test/56889.jpg,0.9749
56890,,Heels,,,A2_FashionDataset/FashionDataset/test/images_test/56890.jpg,0.6825
56891,,Flats,,,A2_FashionDataset/FashionDataset/test/images_test/56891.jpg,0.8196
56893,,Flats,,,A2_FashionDataset/FashionDataset/test/images_test/56893.jpg,0.8537
56894,,Heels,,,A2_FashionDataset/FashionDataset/test/images_test/56894.jpg,0.8044
56895,,Heels,,,A2_FashionDataset/FashionDataset/test/images_test/56895.jpg,0.7845
56896,,Flats,,,A2_FashionDataset/FashionDataset/test/images_test/56896.jpg,0.5598
56897,,Heels,,,A2_FashionDataset/FashionDataset/test/images_test/56897.jpg,0.9462
56898,,Heels,,,A2_FashionDataset/FashionDataset/test/images_test/56898.jpg,0.4593
56899,,Heels,,,A2_FashionDataset/FashionDataset/test/images_test/56899.jpg,0.8928
56900,,Heels,,,A2_FashionDataset/FashionDataset/test/images_test/56900.jpg,0.6841
56901,,Heels,,,A2_FashionDataset/FashionDataset/test/images_test/56901.jpg,0.6029
56902,,Heels,,,A2_FashionDataset/FashionDataset/test/images_test/56902.jpg,0.4293
56903,,Heels,,,A2_FashionDataset/FashionDataset/test/images_test/56903.jpg,0.5989
56904,,Flats,,,A2_FashionDataset/FashionDataset/test/images_test/56904.jpg,0.566
56905,,Flats,,,A2_FashionDataset/FashionDataset/test/images_test/56905.jpg,0.9107
56906,,Flats,,,A2_FashionDataset/FashionDataset/test/images_test/56906.jpg,0.8446
56907,,Heels,,,A2_FashionDataset/FashionDataset/test/images_test/56907.jpg,0.5934
56908,,Heels,,,A2_FashionDataset/FashionDataset/test/images_test/56908.jpg,0.7554
56909,,Flats,,,A2_FashionDataset/FashionDataset/test/images_test/56909.jpg,0.3276
56910,,Heels,,,A2_FashionDataset/FashionDataset/test/images_test/56910.jpg,0.3442
56911,,Flats,,,A2_FashionDataset/FashionDataset/test/images_test/56911.jpg,0.415
56912,,Heels,,,A2_FashionDataset/FashionDataset/test/images_test/56912.jpg,0.5684
56913,,Heels,,,A2_FashionDataset/FashionDataset/test/images_test/56913.jpg,0.7798
56914,,Flats,,,A2_FashionDataset/FashionDataset/test/images_test/56914.jpg,0.6376
56915,,Flats,,,A2_FashionDataset/FashionDataset/test/images_test/56915.jpg,0.757
56916,,Heels,,,A2_FashionDataset/FashionDataset/test/images_test/56916.jpg,0.4522
56917,,Heels,,,A2_FashionDataset/FashionDataset/test/images_test/56917.jpg,0.5427
56918,,Flats,,,A2_FashionDataset/FashionDataset/test/images_test/56918.jpg,0.9736
56919,,Heels,,,A2_FashionDataset/FashionDataset/test/images_test/56919.jpg,0.5077
56920,,Heels,,,A2_FashionDataset/FashionDataset/test/images_test/56920.jpg,0.9673
56921,,Heels,,,A2_FashionDataset/FashionDataset/test/images_test/56921.jpg,0.9064
56922,,Heels,,,A2_FashionDataset/FashionDataset/test/images_test/56922.jpg,0.7504
56923,,Heels,,,A2_FashionDataset/FashionDataset/test/images_test/56923.jpg,0.553
56924,,Heels,,,A2_FashionDataset/FashionDataset/test/images_test/56924.jpg,0.9227
56925,,Flats,,,A2_FashionDataset/FashionDataset/test/images_test/56925.jpg,0.4994
56926,,Flats,,,A2_FashionDataset/FashionDataset/test/images_test/56926.jpg,0.5706
56927,,Heels,,,A2_FashionDataset/FashionDataset/test/images_test/56927.jpg,0.6748
56928,,Heels,,,A2_FashionDataset/FashionDataset/test/images_test/56928.jpg,0.7306
56929,,Heels,,,A2_FashionDataset/FashionDataset/test/images_test/56929.jpg,0.9105
56930,,Flats,,,A2_FashionDataset/FashionDataset/test/images_test/56930.jpg,0.7316
56931,,Flats,,,A2_FashionDataset/FashionDataset/test/images_test/56931.jpg,0.4078
56932,,Flats,,,A2_FashionDataset/FashionDataset/test/images_test/56932.jpg,0.5786
56933,,Flats,,,A2_FashionDataset/FashionDataset/test/images_test/56933.jpg,0.6747
56934,,Flats,,,A2_FashionDataset/FashionDataset/test/images_test/56934.jpg,0.5753
56935,,Heels,,,A2_FashionDataset/FashionDataset/test/images_test/56935.jpg,0.7835
56936,,Flats,,,A2_FashionDataset/FashionDataset/test/images_test/56936.jpg,0.508
56937,,Heels,,,A2_FashionDataset/FashionDataset/test/images_test/56937.jpg,0.3307
56938,,Flats,,,A2_FashionDataset/FashionDataset/test/images_test/56938.jpg,0.3289
56939,,Flats,,,A2_FashionDataset/FashionDataset/test/images_test/56939.jpg,0.5489
56940,,Flats,,,A2_FashionDataset/FashionDataset/test/images_test/56940.jpg,0.7051
56941,,Heels,,,A2_FashionDataset/FashionDataset/test/images_test/56941.jpg,0.7321
56942,,Heels,,,A2_FashionDataset/FashionDataset/test/images_test/56942.jpg,0.6331
56943,,Heels,,,A2_FashionDataset/FashionDataset/test/images_test/56943.jpg,0.631
56944,,Heels,,,A2_FashionDataset/FashionDataset/test/images_test/56944.jpg,0.7268
56945,,Heels,,,A2_FashionDataset/FashionDataset/test/images_test/56945.jpg,0.7122
56946,,Heels,,,A2_FashionDataset/FashionDataset/test/images_test/56946.jpg,0.9354
56947,,Heels,,,A2_FashionDataset/FashionDataset/test/images_test/56947.jpg,0.6954
56948,,Heels,,,A2_FashionDataset/FashionDataset/test/images_test/56948.jpg,0.5688
56949,,Flats,,,A2_FashionDataset/FashionDataset/test/images_test/56949.jpg,0.7642
56950,,Flats,,,A2_FashionDataset/FashionDataset/test/images_test/56950.jpg,0.6777
56951,,Flats,,,A2_FashionDataset/FashionDataset/test/images_test/56951.jpg,0.4526
56952,,Flats,,,A2_FashionDataset/FashionDataset/test/images_test/56952.jpg,0.624
56953,,Heels,,,A2_FashionDataset/FashionDataset/test/images_test/56953.jpg,0.8349
56954,,Heels,,,A2_FashionDataset/FashionDataset/test/images_test/56954.jpg,0.9352
56955,,Flats,,,A2_FashionDataset/FashionDataset/test/images_test/56955.jpg,0.7035
56956,,Flats,,,A2_FashionDataset/FashionDataset/test/images_test/56956.jpg,0.8701
56957,,Heels,,,A2_FashionDataset/FashionDataset/test/images_test/56957.jpg,0.7746
56958,,Heels,,,A2_FashionDataset/FashionDataset/test/images_test/56958.jpg,0.4812
56959,,Heels,,,A2_FashionDataset/FashionDataset/test/images_test/56959.jpg,0.4636
56960,,Flats,,,A2_FashionDataset/FashionDataset/test/images_test/56960.jpg,0.5325
56961,,Heels,,,A2_FashionDataset/FashionDataset/test/images_test/56961.jpg,0.3301
56962,,Heels,,,A2_FashionDataset/FashionDataset/test/images_test/56962.jpg,0.7581
56963,,Heels,,,A2_FashionDataset/FashionDataset/test/images_test/56963.jpg,0.5887
56964,,Heels,,,A2_FashionDataset/FashionDataset/test/images_test/56964.jpg,0.8196
56965,,Flats,,,A2_FashionDataset/FashionDataset/test/images_test/56965.jpg,0.3396
56966,,Flip Flops,,,A2_FashionDataset/FashionDataset/test/images_test/56966.jpg,0.4255
56967,,Flats,,,A2_FashionDataset/FashionDataset/test/images_test/56967.jpg,0.5926
56968,,Heels,,,A2_FashionDataset/FashionDataset/test/images_test/56968.jpg,0.5265
56969,,Heels,,,A2_FashionDataset/FashionDataset/test/images_test/56969.jpg,0.4836
56970,,Flats,,,A2_FashionDataset/FashionDataset/test/images_test/56970.jpg,0.8855
56971,,Flats,,,A2_FashionDataset/FashionDataset/test/images_test/56971.jpg,0.7565
56972,,Flats,,,A2_FashionDataset/FashionDataset/test/images_test/56972.jpg,0.575
56973,,Flats,,,A2_FashionDataset/FashionDataset/test/images_test/56973.jpg,0.9516
56974,,Heels,,,A2_FashionDataset/FashionDataset/test/images_test/56974.jpg,0.5769
56975,,Flats,,,A2_FashionDataset/FashionDataset/test/images_test/56975.jpg,0.8683
56976,,Heels,,,A2_FashionDataset/FashionDataset/test/images_test/56976.jpg,0.6182
56977,,Heels,,,A2_FashionDataset/FashionDataset/test/images_test/56977.jpg,0.8608
56978,,Flats,,,A2_FashionDataset/FashionDataset/test/images_test/56978.jpg,0.6854
56979,,Heels,,,A2_FashionDataset/FashionDataset/test/images_test/56979.jpg,0.4146
56980,,Flats,,,A2_FashionDataset/FashionDataset/test/images_test/56980.jpg,0.5729
56981,,Heels,,,A2_FashionDataset/FashionDataset/test/images_test/56981.jpg,0.3742
56982,,Flats,,,A2_FashionDataset/FashionDataset/test/images_test/56982.jpg,0.6381
56983,,Heels,,,A2_FashionDataset/FashionDataset/test/images_test/56983.jpg,0.6495
56984,,Heels,,,A2_FashionDataset/FashionDataset/test/images_test/56984.jpg,0.9225
56985,,Heels,,,A2_FashionDataset/FashionDataset/test/images_test/56985.jpg,0.5415
56986,,Heels,,,A2_FashionDataset/FashionDataset/test/images_test/56986.jpg,0.4888
56987,,Heels,,,A2_FashionDataset/FashionDataset/test/images_test/56987.jpg,0.9039
56988,,Heels,,,A2_FashionDataset/FashionDataset/test/images_test/56988.jpg,0.7253
56989,,Heels,,,A2_FashionDataset/FashionDataset/test/images_test/56989.jpg,0.5492
56990,,Heels,,,A2_FashionDataset/FashionDataset/test/images_test/56990.jpg,0.8458
56991,,Heels,,,A2_FashionDataset/FashionDataset/test/images_test/56991.jpg,0.5628
56992,,Flats,,,A2_FashionDataset/FashionDataset/test/images_test/56992.jpg,0.8715
56993,,Flats,,,A2_FashionDataset/FashionDataset/test/images_test/56993.jpg,0.7117
56994,,Flats,,,A2_FashionDataset/FashionDataset/test/images_test/56994.jpg,0.4092
56995,,Heels,,,A2_FashionDataset/FashionDataset/test/images_test/56995.jpg,0.6505
56996,,Heels,,,A2_FashionDataset/FashionDataset/test/images_test/56996.jpg,0.7412
56997,,Flats,,,A2_FashionDataset/FashionDataset/test/images_test/56997.jpg,0.3941
56998,,Heels,,,A2_FashionDataset/FashionDataset/test/images_test/56998.jpg,0.4432
56999,,Flats,,,A2_FashionDataset/FashionDataset/test/images_test/56999.jpg,0.508
57000,,Heels,,,A2_FashionDataset/FashionDataset/test/images_test/57000.jpg,0.6229
57001,,Flats,,,A2_FashionDataset/FashionDataset/test/images_test/57001.jpg,0.643
57002,,Flats,,,A2_FashionDataset/FashionDataset/test/images_test/57002.jpg,0.4412
57003,,Flats,,,A2_FashionDataset/FashionDataset/test/images_test/57003.jpg,0.496
57004,,Flats,,,A2_FashionDataset/FashionDataset/test/images_test/57004.jpg,0.679
57005,,Flats,,,A2_FashionDataset/FashionDataset/test/images_test/57005.jpg,0.6212
57006,,Heels,,,A2_FashionDataset/FashionDataset/test/images_test/57006.jpg,0.7065
57007,,Heels,,,A2_FashionDataset/FashionDataset/test/images_test/57007.jpg,0.6884
57008,,Flats,,,A2_FashionDataset/FashionDataset/test/images_test/57008.jpg,0.8579
57009,,Flats,,,A2_FashionDataset/FashionDataset/test/images_test/57009.jpg,0.9422
57010,,Flip Flops,,,A2_FashionDataset/FashionDataset/test/images_test/57010.jpg,0.2898
57011,,Flats,,,A2_FashionDataset/FashionDataset/test/images_test/57011.jpg,0.782
57012,,Flats,,,A2_FashionDataset/FashionDataset/test/images_test/57012.jpg,0.5615
57013,,Flats,,,A2_FashionDataset/FashionDataset/test/images_test/57013.jpg,0.7256
57014,,Flats,,,A2_FashionDataset/FashionDataset/test/images_test/57014.jpg,0.5183
57015,,Briefs,,,A2_FashionDataset/FashionDataset/test/images_test/57015.jpg,0.9217
57016,,Briefs,,,A2_FashionDataset/FashionDataset/test/images_test/57016.jpg,0.9147
57017,,Briefs,,,A2_FashionDataset/FashionDataset/test/images_test/57017.jpg,0.6953
57018,,Briefs,,,A2_FashionDataset/FashionDataset/test/images_test/57018.jpg,0.9133
57019,,Briefs,,,A2_FashionDataset/FashionDataset/test/images_test/57019.jpg,0.9752
57021,,Briefs,,,A2_FashionDataset/FashionDataset/test/images_test/57021.jpg,0.9066
57022,,Briefs,,,A2_FashionDataset/FashionDataset/test/images_test/57022.jpg,0.9348
57023,,Briefs,,,A2_FashionDataset/FashionDataset/test/images_test/57023.jpg,0.9167
57024,,Briefs,,,A2_FashionDataset/FashionDataset/test/images_test/57024.jpg,0.9196
57025,,Briefs,,,A2_FashionDataset/FashionDataset/test/images_test/57025.jpg,0.9252
57026,,Briefs,,,A2_FashionDataset/FashionDataset/test/images_test/57026.jpg,0.9331
57027,,Briefs,,,A2_FashionDataset/FashionDataset/test/images_test/57027.jpg,0.9472
57028,,Tshirts,,,A2_FashionDataset/FashionDataset/test/images_test/57028.jpg,0.6321
57029,,Tops,,,A2_FashionDataset/FashionDataset/test/images_test/57029.jpg,0.4186
57030,,Dresses,,,A2_FashionDataset/FashionDataset/test/images_test/57030.jpg,0.379
57031,,Dresses,,,A2_FashionDataset/FashionDataset/test/images_test/57031.jpg,0.6823
57032,,Tops,,,A2_FashionDataset/FashionDataset/test/images_test/57032.jpg,0.4621
57033,,Tshirts,,,A2_FashionDataset/FashionDataset/test/images_test/57033.jpg,0.2847
57034,,Jumpsuit,,,A2_FashionDataset/FashionDataset/test/images_test/57034.jpg,0.2039
57035,,Dresses,,,A2_FashionDataset/FashionDataset/test/images_test/57035.jpg,0.9107
57036,,Sarees,,,A2_FashionDataset/FashionDataset/test/images_test/57036.jpg,0.1946
57037,,Dresses,,,A2_FashionDataset/FashionDataset/test/images_test/57037.jpg,0.8216
57038,,Kurtas,,,A2_FashionDataset/FashionDataset/test/images_test/57038.jpg,0.2141
57039,,Dresses,,,A2_FashionDataset/FashionDataset/test/images_test/57039.jpg,0.7804
57040,,Dresses,,,A2_FashionDataset/FashionDataset/test/images_test/57040.jpg,0.9406
57041,,Dresses,,,A2_FashionDataset/FashionDataset/test/images_test/57041.jpg,0.8204
57042,,Dresses,,,A2_FashionDataset/FashionDataset/test/images_test/57042.jpg,0.8903
57043,,Dresses,,,A2_FashionDataset/FashionDataset/test/images_test/57043.jpg,0.6549
57044,,Dresses,,,A2_FashionDataset/FashionDataset/test/images_test/57044.jpg,0.2857
57045,,Dresses,,,A2_FashionDataset/FashionDataset/test/images_test/57045.jpg,0.8804
57046,,Dresses,,,A2_FashionDataset/FashionDataset/test/images_test/57046.jpg,0.9791
57047,,Dresses,,,A2_FashionDataset/FashionDataset/test/images_test/57047.jpg,0.8245
57048,,Dresses,,,A2_FashionDataset/FashionDataset/test/images_test/57048.jpg,0.8779
57049,,Dresses,,,A2_FashionDataset/FashionDataset/test/images_test/57049.jpg,0.9893
57050,,Dresses,,,A2_FashionDataset/FashionDataset/test/images_test/57050.jpg,0.8644
57051,,Dresses,,,A2_FashionDataset/FashionDataset/test/images_test/57051.jpg,0.9282
57052,,Nightdress,,,A2_FashionDataset/FashionDataset/test/images_test/57052.jpg,0.2381
57053,,Dresses,,,A2_FashionDataset/FashionDataset/test/images_test/57053.jpg,0.6822
57054,,Dresses,,,A2_FashionDataset/FashionDataset/test/images_test/57054.jpg,0.4782
57055,,Tops,,,A2_FashionDataset/FashionDataset/test/images_test/57055.jpg,0.3145
57056,,Dresses,,,A2_FashionDataset/FashionDataset/test/images_test/57056.jpg,0.7016
57057,,Dresses,,,A2_FashionDataset/FashionDataset/test/images_test/57057.jpg,0.3722
57058,,Dresses,,,A2_FashionDataset/FashionDataset/test/images_test/57058.jpg,0.8838
57059,,Dresses,,,A2_FashionDataset/FashionDataset/test/images_test/57059.jpg,0.8178
57060,,Dresses,,,A2_FashionDataset/FashionDataset/test/images_test/57060.jpg,0.9432
57061,,Dresses,,,A2_FashionDataset/FashionDataset/test/images_test/57061.jpg,0.9616
57062,,Jackets,,,A2_FashionDataset/FashionDataset/test/images_test/57062.jpg,0.3264
57063,,Shirts,,,A2_FashionDataset/FashionDataset/test/images_test/57063.jpg,0.092
57064,,Sweaters,,,A2_FashionDataset/FashionDataset/test/images_test/57064.jpg,0.3385
57065,,Tops,,,A2_FashionDataset/FashionDataset/test/images_test/57065.jpg,0.1595
57066,,Tops,,,A2_FashionDataset/FashionDataset/test/images_test/57066.jpg,0.1886
57067,,Dresses,,,A2_FashionDataset/FashionDataset/test/images_test/57067.jpg,0.4301
57068,,Tops,,,A2_FashionDataset/FashionDataset/test/images_test/57068.jpg,0.4282
57069,,Tops,,,A2_FashionDataset/FashionDataset/test/images_test/57069.jpg,0.3252
57070,,Jeggings,,,A2_FashionDataset/FashionDataset/test/images_test/57070.jpg,0.4876
57071,,Jeggings,,,A2_FashionDataset/FashionDataset/test/images_test/57071.jpg,0.5479
57072,,Jeans,,,A2_FashionDataset/FashionDataset/test/images_test/57072.jpg,0.1976
57073,,Jeans,,,A2_FashionDataset/FashionDataset/test/images_test/57073.jpg,0.5827
57074,,Jeans,,,A2_FashionDataset/FashionDataset/test/images_test/57074.jpg,0.9617
57075,,Leggings,,,A2_FashionDataset/FashionDataset/test/images_test/57075.jpg,0.3977
57076,,Jeggings,,,A2_FashionDataset/FashionDataset/test/images_test/57076.jpg,0.6345
57077,,Jeans,,,A2_FashionDataset/FashionDataset/test/images_test/57077.jpg,0.9807
57078,,Nightdress,,,A2_FashionDataset/FashionDataset/test/images_test/57078.jpg,0.3288
57079,,Tops,,,A2_FashionDataset/FashionDataset/test/images_test/57079.jpg,0.671
57080,,Sweaters,,,A2_FashionDataset/FashionDataset/test/images_test/57080.jpg,0.2043
57081,,Tops,,,A2_FashionDataset/FashionDataset/test/images_test/57081.jpg,0.4012
57082,,Shorts,,,A2_FashionDataset/FashionDataset/test/images_test/57082.jpg,0.8408
57083,,Skirts,,,A2_FashionDataset/FashionDataset/test/images_test/57083.jpg,0.9117
57084,,Skirts,,,A2_FashionDataset/FashionDataset/test/images_test/57084.jpg,0.7726
57085,,Boxers,,,A2_FashionDataset/FashionDataset/test/images_test/57085.jpg,0.1023
57086,,Skirts,,,A2_FashionDataset/FashionDataset/test/images_test/57086.jpg,0.6914
57087,,Dresses,,,A2_FashionDataset/FashionDataset/test/images_test/57087.jpg,0.3794
57088,,Skirts,,,A2_FashionDataset/FashionDataset/test/images_test/57088.jpg,0.9814
57089,,Skirts,,,A2_FashionDataset/FashionDataset/test/images_test/57089.jpg,0.7246
57090,,Shorts,,,A2_FashionDataset/FashionDataset/test/images_test/57090.jpg,0.431
57091,,Skirts,,,A2_FashionDataset/FashionDataset/test/images_test/57091.jpg,0.5278
57092,,Dresses,,,A2_FashionDataset/FashionDataset/test/images_test/57092.jpg,0.9385
57093,,Capris,,,A2_FashionDataset/FashionDataset/test/images_test/57093.jpg,0.4979
57094,,Skirts,,,A2_FashionDataset/FashionDataset/test/images_test/57094.jpg,0.3767
57095,,Skirts,,,A2_FashionDataset/FashionDataset/test/images_test/57095.jpg,0.9171
57096,,Lounge Pants,,,A2_FashionDataset/FashionDataset/test/images_test/57096.jpg,0.1055
57097,,Capris,,,A2_FashionDataset/FashionDataset/test/images_test/57097.jpg,0.8001
57099,,Shorts,,,A2_FashionDataset/FashionDataset/test/images_test/57099.jpg,0.8043
57100,,Tops,,,A2_FashionDataset/FashionDataset/test/images_test/57100.jpg,0.7814
57101,,Tops,,,A2_FashionDataset/FashionDataset/test/images_test/57101.jpg,0.6426
57102,,Nightdress,,,A2_FashionDataset/FashionDataset/test/images_test/57102.jpg,0.2885
57103,,Shirts,,,A2_FashionDataset/FashionDataset/test/images_test/57103.jpg,0.2114
57104,,Tops,,,A2_FashionDataset/FashionDataset/test/images_test/57104.jpg,0.2319
57105,,Tops,,,A2_FashionDataset/FashionDataset/test/images_test/57105.jpg,0.2536
57106,,Tops,,,A2_FashionDataset/FashionDataset/test/images_test/57106.jpg,0.3838
57107,,Tunics,,,A2_FashionDataset/FashionDataset/test/images_test/57107.jpg,0.1397
57108,,Tops,,,A2_FashionDataset/FashionDataset/test/images_test/57108.jpg,0.3378
57109,,Tops,,,A2_FashionDataset/FashionDataset/test/images_test/57109.jpg,0.2391
57110,,Shirts,,,A2_FashionDataset/FashionDataset/test/images_test/57110.jpg,0.3461
57111,,Tops,,,A2_FashionDataset/FashionDataset/test/images_test/57111.jpg,0.2097
57112,,Tops,,,A2_FashionDataset/FashionDataset/test/images_test/57112.jpg,0.7593
57114,,Tops,,,A2_FashionDataset/FashionDataset/test/images_test/57114.jpg,0.6731
57115,,Dresses,,,A2_FashionDataset/FashionDataset/test/images_test/57115.jpg,0.5549
57116,,Tops,,,A2_FashionDataset/FashionDataset/test/images_test/57116.jpg,0.1955
57117,,Tops,,,A2_FashionDataset/FashionDataset/test/images_test/57117.jpg,0.632
57118,,Tops,,,A2_FashionDataset/FashionDataset/test/images_test/57118.jpg,0.925
57119,,Tops,,,A2_FashionDataset/FashionDataset/test/images_test/57119.jpg,0.4553
57120,,Tshirts,,,A2_FashionDataset/FashionDataset/test/images_test/57120.jpg,0.095
57121,,Tops,,,A2_FashionDataset/FashionDataset/test/images_test/57121.jpg,0.1353
57122,,Tops,,,A2_FashionDataset/FashionDataset/test/images_test/57122.jpg,0.6083
57123,,Tops,,,A2_FashionDataset/FashionDataset/test/images_test/57123.jpg,0.5734
57124,,Kurtas,,,A2_FashionDataset/FashionDataset/test/images_test/57124.jpg,0.1983
57125,,Tops,,,A2_FashionDataset/FashionDataset/test/images_test/57125.jpg,0.7195
57126,,Tops,,,A2_FashionDataset/FashionDataset/test/images_test/57126.jpg,0.9664
57127,,Tops,,,A2_FashionDataset/FashionDataset/test/images_test/57127.jpg,0.8596
57128,,Shirts,,,A2_FashionDataset/FashionDataset/test/images_test/57128.jpg,0.5638
57129,,Tops,,,A2_FashionDataset/FashionDataset/test/images_test/57129.jpg,0.8199
57130,,Tops,,,A2_FashionDataset/FashionDataset/test/images_test/57130.jpg,0.7635
57131,,Tops,,,A2_FashionDataset/FashionDataset/test/images_test/57131.jpg,0.3004
57132,,Swimwear,,,A2_FashionDataset/FashionDataset/test/images_test/57132.jpg,0.077
57133,,Tunics,,,A2_FashionDataset/FashionDataset/test/images_test/57133.jpg,0.3529
57134,,Tops,,,A2_FashionDataset/FashionDataset/test/images_test/57134.jpg,0.8278
57135,,Tops,,,A2_FashionDataset/FashionDataset/test/images_test/57135.jpg,0.1377
57136,,Jeans,,,A2_FashionDataset/FashionDataset/test/images_test/57136.jpg,0.5895
57137,,Trousers,,,A2_FashionDataset/FashionDataset/test/images_test/57137.jpg,0.4698
57138,,Trousers,,,A2_FashionDataset/FashionDataset/test/images_test/57138.jpg,0.231
57139,,Trousers,,,A2_FashionDataset/FashionDataset/test/images_test/57139.jpg,0.4602
57140,,Leggings,,,A2_FashionDataset/FashionDataset/test/images_test/57140.jpg,0.2835
57141,,Leggings,,,A2_FashionDataset/FashionDataset/test/images_test/57141.jpg,0.2747
57142,,Innerwear Vests,,,A2_FashionDataset/FashionDataset/test/images_test/57142.jpg,0.2921
57143,,Tops,,,A2_FashionDataset/FashionDataset/test/images_test/57143.jpg,0.9593
57144,,Dresses,,,A2_FashionDataset/FashionDataset/test/images_test/57144.jpg,0.5628
57145,,Tops,,,A2_FashionDataset/FashionDataset/test/images_test/57145.jpg,0.6799
57146,,Tops,,,A2_FashionDataset/FashionDataset/test/images_test/57146.jpg,0.9373
57147,,Tops,,,A2_FashionDataset/FashionDataset/test/images_test/57147.jpg,0.2123
57148,,Tops,,,A2_FashionDataset/FashionDataset/test/images_test/57148.jpg,0.7801
57149,,Tops,,,A2_FashionDataset/FashionDataset/test/images_test/57149.jpg,0.8617
57150,,Dupatta,,,A2_FashionDataset/FashionDataset/test/images_test/57150.jpg,0.1505
57151,,Tops,,,A2_FashionDataset/FashionDataset/test/images_test/57151.jpg,0.1844
57152,,Tops,,,A2_FashionDataset/FashionDataset/test/images_test/57152.jpg,0.4853
57153,,Tops,,,A2_FashionDataset/FashionDataset/test/images_test/57153.jpg,0.3051
57154,,Tops,,,A2_FashionDataset/FashionDataset/test/images_test/57154.jpg,0.3831
57155,,Tops,,,A2_FashionDataset/FashionDataset/test/images_test/57155.jpg,0.684
57156,,Tops,,,A2_FashionDataset/FashionDataset/test/images_test/57156.jpg,0.9483
57157,,Tops,,,A2_FashionDataset/FashionDataset/test/images_test/57157.jpg,0.4741
57158,,Tops,,,A2_FashionDataset/FashionDataset/test/images_test/57158.jpg,0.3516
57159,,Tshirts,,,A2_FashionDataset/FashionDataset/test/images_test/57159.jpg,0.5931
57160,,Tshirts,,,A2_FashionDataset/FashionDataset/test/images_test/57160.jpg,0.8141
57161,,Tops,,,A2_FashionDataset/FashionDataset/test/images_test/57161.jpg,0.7395
57162,,Tshirts,,,A2_FashionDataset/FashionDataset/test/images_test/57162.jpg,0.2879
57163,,Tops,,,A2_FashionDataset/FashionDataset/test/images_test/57163.jpg,0.1155
57164,,Tops,,,A2_FashionDataset/FashionDataset/test/images_test/57164.jpg,0.6211
57165,,Tops,,,A2_FashionDataset/FashionDataset/test/images_test/57165.jpg,0.726
57166,,Tops,,,A2_FashionDataset/FashionDataset/test/images_test/57166.jpg,0.8113
57167,,Tops,,,A2_FashionDataset/FashionDataset/test/images_test/57167.jpg,0.3664
57168,,Tops,,,A2_FashionDataset/FashionDataset/test/images_test/57168.jpg,0.8474
57169,,Tshirts,,,A2_FashionDataset/FashionDataset/test/images_test/57169.jpg,0.6779
57170,,Tshirts,,,A2_FashionDataset/FashionDataset/test/images_test/57170.jpg,0.1668
57171,,Dresses,,,A2_FashionDataset/FashionDataset/test/images_test/57171.jpg,0.5157
57172,,Tops,,,A2_FashionDataset/FashionDataset/test/images_test/57172.jpg,0.4396
57173,,Tops,,,A2_FashionDataset/FashionDataset/test/images_test/57173.jpg,0.953
57174,,Tops,,,A2_FashionDataset/FashionDataset/test/images_test/57174.jpg,0.5127
57175,,Tops,,,A2_FashionDataset/FashionDataset/test/images_test/57175.jpg,0.6336
57176,,Tshirts,,,A2_FashionDataset/FashionDataset/test/images_test/57176.jpg,0.4123
57177,,Kurtis,,,A2_FashionDataset/FashionDataset/test/images_test/57177.jpg,0.9649
57178,,Shirts,,,A2_FashionDataset/FashionDataset/test/images_test/57178.jpg,0.1818
57179,,Tops,,,A2_FashionDataset/FashionDataset/test/images_test/57179.jpg,0.3572
57180,,Tops,,,A2_FashionDataset/FashionDataset/test/images_test/57180.jpg,0.436
57181,,Dresses,,,A2_FashionDataset/FashionDataset/test/images_test/57181.jpg,0.603
57182,,Dresses,,,A2_FashionDataset/FashionDataset/test/images_test/57182.jpg,0.9187
57183,,Dresses,,,A2_FashionDataset/FashionDataset/test/images_test/57183.jpg,0.6149
57184,,Dresses,,,A2_FashionDataset/FashionDataset/test/images_test/57184.jpg,0.4069
57185,,Dresses,,,A2_FashionDataset/FashionDataset/test/images_test/57185.jpg,0.7907
57186,,Dresses,,,A2_FashionDataset/FashionDataset/test/images_test/57186.jpg,0.9213
57187,,Dresses,,,A2_FashionDataset/FashionDataset/test/images_test/57187.jpg,0.2048
57188,,Kurtas,,,A2_FashionDataset/FashionDataset/test/images_test/57188.jpg,0.4982
57189,,Tops,,,A2_FashionDataset/FashionDataset/test/images_test/57189.jpg,0.6946
57190,,Tops,,,A2_FashionDataset/FashionDataset/test/images_test/57190.jpg,0.2366
57191,,Tops,,,A2_FashionDataset/FashionDataset/test/images_test/57191.jpg,0.2936
57192,,Innerwear Vests,,,A2_FashionDataset/FashionDataset/test/images_test/57192.jpg,0.3409
57193,,Tops,,,A2_FashionDataset/FashionDataset/test/images_test/57193.jpg,0.5839
57194,,Tops,,,A2_FashionDataset/FashionDataset/test/images_test/57194.jpg,0.9443
57195,,Dresses,,,A2_FashionDataset/FashionDataset/test/images_test/57195.jpg,0.4279
57196,,Dresses,,,A2_FashionDataset/FashionDataset/test/images_test/57196.jpg,0.4155
57197,,Tops,,,A2_FashionDataset/FashionDataset/test/images_test/57197.jpg,0.9268
57198,,Tops,,,A2_FashionDataset/FashionDataset/test/images_test/57198.jpg,0.7938
57199,,Dresses,,,A2_FashionDataset/FashionDataset/test/images_test/57199.jpg,0.7223
57200,,Dresses,,,A2_FashionDataset/FashionDataset/test/images_test/57200.jpg,0.8149
57201,,Tops,,,A2_FashionDataset/FashionDataset/test/images_test/57201.jpg,0.7924
57202,,Dresses,,,A2_FashionDataset/FashionDataset/test/images_test/57202.jpg,0.3059
57203,,Kurtas,,,A2_FashionDataset/FashionDataset/test/images_test/57203.jpg,0.7822
57204,,Jeans,,,A2_FashionDataset/FashionDataset/test/images_test/57204.jpg,0.5699
57205,,Capris,,,A2_FashionDataset/FashionDataset/test/images_test/57205.jpg,0.7972
57207,,Capris,,,A2_FashionDataset/FashionDataset/test/images_test/57207.jpg,0.7254
57208,,Jeggings,,,A2_FashionDataset/FashionDataset/test/images_test/57208.jpg,0.6781
57209,,Jeans,,,A2_FashionDataset/FashionDataset/test/images_test/57209.jpg,0.9737
57210,,Jeans,,,A2_FashionDataset/FashionDataset/test/images_test/57210.jpg,0.7957
57211,,Jeggings,,,A2_FashionDataset/FashionDataset/test/images_test/57211.jpg,0.5726
57212,,Jeans,,,A2_FashionDataset/FashionDataset/test/images_test/57212.jpg,0.6902
57213,,Jeans,,,A2_FashionDataset/FashionDataset/test/images_test/57213.jpg,0.9631
57214,,Shorts,,,A2_FashionDataset/FashionDataset/test/images_test/57214.jpg,0.7989
57215,,Trousers,,,A2_FashionDataset/FashionDataset/test/images_test/57215.jpg,0.8994
57216,,Trousers,,,A2_FashionDataset/FashionDataset/test/images_test/57216.jpg,0.3676
57217,,Capris,,,A2_FashionDataset/FashionDataset/test/images_test/57217.jpg,0.403
57218,,Capris,,,A2_FashionDataset/FashionDataset/test/images_test/57218.jpg,0.8191
57225,,Handbags,,,A2_FashionDataset/FashionDataset/test/images_test/57225.jpg,0.8477
57226,,Handbags,,,A2_FashionDataset/FashionDataset/test/images_test/57226.jpg,0.9521
57229,,Handbags,,,A2_FashionDataset/FashionDataset/test/images_test/57229.jpg,0.8841
57230,,Handbags,,,A2_FashionDataset/FashionDataset/test/images_test/57230.jpg,0.8687
57231,,Handbags,,,A2_FashionDataset/FashionDataset/test/images_test/57231.jpg,0.8517
57235,,Handbags,,,A2_FashionDataset/FashionDataset/test/images_test/57235.jpg,0.9477
57236,,Handbags,,,A2_FashionDataset/FashionDataset/test/images_test/57236.jpg,0.7347
57237,,Handbags,,,A2_FashionDataset/FashionDataset/test/images_test/57237.jpg,0.7187
57238,,Handbags,,,A2_FashionDataset/FashionDataset/test/images_test/57238.jpg,0.8471
57239,,Handbags,,,A2_FashionDataset/FashionDataset/test/images_test/57239.jpg,0.8979
57240,,Handbags,,,A2_FashionDataset/FashionDataset/test/images_test/57240.jpg,0.9227
57241,,Handbags,,,A2_FashionDataset/FashionDataset/test/images_test/57241.jpg,0.9095
57242,,Handbags,,,A2_FashionDataset/FashionDataset/test/images_test/57242.jpg,0.4857
57243,,Handbags,,,A2_FashionDataset/FashionDataset/test/images_test/57243.jpg,0.7335
57244,,Handbags,,,A2_FashionDataset/FashionDataset/test/images_test/57244.jpg,0.7044
57246,,Handbags,,,A2_FashionDataset/FashionDataset/test/images_test/57246.jpg,0.7301
57247,,Handbags,,,A2_FashionDataset/FashionDataset/test/images_test/57247.jpg,0.7346
57252,,Handbags,,,A2_FashionDataset/FashionDataset/test/images_test/57252.jpg,0.8346
57253,,Handbags,,,A2_FashionDataset/FashionDataset/test/images_test/57253.jpg,0.8061
57254,,Handbags,,,A2_FashionDataset/FashionDataset/test/images_test/57254.jpg,0.8582
57255,,Handbags,,,A2_FashionDataset/FashionDataset/test/images_test/57255.jpg,0.7554
57256,,Handbags,,,A2_FashionDataset/FashionDataset/test/images_test/57256.jpg,0.809
57258,,Handbags,,,A2_FashionDataset/FashionDataset/test/images_test/57258.jpg,0.6617
57259,,Handbags,,,A2_FashionDataset/FashionDataset/test/images_test/57259.jpg,0.921
57261,,Handbags,,,A2_FashionDataset/FashionDataset/test/images_test/57261.jpg,0.921
57262,,Handbags,,,A2_FashionDataset/FashionDataset/test/images_test/57262.jpg,0.9019
57263,,Handbags,,,A2_FashionDataset/FashionDataset/test/images_test/57263.jpg,0.3367
57264,,Handbags,,,A2_FashionDataset/FashionDataset/test/images_test/57264.jpg,0.9071
57266,,Handbags,,,A2_FashionDataset/FashionDataset/test/images_test/57266.jpg,0.8595
57268,,Tshirts,,,A2_FashionDataset/FashionDataset/test/images_test/57268.jpg,0.7557
57273,,Shirts,,,A2_FashionDataset/FashionDataset/test/images_test/57273.jpg,0.5761
57274,,Shirts,,,A2_FashionDataset/FashionDataset/test/images_test/57274.jpg,0.7737
57275,,Shirts,,,A2_FashionDataset/FashionDataset/test/images_test/57275.jpg,0.6536
57276,,Shirts,,,A2_FashionDataset/FashionDataset/test/images_test/57276.jpg,0.8528
57277,,Shirts,,,A2_FashionDataset/FashionDataset/test/images_test/57277.jpg,0.2766
57280,,Shirts,,,A2_FashionDataset/FashionDataset/test/images_test/57280.jpg,0.5368
57281,,Shirts,,,A2_FashionDataset/FashionDataset/test/images_test/57281.jpg,0.6797
57282,,Shirts,,,A2_FashionDataset/FashionDataset/test/images_test/57282.jpg,0.8069
57283,,Shirts,,,A2_FashionDataset/FashionDataset/test/images_test/57283.jpg,0.8012
57284,,Shirts,,,A2_FashionDataset/FashionDataset/test/images_test/57284.jpg,0.7147
57285,,Shirts,,,A2_FashionDataset/FashionDataset/test/images_test/57285.jpg,0.6028
57286,,Shirts,,,A2_FashionDataset/FashionDataset/test/images_test/57286.jpg,0.7879
57287,,Shirts,,,A2_FashionDataset/FashionDataset/test/images_test/57287.jpg,0.8259
57288,,Tshirts,,,A2_FashionDataset/FashionDataset/test/images_test/57288.jpg,0.3379
57289,,Shirts,,,A2_FashionDataset/FashionDataset/test/images_test/57289.jpg,0.1553
57290,,Shirts,,,A2_FashionDataset/FashionDataset/test/images_test/57290.jpg,0.744
57291,,Shirts,,,A2_FashionDataset/FashionDataset/test/images_test/57291.jpg,0.7925
57292,,Shirts,,,A2_FashionDataset/FashionDataset/test/images_test/57292.jpg,0.6441
57293,,Shirts,,,A2_FashionDataset/FashionDataset/test/images_test/57293.jpg,0.6623
57294,,Shirts,,,A2_FashionDataset/FashionDataset/test/images_test/57294.jpg,0.7847
57295,,Shirts,,,A2_FashionDataset/FashionDataset/test/images_test/57295.jpg,0.8307
57296,,Shirts,,,A2_FashionDataset/FashionDataset/test/images_test/57296.jpg,0.8055
57297,,Shirts,,,A2_FashionDataset/FashionDataset/test/images_test/57297.jpg,0.7269
57298,,Heels,,,A2_FashionDataset/FashionDataset/test/images_test/57298.jpg,0.6817
57299,,Flats,,,A2_FashionDataset/FashionDataset/test/images_test/57299.jpg,0.8971
57300,,Heels,,,A2_FashionDataset/FashionDataset/test/images_test/57300.jpg,0.7564
57301,,Heels,,,A2_FashionDataset/FashionDataset/test/images_test/57301.jpg,0.7442
57302,,Heels,,,A2_FashionDataset/FashionDataset/test/images_test/57302.jpg,0.6912
57303,,Heels,,,A2_FashionDataset/FashionDataset/test/images_test/57303.jpg,0.662
57304,,Heels,,,A2_FashionDataset/FashionDataset/test/images_test/57304.jpg,0.8114
57305,,Heels,,,A2_FashionDataset/FashionDataset/test/images_test/57305.jpg,0.9611
57306,,Heels,,,A2_FashionDataset/FashionDataset/test/images_test/57306.jpg,0.775
57307,,Flats,,,A2_FashionDataset/FashionDataset/test/images_test/57307.jpg,0.4081
57308,,Flats,,,A2_FashionDataset/FashionDataset/test/images_test/57308.jpg,0.7885
57309,,Flats,,,A2_FashionDataset/FashionDataset/test/images_test/57309.jpg,0.4935
57310,,Tshirts,,,A2_FashionDataset/FashionDataset/test/images_test/57310.jpg,0.7579
57311,,Bra,,,A2_FashionDataset/FashionDataset/test/images_test/57311.jpg,0.974
57312,,Bra,,,A2_FashionDataset/FashionDataset/test/images_test/57312.jpg,0.9177
57313,,Bra,,,A2_FashionDataset/FashionDataset/test/images_test/57313.jpg,0.9784
57316,,Bra,,,A2_FashionDataset/FashionDataset/test/images_test/57316.jpg,0.9569
57318,,Bra,,,A2_FashionDataset/FashionDataset/test/images_test/57318.jpg,0.9898
57319,,Bra,,,A2_FashionDataset/FashionDataset/test/images_test/57319.jpg,0.9867
57320,,Bra,,,A2_FashionDataset/FashionDataset/test/images_test/57320.jpg,0.9876
57321,,Bra,,,A2_FashionDataset/FashionDataset/test/images_test/57321.jpg,0.9738
57322,,Bra,,,A2_FashionDataset/FashionDataset/test/images_test/57322.jpg,0.9692
57323,,Bra,,,A2_FashionDataset/FashionDataset/test/images_test/57323.jpg,0.9581
57324,,Bra,,,A2_FashionDataset/FashionDataset/test/images_test/57324.jpg,0.9468
57325,,Bra,,,A2_FashionDataset/FashionDataset/test/images_test/57325.jpg,0.9866
57326,,Bra,,,A2_FashionDataset/FashionDataset/test/images_test/57326.jpg,0.9514
57327,,Bra,,,A2_FashionDataset/FashionDataset/test/images_test/57327.jpg,0.9811
57328,,Bra,,,A2_FashionDataset/FashionDataset/test/images_test/57328.jpg,0.9577
57329,,Bra,,,A2_FashionDataset/FashionDataset/test/images_test/57329.jpg,0.9728
57330,,Bra,,,A2_FashionDataset/FashionDataset/test/images_test/57330.jpg,0.9873
57331,,Bra,,,A2_FashionDataset/FashionDataset/test/images_test/57331.jpg,0.9596
57333,,Bra,,,A2_FashionDataset/FashionDataset/test/images_test/57333.jpg,0.9943
57334,,Bra,,,A2_FashionDataset/FashionDataset/test/images_test/57334.jpg,0.9435
57335,,Bra,,,A2_FashionDataset/FashionDataset/test/images_test/57335.jpg,0.9466
57336,,Bra,,,A2_FashionDataset/FashionDataset/test/images_test/57336.jpg,0.9464
57338,,Bra,,,A2_FashionDataset/FashionDataset/test/images_test/57338.jpg,0.962
57339,,Bra,,,A2_FashionDataset/FashionDataset/test/images_test/57339.jpg,0.9637
57340,,Bra,,,A2_FashionDataset/FashionDataset/test/images_test/57340.jpg,0.9466
57342,,Bra,,,A2_FashionDataset/FashionDataset/test/images_test/57342.jpg,0.9348
57343,,Bra,,,A2_FashionDataset/FashionDataset/test/images_test/57343.jpg,0.9531
57344,,Bra,,,A2_FashionDataset/FashionDataset/test/images_test/57344.jpg,0.9531
57345,,Bra,,,A2_FashionDataset/FashionDataset/test/images_test/57345.jpg,0.9337
57346,,Bra,,,A2_FashionDataset/FashionDataset/test/images_test/57346.jpg,0.9268
57347,,Bra,,,A2_FashionDataset/FashionDataset/test/images_test/57347.jpg,0.9837
57348,,Bra,,,A2_FashionDataset/FashionDataset/test/images_test/57348.jpg,0.963
57349,,Bra,,,A2_FashionDataset/FashionDataset/test/images_test/57349.jpg,0.9513
57350,,Bra,,,A2_FashionDataset/FashionDataset/test/images_test/57350.jpg,0.9899
57351,,Bra,,,A2_FashionDataset/FashionDataset/test/images_test/57351.jpg,0.9905
57352,,Bra,,,A2_FashionDataset/FashionDataset/test/images_test/57352.jpg,0.9949
57353,,Bra,,,A2_FashionDataset/FashionDataset/test/images_test/57353.jpg,0.9588
57354,,Bra,,,A2_FashionDataset/FashionDataset/test/images_test/57354.jpg,0.9786
57355,,Bra,,,A2_FashionDataset/FashionDataset/test/images_test/57355.jpg,0.9951
57356,,Bra,,,A2_FashionDataset/FashionDataset/test/images_test/57356.jpg,0.9366
57357,,Bra,,,A2_FashionDataset/FashionDataset/test/images_test/57357.jpg,0.9642
57358,,Bra,,,A2_FashionDataset/FashionDataset/test/images_test/57358.jpg,0.9899
57359,,Bra,,,A2_FashionDataset/FashionDataset/test/images_test/57359.jpg,0.9883
57360,,Bra,,,A2_FashionDataset/FashionDataset/test/images_test/57360.jpg,0.9741
57361,,Bra,,,A2_FashionDataset/FashionDataset/test/images_test/57361.jpg,0.9891
57362,,Bra,,,A2_FashionDataset/FashionDataset/test/images_test/57362.jpg,0.9623
57363,,Bra,,,A2_FashionDataset/FashionDataset/test/images_test/57363.jpg,0.9932
57365,,Briefs,,,A2_FashionDataset/FashionDataset/test/images_test/57365.jpg,0.9589
57366,,Briefs,,,A2_FashionDataset/FashionDataset/test/images_test/57366.jpg,0.9315
57367,,Briefs,,,A2_FashionDataset/FashionDataset/test/images_test/57367.jpg,0.904
57368,,Briefs,,,A2_FashionDataset/FashionDataset/test/images_test/57368.jpg,0.946
57369,,Briefs,,,A2_FashionDataset/FashionDataset/test/images_test/57369.jpg,0.9853
57370,,Briefs,,,A2_FashionDataset/FashionDataset/test/images_test/57370.jpg,0.7807
57371,,Briefs,,,A2_FashionDataset/FashionDataset/test/images_test/57371.jpg,0.9077
57372,,Briefs,,,A2_FashionDataset/FashionDataset/test/images_test/57372.jpg,0.8856
57373,,Briefs,,,A2_FashionDataset/FashionDataset/test/images_test/57373.jpg,0.9629
57374,,Briefs,,,A2_FashionDataset/FashionDataset/test/images_test/57374.jpg,0.9275
57375,,Briefs,,,A2_FashionDataset/FashionDataset/test/images_test/57375.jpg,0.9477
57376,,Briefs,,,A2_FashionDataset/FashionDataset/test/images_test/57376.jpg,0.474
57378,,Briefs,,,A2_FashionDataset/FashionDataset/test/images_test/57378.jpg,0.923
57379,,Briefs,,,A2_FashionDataset/FashionDataset/test/images_test/57379.jpg,0.9472
57380,,Briefs,,,A2_FashionDataset/FashionDataset/test/images_test/57380.jpg,0.8302
57382,,Briefs,,,A2_FashionDataset/FashionDataset/test/images_test/57382.jpg,0.7625
57383,,Briefs,,,A2_FashionDataset/FashionDataset/test/images_test/57383.jpg,0.8557
57384,,Briefs,,,A2_FashionDataset/FashionDataset/test/images_test/57384.jpg,0.9168
57388,,Briefs,,,A2_FashionDataset/FashionDataset/test/images_test/57388.jpg,0.9524
57389,,Briefs,,,A2_FashionDataset/FashionDataset/test/images_test/57389.jpg,0.848
57390,,Briefs,,,A2_FashionDataset/FashionDataset/test/images_test/57390.jpg,0.853
57391,,Briefs,,,A2_FashionDataset/FashionDataset/test/images_test/57391.jpg,0.5215
57392,,Briefs,,,A2_FashionDataset/FashionDataset/test/images_test/57392.jpg,0.4573
57393,,Briefs,,,A2_FashionDataset/FashionDataset/test/images_test/57393.jpg,0.2568
57395,,Briefs,,,A2_FashionDataset/FashionDataset/test/images_test/57395.jpg,0.9858
57397,,Briefs,,,A2_FashionDataset/FashionDataset/test/images_test/57397.jpg,0.9925
57398,,Briefs,,,A2_FashionDataset/FashionDataset/test/images_test/57398.jpg,0.9691
57399,,Briefs,,,A2_FashionDataset/FashionDataset/test/images_test/57399.jpg,0.8058
57400,,Briefs,,,A2_FashionDataset/FashionDataset/test/images_test/57400.jpg,0.9576
57401,,Briefs,,,A2_FashionDataset/FashionDataset/test/images_test/57401.jpg,0.9503
57402,,Briefs,,,A2_FashionDataset/FashionDataset/test/images_test/57402.jpg,0.9413
57403,,Briefs,,,A2_FashionDataset/FashionDataset/test/images_test/57403.jpg,0.9491
57404,,Briefs,,,A2_FashionDataset/FashionDataset/test/images_test/57404.jpg,0.9181
57405,,Briefs,,,A2_FashionDataset/FashionDataset/test/images_test/57405.jpg,0.9841
57406,,Briefs,,,A2_FashionDataset/FashionDataset/test/images_test/57406.jpg,0.9449
57407,,Briefs,,,A2_FashionDataset/FashionDataset/test/images_test/57407.jpg,0.7989
57408,,Briefs,,,A2_FashionDataset/FashionDataset/test/images_test/57408.jpg,0.9527
57409,,Briefs,,,A2_FashionDataset/FashionDataset/test/images_test/57409.jpg,0.7357
57410,,Briefs,,,A2_FashionDataset/FashionDataset/test/images_test/57410.jpg,0.9805
57411,,Briefs,,,A2_FashionDataset/FashionDataset/test/images_test/57411.jpg,0.9665
57412,,Briefs,,,A2_FashionDataset/FashionDataset/test/images_test/57412.jpg,0.6298
57413,,Briefs,,,A2_FashionDataset/FashionDataset/test/images_test/57413.jpg,0.9813
57414,,Briefs,,,A2_FashionDataset/FashionDataset/test/images_test/57414.jpg,0.9759
57415,,Briefs,,,A2_FashionDataset/FashionDataset/test/images_test/57415.jpg,0.9607
57416,,Night suits,,,A2_FashionDataset/FashionDataset/test/images_test/57416.jpg,0.5933
57418,,Tops,,,A2_FashionDataset/FashionDataset/test/images_test/57418.jpg,0.2142
57419,,Nightdress,,,A2_FashionDataset/FashionDataset/test/images_test/57419.jpg,0.1037
57420,,Tshirts,,,A2_FashionDataset/FashionDataset/test/images_test/57420.jpg,0.409
57421,,Tshirts,,,A2_FashionDataset/FashionDataset/test/images_test/57421.jpg,0.8087
57422,,Tshirts,,,A2_FashionDataset/FashionDataset/test/images_test/57422.jpg,0.7501
57423,,Tops,,,A2_FashionDataset/FashionDataset/test/images_test/57423.jpg,0.5956
57424,,Tshirts,,,A2_FashionDataset/FashionDataset/test/images_test/57424.jpg,0.4772
57425,,Tops,,,A2_FashionDataset/FashionDataset/test/images_test/57425.jpg,0.5174
57426,,Tshirts,,,A2_FashionDataset/FashionDataset/test/images_test/57426.jpg,0.2843
57427,,Tshirts,,,A2_FashionDataset/FashionDataset/test/images_test/57427.jpg,0.8152
57428,,Tshirts,,,A2_FashionDataset/FashionDataset/test/images_test/57428.jpg,0.7443
57429,,Tshirts,,,A2_FashionDataset/FashionDataset/test/images_test/57429.jpg,0.7857
57430,,Tshirts,,,A2_FashionDataset/FashionDataset/test/images_test/57430.jpg,0.8523
57431,,Tshirts,,,A2_FashionDataset/FashionDataset/test/images_test/57431.jpg,0.6732
57432,,Tops,,,A2_FashionDataset/FashionDataset/test/images_test/57432.jpg,0.5686
57433,,Tops,,,A2_FashionDataset/FashionDataset/test/images_test/57433.jpg,0.8556
57434,,Tshirts,,,A2_FashionDataset/FashionDataset/test/images_test/57434.jpg,0.6197
57435,,Tshirts,,,A2_FashionDataset/FashionDataset/test/images_test/57435.jpg,0.6576
57436,,Tshirts,,,A2_FashionDataset/FashionDataset/test/images_test/57436.jpg,0.5792
57437,,Tshirts,,,A2_FashionDataset/FashionDataset/test/images_test/57437.jpg,0.7204
57438,,Tshirts,,,A2_FashionDataset/FashionDataset/test/images_test/57438.jpg,0.4141
57439,,Tshirts,,,A2_FashionDataset/FashionDataset/test/images_test/57439.jpg,0.4623
57440,,Tshirts,,,A2_FashionDataset/FashionDataset/test/images_test/57440.jpg,0.8739
57441,,Tshirts,,,A2_FashionDataset/FashionDataset/test/images_test/57441.jpg,0.7923
57442,,Tops,,,A2_FashionDataset/FashionDataset/test/images_test/57442.jpg,0.9094
57443,,Tops,,,A2_FashionDataset/FashionDataset/test/images_test/57443.jpg,0.6032
57444,,Tops,,,A2_FashionDataset/FashionDataset/test/images_test/57444.jpg,0.7925
57445,,Tops,,,A2_FashionDataset/FashionDataset/test/images_test/57445.jpg,0.3055
57446,,Tshirts,,,A2_FashionDataset/FashionDataset/test/images_test/57446.jpg,0.6802
57447,,Tshirts,,,A2_FashionDataset/FashionDataset/test/images_test/57447.jpg,0.7823
57448,,Tshirts,,,A2_FashionDataset/FashionDataset/test/images_test/57448.jpg,0.7151
57449,,Tshirts,,,A2_FashionDataset/FashionDataset/test/images_test/57449.jpg,0.6932
57450,,Tops,,,A2_FashionDataset/FashionDataset/test/images_test/57450.jpg,0.4875
57457,,Handbags,,,A2_FashionDataset/FashionDataset/test/images_test/57457.jpg,0.7988
57458,,Wallets,,,A2_FashionDataset/FashionDataset/test/images_test/57458.jpg,0.3022
57459,,Handbags,,,A2_FashionDataset/FashionDataset/test/images_test/57459.jpg,0.4387
57462,,Clutches,,,A2_FashionDataset/FashionDataset/test/images_test/57462.jpg,0.9699
57463,,Belts,,,A2_FashionDataset/FashionDataset/test/images_test/57463.jpg,0.9091
57466,,Flip Flops,,,A2_FashionDataset/FashionDataset/test/images_test/57466.jpg,0.8472
57467,,Casual Shoes,,,A2_FashionDataset/FashionDataset/test/images_test/57467.jpg,0.9043
57468,,Flip Flops,,,A2_FashionDataset/FashionDataset/test/images_test/57468.jpg,0.9199
57469,,Casual Shoes,,,A2_FashionDataset/FashionDataset/test/images_test/57469.jpg,0.882
57470,,Casual Shoes,,,A2_FashionDataset/FashionDataset/test/images_test/57470.jpg,0.8937
57471,,Casual Shoes,,,A2_FashionDataset/FashionDataset/test/images_test/57471.jpg,0.9338
57475,,Sandals,,,A2_FashionDataset/FashionDataset/test/images_test/57475.jpg,0.5759
57476,,Formal Shoes,,,A2_FashionDataset/FashionDataset/test/images_test/57476.jpg,0.5439
57477,,Casual Shoes,,,A2_FashionDataset/FashionDataset/test/images_test/57477.jpg,0.624
57478,,Casual Shoes,,,A2_FashionDataset/FashionDataset/test/images_test/57478.jpg,0.6781
57479,,Casual Shoes,,,A2_FashionDataset/FashionDataset/test/images_test/57479.jpg,0.5017
57480,,Sports Shoes,,,A2_FashionDataset/FashionDataset/test/images_test/57480.jpg,0.3984
57481,,Sports Shoes,,,A2_FashionDataset/FashionDataset/test/images_test/57481.jpg,0.6054
57482,,Casual Shoes,,,A2_FashionDataset/FashionDataset/test/images_test/57482.jpg,0.7344
57483,,Casual Shoes,,,A2_FashionDataset/FashionDataset/test/images_test/57483.jpg,0.8695
57484,,Sandals,,,A2_FashionDataset/FashionDataset/test/images_test/57484.jpg,0.7543
57487,,Formal Shoes,,,A2_FashionDataset/FashionDataset/test/images_test/57487.jpg,0.8341
57488,,Casual Shoes,,,A2_FashionDataset/FashionDataset/test/images_test/57488.jpg,0.6324
57489,,Casual Shoes,,,A2_FashionDataset/FashionDataset/test/images_test/57489.jpg,0.686
57490,,Casual Shoes,,,A2_FashionDataset/FashionDataset/test/images_test/57490.jpg,0.3899
57491,,Formal Shoes,,,A2_FashionDataset/FashionDataset/test/images_test/57491.jpg,0.6266
57492,,Formal Shoes,,,A2_FashionDataset/FashionDataset/test/images_test/57492.jpg,0.949
57493,,Formal Shoes,,,A2_FashionDataset/FashionDataset/test/images_test/57493.jpg,0.9656
57494,,Formal Shoes,,,A2_FashionDataset/FashionDataset/test/images_test/57494.jpg,0.9646
57495,,Formal Shoes,,,A2_FashionDataset/FashionDataset/test/images_test/57495.jpg,0.8671
57496,,Formal Shoes,,,A2_FashionDataset/FashionDataset/test/images_test/57496.jpg,0.9657
57497,,Formal Shoes,,,A2_FashionDataset/FashionDataset/test/images_test/57497.jpg,0.8591
57498,,Formal Shoes,,,A2_FashionDataset/FashionDataset/test/images_test/57498.jpg,0.9606
57499,,Formal Shoes,,,A2_FashionDataset/FashionDataset/test/images_test/57499.jpg,0.9563
57500,,Sandals,,,A2_FashionDataset/FashionDataset/test/images_test/57500.jpg,0.9162
57501,,Sandals,,,A2_FashionDataset/FashionDataset/test/images_test/57501.jpg,0.7504
57502,,Sandals,,,A2_FashionDataset/FashionDataset/test/images_test/57502.jpg,0.9276
57503,,Sandals,,,A2_FashionDataset/FashionDataset/test/images_test/57503.jpg,0.9162
57504,,Sandals,,,A2_FashionDataset/FashionDataset/test/images_test/57504.jpg,0.9314
57505,,Sandals,,,A2_FashionDataset/FashionDataset/test/images_test/57505.jpg,0.9493
57506,,Sandals,,,A2_FashionDataset/FashionDataset/test/images_test/57506.jpg,0.9235
57507,,Sandals,,,A2_FashionDataset/FashionDataset/test/images_test/57507.jpg,0.8105
57508,,Sandals,,,A2_FashionDataset/FashionDataset/test/images_test/57508.jpg,0.8985
57509,,Formal Shoes,,,A2_FashionDataset/FashionDataset/test/images_test/57509.jpg,0.967
57510,,Formal Shoes,,,A2_FashionDataset/FashionDataset/test/images_test/57510.jpg,0.9596
57511,,Formal Shoes,,,A2_FashionDataset/FashionDataset/test/images_test/57511.jpg,0.6736
57512,,Formal Shoes,,,A2_FashionDataset/FashionDataset/test/images_test/57512.jpg,0.9794
57513,,Formal Shoes,,,A2_FashionDataset/FashionDataset/test/images_test/57513.jpg,0.9636
57514,,Formal Shoes,,,A2_FashionDataset/FashionDataset/test/images_test/57514.jpg,0.9759
57515,,Formal Shoes,,,A2_FashionDataset/FashionDataset/test/images_test/57515.jpg,0.9207
57516,,Formal Shoes,,,A2_FashionDataset/FashionDataset/test/images_test/57516.jpg,0.7662
57517,,Formal Shoes,,,A2_FashionDataset/FashionDataset/test/images_test/57517.jpg,0.9725
57518,,Formal Shoes,,,A2_FashionDataset/FashionDataset/test/images_test/57518.jpg,0.969
57519,,Formal Shoes,,,A2_FashionDataset/FashionDataset/test/images_test/57519.jpg,0.9526
57520,,Formal Shoes,,,A2_FashionDataset/FashionDataset/test/images_test/57520.jpg,0.943
57521,,Formal Shoes,,,A2_FashionDataset/FashionDataset/test/images_test/57521.jpg,0.7282
57522,,Casual Shoes,,,A2_FashionDataset/FashionDataset/test/images_test/57522.jpg,0.8318
57523,,Formal Shoes,,,A2_FashionDataset/FashionDataset/test/images_test/57523.jpg,0.6928
57524,,Formal Shoes,,,A2_FashionDataset/FashionDataset/test/images_test/57524.jpg,0.7987
57525,,Formal Shoes,,,A2_FashionDataset/FashionDataset/test/images_test/57525.jpg,0.8236
57526,,Formal Shoes,,,A2_FashionDataset/FashionDataset/test/images_test/57526.jpg,0.9732
57527,,Formal Shoes,,,A2_FashionDataset/FashionDataset/test/images_test/57527.jpg,0.968
57528,,Formal Shoes,,,A2_FashionDataset/FashionDataset/test/images_test/57528.jpg,0.9697
57529,,Formal Shoes,,,A2_FashionDataset/FashionDataset/test/images_test/57529.jpg,0.7501
57530,,Formal Shoes,,,A2_FashionDataset/FashionDataset/test/images_test/57530.jpg,0.9487
57531,,Formal Shoes,,,A2_FashionDataset/FashionDataset/test/images_test/57531.jpg,0.7451
57532,,Formal Shoes,,,A2_FashionDataset/FashionDataset/test/images_test/57532.jpg,0.7968
57533,,Formal Shoes,,,A2_FashionDataset/FashionDataset/test/images_test/57533.jpg,0.6791
57534,,Belts,,,A2_FashionDataset/FashionDataset/test/images_test/57534.jpg,0.9216
57536,,Belts,,,A2_FashionDataset/FashionDataset/test/images_test/57536.jpg,0.8723
57539,,Belts,,,A2_FashionDataset/FashionDataset/test/images_test/57539.jpg,0.8222
57543,,Kajal and Eyeliner,,,A2_FashionDataset/FashionDataset/test/images_test/57543.jpg,0.6241
57544,,Kajal and Eyeliner,,,A2_FashionDataset/FashionDataset/test/images_test/57544.jpg,0.5882
57545,,Kajal and Eyeliner,,,A2_FashionDataset/FashionDataset/test/images_test/57545.jpg,0.6064
57547,,Kajal and Eyeliner,,,A2_FashionDataset/FashionDataset/test/images_test/57547.jpg,0.3676
57548,,Kajal and Eyeliner,,,A2_FashionDataset/FashionDataset/test/images_test/57548.jpg,0.6016
57549,,Lip Liner,,,A2_FashionDataset/FashionDataset/test/images_test/57549.jpg,0.4553
57550,,Kajal and Eyeliner,,,A2_FashionDataset/FashionDataset/test/images_test/57550.jpg,0.5023
57552,,Lip Liner,,,A2_FashionDataset/FashionDataset/test/images_test/57552.jpg,0.4158
57553,,Lip Liner,,,A2_FashionDataset/FashionDataset/test/images_test/57553.jpg,0.3541
57554,,Lip Liner,,,A2_FashionDataset/FashionDataset/test/images_test/57554.jpg,0.3727
57555,,Lip Liner,,,A2_FashionDataset/FashionDataset/test/images_test/57555.jpg,0.3911
57556,,Lip Liner,,,A2_FashionDataset/FashionDataset/test/images_test/57556.jpg,0.3931
57557,,Lip Liner,,,A2_FashionDataset/FashionDataset/test/images_test/57557.jpg,0.416
57558,,Lip Liner,,,A2_FashionDataset/FashionDataset/test/images_test/57558.jpg,0.3784
57559,,Lip Liner,,,A2_FashionDataset/FashionDataset/test/images_test/57559.jpg,0.3919
57560,,Lipstick,,,A2_FashionDataset/FashionDataset/test/images_test/57560.jpg,0.2178
57561,,Foundation and Primer,,,A2_FashionDataset/FashionDataset/test/images_test/57561.jpg,0.1239
57562,,Lipstick,,,A2_FashionDataset/FashionDataset/test/images_test/57562.jpg,0.3571
57563,,Lipstick,,,A2_FashionDataset/FashionDataset/test/images_test/57563.jpg,0.1886
57566,,Lipstick,,,A2_FashionDataset/FashionDataset/test/images_test/57566.jpg,0.3851
57567,,Lipstick,,,A2_FashionDataset/FashionDataset/test/images_test/57567.jpg,0.2519
57568,,Lipstick,,,A2_FashionDataset/FashionDataset/test/images_test/57568.jpg,0.3676
57569,,Lipstick,,,A2_FashionDataset/FashionDataset/test/images_test/57569.jpg,0.2874
57570,,Lipstick,,,A2_FashionDataset/FashionDataset/test/images_test/57570.jpg,0.2942
57571,,Lipstick,,,A2_FashionDataset/FashionDataset/test/images_test/57571.jpg,0.3954
57572,,Foundation and Primer,,,A2_FashionDataset/FashionDataset/test/images_test/57572.jpg,0.0826
57573,,Lipstick,,,A2_FashionDataset/FashionDataset/test/images_test/57573.jpg,0.2314
57574,,Lipstick,,,A2_FashionDataset/FashionDataset/test/images_test/57574.jpg,0.3393
57575,,Foundation and Primer,,,A2_FashionDataset/FashionDataset/test/images_test/57575.jpg,0.2238
57576,,Foundation and Primer,,,A2_FashionDataset/FashionDataset/test/images_test/57576.jpg,0.2413
57577,,Lipstick,,,A2_FashionDataset/FashionDataset/test/images_test/57577.jpg,0.3617
57578,,Lipstick,,,A2_FashionDataset/FashionDataset/test/images_test/57578.jpg,0.3851
57579,,Lipstick,,,A2_FashionDataset/FashionDataset/test/images_test/57579.jpg,0.3653
57580,,Lipstick,,,A2_FashionDataset/FashionDataset/test/images_test/57580.jpg,0.246
57581,,Earrings,,,A2_FashionDataset/FashionDataset/test/images_test/57581.jpg,0.1821
57582,,Lipstick,,,A2_FashionDataset/FashionDataset/test/images_test/57582.jpg,0.2926
57583,,Lipstick,,,A2_FashionDataset/FashionDataset/test/images_test/57583.jpg,0.7789
57584,,Lipstick,,,A2_FashionDataset/FashionDataset/test/images_test/57584.jpg,0.7694
57586,,Lipstick,,,A2_FashionDataset/FashionDataset/test/images_test/57586.jpg,0.8026
57587,,Lipstick,,,A2_FashionDataset/FashionDataset/test/images_test/57587.jpg,0.7835
57588,,Lipstick,,,A2_FashionDataset/FashionDataset/test/images_test/57588.jpg,0.7539
57589,,Lipstick,,,A2_FashionDataset/FashionDataset/test/images_test/57589.jpg,0.7501
57591,,Lipstick,,,A2_FashionDataset/FashionDataset/test/images_test/57591.jpg,0.7667
57592,,Lipstick,,,A2_FashionDataset/FashionDataset/test/images_test/57592.jpg,0.7251
57593,,Lipstick,,,A2_FashionDataset/FashionDataset/test/images_test/57593.jpg,0.7743
57594,,Lipstick,,,A2_FashionDataset/FashionDataset/test/images_test/57594.jpg,0.7682
57595,,Lipstick,,,A2_FashionDataset/FashionDataset/test/images_test/57595.jpg,0.7721
57596,,Lipstick,,,A2_FashionDataset/FashionDataset/test/images_test/57596.jpg,0.7453
57597,,Lipstick,,,A2_FashionDataset/FashionDataset/test/images_test/57597.jpg,0.7618
57598,,Lipstick,,,A2_FashionDataset/FashionDataset/test/images_test/57598.jpg,0.1515
57599,,Lipstick,,,A2_FashionDataset/FashionDataset/test/images_test/57599.jpg,0.7648
57600,,Lipstick,,,A2_FashionDataset/FashionDataset/test/images_test/57600.jpg,0.767
57601,,Lipstick,,,A2_FashionDataset/FashionDataset/test/images_test/57601.jpg,0.7776
57603,,Lipstick,,,A2_FashionDataset/FashionDataset/test/images_test/57603.jpg,0.7723
57604,,Lipstick,,,A2_FashionDataset/FashionDataset/test/images_test/57604.jpg,0.8438
57605,,Lipstick,,,A2_FashionDataset/FashionDataset/test/images_test/57605.jpg,0.7683
57606,,Lipstick,,,A2_FashionDataset/FashionDataset/test/images_test/57606.jpg,0.7979
57607,,Perfume and Body Mist,,,A2_FashionDataset/FashionDataset/test/images_test/57607.jpg,0.245
57608,,Perfume and Body Mist,,,A2_FashionDataset/FashionDataset/test/images_test/57608.jpg,0.2974
57609,,Shoe Accessories,,,A2_FashionDataset/FashionDataset/test/images_test/57609.jpg,0.4771
57610,,Shoe Accessories,,,A2_FashionDataset/FashionDataset/test/images_test/57610.jpg,0.4173
57611,,Shoe Accessories,,,A2_FashionDataset/FashionDataset/test/images_test/57611.jpg,0.5147
57613,,Foundation and Primer,,,A2_FashionDataset/FashionDataset/test/images_test/57613.jpg,0.4292
57614,,Shoe Accessories,,,A2_FashionDataset/FashionDataset/test/images_test/57614.jpg,0.6242
57615,,Shoe Accessories,,,A2_FashionDataset/FashionDataset/test/images_test/57615.jpg,0.7104
57616,,Shoe Accessories,,,A2_FashionDataset/FashionDataset/test/images_test/57616.jpg,0.7106
57617,,Shoe Accessories,,,A2_FashionDataset/FashionDataset/test/images_test/57617.jpg,0.5163
57619,,Foundation and Primer,,,A2_FashionDataset/FashionDataset/test/images_test/57619.jpg,0.3896
57620,,Perfume and Body Mist,,,A2_FashionDataset/FashionDataset/test/images_test/57620.jpg,0.225
57621,,Shoe Accessories,,,A2_FashionDataset/FashionDataset/test/images_test/57621.jpg,0.297
57622,,Foundation and Primer,,,A2_FashionDataset/FashionDataset/test/images_test/57622.jpg,0.7063
57623,,Shoe Accessories,,,A2_FashionDataset/FashionDataset/test/images_test/57623.jpg,0.5053
57624,,Shoe Accessories,,,A2_FashionDataset/FashionDataset/test/images_test/57624.jpg,0.3563
57625,,Perfume and Body Mist,,,A2_FashionDataset/FashionDataset/test/images_test/57625.jpg,0.8616
57627,,Perfume and Body Mist,,,A2_FashionDataset/FashionDataset/test/images_test/57627.jpg,0.2294
57628,,Shoe Accessories,,,A2_FashionDataset/FashionDataset/test/images_test/57628.jpg,0.6717
57629,,Shoe Accessories,,,A2_FashionDataset/FashionDataset/test/images_test/57629.jpg,0.5903
57630,,Wallets,,,A2_FashionDataset/FashionDataset/test/images_test/57630.jpg,0.4401
57631,,Lip Liner,,,A2_FashionDataset/FashionDataset/test/images_test/57631.jpg,0.354
57632,,Lip Liner,,,A2_FashionDataset/FashionDataset/test/images_test/57632.jpg,0.3691
57633,,Lip Liner,,,A2_FashionDataset/FashionDataset/test/images_test/57633.jpg,0.3789
57634,,Kajal and Eyeliner,,,A2_FashionDataset/FashionDataset/test/images_test/57634.jpg,0.3681
57635,,Lip Liner,,,A2_FashionDataset/FashionDataset/test/images_test/57635.jpg,0.3619
57636,,Lip Liner,,,A2_FashionDataset/FashionDataset/test/images_test/57636.jpg,0.438
57637,,Kajal and Eyeliner,,,A2_FashionDataset/FashionDataset/test/images_test/57637.jpg,0.4183
57638,,Kajal and Eyeliner,,,A2_FashionDataset/FashionDataset/test/images_test/57638.jpg,0.6572
57639,,Kajal and Eyeliner,,,A2_FashionDataset/FashionDataset/test/images_test/57639.jpg,0.3844
57640,,Lip Liner,,,A2_FashionDataset/FashionDataset/test/images_test/57640.jpg,0.3895
57642,,Lip Liner,,,A2_FashionDataset/FashionDataset/test/images_test/57642.jpg,0.4956
57643,,Lip Liner,,,A2_FashionDataset/FashionDataset/test/images_test/57643.jpg,0.2206
57644,,Lip Liner,,,A2_FashionDataset/FashionDataset/test/images_test/57644.jpg,0.397
57645,,Lip Liner,,,A2_FashionDataset/FashionDataset/test/images_test/57645.jpg,0.3482
57646,,Lip Liner,,,A2_FashionDataset/FashionDataset/test/images_test/57646.jpg,0.2459
57647,,Lip Liner,,,A2_FashionDataset/FashionDataset/test/images_test/57647.jpg,0.3359
57649,,Kajal and Eyeliner,,,A2_FashionDataset/FashionDataset/test/images_test/57649.jpg,0.3969
57650,,Kajal and Eyeliner,,,A2_FashionDataset/FashionDataset/test/images_test/57650.jpg,0.4817
57651,,Lip Liner,,,A2_FashionDataset/FashionDataset/test/images_test/57651.jpg,0.509
57652,,Kajal and Eyeliner,,,A2_FashionDataset/FashionDataset/test/images_test/57652.jpg,0.2349
57653,,Kajal and Eyeliner,,,A2_FashionDataset/FashionDataset/test/images_test/57653.jpg,0.2878
57654,,Lip Liner,,,A2_FashionDataset/FashionDataset/test/images_test/57654.jpg,0.4931
57655,,Lip Liner,,,A2_FashionDataset/FashionDataset/test/images_test/57655.jpg,0.3762
57656,,Kajal and Eyeliner,,,A2_FashionDataset/FashionDataset/test/images_test/57656.jpg,0.4239
57657,,Kajal and Eyeliner,,,A2_FashionDataset/FashionDataset/test/images_test/57657.jpg,0.3851
57658,,Lip Liner,,,A2_FashionDataset/FashionDataset/test/images_test/57658.jpg,0.5068
57660,,Lip Liner,,,A2_FashionDataset/FashionDataset/test/images_test/57660.jpg,0.4037
57661,,Lip Liner,,,A2_FashionDataset/FashionDataset/test/images_test/57661.jpg,0.5621
57662,,Lip Liner,,,A2_FashionDataset/FashionDataset/test/images_test/57662.jpg,0.3463
57664,,Kajal and Eyeliner,,,A2_FashionDataset/FashionDataset/test/images_test/57664.jpg,0.5725
57667,,Deodorant,,,A2_FashionDataset/FashionDataset/test/images_test/57667.jpg,0.303
57668,,Kajal and Eyeliner,,,A2_FashionDataset/FashionDataset/test/images_test/57668.jpg,0.4056
57669,,Lip Liner,,,A2_FashionDataset/FashionDataset/test/images_test/57669.jpg,0.2973
57670,,Lip Liner,,,A2_FashionDataset/FashionDataset/test/images_test/57670.jpg,0.416
57671,,Kajal and Eyeliner,,,A2_FashionDataset/FashionDataset/test/images_test/57671.jpg,0.5555
57672,,Lip Liner,,,A2_FashionDataset/FashionDataset/test/images_test/57672.jpg,0.408
57673,,Kajal and Eyeliner,,,A2_FashionDataset/FashionDataset/test/images_test/57673.jpg,0.5251
57674,,Perfume and Body Mist,,,A2_FashionDataset/FashionDataset/test/images_test/57674.jpg,0.273
57675,,Perfume and Body Mist,,,A2_FashionDataset/FashionDataset/test/images_test/57675.jpg,0.7789
57676,,Earrings,,,A2_FashionDataset/FashionDataset/test/images_test/57676.jpg,0.1977
57677,,Wallets,,,A2_FashionDataset/FashionDataset/test/images_test/57677.jpg,0.1789
57678,,Lipstick,,,A2_FashionDataset/FashionDataset/test/images_test/57678.jpg,0.1413
57679,,Perfume and Body Mist,,,A2_FashionDataset/FashionDataset/test/images_test/57679.jpg,0.9132
57681,,Perfume and Body Mist,,,A2_FashionDataset/FashionDataset/test/images_test/57681.jpg,0.6489
57683,,Perfume and Body Mist,,,A2_FashionDataset/FashionDataset/test/images_test/57683.jpg,0.8284
57685,,Perfume and Body Mist,,,A2_FashionDataset/FashionDataset/test/images_test/57685.jpg,0.6925
57687,,Foundation and Primer,,,A2_FashionDataset/FashionDataset/test/images_test/57687.jpg,0.6157
57689,,Perfume and Body Mist,,,A2_FashionDataset/FashionDataset/test/images_test/57689.jpg,0.5125
57690,,Perfume and Body Mist,,,A2_FashionDataset/FashionDataset/test/images_test/57690.jpg,0.3784
57691,,Perfume and Body Mist,,,A2_FashionDataset/FashionDataset/test/images_test/57691.jpg,0.3272
57692,,Shoe Accessories,,,A2_FashionDataset/FashionDataset/test/images_test/57692.jpg,0.4791
57694,,Perfume and Body Mist,,,A2_FashionDataset/FashionDataset/test/images_test/57694.jpg,0.2228
57696,,Perfume and Body Mist,,,A2_FashionDataset/FashionDataset/test/images_test/57696.jpg,0.3731
57697,,Perfume and Body Mist,,,A2_FashionDataset/FashionDataset/test/images_test/57697.jpg,0.2293
57698,,Perfume and Body Mist,,,A2_FashionDataset/FashionDataset/test/images_test/57698.jpg,0.1031
57699,,Perfume and Body Mist,,,A2_FashionDataset/FashionDataset/test/images_test/57699.jpg,0.4647
57700,,Foundation and Primer,,,A2_FashionDataset/FashionDataset/test/images_test/57700.jpg,0.1935
57701,,Perfume and Body Mist,,,A2_FashionDataset/FashionDataset/test/images_test/57701.jpg,0.1394
57702,,Foundation and Primer,,,A2_FashionDataset/FashionDataset/test/images_test/57702.jpg,0.2474
57703,,Foundation and Primer,,,A2_FashionDataset/FashionDataset/test/images_test/57703.jpg,0.2969
57704,,Foundation and Primer,,,A2_FashionDataset/FashionDataset/test/images_test/57704.jpg,0.5656
57705,,Foundation and Primer,,,A2_FashionDataset/FashionDataset/test/images_test/57705.jpg,0.694
57706,,Kajal and Eyeliner,,,A2_FashionDataset/FashionDataset/test/images_test/57706.jpg,0.4589
57707,,Lip Liner,,,A2_FashionDataset/FashionDataset/test/images_test/57707.jpg,0.501
57708,,Lip Liner,,,A2_FashionDataset/FashionDataset/test/images_test/57708.jpg,0.6875
57709,,Lip Liner,,,A2_FashionDataset/FashionDataset/test/images_test/57709.jpg,0.4783
57710,,Lip Liner,,,A2_FashionDataset/FashionDataset/test/images_test/57710.jpg,0.7133
57711,,Lip Liner,,,A2_FashionDataset/FashionDataset/test/images_test/57711.jpg,0.5775
57712,,Lip Liner,,,A2_FashionDataset/FashionDataset/test/images_test/57712.jpg,0.6783
57713,,Kajal and Eyeliner,,,A2_FashionDataset/FashionDataset/test/images_test/57713.jpg,0.717
57714,,Kajal and Eyeliner,,,A2_FashionDataset/FashionDataset/test/images_test/57714.jpg,0.5538
57715,,Kajal and Eyeliner,,,A2_FashionDataset/FashionDataset/test/images_test/57715.jpg,0.5819
57716,,Kajal and Eyeliner,,,A2_FashionDataset/FashionDataset/test/images_test/57716.jpg,0.6142
57717,,Kajal and Eyeliner,,,A2_FashionDataset/FashionDataset/test/images_test/57717.jpg,0.495
57718,,Lipstick,,,A2_FashionDataset/FashionDataset/test/images_test/57718.jpg,0.1868
57719,,Kajal and Eyeliner,,,A2_FashionDataset/FashionDataset/test/images_test/57719.jpg,0.3901
57720,,Kajal and Eyeliner,,,A2_FashionDataset/FashionDataset/test/images_test/57720.jpg,0.3594
57721,,Kajal and Eyeliner,,,A2_FashionDataset/FashionDataset/test/images_test/57721.jpg,0.5988
57724,,Kajal and Eyeliner,,,A2_FashionDataset/FashionDataset/test/images_test/57724.jpg,0.4111
57725,,Kajal and Eyeliner,,,A2_FashionDataset/FashionDataset/test/images_test/57725.jpg,0.5598
57727,,Kajal and Eyeliner,,,A2_FashionDataset/FashionDataset/test/images_test/57727.jpg,0.7327
57728,,Tshirts,,,A2_FashionDataset/FashionDataset/test/images_test/57728.jpg,0.1558
57729,,Perfume and Body Mist,,,A2_FashionDataset/FashionDataset/test/images_test/57729.jpg,0.2415
57730,,Wallets,,,A2_FashionDataset/FashionDataset/test/images_test/57730.jpg,0.3829
57731,,Perfume and Body Mist,,,A2_FashionDataset/FashionDataset/test/images_test/57731.jpg,0.1701
57732,,Wallets,,,A2_FashionDataset/FashionDataset/test/images_test/57732.jpg,0.3638
57733,,Perfume and Body Mist,,,A2_FashionDataset/FashionDataset/test/images_test/57733.jpg,0.2013
57734,,Perfume and Body Mist,,,A2_FashionDataset/FashionDataset/test/images_test/57734.jpg,0.3649
57735,,Perfume and Body Mist,,,A2_FashionDataset/FashionDataset/test/images_test/57735.jpg,0.7083
57736,,Perfume and Body Mist,,,A2_FashionDataset/FashionDataset/test/images_test/57736.jpg,0.3918
57737,,Foundation and Primer,,,A2_FashionDataset/FashionDataset/test/images_test/57737.jpg,0.3721
57738,,Wallets,,,A2_FashionDataset/FashionDataset/test/images_test/57738.jpg,0.2675
57739,,Shoe Accessories,,,A2_FashionDataset/FashionDataset/test/images_test/57739.jpg,0.7606
57740,,Shoe Accessories,,,A2_FashionDataset/FashionDataset/test/images_test/57740.jpg,0.7122
57741,,Shoe Accessories,,,A2_FashionDataset/FashionDataset/test/images_test/57741.jpg,0.7545
57742,,Shoe Accessories,,,A2_FashionDataset/FashionDataset/test/images_test/57742.jpg,0.7318
57743,,Shoe Accessories,,,A2_FashionDataset/FashionDataset/test/images_test/57743.jpg,0.7733
57744,,Shoe Accessories,,,A2_FashionDataset/FashionDataset/test/images_test/57744.jpg,0.7494
57745,,Lipstick,,,A2_FashionDataset/FashionDataset/test/images_test/57745.jpg,0.5192
57746,,Lipstick,,,A2_FashionDataset/FashionDataset/test/images_test/57746.jpg,0.5185
57747,,Lipstick,,,A2_FashionDataset/FashionDataset/test/images_test/57747.jpg,0.5254
57749,,Perfume and Body Mist,,,A2_FashionDataset/FashionDataset/test/images_test/57749.jpg,0.2705
57750,,Perfume and Body Mist,,,A2_FashionDataset/FashionDataset/test/images_test/57750.jpg,0.2699
57752,,Perfume and Body Mist,,,A2_FashionDataset/FashionDataset/test/images_test/57752.jpg,0.406
57753,,Perfume and Body Mist,,,A2_FashionDataset/FashionDataset/test/images_test/57753.jpg,0.2894
57754,,Perfume and Body Mist,,,A2_FashionDataset/FashionDataset/test/images_test/57754.jpg,0.4291
57755,,Perfume and Body Mist,,,A2_FashionDataset/FashionDataset/test/images_test/57755.jpg,0.3736
57756,,Deodorant,,,A2_FashionDataset/FashionDataset/test/images_test/57756.jpg,0.2735
57757,,Shoe Accessories,,,A2_FashionDataset/FashionDataset/test/images_test/57757.jpg,0.3576
57758,,Foundation and Primer,,,A2_FashionDataset/FashionDataset/test/images_test/57758.jpg,0.4874
57759,,Perfume and Body Mist,,,A2_FashionDataset/FashionDataset/test/images_test/57759.jpg,0.3376
57760,,Foundation and Primer,,,A2_FashionDataset/FashionDataset/test/images_test/57760.jpg,0.378
57761,,Shoe Accessories,,,A2_FashionDataset/FashionDataset/test/images_test/57761.jpg,0.4421
57762,,Foundation and Primer,,,A2_FashionDataset/FashionDataset/test/images_test/57762.jpg,0.2753
57763,,Perfume and Body Mist,,,A2_FashionDataset/FashionDataset/test/images_test/57763.jpg,0.78
57764,,Shoe Accessories,,,A2_FashionDataset/FashionDataset/test/images_test/57764.jpg,0.4411
57765,,Shoe Accessories,,,A2_FashionDataset/FashionDataset/test/images_test/57765.jpg,0.431
57766,,Shoe Accessories,,,A2_FashionDataset/FashionDataset/test/images_test/57766.jpg,0.3192
57767,,Foundation and Primer,,,A2_FashionDataset/FashionDataset/test/images_test/57767.jpg,0.2618
57768,,Shoe Accessories,,,A2_FashionDataset/FashionDataset/test/images_test/57768.jpg,0.3205
57770,,Perfume and Body Mist,,,A2_FashionDataset/FashionDataset/test/images_test/57770.jpg,0.1072
57771,,Perfume and Body Mist,,,A2_FashionDataset/FashionDataset/test/images_test/57771.jpg,0.3053
57772,,Perfume and Body Mist,,,A2_FashionDataset/FashionDataset/test/images_test/57772.jpg,0.5351
57773,,Perfume and Body Mist,,,A2_FashionDataset/FashionDataset/test/images_test/57773.jpg,0.5204
57774,,Shoe Accessories,,,A2_FashionDataset/FashionDataset/test/images_test/57774.jpg,0.318
57776,,Foundation and Primer,,,A2_FashionDataset/FashionDataset/test/images_test/57776.jpg,0.5028
57777,,Foundation and Primer,,,A2_FashionDataset/FashionDataset/test/images_test/57777.jpg,0.8346
57778,,Perfume and Body Mist,,,A2_FashionDataset/FashionDataset/test/images_test/57778.jpg,0.4572
57779,,Perfume and Body Mist,,,A2_FashionDataset/FashionDataset/test/images_test/57779.jpg,0.4457
57780,,Kajal and Eyeliner,,,A2_FashionDataset/FashionDataset/test/images_test/57780.jpg,0.7626
57781,,Perfume and Body Mist,,,A2_FashionDataset/FashionDataset/test/images_test/57781.jpg,0.1735
57782,,Waist Pouch,,,A2_FashionDataset/FashionDataset/test/images_test/57782.jpg,0.0669
57783,,Foundation and Primer,,,A2_FashionDataset/FashionDataset/test/images_test/57783.jpg,0.3098
57784,,Waist Pouch,,,A2_FashionDataset/FashionDataset/test/images_test/57784.jpg,0.2193
57785,,Waist Pouch,,,A2_FashionDataset/FashionDataset/test/images_test/57785.jpg,0.2062
57786,,Waist Pouch,,,A2_FashionDataset/FashionDataset/test/images_test/57786.jpg,0.263
57787,,Foundation and Primer,,,A2_FashionDataset/FashionDataset/test/images_test/57787.jpg,0.1618
57788,,Rompers,,,A2_FashionDataset/FashionDataset/test/images_test/57788.jpg,0.0778
57789,,Foundation and Primer,,,A2_FashionDataset/FashionDataset/test/images_test/57789.jpg,0.1577
57790,,Rompers,,,A2_FashionDataset/FashionDataset/test/images_test/57790.jpg,0.0995
57791,,Foundation and Primer,,,A2_FashionDataset/FashionDataset/test/images_test/57791.jpg,0.689
57792,,Foundation and Primer,,,A2_FashionDataset/FashionDataset/test/images_test/57792.jpg,0.6801
57793,,Foundation and Primer,,,A2_FashionDataset/FashionDataset/test/images_test/57793.jpg,0.6988
57794,,Perfume and Body Mist,,,A2_FashionDataset/FashionDataset/test/images_test/57794.jpg,0.5013
57795,,Wallets,,,A2_FashionDataset/FashionDataset/test/images_test/57795.jpg,0.2365
57796,,Waist Pouch,,,A2_FashionDataset/FashionDataset/test/images_test/57796.jpg,0.252
57798,,Shoe Accessories,,,A2_FashionDataset/FashionDataset/test/images_test/57798.jpg,0.5903
57800,,Deodorant,,,A2_FashionDataset/FashionDataset/test/images_test/57800.jpg,0.5977
57801,,Foundation and Primer,,,A2_FashionDataset/FashionDataset/test/images_test/57801.jpg,0.3225
57802,,Pendant,,,A2_FashionDataset/FashionDataset/test/images_test/57802.jpg,0.1635
57803,,Rompers,,,A2_FashionDataset/FashionDataset/test/images_test/57803.jpg,0.0898
57804,,Foundation and Primer,,,A2_FashionDataset/FashionDataset/test/images_test/57804.jpg,0.652
57805,,Foundation and Primer,,,A2_FashionDataset/FashionDataset/test/images_test/57805.jpg,0.4866
57810,,Tops,,,A2_FashionDataset/FashionDataset/test/images_test/57810.jpg,0.941
57811,,Dresses,,,A2_FashionDataset/FashionDataset/test/images_test/57811.jpg,0.1995
57812,,Dresses,,,A2_FashionDataset/FashionDataset/test/images_test/57812.jpg,0.1609
57815,,Tops,,,A2_FashionDataset/FashionDataset/test/images_test/57815.jpg,0.617
57816,,Tops,,,A2_FashionDataset/FashionDataset/test/images_test/57816.jpg,0.6815
57817,,Tops,,,A2_FashionDataset/FashionDataset/test/images_test/57817.jpg,0.9335
57818,,Tops,,,A2_FashionDataset/FashionDataset/test/images_test/57818.jpg,0.8459
57819,,Dresses,,,A2_FashionDataset/FashionDataset/test/images_test/57819.jpg,0.8176
57820,,Tops,,,A2_FashionDataset/FashionDataset/test/images_test/57820.jpg,0.3858
57823,,Tops,,,A2_FashionDataset/FashionDataset/test/images_test/57823.jpg,0.9333
57824,,Jeggings,,,A2_FashionDataset/FashionDataset/test/images_test/57824.jpg,0.4616
57832,,Tops,,,A2_FashionDataset/FashionDataset/test/images_test/57832.jpg,0.7581
57833,,Tshirts,,,A2_FashionDataset/FashionDataset/test/images_test/57833.jpg,0.7582
57834,,Tshirts,,,A2_FashionDataset/FashionDataset/test/images_test/57834.jpg,0.5096
57835,,Mobile Pouch,,,A2_FashionDataset/FashionDataset/test/images_test/57835.jpg,0.4851
57836,,Ring,,,A2_FashionDataset/FashionDataset/test/images_test/57836.jpg,0.1894
57837,,Mobile Pouch,,,A2_FashionDataset/FashionDataset/test/images_test/57837.jpg,0.4362
57838,,Mobile Pouch,,,A2_FashionDataset/FashionDataset/test/images_test/57838.jpg,0.4531
57845,,Waist Pouch,,,A2_FashionDataset/FashionDataset/test/images_test/57845.jpg,0.6117
57846,,Handbags,,,A2_FashionDataset/FashionDataset/test/images_test/57846.jpg,0.2268
57847,,Handbags,,,A2_FashionDataset/FashionDataset/test/images_test/57847.jpg,0.4315
57849,,Heels,,,A2_FashionDataset/FashionDataset/test/images_test/57849.jpg,0.9447
57850,,Heels,,,A2_FashionDataset/FashionDataset/test/images_test/57850.jpg,0.8505
57851,,Heels,,,A2_FashionDataset/FashionDataset/test/images_test/57851.jpg,0.3669
57852,,Heels,,,A2_FashionDataset/FashionDataset/test/images_test/57852.jpg,0.9649
57853,,Heels,,,A2_FashionDataset/FashionDataset/test/images_test/57853.jpg,0.8041
57854,,Heels,,,A2_FashionDataset/FashionDataset/test/images_test/57854.jpg,0.797
57855,,Flats,,,A2_FashionDataset/FashionDataset/test/images_test/57855.jpg,0.5933
57856,,Heels,,,A2_FashionDataset/FashionDataset/test/images_test/57856.jpg,0.798
57857,,Heels,,,A2_FashionDataset/FashionDataset/test/images_test/57857.jpg,0.7064
57858,,Heels,,,A2_FashionDataset/FashionDataset/test/images_test/57858.jpg,0.2975
57859,,Perfume and Body Mist,,,A2_FashionDataset/FashionDataset/test/images_test/57859.jpg,0.6347
57860,,Perfume and Body Mist,,,A2_FashionDataset/FashionDataset/test/images_test/57860.jpg,0.429
57861,,Deodorant,,,A2_FashionDataset/FashionDataset/test/images_test/57861.jpg,0.4227
57862,,Perfume and Body Mist,,,A2_FashionDataset/FashionDataset/test/images_test/57862.jpg,0.2636
57863,,Perfume and Body Mist,,,A2_FashionDataset/FashionDataset/test/images_test/57863.jpg,0.6641
57864,,Deodorant,,,A2_FashionDataset/FashionDataset/test/images_test/57864.jpg,0.6996
57865,,Perfume and Body Mist,,,A2_FashionDataset/FashionDataset/test/images_test/57865.jpg,0.1963
57866,,Perfume and Body Mist,,,A2_FashionDataset/FashionDataset/test/images_test/57866.jpg,0.169
57867,,Perfume and Body Mist,,,A2_FashionDataset/FashionDataset/test/images_test/57867.jpg,0.3792
57868,,Perfume and Body Mist,,,A2_FashionDataset/FashionDataset/test/images_test/57868.jpg,0.9241
57869,,Gloves,,,A2_FashionDataset/FashionDataset/test/images_test/57869.jpg,0.1633
57870,,Perfume and Body Mist,,,A2_FashionDataset/FashionDataset/test/images_test/57870.jpg,0.853
57871,,Perfume and Body Mist,,,A2_FashionDataset/FashionDataset/test/images_test/57871.jpg,0.7354
57872,,Perfume and Body Mist,,,A2_FashionDataset/FashionDataset/test/images_test/57872.jpg,0.3799
57873,,Perfume and Body Mist,,,A2_FashionDataset/FashionDataset/test/images_test/57873.jpg,0.3767
57874,,Foundation and Primer,,,A2_FashionDataset/FashionDataset/test/images_test/57874.jpg,0.2388
57875,,Perfume and Body Mist,,,A2_FashionDataset/FashionDataset/test/images_test/57875.jpg,0.3248
57876,,Shoe Accessories,,,A2_FashionDataset/FashionDataset/test/images_test/57876.jpg,0.2344
57877,,Perfume and Body Mist,,,A2_FashionDataset/FashionDataset/test/images_test/57877.jpg,0.6683
57878,,Perfume and Body Mist,,,A2_FashionDataset/FashionDataset/test/images_test/57878.jpg,0.3192
57879,,Foundation and Primer,,,A2_FashionDataset/FashionDataset/test/images_test/57879.jpg,0.099
57880,,Foundation and Primer,,,A2_FashionDataset/FashionDataset/test/images_test/57880.jpg,0.216
57881,,Deodorant,,,A2_FashionDataset/FashionDataset/test/images_test/57881.jpg,0.5777
57883,,Perfume and Body Mist,,,A2_FashionDataset/FashionDataset/test/images_test/57883.jpg,0.9304
57884,,Perfume and Body Mist,,,A2_FashionDataset/FashionDataset/test/images_test/57884.jpg,0.2451
57885,,Perfume and Body Mist,,,A2_FashionDataset/FashionDataset/test/images_test/57885.jpg,0.2582
57886,,Perfume and Body Mist,,,A2_FashionDataset/FashionDataset/test/images_test/57886.jpg,0.2637
57887,,Perfume and Body Mist,,,A2_FashionDataset/FashionDataset/test/images_test/57887.jpg,0.4112
57888,,Briefs,,,A2_FashionDataset/FashionDataset/test/images_test/57888.jpg,0.1222
57889,,Perfume and Body Mist,,,A2_FashionDataset/FashionDataset/test/images_test/57889.jpg,0.3013
57890,,Perfume and Body Mist,,,A2_FashionDataset/FashionDataset/test/images_test/57890.jpg,0.1831
57891,,Kajal and Eyeliner,,,A2_FashionDataset/FashionDataset/test/images_test/57891.jpg,0.1938
57892,,Gloves,,,A2_FashionDataset/FashionDataset/test/images_test/57892.jpg,0.09
57893,,Leggings,,,A2_FashionDataset/FashionDataset/test/images_test/57893.jpg,0.8444
57894,,Leggings,,,A2_FashionDataset/FashionDataset/test/images_test/57894.jpg,0.9381
57895,,Tunics,,,A2_FashionDataset/FashionDataset/test/images_test/57895.jpg,0.6314
57896,,Shorts,,,A2_FashionDataset/FashionDataset/test/images_test/57896.jpg,0.5786
57897,,Scarves,,,A2_FashionDataset/FashionDataset/test/images_test/57897.jpg,0.0797
57898,,Tops,,,A2_FashionDataset/FashionDataset/test/images_test/57898.jpg,0.8006
57899,,Leggings,,,A2_FashionDataset/FashionDataset/test/images_test/57899.jpg,0.4252
57906,,Socks,,,A2_FashionDataset/FashionDataset/test/images_test/57906.jpg,0.819
57907,,Socks,,,A2_FashionDataset/FashionDataset/test/images_test/57907.jpg,0.9493
57908,,Socks,,,A2_FashionDataset/FashionDataset/test/images_test/57908.jpg,0.5665
57909,,Socks,,,A2_FashionDataset/FashionDataset/test/images_test/57909.jpg,0.811
57910,,Socks,,,A2_FashionDataset/FashionDataset/test/images_test/57910.jpg,0.907
57911,,Socks,,,A2_FashionDataset/FashionDataset/test/images_test/57911.jpg,0.7042
57912,,Socks,,,A2_FashionDataset/FashionDataset/test/images_test/57912.jpg,0.9584
57913,,Socks,,,A2_FashionDataset/FashionDataset/test/images_test/57913.jpg,0.9623
57914,,Socks,,,A2_FashionDataset/FashionDataset/test/images_test/57914.jpg,0.3698
57915,,Socks,,,A2_FashionDataset/FashionDataset/test/images_test/57915.jpg,0.5264
57916,,Socks,,,A2_FashionDataset/FashionDataset/test/images_test/57916.jpg,0.9725
57917,,Socks,,,A2_FashionDataset/FashionDataset/test/images_test/57917.jpg,0.819
57918,,Socks,,,A2_FashionDataset/FashionDataset/test/images_test/57918.jpg,0.7168
57919,,Socks,,,A2_FashionDataset/FashionDataset/test/images_test/57919.jpg,0.8087
57920,,Socks,,,A2_FashionDataset/FashionDataset/test/images_test/57920.jpg,0.9042
57921,,Socks,,,A2_FashionDataset/FashionDataset/test/images_test/57921.jpg,0.9677
57922,,Leggings,,,A2_FashionDataset/FashionDataset/test/images_test/57922.jpg,0.8868
57923,,Leggings,,,A2_FashionDataset/FashionDataset/test/images_test/57923.jpg,0.9013
57924,,Leggings,,,A2_FashionDataset/FashionDataset/test/images_test/57924.jpg,0.9434
57925,,Leggings,,,A2_FashionDataset/FashionDataset/test/images_test/57925.jpg,0.9134
57930,,Tshirts,,,A2_FashionDataset/FashionDataset/test/images_test/57930.jpg,0.3499
57931,,Tshirts,,,A2_FashionDataset/FashionDataset/test/images_test/57931.jpg,0.8507
57932,,Tshirts,,,A2_FashionDataset/FashionDataset/test/images_test/57932.jpg,0.7624
57933,,Tops,,,A2_FashionDataset/FashionDataset/test/images_test/57933.jpg,0.3326
57934,,Sandals,,,A2_FashionDataset/FashionDataset/test/images_test/57934.jpg,0.9343
57935,,Sandals,,,A2_FashionDataset/FashionDataset/test/images_test/57935.jpg,0.8222
57936,,Casual Shoes,,,A2_FashionDataset/FashionDataset/test/images_test/57936.jpg,0.7051
57937,,Sports Shoes,,,A2_FashionDataset/FashionDataset/test/images_test/57937.jpg,0.6832
57938,,Sandals,,,A2_FashionDataset/FashionDataset/test/images_test/57938.jpg,0.842
57939,,Casual Shoes,,,A2_FashionDataset/FashionDataset/test/images_test/57939.jpg,0.6726
57940,,Sandals,,,A2_FashionDataset/FashionDataset/test/images_test/57940.jpg,0.5937
57941,,Casual Shoes,,,A2_FashionDataset/FashionDataset/test/images_test/57941.jpg,0.888
57942,,Casual Shoes,,,A2_FashionDataset/FashionDataset/test/images_test/57942.jpg,0.9194
57943,,Casual Shoes,,,A2_FashionDataset/FashionDataset/test/images_test/57943.jpg,0.8934
57944,,Sandals,,,A2_FashionDataset/FashionDataset/test/images_test/57944.jpg,0.6302
57945,,Sandals,,,A2_FashionDataset/FashionDataset/test/images_test/57945.jpg,0.875
57946,,Casual Shoes,,,A2_FashionDataset/FashionDataset/test/images_test/57946.jpg,0.6218
57947,,Casual Shoes,,,A2_FashionDataset/FashionDataset/test/images_test/57947.jpg,0.8447
57948,,Casual Shoes,,,A2_FashionDataset/FashionDataset/test/images_test/57948.jpg,0.6618
57949,,Formal Shoes,,,A2_FashionDataset/FashionDataset/test/images_test/57949.jpg,0.4156
57950,,Formal Shoes,,,A2_FashionDataset/FashionDataset/test/images_test/57950.jpg,0.9619
57952,,Sarees,,,A2_FashionDataset/FashionDataset/test/images_test/57952.jpg,0.3806
57953,,Sarees,,,A2_FashionDataset/FashionDataset/test/images_test/57953.jpg,0.7579
57954,,Sarees,,,A2_FashionDataset/FashionDataset/test/images_test/57954.jpg,0.9266
57956,,Sarees,,,A2_FashionDataset/FashionDataset/test/images_test/57956.jpg,0.8017
57957,,Sarees,,,A2_FashionDataset/FashionDataset/test/images_test/57957.jpg,0.8303
57958,,Sarees,,,A2_FashionDataset/FashionDataset/test/images_test/57958.jpg,0.9393
57959,,Sarees,,,A2_FashionDataset/FashionDataset/test/images_test/57959.jpg,0.7506
57960,,Sarees,,,A2_FashionDataset/FashionDataset/test/images_test/57960.jpg,0.9558
57961,,Free Gifts,,,A2_FashionDataset/FashionDataset/test/images_test/57961.jpg,0.27
57962,,Sarees,,,A2_FashionDataset/FashionDataset/test/images_test/57962.jpg,0.6105
57963,,Sarees,,,A2_FashionDataset/FashionDataset/test/images_test/57963.jpg,0.39
57964,,Sarees,,,A2_FashionDataset/FashionDataset/test/images_test/57964.jpg,0.6456
57965,,Sarees,,,A2_FashionDataset/FashionDataset/test/images_test/57965.jpg,0.5581
57966,,Sarees,,,A2_FashionDataset/FashionDataset/test/images_test/57966.jpg,0.3333
57967,,Sarees,,,A2_FashionDataset/FashionDataset/test/images_test/57967.jpg,0.9372
57968,,Sarees,,,A2_FashionDataset/FashionDataset/test/images_test/57968.jpg,0.4569
57969,,Sarees,,,A2_FashionDataset/FashionDataset/test/images_test/57969.jpg,0.6942
57970,,Sarees,,,A2_FashionDataset/FashionDataset/test/images_test/57970.jpg,0.7689
57971,,Sarees,,,A2_FashionDataset/FashionDataset/test/images_test/57971.jpg,0.9075
57972,,Sarees,,,A2_FashionDataset/FashionDataset/test/images_test/57972.jpg,0.7821
57973,,Sarees,,,A2_FashionDataset/FashionDataset/test/images_test/57973.jpg,0.6553
57974,,Sarees,,,A2_FashionDataset/FashionDataset/test/images_test/57974.jpg,0.6689
57975,,Sarees,,,A2_FashionDataset/FashionDataset/test/images_test/57975.jpg,0.8687
57976,,Sarees,,,A2_FashionDataset/FashionDataset/test/images_test/57976.jpg,0.9162
57980,,Tops,,,A2_FashionDataset/FashionDataset/test/images_test/57980.jpg,0.126
57981,,Tops,,,A2_FashionDataset/FashionDataset/test/images_test/57981.jpg,0.5217
57982,,Tops,,,A2_FashionDataset/FashionDataset/test/images_test/57982.jpg,0.8379
57983,,Tops,,,A2_FashionDataset/FashionDataset/test/images_test/57983.jpg,0.7961
57985,,Tops,,,A2_FashionDataset/FashionDataset/test/images_test/57985.jpg,0.7572
57986,,Dresses,,,A2_FashionDataset/FashionDataset/test/images_test/57986.jpg,0.9247
57987,,Dresses,,,A2_FashionDataset/FashionDataset/test/images_test/57987.jpg,0.5308
57988,,Dresses,,,A2_FashionDataset/FashionDataset/test/images_test/57988.jpg,0.7686
57989,,Dresses,,,A2_FashionDataset/FashionDataset/test/images_test/57989.jpg,0.4973
57990,,Dresses,,,A2_FashionDataset/FashionDataset/test/images_test/57990.jpg,0.9945
57991,,Dresses,,,A2_FashionDataset/FashionDataset/test/images_test/57991.jpg,0.4786
57992,,Shirts,,,A2_FashionDataset/FashionDataset/test/images_test/57992.jpg,0.2187
57993,,Dresses,,,A2_FashionDataset/FashionDataset/test/images_test/57993.jpg,0.3758
57994,,Dresses,,,A2_FashionDataset/FashionDataset/test/images_test/57994.jpg,0.9002
57995,,Dresses,,,A2_FashionDataset/FashionDataset/test/images_test/57995.jpg,0.9457
57996,,Dresses,,,A2_FashionDataset/FashionDataset/test/images_test/57996.jpg,0.8431
57997,,Dresses,,,A2_FashionDataset/FashionDataset/test/images_test/57997.jpg,0.8295
57998,,Dresses,,,A2_FashionDataset/FashionDataset/test/images_test/57998.jpg,0.9373
57999,,Dresses,,,A2_FashionDataset/FashionDataset/test/images_test/57999.jpg,0.8091
58000,,Dresses,,,A2_FashionDataset/FashionDataset/test/images_test/58000.jpg,0.9107
58001,,Dresses,,,A2_FashionDataset/FashionDataset/test/images_test/58001.jpg,0.9723
58002,,Dresses,,,A2_FashionDataset/FashionDataset/test/images_test/58002.jpg,0.8632
58003,,Dresses,,,A2_FashionDataset/FashionDataset/test/images_test/58003.jpg,0.9898
58004,,Shirts,,,A2_FashionDataset/FashionDataset/test/images_test/58004.jpg,0.1761
58005,,Tops,,,A2_FashionDataset/FashionDataset/test/images_test/58005.jpg,0.9828
58006,,Tops,,,A2_FashionDataset/FashionDataset/test/images_test/58006.jpg,0.6011
58007,,Tops,,,A2_FashionDataset/FashionDataset/test/images_test/58007.jpg,0.8398
58008,,Tops,,,A2_FashionDataset/FashionDataset/test/images_test/58008.jpg,0.2175
58009,,Tops,,,A2_FashionDataset/FashionDataset/test/images_test/58009.jpg,0.9101
58010,,Tops,,,A2_FashionDataset/FashionDataset/test/images_test/58010.jpg,0.8857
58011,,Tops,,,A2_FashionDataset/FashionDataset/test/images_test/58011.jpg,0.7611
58012,,Tops,,,A2_FashionDataset/FashionDataset/test/images_test/58012.jpg,0.3649
58013,,Tops,,,A2_FashionDataset/FashionDataset/test/images_test/58013.jpg,0.9385
58014,,Tops,,,A2_FashionDataset/FashionDataset/test/images_test/58014.jpg,0.9758
58015,,Tops,,,A2_FashionDataset/FashionDataset/test/images_test/58015.jpg,0.8903
58016,,Earrings,,,A2_FashionDataset/FashionDataset/test/images_test/58016.jpg,0.9377
58017,,Earrings,,,A2_FashionDataset/FashionDataset/test/images_test/58017.jpg,0.5815
58018,,Earrings,,,A2_FashionDataset/FashionDataset/test/images_test/58018.jpg,0.6044
58020,,Earrings,,,A2_FashionDataset/FashionDataset/test/images_test/58020.jpg,0.3825
58022,,Earrings,,,A2_FashionDataset/FashionDataset/test/images_test/58022.jpg,0.9734
58023,,Earrings,,,A2_FashionDataset/FashionDataset/test/images_test/58023.jpg,0.9577
58024,,Earrings,,,A2_FashionDataset/FashionDataset/test/images_test/58024.jpg,0.9753
58027,,Earrings,,,A2_FashionDataset/FashionDataset/test/images_test/58027.jpg,0.9634
58028,,Earrings,,,A2_FashionDataset/FashionDataset/test/images_test/58028.jpg,0.997
58030,,Earrings,,,A2_FashionDataset/FashionDataset/test/images_test/58030.jpg,0.9784
58032,,Earrings,,,A2_FashionDataset/FashionDataset/test/images_test/58032.jpg,0.9363
58035,,Sports Shoes,,,A2_FashionDataset/FashionDataset/test/images_test/58035.jpg,0.2779
58037,,Earrings,,,A2_FashionDataset/FashionDataset/test/images_test/58037.jpg,0.9438
58039,,Earrings,,,A2_FashionDataset/FashionDataset/test/images_test/58039.jpg,0.6019
58041,,Earrings,,,A2_FashionDataset/FashionDataset/test/images_test/58041.jpg,0.8995
58042,,Earrings,,,A2_FashionDataset/FashionDataset/test/images_test/58042.jpg,0.842
58044,,Earrings,,,A2_FashionDataset/FashionDataset/test/images_test/58044.jpg,0.9049
58045,,Earrings,,,A2_FashionDataset/FashionDataset/test/images_test/58045.jpg,0.9531
58046,,Earrings,,,A2_FashionDataset/FashionDataset/test/images_test/58046.jpg,0.6936
58049,,Earrings,,,A2_FashionDataset/FashionDataset/test/images_test/58049.jpg,0.9823
58050,,Earrings,,,A2_FashionDataset/FashionDataset/test/images_test/58050.jpg,0.9525
58051,,Earrings,,,A2_FashionDataset/FashionDataset/test/images_test/58051.jpg,0.9525
58052,,Earrings,,,A2_FashionDataset/FashionDataset/test/images_test/58052.jpg,0.8882
58053,,Earrings,,,A2_FashionDataset/FashionDataset/test/images_test/58053.jpg,0.9723
58057,,Earrings,,,A2_FashionDataset/FashionDataset/test/images_test/58057.jpg,0.9818
58058,,Tops,,,A2_FashionDataset/FashionDataset/test/images_test/58058.jpg,0.2521
58059,,Earrings,,,A2_FashionDataset/FashionDataset/test/images_test/58059.jpg,0.9649
58060,,Earrings,,,A2_FashionDataset/FashionDataset/test/images_test/58060.jpg,0.9427
58061,,Earrings,,,A2_FashionDataset/FashionDataset/test/images_test/58061.jpg,0.969
58062,,Earrings,,,A2_FashionDataset/FashionDataset/test/images_test/58062.jpg,0.9831
58063,,Earrings,,,A2_FashionDataset/FashionDataset/test/images_test/58063.jpg,0.9813
58071,,Earrings,,,A2_FashionDataset/FashionDataset/test/images_test/58071.jpg,0.9273
58072,,Earrings,,,A2_FashionDataset/FashionDataset/test/images_test/58072.jpg,0.9327
58073,,Earrings,,,A2_FashionDataset/FashionDataset/test/images_test/58073.jpg,0.9701
58074,,Earrings,,,A2_FashionDataset/FashionDataset/test/images_test/58074.jpg,0.975
58075,,Earrings,,,A2_FashionDataset/FashionDataset/test/images_test/58075.jpg,0.9149
58076,,Earrings,,,A2_FashionDataset/FashionDataset/test/images_test/58076.jpg,0.9735
58078,,Earrings,,,A2_FashionDataset/FashionDataset/test/images_test/58078.jpg,0.9772
58085,,Earrings,,,A2_FashionDataset/FashionDataset/test/images_test/58085.jpg,0.9128
58086,,Earrings,,,A2_FashionDataset/FashionDataset/test/images_test/58086.jpg,0.9116
58087,,Earrings,,,A2_FashionDataset/FashionDataset/test/images_test/58087.jpg,0.8967
58093,,Earrings,,,A2_FashionDataset/FashionDataset/test/images_test/58093.jpg,0.913
58096,,Pendant,,,A2_FashionDataset/FashionDataset/test/images_test/58096.jpg,0.3809
58097,,Ring,,,A2_FashionDataset/FashionDataset/test/images_test/58097.jpg,0.0995
58098,,Pendant,,,A2_FashionDataset/FashionDataset/test/images_test/58098.jpg,0.7697
58099,,Pendant,,,A2_FashionDataset/FashionDataset/test/images_test/58099.jpg,0.2069
58100,,Socks,,,A2_FashionDataset/FashionDataset/test/images_test/58100.jpg,0.1747
58104,,Ring,,,A2_FashionDataset/FashionDataset/test/images_test/58104.jpg,0.7814
58107,,Earrings,,,A2_FashionDataset/FashionDataset/test/images_test/58107.jpg,0.8761
58108,,Earrings,,,A2_FashionDataset/FashionDataset/test/images_test/58108.jpg,0.3109
58109,,Earrings,,,A2_FashionDataset/FashionDataset/test/images_test/58109.jpg,0.9758
58110,,Earrings,,,A2_FashionDataset/FashionDataset/test/images_test/58110.jpg,0.8035
58111,,Earrings,,,A2_FashionDataset/FashionDataset/test/images_test/58111.jpg,0.795
58112,,Earrings,,,A2_FashionDataset/FashionDataset/test/images_test/58112.jpg,0.8641
58115,,Earrings,,,A2_FashionDataset/FashionDataset/test/images_test/58115.jpg,0.1328
58116,,Pendant,,,A2_FashionDataset/FashionDataset/test/images_test/58116.jpg,0.2991
58117,,Pendant,,,A2_FashionDataset/FashionDataset/test/images_test/58117.jpg,0.3027
58118,,Pendant,,,A2_FashionDataset/FashionDataset/test/images_test/58118.jpg,0.2548
58121,,Earrings,,,A2_FashionDataset/FashionDataset/test/images_test/58121.jpg,0.9729
58123,,Earrings,,,A2_FashionDataset/FashionDataset/test/images_test/58123.jpg,0.9645
58128,,Earrings,,,A2_FashionDataset/FashionDataset/test/images_test/58128.jpg,0.9704
58129,,Earrings,,,A2_FashionDataset/FashionDataset/test/images_test/58129.jpg,0.9816
58131,,Earrings,,,A2_FashionDataset/FashionDataset/test/images_test/58131.jpg,0.9854
58132,,Earrings,,,A2_FashionDataset/FashionDataset/test/images_test/58132.jpg,0.95
58133,,Earrings,,,A2_FashionDataset/FashionDataset/test/images_test/58133.jpg,0.9917
58135,,Earrings,,,A2_FashionDataset/FashionDataset/test/images_test/58135.jpg,0.9713
58136,,Earrings,,,A2_FashionDataset/FashionDataset/test/images_test/58136.jpg,0.8257
58137,,Earrings,,,A2_FashionDataset/FashionDataset/test/images_test/58137.jpg,0.95
58138,,Earrings,,,A2_FashionDataset/FashionDataset/test/images_test/58138.jpg,0.2638
58139,,Bangle,,,A2_FashionDataset/FashionDataset/test/images_test/58139.jpg,0.3519
58140,,Earrings,,,A2_FashionDataset/FashionDataset/test/images_test/58140.jpg,0.9792
58141,,Earrings,,,A2_FashionDataset/FashionDataset/test/images_test/58141.jpg,0.8955
58143,,Backpacks,,,A2_FashionDataset/FashionDataset/test/images_test/58143.jpg,0.9361
58144,,Backpacks,,,A2_FashionDataset/FashionDataset/test/images_test/58144.jpg,0.8711
58145,,Backpacks,,,A2_FashionDataset/FashionDataset/test/images_test/58145.jpg,0.9324
58146,,Backpacks,,,A2_FashionDataset/FashionDataset/test/images_test/58146.jpg,0.9701
58147,,Socks,,,A2_FashionDataset/FashionDataset/test/images_test/58147.jpg,0.5936
58148,,Caps,,,A2_FashionDataset/FashionDataset/test/images_test/58148.jpg,0.9667
58149,,Caps,,,A2_FashionDataset/FashionDataset/test/images_test/58149.jpg,0.9491
58150,,Caps,,,A2_FashionDataset/FashionDataset/test/images_test/58150.jpg,0.9431
58151,,Caps,,,A2_FashionDataset/FashionDataset/test/images_test/58151.jpg,0.8666
58152,,Caps,,,A2_FashionDataset/FashionDataset/test/images_test/58152.jpg,0.9593
58153,,Caps,,,A2_FashionDataset/FashionDataset/test/images_test/58153.jpg,0.4291
58154,,Caps,,,A2_FashionDataset/FashionDataset/test/images_test/58154.jpg,0.9093
58155,,Handbags,,,A2_FashionDataset/FashionDataset/test/images_test/58155.jpg,0.6455
58156,,Handbags,,,A2_FashionDataset/FashionDataset/test/images_test/58156.jpg,0.868
58157,,Handbags,,,A2_FashionDataset/FashionDataset/test/images_test/58157.jpg,0.5998
58158,,Jumpsuit,,,A2_FashionDataset/FashionDataset/test/images_test/58158.jpg,0.2516
58159,,Wallets,,,A2_FashionDataset/FashionDataset/test/images_test/58159.jpg,0.8457
58160,,Wallets,,,A2_FashionDataset/FashionDataset/test/images_test/58160.jpg,0.8453
58161,,Clutches,,,A2_FashionDataset/FashionDataset/test/images_test/58161.jpg,0.4416
58162,,Clutches,,,A2_FashionDataset/FashionDataset/test/images_test/58162.jpg,0.505
58163,,Wallets,,,A2_FashionDataset/FashionDataset/test/images_test/58163.jpg,0.8993
58164,,Wallets,,,A2_FashionDataset/FashionDataset/test/images_test/58164.jpg,0.9116
58165,,Clutches,,,A2_FashionDataset/FashionDataset/test/images_test/58165.jpg,0.4861
58166,,Wallets,,,A2_FashionDataset/FashionDataset/test/images_test/58166.jpg,0.9773
58167,,Clutches,,,A2_FashionDataset/FashionDataset/test/images_test/58167.jpg,0.8832
58168,,Clutches,,,A2_FashionDataset/FashionDataset/test/images_test/58168.jpg,0.6808
58169,,Clutches,,,A2_FashionDataset/FashionDataset/test/images_test/58169.jpg,0.478
58170,,Wallets,,,A2_FashionDataset/FashionDataset/test/images_test/58170.jpg,0.8049
58171,,Handbags,,,A2_FashionDataset/FashionDataset/test/images_test/58171.jpg,0.964
58172,,Handbags,,,A2_FashionDataset/FashionDataset/test/images_test/58172.jpg,0.941
58173,,Handbags,,,A2_FashionDataset/FashionDataset/test/images_test/58173.jpg,0.9327
58174,,Handbags,,,A2_FashionDataset/FashionDataset/test/images_test/58174.jpg,0.9444
58175,,Handbags,,,A2_FashionDataset/FashionDataset/test/images_test/58175.jpg,0.9099
58176,,Handbags,,,A2_FashionDataset/FashionDataset/test/images_test/58176.jpg,0.9437
58177,,Handbags,,,A2_FashionDataset/FashionDataset/test/images_test/58177.jpg,0.862
58178,,Handbags,,,A2_FashionDataset/FashionDataset/test/images_test/58178.jpg,0.8854
58179,,Handbags,,,A2_FashionDataset/FashionDataset/test/images_test/58179.jpg,0.7852
58180,,Handbags,,,A2_FashionDataset/FashionDataset/test/images_test/58180.jpg,0.9749
58181,,Handbags,,,A2_FashionDataset/FashionDataset/test/images_test/58181.jpg,0.7086
58182,,Handbags,,,A2_FashionDataset/FashionDataset/test/images_test/58182.jpg,0.9485
58183,,Handbags,,,A2_FashionDataset/FashionDataset/test/images_test/58183.jpg,0.8051
58184,,Handbags,,,A2_FashionDataset/FashionDataset/test/images_test/58184.jpg,0.8828
58185,,Handbags,,,A2_FashionDataset/FashionDataset/test/images_test/58185.jpg,0.5896
58186,,Handbags,,,A2_FashionDataset/FashionDataset/test/images_test/58186.jpg,0.9596
58187,,Handbags,,,A2_FashionDataset/FashionDataset/test/images_test/58187.jpg,0.9698
58188,,Handbags,,,A2_FashionDataset/FashionDataset/test/images_test/58188.jpg,0.3221
58189,,Messenger Bag,,,A2_FashionDataset/FashionDataset/test/images_test/58189.jpg,0.2379
58190,,Handbags,,,A2_FashionDataset/FashionDataset/test/images_test/58190.jpg,0.9388
58191,,Handbags,,,A2_FashionDataset/FashionDataset/test/images_test/58191.jpg,0.8262
58194,,Handbags,,,A2_FashionDataset/FashionDataset/test/images_test/58194.jpg,0.9205
58195,,Handbags,,,A2_FashionDataset/FashionDataset/test/images_test/58195.jpg,0.8444
58196,,Handbags,,,A2_FashionDataset/FashionDataset/test/images_test/58196.jpg,0.8713
58200,,Casual Shoes,,,A2_FashionDataset/FashionDataset/test/images_test/58200.jpg,0.4162
58201,,Wallets,,,A2_FashionDataset/FashionDataset/test/images_test/58201.jpg,0.848
58202,,Belts,,,A2_FashionDataset/FashionDataset/test/images_test/58202.jpg,0.8881
58203,,Belts,,,A2_FashionDataset/FashionDataset/test/images_test/58203.jpg,0.9045
58204,,Belts,,,A2_FashionDataset/FashionDataset/test/images_test/58204.jpg,0.8635
58205,,Belts,,,A2_FashionDataset/FashionDataset/test/images_test/58205.jpg,0.8898
58206,,Belts,,,A2_FashionDataset/FashionDataset/test/images_test/58206.jpg,0.8985
58207,,Belts,,,A2_FashionDataset/FashionDataset/test/images_test/58207.jpg,0.8997
58208,,Belts,,,A2_FashionDataset/FashionDataset/test/images_test/58208.jpg,0.9069
58209,,Patiala,,,A2_FashionDataset/FashionDataset/test/images_test/58209.jpg,0.8797
58210,,Patiala,,,A2_FashionDataset/FashionDataset/test/images_test/58210.jpg,0.8479
58211,,Patiala,,,A2_FashionDataset/FashionDataset/test/images_test/58211.jpg,0.9606
58212,,Patiala,,,A2_FashionDataset/FashionDataset/test/images_test/58212.jpg,0.6641
58213,,Patiala,,,A2_FashionDataset/FashionDataset/test/images_test/58213.jpg,0.9007
58214,,Patiala,,,A2_FashionDataset/FashionDataset/test/images_test/58214.jpg,0.35
58215,,Patiala,,,A2_FashionDataset/FashionDataset/test/images_test/58215.jpg,0.7524
58216,,Patiala,,,A2_FashionDataset/FashionDataset/test/images_test/58216.jpg,0.8188
58218,,Patiala,,,A2_FashionDataset/FashionDataset/test/images_test/58218.jpg,0.9213
58220,,Patiala,,,A2_FashionDataset/FashionDataset/test/images_test/58220.jpg,0.9343
58222,,Jeans,,,A2_FashionDataset/FashionDataset/test/images_test/58222.jpg,0.9648
58225,,Tshirts,,,A2_FashionDataset/FashionDataset/test/images_test/58225.jpg,0.6441
58226,,Sandals,,,A2_FashionDataset/FashionDataset/test/images_test/58226.jpg,0.9358
58227,,Sandals,,,A2_FashionDataset/FashionDataset/test/images_test/58227.jpg,0.9266
58229,,Sandals,,,A2_FashionDataset/FashionDataset/test/images_test/58229.jpg,0.6937
58231,,Flip Flops,,,A2_FashionDataset/FashionDataset/test/images_test/58231.jpg,0.8839
58232,,Flip Flops,,,A2_FashionDataset/FashionDataset/test/images_test/58232.jpg,0.9392
58233,,Wallets,,,A2_FashionDataset/FashionDataset/test/images_test/58233.jpg,0.8839
58234,,Wallets,,,A2_FashionDataset/FashionDataset/test/images_test/58234.jpg,0.8674
58235,,Wallets,,,A2_FashionDataset/FashionDataset/test/images_test/58235.jpg,0.4681
58236,,Perfume and Body Mist,,,A2_FashionDataset/FashionDataset/test/images_test/58236.jpg,0.4226
58237,,Wallets,,,A2_FashionDataset/FashionDataset/test/images_test/58237.jpg,0.4303
58238,,Wallets,,,A2_FashionDataset/FashionDataset/test/images_test/58238.jpg,0.8973
58239,,Clutches,,,A2_FashionDataset/FashionDataset/test/images_test/58239.jpg,0.8787
58240,,Clutches,,,A2_FashionDataset/FashionDataset/test/images_test/58240.jpg,0.8362
58241,,Clutches,,,A2_FashionDataset/FashionDataset/test/images_test/58241.jpg,0.5246
58242,,Wallets,,,A2_FashionDataset/FashionDataset/test/images_test/58242.jpg,0.9631
58243,,Wallets,,,A2_FashionDataset/FashionDataset/test/images_test/58243.jpg,0.946
58244,,Wallets,,,A2_FashionDataset/FashionDataset/test/images_test/58244.jpg,0.9454
58245,,Wallets,,,A2_FashionDataset/FashionDataset/test/images_test/58245.jpg,0.8592
58246,,Wallets,,,A2_FashionDataset/FashionDataset/test/images_test/58246.jpg,0.8547
58247,,Wallets,,,A2_FashionDataset/FashionDataset/test/images_test/58247.jpg,0.9193
58248,,Clutches,,,A2_FashionDataset/FashionDataset/test/images_test/58248.jpg,0.467
58249,,Wallets,,,A2_FashionDataset/FashionDataset/test/images_test/58249.jpg,0.9635
58250,,Wallets,,,A2_FashionDataset/FashionDataset/test/images_test/58250.jpg,0.7769
58251,,Wallets,,,A2_FashionDataset/FashionDataset/test/images_test/58251.jpg,0.5246
58252,,Wallets,,,A2_FashionDataset/FashionDataset/test/images_test/58252.jpg,0.5999
58253,,Wallets,,,A2_FashionDataset/FashionDataset/test/images_test/58253.jpg,0.7407
58254,,Wallets,,,A2_FashionDataset/FashionDataset/test/images_test/58254.jpg,0.6496
58255,,Clutches,,,A2_FashionDataset/FashionDataset/test/images_test/58255.jpg,0.8525
58256,,Wallets,,,A2_FashionDataset/FashionDataset/test/images_test/58256.jpg,0.4705
58257,,Wallets,,,A2_FashionDataset/FashionDataset/test/images_test/58257.jpg,0.8795
58258,,Wallets,,,A2_FashionDataset/FashionDataset/test/images_test/58258.jpg,0.9098
58259,,Laptop Bag,,,A2_FashionDataset/FashionDataset/test/images_test/58259.jpg,0.3714
58260,,Wallets,,,A2_FashionDataset/FashionDataset/test/images_test/58260.jpg,0.4755
58261,,Wallets,,,A2_FashionDataset/FashionDataset/test/images_test/58261.jpg,0.4671
58262,,Clutches,,,A2_FashionDataset/FashionDataset/test/images_test/58262.jpg,0.6896
58263,,Clutches,,,A2_FashionDataset/FashionDataset/test/images_test/58263.jpg,0.2556
58264,,Handbags,,,A2_FashionDataset/FashionDataset/test/images_test/58264.jpg,0.8606
58265,,Handbags,,,A2_FashionDataset/FashionDataset/test/images_test/58265.jpg,0.8786
58266,,Handbags,,,A2_FashionDataset/FashionDataset/test/images_test/58266.jpg,0.8593
58267,,Handbags,,,A2_FashionDataset/FashionDataset/test/images_test/58267.jpg,0.8272
58268,,Handbags,,,A2_FashionDataset/FashionDataset/test/images_test/58268.jpg,0.9525
58269,,Handbags,,,A2_FashionDataset/FashionDataset/test/images_test/58269.jpg,0.9429
58270,,Clutches,,,A2_FashionDataset/FashionDataset/test/images_test/58270.jpg,0.9954
58271,,Handbags,,,A2_FashionDataset/FashionDataset/test/images_test/58271.jpg,0.3626
58272,,Messenger Bag,,,A2_FashionDataset/FashionDataset/test/images_test/58272.jpg,0.3613
58273,,Handbags,,,A2_FashionDataset/FashionDataset/test/images_test/58273.jpg,0.9589
58274,,Handbags,,,A2_FashionDataset/FashionDataset/test/images_test/58274.jpg,0.889
58275,,Handbags,,,A2_FashionDataset/FashionDataset/test/images_test/58275.jpg,0.7998
58276,,Handbags,,,A2_FashionDataset/FashionDataset/test/images_test/58276.jpg,0.8708
58277,,Handbags,,,A2_FashionDataset/FashionDataset/test/images_test/58277.jpg,0.971
58278,,Handbags,,,A2_FashionDataset/FashionDataset/test/images_test/58278.jpg,0.8266
58279,,Handbags,,,A2_FashionDataset/FashionDataset/test/images_test/58279.jpg,0.6898
58280,,Handbags,,,A2_FashionDataset/FashionDataset/test/images_test/58280.jpg,0.9199
58281,,Perfume and Body Mist,,,A2_FashionDataset/FashionDataset/test/images_test/58281.jpg,0.3008
58282,,Camisoles,,,A2_FashionDataset/FashionDataset/test/images_test/58282.jpg,0.1447
58283,,Clutches,,,A2_FashionDataset/FashionDataset/test/images_test/58283.jpg,0.8616
58284,,Clutches,,,A2_FashionDataset/FashionDataset/test/images_test/58284.jpg,0.8352
58286,,Briefs,,,A2_FashionDataset/FashionDataset/test/images_test/58286.jpg,0.9017
58291,,Socks,,,A2_FashionDataset/FashionDataset/test/images_test/58291.jpg,0.7715
58292,,Socks,,,A2_FashionDataset/FashionDataset/test/images_test/58292.jpg,0.9136
58293,,Socks,,,A2_FashionDataset/FashionDataset/test/images_test/58293.jpg,0.9318
58294,,Socks,,,A2_FashionDataset/FashionDataset/test/images_test/58294.jpg,0.7404
58295,,Socks,,,A2_FashionDataset/FashionDataset/test/images_test/58295.jpg,0.8839
58296,,Socks,,,A2_FashionDataset/FashionDataset/test/images_test/58296.jpg,0.7216
58297,,Socks,,,A2_FashionDataset/FashionDataset/test/images_test/58297.jpg,0.913
58298,,Socks,,,A2_FashionDataset/FashionDataset/test/images_test/58298.jpg,0.8861
58299,,Socks,,,A2_FashionDataset/FashionDataset/test/images_test/58299.jpg,0.9496
58300,,Socks,,,A2_FashionDataset/FashionDataset/test/images_test/58300.jpg,0.8994
58301,,Socks,,,A2_FashionDataset/FashionDataset/test/images_test/58301.jpg,0.8426
58304,,Socks,,,A2_FashionDataset/FashionDataset/test/images_test/58304.jpg,0.903
58305,,Socks,,,A2_FashionDataset/FashionDataset/test/images_test/58305.jpg,0.959
58306,,Socks,,,A2_FashionDataset/FashionDataset/test/images_test/58306.jpg,0.9768
58307,,Socks,,,A2_FashionDataset/FashionDataset/test/images_test/58307.jpg,0.9423
58308,,Socks,,,A2_FashionDataset/FashionDataset/test/images_test/58308.jpg,0.9306
58309,,Socks,,,A2_FashionDataset/FashionDataset/test/images_test/58309.jpg,0.9562
58310,,Socks,,,A2_FashionDataset/FashionDataset/test/images_test/58310.jpg,0.9527
58311,,Socks,,,A2_FashionDataset/FashionDataset/test/images_test/58311.jpg,0.8952
58312,,Socks,,,A2_FashionDataset/FashionDataset/test/images_test/58312.jpg,0.8437
58313,,Socks,,,A2_FashionDataset/FashionDataset/test/images_test/58313.jpg,0.9722
58314,,Socks,,,A2_FashionDataset/FashionDataset/test/images_test/58314.jpg,0.9019
58315,,Socks,,,A2_FashionDataset/FashionDataset/test/images_test/58315.jpg,0.9512
58316,,Socks,,,A2_FashionDataset/FashionDataset/test/images_test/58316.jpg,0.9747
58317,,Socks,,,A2_FashionDataset/FashionDataset/test/images_test/58317.jpg,0.8917
58318,,Socks,,,A2_FashionDataset/FashionDataset/test/images_test/58318.jpg,0.8541
58319,,Socks,,,A2_FashionDataset/FashionDataset/test/images_test/58319.jpg,0.9224
58320,,Socks,,,A2_FashionDataset/FashionDataset/test/images_test/58320.jpg,0.9205
58321,,Socks,,,A2_FashionDataset/FashionDataset/test/images_test/58321.jpg,0.9137
58322,,Socks,,,A2_FashionDataset/FashionDataset/test/images_test/58322.jpg,0.9217
58323,,Socks,,,A2_FashionDataset/FashionDataset/test/images_test/58323.jpg,0.9641
58324,,Flip Flops,,,A2_FashionDataset/FashionDataset/test/images_test/58324.jpg,0.7321
58325,,Flip Flops,,,A2_FashionDataset/FashionDataset/test/images_test/58325.jpg,0.7968
58326,,Heels,,,A2_FashionDataset/FashionDataset/test/images_test/58326.jpg,0.3897
58327,,Flip Flops,,,A2_FashionDataset/FashionDataset/test/images_test/58327.jpg,0.5443
58328,,Flip Flops,,,A2_FashionDataset/FashionDataset/test/images_test/58328.jpg,0.8989
58329,,Flip Flops,,,A2_FashionDataset/FashionDataset/test/images_test/58329.jpg,0.9668
58330,,Flip Flops,,,A2_FashionDataset/FashionDataset/test/images_test/58330.jpg,0.8548
58331,,Flip Flops,,,A2_FashionDataset/FashionDataset/test/images_test/58331.jpg,0.602
58332,,Flip Flops,,,A2_FashionDataset/FashionDataset/test/images_test/58332.jpg,0.3877
58333,,Flip Flops,,,A2_FashionDataset/FashionDataset/test/images_test/58333.jpg,0.5018
58334,,Flip Flops,,,A2_FashionDataset/FashionDataset/test/images_test/58334.jpg,0.8619
58335,,Flip Flops,,,A2_FashionDataset/FashionDataset/test/images_test/58335.jpg,0.6635
58336,,Flip Flops,,,A2_FashionDataset/FashionDataset/test/images_test/58336.jpg,0.9383
58337,,Heels,,,A2_FashionDataset/FashionDataset/test/images_test/58337.jpg,0.5908
58338,,Flip Flops,,,A2_FashionDataset/FashionDataset/test/images_test/58338.jpg,0.4541
58339,,Flip Flops,,,A2_FashionDataset/FashionDataset/test/images_test/58339.jpg,0.6794
58340,,Flip Flops,,,A2_FashionDataset/FashionDataset/test/images_test/58340.jpg,0.9216
58349,,Tshirts,,,A2_FashionDataset/FashionDataset/test/images_test/58349.jpg,0.6724
58351,,Tshirts,,,A2_FashionDataset/FashionDataset/test/images_test/58351.jpg,0.7566
58357,,Tshirts,,,A2_FashionDataset/FashionDataset/test/images_test/58357.jpg,0.7876
58358,,Tshirts,,,A2_FashionDataset/FashionDataset/test/images_test/58358.jpg,0.6826
58372,,Innerwear Vests,,,A2_FashionDataset/FashionDataset/test/images_test/58372.jpg,0.1836
58375,,Tshirts,,,A2_FashionDataset/FashionDataset/test/images_test/58375.jpg,0.84
58381,,Tshirts,,,A2_FashionDataset/FashionDataset/test/images_test/58381.jpg,0.7299
58385,,Tshirts,,,A2_FashionDataset/FashionDataset/test/images_test/58385.jpg,0.6708
58394,,Shirts,,,A2_FashionDataset/FashionDataset/test/images_test/58394.jpg,0.3081
58395,,Shirts,,,A2_FashionDataset/FashionDataset/test/images_test/58395.jpg,0.5596
58411,,Jeans,,,A2_FashionDataset/FashionDataset/test/images_test/58411.jpg,0.9171
58418,,Jeans,,,A2_FashionDataset/FashionDataset/test/images_test/58418.jpg,0.984
58425,,Kurtas,,,A2_FashionDataset/FashionDataset/test/images_test/58425.jpg,0.775
58439,,Dresses,,,A2_FashionDataset/FashionDataset/test/images_test/58439.jpg,0.7445
58444,,Watches,,,A2_FashionDataset/FashionDataset/test/images_test/58444.jpg,0.8435
58445,,Watches,,,A2_FashionDataset/FashionDataset/test/images_test/58445.jpg,0.878
58446,,Kurtis,,,A2_FashionDataset/FashionDataset/test/images_test/58446.jpg,0.1774
58447,,Watches,,,A2_FashionDataset/FashionDataset/test/images_test/58447.jpg,0.7778
58448,,Watches,,,A2_FashionDataset/FashionDataset/test/images_test/58448.jpg,0.9034
58449,,Watches,,,A2_FashionDataset/FashionDataset/test/images_test/58449.jpg,0.8337
58450,,Watches,,,A2_FashionDataset/FashionDataset/test/images_test/58450.jpg,0.8755
58451,,Watches,,,A2_FashionDataset/FashionDataset/test/images_test/58451.jpg,0.8943
58452,,Watches,,,A2_FashionDataset/FashionDataset/test/images_test/58452.jpg,0.8486
58453,,Watches,,,A2_FashionDataset/FashionDataset/test/images_test/58453.jpg,0.8007
58454,,Watches,,,A2_FashionDataset/FashionDataset/test/images_test/58454.jpg,0.9055
58455,,Watches,,,A2_FashionDataset/FashionDataset/test/images_test/58455.jpg,0.8879
58456,,Watches,,,A2_FashionDataset/FashionDataset/test/images_test/58456.jpg,0.9026
58458,,Tshirts,,,A2_FashionDataset/FashionDataset/test/images_test/58458.jpg,0.7794
58459,,Tshirts,,,A2_FashionDataset/FashionDataset/test/images_test/58459.jpg,0.8247
58460,,Tshirts,,,A2_FashionDataset/FashionDataset/test/images_test/58460.jpg,0.8917
58463,,Belts,,,A2_FashionDataset/FashionDataset/test/images_test/58463.jpg,0.8653
58464,,Belts,,,A2_FashionDataset/FashionDataset/test/images_test/58464.jpg,0.9105
58465,,Belts,,,A2_FashionDataset/FashionDataset/test/images_test/58465.jpg,0.9209
58466,,Belts,,,A2_FashionDataset/FashionDataset/test/images_test/58466.jpg,0.9135
58467,,Belts,,,A2_FashionDataset/FashionDataset/test/images_test/58467.jpg,0.8871
58468,,Belts,,,A2_FashionDataset/FashionDataset/test/images_test/58468.jpg,0.8927
58470,,Wallets,,,A2_FashionDataset/FashionDataset/test/images_test/58470.jpg,0.3714
58471,,Wallets,,,A2_FashionDataset/FashionDataset/test/images_test/58471.jpg,0.9387
58472,,Wallets,,,A2_FashionDataset/FashionDataset/test/images_test/58472.jpg,0.9229
58473,,Wallets,,,A2_FashionDataset/FashionDataset/test/images_test/58473.jpg,0.8763
58474,,Wallets,,,A2_FashionDataset/FashionDataset/test/images_test/58474.jpg,0.9713
58475,,Wallets,,,A2_FashionDataset/FashionDataset/test/images_test/58475.jpg,0.9074
58476,,Wallets,,,A2_FashionDataset/FashionDataset/test/images_test/58476.jpg,0.9579
58477,,Wallets,,,A2_FashionDataset/FashionDataset/test/images_test/58477.jpg,0.9361
58478,,Wallets,,,A2_FashionDataset/FashionDataset/test/images_test/58478.jpg,0.9683
58479,,Wallets,,,A2_FashionDataset/FashionDataset/test/images_test/58479.jpg,0.945
58480,,Wallets,,,A2_FashionDataset/FashionDataset/test/images_test/58480.jpg,0.9041
58481,,Wallets,,,A2_FashionDataset/FashionDataset/test/images_test/58481.jpg,0.8376
58482,,Wallets,,,A2_FashionDataset/FashionDataset/test/images_test/58482.jpg,0.9565
58483,,Wallets,,,A2_FashionDataset/FashionDataset/test/images_test/58483.jpg,0.8678
58484,,Wallets,,,A2_FashionDataset/FashionDataset/test/images_test/58484.jpg,0.8098
58485,,Wallets,,,A2_FashionDataset/FashionDataset/test/images_test/58485.jpg,0.9488
58486,,Wallets,,,A2_FashionDataset/FashionDataset/test/images_test/58486.jpg,0.8954
58487,,Wallets,,,A2_FashionDataset/FashionDataset/test/images_test/58487.jpg,0.878
58488,,Heels,,,A2_FashionDataset/FashionDataset/test/images_test/58488.jpg,0.8499
58489,,Dresses,,,A2_FashionDataset/FashionDataset/test/images_test/58489.jpg,0.997
58490,,Tops,,,A2_FashionDataset/FashionDataset/test/images_test/58490.jpg,0.1715
58491,,Capris,,,A2_FashionDataset/FashionDataset/test/images_test/58491.jpg,0.2826
58492,,Dresses,,,A2_FashionDataset/FashionDataset/test/images_test/58492.jpg,0.8538
58493,,Dresses,,,A2_FashionDataset/FashionDataset/test/images_test/58493.jpg,0.937
58494,,Sarees,,,A2_FashionDataset/FashionDataset/test/images_test/58494.jpg,0.5961
58495,,Tops,,,A2_FashionDataset/FashionDataset/test/images_test/58495.jpg,0.7956
58496,,Tshirts,,,A2_FashionDataset/FashionDataset/test/images_test/58496.jpg,0.6198
58497,,Tops,,,A2_FashionDataset/FashionDataset/test/images_test/58497.jpg,0.9066
58498,,Tops,,,A2_FashionDataset/FashionDataset/test/images_test/58498.jpg,0.636
58499,,Dresses,,,A2_FashionDataset/FashionDataset/test/images_test/58499.jpg,0.7359
58500,,Dresses,,,A2_FashionDataset/FashionDataset/test/images_test/58500.jpg,0.3959
58501,,Tops,,,A2_FashionDataset/FashionDataset/test/images_test/58501.jpg,0.4016
58502,,Kurtis,,,A2_FashionDataset/FashionDataset/test/images_test/58502.jpg,0.1456
58503,,Dresses,,,A2_FashionDataset/FashionDataset/test/images_test/58503.jpg,0.8487
58504,,Dresses,,,A2_FashionDataset/FashionDataset/test/images_test/58504.jpg,0.9459
58505,,Dresses,,,A2_FashionDataset/FashionDataset/test/images_test/58505.jpg,0.7898
58506,,Dresses,,,A2_FashionDataset/FashionDataset/test/images_test/58506.jpg,0.4794
58507,,Tops,,,A2_FashionDataset/FashionDataset/test/images_test/58507.jpg,0.2844
58508,,Tops,,,A2_FashionDataset/FashionDataset/test/images_test/58508.jpg,0.2561
58509,,Dresses,,,A2_FashionDataset/FashionDataset/test/images_test/58509.jpg,0.8612
58510,,Tops,,,A2_FashionDataset/FashionDataset/test/images_test/58510.jpg,0.8886
58511,,Tops,,,A2_FashionDataset/FashionDataset/test/images_test/58511.jpg,0.4203
58512,,Tops,,,A2_FashionDataset/FashionDataset/test/images_test/58512.jpg,0.7961
58513,,Tops,,,A2_FashionDataset/FashionDataset/test/images_test/58513.jpg,0.3919
58514,,Tops,,,A2_FashionDataset/FashionDataset/test/images_test/58514.jpg,0.3859
58515,,Tops,,,A2_FashionDataset/FashionDataset/test/images_test/58515.jpg,0.9375
58516,,Tops,,,A2_FashionDataset/FashionDataset/test/images_test/58516.jpg,0.4983
58517,,Tops,,,A2_FashionDataset/FashionDataset/test/images_test/58517.jpg,0.7741
58518,,Tops,,,A2_FashionDataset/FashionDataset/test/images_test/58518.jpg,0.3476
58519,,Pendant,,,A2_FashionDataset/FashionDataset/test/images_test/58519.jpg,0.5238
58520,,Dresses,,,A2_FashionDataset/FashionDataset/test/images_test/58520.jpg,0.4031
58521,,Socks,,,A2_FashionDataset/FashionDataset/test/images_test/58521.jpg,0.397
58522,,Travel Accessory,,,A2_FashionDataset/FashionDataset/test/images_test/58522.jpg,0.2569
58523,,Clutches,,,A2_FashionDataset/FashionDataset/test/images_test/58523.jpg,0.4094
58524,,Mobile Pouch,,,A2_FashionDataset/FashionDataset/test/images_test/58524.jpg,0.647
58525,,Clutches,,,A2_FashionDataset/FashionDataset/test/images_test/58525.jpg,0.2167
58526,,Jackets,,,A2_FashionDataset/FashionDataset/test/images_test/58526.jpg,0.842
58527,,Sunglasses,,,A2_FashionDataset/FashionDataset/test/images_test/58527.jpg,0.8769
58528,,Sunglasses,,,A2_FashionDataset/FashionDataset/test/images_test/58528.jpg,0.8451
58529,,Sunglasses,,,A2_FashionDataset/FashionDataset/test/images_test/58529.jpg,0.7802
58530,,Sunglasses,,,A2_FashionDataset/FashionDataset/test/images_test/58530.jpg,0.8636
58531,,Sunglasses,,,A2_FashionDataset/FashionDataset/test/images_test/58531.jpg,0.8668
58532,,Sunglasses,,,A2_FashionDataset/FashionDataset/test/images_test/58532.jpg,0.8522
58533,,Sunglasses,,,A2_FashionDataset/FashionDataset/test/images_test/58533.jpg,0.9096
58534,,Sunglasses,,,A2_FashionDataset/FashionDataset/test/images_test/58534.jpg,0.73
58535,,Sunglasses,,,A2_FashionDataset/FashionDataset/test/images_test/58535.jpg,0.7126
58536,,Sunglasses,,,A2_FashionDataset/FashionDataset/test/images_test/58536.jpg,0.9004
58537,,Sunglasses,,,A2_FashionDataset/FashionDataset/test/images_test/58537.jpg,0.908
58538,,Sunglasses,,,A2_FashionDataset/FashionDataset/test/images_test/58538.jpg,0.7287
58539,,Sunglasses,,,A2_FashionDataset/FashionDataset/test/images_test/58539.jpg,0.9237
58540,,Sunglasses,,,A2_FashionDataset/FashionDataset/test/images_test/58540.jpg,0.8954
58541,,Sunglasses,,,A2_FashionDataset/FashionDataset/test/images_test/58541.jpg,0.8809
58542,,Sunglasses,,,A2_FashionDataset/FashionDataset/test/images_test/58542.jpg,0.8881
58543,,Sunglasses,,,A2_FashionDataset/FashionDataset/test/images_test/58543.jpg,0.9198
58544,,Sunglasses,,,A2_FashionDataset/FashionDataset/test/images_test/58544.jpg,0.886
58545,,Sunglasses,,,A2_FashionDataset/FashionDataset/test/images_test/58545.jpg,0.9201
58546,,Sunglasses,,,A2_FashionDataset/FashionDataset/test/images_test/58546.jpg,0.9171
58547,,Sunglasses,,,A2_FashionDataset/FashionDataset/test/images_test/58547.jpg,0.8973
58548,,Sunglasses,,,A2_FashionDataset/FashionDataset/test/images_test/58548.jpg,0.9076
58549,,Sunglasses,,,A2_FashionDataset/FashionDataset/test/images_test/58549.jpg,0.8148
58550,,Sunglasses,,,A2_FashionDataset/FashionDataset/test/images_test/58550.jpg,0.858
58551,,Sunglasses,,,A2_FashionDataset/FashionDataset/test/images_test/58551.jpg,0.9184
58552,,Sunglasses,,,A2_FashionDataset/FashionDataset/test/images_test/58552.jpg,0.8382
58553,,Sunglasses,,,A2_FashionDataset/FashionDataset/test/images_test/58553.jpg,0.928
58555,,Formal Shoes,,,A2_FashionDataset/FashionDataset/test/images_test/58555.jpg,0.9609
58559,,Tshirts,,,A2_FashionDataset/FashionDataset/test/images_test/58559.jpg,0.7717
58560,,Jeans,,,A2_FashionDataset/FashionDataset/test/images_test/58560.jpg,0.2189
58561,,Jeans,,,A2_FashionDataset/FashionDataset/test/images_test/58561.jpg,0.7852
58562,,Capris,,,A2_FashionDataset/FashionDataset/test/images_test/58562.jpg,0.3941
58563,,Shirts,,,A2_FashionDataset/FashionDataset/test/images_test/58563.jpg,0.7505
58565,,Tshirts,,,A2_FashionDataset/FashionDataset/test/images_test/58565.jpg,0.2713
58566,,Tshirts,,,A2_FashionDataset/FashionDataset/test/images_test/58566.jpg,0.8461
58567,,Jumpsuit,,,A2_FashionDataset/FashionDataset/test/images_test/58567.jpg,0.2934
58569,,Tshirts,,,A2_FashionDataset/FashionDataset/test/images_test/58569.jpg,0.8173
58570,,Tshirts,,,A2_FashionDataset/FashionDataset/test/images_test/58570.jpg,0.6969
58571,,Shorts,,,A2_FashionDataset/FashionDataset/test/images_test/58571.jpg,0.9833
58573,,Tshirts,,,A2_FashionDataset/FashionDataset/test/images_test/58573.jpg,0.4746
58574,,Tops,,,A2_FashionDataset/FashionDataset/test/images_test/58574.jpg,0.5034
58576,,Tshirts,,,A2_FashionDataset/FashionDataset/test/images_test/58576.jpg,0.5352
58577,,Tshirts,,,A2_FashionDataset/FashionDataset/test/images_test/58577.jpg,0.6931
58581,,Ring,,,A2_FashionDataset/FashionDataset/test/images_test/58581.jpg,0.2069
58586,,Necklace and Chains,,,A2_FashionDataset/FashionDataset/test/images_test/58586.jpg,0.7126
58588,,Pendant,,,A2_FashionDataset/FashionDataset/test/images_test/58588.jpg,0.6164
58589,,Necklace and Chains,,,A2_FashionDataset/FashionDataset/test/images_test/58589.jpg,0.897
58590,,Necklace and Chains,,,A2_FashionDataset/FashionDataset/test/images_test/58590.jpg,0.984
58591,,Necklace and Chains,,,A2_FashionDataset/FashionDataset/test/images_test/58591.jpg,0.5981
58600,,Earrings,,,A2_FashionDataset/FashionDataset/test/images_test/58600.jpg,0.1633
58603,,Earrings,,,A2_FashionDataset/FashionDataset/test/images_test/58603.jpg,0.6293
58605,,Earrings,,,A2_FashionDataset/FashionDataset/test/images_test/58605.jpg,0.9771
58606,,Earrings,,,A2_FashionDataset/FashionDataset/test/images_test/58606.jpg,0.9632
58607,,Earrings,,,A2_FashionDataset/FashionDataset/test/images_test/58607.jpg,0.9198
58608,,Earrings,,,A2_FashionDataset/FashionDataset/test/images_test/58608.jpg,0.9798
58609,,Earrings,,,A2_FashionDataset/FashionDataset/test/images_test/58609.jpg,0.9621
58610,,Earrings,,,A2_FashionDataset/FashionDataset/test/images_test/58610.jpg,0.9629
58611,,Earrings,,,A2_FashionDataset/FashionDataset/test/images_test/58611.jpg,0.8749
58612,,Earrings,,,A2_FashionDataset/FashionDataset/test/images_test/58612.jpg,0.9514
58614,,Earrings,,,A2_FashionDataset/FashionDataset/test/images_test/58614.jpg,0.6353
58615,,Earrings,,,A2_FashionDataset/FashionDataset/test/images_test/58615.jpg,0.6646
58616,,Earrings,,,A2_FashionDataset/FashionDataset/test/images_test/58616.jpg,0.9288
58618,,Earrings,,,A2_FashionDataset/FashionDataset/test/images_test/58618.jpg,0.9817
58619,,Earrings,,,A2_FashionDataset/FashionDataset/test/images_test/58619.jpg,0.9286
58620,,Earrings,,,A2_FashionDataset/FashionDataset/test/images_test/58620.jpg,0.9677
58621,,Earrings,,,A2_FashionDataset/FashionDataset/test/images_test/58621.jpg,0.8091
58622,,Messenger Bag,,,A2_FashionDataset/FashionDataset/test/images_test/58622.jpg,0.1303
58624,,Basketballs,,,A2_FashionDataset/FashionDataset/test/images_test/58624.jpg,0.2091
58625,,Bangle,,,A2_FashionDataset/FashionDataset/test/images_test/58625.jpg,0.5725
58626,,Belts,,,A2_FashionDataset/FashionDataset/test/images_test/58626.jpg,0.459
58627,,Caps,,,A2_FashionDataset/FashionDataset/test/images_test/58627.jpg,0.2497
58628,,Belts,,,A2_FashionDataset/FashionDataset/test/images_test/58628.jpg,0.3839
58629,,Belts,,,A2_FashionDataset/FashionDataset/test/images_test/58629.jpg,0.1305
58634,,Socks,,,A2_FashionDataset/FashionDataset/test/images_test/58634.jpg,0.6822
58635,,Socks,,,A2_FashionDataset/FashionDataset/test/images_test/58635.jpg,0.9569
58636,,Socks,,,A2_FashionDataset/FashionDataset/test/images_test/58636.jpg,0.8644
58637,,Socks,,,A2_FashionDataset/FashionDataset/test/images_test/58637.jpg,0.957
58638,,Socks,,,A2_FashionDataset/FashionDataset/test/images_test/58638.jpg,0.9716
58639,,Socks,,,A2_FashionDataset/FashionDataset/test/images_test/58639.jpg,0.872
58640,,Socks,,,A2_FashionDataset/FashionDataset/test/images_test/58640.jpg,0.9402
58641,,Socks,,,A2_FashionDataset/FashionDataset/test/images_test/58641.jpg,0.937
58642,,Socks,,,A2_FashionDataset/FashionDataset/test/images_test/58642.jpg,0.9403
58643,,Kurtas,,,A2_FashionDataset/FashionDataset/test/images_test/58643.jpg,0.9094
58644,,Kurtas,,,A2_FashionDataset/FashionDataset/test/images_test/58644.jpg,0.2778
58645,,Kurtas,,,A2_FashionDataset/FashionDataset/test/images_test/58645.jpg,0.8778
58646,,Kurtas,,,A2_FashionDataset/FashionDataset/test/images_test/58646.jpg,0.4196
58647,,Kurtas,,,A2_FashionDataset/FashionDataset/test/images_test/58647.jpg,0.574
58648,,Kurtas,,,A2_FashionDataset/FashionDataset/test/images_test/58648.jpg,0.5778
58652,,Kurtas,,,A2_FashionDataset/FashionDataset/test/images_test/58652.jpg,0.9298
58653,,Kurtas,,,A2_FashionDataset/FashionDataset/test/images_test/58653.jpg,0.4042
58654,,Kurtas,,,A2_FashionDataset/FashionDataset/test/images_test/58654.jpg,0.8843
58655,,Kurtas,,,A2_FashionDataset/FashionDataset/test/images_test/58655.jpg,0.7643
58656,,Kurtas,,,A2_FashionDataset/FashionDataset/test/images_test/58656.jpg,0.7323
58657,,Tunics,,,A2_FashionDataset/FashionDataset/test/images_test/58657.jpg,0.8697
58658,,Kurtas,,,A2_FashionDataset/FashionDataset/test/images_test/58658.jpg,0.8148
58659,,Kurtas,,,A2_FashionDataset/FashionDataset/test/images_test/58659.jpg,0.3394
58660,,Tunics,,,A2_FashionDataset/FashionDataset/test/images_test/58660.jpg,0.7118
58661,,Kurtas,,,A2_FashionDataset/FashionDataset/test/images_test/58661.jpg,0.5009
58662,,Kurtas,,,A2_FashionDataset/FashionDataset/test/images_test/58662.jpg,0.4858
58663,,Tunics,,,A2_FashionDataset/FashionDataset/test/images_test/58663.jpg,0.7335
58664,,Kurtas,,,A2_FashionDataset/FashionDataset/test/images_test/58664.jpg,0.9032
58666,,Kurtas,,,A2_FashionDataset/FashionDataset/test/images_test/58666.jpg,0.7028
58667,,Kurtas,,,A2_FashionDataset/FashionDataset/test/images_test/58667.jpg,0.8535
58668,,Stoles,,,A2_FashionDataset/FashionDataset/test/images_test/58668.jpg,0.0866
58669,,Kurtas,,,A2_FashionDataset/FashionDataset/test/images_test/58669.jpg,0.84
58670,,Dresses,,,A2_FashionDataset/FashionDataset/test/images_test/58670.jpg,0.5044
58671,,Kurtas,,,A2_FashionDataset/FashionDataset/test/images_test/58671.jpg,0.8924
58672,,Tunics,,,A2_FashionDataset/FashionDataset/test/images_test/58672.jpg,0.4706
58673,,Kurtas,,,A2_FashionDataset/FashionDataset/test/images_test/58673.jpg,0.9443
58674,,Kurtas,,,A2_FashionDataset/FashionDataset/test/images_test/58674.jpg,0.8781
58675,,Kurtas,,,A2_FashionDataset/FashionDataset/test/images_test/58675.jpg,0.8939
58676,,Kurtas,,,A2_FashionDataset/FashionDataset/test/images_test/58676.jpg,0.9488
58677,,Tunics,,,A2_FashionDataset/FashionDataset/test/images_test/58677.jpg,0.4057
58678,,Kurtas,,,A2_FashionDataset/FashionDataset/test/images_test/58678.jpg,0.369
58680,,Tunics,,,A2_FashionDataset/FashionDataset/test/images_test/58680.jpg,0.5309
58681,,Kurtas,,,A2_FashionDataset/FashionDataset/test/images_test/58681.jpg,0.8704
58682,,Kurtas,,,A2_FashionDataset/FashionDataset/test/images_test/58682.jpg,0.6809
58683,,Kurtas,,,A2_FashionDataset/FashionDataset/test/images_test/58683.jpg,0.545
58684,,Kurtas,,,A2_FashionDataset/FashionDataset/test/images_test/58684.jpg,0.6711
58685,,Nightdress,,,A2_FashionDataset/FashionDataset/test/images_test/58685.jpg,0.2096
58686,,Kurtas,,,A2_FashionDataset/FashionDataset/test/images_test/58686.jpg,0.2445
58687,,Stoles,,,A2_FashionDataset/FashionDataset/test/images_test/58687.jpg,0.2594
58689,,Kurtas,,,A2_FashionDataset/FashionDataset/test/images_test/58689.jpg,0.6179
58690,,Tunics,,,A2_FashionDataset/FashionDataset/test/images_test/58690.jpg,0.5636
58691,,Tunics,,,A2_FashionDataset/FashionDataset/test/images_test/58691.jpg,0.8326
58692,,Kurtas,,,A2_FashionDataset/FashionDataset/test/images_test/58692.jpg,0.8602
58693,,Kurtas,,,A2_FashionDataset/FashionDataset/test/images_test/58693.jpg,0.5624
58694,,Kurtas,,,A2_FashionDataset/FashionDataset/test/images_test/58694.jpg,0.7385
58695,,Kurtas,,,A2_FashionDataset/FashionDataset/test/images_test/58695.jpg,0.7645
58696,,Kurtas,,,A2_FashionDataset/FashionDataset/test/images_test/58696.jpg,0.344
58698,,Kurtas,,,A2_FashionDataset/FashionDataset/test/images_test/58698.jpg,0.7211
58700,,Tunics,,,A2_FashionDataset/FashionDataset/test/images_test/58700.jpg,0.9077
58701,,Kurtas,,,A2_FashionDataset/FashionDataset/test/images_test/58701.jpg,0.8526
58702,,Kurtis,,,A2_FashionDataset/FashionDataset/test/images_test/58702.jpg,0.4077
58703,,Kurtas,,,A2_FashionDataset/FashionDataset/test/images_test/58703.jpg,0.345
58718,,Tunics,,,A2_FashionDataset/FashionDataset/test/images_test/58718.jpg,0.5219
58719,,Kurtas,,,A2_FashionDataset/FashionDataset/test/images_test/58719.jpg,0.673
58720,,Tshirts,,,A2_FashionDataset/FashionDataset/test/images_test/58720.jpg,0.7077
58722,,Tshirts,,,A2_FashionDataset/FashionDataset/test/images_test/58722.jpg,0.7446
58723,,Tshirts,,,A2_FashionDataset/FashionDataset/test/images_test/58723.jpg,0.7963
58724,,Tshirts,,,A2_FashionDataset/FashionDataset/test/images_test/58724.jpg,0.7351
58725,,Tshirts,,,A2_FashionDataset/FashionDataset/test/images_test/58725.jpg,0.65
58726,,Tshirts,,,A2_FashionDataset/FashionDataset/test/images_test/58726.jpg,0.7483
58727,,Tshirts,,,A2_FashionDataset/FashionDataset/test/images_test/58727.jpg,0.6888
58728,,Tshirts,,,A2_FashionDataset/FashionDataset/test/images_test/58728.jpg,0.445
58729,,Tops,,,A2_FashionDataset/FashionDataset/test/images_test/58729.jpg,0.5643
58730,,Tshirts,,,A2_FashionDataset/FashionDataset/test/images_test/58730.jpg,0.7783
58731,,Tops,,,A2_FashionDataset/FashionDataset/test/images_test/58731.jpg,0.4394
58732,,Tshirts,,,A2_FashionDataset/FashionDataset/test/images_test/58732.jpg,0.7854
58734,,Tshirts,,,A2_FashionDataset/FashionDataset/test/images_test/58734.jpg,0.8227
58735,,Tops,,,A2_FashionDataset/FashionDataset/test/images_test/58735.jpg,0.4131
58736,,Capris,,,A2_FashionDataset/FashionDataset/test/images_test/58736.jpg,0.41
58737,,Tops,,,A2_FashionDataset/FashionDataset/test/images_test/58737.jpg,0.8993
58738,,Tops,,,A2_FashionDataset/FashionDataset/test/images_test/58738.jpg,0.9575
58740,,Shirts,,,A2_FashionDataset/FashionDataset/test/images_test/58740.jpg,0.3097
58741,,Tshirts,,,A2_FashionDataset/FashionDataset/test/images_test/58741.jpg,0.8012
58742,,Tshirts,,,A2_FashionDataset/FashionDataset/test/images_test/58742.jpg,0.2068
58743,,Tshirts,,,A2_FashionDataset/FashionDataset/test/images_test/58743.jpg,0.7796
58744,,Tshirts,,,A2_FashionDataset/FashionDataset/test/images_test/58744.jpg,0.8017
58745,,Socks,,,A2_FashionDataset/FashionDataset/test/images_test/58745.jpg,0.5488
58765,,Kurtis,,,A2_FashionDataset/FashionDataset/test/images_test/58765.jpg,0.1517
58770,,Shirts,,,A2_FashionDataset/FashionDataset/test/images_test/58770.jpg,0.7414
58793,,Shirts,,,A2_FashionDataset/FashionDataset/test/images_test/58793.jpg,0.8916
58794,,Shirts,,,A2_FashionDataset/FashionDataset/test/images_test/58794.jpg,0.8073
58795,,Shirts,,,A2_FashionDataset/FashionDataset/test/images_test/58795.jpg,0.8943
58796,,Shirts,,,A2_FashionDataset/FashionDataset/test/images_test/58796.jpg,0.8351
58797,,Shirts,,,A2_FashionDataset/FashionDataset/test/images_test/58797.jpg,0.7159
58798,,Shirts,,,A2_FashionDataset/FashionDataset/test/images_test/58798.jpg,0.9214
58800,,Shirts,,,A2_FashionDataset/FashionDataset/test/images_test/58800.jpg,0.8422
58801,,Shirts,,,A2_FashionDataset/FashionDataset/test/images_test/58801.jpg,0.682
58802,,Shirts,,,A2_FashionDataset/FashionDataset/test/images_test/58802.jpg,0.7785
58805,,Shirts,,,A2_FashionDataset/FashionDataset/test/images_test/58805.jpg,0.8399
58807,,Shirts,,,A2_FashionDataset/FashionDataset/test/images_test/58807.jpg,0.2292
58808,,Shirts,,,A2_FashionDataset/FashionDataset/test/images_test/58808.jpg,0.6545
58809,,Shirts,,,A2_FashionDataset/FashionDataset/test/images_test/58809.jpg,0.879
58810,,Shirts,,,A2_FashionDataset/FashionDataset/test/images_test/58810.jpg,0.8113
58815,,Casual Shoes,,,A2_FashionDataset/FashionDataset/test/images_test/58815.jpg,0.4646
58816,,Casual Shoes,,,A2_FashionDataset/FashionDataset/test/images_test/58816.jpg,0.2497
58817,,Casual Shoes,,,A2_FashionDataset/FashionDataset/test/images_test/58817.jpg,0.7644
58818,,Flats,,,A2_FashionDataset/FashionDataset/test/images_test/58818.jpg,0.5613
58819,,Casual Shoes,,,A2_FashionDataset/FashionDataset/test/images_test/58819.jpg,0.8643
58820,,Sandals,,,A2_FashionDataset/FashionDataset/test/images_test/58820.jpg,0.8142
58821,,Watches,,,A2_FashionDataset/FashionDataset/test/images_test/58821.jpg,0.8653
58822,,Watches,,,A2_FashionDataset/FashionDataset/test/images_test/58822.jpg,0.8739
58823,,Watches,,,A2_FashionDataset/FashionDataset/test/images_test/58823.jpg,0.8245
58825,,Free Gifts,,,A2_FashionDataset/FashionDataset/test/images_test/58825.jpg,0.3459
58827,,Watches,,,A2_FashionDataset/FashionDataset/test/images_test/58827.jpg,0.8713
58828,,Watches,,,A2_FashionDataset/FashionDataset/test/images_test/58828.jpg,0.8772
58829,,Watches,,,A2_FashionDataset/FashionDataset/test/images_test/58829.jpg,0.8737
58830,,Watches,,,A2_FashionDataset/FashionDataset/test/images_test/58830.jpg,0.8781
58831,,Watches,,,A2_FashionDataset/FashionDataset/test/images_test/58831.jpg,0.839
58832,,Watches,,,A2_FashionDataset/FashionDataset/test/images_test/58832.jpg,0.8576
58833,,Earrings,,,A2_FashionDataset/FashionDataset/test/images_test/58833.jpg,0.0623
58834,,Casual Shoes,,,A2_FashionDataset/FashionDataset/test/images_test/58834.jpg,0.1523
58835,,Cufflinks,,,A2_FashionDataset/FashionDataset/test/images_test/58835.jpg,0.996
58836,,Cufflinks,,,A2_FashionDataset/FashionDataset/test/images_test/58836.jpg,0.8381
58837,,Cufflinks,,,A2_FashionDataset/FashionDataset/test/images_test/58837.jpg,0.926
58838,,Earrings,,,A2_FashionDataset/FashionDataset/test/images_test/58838.jpg,0.8642
58839,,Cufflinks,,,A2_FashionDataset/FashionDataset/test/images_test/58839.jpg,0.9904
58840,,Earrings,,,A2_FashionDataset/FashionDataset/test/images_test/58840.jpg,0.4229
58841,,Cufflinks,,,A2_FashionDataset/FashionDataset/test/images_test/58841.jpg,0.9764
58842,,Cufflinks,,,A2_FashionDataset/FashionDataset/test/images_test/58842.jpg,0.9761
58843,,Cufflinks,,,A2_FashionDataset/FashionDataset/test/images_test/58843.jpg,0.8684
58844,,Cufflinks,,,A2_FashionDataset/FashionDataset/test/images_test/58844.jpg,0.987
58845,,Cufflinks,,,A2_FashionDataset/FashionDataset/test/images_test/58845.jpg,0.9477
58846,,Cufflinks,,,A2_FashionDataset/FashionDataset/test/images_test/58846.jpg,0.908
58847,,Cufflinks,,,A2_FashionDataset/FashionDataset/test/images_test/58847.jpg,0.9684
58848,,Cufflinks,,,A2_FashionDataset/FashionDataset/test/images_test/58848.jpg,0.9895
58849,,Cufflinks,,,A2_FashionDataset/FashionDataset/test/images_test/58849.jpg,0.9825
58850,,Cufflinks,,,A2_FashionDataset/FashionDataset/test/images_test/58850.jpg,0.919
58851,,Cufflinks,,,A2_FashionDataset/FashionDataset/test/images_test/58851.jpg,0.8688
58852,,Cufflinks,,,A2_FashionDataset/FashionDataset/test/images_test/58852.jpg,0.965
58853,,Cufflinks,,,A2_FashionDataset/FashionDataset/test/images_test/58853.jpg,0.7621
58854,,Cufflinks,,,A2_FashionDataset/FashionDataset/test/images_test/58854.jpg,0.9943
58855,,Cufflinks,,,A2_FashionDataset/FashionDataset/test/images_test/58855.jpg,0.6664
58856,,Cufflinks,,,A2_FashionDataset/FashionDataset/test/images_test/58856.jpg,0.9377
58857,,Cufflinks,,,A2_FashionDataset/FashionDataset/test/images_test/58857.jpg,0.9374
58858,,Cufflinks,,,A2_FashionDataset/FashionDataset/test/images_test/58858.jpg,0.9911
58859,,Cufflinks,,,A2_FashionDataset/FashionDataset/test/images_test/58859.jpg,0.7096
58860,,Cufflinks,,,A2_FashionDataset/FashionDataset/test/images_test/58860.jpg,0.9935
58861,,Cufflinks,,,A2_FashionDataset/FashionDataset/test/images_test/58861.jpg,0.9819
58862,,Cufflinks,,,A2_FashionDataset/FashionDataset/test/images_test/58862.jpg,0.6423
58863,,Cufflinks,,,A2_FashionDataset/FashionDataset/test/images_test/58863.jpg,0.7015
58864,,Cufflinks,,,A2_FashionDataset/FashionDataset/test/images_test/58864.jpg,0.9301
58865,,Cufflinks,,,A2_FashionDataset/FashionDataset/test/images_test/58865.jpg,0.7861
58867,,Earrings,,,A2_FashionDataset/FashionDataset/test/images_test/58867.jpg,0.8273
58868,,Earrings,,,A2_FashionDataset/FashionDataset/test/images_test/58868.jpg,0.5413
58869,,Cufflinks,,,A2_FashionDataset/FashionDataset/test/images_test/58869.jpg,0.8178
58870,,Cufflinks,,,A2_FashionDataset/FashionDataset/test/images_test/58870.jpg,0.9839
58871,,Cufflinks,,,A2_FashionDataset/FashionDataset/test/images_test/58871.jpg,0.9181
58872,,Ties,,,A2_FashionDataset/FashionDataset/test/images_test/58872.jpg,0.9443
58873,,Ties,,,A2_FashionDataset/FashionDataset/test/images_test/58873.jpg,0.9539
58874,,Ties,,,A2_FashionDataset/FashionDataset/test/images_test/58874.jpg,0.9542
58875,,Ties,,,A2_FashionDataset/FashionDataset/test/images_test/58875.jpg,0.954
58876,,Ties,,,A2_FashionDataset/FashionDataset/test/images_test/58876.jpg,0.9689
58877,,Ties,,,A2_FashionDataset/FashionDataset/test/images_test/58877.jpg,0.9502
58878,,Ties,,,A2_FashionDataset/FashionDataset/test/images_test/58878.jpg,0.9678
58879,,Ties,,,A2_FashionDataset/FashionDataset/test/images_test/58879.jpg,0.9376
58880,,Ties,,,A2_FashionDataset/FashionDataset/test/images_test/58880.jpg,0.9639
58881,,Ties,,,A2_FashionDataset/FashionDataset/test/images_test/58881.jpg,0.9354
58882,,Ties,,,A2_FashionDataset/FashionDataset/test/images_test/58882.jpg,0.9406
58883,,Ties,,,A2_FashionDataset/FashionDataset/test/images_test/58883.jpg,0.9443
58884,,Ties,,,A2_FashionDataset/FashionDataset/test/images_test/58884.jpg,0.9354
58885,,Ties,,,A2_FashionDataset/FashionDataset/test/images_test/58885.jpg,0.9715
58886,,Ties,,,A2_FashionDataset/FashionDataset/test/images_test/58886.jpg,0.9578
58887,,Ties,,,A2_FashionDataset/FashionDataset/test/images_test/58887.jpg,0.9429
58888,,Ties,,,A2_FashionDataset/FashionDataset/test/images_test/58888.jpg,0.9612
58889,,Ties,,,A2_FashionDataset/FashionDataset/test/images_test/58889.jpg,0.9648
58890,,Ties,,,A2_FashionDataset/FashionDataset/test/images_test/58890.jpg,0.9507
58891,,Ties,,,A2_FashionDataset/FashionDataset/test/images_test/58891.jpg,0.9652
58892,,Ties,,,A2_FashionDataset/FashionDataset/test/images_test/58892.jpg,0.9697
58893,,Ties,,,A2_FashionDataset/FashionDataset/test/images_test/58893.jpg,0.9708
58894,,Ties,,,A2_FashionDataset/FashionDataset/test/images_test/58894.jpg,0.9549
58895,,Ties,,,A2_FashionDataset/FashionDataset/test/images_test/58895.jpg,0.9677
58896,,Ties,,,A2_FashionDataset/FashionDataset/test/images_test/58896.jpg,0.9602
58897,,Ties,,,A2_FashionDataset/FashionDataset/test/images_test/58897.jpg,0.9555
58898,,Ties,,,A2_FashionDataset/FashionDataset/test/images_test/58898.jpg,0.9603
58899,,Ties,,,A2_FashionDataset/FashionDataset/test/images_test/58899.jpg,0.967
58900,,Ties,,,A2_FashionDataset/FashionDataset/test/images_test/58900.jpg,0.9564
58901,,Ties,,,A2_FashionDataset/FashionDataset/test/images_test/58901.jpg,0.9545
58902,,Ties,,,A2_FashionDataset/FashionDataset/test/images_test/58902.jpg,0.9307
58903,,Ties,,,A2_FashionDataset/FashionDataset/test/images_test/58903.jpg,0.9642
58904,,Ties,,,A2_FashionDataset/FashionDataset/test/images_test/58904.jpg,0.9654
58905,,Ties,,,A2_FashionDataset/FashionDataset/test/images_test/58905.jpg,0.9686
58906,,Ties,,,A2_FashionDataset/FashionDataset/test/images_test/58906.jpg,0.9594
58907,,Ties,,,A2_FashionDataset/FashionDataset/test/images_test/58907.jpg,0.9514
58908,,Ties,,,A2_FashionDataset/FashionDataset/test/images_test/58908.jpg,0.9534
58909,,Ties,,,A2_FashionDataset/FashionDataset/test/images_test/58909.jpg,0.96
58910,,Ties,,,A2_FashionDataset/FashionDataset/test/images_test/58910.jpg,0.966
58911,,Ties,,,A2_FashionDataset/FashionDataset/test/images_test/58911.jpg,0.9588
58912,,Ties,,,A2_FashionDataset/FashionDataset/test/images_test/58912.jpg,0.9645
58913,,Ties,,,A2_FashionDataset/FashionDataset/test/images_test/58913.jpg,0.9645
58914,,Ties,,,A2_FashionDataset/FashionDataset/test/images_test/58914.jpg,0.9697
58915,,Ties,,,A2_FashionDataset/FashionDataset/test/images_test/58915.jpg,0.9539
58916,,Ties,,,A2_FashionDataset/FashionDataset/test/images_test/58916.jpg,0.9609
58917,,Ties,,,A2_FashionDataset/FashionDataset/test/images_test/58917.jpg,0.9645
58918,,Ties,,,A2_FashionDataset/FashionDataset/test/images_test/58918.jpg,0.9551
58919,,Ties,,,A2_FashionDataset/FashionDataset/test/images_test/58919.jpg,0.9514
58920,,Accessory Gift Set,,,A2_FashionDataset/FashionDataset/test/images_test/58920.jpg,0.3979
58921,,Accessory Gift Set,,,A2_FashionDataset/FashionDataset/test/images_test/58921.jpg,0.6287
58922,,Accessory Gift Set,,,A2_FashionDataset/FashionDataset/test/images_test/58922.jpg,0.7379
58923,,Accessory Gift Set,,,A2_FashionDataset/FashionDataset/test/images_test/58923.jpg,0.7001
58924,,Accessory Gift Set,,,A2_FashionDataset/FashionDataset/test/images_test/58924.jpg,0.6038
58925,,Handbags,,,A2_FashionDataset/FashionDataset/test/images_test/58925.jpg,0.4075
58926,,Handbags,,,A2_FashionDataset/FashionDataset/test/images_test/58926.jpg,0.653
58928,,Clutches,,,A2_FashionDataset/FashionDataset/test/images_test/58928.jpg,0.7365
58931,,Clutches,,,A2_FashionDataset/FashionDataset/test/images_test/58931.jpg,0.6146
58932,,Clutches,,,A2_FashionDataset/FashionDataset/test/images_test/58932.jpg,0.3452
58934,,Watches,,,A2_FashionDataset/FashionDataset/test/images_test/58934.jpg,0.8536
58935,,Watches,,,A2_FashionDataset/FashionDataset/test/images_test/58935.jpg,0.7964
58937,,Watches,,,A2_FashionDataset/FashionDataset/test/images_test/58937.jpg,0.8083
58939,,Watches,,,A2_FashionDataset/FashionDataset/test/images_test/58939.jpg,0.758
58940,,Watches,,,A2_FashionDataset/FashionDataset/test/images_test/58940.jpg,0.8252
58941,,Watches,,,A2_FashionDataset/FashionDataset/test/images_test/58941.jpg,0.747
58942,,Watches,,,A2_FashionDataset/FashionDataset/test/images_test/58942.jpg,0.7688
58943,,Perfume and Body Mist,,,A2_FashionDataset/FashionDataset/test/images_test/58943.jpg,0.6273
58944,,Perfume and Body Mist,,,A2_FashionDataset/FashionDataset/test/images_test/58944.jpg,0.6157
58945,,Deodorant,,,A2_FashionDataset/FashionDataset/test/images_test/58945.jpg,0.4936
58946,,Perfume and Body Mist,,,A2_FashionDataset/FashionDataset/test/images_test/58946.jpg,0.5557
58947,,Deodorant,,,A2_FashionDataset/FashionDataset/test/images_test/58947.jpg,0.9281
58948,,Deodorant,,,A2_FashionDataset/FashionDataset/test/images_test/58948.jpg,0.9093
58949,,Deodorant,,,A2_FashionDataset/FashionDataset/test/images_test/58949.jpg,0.9495
58950,,Deodorant,,,A2_FashionDataset/FashionDataset/test/images_test/58950.jpg,0.8874
58951,,Deodorant,,,A2_FashionDataset/FashionDataset/test/images_test/58951.jpg,0.9866
58952,,Deodorant,,,A2_FashionDataset/FashionDataset/test/images_test/58952.jpg,0.8761
58954,,Deodorant,,,A2_FashionDataset/FashionDataset/test/images_test/58954.jpg,0.9556
58955,,Deodorant,,,A2_FashionDataset/FashionDataset/test/images_test/58955.jpg,0.9766
58956,,Deodorant,,,A2_FashionDataset/FashionDataset/test/images_test/58956.jpg,0.9908
58958,,Deodorant,,,A2_FashionDataset/FashionDataset/test/images_test/58958.jpg,0.9097
58959,,Deodorant,,,A2_FashionDataset/FashionDataset/test/images_test/58959.jpg,0.5629
58960,,Deodorant,,,A2_FashionDataset/FashionDataset/test/images_test/58960.jpg,0.7357
58961,,Perfume and Body Mist,,,A2_FashionDataset/FashionDataset/test/images_test/58961.jpg,0.4842
58962,,Perfume and Body Mist,,,A2_FashionDataset/FashionDataset/test/images_test/58962.jpg,0.784
58963,,Deodorant,,,A2_FashionDataset/FashionDataset/test/images_test/58963.jpg,0.4385
58964,,Perfume and Body Mist,,,A2_FashionDataset/FashionDataset/test/images_test/58964.jpg,0.3441
58965,,Perfume and Body Mist,,,A2_FashionDataset/FashionDataset/test/images_test/58965.jpg,0.7067
58966,,Perfume and Body Mist,,,A2_FashionDataset/FashionDataset/test/images_test/58966.jpg,0.9664
58967,,Deodorant,,,A2_FashionDataset/FashionDataset/test/images_test/58967.jpg,0.8868
58968,,Perfume and Body Mist,,,A2_FashionDataset/FashionDataset/test/images_test/58968.jpg,0.9457
58969,,Deodorant,,,A2_FashionDataset/FashionDataset/test/images_test/58969.jpg,0.8906
58970,,Deodorant,,,A2_FashionDataset/FashionDataset/test/images_test/58970.jpg,0.8201
58971,,Deodorant,,,A2_FashionDataset/FashionDataset/test/images_test/58971.jpg,0.86
58972,,Deodorant,,,A2_FashionDataset/FashionDataset/test/images_test/58972.jpg,0.6157
58973,,Perfume and Body Mist,,,A2_FashionDataset/FashionDataset/test/images_test/58973.jpg,0.863
58974,,Deodorant,,,A2_FashionDataset/FashionDataset/test/images_test/58974.jpg,0.8832
58975,,Deodorant,,,A2_FashionDataset/FashionDataset/test/images_test/58975.jpg,0.9758
58976,,Deodorant,,,A2_FashionDataset/FashionDataset/test/images_test/58976.jpg,0.8968
58977,,Deodorant,,,A2_FashionDataset/FashionDataset/test/images_test/58977.jpg,0.7593
58978,,Deodorant,,,A2_FashionDataset/FashionDataset/test/images_test/58978.jpg,0.9529
58979,,Deodorant,,,A2_FashionDataset/FashionDataset/test/images_test/58979.jpg,0.9297
58980,,Deodorant,,,A2_FashionDataset/FashionDataset/test/images_test/58980.jpg,0.9717
58981,,Deodorant,,,A2_FashionDataset/FashionDataset/test/images_test/58981.jpg,0.9273
58982,,Deodorant,,,A2_FashionDataset/FashionDataset/test/images_test/58982.jpg,0.9688
58983,,Deodorant,,,A2_FashionDataset/FashionDataset/test/images_test/58983.jpg,0.9356
58984,,Deodorant,,,A2_FashionDataset/FashionDataset/test/images_test/58984.jpg,0.9717
58985,,Deodorant,,,A2_FashionDataset/FashionDataset/test/images_test/58985.jpg,0.9752
58986,,Deodorant,,,A2_FashionDataset/FashionDataset/test/images_test/58986.jpg,0.9787
58987,,Deodorant,,,A2_FashionDataset/FashionDataset/test/images_test/58987.jpg,0.9786
58988,,Deodorant,,,A2_FashionDataset/FashionDataset/test/images_test/58988.jpg,0.9884
58989,,Deodorant,,,A2_FashionDataset/FashionDataset/test/images_test/58989.jpg,0.4386
58990,,Deodorant,,,A2_FashionDataset/FashionDataset/test/images_test/58990.jpg,0.3379
58991,,Deodorant,,,A2_FashionDataset/FashionDataset/test/images_test/58991.jpg,0.9349
58992,,Deodorant,,,A2_FashionDataset/FashionDataset/test/images_test/58992.jpg,0.9658
59002,,Deodorant,,,A2_FashionDataset/FashionDataset/test/images_test/59002.jpg,0.9386
59003,,Deodorant,,,A2_FashionDataset/FashionDataset/test/images_test/59003.jpg,0.8684
59004,,Deodorant,,,A2_FashionDataset/FashionDataset/test/images_test/59004.jpg,0.9452
59005,,Deodorant,,,A2_FashionDataset/FashionDataset/test/images_test/59005.jpg,0.866
59006,,Deodorant,,,A2_FashionDataset/FashionDataset/test/images_test/59006.jpg,0.9431
59008,,Sports Shoes,,,A2_FashionDataset/FashionDataset/test/images_test/59008.jpg,0.8331
59010,,Sports Shoes,,,A2_FashionDataset/FashionDataset/test/images_test/59010.jpg,0.6481
59011,,Sports Shoes,,,A2_FashionDataset/FashionDataset/test/images_test/59011.jpg,0.8594
59012,,Sports Shoes,,,A2_FashionDataset/FashionDataset/test/images_test/59012.jpg,0.5742
59013,,Sports Shoes,,,A2_FashionDataset/FashionDataset/test/images_test/59013.jpg,0.439
59014,,Sports Shoes,,,A2_FashionDataset/FashionDataset/test/images_test/59014.jpg,0.6798
59015,,Sports Shoes,,,A2_FashionDataset/FashionDataset/test/images_test/59015.jpg,0.9596
59016,,Sports Shoes,,,A2_FashionDataset/FashionDataset/test/images_test/59016.jpg,0.5915
59017,,Flip Flops,,,A2_FashionDataset/FashionDataset/test/images_test/59017.jpg,0.5706
59018,,Heels,,,A2_FashionDataset/FashionDataset/test/images_test/59018.jpg,0.9058
59019,,Heels,,,A2_FashionDataset/FashionDataset/test/images_test/59019.jpg,0.2958
59020,,Heels,,,A2_FashionDataset/FashionDataset/test/images_test/59020.jpg,0.9261
59021,,Heels,,,A2_FashionDataset/FashionDataset/test/images_test/59021.jpg,0.7998
59022,,Heels,,,A2_FashionDataset/FashionDataset/test/images_test/59022.jpg,0.7743
59023,,Flats,,,A2_FashionDataset/FashionDataset/test/images_test/59023.jpg,0.3851
59024,,Heels,,,A2_FashionDataset/FashionDataset/test/images_test/59024.jpg,0.5475
59025,,Heels,,,A2_FashionDataset/FashionDataset/test/images_test/59025.jpg,0.9005
59026,,Heels,,,A2_FashionDataset/FashionDataset/test/images_test/59026.jpg,0.907
59027,,Heels,,,A2_FashionDataset/FashionDataset/test/images_test/59027.jpg,0.9074
59028,,Heels,,,A2_FashionDataset/FashionDataset/test/images_test/59028.jpg,0.9447
59029,,Heels,,,A2_FashionDataset/FashionDataset/test/images_test/59029.jpg,0.92
59030,,Heels,,,A2_FashionDataset/FashionDataset/test/images_test/59030.jpg,0.8272
59031,,Heels,,,A2_FashionDataset/FashionDataset/test/images_test/59031.jpg,0.7766
59032,,Heels,,,A2_FashionDataset/FashionDataset/test/images_test/59032.jpg,0.8316
59033,,Heels,,,A2_FashionDataset/FashionDataset/test/images_test/59033.jpg,0.6643
59034,,Heels,,,A2_FashionDataset/FashionDataset/test/images_test/59034.jpg,0.9129
59035,,Heels,,,A2_FashionDataset/FashionDataset/test/images_test/59035.jpg,0.8611
59036,,Flats,,,A2_FashionDataset/FashionDataset/test/images_test/59036.jpg,0.7616
59037,,Heels,,,A2_FashionDataset/FashionDataset/test/images_test/59037.jpg,0.4968
59038,,Flats,,,A2_FashionDataset/FashionDataset/test/images_test/59038.jpg,0.8734
59039,,Flip Flops,,,A2_FashionDataset/FashionDataset/test/images_test/59039.jpg,0.4135
59040,,Flip Flops,,,A2_FashionDataset/FashionDataset/test/images_test/59040.jpg,0.7499
59042,,Heels,,,A2_FashionDataset/FashionDataset/test/images_test/59042.jpg,0.7868
59043,,Heels,,,A2_FashionDataset/FashionDataset/test/images_test/59043.jpg,0.7602
59044,,Heels,,,A2_FashionDataset/FashionDataset/test/images_test/59044.jpg,0.8892
59045,,Heels,,,A2_FashionDataset/FashionDataset/test/images_test/59045.jpg,0.9139
59046,,Heels,,,A2_FashionDataset/FashionDataset/test/images_test/59046.jpg,0.9601
59047,,Heels,,,A2_FashionDataset/FashionDataset/test/images_test/59047.jpg,0.9239
59048,,Heels,,,A2_FashionDataset/FashionDataset/test/images_test/59048.jpg,0.8609
59049,,Heels,,,A2_FashionDataset/FashionDataset/test/images_test/59049.jpg,0.9628
59050,,Heels,,,A2_FashionDataset/FashionDataset/test/images_test/59050.jpg,0.6322
59051,,Flats,,,A2_FashionDataset/FashionDataset/test/images_test/59051.jpg,0.4807
59052,,Heels,,,A2_FashionDataset/FashionDataset/test/images_test/59052.jpg,0.9129
59053,,Heels,,,A2_FashionDataset/FashionDataset/test/images_test/59053.jpg,0.9561
59054,,Heels,,,A2_FashionDataset/FashionDataset/test/images_test/59054.jpg,0.9087
59055,,Casual Shoes,,,A2_FashionDataset/FashionDataset/test/images_test/59055.jpg,0.5319
59056,,Casual Shoes,,,A2_FashionDataset/FashionDataset/test/images_test/59056.jpg,0.3632
59058,,Tops,,,A2_FashionDataset/FashionDataset/test/images_test/59058.jpg,0.2283
59059,,Kurtas,,,A2_FashionDataset/FashionDataset/test/images_test/59059.jpg,0.8615
59060,,Kurtas,,,A2_FashionDataset/FashionDataset/test/images_test/59060.jpg,0.8956
59061,,Dresses,,,A2_FashionDataset/FashionDataset/test/images_test/59061.jpg,0.6195
59062,,Kurtas,,,A2_FashionDataset/FashionDataset/test/images_test/59062.jpg,0.6934
59063,,Kurtas,,,A2_FashionDataset/FashionDataset/test/images_test/59063.jpg,0.9088
59064,,Bra,,,A2_FashionDataset/FashionDataset/test/images_test/59064.jpg,0.9638
59065,,Bra,,,A2_FashionDataset/FashionDataset/test/images_test/59065.jpg,0.8399
59066,,Bra,,,A2_FashionDataset/FashionDataset/test/images_test/59066.jpg,0.9132
59067,,Bra,,,A2_FashionDataset/FashionDataset/test/images_test/59067.jpg,0.9721
59068,,Bra,,,A2_FashionDataset/FashionDataset/test/images_test/59068.jpg,0.8851
59069,,Bra,,,A2_FashionDataset/FashionDataset/test/images_test/59069.jpg,0.9771
59070,,Bra,,,A2_FashionDataset/FashionDataset/test/images_test/59070.jpg,0.9845
59071,,Bra,,,A2_FashionDataset/FashionDataset/test/images_test/59071.jpg,0.9151
59072,,Bra,,,A2_FashionDataset/FashionDataset/test/images_test/59072.jpg,0.9777
59073,,Bra,,,A2_FashionDataset/FashionDataset/test/images_test/59073.jpg,0.9763
59074,,Bra,,,A2_FashionDataset/FashionDataset/test/images_test/59074.jpg,0.8967
59075,,Bra,,,A2_FashionDataset/FashionDataset/test/images_test/59075.jpg,0.9728
59076,,Bra,,,A2_FashionDataset/FashionDataset/test/images_test/59076.jpg,0.9317
59077,,Bra,,,A2_FashionDataset/FashionDataset/test/images_test/59077.jpg,0.9869
59078,,Briefs,,,A2_FashionDataset/FashionDataset/test/images_test/59078.jpg,0.9385
59079,,Briefs,,,A2_FashionDataset/FashionDataset/test/images_test/59079.jpg,0.7576
59080,,Briefs,,,A2_FashionDataset/FashionDataset/test/images_test/59080.jpg,0.9658
59081,,Bra,,,A2_FashionDataset/FashionDataset/test/images_test/59081.jpg,0.9735
59082,,Bra,,,A2_FashionDataset/FashionDataset/test/images_test/59082.jpg,0.97
59083,,Bra,,,A2_FashionDataset/FashionDataset/test/images_test/59083.jpg,0.9167
59084,,Bra,,,A2_FashionDataset/FashionDataset/test/images_test/59084.jpg,0.9925
59085,,Briefs,,,A2_FashionDataset/FashionDataset/test/images_test/59085.jpg,0.9097
59086,,Briefs,,,A2_FashionDataset/FashionDataset/test/images_test/59086.jpg,0.9751
59087,,Bra,,,A2_FashionDataset/FashionDataset/test/images_test/59087.jpg,0.9829
59088,,Bra,,,A2_FashionDataset/FashionDataset/test/images_test/59088.jpg,0.9319
59089,,Briefs,,,A2_FashionDataset/FashionDataset/test/images_test/59089.jpg,0.9699
59090,,Bra,,,A2_FashionDataset/FashionDataset/test/images_test/59090.jpg,0.9403
59091,,Bra,,,A2_FashionDataset/FashionDataset/test/images_test/59091.jpg,0.8859
59092,,Bra,,,A2_FashionDataset/FashionDataset/test/images_test/59092.jpg,0.9705
59093,,Bra,,,A2_FashionDataset/FashionDataset/test/images_test/59093.jpg,0.982
59094,,Bra,,,A2_FashionDataset/FashionDataset/test/images_test/59094.jpg,0.9383
59095,,Bra,,,A2_FashionDataset/FashionDataset/test/images_test/59095.jpg,0.9135
59096,,Bra,,,A2_FashionDataset/FashionDataset/test/images_test/59096.jpg,0.9247
59097,,Bra,,,A2_FashionDataset/FashionDataset/test/images_test/59097.jpg,0.9446
59098,,Bra,,,A2_FashionDataset/FashionDataset/test/images_test/59098.jpg,0.9756
59099,,Briefs,,,A2_FashionDataset/FashionDataset/test/images_test/59099.jpg,0.9706
59100,,Briefs,,,A2_FashionDataset/FashionDataset/test/images_test/59100.jpg,0.981
59101,,Briefs,,,A2_FashionDataset/FashionDataset/test/images_test/59101.jpg,0.9842
59102,,Sweatshirts,,,A2_FashionDataset/FashionDataset/test/images_test/59102.jpg,0.7075
59103,,Jackets,,,A2_FashionDataset/FashionDataset/test/images_test/59103.jpg,0.9823
59104,,Jackets,,,A2_FashionDataset/FashionDataset/test/images_test/59104.jpg,0.8495
59105,,Jackets,,,A2_FashionDataset/FashionDataset/test/images_test/59105.jpg,0.6724
59106,,Jackets,,,A2_FashionDataset/FashionDataset/test/images_test/59106.jpg,0.1188
59112,,Jackets,,,A2_FashionDataset/FashionDataset/test/images_test/59112.jpg,0.4892
59115,,Jackets,,,A2_FashionDataset/FashionDataset/test/images_test/59115.jpg,0.4706
59116,,Jackets,,,A2_FashionDataset/FashionDataset/test/images_test/59116.jpg,0.7157
59117,,Jackets,,,A2_FashionDataset/FashionDataset/test/images_test/59117.jpg,0.5931
59118,,Jackets,,,A2_FashionDataset/FashionDataset/test/images_test/59118.jpg,0.9835
59119,,Jackets,,,A2_FashionDataset/FashionDataset/test/images_test/59119.jpg,0.996
59120,,Jackets,,,A2_FashionDataset/FashionDataset/test/images_test/59120.jpg,0.9954
59121,,Jackets,,,A2_FashionDataset/FashionDataset/test/images_test/59121.jpg,0.6582
59122,,Jackets,,,A2_FashionDataset/FashionDataset/test/images_test/59122.jpg,0.9967
59123,,Jackets,,,A2_FashionDataset/FashionDataset/test/images_test/59123.jpg,0.9632
59124,,Jackets,,,A2_FashionDataset/FashionDataset/test/images_test/59124.jpg,0.4811
59126,,Tshirts,,,A2_FashionDataset/FashionDataset/test/images_test/59126.jpg,0.1715
59127,,Jackets,,,A2_FashionDataset/FashionDataset/test/images_test/59127.jpg,0.9762
59128,,Jackets,,,A2_FashionDataset/FashionDataset/test/images_test/59128.jpg,0.6723
59129,,Jackets,,,A2_FashionDataset/FashionDataset/test/images_test/59129.jpg,0.3598
59130,,Jackets,,,A2_FashionDataset/FashionDataset/test/images_test/59130.jpg,0.9186
59131,,Jackets,,,A2_FashionDataset/FashionDataset/test/images_test/59131.jpg,0.4631
59132,,Shirts,,,A2_FashionDataset/FashionDataset/test/images_test/59132.jpg,0.8438
59133,,Jackets,,,A2_FashionDataset/FashionDataset/test/images_test/59133.jpg,0.8999
59142,,Flats,,,A2_FashionDataset/FashionDataset/test/images_test/59142.jpg,0.6853
59143,,Flats,,,A2_FashionDataset/FashionDataset/test/images_test/59143.jpg,0.7309
59144,,Heels,,,A2_FashionDataset/FashionDataset/test/images_test/59144.jpg,0.6277
59145,,Heels,,,A2_FashionDataset/FashionDataset/test/images_test/59145.jpg,0.5794
59146,,Flats,,,A2_FashionDataset/FashionDataset/test/images_test/59146.jpg,0.47
59147,,Flats,,,A2_FashionDataset/FashionDataset/test/images_test/59147.jpg,0.546
59149,,Formal Shoes,,,A2_FashionDataset/FashionDataset/test/images_test/59149.jpg,0.827
59160,,Formal Shoes,,,A2_FashionDataset/FashionDataset/test/images_test/59160.jpg,0.9826
59161,,Formal Shoes,,,A2_FashionDataset/FashionDataset/test/images_test/59161.jpg,0.7428
59165,,Flats,,,A2_FashionDataset/FashionDataset/test/images_test/59165.jpg,0.4359
59166,,Formal Shoes,,,A2_FashionDataset/FashionDataset/test/images_test/59166.jpg,0.8616
59167,,Formal Shoes,,,A2_FashionDataset/FashionDataset/test/images_test/59167.jpg,0.8413
59172,,Formal Shoes,,,A2_FashionDataset/FashionDataset/test/images_test/59172.jpg,0.9493
59173,,Formal Shoes,,,A2_FashionDataset/FashionDataset/test/images_test/59173.jpg,0.9453
59174,,Formal Shoes,,,A2_FashionDataset/FashionDataset/test/images_test/59174.jpg,0.7551
59175,,Formal Shoes,,,A2_FashionDataset/FashionDataset/test/images_test/59175.jpg,0.8883
59176,,Casual Shoes,,,A2_FashionDataset/FashionDataset/test/images_test/59176.jpg,0.8837
59177,,Casual Shoes,,,A2_FashionDataset/FashionDataset/test/images_test/59177.jpg,0.8256
59178,,Casual Shoes,,,A2_FashionDataset/FashionDataset/test/images_test/59178.jpg,0.8219
59181,,Formal Shoes,,,A2_FashionDataset/FashionDataset/test/images_test/59181.jpg,0.9193
59185,,Casual Shoes,,,A2_FashionDataset/FashionDataset/test/images_test/59185.jpg,0.5213
59187,,Heels,,,A2_FashionDataset/FashionDataset/test/images_test/59187.jpg,0.9203
59188,,Heels,,,A2_FashionDataset/FashionDataset/test/images_test/59188.jpg,0.9483
59190,,Sandals,,,A2_FashionDataset/FashionDataset/test/images_test/59190.jpg,0.8052
59212,,Heels,,,A2_FashionDataset/FashionDataset/test/images_test/59212.jpg,0.8393
59213,,Watches,,,A2_FashionDataset/FashionDataset/test/images_test/59213.jpg,0.8635
59214,,Watches,,,A2_FashionDataset/FashionDataset/test/images_test/59214.jpg,0.8105
59215,,Watches,,,A2_FashionDataset/FashionDataset/test/images_test/59215.jpg,0.7547
59216,,Watches,,,A2_FashionDataset/FashionDataset/test/images_test/59216.jpg,0.9043
59217,,Watches,,,A2_FashionDataset/FashionDataset/test/images_test/59217.jpg,0.7909
59218,,Watches,,,A2_FashionDataset/FashionDataset/test/images_test/59218.jpg,0.582
59219,,Watches,,,A2_FashionDataset/FashionDataset/test/images_test/59219.jpg,0.7685
59220,,Watches,,,A2_FashionDataset/FashionDataset/test/images_test/59220.jpg,0.9075
59221,,Watches,,,A2_FashionDataset/FashionDataset/test/images_test/59221.jpg,0.9177
59222,,Watches,,,A2_FashionDataset/FashionDataset/test/images_test/59222.jpg,0.7896
59223,,Watches,,,A2_FashionDataset/FashionDataset/test/images_test/59223.jpg,0.8545
59224,,Watches,,,A2_FashionDataset/FashionDataset/test/images_test/59224.jpg,0.8364
59225,,Watches,,,A2_FashionDataset/FashionDataset/test/images_test/59225.jpg,0.7171
59226,,Watches,,,A2_FashionDataset/FashionDataset/test/images_test/59226.jpg,0.9185
59227,,Watches,,,A2_FashionDataset/FashionDataset/test/images_test/59227.jpg,0.9207
59228,,Watches,,,A2_FashionDataset/FashionDataset/test/images_test/59228.jpg,0.7549
59229,,Watches,,,A2_FashionDataset/FashionDataset/test/images_test/59229.jpg,0.4369
59230,,Watches,,,A2_FashionDataset/FashionDataset/test/images_test/59230.jpg,0.8561
59231,,Watches,,,A2_FashionDataset/FashionDataset/test/images_test/59231.jpg,0.8839
59232,,Watches,,,A2_FashionDataset/FashionDataset/test/images_test/59232.jpg,0.757
59233,,Watches,,,A2_FashionDataset/FashionDataset/test/images_test/59233.jpg,0.8605
59235,,Watches,,,A2_FashionDataset/FashionDataset/test/images_test/59235.jpg,0.8798
59236,,Watches,,,A2_FashionDataset/FashionDataset/test/images_test/59236.jpg,0.8747
59237,,Watches,,,A2_FashionDataset/FashionDataset/test/images_test/59237.jpg,0.7772
59238,,Watches,,,A2_FashionDataset/FashionDataset/test/images_test/59238.jpg,0.7885
59239,,Watches,,,A2_FashionDataset/FashionDataset/test/images_test/59239.jpg,0.9061
59240,,Watches,,,A2_FashionDataset/FashionDataset/test/images_test/59240.jpg,0.7414
59241,,Watches,,,A2_FashionDataset/FashionDataset/test/images_test/59241.jpg,0.6997
59242,,Watches,,,A2_FashionDataset/FashionDataset/test/images_test/59242.jpg,0.8046
59243,,Watches,,,A2_FashionDataset/FashionDataset/test/images_test/59243.jpg,0.7979
59244,,Watches,,,A2_FashionDataset/FashionDataset/test/images_test/59244.jpg,0.7991
59245,,Watches,,,A2_FashionDataset/FashionDataset/test/images_test/59245.jpg,0.8559
59246,,Watches,,,A2_FashionDataset/FashionDataset/test/images_test/59246.jpg,0.8566
59247,,Watches,,,A2_FashionDataset/FashionDataset/test/images_test/59247.jpg,0.8509
59248,,Watches,,,A2_FashionDataset/FashionDataset/test/images_test/59248.jpg,0.8479
59249,,Watches,,,A2_FashionDataset/FashionDataset/test/images_test/59249.jpg,0.8531
59250,,Watches,,,A2_FashionDataset/FashionDataset/test/images_test/59250.jpg,0.9086
59251,,Watches,,,A2_FashionDataset/FashionDataset/test/images_test/59251.jpg,0.8527
59252,,Watches,,,A2_FashionDataset/FashionDataset/test/images_test/59252.jpg,0.8015
59253,,Watches,,,A2_FashionDataset/FashionDataset/test/images_test/59253.jpg,0.8528
59254,,Watches,,,A2_FashionDataset/FashionDataset/test/images_test/59254.jpg,0.9067
59255,,Watches,,,A2_FashionDataset/FashionDataset/test/images_test/59255.jpg,0.8641
59256,,Watches,,,A2_FashionDataset/FashionDataset/test/images_test/59256.jpg,0.7754
59257,,Watches,,,A2_FashionDataset/FashionDataset/test/images_test/59257.jpg,0.8868
59258,,Watches,,,A2_FashionDataset/FashionDataset/test/images_test/59258.jpg,0.727
59259,,Watches,,,A2_FashionDataset/FashionDataset/test/images_test/59259.jpg,0.8906
59260,,Watches,,,A2_FashionDataset/FashionDataset/test/images_test/59260.jpg,0.828
59261,,Watches,,,A2_FashionDataset/FashionDataset/test/images_test/59261.jpg,0.771
59262,,Watches,,,A2_FashionDataset/FashionDataset/test/images_test/59262.jpg,0.8505
59263,,Watches,,,A2_FashionDataset/FashionDataset/test/images_test/59263.jpg,0.8822
59264,,Watches,,,A2_FashionDataset/FashionDataset/test/images_test/59264.jpg,0.8689
59265,,Watches,,,A2_FashionDataset/FashionDataset/test/images_test/59265.jpg,0.6528
59266,,Watches,,,A2_FashionDataset/FashionDataset/test/images_test/59266.jpg,0.9346
59267,,Watches,,,A2_FashionDataset/FashionDataset/test/images_test/59267.jpg,0.9002
59268,,Watches,,,A2_FashionDataset/FashionDataset/test/images_test/59268.jpg,0.7888
59269,,Watches,,,A2_FashionDataset/FashionDataset/test/images_test/59269.jpg,0.9236
59270,,Watches,,,A2_FashionDataset/FashionDataset/test/images_test/59270.jpg,0.8717
59271,,Watches,,,A2_FashionDataset/FashionDataset/test/images_test/59271.jpg,0.8337
59272,,Watches,,,A2_FashionDataset/FashionDataset/test/images_test/59272.jpg,0.8873
59273,,Watches,,,A2_FashionDataset/FashionDataset/test/images_test/59273.jpg,0.8712
59274,,Watches,,,A2_FashionDataset/FashionDataset/test/images_test/59274.jpg,0.6219
59275,,Watches,,,A2_FashionDataset/FashionDataset/test/images_test/59275.jpg,0.6906
59276,,Watches,,,A2_FashionDataset/FashionDataset/test/images_test/59276.jpg,0.6309
59277,,Watches,,,A2_FashionDataset/FashionDataset/test/images_test/59277.jpg,0.5969
59278,,Watches,,,A2_FashionDataset/FashionDataset/test/images_test/59278.jpg,0.9189
59279,,Watches,,,A2_FashionDataset/FashionDataset/test/images_test/59279.jpg,0.8395
59280,,Watches,,,A2_FashionDataset/FashionDataset/test/images_test/59280.jpg,0.5416
59281,,Watches,,,A2_FashionDataset/FashionDataset/test/images_test/59281.jpg,0.8874
59282,,Fragrance Gift Set,,,A2_FashionDataset/FashionDataset/test/images_test/59282.jpg,0.3113
59283,,Watches,,,A2_FashionDataset/FashionDataset/test/images_test/59283.jpg,0.738
59284,,Watches,,,A2_FashionDataset/FashionDataset/test/images_test/59284.jpg,0.8501
59286,,Watches,,,A2_FashionDataset/FashionDataset/test/images_test/59286.jpg,0.9465
59287,,Watches,,,A2_FashionDataset/FashionDataset/test/images_test/59287.jpg,0.9308
59290,,Watches,,,A2_FashionDataset/FashionDataset/test/images_test/59290.jpg,0.6648
59291,,Watches,,,A2_FashionDataset/FashionDataset/test/images_test/59291.jpg,0.687
59292,,Watches,,,A2_FashionDataset/FashionDataset/test/images_test/59292.jpg,0.7261
59293,,Watches,,,A2_FashionDataset/FashionDataset/test/images_test/59293.jpg,0.8249
59294,,Shirts,,,A2_FashionDataset/FashionDataset/test/images_test/59294.jpg,0.6995
59295,,Shirts,,,A2_FashionDataset/FashionDataset/test/images_test/59295.jpg,0.7384
59296,,Shirts,,,A2_FashionDataset/FashionDataset/test/images_test/59296.jpg,0.7307
59297,,Shirts,,,A2_FashionDataset/FashionDataset/test/images_test/59297.jpg,0.7268
59298,,Shirts,,,A2_FashionDataset/FashionDataset/test/images_test/59298.jpg,0.8387
59299,,Shirts,,,A2_FashionDataset/FashionDataset/test/images_test/59299.jpg,0.804
59300,,Tops,,,A2_FashionDataset/FashionDataset/test/images_test/59300.jpg,0.1257
59301,,Tshirts,,,A2_FashionDataset/FashionDataset/test/images_test/59301.jpg,0.5141
59302,,Tshirts,,,A2_FashionDataset/FashionDataset/test/images_test/59302.jpg,0.2842
59303,,Shirts,,,A2_FashionDataset/FashionDataset/test/images_test/59303.jpg,0.6299
59304,,Shirts,,,A2_FashionDataset/FashionDataset/test/images_test/59304.jpg,0.7843
59305,,Shirts,,,A2_FashionDataset/FashionDataset/test/images_test/59305.jpg,0.8243
59306,,Tshirts,,,A2_FashionDataset/FashionDataset/test/images_test/59306.jpg,0.6518
59311,,Sandals,,,A2_FashionDataset/FashionDataset/test/images_test/59311.jpg,0.8113
59312,,Sandals,,,A2_FashionDataset/FashionDataset/test/images_test/59312.jpg,0.5899
59315,,Casual Shoes,,,A2_FashionDataset/FashionDataset/test/images_test/59315.jpg,0.8312
59323,,Sandals,,,A2_FashionDataset/FashionDataset/test/images_test/59323.jpg,0.9144
59324,,Sandals,,,A2_FashionDataset/FashionDataset/test/images_test/59324.jpg,0.3208
59326,,Flats,,,A2_FashionDataset/FashionDataset/test/images_test/59326.jpg,0.3451
59329,,Casual Shoes,,,A2_FashionDataset/FashionDataset/test/images_test/59329.jpg,0.671
59330,,Casual Shoes,,,A2_FashionDataset/FashionDataset/test/images_test/59330.jpg,0.8018
59338,,Casual Shoes,,,A2_FashionDataset/FashionDataset/test/images_test/59338.jpg,0.7602
59342,,Casual Shoes,,,A2_FashionDataset/FashionDataset/test/images_test/59342.jpg,0.2687
59349,,Sandals,,,A2_FashionDataset/FashionDataset/test/images_test/59349.jpg,0.914
59352,,Kurtas,,,A2_FashionDataset/FashionDataset/test/images_test/59352.jpg,0.8746
59353,,Kurtas,,,A2_FashionDataset/FashionDataset/test/images_test/59353.jpg,0.7322
59354,,Kurtas,,,A2_FashionDataset/FashionDataset/test/images_test/59354.jpg,0.7979
59355,,Kurtas,,,A2_FashionDataset/FashionDataset/test/images_test/59355.jpg,0.9331
59356,,Kurtas,,,A2_FashionDataset/FashionDataset/test/images_test/59356.jpg,0.8837
59357,,Kurtas,,,A2_FashionDataset/FashionDataset/test/images_test/59357.jpg,0.8691
59358,,Kurtas,,,A2_FashionDataset/FashionDataset/test/images_test/59358.jpg,0.4136
59359,,Kurtas,,,A2_FashionDataset/FashionDataset/test/images_test/59359.jpg,0.9061
59360,,Kurtas,,,A2_FashionDataset/FashionDataset/test/images_test/59360.jpg,0.6819
59361,,Kurtas,,,A2_FashionDataset/FashionDataset/test/images_test/59361.jpg,0.7884
59362,,Kurtas,,,A2_FashionDataset/FashionDataset/test/images_test/59362.jpg,0.7752
59363,,Kurtas,,,A2_FashionDataset/FashionDataset/test/images_test/59363.jpg,0.9393
59364,,Kurtas,,,A2_FashionDataset/FashionDataset/test/images_test/59364.jpg,0.8272
59365,,Kurtas,,,A2_FashionDataset/FashionDataset/test/images_test/59365.jpg,0.6372
59366,,Kurtas,,,A2_FashionDataset/FashionDataset/test/images_test/59366.jpg,0.8798
59367,,Kurtas,,,A2_FashionDataset/FashionDataset/test/images_test/59367.jpg,0.4616
59368,,Kurtas,,,A2_FashionDataset/FashionDataset/test/images_test/59368.jpg,0.8567
59369,,Kurtas,,,A2_FashionDataset/FashionDataset/test/images_test/59369.jpg,0.776
59370,,Kurtas,,,A2_FashionDataset/FashionDataset/test/images_test/59370.jpg,0.624
59371,,Kurtas,,,A2_FashionDataset/FashionDataset/test/images_test/59371.jpg,0.7884
59372,,Kurtas,,,A2_FashionDataset/FashionDataset/test/images_test/59372.jpg,0.8367
59373,,Kurtas,,,A2_FashionDataset/FashionDataset/test/images_test/59373.jpg,0.754
59374,,Kurtas,,,A2_FashionDataset/FashionDataset/test/images_test/59374.jpg,0.6563
59375,,Kurtas,,,A2_FashionDataset/FashionDataset/test/images_test/59375.jpg,0.514
59376,,Kurtas,,,A2_FashionDataset/FashionDataset/test/images_test/59376.jpg,0.401
59377,,Kurtas,,,A2_FashionDataset/FashionDataset/test/images_test/59377.jpg,0.6515
59378,,Kurtas,,,A2_FashionDataset/FashionDataset/test/images_test/59378.jpg,0.8379
59379,,Kurtas,,,A2_FashionDataset/FashionDataset/test/images_test/59379.jpg,0.8732
59380,,Kurtas,,,A2_FashionDataset/FashionDataset/test/images_test/59380.jpg,0.9054
59381,,Kurtas,,,A2_FashionDataset/FashionDataset/test/images_test/59381.jpg,0.7727
59382,,Kurtas,,,A2_FashionDataset/FashionDataset/test/images_test/59382.jpg,0.7737
59383,,Kurtas,,,A2_FashionDataset/FashionDataset/test/images_test/59383.jpg,0.8732
59387,,Heels,,,A2_FashionDataset/FashionDataset/test/images_test/59387.jpg,0.4724
59388,,Heels,,,A2_FashionDataset/FashionDataset/test/images_test/59388.jpg,0.7124
59390,,Formal Shoes,,,A2_FashionDataset/FashionDataset/test/images_test/59390.jpg,0.9467
59396,,Casual Shoes,,,A2_FashionDataset/FashionDataset/test/images_test/59396.jpg,0.9186
59399,,Kurtas,,,A2_FashionDataset/FashionDataset/test/images_test/59399.jpg,0.4258
59400,,Kurtas,,,A2_FashionDataset/FashionDataset/test/images_test/59400.jpg,0.2733
59403,,Tops,,,A2_FashionDataset/FashionDataset/test/images_test/59403.jpg,0.6333
59404,,Tops,,,A2_FashionDataset/FashionDataset/test/images_test/59404.jpg,0.9793
59405,,Tops,,,A2_FashionDataset/FashionDataset/test/images_test/59405.jpg,0.8415
59407,,Tunics,,,A2_FashionDataset/FashionDataset/test/images_test/59407.jpg,0.2515
59410,,Tshirts,,,A2_FashionDataset/FashionDataset/test/images_test/59410.jpg,0.3162
59413,,Tshirts,,,A2_FashionDataset/FashionDataset/test/images_test/59413.jpg,0.2128
59418,,Tops,,,A2_FashionDataset/FashionDataset/test/images_test/59418.jpg,0.7925
59421,,Tops,,,A2_FashionDataset/FashionDataset/test/images_test/59421.jpg,0.8522
59422,,Tops,,,A2_FashionDataset/FashionDataset/test/images_test/59422.jpg,0.1804
59428,,Handbags,,,A2_FashionDataset/FashionDataset/test/images_test/59428.jpg,0.9087
59430,,Handbags,,,A2_FashionDataset/FashionDataset/test/images_test/59430.jpg,0.9619
59432,,Handbags,,,A2_FashionDataset/FashionDataset/test/images_test/59432.jpg,0.9351
59433,,Clutches,,,A2_FashionDataset/FashionDataset/test/images_test/59433.jpg,0.7675
59435,,Formal Shoes,,,A2_FashionDataset/FashionDataset/test/images_test/59435.jpg,0.9739
59436,,Heels,,,A2_FashionDataset/FashionDataset/test/images_test/59436.jpg,0.7285
59437,,Heels,,,A2_FashionDataset/FashionDataset/test/images_test/59437.jpg,0.6871
59439,,Shirts,,,A2_FashionDataset/FashionDataset/test/images_test/59439.jpg,0.8145
59440,,Shirts,,,A2_FashionDataset/FashionDataset/test/images_test/59440.jpg,0.7313
59441,,Shirts,,,A2_FashionDataset/FashionDataset/test/images_test/59441.jpg,0.7674
59442,,Shirts,,,A2_FashionDataset/FashionDataset/test/images_test/59442.jpg,0.8049
59443,,Shirts,,,A2_FashionDataset/FashionDataset/test/images_test/59443.jpg,0.7826
59444,,Shirts,,,A2_FashionDataset/FashionDataset/test/images_test/59444.jpg,0.7469
59445,,Shirts,,,A2_FashionDataset/FashionDataset/test/images_test/59445.jpg,0.2474
59446,,Shirts,,,A2_FashionDataset/FashionDataset/test/images_test/59446.jpg,0.8257
59448,,Shirts,,,A2_FashionDataset/FashionDataset/test/images_test/59448.jpg,0.884
59451,,Shirts,,,A2_FashionDataset/FashionDataset/test/images_test/59451.jpg,0.8606
59452,,Shirts,,,A2_FashionDataset/FashionDataset/test/images_test/59452.jpg,0.832
59453,,Shirts,,,A2_FashionDataset/FashionDataset/test/images_test/59453.jpg,0.7581
59454,,Shirts,,,A2_FashionDataset/FashionDataset/test/images_test/59454.jpg,0.7738
59455,,Ring,,,A2_FashionDataset/FashionDataset/test/images_test/59455.jpg,0.3416
59456,,Ring,,,A2_FashionDataset/FashionDataset/test/images_test/59456.jpg,0.7826
59457,,Ring,,,A2_FashionDataset/FashionDataset/test/images_test/59457.jpg,0.4363
59458,,Ring,,,A2_FashionDataset/FashionDataset/test/images_test/59458.jpg,0.225
59459,,Bangle,,,A2_FashionDataset/FashionDataset/test/images_test/59459.jpg,0.1256
59460,,Ring,,,A2_FashionDataset/FashionDataset/test/images_test/59460.jpg,0.9342
59461,,Ring,,,A2_FashionDataset/FashionDataset/test/images_test/59461.jpg,0.6994
59462,,Ring,,,A2_FashionDataset/FashionDataset/test/images_test/59462.jpg,0.8912
59463,,Ring,,,A2_FashionDataset/FashionDataset/test/images_test/59463.jpg,0.4525
59464,,Ring,,,A2_FashionDataset/FashionDataset/test/images_test/59464.jpg,0.7198
59465,,Ring,,,A2_FashionDataset/FashionDataset/test/images_test/59465.jpg,0.9197
59466,,Ring,,,A2_FashionDataset/FashionDataset/test/images_test/59466.jpg,0.4145
59467,,Ring,,,A2_FashionDataset/FashionDataset/test/images_test/59467.jpg,0.9874
59468,,Ring,,,A2_FashionDataset/FashionDataset/test/images_test/59468.jpg,0.445
59469,,Ring,,,A2_FashionDataset/FashionDataset/test/images_test/59469.jpg,0.4034
59470,,Ring,,,A2_FashionDataset/FashionDataset/test/images_test/59470.jpg,0.6458
59471,,Ring,,,A2_FashionDataset/FashionDataset/test/images_test/59471.jpg,0.4755
59474,,Ring,,,A2_FashionDataset/FashionDataset/test/images_test/59474.jpg,0.6786
59481,,Ring,,,A2_FashionDataset/FashionDataset/test/images_test/59481.jpg,0.9338
59484,,Ring,,,A2_FashionDataset/FashionDataset/test/images_test/59484.jpg,0.6308
59498,,Pendant,,,A2_FashionDataset/FashionDataset/test/images_test/59498.jpg,0.9412
59499,,Pendant,,,A2_FashionDataset/FashionDataset/test/images_test/59499.jpg,0.7274
59501,,Pendant,,,A2_FashionDataset/FashionDataset/test/images_test/59501.jpg,0.8828
59502,,Necklace and Chains,,,A2_FashionDataset/FashionDataset/test/images_test/59502.jpg,0.883
59503,,Pendant,,,A2_FashionDataset/FashionDataset/test/images_test/59503.jpg,0.9965
59504,,Pendant,,,A2_FashionDataset/FashionDataset/test/images_test/59504.jpg,0.7927
59505,,Pendant,,,A2_FashionDataset/FashionDataset/test/images_test/59505.jpg,0.9983
59507,,Pendant,,,A2_FashionDataset/FashionDataset/test/images_test/59507.jpg,0.9025
59508,,Pendant,,,A2_FashionDataset/FashionDataset/test/images_test/59508.jpg,0.998
59509,,Pendant,,,A2_FashionDataset/FashionDataset/test/images_test/59509.jpg,0.9977
59510,,Pendant,,,A2_FashionDataset/FashionDataset/test/images_test/59510.jpg,0.9948
59511,,Pendant,,,A2_FashionDataset/FashionDataset/test/images_test/59511.jpg,0.965
59512,,Pendant,,,A2_FashionDataset/FashionDataset/test/images_test/59512.jpg,0.487
59513,,Pendant,,,A2_FashionDataset/FashionDataset/test/images_test/59513.jpg,0.7532
59514,,Pendant,,,A2_FashionDataset/FashionDataset/test/images_test/59514.jpg,0.6668
59515,,Pendant,,,A2_FashionDataset/FashionDataset/test/images_test/59515.jpg,0.5382
59516,,Pendant,,,A2_FashionDataset/FashionDataset/test/images_test/59516.jpg,0.7274
59518,,Necklace and Chains,,,A2_FashionDataset/FashionDataset/test/images_test/59518.jpg,0.998
59519,,Necklace and Chains,,,A2_FashionDataset/FashionDataset/test/images_test/59519.jpg,0.9971
59520,,Earrings,,,A2_FashionDataset/FashionDataset/test/images_test/59520.jpg,0.9332
59521,,Earrings,,,A2_FashionDataset/FashionDataset/test/images_test/59521.jpg,0.8167
59522,,Earrings,,,A2_FashionDataset/FashionDataset/test/images_test/59522.jpg,0.986
59523,,Earrings,,,A2_FashionDataset/FashionDataset/test/images_test/59523.jpg,0.9827
59524,,Earrings,,,A2_FashionDataset/FashionDataset/test/images_test/59524.jpg,0.9354
59525,,Earrings,,,A2_FashionDataset/FashionDataset/test/images_test/59525.jpg,0.9812
59526,,Earrings,,,A2_FashionDataset/FashionDataset/test/images_test/59526.jpg,0.9899
59527,,Earrings,,,A2_FashionDataset/FashionDataset/test/images_test/59527.jpg,0.9763
59528,,Earrings,,,A2_FashionDataset/FashionDataset/test/images_test/59528.jpg,0.9784
59529,,Earrings,,,A2_FashionDataset/FashionDataset/test/images_test/59529.jpg,0.9844
59530,,Earrings,,,A2_FashionDataset/FashionDataset/test/images_test/59530.jpg,0.9714
59531,,Earrings,,,A2_FashionDataset/FashionDataset/test/images_test/59531.jpg,0.9241
59532,,Earrings,,,A2_FashionDataset/FashionDataset/test/images_test/59532.jpg,0.9781
59533,,Earrings,,,A2_FashionDataset/FashionDataset/test/images_test/59533.jpg,0.9829
59534,,Earrings,,,A2_FashionDataset/FashionDataset/test/images_test/59534.jpg,0.9352
59535,,Earrings,,,A2_FashionDataset/FashionDataset/test/images_test/59535.jpg,0.9249
59537,,Earrings,,,A2_FashionDataset/FashionDataset/test/images_test/59537.jpg,0.982
59541,,Earrings,,,A2_FashionDataset/FashionDataset/test/images_test/59541.jpg,0.9814
59543,,Earrings,,,A2_FashionDataset/FashionDataset/test/images_test/59543.jpg,0.9692
59544,,Earrings,,,A2_FashionDataset/FashionDataset/test/images_test/59544.jpg,0.9086
59545,,Earrings,,,A2_FashionDataset/FashionDataset/test/images_test/59545.jpg,0.9556
59546,,Earrings,,,A2_FashionDataset/FashionDataset/test/images_test/59546.jpg,0.9924
59547,,Earrings,,,A2_FashionDataset/FashionDataset/test/images_test/59547.jpg,0.954
59550,,Earrings,,,A2_FashionDataset/FashionDataset/test/images_test/59550.jpg,0.907
59551,,Earrings,,,A2_FashionDataset/FashionDataset/test/images_test/59551.jpg,0.9308
59552,,Bracelet,,,A2_FashionDataset/FashionDataset/test/images_test/59552.jpg,0.4873
59553,,Bangle,,,A2_FashionDataset/FashionDataset/test/images_test/59553.jpg,0.2926
59554,,Bracelet,,,A2_FashionDataset/FashionDataset/test/images_test/59554.jpg,0.9395
59555,,Bracelet,,,A2_FashionDataset/FashionDataset/test/images_test/59555.jpg,0.9626
59556,,Bracelet,,,A2_FashionDataset/FashionDataset/test/images_test/59556.jpg,0.6743
59557,,Bracelet,,,A2_FashionDataset/FashionDataset/test/images_test/59557.jpg,0.7419
59558,,Bangle,,,A2_FashionDataset/FashionDataset/test/images_test/59558.jpg,0.9768
59559,,Bangle,,,A2_FashionDataset/FashionDataset/test/images_test/59559.jpg,0.8318
59560,,Bracelet,,,A2_FashionDataset/FashionDataset/test/images_test/59560.jpg,0.7373
59561,,Ring,,,A2_FashionDataset/FashionDataset/test/images_test/59561.jpg,0.7753
59563,,Cufflinks,,,A2_FashionDataset/FashionDataset/test/images_test/59563.jpg,0.3299
59564,,Cufflinks,,,A2_FashionDataset/FashionDataset/test/images_test/59564.jpg,0.9331
59565,,Cufflinks,,,A2_FashionDataset/FashionDataset/test/images_test/59565.jpg,0.8305
59566,,Cufflinks,,,A2_FashionDataset/FashionDataset/test/images_test/59566.jpg,0.9378
59567,,Cufflinks,,,A2_FashionDataset/FashionDataset/test/images_test/59567.jpg,0.9699
59568,,Cufflinks,,,A2_FashionDataset/FashionDataset/test/images_test/59568.jpg,0.8709
59569,,Cufflinks,,,A2_FashionDataset/FashionDataset/test/images_test/59569.jpg,0.9667
59570,,Cufflinks,,,A2_FashionDataset/FashionDataset/test/images_test/59570.jpg,0.9673
59571,,Cufflinks,,,A2_FashionDataset/FashionDataset/test/images_test/59571.jpg,0.9495
59572,,Cufflinks,,,A2_FashionDataset/FashionDataset/test/images_test/59572.jpg,0.9099
59573,,Cufflinks,,,A2_FashionDataset/FashionDataset/test/images_test/59573.jpg,0.9871
59574,,Cufflinks,,,A2_FashionDataset/FashionDataset/test/images_test/59574.jpg,0.9809
59575,,Cufflinks,,,A2_FashionDataset/FashionDataset/test/images_test/59575.jpg,0.969
59576,,Cufflinks,,,A2_FashionDataset/FashionDataset/test/images_test/59576.jpg,0.6874
59577,,Cufflinks,,,A2_FashionDataset/FashionDataset/test/images_test/59577.jpg,0.9693
59578,,Cufflinks,,,A2_FashionDataset/FashionDataset/test/images_test/59578.jpg,0.9043
59579,,Cufflinks,,,A2_FashionDataset/FashionDataset/test/images_test/59579.jpg,0.9397
59580,,Cufflinks,,,A2_FashionDataset/FashionDataset/test/images_test/59580.jpg,0.9903
59581,,Cufflinks,,,A2_FashionDataset/FashionDataset/test/images_test/59581.jpg,0.9804
59582,,Cufflinks,,,A2_FashionDataset/FashionDataset/test/images_test/59582.jpg,0.9571
59583,,Cufflinks,,,A2_FashionDataset/FashionDataset/test/images_test/59583.jpg,0.8145
59584,,Cufflinks,,,A2_FashionDataset/FashionDataset/test/images_test/59584.jpg,0.9807
59585,,Cufflinks,,,A2_FashionDataset/FashionDataset/test/images_test/59585.jpg,0.9383
59586,,Cufflinks,,,A2_FashionDataset/FashionDataset/test/images_test/59586.jpg,0.8286
59587,,Cufflinks,,,A2_FashionDataset/FashionDataset/test/images_test/59587.jpg,0.4834
59589,,Sarees,,,A2_FashionDataset/FashionDataset/test/images_test/59589.jpg,0.7399
59590,,Sarees,,,A2_FashionDataset/FashionDataset/test/images_test/59590.jpg,0.9525
59591,,Sarees,,,A2_FashionDataset/FashionDataset/test/images_test/59591.jpg,0.7134
59592,,Sarees,,,A2_FashionDataset/FashionDataset/test/images_test/59592.jpg,0.4731
59593,,Sarees,,,A2_FashionDataset/FashionDataset/test/images_test/59593.jpg,0.6972
59594,,Sarees,,,A2_FashionDataset/FashionDataset/test/images_test/59594.jpg,0.8549
59595,,Sarees,,,A2_FashionDataset/FashionDataset/test/images_test/59595.jpg,0.4584
59596,,Sarees,,,A2_FashionDataset/FashionDataset/test/images_test/59596.jpg,0.9233
59597,,Sarees,,,A2_FashionDataset/FashionDataset/test/images_test/59597.jpg,0.9027
59598,,Sarees,,,A2_FashionDataset/FashionDataset/test/images_test/59598.jpg,0.2817
59599,,Sarees,,,A2_FashionDataset/FashionDataset/test/images_test/59599.jpg,0.4946
59600,,Sarees,,,A2_FashionDataset/FashionDataset/test/images_test/59600.jpg,0.6282
59601,,Sarees,,,A2_FashionDataset/FashionDataset/test/images_test/59601.jpg,0.6835
59603,,Sarees,,,A2_FashionDataset/FashionDataset/test/images_test/59603.jpg,0.5192
59604,,Sarees,,,A2_FashionDataset/FashionDataset/test/images_test/59604.jpg,0.8099
59606,,Sarees,,,A2_FashionDataset/FashionDataset/test/images_test/59606.jpg,0.4143
59607,,Sarees,,,A2_FashionDataset/FashionDataset/test/images_test/59607.jpg,0.5128
59608,,Sarees,,,A2_FashionDataset/FashionDataset/test/images_test/59608.jpg,0.9615
59609,,Sarees,,,A2_FashionDataset/FashionDataset/test/images_test/59609.jpg,0.9749
59610,,Sarees,,,A2_FashionDataset/FashionDataset/test/images_test/59610.jpg,0.9672
59611,,Sarees,,,A2_FashionDataset/FashionDataset/test/images_test/59611.jpg,0.8687
59612,,Sarees,,,A2_FashionDataset/FashionDataset/test/images_test/59612.jpg,0.8094
59613,,Sarees,,,A2_FashionDataset/FashionDataset/test/images_test/59613.jpg,0.8717
59614,,Sarees,,,A2_FashionDataset/FashionDataset/test/images_test/59614.jpg,0.8989
59615,,Sarees,,,A2_FashionDataset/FashionDataset/test/images_test/59615.jpg,0.4716
59616,,Sarees,,,A2_FashionDataset/FashionDataset/test/images_test/59616.jpg,0.9037
59618,,Sarees,,,A2_FashionDataset/FashionDataset/test/images_test/59618.jpg,0.7457
59619,,Sarees,,,A2_FashionDataset/FashionDataset/test/images_test/59619.jpg,0.5875
59620,,Sarees,,,A2_FashionDataset/FashionDataset/test/images_test/59620.jpg,0.4135
59621,,Sarees,,,A2_FashionDataset/FashionDataset/test/images_test/59621.jpg,0.7581
59622,,Sarees,,,A2_FashionDataset/FashionDataset/test/images_test/59622.jpg,0.3738
59623,,Sarees,,,A2_FashionDataset/FashionDataset/test/images_test/59623.jpg,0.5778
59624,,Sarees,,,A2_FashionDataset/FashionDataset/test/images_test/59624.jpg,0.5694
59625,,Sarees,,,A2_FashionDataset/FashionDataset/test/images_test/59625.jpg,0.8855
59626,,Sarees,,,A2_FashionDataset/FashionDataset/test/images_test/59626.jpg,0.9001
59628,,Sarees,,,A2_FashionDataset/FashionDataset/test/images_test/59628.jpg,0.7699
59630,,Sarees,,,A2_FashionDataset/FashionDataset/test/images_test/59630.jpg,0.7954
59631,,Free Gifts,,,A2_FashionDataset/FashionDataset/test/images_test/59631.jpg,0.4983
59632,,Sarees,,,A2_FashionDataset/FashionDataset/test/images_test/59632.jpg,0.8949
59633,,Sarees,,,A2_FashionDataset/FashionDataset/test/images_test/59633.jpg,0.9147
59634,,Sarees,,,A2_FashionDataset/FashionDataset/test/images_test/59634.jpg,0.865
59635,,Sarees,,,A2_FashionDataset/FashionDataset/test/images_test/59635.jpg,0.9549
59636,,Sarees,,,A2_FashionDataset/FashionDataset/test/images_test/59636.jpg,0.5419
59637,,Sarees,,,A2_FashionDataset/FashionDataset/test/images_test/59637.jpg,0.9117
59638,,Sarees,,,A2_FashionDataset/FashionDataset/test/images_test/59638.jpg,0.9378
59639,,Sarees,,,A2_FashionDataset/FashionDataset/test/images_test/59639.jpg,0.4574
59640,,Sarees,,,A2_FashionDataset/FashionDataset/test/images_test/59640.jpg,0.718
59641,,Sarees,,,A2_FashionDataset/FashionDataset/test/images_test/59641.jpg,0.8153
59642,,Sarees,,,A2_FashionDataset/FashionDataset/test/images_test/59642.jpg,0.9449
59643,,Sarees,,,A2_FashionDataset/FashionDataset/test/images_test/59643.jpg,0.3435
59644,,Sarees,,,A2_FashionDataset/FashionDataset/test/images_test/59644.jpg,0.7702
59645,,Sarees,,,A2_FashionDataset/FashionDataset/test/images_test/59645.jpg,0.7977
59646,,Sarees,,,A2_FashionDataset/FashionDataset/test/images_test/59646.jpg,0.6737
59647,,Sarees,,,A2_FashionDataset/FashionDataset/test/images_test/59647.jpg,0.9396
59648,,Sarees,,,A2_FashionDataset/FashionDataset/test/images_test/59648.jpg,0.9705
59649,,Sarees,,,A2_FashionDataset/FashionDataset/test/images_test/59649.jpg,0.8568
59650,,Sarees,,,A2_FashionDataset/FashionDataset/test/images_test/59650.jpg,0.9714
59651,,Sarees,,,A2_FashionDataset/FashionDataset/test/images_test/59651.jpg,0.7245
59652,,Sarees,,,A2_FashionDataset/FashionDataset/test/images_test/59652.jpg,0.9079
59653,,Sarees,,,A2_FashionDataset/FashionDataset/test/images_test/59653.jpg,0.9827
59654,,Sarees,,,A2_FashionDataset/FashionDataset/test/images_test/59654.jpg,0.6904
59655,,Sarees,,,A2_FashionDataset/FashionDataset/test/images_test/59655.jpg,0.8598
59656,,Sarees,,,A2_FashionDataset/FashionDataset/test/images_test/59656.jpg,0.9303
59657,,Sarees,,,A2_FashionDataset/FashionDataset/test/images_test/59657.jpg,0.8868
59658,,Sarees,,,A2_FashionDataset/FashionDataset/test/images_test/59658.jpg,0.8396
59659,,Kurta Sets,,,A2_FashionDataset/FashionDataset/test/images_test/59659.jpg,0.2205
59660,,Sarees,,,A2_FashionDataset/FashionDataset/test/images_test/59660.jpg,0.9313
59661,,Sarees,,,A2_FashionDataset/FashionDataset/test/images_test/59661.jpg,0.9745
59662,,Sarees,,,A2_FashionDataset/FashionDataset/test/images_test/59662.jpg,0.8604
59663,,Sarees,,,A2_FashionDataset/FashionDataset/test/images_test/59663.jpg,0.9087
59664,,Sarees,,,A2_FashionDataset/FashionDataset/test/images_test/59664.jpg,0.9215
59665,,Sarees,,,A2_FashionDataset/FashionDataset/test/images_test/59665.jpg,0.9251
59666,,Sarees,,,A2_FashionDataset/FashionDataset/test/images_test/59666.jpg,0.8215
59667,,Sarees,,,A2_FashionDataset/FashionDataset/test/images_test/59667.jpg,0.9474
59668,,Sarees,,,A2_FashionDataset/FashionDataset/test/images_test/59668.jpg,0.9528
59669,,Sarees,,,A2_FashionDataset/FashionDataset/test/images_test/59669.jpg,0.9893
59670,,Sarees,,,A2_FashionDataset/FashionDataset/test/images_test/59670.jpg,0.9653
59672,,Sarees,,,A2_FashionDataset/FashionDataset/test/images_test/59672.jpg,0.9873
59673,,Sarees,,,A2_FashionDataset/FashionDataset/test/images_test/59673.jpg,0.7241
59674,,Sarees,,,A2_FashionDataset/FashionDataset/test/images_test/59674.jpg,0.9002
59675,,Heels,,,A2_FashionDataset/FashionDataset/test/images_test/59675.jpg,0.9374
59676,,Heels,,,A2_FashionDataset/FashionDataset/test/images_test/59676.jpg,0.6026
59677,,Briefs,,,A2_FashionDataset/FashionDataset/test/images_test/59677.jpg,0.9818
59678,,Briefs,,,A2_FashionDataset/FashionDataset/test/images_test/59678.jpg,0.8544
59679,,Briefs,,,A2_FashionDataset/FashionDataset/test/images_test/59679.jpg,0.9959
59680,,Briefs,,,A2_FashionDataset/FashionDataset/test/images_test/59680.jpg,0.9962
59681,,Briefs,,,A2_FashionDataset/FashionDataset/test/images_test/59681.jpg,0.962
59682,,Briefs,,,A2_FashionDataset/FashionDataset/test/images_test/59682.jpg,0.9628
59683,,Briefs,,,A2_FashionDataset/FashionDataset/test/images_test/59683.jpg,0.9451
59684,,Briefs,,,A2_FashionDataset/FashionDataset/test/images_test/59684.jpg,0.9897
59685,,Briefs,,,A2_FashionDataset/FashionDataset/test/images_test/59685.jpg,0.9863
59686,,Briefs,,,A2_FashionDataset/FashionDataset/test/images_test/59686.jpg,0.9152
59687,,Briefs,,,A2_FashionDataset/FashionDataset/test/images_test/59687.jpg,0.8494
59688,,Briefs,,,A2_FashionDataset/FashionDataset/test/images_test/59688.jpg,0.9911
59689,,Bra,,,A2_FashionDataset/FashionDataset/test/images_test/59689.jpg,0.9448
59690,,Bra,,,A2_FashionDataset/FashionDataset/test/images_test/59690.jpg,0.9962
59691,,Bra,,,A2_FashionDataset/FashionDataset/test/images_test/59691.jpg,0.9912
59692,,Bra,,,A2_FashionDataset/FashionDataset/test/images_test/59692.jpg,0.971
59693,,Bra,,,A2_FashionDataset/FashionDataset/test/images_test/59693.jpg,0.9786
59694,,Briefs,,,A2_FashionDataset/FashionDataset/test/images_test/59694.jpg,0.9908
59695,,Briefs,,,A2_FashionDataset/FashionDataset/test/images_test/59695.jpg,0.9572
59696,,Briefs,,,A2_FashionDataset/FashionDataset/test/images_test/59696.jpg,0.8057
59697,,Swimwear,,,A2_FashionDataset/FashionDataset/test/images_test/59697.jpg,0.5952
59698,,Dresses,,,A2_FashionDataset/FashionDataset/test/images_test/59698.jpg,0.3527
59699,,Bra,,,A2_FashionDataset/FashionDataset/test/images_test/59699.jpg,0.9427
59700,,Bra,,,A2_FashionDataset/FashionDataset/test/images_test/59700.jpg,0.956
59701,,Briefs,,,A2_FashionDataset/FashionDataset/test/images_test/59701.jpg,0.6851
59702,,Swimwear,,,A2_FashionDataset/FashionDataset/test/images_test/59702.jpg,0.6228
59703,,Briefs,,,A2_FashionDataset/FashionDataset/test/images_test/59703.jpg,0.9274
59704,,Briefs,,,A2_FashionDataset/FashionDataset/test/images_test/59704.jpg,0.8522
59705,,Bra,,,A2_FashionDataset/FashionDataset/test/images_test/59705.jpg,0.9759
59706,,Bra,,,A2_FashionDataset/FashionDataset/test/images_test/59706.jpg,0.9537
59707,,Briefs,,,A2_FashionDataset/FashionDataset/test/images_test/59707.jpg,0.9967
59708,,Briefs,,,A2_FashionDataset/FashionDataset/test/images_test/59708.jpg,0.9862
59709,,Briefs,,,A2_FashionDataset/FashionDataset/test/images_test/59709.jpg,0.9653
59710,,Briefs,,,A2_FashionDataset/FashionDataset/test/images_test/59710.jpg,0.9823
59711,,Briefs,,,A2_FashionDataset/FashionDataset/test/images_test/59711.jpg,0.9391
59712,,Swimwear,,,A2_FashionDataset/FashionDataset/test/images_test/59712.jpg,0.4524
59713,,Swimwear,,,A2_FashionDataset/FashionDataset/test/images_test/59713.jpg,0.1523
59714,,Nightdress,,,A2_FashionDataset/FashionDataset/test/images_test/59714.jpg,0.7742
59715,,Tops,,,A2_FashionDataset/FashionDataset/test/images_test/59715.jpg,0.2698
59716,,Nightdress,,,A2_FashionDataset/FashionDataset/test/images_test/59716.jpg,0.3149
59717,,Bra,,,A2_FashionDataset/FashionDataset/test/images_test/59717.jpg,0.9942
59718,,Bra,,,A2_FashionDataset/FashionDataset/test/images_test/59718.jpg,0.9865
59719,,Bra,,,A2_FashionDataset/FashionDataset/test/images_test/59719.jpg,0.9925
59720,,Bra,,,A2_FashionDataset/FashionDataset/test/images_test/59720.jpg,0.978
59721,,Bra,,,A2_FashionDataset/FashionDataset/test/images_test/59721.jpg,0.9613
59722,,Briefs,,,A2_FashionDataset/FashionDataset/test/images_test/59722.jpg,0.9165
59723,,Bra,,,A2_FashionDataset/FashionDataset/test/images_test/59723.jpg,0.9838
59724,,Bra,,,A2_FashionDataset/FashionDataset/test/images_test/59724.jpg,0.7877
59725,,Bra,,,A2_FashionDataset/FashionDataset/test/images_test/59725.jpg,0.995
59726,,Bra,,,A2_FashionDataset/FashionDataset/test/images_test/59726.jpg,0.9776
59727,,Bra,,,A2_FashionDataset/FashionDataset/test/images_test/59727.jpg,0.961
59728,,Bra,,,A2_FashionDataset/FashionDataset/test/images_test/59728.jpg,0.9829
59729,,Bra,,,A2_FashionDataset/FashionDataset/test/images_test/59729.jpg,0.5346
59730,,Bra,,,A2_FashionDataset/FashionDataset/test/images_test/59730.jpg,0.7218
59731,,Bra,,,A2_FashionDataset/FashionDataset/test/images_test/59731.jpg,0.3249
59732,,Bra,,,A2_FashionDataset/FashionDataset/test/images_test/59732.jpg,0.5517
59733,,Bra,,,A2_FashionDataset/FashionDataset/test/images_test/59733.jpg,0.7849
59734,,Briefs,,,A2_FashionDataset/FashionDataset/test/images_test/59734.jpg,0.9137
59735,,Briefs,,,A2_FashionDataset/FashionDataset/test/images_test/59735.jpg,0.99
59736,,Briefs,,,A2_FashionDataset/FashionDataset/test/images_test/59736.jpg,0.9492
59739,,Bra,,,A2_FashionDataset/FashionDataset/test/images_test/59739.jpg,0.9883
59740,,Bra,,,A2_FashionDataset/FashionDataset/test/images_test/59740.jpg,0.9737
59741,,Bra,,,A2_FashionDataset/FashionDataset/test/images_test/59741.jpg,0.9789
59742,,Briefs,,,A2_FashionDataset/FashionDataset/test/images_test/59742.jpg,0.9519
59743,,Briefs,,,A2_FashionDataset/FashionDataset/test/images_test/59743.jpg,0.988
59744,,Nightdress,,,A2_FashionDataset/FashionDataset/test/images_test/59744.jpg,0.4538
59745,,Dresses,,,A2_FashionDataset/FashionDataset/test/images_test/59745.jpg,0.4388
59746,,Dresses,,,A2_FashionDataset/FashionDataset/test/images_test/59746.jpg,0.2949
59747,,Jumpsuit,,,A2_FashionDataset/FashionDataset/test/images_test/59747.jpg,0.34
59748,,Sarees,,,A2_FashionDataset/FashionDataset/test/images_test/59748.jpg,0.2066
59749,,Sarees,,,A2_FashionDataset/FashionDataset/test/images_test/59749.jpg,0.0947
59750,,Briefs,,,A2_FashionDataset/FashionDataset/test/images_test/59750.jpg,0.8809
59751,,Briefs,,,A2_FashionDataset/FashionDataset/test/images_test/59751.jpg,0.9778
59752,,Briefs,,,A2_FashionDataset/FashionDataset/test/images_test/59752.jpg,0.8852
59753,,Briefs,,,A2_FashionDataset/FashionDataset/test/images_test/59753.jpg,0.9749
59754,,Dresses,,,A2_FashionDataset/FashionDataset/test/images_test/59754.jpg,0.744
59755,,Briefs,,,A2_FashionDataset/FashionDataset/test/images_test/59755.jpg,0.9889
59756,,Swimwear,,,A2_FashionDataset/FashionDataset/test/images_test/59756.jpg,0.7303
59757,,Flats,,,A2_FashionDataset/FashionDataset/test/images_test/59757.jpg,0.5932
59758,,Flats,,,A2_FashionDataset/FashionDataset/test/images_test/59758.jpg,0.6267
59759,,Heels,,,A2_FashionDataset/FashionDataset/test/images_test/59759.jpg,0.6692
59760,,Heels,,,A2_FashionDataset/FashionDataset/test/images_test/59760.jpg,0.5618
59761,,Flats,,,A2_FashionDataset/FashionDataset/test/images_test/59761.jpg,0.667
59762,,Flats,,,A2_FashionDataset/FashionDataset/test/images_test/59762.jpg,0.6259
59763,,Heels,,,A2_FashionDataset/FashionDataset/test/images_test/59763.jpg,0.4543
59764,,Heels,,,A2_FashionDataset/FashionDataset/test/images_test/59764.jpg,0.4085
59765,,Earrings,,,A2_FashionDataset/FashionDataset/test/images_test/59765.jpg,0.9863
59766,,Earrings,,,A2_FashionDataset/FashionDataset/test/images_test/59766.jpg,0.9505
59767,,Earrings,,,A2_FashionDataset/FashionDataset/test/images_test/59767.jpg,0.9874
59768,,Fragrance Gift Set,,,A2_FashionDataset/FashionDataset/test/images_test/59768.jpg,0.244
59769,,Jewellery Set,,,A2_FashionDataset/FashionDataset/test/images_test/59769.jpg,0.789
59770,,Pendant,,,A2_FashionDataset/FashionDataset/test/images_test/59770.jpg,0.8828
59771,,Pendant,,,A2_FashionDataset/FashionDataset/test/images_test/59771.jpg,0.7963
59772,,Jewellery Set,,,A2_FashionDataset/FashionDataset/test/images_test/59772.jpg,0.6693
59773,,Camisoles,,,A2_FashionDataset/FashionDataset/test/images_test/59773.jpg,0.225
59774,,Necklace and Chains,,,A2_FashionDataset/FashionDataset/test/images_test/59774.jpg,0.3975
59775,,Bracelet,,,A2_FashionDataset/FashionDataset/test/images_test/59775.jpg,0.5593
59776,,Bangle,,,A2_FashionDataset/FashionDataset/test/images_test/59776.jpg,0.6216
59777,,Bracelet,,,A2_FashionDataset/FashionDataset/test/images_test/59777.jpg,0.9354
59778,,Bracelet,,,A2_FashionDataset/FashionDataset/test/images_test/59778.jpg,0.8721
59779,,Bracelet,,,A2_FashionDataset/FashionDataset/test/images_test/59779.jpg,0.978
59780,,Bangle,,,A2_FashionDataset/FashionDataset/test/images_test/59780.jpg,0.8678
59781,,Bracelet,,,A2_FashionDataset/FashionDataset/test/images_test/59781.jpg,0.9838
59782,,Bracelet,,,A2_FashionDataset/FashionDataset/test/images_test/59782.jpg,0.7235
59783,,Belts,,,A2_FashionDataset/FashionDataset/test/images_test/59783.jpg,0.2714
59784,,Bracelet,,,A2_FashionDataset/FashionDataset/test/images_test/59784.jpg,0.9532
59794,,Tops,,,A2_FashionDataset/FashionDataset/test/images_test/59794.jpg,0.3606
59795,,Kurtas,,,A2_FashionDataset/FashionDataset/test/images_test/59795.jpg,0.2533
59796,,Tops,,,A2_FashionDataset/FashionDataset/test/images_test/59796.jpg,0.6986
59797,,Tshirts,,,A2_FashionDataset/FashionDataset/test/images_test/59797.jpg,0.8369
59810,,Tshirts,,,A2_FashionDataset/FashionDataset/test/images_test/59810.jpg,0.7663
59811,,Kurtas,,,A2_FashionDataset/FashionDataset/test/images_test/59811.jpg,0.2004
59813,,Trousers,,,A2_FashionDataset/FashionDataset/test/images_test/59813.jpg,0.6058
59814,,Jeans,,,A2_FashionDataset/FashionDataset/test/images_test/59814.jpg,0.5507
59819,,Shirts,,,A2_FashionDataset/FashionDataset/test/images_test/59819.jpg,0.74
59824,,Shirts,,,A2_FashionDataset/FashionDataset/test/images_test/59824.jpg,0.5968
59826,,Shirts,,,A2_FashionDataset/FashionDataset/test/images_test/59826.jpg,0.7383
59827,,Shirts,,,A2_FashionDataset/FashionDataset/test/images_test/59827.jpg,0.7559
59832,,Shirts,,,A2_FashionDataset/FashionDataset/test/images_test/59832.jpg,0.8389
59833,,Shirts,,,A2_FashionDataset/FashionDataset/test/images_test/59833.jpg,0.824
59834,,Shirts,,,A2_FashionDataset/FashionDataset/test/images_test/59834.jpg,0.5427
59838,,Tshirts,,,A2_FashionDataset/FashionDataset/test/images_test/59838.jpg,0.2712
59839,,Perfume and Body Mist,,,A2_FashionDataset/FashionDataset/test/images_test/59839.jpg,0.7651
59851,,Foundation and Primer,,,A2_FashionDataset/FashionDataset/test/images_test/59851.jpg,0.3709
59853,,Perfume and Body Mist,,,A2_FashionDataset/FashionDataset/test/images_test/59853.jpg,0.4069
59856,,Perfume and Body Mist,,,A2_FashionDataset/FashionDataset/test/images_test/59856.jpg,0.1519
59858,,Perfume and Body Mist,,,A2_FashionDataset/FashionDataset/test/images_test/59858.jpg,0.6403
59859,,Foundation and Primer,,,A2_FashionDataset/FashionDataset/test/images_test/59859.jpg,0.263
59860,,Waist Pouch,,,A2_FashionDataset/FashionDataset/test/images_test/59860.jpg,0.2727
59862,,Lounge Shorts,,,A2_FashionDataset/FashionDataset/test/images_test/59862.jpg,0.2635
59863,,Perfume and Body Mist,,,A2_FashionDataset/FashionDataset/test/images_test/59863.jpg,0.6755
59866,,Perfume and Body Mist,,,A2_FashionDataset/FashionDataset/test/images_test/59866.jpg,0.8835
59872,,Tops,,,A2_FashionDataset/FashionDataset/test/images_test/59872.jpg,0.9414
59873,,Skirts,,,A2_FashionDataset/FashionDataset/test/images_test/59873.jpg,0.5923
59874,,Shirts,,,A2_FashionDataset/FashionDataset/test/images_test/59874.jpg,0.4846
59875,,Tops,,,A2_FashionDataset/FashionDataset/test/images_test/59875.jpg,0.869
59876,,Sarees,,,A2_FashionDataset/FashionDataset/test/images_test/59876.jpg,0.6735
59877,,Leggings,,,A2_FashionDataset/FashionDataset/test/images_test/59877.jpg,0.5903
59878,,Shorts,,,A2_FashionDataset/FashionDataset/test/images_test/59878.jpg,0.429
59879,,Leggings,,,A2_FashionDataset/FashionDataset/test/images_test/59879.jpg,0.2882
59880,,Leggings,,,A2_FashionDataset/FashionDataset/test/images_test/59880.jpg,0.5742
59881,,Shorts,,,A2_FashionDataset/FashionDataset/test/images_test/59881.jpg,0.3677
59882,,Tops,,,A2_FashionDataset/FashionDataset/test/images_test/59882.jpg,0.3555
59883,,Tops,,,A2_FashionDataset/FashionDataset/test/images_test/59883.jpg,0.7924
59884,,Tops,,,A2_FashionDataset/FashionDataset/test/images_test/59884.jpg,0.7977
59885,,Tops,,,A2_FashionDataset/FashionDataset/test/images_test/59885.jpg,0.7245
59886,,Tops,,,A2_FashionDataset/FashionDataset/test/images_test/59886.jpg,0.26
59887,,Tops,,,A2_FashionDataset/FashionDataset/test/images_test/59887.jpg,0.8795
59888,,Tops,,,A2_FashionDataset/FashionDataset/test/images_test/59888.jpg,0.9028
59889,,Tops,,,A2_FashionDataset/FashionDataset/test/images_test/59889.jpg,0.2457
59890,,Dresses,,,A2_FashionDataset/FashionDataset/test/images_test/59890.jpg,0.4633
59891,,Shirts,,,A2_FashionDataset/FashionDataset/test/images_test/59891.jpg,0.5736
59892,,Tops,,,A2_FashionDataset/FashionDataset/test/images_test/59892.jpg,0.867
59893,,Shirts,,,A2_FashionDataset/FashionDataset/test/images_test/59893.jpg,0.5119
59894,,Tops,,,A2_FashionDataset/FashionDataset/test/images_test/59894.jpg,0.8149
59895,,Dresses,,,A2_FashionDataset/FashionDataset/test/images_test/59895.jpg,0.4704
59896,,Sarees,,,A2_FashionDataset/FashionDataset/test/images_test/59896.jpg,0.5957
59897,,Sarees,,,A2_FashionDataset/FashionDataset/test/images_test/59897.jpg,0.9787
59898,,Tops,,,A2_FashionDataset/FashionDataset/test/images_test/59898.jpg,0.8822
59900,,Stoles,,,A2_FashionDataset/FashionDataset/test/images_test/59900.jpg,0.3472
59901,,Tops,,,A2_FashionDataset/FashionDataset/test/images_test/59901.jpg,0.2038
59902,,Tops,,,A2_FashionDataset/FashionDataset/test/images_test/59902.jpg,0.4538
59903,,Dupatta,,,A2_FashionDataset/FashionDataset/test/images_test/59903.jpg,0.1783
59904,,Dupatta,,,A2_FashionDataset/FashionDataset/test/images_test/59904.jpg,0.2008
59905,,Nightdress,,,A2_FashionDataset/FashionDataset/test/images_test/59905.jpg,0.0904
59906,,Kurtis,,,A2_FashionDataset/FashionDataset/test/images_test/59906.jpg,0.1826
59907,,Stoles,,,A2_FashionDataset/FashionDataset/test/images_test/59907.jpg,0.2009
59908,,Sarees,,,A2_FashionDataset/FashionDataset/test/images_test/59908.jpg,0.3145
59909,,Dresses,,,A2_FashionDataset/FashionDataset/test/images_test/59909.jpg,0.1832
59910,,Kurtas,,,A2_FashionDataset/FashionDataset/test/images_test/59910.jpg,0.8688
59911,,Kurtas,,,A2_FashionDataset/FashionDataset/test/images_test/59911.jpg,0.3518
59912,,Dresses,,,A2_FashionDataset/FashionDataset/test/images_test/59912.jpg,0.6421
59914,,Kurtas,,,A2_FashionDataset/FashionDataset/test/images_test/59914.jpg,0.7275
59915,,Kurtas,,,A2_FashionDataset/FashionDataset/test/images_test/59915.jpg,0.647
59916,,Kurtas,,,A2_FashionDataset/FashionDataset/test/images_test/59916.jpg,0.8779
59917,,Kurtas,,,A2_FashionDataset/FashionDataset/test/images_test/59917.jpg,0.8617
59918,,Kurtas,,,A2_FashionDataset/FashionDataset/test/images_test/59918.jpg,0.642
59919,,Kurtas,,,A2_FashionDataset/FashionDataset/test/images_test/59919.jpg,0.5662
59920,,Kurtas,,,A2_FashionDataset/FashionDataset/test/images_test/59920.jpg,0.7714
59921,,Kurtas,,,A2_FashionDataset/FashionDataset/test/images_test/59921.jpg,0.8328
59922,,Kurtas,,,A2_FashionDataset/FashionDataset/test/images_test/59922.jpg,0.9211
59923,,Kurtas,,,A2_FashionDataset/FashionDataset/test/images_test/59923.jpg,0.9386
59924,,Kurtis,,,A2_FashionDataset/FashionDataset/test/images_test/59924.jpg,0.4889
59925,,Kurtas,,,A2_FashionDataset/FashionDataset/test/images_test/59925.jpg,0.5397
59926,,Kurtas,,,A2_FashionDataset/FashionDataset/test/images_test/59926.jpg,0.8982
59927,,Kurtas,,,A2_FashionDataset/FashionDataset/test/images_test/59927.jpg,0.6187
59928,,Kurtis,,,A2_FashionDataset/FashionDataset/test/images_test/59928.jpg,0.4413
59929,,Dresses,,,A2_FashionDataset/FashionDataset/test/images_test/59929.jpg,0.858
59930,,Kurtas,,,A2_FashionDataset/FashionDataset/test/images_test/59930.jpg,0.2626
59931,,Kurtas,,,A2_FashionDataset/FashionDataset/test/images_test/59931.jpg,0.9387
59932,,Kurtas,,,A2_FashionDataset/FashionDataset/test/images_test/59932.jpg,0.6294
59933,,Kurtas,,,A2_FashionDataset/FashionDataset/test/images_test/59933.jpg,0.496
59934,,Kurtas,,,A2_FashionDataset/FashionDataset/test/images_test/59934.jpg,0.7677
59935,,Casual Shoes,,,A2_FashionDataset/FashionDataset/test/images_test/59935.jpg,0.9037
59936,,Casual Shoes,,,A2_FashionDataset/FashionDataset/test/images_test/59936.jpg,0.8602
59937,,Casual Shoes,,,A2_FashionDataset/FashionDataset/test/images_test/59937.jpg,0.8795
59938,,Casual Shoes,,,A2_FashionDataset/FashionDataset/test/images_test/59938.jpg,0.8452
59939,,Casual Shoes,,,A2_FashionDataset/FashionDataset/test/images_test/59939.jpg,0.9103
59940,,Casual Shoes,,,A2_FashionDataset/FashionDataset/test/images_test/59940.jpg,0.9134
59941,,Casual Shoes,,,A2_FashionDataset/FashionDataset/test/images_test/59941.jpg,0.9179
59942,,Casual Shoes,,,A2_FashionDataset/FashionDataset/test/images_test/59942.jpg,0.886
59943,,Casual Shoes,,,A2_FashionDataset/FashionDataset/test/images_test/59943.jpg,0.8108
59944,,Casual Shoes,,,A2_FashionDataset/FashionDataset/test/images_test/59944.jpg,0.831
59945,,Casual Shoes,,,A2_FashionDataset/FashionDataset/test/images_test/59945.jpg,0.783
59946,,Deodorant,,,A2_FashionDataset/FashionDataset/test/images_test/59946.jpg,0.3779
59947,,Perfume and Body Mist,,,A2_FashionDataset/FashionDataset/test/images_test/59947.jpg,0.5158
59948,,Deodorant,,,A2_FashionDataset/FashionDataset/test/images_test/59948.jpg,0.9589
59949,,Deodorant,,,A2_FashionDataset/FashionDataset/test/images_test/59949.jpg,0.7259
59950,,Deodorant,,,A2_FashionDataset/FashionDataset/test/images_test/59950.jpg,0.964
59951,,Deodorant,,,A2_FashionDataset/FashionDataset/test/images_test/59951.jpg,0.9343
59961,,Deodorant,,,A2_FashionDataset/FashionDataset/test/images_test/59961.jpg,0.978
59962,,Deodorant,,,A2_FashionDataset/FashionDataset/test/images_test/59962.jpg,0.8957
59963,,Nightdress,,,A2_FashionDataset/FashionDataset/test/images_test/59963.jpg,0.4603
59964,,Jumpsuit,,,A2_FashionDataset/FashionDataset/test/images_test/59964.jpg,0.1446
59965,,Dresses,,,A2_FashionDataset/FashionDataset/test/images_test/59965.jpg,0.3101
59966,,Dresses,,,A2_FashionDataset/FashionDataset/test/images_test/59966.jpg,0.7933
59967,,Kurtas,,,A2_FashionDataset/FashionDataset/test/images_test/59967.jpg,0.4916
59968,,Dresses,,,A2_FashionDataset/FashionDataset/test/images_test/59968.jpg,0.9524
59969,,Dresses,,,A2_FashionDataset/FashionDataset/test/images_test/59969.jpg,0.7146
59970,,Dresses,,,A2_FashionDataset/FashionDataset/test/images_test/59970.jpg,0.5293
59971,,Dresses,,,A2_FashionDataset/FashionDataset/test/images_test/59971.jpg,0.949
59972,,Dresses,,,A2_FashionDataset/FashionDataset/test/images_test/59972.jpg,0.9746
59973,,Dresses,,,A2_FashionDataset/FashionDataset/test/images_test/59973.jpg,0.6864
59974,,Dresses,,,A2_FashionDataset/FashionDataset/test/images_test/59974.jpg,0.8716
59975,,Dresses,,,A2_FashionDataset/FashionDataset/test/images_test/59975.jpg,0.8826
59976,,Dresses,,,A2_FashionDataset/FashionDataset/test/images_test/59976.jpg,0.8017
59977,,Dresses,,,A2_FashionDataset/FashionDataset/test/images_test/59977.jpg,0.9657
59978,,Dresses,,,A2_FashionDataset/FashionDataset/test/images_test/59978.jpg,0.8967
59979,,Dresses,,,A2_FashionDataset/FashionDataset/test/images_test/59979.jpg,0.5741
59980,,Dresses,,,A2_FashionDataset/FashionDataset/test/images_test/59980.jpg,0.9141
59981,,Dresses,,,A2_FashionDataset/FashionDataset/test/images_test/59981.jpg,0.9216
59982,,Dresses,,,A2_FashionDataset/FashionDataset/test/images_test/59982.jpg,0.7693
59983,,Dresses,,,A2_FashionDataset/FashionDataset/test/images_test/59983.jpg,0.8082
59984,,Dresses,,,A2_FashionDataset/FashionDataset/test/images_test/59984.jpg,0.7942
59985,,Dresses,,,A2_FashionDataset/FashionDataset/test/images_test/59985.jpg,0.9244
59986,,Dresses,,,A2_FashionDataset/FashionDataset/test/images_test/59986.jpg,0.9934
59987,,Dresses,,,A2_FashionDataset/FashionDataset/test/images_test/59987.jpg,0.6882
59988,,Dresses,,,A2_FashionDataset/FashionDataset/test/images_test/59988.jpg,0.9846
59989,,Dresses,,,A2_FashionDataset/FashionDataset/test/images_test/59989.jpg,0.3585
59990,,Dresses,,,A2_FashionDataset/FashionDataset/test/images_test/59990.jpg,0.8708
59991,,Dresses,,,A2_FashionDataset/FashionDataset/test/images_test/59991.jpg,0.7727
59992,,Kurtis,,,A2_FashionDataset/FashionDataset/test/images_test/59992.jpg,0.3067
59993,,Dresses,,,A2_FashionDataset/FashionDataset/test/images_test/59993.jpg,0.678
59994,,Dresses,,,A2_FashionDataset/FashionDataset/test/images_test/59994.jpg,0.8294
59995,,Dresses,,,A2_FashionDataset/FashionDataset/test/images_test/59995.jpg,0.4791
59996,,Kurtas,,,A2_FashionDataset/FashionDataset/test/images_test/59996.jpg,0.4249
59998,,Heels,,,A2_FashionDataset/FashionDataset/test/images_test/59998.jpg,0.8922
59999,,Heels,,,A2_FashionDataset/FashionDataset/test/images_test/59999.jpg,0.9187
60000,,Tunics,,,A2_FashionDataset/FashionDataset/test/images_test/60000.jpg,0.3464
